target_name,repeat,split_seed,model,bin,n,cases,mean_pred,obs_rate,obs_rate_lo,obs_rate_hi,prob_min,prob_max
FILD or FILA ADJUDICATED,1,392429752,zebra,0,770,3,0.23269103164416965,0.003896103896103896,0.0013258926936253902,0.011391775387498288,0.11052533634471677,0.2621506127270509
FILD or FILA ADJUDICATED,1,392429752,zebra,1,769,0,0.2881986836855831,0.0,0.0,0.004970565148712315,0.26219562135835695,0.31418714569765976
FILD or FILA ADJUDICATED,1,392429752,zebra,2,770,6,0.3448119279196204,0.007792207792207792,0.0035759904186376326,0.016895203829388215,0.31418727901343046,0.37722891098823874
FILD or FILA ADJUDICATED,1,392429752,zebra,3,769,5,0.41240975808538294,0.006501950585175552,0.002780348414515579,0.015129481166593194,0.3773228513344084,0.44919589166398927
FILD or FILA ADJUDICATED,1,392429752,zebra,4,770,7,0.49682262223336915,0.00909090909090909,0.004410478976495486,0.01864522399383109,0.4492273624574113,0.5481510820845891
FILD or FILA ADJUDICATED,1,392429752,zebra,5,769,10,0.6068222929321775,0.013003901170351105,0.007078545900378475,0.023770548113126753,0.5483671817409786,0.6690088408159459
FILD or FILA ADJUDICATED,1,392429752,zebra,6,769,11,0.7348924804320613,0.014304291287386216,0.008005744470847457,0.025431202429137063,0.6692037362615175,0.7943113857562042
FILD or FILA ADJUDICATED,1,392429752,zebra,7,770,15,0.8517878720656961,0.01948051948051948,0.011840409174050253,0.0318913635746821,0.7944412698398713,0.9070795473665832
FILD or FILA ADJUDICATED,1,392429752,zebra,8,769,17,0.9544107720284262,0.022106631989596878,0.013847378881987714,0.03511668533687256,0.907211618549225,0.9867430920532074
FILD or FILA ADJUDICATED,1,392429752,zebra,9,770,78,0.9968448078190215,0.1012987012987013,0.08192751953281167,0.1246283027208663,0.9869341286892749,1.0
FILD or FILA ADJUDICATED,1,392429752,genomic,0,770,6,0.00025291481123731086,0.007792207792207792,0.0035759904186376326,0.016895203829388215,6.284067542146777e-07,0.0006163151075573445
FILD or FILA ADJUDICATED,1,392429752,genomic,1,769,14,0.0011940844151937617,0.018205461638491547,0.010875078260352153,0.030325427299070243,0.0006163611041695235,0.0018969279289652791
FILD or FILA ADJUDICATED,1,392429752,genomic,2,770,19,0.0028790011935031,0.024675324675324677,0.015852913748522608,0.03821689388941264,0.00190085935069615,0.004022755382165645
FILD or FILA ADJUDICATED,1,392429752,genomic,3,769,13,0.00582714090826118,0.016905071521456438,0.009905619514842359,0.028707033158100748,0.004024634734710831,0.00782218100184019
FILD or FILA ADJUDICATED,1,392429752,genomic,4,770,16,0.010805765676054534,0.02077922077922078,0.012830175613871217,0.033486105857161864,0.007822245586990254,0.014483961823478112
FILD or FILA ADJUDICATED,1,392429752,genomic,5,769,13,0.019607283569202747,0.016905071521456438,0.009905619514842359,0.028707033158100748,0.01448514863753537,0.026022912928212318
FILD or FILA ADJUDICATED,1,392429752,genomic,6,769,15,0.03653727819496228,0.01950585175552666,0.01185585151954993,0.03193250692635176,0.026100553691635168,0.048546095211130555
FILD or FILA ADJUDICATED,1,392429752,genomic,7,770,14,0.06790262610010955,0.01818181818181818,0.010860915582275707,0.030286348444155925,0.04856086925536493,0.09373713695533778
FILD or FILA ADJUDICATED,1,392429752,genomic,8,769,11,0.1412218531746314,0.014304291287386216,0.008005744470847457,0.025431202429137063,0.09375826535442472,0.20787527825287527
FILD or FILA ADJUDICATED,1,392429752,genomic,9,770,31,0.3799236754659592,0.04025974025974026,0.02850566531466099,0.056578246990882944,0.20892116936679478,0.9329105425818488
FILD or FILA ADJUDICATED,1,392429752,combined,0,770,5,0.018753291245338994,0.006493506493506494,0.0027767335367897463,0.01510995198893538,0.0052523040742568534,0.026355460961076427
FILD or FILA ADJUDICATED,1,392429752,combined,1,769,4,0.032900462103476996,0.005201560468140442,0.0020245891497467933,0.013297387544882687,0.026364448205628298,0.04044942458203677
FILD or FILA ADJUDICATED,1,392429752,combined,2,770,5,0.04960919995111477,0.006493506493506494,0.0027767335367897463,0.01510995198893538,0.04049369456819968,0.059267884458000214
FILD or FILA ADJUDICATED,1,392429752,combined,3,769,3,0.07131780112591606,0.0039011703511053317,0.001327618000260774,0.011406505807889416,0.05927176493687747,0.08455242419542239
FILD or FILA ADJUDICATED,1,392429752,combined,4,770,5,0.10082555310211777,0.006493506493506494,0.0027767335367897463,0.01510995198893538,0.08466359089506481,0.11801144584389654
FILD or FILA ADJUDICATED,1,392429752,combined,5,769,13,0.13922460584412197,0.016905071521456438,0.009905619514842359,0.028707033158100748,0.11802649024136569,0.16419039208167144
FILD or FILA ADJUDICATED,1,392429752,combined,6,769,11,0.19563924264813215,0.014304291287386216,0.008005744470847457,0.025431202429137063,0.16430773221247466,0.23132573730204278
FILD or FILA ADJUDICATED,1,392429752,combined,7,770,8,0.2787073243418839,0.01038961038961039,0.005273784940225151,0.020366426752402144,0.2316156974929759,0.33523778561768885
FILD or FILA ADJUDICATED,1,392429752,combined,8,769,16,0.41990115276857465,0.02080624187256177,0.01284691135930053,0.033529299973080455,0.3355596311161838,0.5264828459149797
FILD or FILA ADJUDICATED,1,392429752,combined,9,770,82,0.6661362525099751,0.10649350649350649,0.08662567599181079,0.13026818115107003,0.526691763226929,0.9009210726557463
FILD or FILA ADJUDICATED,2,2018504452,zebra,0,770,2,0.23391888375547326,0.0025974025974025974,0.0007125907061236786,0.009420568652699277,0.11693488945217027,0.26288225037452106
FILD or FILA ADJUDICATED,2,2018504452,zebra,1,769,1,0.28890842576968895,0.0013003901170351106,0.0002295876800841234,0.007328830355107483,0.26294396801422015,0.31613973821529956
FILD or FILA ADJUDICATED,2,2018504452,zebra,2,770,6,0.34598449569977185,0.007792207792207792,0.0035759904186376326,0.016895203829388215,0.31639821665942414,0.3775756027319134
FILD or FILA ADJUDICATED,2,2018504452,zebra,3,769,3,0.4128665726616501,0.0039011703511053317,0.001327618000260774,0.011406505807889416,0.37765921012603326,0.4486888957604662
FILD or FILA ADJUDICATED,2,2018504452,zebra,4,770,7,0.4940553322150811,0.00909090909090909,0.004410478976495486,0.01864522399383109,0.4490041770236082,0.5443327809099153
FILD or FILA ADJUDICATED,2,2018504452,zebra,5,769,10,0.6050925858464694,0.013003901170351105,0.007078545900378475,0.023770548113126753,0.544643072869618,0.6662717204623677
FILD or FILA ADJUDICATED,2,2018504452,zebra,6,769,10,0.7296992419008889,0.013003901170351105,0.007078545900378475,0.023770548113126753,0.6664357679714032,0.7878936645699718
FILD or FILA ADJUDICATED,2,2018504452,zebra,7,770,13,0.8447545164937968,0.016883116883116882,0.009892721428977881,0.028670033875153024,0.7879530148699121,0.8995976361619833
FILD or FILA ADJUDICATED,2,2018504452,zebra,8,769,24,0.9503115332841792,0.031209362808842653,0.02106088189967261,0.0460181525245427,0.8996621190560748,0.9857866911449585
FILD or FILA ADJUDICATED,2,2018504452,zebra,9,770,76,0.996511550946932,0.0987012987012987,0.07958474714757134,0.12180205766150516,0.9858607951392028,1.0
FILD or FILA ADJUDICATED,2,2018504452,genomic,0,770,7,0.027471524904565902,0.00909090909090909,0.004410478976495486,0.01864522399383109,0.006291774879760607,0.04051579591354885
FILD or FILA ADJUDICATED,2,2018504452,genomic,1,769,11,0.052264534362819665,0.014304291287386216,0.008005744470847457,0.025431202429137063,0.04052832546425707,0.06414834030020071
FILD or FILA ADJUDICATED,2,2018504452,genomic,2,770,11,0.0775549514202197,0.014285714285714285,0.007995323688185082,0.025398414171344384,0.06415624818601214,0.09098364233112761
FILD or FILA ADJUDICATED,2,2018504452,genomic,3,769,15,0.10516352023583962,0.01950585175552666,0.01185585151954993,0.03193250692635176,0.09101469917977964,0.11948474066185985
FILD or FILA ADJUDICATED,2,2018504452,genomic,4,770,5,0.1351727106307245,0.006493506493506494,0.0027767335367897463,0.01510995198893538,0.11962552823017017,0.1507067341182957
FILD or FILA ADJUDICATED,2,2018504452,genomic,5,769,13,0.16908191129634634,0.016905071521456438,0.009905619514842359,0.028707033158100748,0.15071345502142713,0.18947731704611276
FILD or FILA ADJUDICATED,2,2018504452,genomic,6,769,20,0.21467258444573858,0.02600780234070221,0.016898117575631134,0.03982950530266702,0.18963310978017098,0.23988244797301983
FILD or FILA ADJUDICATED,2,2018504452,genomic,7,770,18,0.26968424493256626,0.023376623376623377,0.014837136266102694,0.036648162649531836,0.23992242019208954,0.3010343010341323
FILD or FILA ADJUDICATED,2,2018504452,genomic,8,769,17,0.34366083620806015,0.022106631989596878,0.013847378881987714,0.03511668533687256,0.30116789454839693,0.3920701835179438
FILD or FILA ADJUDICATED,2,2018504452,genomic,9,770,35,0.47824493665411877,0.045454545454545456,0.03286247903771407,0.06255946815703275,0.3922039213287329,0.6955531050539315
FILD or FILA ADJUDICATED,2,2018504452,combined,0,770,8,0.017755393211218995,0.01038961038961039,0.005273784940225151,0.020366426752402144,0.005662059492303243,0.02523165578612105
FILD or FILA ADJUDICATED,2,2018504452,combined,1,769,2,0.03188733782228177,0.002600780234070221,0.0007135177289523901,0.009432753192718508,0.02523842526196193,0.03842032335059231
FILD or FILA ADJUDICATED,2,2018504452,combined,2,770,4,0.046229169628843166,0.005194805194805195,0.0020219574690050306,0.013280219334419372,0.03843178428067748,0.05420724481958826
FILD or FILA ADJUDICATED,2,2018504452,combined,3,769,1,0.06340684478170575,0.0013003901170351106,0.0002295876800841234,0.007328830355107483,0.054250945135239106,0.07316341748486913
FILD or FILA ADJUDICATED,2,2018504452,combined,4,770,10,0.08512657014308239,0.012987012987012988,0.007069333631553706,0.02373989550567504,0.07318460705345511,0.09773807717087196
FILD or FILA ADJUDICATED,2,2018504452,combined,5,769,9,0.1124174504984095,0.011703511053315995,0.006169270449727107,0.022091970677298834,0.09775967088932466,0.12876082757487117
FILD or FILA ADJUDICATED,2,2018504452,combined,6,769,12,0.15000534383258893,0.015604681404421327,0.008948690331271528,0.027076109455192295,0.12882563573667205,0.1739520655410055
FILD or FILA ADJUDICATED,2,2018504452,combined,7,770,12,0.20400954421514708,0.015584415584415584,0.008937040176158829,0.027041206405671363,0.17398601156081805,0.23966845042749654
FILD or FILA ADJUDICATED,2,2018504452,combined,8,769,20,0.2949532157554622,0.02600780234070221,0.016898117575631134,0.03982950530266702,0.23969022834302867,0.36965618629831554
FILD or FILA ADJUDICATED,2,2018504452,combined,9,770,74,0.5336227085823955,0.09610389610389611,0.07724637265453546,0.1189714147099396,0.3699709347584942,0.8497372704708392
FILD or FILA ADJUDICATED,3,1899814237,zebra,0,770,2,0.23303613312477445,0.0025974025974025974,0.0007125907061236786,0.009420568652699277,0.11693488945217027,0.26394614122094723
FILD or FILA ADJUDICATED,3,1899814237,zebra,1,769,1,0.28997569087055514,0.0013003901170351106,0.0002295876800841234,0.007328830355107483,0.2639566616625108,0.3174026800969446
FILD or FILA ADJUDICATED,3,1899814237,zebra,2,770,5,0.34869954776364975,0.006493506493506494,0.0027767335367897463,0.01510995198893538,0.31742670910912385,0.3816750835960774
FILD or FILA ADJUDICATED,3,1899814237,zebra,3,769,4,0.41720792006316576,0.005201560468140442,0.0020245891497467933,0.013297387544882687,0.38170725489780355,0.4544916186584812
FILD or FILA ADJUDICATED,3,1899814237,zebra,4,770,6,0.49862520979743546,0.007792207792207792,0.0035759904186376326,0.016895203829388215,0.4545530017860116,0.5497147348492648
FILD or FILA ADJUDICATED,3,1899814237,zebra,5,769,10,0.6102761419113812,0.013003901170351105,0.007078545900378475,0.023770548113126753,0.5499397181327736,0.6717461495808702
FILD or FILA ADJUDICATED,3,1899814237,zebra,6,769,12,0.7380353912953836,0.015604681404421327,0.008948690331271528,0.027076109455192295,0.6718066921196233,0.797723185961675
FILD or FILA ADJUDICATED,3,1899814237,zebra,7,770,10,0.8516578526317481,0.012987012987012988,0.007069333631553706,0.02373989550567504,0.7978065925619674,0.9063842439094912
FILD or FILA ADJUDICATED,3,1899814237,zebra,8,769,23,0.9533527536190294,0.02990897269180754,0.02001129965969971,0.04447988187803632,0.9070441280989898,0.9869897666026505
FILD or FILA ADJUDICATED,3,1899814237,zebra,9,770,79,0.9968992789600779,0.1025974025974026,0.0831005084064421,0.12603982256953655,0.9870121157007241,1.0
FILD or FILA ADJUDICATED,3,1899814237,genomic,0,770,11,0.0015174941745838136,0.014285714285714285,0.007995323688185082,0.025398414171344384,3.866006110277047e-05,0.0030360332678569754
FILD or FILA ADJUDICATED,3,1899814237,genomic,1,769,10,0.0049096184713658345,0.013003901170351105,0.007078545900378475,0.023770548113126753,0.0030376016937511737,0.007176190197034154
FILD or FILA ADJUDICATED,3,1899814237,genomic,2,770,16,0.009922482288369727,0.02077922077922078,0.012830175613871217,0.033486105857161864,0.007178531040441993,0.012878141682634665
FILD or FILA ADJUDICATED,3,1899814237,genomic,3,769,11,0.016905399625213736,0.014304291287386216,0.008005744470847457,0.025431202429137063,0.01289006437009005,0.0215203768932001
FILD or FILA ADJUDICATED,3,1899814237,genomic,4,770,15,0.027270253576719576,0.01948051948051948,0.011840409174050253,0.0318913635746821,0.021539931511114024,0.03366556601902394
FILD or FILA ADJUDICATED,3,1899814237,genomic,5,769,15,0.042220238197500135,0.01950585175552666,0.01185585151954993,0.03193250692635176,0.033672259173888615,0.05250359337148108
FILD or FILA ADJUDICATED,3,1899814237,genomic,6,769,20,0.06536993627287618,0.02600780234070221,0.016898117575631134,0.03982950530266702,0.052518025196760944,0.08150220370165184
FILD or FILA ADJUDICATED,3,1899814237,genomic,7,770,20,0.10634696150404478,0.025974025974025976,0.016876091691355087,0.03977822466888089,0.08152159928433475,0.13427717570709502
FILD or FILA ADJUDICATED,3,1899814237,genomic,8,769,20,0.17633770673805435,0.02600780234070221,0.016898117575631134,0.03982950530266702,0.1343701922334889,0.23382894352537323
FILD or FILA ADJUDICATED,3,1899814237,genomic,9,770,14,0.3918909706657059,0.01818181818181818,0.010860915582275707,0.030286348444155925,0.23393144879851022,0.9157817913254778
FILD or FILA ADJUDICATED,3,1899814237,combined,0,770,2,0.024046416146679937,0.0025974025974025974,0.0007125907061236786,0.009420568652699277,0.008489027129552327,0.03220520927703474
FILD or FILA ADJUDICATED,3,1899814237,combined,1,769,4,0.04058489671037464,0.005201560468140442,0.0020245891497467933,0.013297387544882687,0.03221817124475574,0.048676940784965914
FILD or FILA ADJUDICATED,3,1899814237,combined,2,770,1,0.05798685979555716,0.0012987012987012987,0.00022928946639889794,0.007319361170123334,0.04869411333649369,0.06782505763137543
FILD or FILA ADJUDICATED,3,1899814237,combined,3,769,9,0.0811813411795133,0.011703511053315995,0.006169270449727107,0.022091970677298834,0.06783209533299969,0.09518418654238359
FILD or FILA ADJUDICATED,3,1899814237,combined,4,770,6,0.11122612272021518,0.007792207792207792,0.0035759904186376326,0.016895203829388215,0.09524562283079235,0.12786689351622796
FILD or FILA ADJUDICATED,3,1899814237,combined,5,769,7,0.14847118118813457,0.009102730819245773,0.004416223152723785,0.01866931220134357,0.12796240368421968,0.17121648060683792
FILD or FILA ADJUDICATED,3,1899814237,combined,6,769,12,0.19780179108883533,0.015604681404421327,0.008948690331271528,0.027076109455192295,0.17135320404531912,0.22692136916099384
FILD or FILA ADJUDICATED,3,1899814237,combined,7,770,13,0.26240936626932965,0.016883116883116882,0.009892721428977881,0.028670033875153024,0.22706835872162193,0.30182666403093494
FILD or FILA ADJUDICATED,3,1899814237,combined,8,769,25,0.3597222268876853,0.032509752925877766,0.0221158152388249,0.04755107207186972,0.30186464888770903,0.4313957402688434
FILD or FILA ADJUDICATED,3,1899814237,combined,9,770,73,0.5742016655256921,0.09480519480519481,0.07607888344397429,0.11755439519820005,0.431695504131871,0.8226312135699733
FILD or FILA ADJUDICATED,4,999367164,zebra,0,770,2,0.23384593204984927,0.0025974025974025974,0.0007125907061236786,0.009420568652699277,0.11693488945217027,0.26323521063489164
FILD or FILA ADJUDICATED,4,999367164,zebra,1,769,2,0.2885138726421801,0.002600780234070221,0.0007135177289523901,0.009432753192718508,0.26324492198132515,0.3149090509818816
FILD or FILA ADJUDICATED,4,999367164,zebra,2,770,5,0.34463354671918767,0.006493506493506494,0.0027767335367897463,0.01510995198893538,0.31491842641557827,0.37691177527654185
FILD or FILA ADJUDICATED,4,999367164,zebra,3,769,4,0.413470907101839,0.005201560468140442,0.0020245891497467933,0.013297387544882687,0.37696740349922486,0.45075886121043207
FILD or FILA ADJUDICATED,4,999367164,zebra,4,770,5,0.49722739214688433,0.006493506493506494,0.0027767335367897463,0.01510995198893538,0.45083079522227326,0.5481119085210974
FILD or FILA ADJUDICATED,4,999367164,zebra,5,769,6,0.6070962939026165,0.007802340702210663,0.003580646807040671,0.016917035660547395,0.5481119570964046,0.6673312960617217
FILD or FILA ADJUDICATED,4,999367164,zebra,6,769,10,0.7303826294322171,0.013003901170351105,0.007078545900378475,0.023770548113126753,0.667472323407029,0.7883002137996314
FILD or FILA ADJUDICATED,4,999367164,zebra,7,770,16,0.8448401559091845,0.02077922077922078,0.012830175613871217,0.033486105857161864,0.7889768531409792,0.8986589376850554
FILD or FILA ADJUDICATED,4,999367164,zebra,8,769,24,0.950437073876515,0.031209362808842653,0.02106088189967261,0.0460181525245427,0.898678320073587,0.9860089016090301
FILD or FILA ADJUDICATED,4,999367164,zebra,9,770,78,0.9965703494065299,0.1012987012987013,0.08192751953281167,0.1246283027208663,0.9860131772949529,1.0
FILD or FILA ADJUDICATED,4,999367164,genomic,0,770,8,0.08162376450708582,0.01038961038961039,0.005273784940225151,0.020366426752402144,0.03463944172682437,0.09893149551937419
FILD or FILA ADJUDICATED,4,999367164,genomic,1,769,12,0.11105265200143495,0.015604681404421327,0.008948690331271528,0.027076109455192295,0.09896996705790544,0.12257297622619326
FILD or FILA ADJUDICATED,4,999367164,genomic,2,770,10,0.1321669306366217,0.012987012987012988,0.007069333631553706,0.02373989550567504,0.12258854694273691,0.14160444160608182
FILD or FILA ADJUDICATED,4,999367164,genomic,3,769,11,0.15124461777146864,0.014304291287386216,0.008005744470847457,0.025431202429137063,0.14161954668902396,0.16014898531127275
FILD or FILA ADJUDICATED,4,999367164,genomic,4,770,12,0.1678442120561421,0.015584415584415584,0.008937040176158829,0.027041206405671363,0.16016403882728278,0.17527030796277782
FILD or FILA ADJUDICATED,4,999367164,genomic,5,769,12,0.1826351288213828,0.015604681404421327,0.008948690331271528,0.027076109455192295,0.17533203545172496,0.1900291112085655
FILD or FILA ADJUDICATED,4,999367164,genomic,6,769,12,0.19658711486048358,0.015604681404421327,0.008948690331271528,0.027076109455192295,0.1900406368468925,0.2031508459922819
FILD or FILA ADJUDICATED,4,999367164,genomic,7,770,18,0.2114241722765184,0.023376623376623377,0.014837136266102694,0.036648162649531836,0.2031603643310048,0.22011277167295157
FILD or FILA ADJUDICATED,4,999367164,genomic,8,769,22,0.2323132303858581,0.02860858257477243,0.01896739582103829,0.04293593283021844,0.22012648561755285,0.24758092057847736
FILD or FILA ADJUDICATED,4,999367164,genomic,9,770,35,0.266761291215252,0.045454545454545456,0.03286247903771407,0.06255946815703275,0.2476252678176224,0.29983778709646497
FILD or FILA ADJUDICATED,4,999367164,combined,0,770,1,0.03700844524785108,0.0012987012987012987,0.00022928946639889794,0.007319361170123334,0.022597244871359706,0.04282207760583887
FILD or FILA ADJUDICATED,4,999367164,combined,1,769,4,0.047397714052518455,0.005201560468140442,0.0020245891497467933,0.013297387544882687,0.042839403987510426,0.052225115203492475
FILD or FILA ADJUDICATED,4,999367164,combined,2,770,5,0.06090420501106535,0.006493506493506494,0.0027767335367897463,0.01510995198893538,0.05223511289040327,0.07393747344677677
FILD or FILA ADJUDICATED,4,999367164,combined,3,769,4,0.08997073993493121,0.005201560468140442,0.0020245891497467933,0.013297387544882687,0.07399558065235774,0.10358261015973101
FILD or FILA ADJUDICATED,4,999367164,combined,4,770,5,0.11347228071507227,0.006493506493506494,0.0027767335367897463,0.01510995198893538,0.10360024382236041,0.12305273986321034
FILD or FILA ADJUDICATED,4,999367164,combined,5,769,6,0.13152760816279543,0.007802340702210663,0.003580646807040671,0.016917035660547395,0.12308040824149466,0.14011796087337347
FILD or FILA ADJUDICATED,4,999367164,combined,6,769,12,0.14830323345584426,0.015604681404421327,0.008948690331271528,0.027076109455192295,0.14012445647793606,0.15757458029983362
FILD or FILA ADJUDICATED,4,999367164,combined,7,770,9,0.1694985744288944,0.011688311688311689,0.006161243000312308,0.022063477414615715,0.15757700727494087,0.18364702112487769
FILD or FILA ADJUDICATED,4,999367164,combined,8,769,21,0.2016542855831284,0.027308192457737322,0.017929533535624646,0.041385942229152796,0.18369907512716238,0.22418743735264993
FILD or FILA ADJUDICATED,4,999367164,combined,9,770,85,0.27833441324794933,0.11038961038961038,0.09015980224910894,0.13448758106067407,0.22421714075323712,0.4394329392861813
FILD or FILA ADJUDICATED,5,1716593074,zebra,0,770,3,0.23180473418556719,0.003896103896103896,0.0013258926936253902,0.011391775387498288,0.11052533634471677,0.260816983501809
FILD or FILA ADJUDICATED,5,1716593074,zebra,1,769,0,0.2856163159241735,0.0,0.0,0.004970565148712315,0.2608829204776901,0.3109339695896071
FILD or FILA ADJUDICATED,5,1716593074,zebra,2,770,6,0.34002651929894834,0.007792207792207792,0.0035759904186376326,0.016895203829388215,0.310953161005303,0.37205216498212695
FILD or FILA ADJUDICATED,5,1716593074,zebra,3,769,7,0.40608698414544436,0.009102730819245773,0.004416223152723785,0.01866931220134357,0.3720668497622141,0.4433135952597464
FILD or FILA ADJUDICATED,5,1716593074,zebra,4,770,7,0.48774942418727707,0.00909090909090909,0.004410478976495486,0.01864522399383109,0.4433498042527666,0.534257599577827
FILD or FILA ADJUDICATED,5,1716593074,zebra,5,769,7,0.5971812481965608,0.009102730819245773,0.004416223152723785,0.01866931220134357,0.5345661067848602,0.6616977521600221
FILD or FILA ADJUDICATED,5,1716593074,zebra,6,769,8,0.7279024676795166,0.010403120936280884,0.005280654829476248,0.0203927334110704,0.6617424807598203,0.7879530148699121
FILD or FILA ADJUDICATED,5,1716593074,zebra,7,770,11,0.8459658911847731,0.014285714285714285,0.007995323688185082,0.025398414171344384,0.7880581022030267,0.9017046954302406
FILD or FILA ADJUDICATED,5,1716593074,zebra,8,769,26,0.9510134792666883,0.033810143042912875,0.02317580344494089,0.04907893675223302,0.9025689321917897,0.9859879776718901
FILD or FILA ADJUDICATED,5,1716593074,zebra,9,770,77,0.9966185223313926,0.1,0.08075559305709225,0.12321572047428499,0.9860122135494251,1.0
FILD or FILA ADJUDICATED,5,1716593074,genomic,0,770,11,0.006542342020132184,0.014285714285714285,0.007995323688185082,0.025398414171344384,0.0008269531560300113,0.0100409650835534
FILD or FILA ADJUDICATED,5,1716593074,genomic,1,769,13,0.013499816748272137,0.016905071521456438,0.009905619514842359,0.028707033158100748,0.010045308659901503,0.01698330064899901
FILD or FILA ADJUDICATED,5,1716593074,genomic,2,770,9,0.0209662728086078,0.011688311688311689,0.006161243000312308,0.022063477414615715,0.01700047168268043,0.025188554777149968
FILD or FILA ADJUDICATED,5,1716593074,genomic,3,769,13,0.030537694409887028,0.016905071521456438,0.009905619514842359,0.028707033158100748,0.02519171620735938,0.03641007820036387
FILD or FILA ADJUDICATED,5,1716593074,genomic,4,770,18,0.04347302032070933,0.023376623376623377,0.014837136266102694,0.036648162649531836,0.03644266698749038,0.05106368363761624
FILD or FILA ADJUDICATED,5,1716593074,genomic,5,769,21,0.06073719500600482,0.027308192457737322,0.017929533535624646,0.041385942229152796,0.05111376187075161,0.07206756242241642
FILD or FILA ADJUDICATED,5,1716593074,genomic,6,769,19,0.08647064443521758,0.0247074122236671,0.01587360135768905,0.03826616863412981,0.07212754210815761,0.10274447049206885
FILD or FILA ADJUDICATED,5,1716593074,genomic,7,770,14,0.12548468871474175,0.01818181818181818,0.010860915582275707,0.030286348444155925,0.10278387192432596,0.15336350640684535
FILD or FILA ADJUDICATED,5,1716593074,genomic,8,769,16,0.19405346657801342,0.02080624187256177,0.01284691135930053,0.033529299973080455,0.15339540155411768,0.2475282981793905
FILD or FILA ADJUDICATED,5,1716593074,genomic,9,770,18,0.3872349912962632,0.023376623376623377,0.014837136266102694,0.036648162649531836,0.2478278344016708,0.8361362882230468
FILD or FILA ADJUDICATED,5,1716593074,combined,0,770,2,0.012807750789280793,0.0025974025974025974,0.0007125907061236786,0.009420568652699277,0.0028824267599643623,0.017707537379417024
FILD or FILA ADJUDICATED,5,1716593074,combined,1,769,3,0.022406524713770637,0.0039011703511053317,0.001327618000260774,0.011406505807889416,0.017727249765806537,0.027549021450910913
FILD or FILA ADJUDICATED,5,1716593074,combined,2,770,4,0.0332026732598127,0.005194805194805195,0.0020219574690050306,0.013280219334419372,0.027559721717617558,0.039302943840070104
FILD or FILA ADJUDICATED,5,1716593074,combined,3,769,5,0.047240960583906345,0.006501950585175552,0.002780348414515579,0.015129481166593194,0.03930804667315903,0.056633721366422474
FILD or FILA ADJUDICATED,5,1716593074,combined,4,770,10,0.06738590799926307,0.012987012987012988,0.007069333631553706,0.02373989550567504,0.05673735226685706,0.0792017199370122
FILD or FILA ADJUDICATED,5,1716593074,combined,5,769,7,0.09389671350025419,0.009102730819245773,0.004416223152723785,0.01866931220134357,0.07920906047277392,0.11020794195574402
FILD or FILA ADJUDICATED,5,1716593074,combined,6,769,12,0.13129972620227406,0.015604681404421327,0.008948690331271528,0.027076109455192295,0.11026213785199573,0.15411119414285165
FILD or FILA ADJUDICATED,5,1716593074,combined,7,770,18,0.18550067336031234,0.023376623376623377,0.014837136266102694,0.036648162649531836,0.15427815927218372,0.2205254755928661
FILD or FILA ADJUDICATED,5,1716593074,combined,8,769,22,0.2714070214260154,0.02860858257477243,0.01896739582103829,0.04293593283021844,0.22106666561921973,0.3354835100500011
FILD or FILA ADJUDICATED,5,1716593074,combined,9,770,69,0.48603071053526276,0.08961038961038961,0.07142073783803138,0.11187450591494005,0.33553361268609955,0.9088334930167051
FILD or FILA ADJUDICATED,6,1452511707,zebra,0,770,3,0.23304845743720795,0.003896103896103896,0.0013258926936253902,0.011391775387498288,0.11052533634471677,0.26192651739885753
FILD or FILA ADJUDICATED,6,1452511707,zebra,1,769,1,0.2868313602565203,0.0013003901170351106,0.0002295876800841234,0.007328830355107483,0.26204427209140113,0.3134570424472098
FILD or FILA ADJUDICATED,6,1452511707,zebra,2,770,2,0.3435547864035881,0.0025974025974025974,0.0007125907061236786,0.009420568652699277,0.3134907084506088,0.37623856999212185
FILD or FILA ADJUDICATED,6,1452511707,zebra,3,769,5,0.4095213849501055,0.006501950585175552,0.002780348414515579,0.015129481166593194,0.3762924089016528,0.44603710104776834
FILD or FILA ADJUDICATED,6,1452511707,zebra,4,770,9,0.492727380405207,0.011688311688311689,0.006161243000312308,0.022063477414615715,0.4460755764347732,0.5440953606750395
FILD or FILA ADJUDICATED,6,1452511707,zebra,5,769,12,0.605412552883741,0.015604681404421327,0.008948690331271528,0.027076109455192295,0.5443327809099153,0.6700763923966143
FILD or FILA ADJUDICATED,6,1452511707,zebra,6,769,10,0.7347584158865839,0.013003901170351105,0.007078545900378475,0.023770548113126753,0.6703025118052282,0.7923845014767011
FILD or FILA ADJUDICATED,6,1452511707,zebra,7,770,12,0.845835431603943,0.015584415584415584,0.008937040176158829,0.027041206405671363,0.7931774164190927,0.8971019991461752
FILD or FILA ADJUDICATED,6,1452511707,zebra,8,769,19,0.9471946241981722,0.0247074122236671,0.01587360135768905,0.03826616863412981,0.8971838605247259,0.9841838380724436
FILD or FILA ADJUDICATED,6,1452511707,zebra,9,770,79,0.9960152364537487,0.1025974025974026,0.0831005084064421,0.12603982256953655,0.9842142051873419,1.0
FILD or FILA ADJUDICATED,6,1452511707,genomic,0,770,12,0.07875337344804657,0.015584415584415584,0.008937040176158829,0.027041206405671363,0.017532164076169775,0.10962229186227421
FILD or FILA ADJUDICATED,6,1452511707,genomic,1,769,9,0.13382849302827507,0.011703511053315995,0.006169270449727107,0.022091970677298834,0.10964046302606162,0.15697104779734755
FILD or FILA ADJUDICATED,6,1452511707,genomic,2,770,8,0.17958022032759,0.01038961038961039,0.005273784940225151,0.020366426752402144,0.15706712359576988,0.20357048580730597
FILD or FILA ADJUDICATED,6,1452511707,genomic,3,769,13,0.22510320596950398,0.016905071521456438,0.009905619514842359,0.028707033158100748,0.20362305985135168,0.24633843471138925
FILD or FILA ADJUDICATED,6,1452511707,genomic,4,770,21,0.2675837362334463,0.02727272727272727,0.017906160074157684,0.04133266500837901,0.2464207447275043,0.289009222111147
FILD or FILA ADJUDICATED,6,1452511707,genomic,5,769,20,0.3111882980866336,0.02600780234070221,0.016898117575631134,0.03982950530266702,0.28902510954753763,0.33302769687729405
FILD or FILA ADJUDICATED,6,1452511707,genomic,6,769,12,0.35396412692884394,0.015604681404421327,0.008948690331271528,0.027076109455192295,0.3331305678315586,0.3759080785817877
FILD or FILA ADJUDICATED,6,1452511707,genomic,7,770,16,0.39946297020178456,0.02077922077922078,0.012830175613871217,0.033486105857161864,0.37591788641395646,0.42336933215501843
FILD or FILA ADJUDICATED,6,1452511707,genomic,8,769,12,0.4532348603809149,0.015604681404421327,0.008948690331271528,0.027076109455192295,0.42350674037137626,0.4861438740333999
FILD or FILA ADJUDICATED,6,1452511707,genomic,9,770,29,0.5406709476686422,0.03766233766233766,0.02634909255576484,0.05356580230517764,0.48622123875398987,0.6931526693130222
FILD or FILA ADJUDICATED,6,1452511707,combined,0,770,2,0.014060349917726384,0.0025974025974025974,0.0007125907061236786,0.009420568652699277,0.007561044880818337,0.017755363690278664
FILD or FILA ADJUDICATED,6,1452511707,combined,1,769,3,0.021356118296733576,0.0039011703511053317,0.001327618000260774,0.011406505807889416,0.017766980108649768,0.025813247037404015
FILD or FILA ADJUDICATED,6,1452511707,combined,2,770,6,0.03140650893534915,0.007792207792207792,0.0035759904186376326,0.016895203829388215,0.025813355480085613,0.0370489552744392
FILD or FILA ADJUDICATED,6,1452511707,combined,3,769,9,0.04265915361499563,0.011703511053315995,0.006169270449727107,0.022091970677298834,0.03705963082509763,0.048219985811892276
FILD or FILA ADJUDICATED,6,1452511707,combined,4,770,5,0.05457341180942558,0.006493506493506494,0.0027767335367897463,0.01510995198893538,0.04823509311416347,0.06119004070093103
FILD or FILA ADJUDICATED,6,1452511707,combined,5,769,6,0.06902995169878047,0.007802340702210663,0.003580646807040671,0.016917035660547395,0.061208578660739456,0.07785016522857334
FILD or FILA ADJUDICATED,6,1452511707,combined,6,769,9,0.08861343779527792,0.011703511053315995,0.006169270449727107,0.022091970677298834,0.07788252640747606,0.10072277055644506
FILD or FILA ADJUDICATED,6,1452511707,combined,7,770,15,0.11892223394434089,0.01948051948051948,0.011840409174050253,0.0318913635746821,0.10085990176669939,0.141161896662329
FILD or FILA ADJUDICATED,6,1452511707,combined,8,769,24,0.176685791349474,0.031209362808842653,0.02106088189967261,0.0460181525245427,0.14116440556812357,0.22450564294294698
FILD or FILA ADJUDICATED,6,1452511707,combined,9,770,73,0.32609400734480615,0.09480519480519481,0.07607888344397429,0.11755439519820005,0.22461730278218234,0.6323000151308792
FILD or FILA ADJUDICATED,7,2065650435,zebra,0,770,2,0.2335970602726884,0.0025974025974025974,0.0007125907061236786,0.009420568652699277,0.11052533634471677,0.26161440000752656
FILD or FILA ADJUDICATED,7,2065650435,zebra,1,769,1,0.2867709403340467,0.0013003901170351106,0.0002295876800841234,0.007328830355107483,0.2616884930296223,0.31173266061856664
FILD or FILA ADJUDICATED,7,2065650435,zebra,2,770,3,0.34268007015506846,0.003896103896103896,0.0013258926936253902,0.011391775387498288,0.31181579071411564,0.37605806753507426
FILD or FILA ADJUDICATED,7,2065650435,zebra,3,769,4,0.409833487845522,0.005201560468140442,0.0020245891497467933,0.013297387544882687,0.37606160153816026,0.4461954973729872
FILD or FILA ADJUDICATED,7,2065650435,zebra,4,770,6,0.49026454940739084,0.007792207792207792,0.0035759904186376326,0.016895203829388215,0.4462515041290735,0.5412345068279721
FILD or FILA ADJUDICATED,7,2065650435,zebra,5,769,11,0.6001142051928301,0.014304291287386216,0.008005744470847457,0.025431202429137063,0.5413674023351235,0.6630148547834747
FILD or FILA ADJUDICATED,7,2065650435,zebra,6,769,13,0.7322470713769569,0.016905071521456438,0.009905619514842359,0.028707033158100748,0.6635610066940673,0.7933931341101216
FILD or FILA ADJUDICATED,7,2065650435,zebra,7,770,12,0.8492327804814247,0.015584415584415584,0.008937040176158829,0.027041206405671363,0.7936409735970521,0.9025379816417298
FILD or FILA ADJUDICATED,7,2065650435,zebra,8,769,20,0.9530852140522961,0.02600780234070221,0.016898117575631134,0.03982950530266702,0.9026265878413079,0.9869404095019643
FILD or FILA ADJUDICATED,7,2065650435,zebra,9,770,80,0.9968300814628188,0.1038961038961039,0.0842745420698438,0.1274502976284356,0.9869461498123293,1.0
FILD or FILA ADJUDICATED,7,2065650435,genomic,0,770,13,5.02541686133095e-07,0.016883116883116882,0.009892721428977881,0.028670033875153024,2.055496831191966e-09,1.215538011020031e-06
FILD or FILA ADJUDICATED,7,2065650435,genomic,1,769,13,2.5769543708705838e-06,0.016905071521456438,0.009905619514842359,0.028707033158100748,1.2164354219876465e-06,4.407325960803635e-06
FILD or FILA ADJUDICATED,7,2065650435,genomic,2,770,7,7.3794116975982784e-06,0.00909090909090909,0.004410478976495486,0.01864522399383109,4.41179423357442e-06,1.0865514551739765e-05
FILD or FILA ADJUDICATED,7,2065650435,genomic,3,769,11,1.6560464789342634e-05,0.014304291287386216,0.008005744470847457,0.025431202429137063,1.0869556338970491e-05,2.424156051064512e-05
FILD or FILA ADJUDICATED,7,2065650435,genomic,4,770,18,3.6550355129974934e-05,0.023376623376623377,0.014837136266102694,0.036648162649531836,2.4251302967611287e-05,5.393308667722351e-05
FILD or FILA ADJUDICATED,7,2065650435,genomic,5,769,20,8.106046735616596e-05,0.02600780234070221,0.016898117575631134,0.03982950530266702,5.3949405058569376e-05,0.00011868043623625207
FILD or FILA ADJUDICATED,7,2065650435,genomic,6,769,19,0.00018839255828300734,0.0247074122236671,0.01587360135768905,0.03826616863412981,0.0001187431262430399,0.0002859430817832574
FILD or FILA ADJUDICATED,7,2065650435,genomic,7,770,19,0.00047810742626912706,0.024675324675324677,0.015852913748522608,0.03821689388941264,0.000286012193398242,0.0007853134634609842
FILD or FILA ADJUDICATED,7,2065650435,genomic,8,769,12,0.001587634836838859,0.015604681404421327,0.008948690331271528,0.027076109455192295,0.0007879548241760827,0.0031228232308610944
FILD or FILA ADJUDICATED,7,2065650435,genomic,9,770,20,0.030916632616566502,0.025974025974025976,0.016876091691355087,0.03977822466888089,0.003146032905626868,0.7220416805861327
FILD or FILA ADJUDICATED,7,2065650435,combined,0,770,4,0.012334474056911855,0.005194805194805195,0.0020219574690050306,0.013280219334419372,0.0014360138161080191,0.019075026975640473
FILD or FILA ADJUDICATED,7,2065650435,combined,1,769,7,0.025434648740257304,0.009102730819245773,0.004416223152723785,0.01866931220134357,0.019079451214848706,0.03184931191737059
FILD or FILA ADJUDICATED,7,2065650435,combined,2,770,3,0.039960233732748734,0.003896103896103896,0.0013258926936253902,0.011391775387498288,0.031851164813842536,0.04845476931544106
FILD or FILA ADJUDICATED,7,2065650435,combined,3,769,3,0.05816614775093477,0.0039011703511053317,0.001327618000260774,0.011406505807889416,0.048474068249663806,0.06942082309213253
FILD or FILA ADJUDICATED,7,2065650435,combined,4,770,5,0.08263025942365379,0.006493506493506494,0.0027767335367897463,0.01510995198893538,0.06949008768458147,0.09695841431775584
FILD or FILA ADJUDICATED,7,2065650435,combined,5,769,6,0.11398987104059786,0.007802340702210663,0.003580646807040671,0.016917035660547395,0.09701216913656995,0.13443079163059043
FILD or FILA ADJUDICATED,7,2065650435,combined,6,769,9,0.1601315856375543,0.011703511053315995,0.006169270449727107,0.022091970677298834,0.1344621573576198,0.19001787096369946
FILD or FILA ADJUDICATED,7,2065650435,combined,7,770,15,0.23133689025307008,0.01948051948051948,0.011840409174050253,0.0318913635746821,0.19002505038370013,0.280303238981969
FILD or FILA ADJUDICATED,7,2065650435,combined,8,769,22,0.34629093700348107,0.02860858257477243,0.01896739582103829,0.04293593283021844,0.28041014575583645,0.42911209661362226
FILD or FILA ADJUDICATED,7,2065650435,combined,9,770,78,0.612325520075548,0.1012987012987013,0.08192751953281167,0.1246283027208663,0.42934469557663396,0.9809136353812338
FILD or FILA ADJUDICATED,8,901254218,zebra,0,770,3,0.2318124939270684,0.003896103896103896,0.0013258926936253902,0.011391775387498288,0.11052533634471677,0.2605507168074891
FILD or FILA ADJUDICATED,8,901254218,zebra,1,769,1,0.28528390590409625,0.0013003901170351106,0.0002295876800841234,0.007328830355107483,0.26061351545512534,0.31022314736665557
FILD or FILA ADJUDICATED,8,901254218,zebra,2,770,5,0.34090150070266856,0.006493506493506494,0.0027767335367897463,0.01510995198893538,0.31029747824803483,0.37432701636192767
FILD or FILA ADJUDICATED,8,901254218,zebra,3,769,6,0.4087876410517612,0.007802340702210663,0.003580646807040671,0.016917035660547395,0.37432903714209376,0.446243930370284
FILD or FILA ADJUDICATED,8,901254218,zebra,4,770,5,0.4919999961766724,0.006493506493506494,0.0027767335367897463,0.01510995198893538,0.4462515041290735,0.5412345068279721
FILD or FILA ADJUDICATED,8,901254218,zebra,5,769,10,0.6048088981566483,0.013003901170351105,0.007078545900378475,0.023770548113126753,0.541323502105738,0.6671378515740566
FILD or FILA ADJUDICATED,8,901254218,zebra,6,769,12,0.7333015273458826,0.015604681404421327,0.008948690331271528,0.027076109455192295,0.6673312960617217,0.7927303182113955
FILD or FILA ADJUDICATED,8,901254218,zebra,7,770,10,0.8477693063395304,0.012987012987012988,0.007069333631553706,0.02373989550567504,0.7931991490157023,0.8998162513949661
FILD or FILA ADJUDICATED,8,901254218,zebra,8,769,20,0.9510578733014248,0.02600780234070221,0.016898117575631134,0.03982950530266702,0.8998170492352966,0.9857866911449585
FILD or FILA ADJUDICATED,8,901254218,zebra,9,770,80,0.9966594614859583,0.1038961038961039,0.0842745420698438,0.1274502976284356,0.9859617212522348,1.0
FILD or FILA ADJUDICATED,8,901254218,genomic,0,770,14,0.07200845070379654,0.01818181818181818,0.010860915582275707,0.030286348444155925,0.03150651938666698,0.0890096046864659
FILD or FILA ADJUDICATED,8,901254218,genomic,1,769,11,0.10145673940539465,0.014304291287386216,0.008005744470847457,0.025431202429137063,0.08908804469229419,0.11351157196272305
FILD or FILA ADJUDICATED,8,901254218,genomic,2,770,13,0.12369956971991186,0.016883116883116882,0.009892721428977881,0.028670033875153024,0.11358578711988573,0.13355074687340407
FILD or FILA ADJUDICATED,8,901254218,genomic,3,769,16,0.14397172308967573,0.02080624187256177,0.01284691135930053,0.033529299973080455,0.13357361222090605,0.15504718684612812
FILD or FILA ADJUDICATED,8,901254218,genomic,4,770,16,0.1657786010794351,0.02077922077922078,0.012830175613871217,0.033486105857161864,0.15505636734325676,0.17651381132426217
FILD or FILA ADJUDICATED,8,901254218,genomic,5,769,8,0.18867629847637832,0.010403120936280884,0.005280654829476248,0.0203927334110704,0.17655100983135327,0.2007386315857515
FILD or FILA ADJUDICATED,8,901254218,genomic,6,769,16,0.21410215466270593,0.02080624187256177,0.01284691135930053,0.033529299973080455,0.20075198613593098,0.22833151266178192
FILD or FILA ADJUDICATED,8,901254218,genomic,7,770,16,0.2450024279438363,0.02077922077922078,0.012830175613871217,0.033486105857161864,0.22835781897941843,0.26173347214365755
FILD or FILA ADJUDICATED,8,901254218,genomic,8,769,24,0.2838286569134508,0.031209362808842653,0.02106088189967261,0.0460181525245427,0.2618009124678507,0.30910516481129907
FILD or FILA ADJUDICATED,8,901254218,genomic,9,770,18,0.36226559639023564,0.023376623376623377,0.014837136266102694,0.036648162649531836,0.30914230082142624,0.5504494702166257
FILD or FILA ADJUDICATED,8,901254218,combined,0,770,4,0.014008725005140525,0.005194805194805195,0.0020219574690050306,0.013280219334419372,0.0063787504285129845,0.018321616635853542
FILD or FILA ADJUDICATED,8,901254218,combined,1,769,5,0.022345781874796113,0.006501950585175552,0.002780348414515579,0.015129481166593194,0.018329184252204627,0.026793746916368627
FILD or FILA ADJUDICATED,8,901254218,combined,2,770,7,0.031416035578983974,0.00909090909090909,0.004410478976495486,0.01864522399383109,0.02681074953040303,0.0364371533465824
FILD or FILA ADJUDICATED,8,901254218,combined,3,769,2,0.04292549831657037,0.002600780234070221,0.0007135177289523901,0.009432753192718508,0.03646379930074894,0.04939956217805618
FILD or FILA ADJUDICATED,8,901254218,combined,4,770,11,0.05698959554556441,0.014285714285714285,0.007995323688185082,0.025398414171344384,0.0494077707035624,0.06625095114467106
FILD or FILA ADJUDICATED,8,901254218,combined,5,769,3,0.07819057166401347,0.0039011703511053317,0.001327618000260774,0.011406505807889416,0.06629197939359929,0.09170189288109495
FILD or FILA ADJUDICATED,8,901254218,combined,6,769,6,0.11000002438820869,0.007802340702210663,0.003580646807040671,0.016917035660547395,0.09178487476941581,0.1299945268691535
FILD or FILA ADJUDICATED,8,901254218,combined,7,770,11,0.1641420680664832,0.014285714285714285,0.007995323688185082,0.025398414171344384,0.13013121335989594,0.20586047544638914
FILD or FILA ADJUDICATED,8,901254218,combined,8,769,21,0.26543875005556206,0.027308192457737322,0.017929533535624646,0.041385942229152796,0.2059093319361203,0.3474495813662151
FILD or FILA ADJUDICATED,8,901254218,combined,9,770,82,0.5080293060390844,0.10649350649350649,0.08662567599181079,0.13026818115107003,0.347877622980215,0.8089662878514605
FILD or FILA ADJUDICATED,9,600930718,zebra,0,770,1,0.23145905550632037,0.0012987012987012987,0.00022928946639889794,0.007319361170123334,0.11052533634471677,0.2596709282003648
FILD or FILA ADJUDICATED,9,600930718,zebra,1,769,1,0.2848639438221786,0.0013003901170351106,0.0002295876800841234,0.007328830355107483,0.25972117591276184,0.3107560012291755
FILD or FILA ADJUDICATED,9,600930718,zebra,2,770,5,0.3408710884059092,0.006493506493506494,0.0027767335367897463,0.01510995198893538,0.3108017895140072,0.37476278437809357
FILD or FILA ADJUDICATED,9,600930718,zebra,3,769,5,0.40861862463197496,0.006501950585175552,0.002780348414515579,0.015129481166593194,0.37511969672903656,0.4452217382542253
FILD or FILA ADJUDICATED,9,600930718,zebra,4,770,9,0.48951372980045216,0.011688311688311689,0.006161243000312308,0.022063477414615715,0.4452869043223011,0.5397068015971073
FILD or FILA ADJUDICATED,9,600930718,zebra,5,769,9,0.6004467885709723,0.011703511053315995,0.006169270449727107,0.022091970677298834,0.5398734294247949,0.6609848703504118
FILD or FILA ADJUDICATED,9,600930718,zebra,6,769,9,0.727364586483169,0.011703511053315995,0.006169270449727107,0.022091970677298834,0.6609998749213049,0.7912322679108842
FILD or FILA ADJUDICATED,9,600930718,zebra,7,770,12,0.8466094642670788,0.015584415584415584,0.008937040176158829,0.027041206405671363,0.7913408419573393,0.901450315923878
FILD or FILA ADJUDICATED,9,600930718,zebra,8,769,25,0.9509589024902442,0.032509752925877766,0.0221158152388249,0.04755107207186972,0.9016638263944464,0.985485854363619
FILD or FILA ADJUDICATED,9,600930718,zebra,9,770,76,0.9963801763560677,0.0987012987012987,0.07958474714757134,0.12180205766150516,0.9855111624726878,1.0
FILD or FILA ADJUDICATED,9,600930718,genomic,0,770,10,3.896584390798875e-05,0.012987012987012988,0.007069333631553706,0.02373989550567504,6.158217066148809e-07,8.395357402813592e-05
FILD or FILA ADJUDICATED,9,600930718,genomic,1,769,18,0.00015881506581369453,0.02340702210663199,0.014856495571086814,0.03669542153425275,8.402683027499631e-05,0.0002554014247330824
FILD or FILA ADJUDICATED,9,600930718,genomic,2,770,14,0.0004070343197168264,0.01818181818181818,0.010860915582275707,0.030286348444155925,0.0002558244316472056,0.000592305792818734
FILD or FILA ADJUDICATED,9,600930718,genomic,3,769,12,0.0008996048311693935,0.015604681404421327,0.008948690331271528,0.027076109455192295,0.0005929386902439834,0.001285438351910993
FILD or FILA ADJUDICATED,9,600930718,genomic,4,770,12,0.0018919616241214858,0.015584415584415584,0.008937040176158829,0.027041206405671363,0.0012880189973213212,0.0026645692997838573
FILD or FILA ADJUDICATED,9,600930718,genomic,5,769,15,0.003955869122755284,0.01950585175552666,0.01185585151954993,0.03193250692635176,0.002665425424358226,0.005448195713598848
FILD or FILA ADJUDICATED,9,600930718,genomic,6,769,12,0.007808270294900113,0.015604681404421327,0.008948690331271528,0.027076109455192295,0.005450707393585792,0.010966972366135782
FILD or FILA ADJUDICATED,9,600930718,genomic,7,770,10,0.01676718826031721,0.012987012987012988,0.007069333631553706,0.02373989550567504,0.010997779338738651,0.024509838826490802
FILD or FILA ADJUDICATED,9,600930718,genomic,8,769,26,0.03980136473464345,0.033810143042912875,0.02317580344494089,0.04907893675223302,0.02453713271138436,0.06355686522963916
FILD or FILA ADJUDICATED,9,600930718,genomic,9,770,23,0.1944404436898264,0.02987012987012987,0.01998520545069876,0.044422637076439384,0.06370077847864382,0.9204819044898792
FILD or FILA ADJUDICATED,9,600930718,combined,0,770,3,0.007909620685226656,0.003896103896103896,0.0013258926936253902,0.011391775387498288,0.0010796742558531235,0.012181977771610371
FILD or FILA ADJUDICATED,9,600930718,combined,1,769,5,0.016740540488982974,0.006501950585175552,0.002780348414515579,0.015129481166593194,0.01219514274067591,0.02134549216243667
FILD or FILA ADJUDICATED,9,600930718,combined,2,770,4,0.026661402500055303,0.005194805194805195,0.0020219574690050306,0.013280219334419372,0.02135519175839311,0.03232138713163831
FILD or FILA ADJUDICATED,9,600930718,combined,3,769,5,0.03957853546928801,0.006501950585175552,0.002780348414515579,0.015129481166593194,0.032327800684615625,0.04716176315292329
FILD or FILA ADJUDICATED,9,600930718,combined,4,770,1,0.05694434840063814,0.0012987012987012987,0.00022928946639889794,0.007319361170123334,0.047178365405071254,0.06746348954176622
FILD or FILA ADJUDICATED,9,600930718,combined,5,769,8,0.08155864843545428,0.010403120936280884,0.005280654829476248,0.0203927334110704,0.0674730032744771,0.09794147360231864
FILD or FILA ADJUDICATED,9,600930718,combined,6,769,12,0.11906340900992302,0.015604681404421327,0.008948690331271528,0.027076109455192295,0.09802726286417209,0.1439497560202347
FILD or FILA ADJUDICATED,9,600930718,combined,7,770,17,0.179599898433536,0.02207792207792208,0.01382933715277743,0.03507145304055638,0.14402742722179,0.22472970354888713
FILD or FILA ADJUDICATED,9,600930718,combined,8,769,19,0.29632925910182595,0.0247074122236671,0.01587360135768905,0.03826616863412981,0.22479771260634612,0.38082139856816
FILD or FILA ADJUDICATED,9,600930718,combined,9,770,78,0.5712826449495444,0.1012987012987013,0.08192751953281167,0.1246283027208663,0.3810333069397127,0.9577919087800446
FILD or FILA ADJUDICATED,10,240607979,zebra,0,770,2,0.23098770594895685,0.0025974025974025974,0.0007125907061236786,0.009420568652699277,0.11052533634471677,0.25957138409114644
FILD or FILA ADJUDICATED,10,240607979,zebra,1,769,2,0.2853317667353739,0.002600780234070221,0.0007135177289523901,0.009432753192718508,0.25960280809138825,0.310953161005303
FILD or FILA ADJUDICATED,10,240607979,zebra,2,770,6,0.33852752867092323,0.007792207792207792,0.0035759904186376326,0.016895203829388215,0.3111904898296658,0.3703153554831447
FILD or FILA ADJUDICATED,10,240607979,zebra,3,769,5,0.4051711174303491,0.006501950585175552,0.002780348414515579,0.015129481166593194,0.37036495959503446,0.44229676031613774
FILD or FILA ADJUDICATED,10,240607979,zebra,4,770,4,0.48861868999670566,0.005194805194805195,0.0020219574690050306,0.013280219334419372,0.4423075505591333,0.539826777222261
FILD or FILA ADJUDICATED,10,240607979,zebra,5,769,11,0.6010646729602878,0.014304291287386216,0.008005744470847457,0.025431202429137063,0.5405732793825522,0.6635610066940673
FILD or FILA ADJUDICATED,10,240607979,zebra,6,769,14,0.7297789203278893,0.018205461638491547,0.010875078260352153,0.030325427299070243,0.6637367749806213,0.7904204327474805
FILD or FILA ADJUDICATED,10,240607979,zebra,7,770,14,0.8457318664487963,0.01818181818181818,0.010860915582275707,0.030286348444155925,0.7904669395525127,0.8996813766473817
FILD or FILA ADJUDICATED,10,240607979,zebra,8,769,21,0.9497656575242032,0.027308192457737322,0.017929533535624646,0.041385942229152796,0.8998307879232259,0.9858607951392028
FILD or FILA ADJUDICATED,10,240607979,zebra,9,770,73,0.9964166177427674,0.09480519480519481,0.07607888344397429,0.11755439519820005,0.9859038413093151,1.0
FILD or FILA ADJUDICATED,10,240607979,genomic,0,770,7,0.008931432552086834,0.00909090909090909,0.004410478976495486,0.01864522399383109,0.0009450613661475443,0.015225781398331775
FILD or FILA ADJUDICATED,10,240607979,genomic,1,769,9,0.021896237700645655,0.011703511053315995,0.006169270449727107,0.022091970677298834,0.015232900910868496,0.02854461924279897
FILD or FILA ADJUDICATED,10,240607979,genomic,2,770,14,0.03547323304884902,0.01818181818181818,0.010860915582275707,0.030286348444155925,0.02855343206429438,0.043096408400926045
FILD or FILA ADJUDICATED,10,240607979,genomic,3,769,13,0.05222582610712339,0.016905071521456438,0.009905619514842359,0.028707033158100748,0.043118919639219884,0.061435883893508125
FILD or FILA ADJUDICATED,10,240607979,genomic,4,770,12,0.07315750386693458,0.015584415584415584,0.008937040176158829,0.027041206405671363,0.061469689344907145,0.08608233213358757
FILD or FILA ADJUDICATED,10,240607979,genomic,5,769,25,0.10118261071556221,0.032509752925877766,0.0221158152388249,0.04755107207186972,0.08616859510347584,0.11816329282126303
FILD or FILA ADJUDICATED,10,240607979,genomic,6,769,16,0.1398980352314409,0.02080624187256177,0.01284691135930053,0.033529299973080455,0.11827108608907692,0.1627464533488188
FILD or FILA ADJUDICATED,10,240607979,genomic,7,770,20,0.1962527431351707,0.025974025974025976,0.016876091691355087,0.03977822466888089,0.16295179131750087,0.23282821330321662
FILD or FILA ADJUDICATED,10,240607979,genomic,8,769,20,0.28705864361421946,0.02600780234070221,0.016898117575631134,0.03982950530266702,0.2328371897978787,0.35448536436908573
FILD or FILA ADJUDICATED,10,240607979,genomic,9,770,16,0.49125954728343124,0.02077922077922078,0.012830175613871217,0.033486105857161864,0.35448858972254393,0.9211408520239992
FILD or FILA ADJUDICATED,10,240607979,combined,0,770,4,0.001879967988620066,0.005194805194805195,0.0020219574690050306,0.013280219334419372,0.00028394692439012335,0.002886079821198879
FILD or FILA ADJUDICATED,10,240607979,combined,1,769,6,0.0039029078339360406,0.007802340702210663,0.003580646807040671,0.016917035660547395,0.0028873313562336484,0.004953392992621719
FILD or FILA ADJUDICATED,10,240607979,combined,2,770,3,0.006302733693378864,0.003896103896103896,0.0013258926936253902,0.011391775387498288,0.004958318288668637,0.0077488853767550235
FILD or FILA ADJUDICATED,10,240607979,combined,3,769,6,0.009491562582700052,0.007802340702210663,0.003580646807040671,0.016917035660547395,0.007757256534016537,0.011301155651483397
FILD or FILA ADJUDICATED,10,240607979,combined,4,770,8,0.013960488463920636,0.01038961038961039,0.005273784940225151,0.020366426752402144,0.011306408066696071,0.01686844908779147
FILD or FILA ADJUDICATED,10,240607979,combined,5,769,10,0.02036581424986055,0.013003901170351105,0.007078545900378475,0.023770548113126753,0.016872646769073817,0.024746128320132038
FILD or FILA ADJUDICATED,10,240607979,combined,6,769,6,0.03170159265785615,0.007802340702210663,0.003580646807040671,0.016917035660547395,0.024747669942020996,0.039803662191683346
FILD or FILA ADJUDICATED,10,240607979,combined,7,770,14,0.052783620876293666,0.01818181818181818,0.010860915582275707,0.030286348444155925,0.039804537419872846,0.07022170163248485
FILD or FILA ADJUDICATED,10,240607979,combined,8,769,20,0.1043224032542993,0.02600780234070221,0.016898117575631134,0.03982950530266702,0.07029939505854414,0.15566363205896466
FILD or FILA ADJUDICATED,10,240607979,combined,9,770,75,0.361486320202947,0.09740259740259741,0.07841500055802125,0.12038729552875452,0.15567538010496296,0.9791695155845869
FILD or FILA ADJUDICATED,11,24781287,zebra,0,770,2,0.23202435450778702,0.0025974025974025974,0.0007125907061236786,0.009420568652699277,0.11052533634471677,0.2602557535887989
FILD or FILA ADJUDICATED,11,24781287,zebra,1,769,1,0.28546966386774375,0.0013003901170351106,0.0002295876800841234,0.007328830355107483,0.2603278428050794,0.3111314412269893
FILD or FILA ADJUDICATED,11,24781287,zebra,2,770,6,0.34138633097652593,0.007792207792207792,0.0035759904186376326,0.016895203829388215,0.31121606017594466,0.37474196822514005
FILD or FILA ADJUDICATED,11,24781287,zebra,3,769,3,0.4092031124024242,0.0039011703511053317,0.001327618000260774,0.011406505807889416,0.374745314783611,0.44571740749231
FILD or FILA ADJUDICATED,11,24781287,zebra,4,770,7,0.48966367210689604,0.00909090909090909,0.004410478976495486,0.01864522399383109,0.4457896957840406,0.5404581129876334
FILD or FILA ADJUDICATED,11,24781287,zebra,5,769,10,0.6004530160865859,0.013003901170351105,0.007078545900378475,0.023770548113126753,0.5406148926383858,0.6638281870023752
FILD or FILA ADJUDICATED,11,24781287,zebra,6,769,11,0.7323698069614868,0.014304291287386216,0.008005744470847457,0.025431202429137063,0.6639428631930064,0.7905015192149166
FILD or FILA ADJUDICATED,11,24781287,zebra,7,770,11,0.8447041694183859,0.014285714285714285,0.007995323688185082,0.025398414171344384,0.7905201229246109,0.8989333182452957
FILD or FILA ADJUDICATED,11,24781287,zebra,8,769,25,0.9495480506601116,0.032509752925877766,0.0221158152388249,0.04755107207186972,0.8989414097210439,0.9859988523659691
FILD or FILA ADJUDICATED,11,24781287,zebra,9,770,76,0.996659618255633,0.0987012987012987,0.07958474714757134,0.12180205766150516,0.9860122135494251,1.0
FILD or FILA ADJUDICATED,11,24781287,genomic,0,770,8,0.0017129503454464414,0.01038961038961039,0.005273784940225151,0.020366426752402144,0.00015127209516183247,0.0027182911931702162
FILD or FILA ADJUDICATED,11,24781287,genomic,1,769,9,0.0036620164009071084,0.011703511053315995,0.006169270449727107,0.022091970677298834,0.0027189377270535487,0.004606890037061316
FILD or FILA ADJUDICATED,11,24781287,genomic,2,770,15,0.005815047410296595,0.01948051948051948,0.011840409174050253,0.0318913635746821,0.004606895877451049,0.00715622058295267
FILD or FILA ADJUDICATED,11,24781287,genomic,3,769,15,0.008701471058020395,0.01950585175552666,0.01185585151954993,0.03193250692635176,0.0071571872712937355,0.010385325814126687
FILD or FILA ADJUDICATED,11,24781287,genomic,4,770,15,0.012474546678791842,0.01948051948051948,0.011840409174050253,0.0318913635746821,0.010392636214141935,0.014884184053411405
FILD or FILA ADJUDICATED,11,24781287,genomic,5,769,14,0.017849269020920253,0.018205461638491547,0.010875078260352153,0.030325427299070243,0.014884790260304667,0.021061270293823566
FILD or FILA ADJUDICATED,11,24781287,genomic,6,769,17,0.02590250002461637,0.022106631989596878,0.013847378881987714,0.03511668533687256,0.021073278064535506,0.03183436485600684
FILD or FILA ADJUDICATED,11,24781287,genomic,7,770,19,0.04037315130374278,0.024675324675324677,0.015852913748522608,0.03821689388941264,0.03184513057823813,0.051382325649138264
FILD or FILA ADJUDICATED,11,24781287,genomic,8,769,17,0.07089004876664971,0.022106631989596878,0.013847378881987714,0.03511668533687256,0.05140207852460627,0.09875376397452572
FILD or FILA ADJUDICATED,11,24781287,genomic,9,770,23,0.20124729668649796,0.02987012987012987,0.01998520545069876,0.044422637076439384,0.0987605624455762,0.9407214948829635
FILD or FILA ADJUDICATED,11,24781287,combined,0,770,2,0.02109782383519444,0.0025974025974025974,0.0007125907061236786,0.009420568652699277,0.004553734404597978,0.03109765048522781
FILD or FILA ADJUDICATED,11,24781287,combined,1,769,4,0.03968859783474652,0.005201560468140442,0.0020245891497467933,0.013297387544882687,0.031098764616846648,0.048532167364528415
FILD or FILA ADJUDICATED,11,24781287,combined,2,770,4,0.05732342066884069,0.005194805194805195,0.0020219574690050306,0.013280219334419372,0.048535846445110914,0.06806741070435143
FILD or FILA ADJUDICATED,11,24781287,combined,3,769,3,0.08108779296726605,0.0039011703511053317,0.001327618000260774,0.011406505807889416,0.06815346846404928,0.09561432643096175
FILD or FILA ADJUDICATED,11,24781287,combined,4,770,6,0.11106092682903065,0.007792207792207792,0.0035759904186376326,0.016895203829388215,0.09563104757574271,0.1275096219480723
FILD or FILA ADJUDICATED,11,24781287,combined,5,769,9,0.1489932698620402,0.011703511053315995,0.006169270449727107,0.022091970677298834,0.12753033603358133,0.17220627912763528
FILD or FILA ADJUDICATED,11,24781287,combined,6,769,7,0.20097309089196777,0.009102730819245773,0.004416223152723785,0.01866931220134357,0.1722358010326758,0.23124086814900693
FILD or FILA ADJUDICATED,11,24781287,combined,7,770,16,0.27211674673948655,0.02077922077922078,0.012830175613871217,0.033486105857161864,0.23140873256993752,0.31742592707378214
FILD or FILA ADJUDICATED,11,24781287,combined,8,769,20,0.38106834091216485,0.02600780234070221,0.016898117575631134,0.03982950530266702,0.31745679457330617,0.4515233121525054
FILD or FILA ADJUDICATED,11,24781287,combined,9,770,81,0.6003856540336736,0.10519480519480519,0.08544960345108563,0.12885974496949448,0.4515918848359824,0.8975032608489119
FILD or FILA ADJUDICATED,12,635099648,zebra,0,770,0,0.23151617281706255,0.0,0.0,0.004964141914221508,0.11052533634471677,0.2610548534071459
FILD or FILA ADJUDICATED,12,635099648,zebra,1,769,2,0.2867860604850682,0.002600780234070221,0.0007135177289523901,0.009432753192718508,0.2611361694817833,0.3130216655048263
FILD or FILA ADJUDICATED,12,635099648,zebra,2,770,3,0.3441539088758805,0.003896103896103896,0.0013258926936253902,0.011391775387498288,0.31321930129365705,0.37642268181506194
FILD or FILA ADJUDICATED,12,635099648,zebra,3,769,4,0.41155589691279404,0.005201560468140442,0.0020245891497467933,0.013297387544882687,0.37643180176667196,0.447934860440336
FILD or FILA ADJUDICATED,12,635099648,zebra,4,770,9,0.4940451748766379,0.011688311688311689,0.006161243000312308,0.022063477414615715,0.44798440931734274,0.545955588164633
FILD or FILA ADJUDICATED,12,635099648,zebra,5,769,9,0.6071820813590814,0.011703511053315995,0.006169270449727107,0.022091970677298834,0.5459965224187812,0.6715718147775875
FILD or FILA ADJUDICATED,12,635099648,zebra,6,769,16,0.7347934284578749,0.02080624187256177,0.01284691135930053,0.033529299973080455,0.6717461495808702,0.7932433714207565
FILD or FILA ADJUDICATED,12,635099648,zebra,7,770,11,0.8484743483939058,0.014285714285714285,0.007995323688185082,0.025398414171344384,0.7933169613526788,0.9041726185512803
FILD or FILA ADJUDICATED,12,635099648,zebra,8,769,20,0.9522692499121246,0.02600780234070221,0.016898117575631134,0.03982950530266702,0.904338845087649,0.985721892962206
FILD or FILA ADJUDICATED,12,635099648,zebra,9,770,78,0.9965190269845117,0.1012987012987013,0.08192751953281167,0.1246283027208663,0.9859038413093151,1.0
FILD or FILA ADJUDICATED,12,635099648,genomic,0,770,11,0.06877889538998064,0.014285714285714285,0.007995323688185082,0.025398414171344384,0.026932324142714747,0.09704627815100492
FILD or FILA ADJUDICATED,12,635099648,genomic,1,769,11,0.12135736903902296,0.014304291287386216,0.008005744470847457,0.025431202429137063,0.09709628913718206,0.1419071438291476
FILD or FILA ADJUDICATED,12,635099648,genomic,2,770,7,0.15600089220541918,0.00909090909090909,0.004410478976495486,0.01864522399383109,0.14190776037411332,0.1694694716665236
FILD or FILA ADJUDICATED,12,635099648,genomic,3,769,15,0.1824789162805561,0.01950585175552666,0.01185585151954993,0.03193250692635176,0.16951750402317542,0.1958320718455465
FILD or FILA ADJUDICATED,12,635099648,genomic,4,770,18,0.20826189575965462,0.023376623376623377,0.014837136266102694,0.036648162649531836,0.19585694489380817,0.22103916596350145
FILD or FILA ADJUDICATED,12,635099648,genomic,5,769,13,0.23353187456842184,0.016905071521456438,0.009905619514842359,0.028707033158100748,0.22108323168602037,0.24690452798661325
FILD or FILA ADJUDICATED,12,635099648,genomic,6,769,16,0.26182385212438725,0.02080624187256177,0.01284691135930053,0.033529299973080455,0.2469132748566887,0.27589036829440916
FILD or FILA ADJUDICATED,12,635099648,genomic,7,770,18,0.29246148905099006,0.023376623376623377,0.014837136266102694,0.036648162649531836,0.2759951839811811,0.30913283550583004
FILD or FILA ADJUDICATED,12,635099648,genomic,8,769,20,0.3300967015922293,0.02600780234070221,0.016898117575631134,0.03982950530266702,0.3091434852117646,0.3542229579681796
FILD or FILA ADJUDICATED,12,635099648,genomic,9,770,23,0.39430568019831813,0.02987012987012987,0.01998520545069876,0.044422637076439384,0.35422954185289324,0.5231137282977897
FILD or FILA ADJUDICATED,12,635099648,combined,0,770,0,0.01874411388668899,0.0,0.0,0.004964141914221508,0.010657980303007407,0.022263224362087473
FILD or FILA ADJUDICATED,12,635099648,combined,1,769,7,0.02485214522153901,0.009102730819245773,0.004416223152723785,0.01866931220134357,0.022270218324446533,0.027278101871367453
FILD or FILA ADJUDICATED,12,635099648,combined,2,770,5,0.029603145880379926,0.006493506493506494,0.0027767335367897463,0.01510995198893538,0.027284530908252932,0.03205190270353223
FILD or FILA ADJUDICATED,12,635099648,combined,3,769,5,0.03508133462537421,0.006501950585175552,0.002780348414515579,0.015129481166593194,0.03205417789642466,0.03818985739576161
FILD or FILA ADJUDICATED,12,635099648,combined,4,770,8,0.04172923626607713,0.01038961038961039,0.005273784940225151,0.020366426752402144,0.038190917367300035,0.04559023979050827
FILD or FILA ADJUDICATED,12,635099648,combined,5,769,9,0.050385740295085836,0.011703511053315995,0.006169270449727107,0.022091970677298834,0.045605586369361975,0.056282458508534
FILD or FILA ADJUDICATED,12,635099648,combined,6,769,7,0.06377535935534254,0.009102730819245773,0.004416223152723785,0.01866931220134357,0.056296222314858486,0.07267650799490809
FILD or FILA ADJUDICATED,12,635099648,combined,7,770,16,0.0869195815917204,0.02077922077922078,0.012830175613871217,0.033486105857161864,0.07267807408160827,0.10543758487670274
FILD or FILA ADJUDICATED,12,635099648,combined,8,769,15,0.1361487076796771,0.01950585175552666,0.01185585151954993,0.03193250692635176,0.10549587232227546,0.173080866646815
FILD or FILA ADJUDICATED,12,635099648,combined,9,770,80,0.26561064956209207,0.1038961038961039,0.0842745420698438,0.1274502976284356,0.17310509103603886,0.5918000401538303
FILD or FILA ADJUDICATED,13,141387367,zebra,0,770,2,0.2326023605602544,0.0025974025974025974,0.0007125907061236786,0.009420568652699277,0.11052533634471677,0.2615951007755146
FILD or FILA ADJUDICATED,13,141387367,zebra,1,769,1,0.28767996254393796,0.0013003901170351106,0.0002295876800841234,0.007328830355107483,0.2616884930296223,0.3139344306469154
FILD or FILA ADJUDICATED,13,141387367,zebra,2,770,7,0.3450192976717058,0.00909090909090909,0.004410478976495486,0.01864522399383109,0.3139379434880472,0.3767025563913176
FILD or FILA ADJUDICATED,13,141387367,zebra,3,769,6,0.410841906236114,0.007802340702210663,0.003580646807040671,0.016917035660547395,0.37683945180767486,0.4469570249946754
FILD or FILA ADJUDICATED,13,141387367,zebra,4,770,8,0.4903677895942953,0.01038961038961039,0.005273784940225151,0.020366426752402144,0.44715602283742534,0.538853101911673
FILD or FILA ADJUDICATED,13,141387367,zebra,5,769,9,0.5997979684364955,0.011703511053315995,0.006169270449727107,0.022091970677298834,0.5389318981564682,0.6637299821228352
FILD or FILA ADJUDICATED,13,141387367,zebra,6,769,6,0.7308657406629319,0.007802340702210663,0.003580646807040671,0.016917035660547395,0.6637367749806213,0.7900095297159757
FILD or FILA ADJUDICATED,13,141387367,zebra,7,770,14,0.8454420372595333,0.01818181818181818,0.010860915582275707,0.030286348444155925,0.7904204327474805,0.9011530019691986
FILD or FILA ADJUDICATED,13,141387367,zebra,8,769,19,0.9506361378950967,0.0247074122236671,0.01587360135768905,0.03826616863412981,0.901189661903329,0.9859072326047379
FILD or FILA ADJUDICATED,13,141387367,zebra,9,770,80,0.9966158061269348,0.1038961038961039,0.0842745420698438,0.1274502976284356,0.9859102920779055,1.0
FILD or FILA ADJUDICATED,13,141387367,genomic,0,770,13,0.08250563597292485,0.016883116883116882,0.009892721428977881,0.028670033875153024,0.014870056541632391,0.11459666169898562
FILD or FILA ADJUDICATED,13,141387367,genomic,1,769,13,0.13650509678652015,0.016905071521456438,0.009905619514842359,0.028707033158100748,0.11468516267195897,0.15888912149132062
FILD or FILA ADJUDICATED,13,141387367,genomic,2,770,12,0.17983579205708555,0.015584415584415584,0.008937040176158829,0.027041206405671363,0.15893184883531325,0.20091332061638037
FILD or FILA ADJUDICATED,13,141387367,genomic,3,769,16,0.22035583846536175,0.02080624187256177,0.01284691135930053,0.033529299973080455,0.20095536036531178,0.23884315603488876
FILD or FILA ADJUDICATED,13,141387367,genomic,4,770,21,0.2596927213189381,0.02727272727272727,0.017906160074157684,0.04133266500837901,0.23889172056031854,0.28041712537694335
FILD or FILA ADJUDICATED,13,141387367,genomic,5,769,15,0.300593140395117,0.01950585175552666,0.01185585151954993,0.03193250692635176,0.28048316354266783,0.3236957301593071
FILD or FILA ADJUDICATED,13,141387367,genomic,6,769,13,0.34504487924153915,0.016905071521456438,0.009905619514842359,0.028707033158100748,0.3237109335719043,0.3668205030311569
FILD or FILA ADJUDICATED,13,141387367,genomic,7,770,20,0.39581716207006923,0.025974025974025976,0.016876091691355087,0.03977822466888089,0.36683260990286587,0.42695529123614384
FILD or FILA ADJUDICATED,13,141387367,genomic,8,769,15,0.4632944713293136,0.01950585175552666,0.01185585151954993,0.03193250692635176,0.4270390808962694,0.5044548787495423
FILD or FILA ADJUDICATED,13,141387367,genomic,9,770,14,0.577190961813106,0.01818181818181818,0.010860915582275707,0.030286348444155925,0.5047555136074462,0.7972660136957861
FILD or FILA ADJUDICATED,13,141387367,combined,0,770,1,0.017447797074562642,0.0012987012987012987,0.00022928946639889794,0.007319361170123334,0.009597250524450917,0.020674138502037177
FILD or FILA ADJUDICATED,13,141387367,combined,1,769,5,0.02359634071326423,0.006501950585175552,0.002780348414515579,0.015129481166593194,0.020678074480481486,0.026551247891499763
FILD or FILA ADJUDICATED,13,141387367,combined,2,770,5,0.03080510309921857,0.006493506493506494,0.0027767335367897463,0.01510995198893538,0.026572666587337677,0.03553769486921199
FILD or FILA ADJUDICATED,13,141387367,combined,3,769,8,0.042734604258486464,0.010403120936280884,0.005280654829476248,0.0203927334110704,0.03554195713135211,0.05157485363075291
FILD or FILA ADJUDICATED,13,141387367,combined,4,770,4,0.06301690535890449,0.005194805194805195,0.0020219574690050306,0.013280219334419372,0.051629949685102705,0.07529384763845028
FILD or FILA ADJUDICATED,13,141387367,combined,5,769,11,0.09004945868199472,0.014304291287386216,0.008005744470847457,0.025431202429137063,0.0753843377479888,0.1062995256985983
FILD or FILA ADJUDICATED,13,141387367,combined,6,769,6,0.12357994644780758,0.007802340702210663,0.003580646807040671,0.016917035660547395,0.10632598060717409,0.14301571657579398
FILD or FILA ADJUDICATED,13,141387367,combined,7,770,8,0.16588825604561486,0.01038961038961039,0.005273784940225151,0.020366426752402144,0.1430532113770301,0.19097375847040987
FILD or FILA ADJUDICATED,13,141387367,combined,8,769,24,0.22667212346074714,0.031209362808842653,0.02106088189967261,0.0460181525245427,0.1910508338895116,0.26921588044848394
FILD or FILA ADJUDICATED,13,141387367,combined,9,770,80,0.36918501285774113,0.1038961038961039,0.0842745420698438,0.1274502976284356,0.2694785891537923,0.610343752705117
FILD or FILA ADJUDICATED,14,1887021617,zebra,0,770,0,0.23226885427785976,0.0,0.0,0.004964141914221508,0.11052533634471677,0.2617403435599508
FILD or FILA ADJUDICATED,14,1887021617,zebra,1,769,1,0.28741919312030295,0.0013003901170351106,0.0002295876800841234,0.007328830355107483,0.2617774313723784,0.31407907401238033
FILD or FILA ADJUDICATED,14,1887021617,zebra,2,770,7,0.34546978433593656,0.00909090909090909,0.004410478976495486,0.01864522399383109,0.3141082182410059,0.37976696926465103
FILD or FILA ADJUDICATED,14,1887021617,zebra,3,769,3,0.4139056026046466,0.0039011703511053317,0.001327618000260774,0.011406505807889416,0.37980389621887717,0.4499127724585104
FILD or FILA ADJUDICATED,14,1887021617,zebra,4,770,10,0.49359087841323224,0.012987012987012988,0.007069333631553706,0.02373989550567504,0.4499845616612384,0.5431483003360806
FILD or FILA ADJUDICATED,14,1887021617,zebra,5,769,12,0.6048610100071946,0.015604681404421327,0.008948690331271528,0.027076109455192295,0.5433213455863211,0.6684634110766353
FILD or FILA ADJUDICATED,14,1887021617,zebra,6,769,9,0.7340775386272598,0.011703511053315995,0.006169270449727107,0.022091970677298834,0.6687315969512554,0.7933169613526788
FILD or FILA ADJUDICATED,14,1887021617,zebra,7,770,12,0.849224707111992,0.015584415584415584,0.008937040176158829,0.027041206405671363,0.7933931341101216,0.9025689321917897
FILD or FILA ADJUDICATED,14,1887021617,zebra,8,769,20,0.9513118410201067,0.02600780234070221,0.016898117575631134,0.03982950530266702,0.9026265878413079,0.9856611905222097
FILD or FILA ADJUDICATED,14,1887021617,zebra,9,770,78,0.9964621502744301,0.1012987012987013,0.08192751953281167,0.1246283027208663,0.9856793662718599,1.0
FILD or FILA ADJUDICATED,14,1887021617,genomic,0,770,13,0.0016311831075023413,0.016883116883116882,0.009892721428977881,0.028670033875153024,8.853488541783901e-05,0.003466726959220115
FILD or FILA ADJUDICATED,14,1887021617,genomic,1,769,10,0.006676157922841307,0.013003901170351105,0.007078545900378475,0.023770548113126753,0.003505067680990513,0.010665747589882861
FILD or FILA ADJUDICATED,14,1887021617,genomic,2,770,11,0.014823036269453669,0.014285714285714285,0.007995323688185082,0.025398414171344384,0.010668592939187774,0.019526198012652166
FILD or FILA ADJUDICATED,14,1887021617,genomic,3,769,12,0.024831448739644872,0.015604681404421327,0.008948690331271528,0.027076109455192295,0.019535923128555236,0.030287738133006538
FILD or FILA ADJUDICATED,14,1887021617,genomic,4,770,7,0.037257975245774434,0.00909090909090909,0.004410478976495486,0.01864522399383109,0.030298239828944067,0.044426573491925254
FILD or FILA ADJUDICATED,14,1887021617,genomic,5,769,14,0.05387061708847514,0.018205461638491547,0.010875078260352153,0.030325427299070243,0.04443189089124324,0.06434772040614051
FILD or FILA ADJUDICATED,14,1887021617,genomic,6,769,13,0.07630649924505435,0.016905071521456438,0.009905619514842359,0.028707033158100748,0.06439917201886262,0.08944621831911555
FILD or FILA ADJUDICATED,14,1887021617,genomic,7,770,22,0.10903608781525369,0.02857142857142857,0.018942666074440347,0.04288066773039707,0.08945637680651285,0.13266643464141306
FILD or FILA ADJUDICATED,14,1887021617,genomic,8,769,21,0.16679753037182884,0.027308192457737322,0.017929533535624646,0.041385942229152796,0.1327003888854051,0.21222377696220823
FILD or FILA ADJUDICATED,14,1887021617,genomic,9,770,29,0.33403354872810964,0.03766233766233766,0.02634909255576484,0.05356580230517764,0.21223865411620596,0.8680682397923568
FILD or FILA ADJUDICATED,14,1887021617,combined,0,770,6,0.014688243338138889,0.007792207792207792,0.0035759904186376326,0.016895203829388215,0.004034986924831212,0.02026299118992845
FILD or FILA ADJUDICATED,14,1887021617,combined,1,769,4,0.025106749491371257,0.005201560468140442,0.0020245891497467933,0.013297387544882687,0.020274145898177255,0.029957216837282245
FILD or FILA ADJUDICATED,14,1887021617,combined,2,770,7,0.03480454940112739,0.00909090909090909,0.004410478976495486,0.01864522399383109,0.029969512388348114,0.040204130478393774
FILD or FILA ADJUDICATED,14,1887021617,combined,3,769,5,0.04603269940559582,0.006501950585175552,0.002780348414515579,0.015129481166593194,0.040241476885179844,0.05222341054403867
FILD or FILA ADJUDICATED,14,1887021617,combined,4,770,6,0.060529028301664,0.007792207792207792,0.0035759904186376326,0.016895203829388215,0.052241144614615084,0.06939973341253483
FILD or FILA ADJUDICATED,14,1887021617,combined,5,769,5,0.0801451349395663,0.006501950585175552,0.002780348414515579,0.015129481166593194,0.06940964948531282,0.09256296044034261
FILD or FILA ADJUDICATED,14,1887021617,combined,6,769,9,0.11123920355743697,0.011703511053315995,0.006169270449727107,0.022091970677298834,0.09259970234016542,0.13220517656808287
FILD or FILA ADJUDICATED,14,1887021617,combined,7,770,14,0.16345107595033434,0.01818181818181818,0.010860915582275707,0.030286348444155925,0.1323558854550678,0.20391004721770845
FILD or FILA ADJUDICATED,14,1887021617,combined,8,769,14,0.2725356733231046,0.018205461638491547,0.010875078260352153,0.030325427299070243,0.20397332870686952,0.3680238557677094
FILD or FILA ADJUDICATED,14,1887021617,combined,9,770,82,0.5660230202730177,0.10649350649350649,0.08662567599181079,0.13026818115107003,0.3696074929372845,0.8554033367914059
FILD or FILA ADJUDICATED,15,652485927,zebra,0,770,2,0.2319202126238337,0.0025974025974025974,0.0007125907061236786,0.009420568652699277,0.11693488945217027,0.2601982884591711
FILD or FILA ADJUDICATED,15,652485927,zebra,1,769,1,0.2843773337142695,0.0013003901170351106,0.0002295876800841234,0.007328830355107483,0.2602557535887989,0.3108017895140072
FILD or FILA ADJUDICATED,15,652485927,zebra,2,770,3,0.3403502407197176,0.003896103896103896,0.0013258926936253902,0.011391775387498288,0.31080703418834127,0.37368099139752986
FILD or FILA ADJUDICATED,15,652485927,zebra,3,769,3,0.4069513202427534,0.0039011703511053317,0.001327618000260774,0.011406505807889416,0.3738414017884197,0.44302324706577123
FILD or FILA ADJUDICATED,15,652485927,zebra,4,770,7,0.48622752671975994,0.00909090909090909,0.004410478976495486,0.01864522399383109,0.44305511428543076,0.536850197496605
FILD or FILA ADJUDICATED,15,652485927,zebra,5,769,6,0.5991512881300005,0.007802340702210663,0.003580646807040671,0.016917035660547395,0.537133769264307,0.6628262091853885
FILD or FILA ADJUDICATED,15,652485927,zebra,6,769,13,0.7281387120895424,0.016905071521456438,0.009905619514842359,0.028707033158100748,0.662980433012624,0.7881281794221368
FILD or FILA ADJUDICATED,15,652485927,zebra,7,770,16,0.8466072238690402,0.02077922077922078,0.012830175613871217,0.033486105857161864,0.7881395459198441,0.898712194658097
FILD or FILA ADJUDICATED,15,652485927,zebra,8,769,25,0.948242938715209,0.032509752925877766,0.0221158152388249,0.04755107207186972,0.898799002791246,0.9843899686874735
FILD or FILA ADJUDICATED,15,652485927,zebra,9,770,76,0.9960315512116533,0.0987012987012987,0.07958474714757134,0.12180205766150516,0.9844196976031211,1.0
FILD or FILA ADJUDICATED,15,652485927,genomic,0,770,9,0.00011702331364907337,0.011688311688311689,0.006161243000312308,0.022063477414615715,5.462752925584435e-07,0.0002645947055352182
FILD or FILA ADJUDICATED,15,652485927,genomic,1,769,16,0.000477292390496222,0.02080624187256177,0.01284691135930053,0.033529299973080455,0.00026505551452420817,0.000718793403934435
FILD or FILA ADJUDICATED,15,652485927,genomic,2,770,12,0.0010781647439515262,0.015584415584415584,0.008937040176158829,0.027041206405671363,0.0007190951679949068,0.0015164295232667562
FILD or FILA ADJUDICATED,15,652485927,genomic,3,769,14,0.002058250173254173,0.018205461638491547,0.010875078260352153,0.030325427299070243,0.0015167275032537985,0.002661773350330182
FILD or FILA ADJUDICATED,15,652485927,genomic,4,770,16,0.0035873192366084983,0.02077922077922078,0.012830175613871217,0.033486105857161864,0.0026642078919823678,0.004598934465491695
FILD or FILA ADJUDICATED,15,652485927,genomic,5,769,17,0.006146735384040469,0.022106631989596878,0.013847378881987714,0.03511668533687256,0.004599779737549802,0.008040072607578563
FILD or FILA ADJUDICATED,15,652485927,genomic,6,769,18,0.011322563532261751,0.02340702210663199,0.014856495571086814,0.03669542153425275,0.00804516557253684,0.01532606829369842
FILD or FILA ADJUDICATED,15,652485927,genomic,7,770,18,0.021180563540700324,0.023376623376623377,0.014837136266102694,0.036648162649531836,0.015337677050907555,0.02909110777686273
FILD or FILA ADJUDICATED,15,652485927,genomic,8,769,14,0.04410492552573254,0.018205461638491547,0.010875078260352153,0.030325427299070243,0.029156611944227813,0.06861819399022832
FILD or FILA ADJUDICATED,15,652485927,genomic,9,770,18,0.18217500726380195,0.023376623376623377,0.014837136266102694,0.036648162649531836,0.06873930527336793,0.8844898653382758
FILD or FILA ADJUDICATED,15,652485927,combined,0,770,4,0.01082854503575794,0.005194805194805195,0.0020219574690050306,0.013280219334419372,0.004777722548160709,0.013848720536731652
FILD or FILA ADJUDICATED,15,652485927,combined,1,769,6,0.016180906932254022,0.007802340702210663,0.003580646807040671,0.016917035660547395,0.013853390459837772,0.018324461250124532
FILD or FILA ADJUDICATED,15,652485927,combined,2,770,4,0.02096990042278909,0.005194805194805195,0.0020219574690050306,0.013280219334419372,0.018330026558099736,0.02363692524618261
FILD or FILA ADJUDICATED,15,652485927,combined,3,769,5,0.02645895229551404,0.006501950585175552,0.002780348414515579,0.015129481166593194,0.023641958254179796,0.02949218484635963
FILD or FILA ADJUDICATED,15,652485927,combined,4,770,4,0.0330700933163652,0.005194805194805195,0.0020219574690050306,0.013280219334419372,0.029497753177338302,0.0366065945266977
FILD or FILA ADJUDICATED,15,652485927,combined,5,769,9,0.041412353307238914,0.011703511053315995,0.006169270449727107,0.022091970677298834,0.0366072051418141,0.046633147427595445
FILD or FILA ADJUDICATED,15,652485927,combined,6,769,11,0.05329442624171572,0.014304291287386216,0.008005744470847457,0.025431202429137063,0.046670446816006655,0.06084512348104718
FILD or FILA ADJUDICATED,15,652485927,combined,7,770,13,0.0717539487517389,0.016883116883116882,0.009892721428977881,0.028670033875153024,0.06085650958035112,0.08464088651543154
FILD or FILA ADJUDICATED,15,652485927,combined,8,769,22,0.10985039835834895,0.02860858257477243,0.01896739582103829,0.04293593283021844,0.08465139931640593,0.14565364194542285
FILD or FILA ADJUDICATED,15,652485927,combined,9,770,74,0.29671683304402746,0.09610389610389611,0.07724637265453546,0.1189714147099396,0.1457240504401835,0.7717403137280813
FILD or FILA ADJUDICATED,16,1703799941,zebra,0,770,2,0.2318601406473012,0.0025974025974025974,0.0007125907061236786,0.009420568652699277,0.11052533634471677,0.2595342312515357
FILD or FILA ADJUDICATED,16,1703799941,zebra,1,769,2,0.2843266534131377,0.002600780234070221,0.0007135177289523901,0.009432753192718508,0.2595377195273793,0.3097860621109589
FILD or FILA ADJUDICATED,16,1703799941,zebra,2,770,4,0.34005531711402737,0.005194805194805195,0.0020219574690050306,0.013280219334419372,0.3098251927759929,0.3722326306867366
FILD or FILA ADJUDICATED,16,1703799941,zebra,3,769,5,0.4067409586257867,0.006501950585175552,0.002780348414515579,0.015129481166593194,0.37225914109998853,0.4430004186630965
FILD or FILA ADJUDICATED,16,1703799941,zebra,4,770,6,0.4865362486007279,0.007792207792207792,0.0035759904186376326,0.016895203829388215,0.44302324706577123,0.5374405249829425
FILD or FILA ADJUDICATED,16,1703799941,zebra,5,769,3,0.5981117223937508,0.0039011703511053317,0.001327618000260774,0.011406505807889416,0.5375047849740061,0.6637367749806213
FILD or FILA ADJUDICATED,16,1703799941,zebra,6,769,16,0.7299229158148882,0.02080624187256177,0.01284691135930053,0.033529299973080455,0.6639313742761924,0.7898361713635328
FILD or FILA ADJUDICATED,16,1703799941,zebra,7,770,16,0.844035050356736,0.02077922077922078,0.012830175613871217,0.033486105857161864,0.789896992430299,0.89888716529185
FILD or FILA ADJUDICATED,16,1703799941,zebra,8,769,21,0.9476375730172717,0.027308192457737322,0.017929533535624646,0.041385942229152796,0.8989333182452957,0.9846988562571408
FILD or FILA ADJUDICATED,16,1703799941,zebra,9,770,77,0.9962031244983323,0.1,0.08075559305709225,0.12321572047428499,0.984722294496873,1.0
FILD or FILA ADJUDICATED,16,1703799941,genomic,0,770,8,0.007664130334650132,0.01038961038961039,0.005273784940225151,0.020366426752402144,0.0010202270708530583,0.012807094425442747
FILD or FILA ADJUDICATED,16,1703799941,genomic,1,769,11,0.018272522265009992,0.014304291287386216,0.008005744470847457,0.025431202429137063,0.012819940590410635,0.0238440790638194
FILD or FILA ADJUDICATED,16,1703799941,genomic,2,770,16,0.030444378338439663,0.02077922077922078,0.012830175613871217,0.033486105857161864,0.02387301902687505,0.03757454490910938
FILD or FILA ADJUDICATED,16,1703799941,genomic,3,769,13,0.04597056367228519,0.016905071521456438,0.009905619514842359,0.028707033158100748,0.03761995888421926,0.0550398915683458
FILD or FILA ADJUDICATED,16,1703799941,genomic,4,770,16,0.06588873836615679,0.02077922077922078,0.012830175613871217,0.033486105857161864,0.05505008497813578,0.07775511928384114
FILD or FILA ADJUDICATED,16,1703799941,genomic,5,769,15,0.09198535393701666,0.01950585175552666,0.01185585151954993,0.03193250692635176,0.07775523330538656,0.10781992282025506
FILD or FILA ADJUDICATED,16,1703799941,genomic,6,769,14,0.12784759989685093,0.018205461638491547,0.010875078260352153,0.030325427299070243,0.10782047666504492,0.1510694944288198
FILD or FILA ADJUDICATED,16,1703799941,genomic,7,770,16,0.1803269855782239,0.02077922077922078,0.012830175613871217,0.033486105857161864,0.15126748318067398,0.215160556226439
FILD or FILA ADJUDICATED,16,1703799941,genomic,8,769,16,0.26613911623482095,0.02080624187256177,0.01284691135930053,0.033529299973080455,0.21543985760811313,0.32707482535722865
FILD or FILA ADJUDICATED,16,1703799941,genomic,9,770,27,0.45257152564229347,0.03506493506493506,0.02420895239571475,0.05053692502062628,0.3271950679468085,0.8816050299231204
FILD or FILA ADJUDICATED,16,1703799941,combined,0,770,2,0.009548634332743874,0.0025974025974025974,0.0007125907061236786,0.009420568652699277,0.0015853472985115778,0.014695548893097182
FILD or FILA ADJUDICATED,16,1703799941,combined,1,769,4,0.018983592878745747,0.005201560468140442,0.0020245891497467933,0.013297387544882687,0.014720316038400108,0.02371730292087792
FILD or FILA ADJUDICATED,16,1703799941,combined,2,770,1,0.029485226447189133,0.0012987012987012987,0.00022928946639889794,0.007319361170123334,0.023719120337657048,0.035682440158279365
FILD or FILA ADJUDICATED,16,1703799941,combined,3,769,6,0.04280780150488151,0.007802340702210663,0.003580646807040671,0.016917035660547395,0.03569193003274561,0.05085755372527211
FILD or FILA ADJUDICATED,16,1703799941,combined,4,770,6,0.06009181824470844,0.007792207792207792,0.0035759904186376326,0.016895203829388215,0.05086126692606382,0.0706609003900604
FILD or FILA ADJUDICATED,16,1703799941,combined,5,769,7,0.0851200751586353,0.009102730819245773,0.004416223152723785,0.01866931220134357,0.07068243189462592,0.10066352436228403
FILD or FILA ADJUDICATED,16,1703799941,combined,6,769,13,0.12165576714959261,0.016905071521456438,0.009905619514842359,0.028707033158100748,0.10066420131784634,0.1446563272571579
FILD or FILA ADJUDICATED,16,1703799941,combined,7,770,13,0.1802119987573926,0.016883116883116882,0.009892721428977881,0.028670033875153024,0.1447174189183462,0.22546140612069643
FILD or FILA ADJUDICATED,16,1703799941,combined,8,769,24,0.2964789292626073,0.031209362808842653,0.02106088189967261,0.0460181525245427,0.22549683694171907,0.3891129157345428
FILD or FILA ADJUDICATED,16,1703799941,combined,9,770,76,0.588258946433249,0.0987012987012987,0.07958474714757134,0.12180205766150516,0.389696180075405,0.9622207955787015
FILD or FILA ADJUDICATED,17,1940430485,zebra,0,770,3,0.23238458039763854,0.003896103896103896,0.0013258926936253902,0.011391775387498288,0.11052533634471677,0.26095244343517615
FILD or FILA ADJUDICATED,17,1940430485,zebra,1,769,1,0.2865544111480519,0.0013003901170351106,0.0002295876800841234,0.007328830355107483,0.26099906075218154,0.31382641006507933
FILD or FILA ADJUDICATED,17,1940430485,zebra,2,770,4,0.3448389996144963,0.005194805194805195,0.0020219574690050306,0.013280219334419372,0.3138532163788822,0.3782556368826368
FILD or FILA ADJUDICATED,17,1940430485,zebra,3,769,7,0.4134301510159639,0.009102730819245773,0.004416223152723785,0.01866931220134357,0.3783168895143431,0.4492273624574113
FILD or FILA ADJUDICATED,17,1940430485,zebra,4,770,8,0.49435209255706625,0.01038961038961039,0.005273784940225151,0.020366426752402144,0.4493382830520594,0.5461749441468922
FILD or FILA ADJUDICATED,17,1940430485,zebra,5,769,11,0.6075046841736242,0.014304291287386216,0.008005744470847457,0.025431202429137063,0.5462795610538824,0.6705597758755064
FILD or FILA ADJUDICATED,17,1940430485,zebra,6,769,11,0.7344645717569108,0.014304291287386216,0.008005744470847457,0.025431202429137063,0.6707924338791881,0.7921103357490558
FILD or FILA ADJUDICATED,17,1940430485,zebra,7,770,10,0.8472648945022542,0.012987012987012988,0.007069333631553706,0.02373989550567504,0.7921354450694238,0.901189661903329
FILD or FILA ADJUDICATED,17,1940430485,zebra,8,769,25,0.9510687814905577,0.032509752925877766,0.0221158152388249,0.04755107207186972,0.9012048016712629,0.9857425356329601
FILD or FILA ADJUDICATED,17,1940430485,zebra,9,770,72,0.9964013855502585,0.09350649350649351,0.07491255360413981,0.11613621631573379,0.9858032066519998,1.0
FILD or FILA ADJUDICATED,17,1940430485,genomic,0,770,14,0.0005357973695615632,0.01818181818181818,0.010860915582275707,0.030286348444155925,1.85932276485703e-05,0.0010382906840462006
FILD or FILA ADJUDICATED,17,1940430485,genomic,1,769,8,0.0017364074850705145,0.010403120936280884,0.005280654829476248,0.0203927334110704,0.0010405288314549914,0.002550017181843365
FILD or FILA ADJUDICATED,17,1940430485,genomic,2,770,11,0.0037989148351732357,0.014285714285714285,0.007995323688185082,0.025398414171344384,0.0025500817574819618,0.005206279003552432
FILD or FILA ADJUDICATED,17,1940430485,genomic,3,769,11,0.006920622208088,0.014304291287386216,0.008005744470847457,0.025431202429137063,0.005212273048679013,0.009096398555825107
FILD or FILA ADJUDICATED,17,1940430485,genomic,4,770,22,0.012163410960512148,0.02857142857142857,0.018942666074440347,0.04288066773039707,0.00910509717584754,0.015642236888479967
FILD or FILA ADJUDICATED,17,1940430485,genomic,5,769,19,0.020900973888374787,0.0247074122236671,0.01587360135768905,0.03826616863412981,0.015642334444129116,0.027178766014045952
FILD or FILA ADJUDICATED,17,1940430485,genomic,6,769,17,0.03628090038533925,0.022106631989596878,0.013847378881987714,0.03511668533687256,0.02722168237886815,0.04733123661215954
FILD or FILA ADJUDICATED,17,1940430485,genomic,7,770,17,0.06465386966046031,0.02207792207792208,0.01382933715277743,0.03507145304055638,0.04744455906803298,0.08590003236271695
FILD or FILA ADJUDICATED,17,1940430485,genomic,8,769,17,0.1290051136981908,0.022106631989596878,0.013847378881987714,0.03511668533687256,0.08592338212403515,0.18546597583085714
FILD or FILA ADJUDICATED,17,1940430485,genomic,9,770,16,0.3477130336901799,0.02077922077922078,0.012830175613871217,0.033486105857161864,0.18554350193704522,0.9067667900730635
FILD or FILA ADJUDICATED,17,1940430485,combined,0,770,3,0.010524892370472482,0.003896103896103896,0.0013258926936253902,0.011391775387498288,0.002812699925647957,0.014564328088997632
FILD or FILA ADJUDICATED,17,1940430485,combined,1,769,6,0.018193595062951505,0.007802340702210663,0.003580646807040671,0.016917035660547395,0.014574232617733584,0.021979051856971684
FILD or FILA ADJUDICATED,17,1940430485,combined,2,770,5,0.026368886510572793,0.006493506493506494,0.0027767335367897463,0.01510995198893538,0.021985236075676363,0.03093827043092544
FILD or FILA ADJUDICATED,17,1940430485,combined,3,769,4,0.03659663864238169,0.005201560468140442,0.0020245891497467933,0.013297387544882687,0.03095986081362152,0.042883914570389654
FILD or FILA ADJUDICATED,17,1940430485,combined,4,770,11,0.05026773159112344,0.014285714285714285,0.007995323688185082,0.025398414171344384,0.042902833592243936,0.05851104746024157
FILD or FILA ADJUDICATED,17,1940430485,combined,5,769,10,0.07068734538573265,0.013003901170351105,0.007078545900378475,0.023770548113126753,0.058539208452684253,0.08532402054054783
FILD or FILA ADJUDICATED,17,1940430485,combined,6,769,9,0.1038341337690805,0.011703511053315995,0.006169270449727107,0.022091970677298834,0.0853973054019595,0.12474992993035189
FILD or FILA ADJUDICATED,17,1940430485,combined,7,770,14,0.15432781308551674,0.01818181818181818,0.010860915582275707,0.030286348444155925,0.12475411699142978,0.19181909212205525
FILD or FILA ADJUDICATED,17,1940430485,combined,8,769,21,0.25152891176180714,0.027308192457737322,0.017929533535624646,0.041385942229152796,0.19184486517216726,0.3251155141660939
FILD or FILA ADJUDICATED,17,1940430485,combined,9,770,69,0.5184781326214264,0.08961038961038961,0.07142073783803138,0.11187450591494005,0.32525798602296335,0.8740932416112
FILD or FILA ADJUDICATED,18,908618432,zebra,0,770,3,0.2316613616704231,0.003896103896103896,0.0013258926936253902,0.011391775387498288,0.11693488945217027,0.26042717504277124
FILD or FILA ADJUDICATED,18,908618432,zebra,1,769,1,0.28627640033460455,0.0013003901170351106,0.0002295876800841234,0.007328830355107483,0.2605507168074891,0.31237812141757126
FILD or FILA ADJUDICATED,18,908618432,zebra,2,770,7,0.34298174058478714,0.00909090909090909,0.004410478976495486,0.01864522399383109,0.3124139229420949,0.3754533784657197
FILD or FILA ADJUDICATED,18,908618432,zebra,3,769,4,0.4106128305561405,0.005201560468140442,0.0020245891497467933,0.013297387544882687,0.3756760952334964,0.4477058143755784
FILD or FILA ADJUDICATED,18,908618432,zebra,4,770,11,0.49462124924404344,0.014285714285714285,0.007995323688185082,0.025398414171344384,0.4477151358421824,0.5473893599396664
FILD or FILA ADJUDICATED,18,908618432,zebra,5,769,10,0.6058163342087385,0.013003901170351105,0.007078545900378475,0.023770548113126753,0.5476393176499057,0.6700763923966143
FILD or FILA ADJUDICATED,18,908618432,zebra,6,769,8,0.7397208191094958,0.010403120936280884,0.005280654829476248,0.0203927334110704,0.6703025118052282,0.800156329417954
FILD or FILA ADJUDICATED,18,908618432,zebra,7,770,10,0.854852498902848,0.012987012987012988,0.007069333631553706,0.02373989550567504,0.8004555005644389,0.9085010652190294
FILD or FILA ADJUDICATED,18,908618432,zebra,8,769,20,0.9555339481455348,0.02600780234070221,0.016898117575631134,0.03982950530266702,0.9086342865970354,0.9874135235232654
FILD or FILA ADJUDICATED,18,908618432,zebra,9,770,78,0.9969383041829573,0.1012987012987013,0.08192751953281167,0.1246283027208663,0.9874447825853907,1.0
FILD or FILA ADJUDICATED,18,908618432,genomic,0,770,11,0.008183902065735788,0.014285714285714285,0.007995323688185082,0.025398414171344384,0.0014234995410214455,0.012748178179196741
FILD or FILA ADJUDICATED,18,908618432,genomic,1,769,12,0.01761378851593941,0.015604681404421327,0.008948690331271528,0.027076109455192295,0.012749495980228382,0.0224520513037537
FILD or FILA ADJUDICATED,18,908618432,genomic,2,770,16,0.028891532155429226,0.02077922077922078,0.012830175613871217,0.033486105857161864,0.022459566513508562,0.036258628379021045
FILD or FILA ADJUDICATED,18,908618432,genomic,3,769,12,0.04489658944384165,0.015604681404421327,0.008948690331271528,0.027076109455192295,0.03626035775561522,0.05451085155275034
FILD or FILA ADJUDICATED,18,908618432,genomic,4,770,16,0.06664432569166412,0.02077922077922078,0.012830175613871217,0.033486105857161864,0.0545306956369767,0.08039214734445863
FILD or FILA ADJUDICATED,18,908618432,genomic,5,769,13,0.09623559601640434,0.016905071521456438,0.009905619514842359,0.028707033158100748,0.08039381874977068,0.11335917641669478
FILD or FILA ADJUDICATED,18,908618432,genomic,6,769,17,0.13825379842796526,0.022106631989596878,0.013847378881987714,0.03511668533687256,0.11358314410376613,0.16731773899493502
FILD or FILA ADJUDICATED,18,908618432,genomic,7,770,13,0.2014587851025593,0.016883116883116882,0.009892721428977881,0.028670033875153024,0.16735704204585278,0.24553302064573965
FILD or FILA ADJUDICATED,18,908618432,genomic,8,769,18,0.30398502530549876,0.02340702210663199,0.014856495571086814,0.03669542153425275,0.24554086222064217,0.3721437306759485
FILD or FILA ADJUDICATED,18,908618432,genomic,9,770,24,0.5178415873355569,0.03116883116883117,0.021033415527337528,0.04595893572210135,0.37230638294767887,0.8998569966180758
FILD or FILA ADJUDICATED,18,908618432,combined,0,770,2,0.022195098147667274,0.0025974025974025974,0.0007125907061236786,0.009420568652699277,0.008162129639778786,0.02926495716657465
FILD or FILA ADJUDICATED,18,908618432,combined,1,769,4,0.0351752800873495,0.005201560468140442,0.0020245891497467933,0.013297387544882687,0.02927207353554702,0.04148922592679417
FILD or FILA ADJUDICATED,18,908618432,combined,2,770,5,0.049231698759679546,0.006493506493506494,0.0027767335367897463,0.01510995198893538,0.0414918397732187,0.05783668324685783
FILD or FILA ADJUDICATED,18,908618432,combined,3,769,7,0.0692148508436131,0.009102730819245773,0.004416223152723785,0.01866931220134357,0.057871247643231226,0.0833405469330335
FILD or FILA ADJUDICATED,18,908618432,combined,4,770,10,0.10279686880337839,0.012987012987012988,0.007069333631553706,0.02373989550567504,0.08334729819653776,0.12430728482823158
FILD or FILA ADJUDICATED,18,908618432,combined,5,769,6,0.15383752947743845,0.007802340702210663,0.003580646807040671,0.016917035660547395,0.12437423855729263,0.18738990262058486
FILD or FILA ADJUDICATED,18,908618432,combined,6,769,11,0.22272707626270677,0.014304291287386216,0.008005744470847457,0.025431202429137063,0.18743220030637506,0.2598581473539271
FILD or FILA ADJUDICATED,18,908618432,combined,7,770,8,0.30509232452099877,0.01038961038961039,0.005273784940225151,0.020366426752402144,0.25988003542141297,0.3526179774825822
FILD or FILA ADJUDICATED,18,908618432,combined,8,769,15,0.4124751311281687,0.01950585175552666,0.01185585151954993,0.03193250692635176,0.3526683654249114,0.47773477993426616
FILD or FILA ADJUDICATED,18,908618432,combined,9,770,84,0.5933555854350397,0.10909090909090909,0.08898079075880169,0.1330820838286806,0.47775960829016084,0.8485634082197312
FILD or FILA ADJUDICATED,19,1691610011,zebra,0,770,2,0.23151604433169756,0.0025974025974025974,0.0007125907061236786,0.009420568652699277,0.11052533634471677,0.2601982884591711
FILD or FILA ADJUDICATED,19,1691610011,zebra,1,769,1,0.28747172533346355,0.0013003901170351106,0.0002295876800841234,0.007328830355107483,0.2603712147413345,0.3141082182410059
FILD or FILA ADJUDICATED,19,1691610011,zebra,2,770,4,0.34468076851930696,0.005194805194805195,0.0020219574690050306,0.013280219334419372,0.31417476516546644,0.37605806753507426
FILD or FILA ADJUDICATED,19,1691610011,zebra,3,769,3,0.41143455519215166,0.0039011703511053317,0.001327618000260774,0.011406505807889416,0.37606160153816026,0.4486562263513438
FILD or FILA ADJUDICATED,19,1691610011,zebra,4,770,5,0.4923920547754224,0.006493506493506494,0.0027767335367897463,0.01510995198893538,0.44868642390728164,0.5418524641444505
FILD or FILA ADJUDICATED,19,1691610011,zebra,5,769,10,0.6043583062610797,0.013003901170351105,0.007078545900378475,0.023770548113126753,0.5418736368405029,0.6694562869243691
FILD or FILA ADJUDICATED,19,1691610011,zebra,6,769,13,0.7349051158116333,0.016905071521456438,0.009905619514842359,0.028707033158100748,0.6695284955270118,0.7937301011637126
FILD or FILA ADJUDICATED,19,1691610011,zebra,7,770,13,0.848696893780532,0.016883116883116882,0.009892721428977881,0.028670033875153024,0.7941226953828616,0.9005276567023855
FILD or FILA ADJUDICATED,19,1691610011,zebra,8,769,24,0.9506898459636303,0.031209362808842653,0.02106088189967261,0.0460181525245427,0.9009422577424787,0.9853533817341006
FILD or FILA ADJUDICATED,19,1691610011,zebra,9,770,77,0.9965839868790073,0.1,0.08075559305709225,0.12321572047428499,0.9853734854622751,1.0
FILD or FILA ADJUDICATED,19,1691610011,genomic,0,770,8,0.04115594314545997,0.01038961038961039,0.005273784940225151,0.020366426752402144,0.0029383637960766797,0.06462658199732552
FILD or FILA ADJUDICATED,19,1691610011,genomic,1,769,10,0.08268648553053176,0.013003901170351105,0.007078545900378475,0.023770548113126753,0.0647220445941358,0.10184294334585839
FILD or FILA ADJUDICATED,19,1691610011,genomic,2,770,16,0.12223867818374945,0.02077922077922078,0.012830175613871217,0.033486105857161864,0.10188825229804414,0.14311798648670276
FILD or FILA ADJUDICATED,19,1691610011,genomic,3,769,17,0.16300519272045594,0.022106631989596878,0.013847378881987714,0.03511668533687256,0.1431340436263397,0.18314411532765937
FILD or FILA ADJUDICATED,19,1691610011,genomic,4,770,16,0.20456098182555404,0.02077922077922078,0.012830175613871217,0.033486105857161864,0.18315607261402433,0.2290909692174844
FILD or FILA ADJUDICATED,19,1691610011,genomic,5,769,17,0.25321231397717814,0.022106631989596878,0.013847378881987714,0.03511668533687256,0.22932027775127492,0.2794281393122313
FILD or FILA ADJUDICATED,19,1691610011,genomic,6,769,10,0.31124682470254383,0.013003901170351105,0.007078545900378475,0.023770548113126753,0.279584586417025,0.34357984852085444
FILD or FILA ADJUDICATED,19,1691610011,genomic,7,770,16,0.3844026596702424,0.02077922077922078,0.012830175613871217,0.033486105857161864,0.34359332626482125,0.4282703000954779
FILD or FILA ADJUDICATED,19,1691610011,genomic,8,769,12,0.4867501788648644,0.015604681404421327,0.008948690331271528,0.027076109455192295,0.4283265177388437,0.5595505672059847
FILD or FILA ADJUDICATED,19,1691610011,genomic,9,770,30,0.6874322750711667,0.03896103896103896,0.027425421610463595,0.05507398197277961,0.5600427523267979,0.9193681207289331
FILD or FILA ADJUDICATED,19,1691610011,combined,0,770,4,0.034301993425469926,0.005194805194805195,0.0020219574690050306,0.013280219334419372,0.016976102627218746,0.04422938753051355
FILD or FILA ADJUDICATED,19,1691610011,combined,1,769,2,0.054437713602396486,0.002600780234070221,0.0007135177289523901,0.009432753192718508,0.04424363486954931,0.06519055435481055
FILD or FILA ADJUDICATED,19,1691610011,combined,2,770,3,0.07717072901911959,0.003896103896103896,0.0013258926936253902,0.011391775387498288,0.06526789496126555,0.09069116571696667
FILD or FILA ADJUDICATED,19,1691610011,combined,3,769,8,0.10446759338200316,0.010403120936280884,0.005280654829476248,0.0203927334110704,0.09074235994027158,0.11883256032294594
FILD or FILA ADJUDICATED,19,1691610011,combined,4,770,3,0.13440197292654332,0.003896103896103896,0.0013258926936253902,0.011391775387498288,0.11883914839064277,0.15024394377954867
FILD or FILA ADJUDICATED,19,1691610011,combined,5,769,12,0.16656225985142,0.015604681404421327,0.008948690331271528,0.027076109455192295,0.15025556470620272,0.18367196588610643
FILD or FILA ADJUDICATED,19,1691610011,combined,6,769,12,0.2042951180201742,0.015604681404421327,0.008948690331271528,0.027076109455192295,0.18376159328811886,0.22682087027139003
FILD or FILA ADJUDICATED,19,1691610011,combined,7,770,14,0.2595228303322257,0.01818181818181818,0.010860915582275707,0.030286348444155925,0.22683093558375153,0.2982053313883025
FILD or FILA ADJUDICATED,19,1691610011,combined,8,769,20,0.3491632850889325,0.02600780234070221,0.016898117575631134,0.03982950530266702,0.29829637969816714,0.40215879077994066
FILD or FILA ADJUDICATED,19,1691610011,combined,9,770,74,0.5271253571091455,0.09610389610389611,0.07724637265453546,0.1189714147099396,0.40240169508429857,0.7582228395938124
FILD or FILA ADJUDICATED,20,1552999739,zebra,0,770,1,0.23123879317450197,0.0012987012987012987,0.00022928946639889794,0.007319361170123334,0.11693488945217027,0.26079868222778724
FILD or FILA ADJUDICATED,20,1552999739,zebra,1,769,2,0.28722721237817933,0.002600780234070221,0.0007135177289523901,0.009432753192718508,0.2608962737897288,0.3136785307331101
FILD or FILA ADJUDICATED,20,1552999739,zebra,2,770,5,0.3446372080147835,0.006493506493506494,0.0027767335367897463,0.01510995198893538,0.31368937483522585,0.3782008532247399
FILD or FILA ADJUDICATED,20,1552999739,zebra,3,769,7,0.4127344418890591,0.009102730819245773,0.004416223152723785,0.01866931220134357,0.37821837889202076,0.4479285752187333
FILD or FILA ADJUDICATED,20,1552999739,zebra,4,770,10,0.4932668764681253,0.012987012987012988,0.007069333631553706,0.02373989550567504,0.44798440931734274,0.5433213455863211
FILD or FILA ADJUDICATED,20,1552999739,zebra,5,769,8,0.6012852695565363,0.010403120936280884,0.005280654829476248,0.0203927334110704,0.543539525335139,0.6610983369942656
FILD or FILA ADJUDICATED,20,1552999739,zebra,6,769,7,0.7278566016781826,0.009102730819245773,0.004416223152723785,0.01866931220134357,0.6615039843134092,0.7887575909874593
FILD or FILA ADJUDICATED,20,1552999739,zebra,7,770,14,0.8443393495701942,0.01818181818181818,0.010860915582275707,0.030286348444155925,0.7889768531409792,0.8981964241969762
FILD or FILA ADJUDICATED,20,1552999739,zebra,8,769,21,0.9495505256685599,0.027308192457737322,0.017929533535624646,0.041385942229152796,0.8984329645210939,0.9860843461239837
FILD or FILA ADJUDICATED,20,1552999739,zebra,9,770,77,0.9965655702305658,0.1,0.08075559305709225,0.12321572047428499,0.986090694495255,1.0
FILD or FILA ADJUDICATED,20,1552999739,genomic,0,770,9,0.0216978243802901,0.011688311688311689,0.006161243000312308,0.022063477414615715,0.0023277525759247473,0.03186941321764952
FILD or FILA ADJUDICATED,20,1552999739,genomic,1,769,11,0.041225055148756434,0.014304291287386216,0.008005744470847457,0.025431202429137063,0.031872197574558864,0.05003464632479971
FILD or FILA ADJUDICATED,20,1552999739,genomic,2,770,7,0.058827357282732064,0.00909090909090909,0.004410478976495486,0.01864522399383109,0.05010039876929023,0.0677347382074081
FILD or FILA ADJUDICATED,20,1552999739,genomic,3,769,10,0.07752742253024417,0.013003901170351105,0.007078545900378475,0.023770548113126753,0.06773567686553669,0.0882375598294713
FILD or FILA ADJUDICATED,20,1552999739,genomic,4,770,24,0.10033095320307907,0.03116883116883117,0.021033415527337528,0.04595893572210135,0.08828460158067883,0.11303873673898446
FILD or FILA ADJUDICATED,20,1552999739,genomic,5,769,15,0.12776037012633823,0.01950585175552666,0.01185585151954993,0.03193250692635176,0.11304265416524832,0.14243266819696346
FILD or FILA ADJUDICATED,20,1552999739,genomic,6,769,15,0.16089252650964497,0.01950585175552666,0.01185585151954993,0.03193250692635176,0.14244660042159385,0.1813232839025223
FILD or FILA ADJUDICATED,20,1552999739,genomic,7,770,15,0.20672373701189622,0.01948051948051948,0.011840409174050253,0.0318913635746821,0.1813903379733674,0.23508642591787615
FILD or FILA ADJUDICATED,20,1552999739,genomic,8,769,17,0.2786375548378122,0.022106631989596878,0.013847378881987714,0.03511668533687256,0.23515818100097433,0.33305947080974607
FILD or FILA ADJUDICATED,20,1552999739,genomic,9,770,29,0.4505185475188955,0.03766233766233766,0.02634909255576484,0.05356580230517764,0.3332259910334487,0.8075576629319152
FILD or FILA ADJUDICATED,20,1552999739,combined,0,770,2,0.04703920836305385,0.0025974025974025974,0.0007125907061236786,0.009420568652699277,0.021180660453232306,0.05838770745512576
FILD or FILA ADJUDICATED,20,1552999739,combined,1,769,4,0.06699756085893684,0.005201560468140442,0.0020245891497467933,0.013297387544882687,0.05840108862322508,0.07499921748595235
FILD or FILA ADJUDICATED,20,1552999739,combined,2,770,6,0.08379443792888629,0.007792207792207792,0.0035759904186376326,0.016895203829388215,0.07500223406561976,0.09309771451865756
FILD or FILA ADJUDICATED,20,1552999739,combined,3,769,4,0.10407828824736994,0.005201560468140442,0.0020245891497467933,0.013297387544882687,0.09315179078072079,0.11603133218220807
FILD or FILA ADJUDICATED,20,1552999739,combined,4,770,8,0.13237056795331603,0.01038961038961039,0.005273784940225151,0.020366426752402144,0.11603457784615397,0.15196092068880052
FILD or FILA ADJUDICATED,20,1552999739,combined,5,769,9,0.17825837448507365,0.011703511053315995,0.006169270449727107,0.022091970677298834,0.1520032616960508,0.20877502443941603
FILD or FILA ADJUDICATED,20,1552999739,combined,6,769,8,0.24171258115396793,0.010403120936280884,0.005280654829476248,0.0203927334110704,0.2088203827114278,0.274580463142073
FILD or FILA ADJUDICATED,20,1552999739,combined,7,770,12,0.3143734166959241,0.015584415584415584,0.008937040176158829,0.027041206405671363,0.27467904883131955,0.3564935296058626
FILD or FILA ADJUDICATED,20,1552999739,combined,8,769,15,0.4177984200842266,0.01950585175552666,0.01185585151954993,0.03193250692635176,0.3565027963124907,0.48765498662383655
FILD or FILA ADJUDICATED,20,1552999739,combined,9,770,84,0.5880294140528641,0.10909090909090909,0.08898079075880169,0.1330820838286806,0.48774514019149756,0.8163233175972402
FILD or FILA ADJUDICATED,21,9901539,zebra,0,770,1,0.2319617892240487,0.0012987012987012987,0.00022928946639889794,0.007319361170123334,0.11052533634471677,0.2606748348571001
FILD or FILA ADJUDICATED,21,9901539,zebra,1,769,2,0.28517784080880754,0.002600780234070221,0.0007135177289523901,0.009432753192718508,0.2607572849048813,0.31044486610500327
FILD or FILA ADJUDICATED,21,9901539,zebra,2,770,4,0.3398003154308058,0.005194805194805195,0.0020219574690050306,0.013280219334419372,0.3105256754942942,0.37116929306467183
FILD or FILA ADJUDICATED,21,9901539,zebra,3,769,4,0.4051139755069055,0.005201560468140442,0.0020245891497467933,0.013297387544882687,0.3711992981781743,0.4430004186630965
FILD or FILA ADJUDICATED,21,9901539,zebra,4,770,6,0.4890225984019059,0.007792207792207792,0.0035759904186376326,0.016895203829388215,0.44305511428543076,0.5405732793825522
FILD or FILA ADJUDICATED,21,9901539,zebra,5,769,11,0.6028573454306985,0.014304291287386216,0.008005744470847457,0.025431202429137063,0.5406148926383858,0.6676453929864515
FILD or FILA ADJUDICATED,21,9901539,zebra,6,769,6,0.7344698245494715,0.007802340702210663,0.003580646807040671,0.016917035660547395,0.6677034443254622,0.7952997811114956
FILD or FILA ADJUDICATED,21,9901539,zebra,7,770,14,0.8507035561053868,0.01818181818181818,0.010860915582275707,0.030286348444155925,0.7956201096020127,0.9041726185512803
FILD or FILA ADJUDICATED,21,9901539,zebra,8,769,26,0.9534692928492169,0.033810143042912875,0.02317580344494089,0.04907893675223302,0.9042426403322399,0.9861384169293421
FILD or FILA ADJUDICATED,21,9901539,zebra,9,770,78,0.9966342615324771,0.1012987012987013,0.08192751953281167,0.1246283027208663,0.9861733406921771,1.0
FILD or FILA ADJUDICATED,21,9901539,genomic,0,770,7,0.054495779033895346,0.00909090909090909,0.004410478976495486,0.01864522399383109,0.01833048745520052,0.06710244269953407
FILD or FILA ADJUDICATED,21,9901539,genomic,1,769,12,0.08938675916158338,0.015604681404421327,0.008948690331271528,0.027076109455192295,0.06710492368945198,0.14619750415051552
FILD or FILA ADJUDICATED,21,9901539,genomic,2,770,13,0.16590798279939278,0.016883116883116882,0.009892721428977881,0.028670033875153024,0.14620771386598544,0.177675145316267
FILD or FILA ADJUDICATED,21,9901539,genomic,3,769,12,0.18337657508244354,0.015604681404421327,0.008948690331271528,0.027076109455192295,0.17776055794774143,0.18803704421334316
FILD or FILA ADJUDICATED,21,9901539,genomic,4,770,10,0.19185697048663983,0.012987012987012988,0.007069333631553706,0.02373989550567504,0.1880632634081571,0.19510322081471973
FILD or FILA ADJUDICATED,21,9901539,genomic,5,769,18,0.19831100726714765,0.02340702210663199,0.014856495571086814,0.03669542153425275,0.19511567221732973,0.20144353225375372
FILD or FILA ADJUDICATED,21,9901539,genomic,6,769,12,0.20468068186308472,0.015604681404421327,0.008948690331271528,0.027076109455192295,0.20144353225375372,0.20795133913198693
FILD or FILA ADJUDICATED,21,9901539,genomic,7,770,15,0.2119799959840339,0.01948051948051948,0.011840409174050253,0.0318913635746821,0.20795133913198693,0.21665102514916693
FILD or FILA ADJUDICATED,21,9901539,genomic,8,769,13,0.22617250894383945,0.016905071521456438,0.009905619514842359,0.028707033158100748,0.21666932424347243,0.24711166660997388
FILD or FILA ADJUDICATED,21,9901539,genomic,9,770,40,0.2714934884025633,0.05194805194805195,0.03837894604260543,0.06996554476364501,0.24714829979084504,0.31101591422059255
FILD or FILA ADJUDICATED,21,9901539,combined,0,770,4,0.0005100181571969578,0.005194805194805195,0.0020219574690050306,0.013280219334419372,4.826780036938822e-05,0.0008979463616843608
FILD or FILA ADJUDICATED,21,9901539,combined,1,769,3,0.001337361553386214,0.0039011703511053317,0.001327618000260774,0.011406505807889416,0.0008984027290491818,0.0018360290621053429
FILD or FILA ADJUDICATED,21,9901539,combined,2,770,3,0.0025438012924034093,0.003896103896103896,0.0013258926936253902,0.011391775387498288,0.0018389917636799527,0.003336862266987978
FILD or FILA ADJUDICATED,21,9901539,combined,3,769,5,0.004473356181982591,0.006501950585175552,0.002780348414515579,0.015129481166593194,0.003339923644098811,0.005827360647816926
FILD or FILA ADJUDICATED,21,9901539,combined,4,770,4,0.007571835778164122,0.005194805194805195,0.0020219574690050306,0.013280219334419372,0.0058284744398061855,0.00973752698271358
FILD or FILA ADJUDICATED,21,9901539,combined,5,769,13,0.013102413820485959,0.016905071521456438,0.009905619514842359,0.028707033158100748,0.009741001791307982,0.017211743058490832
FILD or FILA ADJUDICATED,21,9901539,combined,6,769,11,0.02412201908200308,0.014304291287386216,0.008005744470847457,0.025431202429137063,0.017222991491708226,0.033106329751227334
FILD or FILA ADJUDICATED,21,9901539,combined,7,770,13,0.04884761502445986,0.016883116883116882,0.009892721428977881,0.028670033875153024,0.033114087811051275,0.068809711621045
FILD or FILA ADJUDICATED,21,9901539,combined,8,769,26,0.10821849953549785,0.033810143042912875,0.02317580344494089,0.04907893675223302,0.06889008414352807,0.1656751094327181
FILD or FILA ADJUDICATED,21,9901539,combined,9,770,70,0.39743516791427363,0.09090909090909091,0.07258345829677551,0.11329629417849665,0.165982689003393,0.9801911502549978
FILD or FILA ADJUDICATED,22,814105639,zebra,0,770,2,0.2324121725106644,0.0025974025974025974,0.0007125907061236786,0.009420568652699277,0.11693488945217027,0.26115603578262536
FILD or FILA ADJUDICATED,22,814105639,zebra,1,769,1,0.28638345275958044,0.0013003901170351106,0.0002295876800841234,0.007328830355107483,0.2611638888339737,0.3119538397677216
FILD or FILA ADJUDICATED,22,814105639,zebra,2,770,6,0.34135469233465093,0.007792207792207792,0.0035759904186376326,0.016895203829388215,0.31197732063783695,0.373671192654601
FILD or FILA ADJUDICATED,22,814105639,zebra,3,769,4,0.40926965528436055,0.005201560468140442,0.0020245891497467933,0.013297387544882687,0.37368099139752986,0.44729874340067893
FILD or FILA ADJUDICATED,22,814105639,zebra,4,770,6,0.49161817829186244,0.007792207792207792,0.0035759904186376326,0.016895203829388215,0.4473804798830254,0.5407678656479292
FILD or FILA ADJUDICATED,22,814105639,zebra,5,769,8,0.6033609831661422,0.010403120936280884,0.005280654829476248,0.0203927334110704,0.5407863218214698,0.6669227467367701
FILD or FILA ADJUDICATED,22,814105639,zebra,6,769,12,0.7333067162146143,0.015604681404421327,0.008948690331271528,0.027076109455192295,0.6671378515740566,0.7934061048039297
FILD or FILA ADJUDICATED,22,814105639,zebra,7,770,11,0.8477289068999517,0.014285714285714285,0.007995323688185082,0.025398414171344384,0.7934919360090515,0.9026265878413079
FILD or FILA ADJUDICATED,22,814105639,zebra,8,769,19,0.9517476532432475,0.0247074122236671,0.01587360135768905,0.03826616863412981,0.9029687037824873,0.9869404095019643
FILD or FILA ADJUDICATED,22,814105639,zebra,9,770,83,0.9968857916920787,0.10779220779220779,0.0878027436258213,0.13167562223936025,0.9869461498123293,1.0
FILD or FILA ADJUDICATED,22,814105639,genomic,0,770,13,2.3739131901597526e-06,0.016883116883116882,0.009892721428977881,0.028670033875153024,7.025283501175508e-08,4.717929525718499e-06
FILD or FILA ADJUDICATED,22,814105639,genomic,1,769,14,7.567818499173137e-06,0.018205461638491547,0.010875078260352153,0.030325427299070243,4.722679587880289e-06,1.0920628535483902e-05
FILD or FILA ADJUDICATED,22,814105639,genomic,2,770,12,1.5882507911931726e-05,0.015584415584415584,0.008937040176158829,0.027041206405671363,1.0922113546744633e-05,2.218194158134884e-05
FILD or FILA ADJUDICATED,22,814105639,genomic,3,769,13,3.0285849075730148e-05,0.016905071521456438,0.009905619514842359,0.028707033158100748,2.2183700525933734e-05,3.991003465288352e-05
FILD or FILA ADJUDICATED,22,814105639,genomic,4,770,12,5.440368134963129e-05,0.015584415584415584,0.008937040176158829,0.027041206405671363,4.002005186578328e-05,7.129373636430766e-05
FILD or FILA ADJUDICATED,22,814105639,genomic,5,769,14,9.738156788420259e-05,0.018205461638491547,0.010875078260352153,0.030325427299070243,7.132456421506136e-05,0.0001279184826971048
FILD or FILA ADJUDICATED,22,814105639,genomic,6,769,17,0.0001778519070806408,0.022106631989596878,0.013847378881987714,0.03511668533687256,0.0001281240680153761,0.00024016117625937704
FILD or FILA ADJUDICATED,22,814105639,genomic,7,770,16,0.0003544976849050622,0.02077922077922078,0.012830175613871217,0.033486105857161864,0.00024018197966282976,0.0005155909059143094
FILD or FILA ADJUDICATED,22,814105639,genomic,8,769,25,0.0009154681806779889,0.032509752925877766,0.0221158152388249,0.04755107207186972,0.0005166353023921473,0.0016142959519336814
FILD or FILA ADJUDICATED,22,814105639,genomic,9,770,16,0.011890526417626472,0.02077922077922078,0.012830175613871217,0.033486105857161864,0.0016146037959992433,0.3093522308220783
FILD or FILA ADJUDICATED,22,814105639,combined,0,770,2,0.018174790539747937,0.0025974025974025974,0.0007125907061236786,0.009420568652699277,0.00995596435631184,0.02260184002799252
FILD or FILA ADJUDICATED,22,814105639,combined,1,769,3,0.026235390094825586,0.0039011703511053317,0.001327618000260774,0.011406505807889416,0.022603442676011117,0.029982726644659344
FILD or FILA ADJUDICATED,22,814105639,combined,2,770,8,0.03458628988444686,0.01038961038961039,0.005273784940225151,0.020366426752402144,0.029992949809844245,0.039374693044566554
FILD or FILA ADJUDICATED,22,814105639,combined,3,769,1,0.046051743728400575,0.0013003901170351106,0.0002295876800841234,0.007328830355107483,0.03940877275543079,0.05347327679756743
FILD or FILA ADJUDICATED,22,814105639,combined,4,770,5,0.0619570334826138,0.006493506493506494,0.0027767335367897463,0.01510995198893538,0.05347580505228131,0.07080184607257954
FILD or FILA ADJUDICATED,22,814105639,combined,5,769,7,0.08242479704393213,0.009102730819245773,0.004416223152723785,0.01866931220134357,0.07087022652977829,0.0939711228234366
FILD or FILA ADJUDICATED,22,814105639,combined,6,769,10,0.10849058670415772,0.013003901170351105,0.007078545900378475,0.023770548113126753,0.09397728247292571,0.12470230572709019
FILD or FILA ADJUDICATED,22,814105639,combined,7,770,12,0.1479297125366716,0.015584415584415584,0.008937040176158829,0.027041206405671363,0.12471055412496083,0.1751060998127022
FILD or FILA ADJUDICATED,22,814105639,combined,8,769,22,0.21376629502644992,0.02860858257477243,0.01896739582103829,0.04293593283021844,0.17510975769234707,0.2624144189372109
FILD or FILA ADJUDICATED,22,814105639,combined,9,770,82,0.3654057749909979,0.10649350649350649,0.08662567599181079,0.13026818115107003,0.26245158252094514,0.6101409422932228
FILD or FILA ADJUDICATED,23,1109149096,zebra,0,770,3,0.23353770599226312,0.003896103896103896,0.0013258926936253902,0.011391775387498288,0.11052533634471677,0.26280161537040997
FILD or FILA ADJUDICATED,23,1109149096,zebra,1,769,2,0.2884028447643477,0.002600780234070221,0.0007135177289523901,0.009432753192718508,0.26286504287269014,0.3141319913763451
FILD or FILA ADJUDICATED,23,1109149096,zebra,2,770,4,0.3440997087929521,0.005194805194805195,0.0020219574690050306,0.013280219334419372,0.31418714569765976,0.3754533784657197
FILD or FILA ADJUDICATED,23,1109149096,zebra,3,769,2,0.4122771619784881,0.002600780234070221,0.0007135177289523901,0.009432753192718508,0.37556410307577726,0.4495140671623082
FILD or FILA ADJUDICATED,23,1109149096,zebra,4,770,7,0.4933306192063995,0.00909090909090909,0.004410478976495486,0.01864522399383109,0.44973227909715946,0.543539525335139
FILD or FILA ADJUDICATED,23,1109149096,zebra,5,769,7,0.603171305208831,0.009102730819245773,0.004416223152723785,0.01866931220134357,0.5435939073302997,0.6644593682619329
FILD or FILA ADJUDICATED,23,1109149096,zebra,6,769,9,0.7295066207511957,0.011703511053315995,0.006169270449727107,0.022091970677298834,0.6644660370297129,0.7892800059753806
FILD or FILA ADJUDICATED,23,1109149096,zebra,7,770,14,0.8454474947996037,0.01818181818181818,0.010860915582275707,0.030286348444155925,0.7896947460373092,0.9004332446160401
FILD or FILA ADJUDICATED,23,1109149096,zebra,8,769,21,0.9491138985510491,0.027308192457737322,0.017929533535624646,0.041385942229152796,0.9005024272058008,0.9859617212522348
FILD or FILA ADJUDICATED,23,1109149096,zebra,9,770,83,0.9966044641371578,0.10779220779220779,0.0878027436258213,0.13167562223936025,0.9859879776718901,1.0
FILD or FILA ADJUDICATED,23,1109149096,genomic,0,770,9,0.000957875750558894,0.011688311688311689,0.006161243000312308,0.022063477414615715,8.353684565126331e-05,0.001822549081217609
FILD or FILA ADJUDICATED,23,1109149096,genomic,1,769,12,0.003023716659737454,0.015604681404421327,0.008948690331271528,0.027076109455192295,0.0018232890401536804,0.004603157528937268
FILD or FILA ADJUDICATED,23,1109149096,genomic,2,770,14,0.0067973888088910285,0.01818181818181818,0.010860915582275707,0.030286348444155925,0.004610308661090304,0.009361753717014169
FILD or FILA ADJUDICATED,23,1109149096,genomic,3,769,12,0.014091690933788084,0.015604681404421327,0.008948690331271528,0.027076109455192295,0.00936318756740096,0.020488895490668377
FILD or FILA ADJUDICATED,23,1109149096,genomic,4,770,10,0.029681565306291954,0.012987012987012988,0.007069333631553706,0.02373989550567504,0.02049264511480775,0.04091196837220536
FILD or FILA ADJUDICATED,23,1109149096,genomic,5,769,13,0.056026740763567805,0.016905071521456438,0.009905619514842359,0.028707033158100748,0.040925006370713536,0.07326212649322476
FILD or FILA ADJUDICATED,23,1109149096,genomic,6,769,23,0.0969378905267823,0.02990897269180754,0.02001129965969971,0.04447988187803632,0.07326531644073607,0.12293549231388866
FILD or FILA ADJUDICATED,23,1109149096,genomic,7,770,15,0.16090052938119223,0.01948051948051948,0.011840409174050253,0.0318913635746821,0.12294673832211658,0.20429605685186472
FILD or FILA ADJUDICATED,23,1109149096,genomic,8,769,20,0.26502499959252174,0.02600780234070221,0.016898117575631134,0.03982950530266702,0.20435978337757962,0.3446293563658075
FILD or FILA ADJUDICATED,23,1109149096,genomic,9,770,24,0.49835046464665445,0.03116883116883117,0.021033415527337528,0.04595893572210135,0.3451666078358171,0.9436718733632767
FILD or FILA ADJUDICATED,23,1109149096,combined,0,770,2,0.019803022933227398,0.0025974025974025974,0.0007125907061236786,0.009420568652699277,0.01428595581635464,0.02237250355074744
FILD or FILA ADJUDICATED,23,1109149096,combined,1,769,3,0.02523194263063803,0.0039011703511053317,0.001327618000260774,0.011406505807889416,0.022384260573417213,0.02845582686348081
FILD or FILA ADJUDICATED,23,1109149096,combined,2,770,5,0.034171863709958485,0.006493506493506494,0.0027767335367897463,0.01510995198893538,0.028480930449642422,0.04017432630009031
FILD or FILA ADJUDICATED,23,1109149096,combined,3,769,4,0.04616722280913456,0.005201560468140442,0.0020245891497467933,0.013297387544882687,0.04018631740108589,0.05210674109184878
FILD or FILA ADJUDICATED,23,1109149096,combined,4,770,7,0.058636809039921925,0.00909090909090909,0.004410478976495486,0.01864522399383109,0.05210739494650238,0.06505827379150561
FILD or FILA ADJUDICATED,23,1109149096,combined,5,769,4,0.07217901242156723,0.005201560468140442,0.0020245891497467933,0.013297387544882687,0.06506157767458366,0.08007137359800393
FILD or FILA ADJUDICATED,23,1109149096,combined,6,769,9,0.0896529775462825,0.011703511053315995,0.006169270449727107,0.022091970677298834,0.08009215386640495,0.10028264769009981
FILD or FILA ADJUDICATED,23,1109149096,combined,7,770,16,0.11627329765717612,0.02077922077922078,0.012830175613871217,0.033486105857161864,0.10031701233648312,0.13637772421557987
FILD or FILA ADJUDICATED,23,1109149096,combined,8,769,12,0.17110612939570036,0.015604681404421327,0.008948690331271528,0.027076109455192295,0.13651674943722264,0.21714077729443182
FILD or FILA ADJUDICATED,23,1109149096,combined,9,770,90,0.2735921571355824,0.11688311688311688,0.09606882457192827,0.14150110234935834,0.21734677211839934,0.40651512297583514
FILD or FILA ADJUDICATED,24,1128551543,zebra,0,770,2,0.23108618322377958,0.0025974025974025974,0.0007125907061236786,0.009420568652699277,0.11052533634471677,0.259396712561809
FILD or FILA ADJUDICATED,24,1128551543,zebra,1,769,1,0.2843187098324721,0.0013003901170351106,0.0002295876800841234,0.007328830355107483,0.25939918206443147,0.3093683307330287
FILD or FILA ADJUDICATED,24,1128551543,zebra,2,770,4,0.34064008256897416,0.005194805194805195,0.0020219574690050306,0.013280219334419372,0.30949990577912817,0.3739053703651477
FILD or FILA ADJUDICATED,24,1128551543,zebra,3,769,4,0.4087183359439767,0.005201560468140442,0.0020245891497467933,0.013297387544882687,0.3739114697393811,0.4466615380919113
FILD or FILA ADJUDICATED,24,1128551543,zebra,4,770,6,0.49200093874823153,0.007792207792207792,0.0035759904186376326,0.016895203829388215,0.44672905390816225,0.5406148926383858
FILD or FILA ADJUDICATED,24,1128551543,zebra,5,769,4,0.599724184902476,0.005201560468140442,0.0020245891497467933,0.013297387544882687,0.5407244457573239,0.662980433012624
FILD or FILA ADJUDICATED,24,1128551543,zebra,6,769,12,0.7300720127025369,0.015604681404421327,0.008948690331271528,0.027076109455192295,0.663606189031817,0.7905263866651004
FILD or FILA ADJUDICATED,24,1128551543,zebra,7,770,14,0.8466552240965739,0.01818181818181818,0.010860915582275707,0.030286348444155925,0.7906546756562879,0.901450315923878
FILD or FILA ADJUDICATED,24,1128551543,zebra,8,769,22,0.9515517423912335,0.02860858257477243,0.01896739582103829,0.04293593283021844,0.9015635813244769,0.985389945076186
FILD or FILA ADJUDICATED,24,1128551543,zebra,9,770,83,0.9966047354958447,0.10779220779220779,0.0878027436258213,0.13167562223936025,0.9854116329818159,1.0
FILD or FILA ADJUDICATED,24,1128551543,genomic,0,770,9,0.017751052879450897,0.011688311688311689,0.006161243000312308,0.022063477414615715,0.001768636075904518,0.0278232313576018
FILD or FILA ADJUDICATED,24,1128551543,genomic,1,769,13,0.0383480657737924,0.016905071521456438,0.009905619514842359,0.028707033158100748,0.027860104806000523,0.04862398674321735
FILD or FILA ADJUDICATED,24,1128551543,genomic,2,770,21,0.059905677414115246,0.02727272727272727,0.017906160074157684,0.04133266500837901,0.048636192999932035,0.07178795364404218
FILD or FILA ADJUDICATED,24,1128551543,genomic,3,769,10,0.083053206524564,0.013003901170351105,0.007078545900378475,0.023770548113126753,0.07181728464268629,0.09582511586982512
FILD or FILA ADJUDICATED,24,1128551543,genomic,4,770,13,0.110026365558307,0.016883116883116882,0.009892721428977881,0.028670033875153024,0.09588889737910315,0.12459888558967004
FILD or FILA ADJUDICATED,24,1128551543,genomic,5,769,15,0.1413924402141729,0.01950585175552666,0.01185585151954993,0.03193250692635176,0.1246449855978755,0.15982169920481498
FILD or FILA ADJUDICATED,24,1128551543,genomic,6,769,18,0.18375511917588883,0.02340702210663199,0.014856495571086814,0.03669542153425275,0.15985611205900382,0.210601839056854
FILD or FILA ADJUDICATED,24,1128551543,genomic,7,770,14,0.24355178155437823,0.01818181818181818,0.010860915582275707,0.030286348444155925,0.21063894846181785,0.2815027075518563
FILD or FILA ADJUDICATED,24,1128551543,genomic,8,769,19,0.3359473687932744,0.0247074122236671,0.01587360135768905,0.03826616863412981,0.2817294904974194,0.40179679221215825
FILD or FILA ADJUDICATED,24,1128551543,genomic,9,770,20,0.5344606326472613,0.025974025974025976,0.016876091691355087,0.03977822466888089,0.40191196998085144,0.8850093558167996
FILD or FILA ADJUDICATED,24,1128551543,combined,0,770,3,0.035229046424962156,0.003896103896103896,0.0013258926936253902,0.011391775387498288,0.014056324894470952,0.046227750009953675
FILD or FILA ADJUDICATED,24,1128551543,combined,1,769,4,0.055594808330195075,0.005201560468140442,0.0020245891497467933,0.013297387544882687,0.046247921849994635,0.06474022956142257
FILD or FILA ADJUDICATED,24,1128551543,combined,2,770,4,0.07453031535091076,0.005194805194805195,0.0020219574690050306,0.013280219334419372,0.06483796497196825,0.08471355679432699
FILD or FILA ADJUDICATED,24,1128551543,combined,3,769,4,0.09672744323948762,0.005201560468140442,0.0020245891497467933,0.013297387544882687,0.08473793962653098,0.10978754182872145
FILD or FILA ADJUDICATED,24,1128551543,combined,4,770,3,0.12487363118207674,0.003896103896103896,0.0013258926936253902,0.011391775387498288,0.10978978920012294,0.14211748641570934
FILD or FILA ADJUDICATED,24,1128551543,combined,5,769,6,0.16090569794335072,0.007802340702210663,0.003580646807040671,0.016917035660547395,0.14211957923865526,0.1815829515152721
FILD or FILA ADJUDICATED,24,1128551543,combined,6,769,6,0.2049000897504429,0.007802340702210663,0.003580646807040671,0.016917035660547395,0.18159815171814506,0.23227810534510862
FILD or FILA ADJUDICATED,24,1128551543,combined,7,770,17,0.2634225294368221,0.02207792207792208,0.01382933715277743,0.03507145304055638,0.2322783488866381,0.29878900238619627
FILD or FILA ADJUDICATED,24,1128551543,combined,8,769,23,0.34876201233303,0.02990897269180754,0.02001129965969971,0.04447988187803632,0.2988464924936723,0.40565933159813033
FILD or FILA ADJUDICATED,24,1128551543,combined,9,770,82,0.5220193109928685,0.10649350649350649,0.08662567599181079,0.13026818115107003,0.40575143911743533,0.8590788976801979
FILD or FILA ADJUDICATED,25,159583996,zebra,0,770,1,0.23252823374000142,0.0012987012987012987,0.00022928946639889794,0.007319361170123334,0.11052533634471677,0.26204427209140113
FILD or FILA ADJUDICATED,25,159583996,zebra,1,769,2,0.28810037289870344,0.002600780234070221,0.0007135177289523901,0.009432753192718508,0.2621058455556229,0.31404436152586895
FILD or FILA ADJUDICATED,25,159583996,zebra,2,770,5,0.3446073531792437,0.006493506493506494,0.0027767335367897463,0.01510995198893538,0.3141082182410059,0.3783168895143431
FILD or FILA ADJUDICATED,25,159583996,zebra,3,769,6,0.41352766682753184,0.007802340702210663,0.003580646807040671,0.016917035660547395,0.3783803695638669,0.4500096473658561
FILD or FILA ADJUDICATED,25,159583996,zebra,4,770,8,0.49688984520801455,0.01038961038961039,0.005273784940225151,0.020366426752402144,0.45024637996287137,0.5469308211408764
FILD or FILA ADJUDICATED,25,159583996,zebra,5,769,8,0.6076246930517898,0.010403120936280884,0.005280654829476248,0.0203927334110704,0.5473800313847698,0.6684634110766353
FILD or FILA ADJUDICATED,25,159583996,zebra,6,769,12,0.7361302529148227,0.015604681404421327,0.008948690331271528,0.027076109455192295,0.6685165612516426,0.7972319250193957
FILD or FILA ADJUDICATED,25,159583996,zebra,7,770,10,0.8524311401640547,0.012987012987012988,0.007069333631553706,0.02373989550567504,0.797723185961675,0.9054978180310456
FILD or FILA ADJUDICATED,25,159583996,zebra,8,769,25,0.9518061271817502,0.032509752925877766,0.0221158152388249,0.04755107207186972,0.9055663083326406,0.9852882260270938
FILD or FILA ADJUDICATED,25,159583996,zebra,9,770,75,0.9964158927351091,0.09740259740259741,0.07841500055802125,0.12038729552875452,0.9852913008258685,1.0
FILD or FILA ADJUDICATED,25,159583996,genomic,0,770,14,0.021425737211944785,0.01818181818181818,0.010860915582275707,0.030286348444155925,0.0022355294335992637,0.034144319996046876
FILD or FILA ADJUDICATED,25,159583996,genomic,1,769,10,0.04571405964151614,0.013003901170351105,0.007078545900378475,0.023770548113126753,0.03414936218629479,0.05711831984876998
FILD or FILA ADJUDICATED,25,159583996,genomic,2,770,12,0.06820410175664106,0.015584415584415584,0.008937040176158829,0.027041206405671363,0.05715576284695182,0.07922146222026527
FILD or FILA ADJUDICATED,25,159583996,genomic,3,769,10,0.09301593084531007,0.013003901170351105,0.007078545900378475,0.023770548113126753,0.07923845882247824,0.10695442358799107
FILD or FILA ADJUDICATED,25,159583996,genomic,4,770,13,0.12252596446136235,0.016883116883116882,0.009892721428977881,0.028670033875153024,0.10700753666313594,0.13926765930486765
FILD or FILA ADJUDICATED,25,159583996,genomic,5,769,12,0.15817873998931947,0.015604681404421327,0.008948690331271528,0.027076109455192295,0.13929260963989712,0.17879529711346778
FILD or FILA ADJUDICATED,25,159583996,genomic,6,769,23,0.20208516636439194,0.02990897269180754,0.02001129965969971,0.04447988187803632,0.17883443516842315,0.22928529621036148
FILD or FILA ADJUDICATED,25,159583996,genomic,7,770,22,0.26181587963885994,0.02857142857142857,0.018942666074440347,0.04288066773039707,0.22930762005709515,0.3001723499053494
FILD or FILA ADJUDICATED,25,159583996,genomic,8,769,23,0.3514700511511972,0.02990897269180754,0.02001129965969971,0.04447988187803632,0.30019535429526617,0.415389678848189
FILD or FILA ADJUDICATED,25,159583996,genomic,9,770,13,0.5411314045207104,0.016883116883116882,0.009892721428977881,0.028670033875153024,0.41546235140751847,0.9150702372162925
FILD or FILA ADJUDICATED,25,159583996,combined,0,770,4,0.031033228158012433,0.005194805194805195,0.0020219574690050306,0.013280219334419372,0.004263006017469594,0.045048917297779954
FILD or FILA ADJUDICATED,25,159583996,combined,1,769,3,0.05708925350890658,0.0039011703511053317,0.001327618000260774,0.011406505807889416,0.04508600053299953,0.0687651695661308
FILD or FILA ADJUDICATED,25,159583996,combined,2,770,5,0.08065931440118851,0.006493506493506494,0.0027767335367897463,0.01510995198893538,0.06877856485722533,0.09354692148446024
FILD or FILA ADJUDICATED,25,159583996,combined,3,769,8,0.10824855518589453,0.010403120936280884,0.005280654829476248,0.0203927334110704,0.09357166571042361,0.12365660681385884
FILD or FILA ADJUDICATED,25,159583996,combined,4,770,11,0.1418548690921149,0.014285714285714285,0.007995323688185082,0.025398414171344384,0.12366916257699365,0.16158724315728848
FILD or FILA ADJUDICATED,25,159583996,combined,5,769,16,0.1850335908314505,0.02080624187256177,0.01284691135930053,0.033529299973080455,0.16162454609231064,0.21089412499128482
FILD or FILA ADJUDICATED,25,159583996,combined,6,769,5,0.24023853470978163,0.006501950585175552,0.002780348414515579,0.015129481166593194,0.2109397895808495,0.27332053202813905
FILD or FILA ADJUDICATED,25,159583996,combined,7,770,11,0.3087384033412527,0.014285714285714285,0.007995323688185082,0.025398414171344384,0.2734045088336342,0.3502087567675221
FILD or FILA ADJUDICATED,25,159583996,combined,8,769,12,0.4055677725212463,0.015604681404421327,0.008948690331271528,0.027076109455192295,0.35023262698102486,0.4712709567036598
FILD or FILA ADJUDICATED,25,159583996,combined,9,770,77,0.6351819926727987,0.1,0.08075559305709225,0.12321572047428499,0.47138174989170933,0.9428418533393861
FILD or FILA ADJUDICATED,26,2074640194,zebra,0,770,3,0.23239022895807138,0.003896103896103896,0.0013258926936253902,0.011391775387498288,0.11052533634471677,0.2615897480367035
FILD or FILA ADJUDICATED,26,2074640194,zebra,1,769,1,0.2871435192672513,0.0013003901170351106,0.0002295876800841234,0.007328830355107483,0.2616884930296223,0.31282001579730256
FILD or FILA ADJUDICATED,26,2074640194,zebra,2,770,5,0.3441883980225089,0.006493506493506494,0.0027767335367897463,0.01510995198893538,0.31284944483864957,0.37784322513235363
FILD or FILA ADJUDICATED,26,2074640194,zebra,3,769,6,0.4138521218554704,0.007802340702210663,0.003580646807040671,0.016917035660547395,0.3779206649922867,0.45048888544909566
FILD or FILA ADJUDICATED,26,2074640194,zebra,4,770,7,0.49436085270827257,0.00909090909090909,0.004410478976495486,0.01864522399383109,0.45056645567438347,0.5436876473428899
FILD or FILA ADJUDICATED,26,2074640194,zebra,5,769,9,0.6078983452601531,0.011703511053315995,0.006169270449727107,0.022091970677298834,0.5443461105674552,0.6718328006495807
FILD or FILA ADJUDICATED,26,2074640194,zebra,6,769,9,0.7359106985649313,0.011703511053315995,0.006169270449727107,0.022091970677298834,0.6720257218332231,0.7952997811114956
FILD or FILA ADJUDICATED,26,2074640194,zebra,7,770,10,0.850754529029925,0.012987012987012988,0.007069333631553706,0.02373989550567504,0.7955217259992097,0.9065121102304886
FILD or FILA ADJUDICATED,26,2074640194,zebra,8,769,25,0.9535204700545505,0.032509752925877766,0.0221158152388249,0.04755107207186972,0.907020189746174,0.9860131772949529
FILD or FILA ADJUDICATED,26,2074640194,zebra,9,770,77,0.9963864960997387,0.1,0.08075559305709225,0.12321572047428499,0.9860235587738928,1.0
FILD or FILA ADJUDICATED,26,2074640194,genomic,0,770,10,0.0009657157214806976,0.012987012987012988,0.007069333631553706,0.02373989550567504,3.0258295950068896e-05,0.0018443995334817456
FILD or FILA ADJUDICATED,26,2074640194,genomic,1,769,17,0.0030423067267011227,0.022106631989596878,0.013847378881987714,0.03511668533687256,0.0018445824035248054,0.00432037536725107
FILD or FILA ADJUDICATED,26,2074640194,genomic,2,770,16,0.006050465248974097,0.02077922077922078,0.012830175613871217,0.033486105857161864,0.004322032170830425,0.008056067639304441
FILD or FILA ADJUDICATED,26,2074640194,genomic,3,769,13,0.01066074557311779,0.016905071521456438,0.009905619514842359,0.028707033158100748,0.008067885087273274,0.013634561543028329
FILD or FILA ADJUDICATED,26,2074640194,genomic,4,770,13,0.017474766657615153,0.016883116883116882,0.009892721428977881,0.028670033875153024,0.01363645977409972,0.022134219825615517
FILD or FILA ADJUDICATED,26,2074640194,genomic,5,769,13,0.027907601905339318,0.016905071521456438,0.009905619514842359,0.028707033158100748,0.02214119575924084,0.03480286797995736
FILD or FILA ADJUDICATED,26,2074640194,genomic,6,769,14,0.04451689771647885,0.018205461638491547,0.010875078260352153,0.030325427299070243,0.03481963055437995,0.05609031760453481
FILD or FILA ADJUDICATED,26,2074640194,genomic,7,770,19,0.07412333759111724,0.024675324675324677,0.015852913748522608,0.03821689388941264,0.05614860203467159,0.09626674843923966
FILD or FILA ADJUDICATED,26,2074640194,genomic,8,769,16,0.13603773310410283,0.02080624187256177,0.01284691135930053,0.033529299973080455,0.0962668479590385,0.19225700173905352
FILD or FILA ADJUDICATED,26,2074640194,genomic,9,770,21,0.35417298819812615,0.02727272727272727,0.017906160074157684,0.04133266500837901,0.19230718970904667,0.8708080435859957
FILD or FILA ADJUDICATED,26,2074640194,combined,0,770,5,0.013216887783576513,0.006493506493506494,0.0027767335367897463,0.01510995198893538,0.0017581542324310929,0.02028873874521853
FILD or FILA ADJUDICATED,26,2074640194,combined,1,769,1,0.027645502659543023,0.0013003901170351106,0.0002295876800841234,0.007328830355107483,0.0203042548144145,0.035696580463581755
FILD or FILA ADJUDICATED,26,2074640194,combined,2,770,5,0.046952261831696,0.006493506493506494,0.0027767335367897463,0.01510995198893538,0.03574744585110629,0.059307229532524965
FILD or FILA ADJUDICATED,26,2074640194,combined,3,769,5,0.07485627587779471,0.006501950585175552,0.002780348414515579,0.015129481166593194,0.059317597915645205,0.09099678177902625
FILD or FILA ADJUDICATED,26,2074640194,combined,4,770,6,0.11149924506639843,0.007792207792207792,0.0035759904186376326,0.016895203829388215,0.09103716328356441,0.13347371625412663
FILD or FILA ADJUDICATED,26,2074640194,combined,5,769,5,0.15913445095420775,0.006501950585175552,0.002780348414515579,0.015129481166593194,0.13352194954323918,0.18781006980666093
FILD or FILA ADJUDICATED,26,2074640194,combined,6,769,15,0.22129110470583335,0.01950585175552666,0.01185585151954993,0.03193250692635176,0.18783904373360608,0.2546886922148517
FILD or FILA ADJUDICATED,26,2074640194,combined,7,770,12,0.297168807606633,0.015584415584415584,0.008937040176158829,0.027041206405671363,0.254695556028674,0.34546837252944657
FILD or FILA ADJUDICATED,26,2074640194,combined,8,769,23,0.41245306996822556,0.02990897269180754,0.02001129965969971,0.04447988187803632,0.3454943515224284,0.491349853967481
FILD or FILA ADJUDICATED,26,2074640194,combined,9,770,75,0.6391690865692963,0.09740259740259741,0.07841500055802125,0.12038729552875452,0.4914576686350968,0.9742998018808889
FILD or FILA ADJUDICATED,27,143163447,zebra,0,770,1,0.23168664334857028,0.0012987012987012987,0.00022928946639889794,0.007319361170123334,0.11693488945217027,0.2607572849048813
FILD or FILA ADJUDICATED,27,143163447,zebra,1,769,2,0.2867352910472497,0.002600780234070221,0.0007135177289523901,0.009432753192718508,0.26079868222778724,0.31284944483864957
FILD or FILA ADJUDICATED,27,143163447,zebra,2,770,5,0.34399864283986553,0.006493506493506494,0.0027767335367897463,0.01510995198893538,0.31291398691300093,0.37691177527654185
FILD or FILA ADJUDICATED,27,143163447,zebra,3,769,5,0.41243262484122534,0.006501950585175552,0.002780348414515579,0.015129481166593194,0.37696740349922486,0.4492273624574113
FILD or FILA ADJUDICATED,27,143163447,zebra,4,770,7,0.4932530638889338,0.00909090909090909,0.004410478976495486,0.01864522399383109,0.4493099110550881,0.5425467058335705
FILD or FILA ADJUDICATED,27,143163447,zebra,5,769,10,0.6052349798019899,0.013003901170351105,0.007078545900378475,0.023770548113126753,0.5425677717168197,0.671442579284791
FILD or FILA ADJUDICATED,27,143163447,zebra,6,769,14,0.7346830362667798,0.018205461638491547,0.010875078260352153,0.030325427299070243,0.6715718147775875,0.7915953991790097
FILD or FILA ADJUDICATED,27,143163447,zebra,7,770,13,0.8466989437537621,0.016883116883116882,0.009892721428977881,0.028670033875153024,0.7916819582987223,0.9003282979708815
FILD or FILA ADJUDICATED,27,143163447,zebra,8,769,21,0.9504576998268721,0.027308192457737322,0.017929533535624646,0.041385942229152796,0.9005024272058008,0.9863920183099711
FILD or FILA ADJUDICATED,27,143163447,zebra,9,770,74,0.9967952634742892,0.09610389610389611,0.07724637265453546,0.1189714147099396,0.9864755416882522,1.0
FILD or FILA ADJUDICATED,27,143163447,genomic,0,770,9,0.00222155212021975,0.011688311688311689,0.006161243000312308,0.022063477414615715,0.0004997401049951987,0.003410042304847711
FILD or FILA ADJUDICATED,27,143163447,genomic,1,769,12,0.0045924226713341615,0.015604681404421327,0.008948690331271528,0.027076109455192295,0.0034104812400433215,0.005866396526602984
FILD or FILA ADJUDICATED,27,143163447,genomic,2,770,16,0.007213151929498268,0.02077922077922078,0.012830175613871217,0.033486105857161864,0.0058693379796915645,0.008743573358893038
FILD or FILA ADJUDICATED,27,143163447,genomic,3,769,17,0.01052894004628962,0.022106631989596878,0.013847378881987714,0.03511668533687256,0.008744017895985804,0.012578747501376478
FILD or FILA ADJUDICATED,27,143163447,genomic,4,770,12,0.015042942752554599,0.015584415584415584,0.008937040176158829,0.027041206405671363,0.012587254936405307,0.017868101549702982
FILD or FILA ADJUDICATED,27,143163447,genomic,5,769,13,0.02171493493559824,0.016905071521456438,0.009905619514842359,0.028707033158100748,0.017889062989230955,0.026113246270385256
FILD or FILA ADJUDICATED,27,143163447,genomic,6,769,15,0.03180741439038883,0.01950585175552666,0.01185585151954993,0.03193250692635176,0.026132851453734948,0.03863336402100959
FILD or FILA ADJUDICATED,27,143163447,genomic,7,770,22,0.04819558285674742,0.02857142857142857,0.018942666074440347,0.04288066773039707,0.038678842591510124,0.059878619021581564
FILD or FILA ADJUDICATED,27,143163447,genomic,8,769,21,0.07972574197840822,0.027308192457737322,0.017929533535624646,0.041385942229152796,0.059888521293435255,0.10735756843329908
FILD or FILA ADJUDICATED,27,143163447,genomic,9,770,15,0.2167858735766715,0.01948051948051948,0.011840409174050253,0.0318913635746821,0.10737355341747955,0.8044656342741544
FILD or FILA ADJUDICATED,27,143163447,combined,0,770,4,0.017594614637599374,0.005194805194805195,0.0020219574690050306,0.013280219334419372,0.012418805271128234,0.020157021598213164
FILD or FILA ADJUDICATED,27,143163447,combined,1,769,5,0.0222034235714958,0.006501950585175552,0.002780348414515579,0.015129481166593194,0.02016023695801681,0.024134599386397365
FILD or FILA ADJUDICATED,27,143163447,combined,2,770,4,0.026108286081910653,0.005194805194805195,0.0020219574690050306,0.013280219334419372,0.02413935011576487,0.028117855653088154
FILD or FILA ADJUDICATED,27,143163447,combined,3,769,3,0.03040671289364815,0.0039011703511053317,0.001327618000260774,0.011406505807889416,0.02812295688726646,0.032845817423324736
FILD or FILA ADJUDICATED,27,143163447,combined,4,770,6,0.03576796452234201,0.007792207792207792,0.0035759904186376326,0.016895203829388215,0.032855645341511475,0.03930277992182229
FILD or FILA ADJUDICATED,27,143163447,combined,5,769,10,0.043170073677649135,0.013003901170351105,0.007078545900378475,0.023770548113126753,0.03930469681221523,0.04761402720951029
FILD or FILA ADJUDICATED,27,143163447,combined,6,769,8,0.05329131941678577,0.010403120936280884,0.005280654829476248,0.0203927334110704,0.04763359832463288,0.06014784819304751
FILD or FILA ADJUDICATED,27,143163447,combined,7,770,13,0.0699046774874003,0.016883116883116882,0.009892721428977881,0.028670033875153024,0.06016463213850235,0.08228133654082695
FILD or FILA ADJUDICATED,27,143163447,combined,8,769,21,0.10495068891035793,0.027308192457737322,0.017929533535624646,0.041385942229152796,0.08229220502833408,0.13628628248641442
FILD or FILA ADJUDICATED,27,143163447,combined,9,770,78,0.20514220708309042,0.1012987012987013,0.08192751953281167,0.1246283027208663,0.13646028366730625,0.439179603067247
FILD or FILA ADJUDICATED,28,1669194470,zebra,0,770,1,0.23206481915525728,0.0012987012987012987,0.00022928946639889794,0.007319361170123334,0.1314070368880061,0.26042717504277124
FILD or FILA ADJUDICATED,28,1669194470,zebra,1,769,1,0.2866007558909185,0.0013003901170351106,0.0002295876800841234,0.007328830355107483,0.2606166535515202,0.3129862315705276
FILD or FILA ADJUDICATED,28,1669194470,zebra,2,770,5,0.34481013571706653,0.006493506493506494,0.0027767335367897463,0.01510995198893538,0.3130243882443571,0.3782556368826368
FILD or FILA ADJUDICATED,28,1669194470,zebra,3,769,3,0.41305747717317964,0.0039011703511053317,0.001327618000260774,0.011406505807889416,0.3783168895143431,0.4492273624574113
FILD or FILA ADJUDICATED,28,1669194470,zebra,4,770,8,0.49252617425324996,0.01038961038961039,0.005273784940225151,0.020366426752402144,0.4493099110550881,0.5417735484207977
FILD or FILA ADJUDICATED,28,1669194470,zebra,5,769,11,0.6038922747606633,0.014304291287386216,0.008005744470847457,0.025431202429137063,0.5421931634455274,0.6690035811683993
FILD or FILA ADJUDICATED,28,1669194470,zebra,6,769,10,0.7331190727742164,0.013003901170351105,0.007078545900378475,0.023770548113126753,0.6690088408159459,0.7927303182113955
FILD or FILA ADJUDICATED,28,1669194470,zebra,7,770,10,0.847621499753021,0.012987012987012988,0.007069333631553706,0.02373989550567504,0.7931774164190927,0.9010687245335479
FILD or FILA ADJUDICATED,28,1669194470,zebra,8,769,25,0.9522669161539574,0.032509752925877766,0.0221158152388249,0.04755107207186972,0.9011530019691986,0.9861733406921771
FILD or FILA ADJUDICATED,28,1669194470,zebra,9,770,78,0.9966317246186186,0.1012987012987013,0.08192751953281167,0.1246283027208663,0.9862464078157572,1.0
FILD or FILA ADJUDICATED,28,1669194470,genomic,0,770,7,0.010494208987456986,0.00909090909090909,0.004410478976495486,0.01864522399383109,0.0005058100469048407,0.01823394876917828
FILD or FILA ADJUDICATED,28,1669194470,genomic,1,769,12,0.0264737984458706,0.015604681404421327,0.008948690331271528,0.027076109455192295,0.018243624602973442,0.035351124076512315
FILD or FILA ADJUDICATED,28,1669194470,genomic,2,770,8,0.04667519649030287,0.01038961038961039,0.005273784940225151,0.020366426752402144,0.03541277452578339,0.05820116277357086
FILD or FILA ADJUDICATED,28,1669194470,genomic,3,769,13,0.07462583708683478,0.016905071521456438,0.009905619514842359,0.028707033158100748,0.05833195890192876,0.0916500364115354
FILD or FILA ADJUDICATED,28,1669194470,genomic,4,770,15,0.11103470971052051,0.01948051948051948,0.011840409174050253,0.0318913635746821,0.09177923095890887,0.13178666661576957
FILD or FILA ADJUDICATED,28,1669194470,genomic,5,769,19,0.15673944738164733,0.0247074122236671,0.01587360135768905,0.03826616863412981,0.13179151332622188,0.18435471601279982
FILD or FILA ADJUDICATED,28,1669194470,genomic,6,769,11,0.21610236482706346,0.014304291287386216,0.008005744470847457,0.025431202429137063,0.1844862104686654,0.25045129119760173
FILD or FILA ADJUDICATED,28,1669194470,genomic,7,770,18,0.29501011048012177,0.023376623376623377,0.014837136266102694,0.036648162649531836,0.2505694198404431,0.3436224571042166
FILD or FILA ADJUDICATED,28,1669194470,genomic,8,769,24,0.40765754166557255,0.031209362808842653,0.02106088189967261,0.0460181525245427,0.34363404833245415,0.48088571909589906
FILD or FILA ADJUDICATED,28,1669194470,genomic,9,770,25,0.5943624952553955,0.032467532467532464,0.022086969431753586,0.04748989053998599,0.48103967644410417,0.8938948748537889
FILD or FILA ADJUDICATED,28,1669194470,combined,0,770,3,0.042644973752380466,0.003896103896103896,0.0013258926936253902,0.011391775387498288,0.024977763912499094,0.04992097124009959
FILD or FILA ADJUDICATED,28,1669194470,combined,1,769,1,0.05614322157127589,0.0013003901170351106,0.0002295876800841234,0.007328830355107483,0.04993684521213604,0.06224484899310674
FILD or FILA ADJUDICATED,28,1669194470,combined,2,770,2,0.06858168177000704,0.0025974025974025974,0.0007125907061236786,0.009420568652699277,0.06224895401151736,0.07600696866034343
FILD or FILA ADJUDICATED,28,1669194470,combined,3,769,7,0.08395763974950807,0.009102730819245773,0.004416223152723785,0.01866931220134357,0.07601476504598159,0.09168468285336996
FILD or FILA ADJUDICATED,28,1669194470,combined,4,770,9,0.09970725664431561,0.011688311688311689,0.006161243000312308,0.022063477414615715,0.09170012278704505,0.10818715115135105
FILD or FILA ADJUDICATED,28,1669194470,combined,5,769,6,0.11744362018573534,0.007802340702210663,0.003580646807040671,0.016917035660547395,0.10820372649901594,0.12794798959878315
FILD or FILA ADJUDICATED,28,1669194470,combined,6,769,8,0.1401192243214484,0.010403120936280884,0.005280654829476248,0.0203927334110704,0.12794812970038388,0.1535462467475917
FILD or FILA ADJUDICATED,28,1669194470,combined,7,770,16,0.16848521479400008,0.02077922077922078,0.012830175613871217,0.033486105857161864,0.1535590617052006,0.1861976980976793
FILD or FILA ADJUDICATED,28,1669194470,combined,8,769,22,0.211244138763224,0.02860858257477243,0.01896739582103829,0.04293593283021844,0.18620820962138382,0.2422544213567165
FILD or FILA ADJUDICATED,28,1669194470,combined,9,770,78,0.2899816214647129,0.1012987012987013,0.08192751953281167,0.1246283027208663,0.24238823642848137,0.39380930791792107
FILD or FILA ADJUDICATED,29,1234196783,zebra,0,770,3,0.23390245001421192,0.003896103896103896,0.0013258926936253902,0.011391775387498288,0.11693488945217027,0.2626714844315883
FILD or FILA ADJUDICATED,29,1234196783,zebra,1,769,2,0.28925993375596787,0.002600780234070221,0.0007135177289523901,0.009432753192718508,0.26280161537040997,0.3155748695226757
FILD or FILA ADJUDICATED,29,1234196783,zebra,2,770,6,0.34637583421532475,0.007792207792207792,0.0035759904186376326,0.016895203829388215,0.3156208686946933,0.3795264843613482
FILD or FILA ADJUDICATED,29,1234196783,zebra,3,769,4,0.41559953231946567,0.005201560468140442,0.0020245891497467933,0.013297387544882687,0.379599774761013,0.4514396713089271
FILD or FILA ADJUDICATED,29,1234196783,zebra,4,770,5,0.4975897125996793,0.006493506493506494,0.0027767335367897463,0.01510995198893538,0.4516542026555688,0.54942425249649
FILD or FILA ADJUDICATED,29,1234196783,zebra,5,769,8,0.6091099255410432,0.010403120936280884,0.005280654829476248,0.0203927334110704,0.5494529442999345,0.6704488006158001
FILD or FILA ADJUDICATED,29,1234196783,zebra,6,769,13,0.7351072067500419,0.016905071521456438,0.009905619514842359,0.028707033158100748,0.6705597758755064,0.7955217259992097
FILD or FILA ADJUDICATED,29,1234196783,zebra,7,770,6,0.8481510772980838,0.007792207792207792,0.0035759904186376326,0.016895203829388215,0.7957256523521344,0.901450315923878
FILD or FILA ADJUDICATED,29,1234196783,zebra,8,769,24,0.9518518706900598,0.031209362808842653,0.02106088189967261,0.0460181525245427,0.9015635813244769,0.9860584996624647
FILD or FILA ADJUDICATED,29,1234196783,zebra,9,770,81,0.9965878793314408,0.10519480519480519,0.08544960345108563,0.12885974496949448,0.986090694495255,1.0
FILD or FILA ADJUDICATED,29,1234196783,genomic,0,770,13,0.07409418960216642,0.016883116883116882,0.009892721428977881,0.028670033875153024,0.036239183850214296,0.0884087507934766
FILD or FILA ADJUDICATED,29,1234196783,genomic,1,769,12,0.09701786057903335,0.015604681404421327,0.008948690331271528,0.027076109455192295,0.08841817049193144,0.1049749986797244
FILD or FILA ADJUDICATED,29,1234196783,genomic,2,770,12,0.11182340482502438,0.015584415584415584,0.008937040176158829,0.027041206405671363,0.10503025325047315,0.11892598198177214
FILD or FILA ADJUDICATED,29,1234196783,genomic,3,769,12,0.12515296750950472,0.015604681404421327,0.008948690331271528,0.027076109455192295,0.11893464271449361,0.13164100936733855
FILD or FILA ADJUDICATED,29,1234196783,genomic,4,770,15,0.1379404608640075,0.01948051948051948,0.011840409174050253,0.0318913635746821,0.13168882643291913,0.1443705671474004
FILD or FILA ADJUDICATED,29,1234196783,genomic,5,769,11,0.1513805218292564,0.014304291287386216,0.008005744470847457,0.025431202429137063,0.14440300945979914,0.15822256207338836
FILD or FILA ADJUDICATED,29,1234196783,genomic,6,769,17,0.16597689009626249,0.022106631989596878,0.013847378881987714,0.03511668533687256,0.1582227414799087,0.1739974229687442
FILD or FILA ADJUDICATED,29,1234196783,genomic,7,770,15,0.18279171750421264,0.01948051948051948,0.011840409174050253,0.0318913635746821,0.1740036190522629,0.19260404204477535
FILD or FILA ADJUDICATED,29,1234196783,genomic,8,769,12,0.20558399459168236,0.015604681404421327,0.008948690331271528,0.027076109455192295,0.19260969273830428,0.2210771570265405
FILD or FILA ADJUDICATED,29,1234196783,genomic,9,770,33,0.2508298694479078,0.04285714285714286,0.030677210571725382,0.059575719178419986,0.22124866213457747,0.33375060719130306
FILD or FILA ADJUDICATED,29,1234196783,combined,0,770,2,0.002956306715528674,0.0025974025974025974,0.0007125907061236786,0.009420568652699277,0.00072411438661465,0.004157467499346053
FILD or FILA ADJUDICATED,29,1234196783,combined,1,769,4,0.005336360089603239,0.005201560468140442,0.0020245891497467933,0.013297387544882687,0.00416001936455687,0.006639786612370152
FILD or FILA ADJUDICATED,29,1234196783,combined,2,770,5,0.008255010428683157,0.006493506493506494,0.0027767335367897463,0.01510995198893538,0.006643876619482365,0.010167188579290585
FILD or FILA ADJUDICATED,29,1234196783,combined,3,769,5,0.012684257692443744,0.006501950585175552,0.002780348414515579,0.015129481166593194,0.010167463195199115,0.015313973871815567
FILD or FILA ADJUDICATED,29,1234196783,combined,4,770,9,0.01949250808118035,0.011688311688311689,0.006161243000312308,0.022063477414615715,0.015315292614692154,0.024239513879659304
FILD or FILA ADJUDICATED,29,1234196783,combined,5,769,7,0.03073525502067729,0.009102730819245773,0.004416223152723785,0.01866931220134357,0.024242968823581092,0.03863580181940245
FILD or FILA ADJUDICATED,29,1234196783,combined,6,769,8,0.04953679075193824,0.010403120936280884,0.005280654829476248,0.0203927334110704,0.03863744427024593,0.06216427483136875
FILD or FILA ADJUDICATED,29,1234196783,combined,7,770,11,0.08191779135959183,0.014285714285714285,0.007995323688185082,0.025398414171344384,0.06219170113335527,0.10464193555368499
FILD or FILA ADJUDICATED,29,1234196783,combined,8,769,21,0.14722513234093731,0.027308192457737322,0.017929533535624646,0.041385942229152796,0.10464601945893977,0.20540324917686667
FILD or FILA ADJUDICATED,29,1234196783,combined,9,770,80,0.4317692446218356,0.1038961038961039,0.0842745420698438,0.1274502976284356,0.20546590265081446,0.9424844117480707
FILD or FILA ADJUDICATED,30,1834175265,zebra,0,770,1,0.23361758806066898,0.0012987012987012987,0.00022928946639889794,0.007319361170123334,0.11693488945217027,0.26231177495062785
FILD or FILA ADJUDICATED,30,1834175265,zebra,1,769,2,0.28905676858877716,0.002600780234070221,0.0007135177289523901,0.009432753192718508,0.26232763991401864,0.3149090509818816
FILD or FILA ADJUDICATED,30,1834175265,zebra,2,770,3,0.34441639088830994,0.003896103896103896,0.0013258926936253902,0.011391775387498288,0.31491842641557827,0.3766087127018751
FILD or FILA ADJUDICATED,30,1834175265,zebra,3,769,6,0.4134853231687392,0.007802340702210663,0.003580646807040671,0.016917035660547395,0.37661447713663365,0.4505792844027786
FILD or FILA ADJUDICATED,30,1834175265,zebra,4,770,7,0.4946854091556139,0.00909090909090909,0.004410478976495486,0.01864522399383109,0.4505826354187552,0.5462795610538824
FILD or FILA ADJUDICATED,30,1834175265,zebra,5,769,11,0.6073281032781676,0.014304291287386216,0.008005744470847457,0.025431202429137063,0.5463133895417694,0.6704488006158001
FILD or FILA ADJUDICATED,30,1834175265,zebra,6,769,9,0.7375047470426339,0.011703511053315995,0.006169270449727107,0.022091970677298834,0.6705597758755064,0.7978528362965992
FILD or FILA ADJUDICATED,30,1834175265,zebra,7,770,9,0.8505564444958948,0.011688311688311689,0.006161243000312308,0.022063477414615715,0.7979611084518172,0.9059997451708272
FILD or FILA ADJUDICATED,30,1834175265,zebra,8,769,23,0.9545227656039906,0.02990897269180754,0.02001129965969971,0.04447988187803632,0.9061600314968994,0.9878589912796006
FILD or FILA ADJUDICATED,30,1834175265,zebra,9,770,81,0.9971423637068481,0.10519480519480519,0.08544960345108563,0.12885974496949448,0.987890507718558,1.0
FILD or FILA ADJUDICATED,30,1834175265,genomic,0,770,13,0.0002137894620976401,0.016883116883116882,0.009892721428977881,0.028670033875153024,1.628153679666937e-05,0.0003554867880647599
FILD or FILA ADJUDICATED,30,1834175265,genomic,1,769,12,0.0005133597481026211,0.015604681404421327,0.008948690331271528,0.027076109455192295,0.0003557202016147775,0.0006830927198621372
FILD or FILA ADJUDICATED,30,1834175265,genomic,2,770,10,0.0009023944051863128,0.012987012987012988,0.007069333631553706,0.02373989550567504,0.0006840072309586285,0.001150178983503973
FILD or FILA ADJUDICATED,30,1834175265,genomic,3,769,6,0.0014900551588603445,0.007802340702210663,0.003580646807040671,0.016917035660547395,0.0011517807433214973,0.001867374759692194
FILD or FILA ADJUDICATED,30,1834175265,genomic,4,770,15,0.0024240311631015354,0.01948051948051948,0.011840409174050253,0.0318913635746821,0.0018705579325106409,0.0031163738582038617
FILD or FILA ADJUDICATED,30,1834175265,genomic,5,769,16,0.004186844652018908,0.02080624187256177,0.01284691135930053,0.033529299973080455,0.0031238205338831133,0.005573567365031285
FILD or FILA ADJUDICATED,30,1834175265,genomic,6,769,18,0.0078899239059103,0.02340702210663199,0.014856495571086814,0.03669542153425275,0.00557401219417491,0.011149477146477852
FILD or FILA ADJUDICATED,30,1834175265,genomic,7,770,19,0.017186839405356456,0.024675324675324677,0.015852913748522608,0.03821689388941264,0.011153407812662953,0.02580706047748281
FILD or FILA ADJUDICATED,30,1834175265,genomic,8,769,16,0.04604121347539799,0.02080624187256177,0.01284691135930053,0.033529299973080455,0.025839191933499355,0.08079543347584511
FILD or FILA ADJUDICATED,30,1834175265,genomic,9,770,27,0.22927478468878257,0.03506493506493506,0.02420895239571475,0.05053692502062628,0.08080576873802307,0.9617820070988923
FILD or FILA ADJUDICATED,30,1834175265,combined,0,770,4,0.030619460216562724,0.005194805194805195,0.0020219574690050306,0.013280219334419372,0.008294796344668332,0.04263229464008231
FILD or FILA ADJUDICATED,30,1834175265,combined,1,769,4,0.05376885958640247,0.005201560468140442,0.0020245891497467933,0.013297387544882687,0.042642936471571656,0.06595674435412578
FILD or FILA ADJUDICATED,30,1834175265,combined,2,770,5,0.07987003629901523,0.006493506493506494,0.0027767335367897463,0.01510995198893538,0.06596974188635932,0.09410898850777234
FILD or FILA ADJUDICATED,30,1834175265,combined,3,769,2,0.11065914470141384,0.002600780234070221,0.0007135177289523901,0.009432753192718508,0.0941915065091122,0.1280511477755463
FILD or FILA ADJUDICATED,30,1834175265,combined,4,770,6,0.1459750028272981,0.007792207792207792,0.0035759904186376326,0.016895203829388215,0.12812086034843342,0.16579675723933598
FILD or FILA ADJUDICATED,30,1834175265,combined,5,769,6,0.19130644465955288,0.007802340702210663,0.003580646807040671,0.016917035660547395,0.16581143390310812,0.21711660299355376
FILD or FILA ADJUDICATED,30,1834175265,combined,6,769,11,0.24980268516804885,0.014304291287386216,0.008005744470847457,0.025431202429137063,0.21714508390661388,0.28278778624284556
FILD or FILA ADJUDICATED,30,1834175265,combined,7,770,14,0.32137400507502134,0.01818181818181818,0.010860915582275707,0.030286348444155925,0.28295744824371455,0.36222606698543713
FILD or FILA ADJUDICATED,30,1834175265,combined,8,769,20,0.4095828160348485,0.02600780234070221,0.016898117575631134,0.03982950530266702,0.3623193448157937,0.4663790774794701
FILD or FILA ADJUDICATED,30,1834175265,combined,9,770,80,0.5945153057873839,0.1038961038961039,0.0842745420698438,0.1274502976284356,0.4664234282076929,0.8439413495575667
