target_name,repeat,split_seed,model,bin,n,cases,mean_pred,obs_rate,obs_rate_lo,obs_rate_hi,prob_min,prob_max
FILD or FILA ADJUDICATED,1,439824836,zebra,0,770,2,0.23357638389985955,0.0025974025974025974,0.0007125907061236786,0.009420568652699277,0.11052533634471677,0.2614461530736853
FILD or FILA ADJUDICATED,1,439824836,zebra,1,769,1,0.28637864258549517,0.0013003901170351106,0.0002295876800841234,0.007328830355107483,0.26147615659140916,0.3117823339439391
FILD or FILA ADJUDICATED,1,439824836,zebra,2,770,5,0.3431682093545327,0.006493506493506494,0.0027767335367897463,0.01510995198893538,0.3119478363101785,0.3754533784657197
FILD or FILA ADJUDICATED,1,439824836,zebra,3,769,5,0.41084790678681454,0.006501950585175552,0.002780348414515579,0.015129481166593194,0.37556410307577726,0.44836042476870386
FILD or FILA ADJUDICATED,1,439824836,zebra,4,770,9,0.49211277127191,0.011688311688311689,0.006161243000312308,0.022063477414615715,0.44868642390728164,0.5415147210270846
FILD or FILA ADJUDICATED,1,439824836,zebra,5,769,10,0.6003597763166436,0.013003901170351105,0.007078545900378475,0.023770548113126753,0.5416602126787358,0.6610983369942656
FILD or FILA ADJUDICATED,1,439824836,zebra,6,769,9,0.7292291840284363,0.011703511053315995,0.006169270449727107,0.022091970677298834,0.6612997108028855,0.7904401128919928
FILD or FILA ADJUDICATED,1,439824836,zebra,7,770,10,0.8453428912547103,0.012987012987012988,0.007069333631553706,0.02373989550567504,0.7904669395525127,0.8995130441101881
FILD or FILA ADJUDICATED,1,439824836,zebra,8,769,23,0.9518136066503605,0.02990897269180754,0.02001129965969971,0.04447988187803632,0.8995976361619833,0.9865616860169348
FILD or FILA ADJUDICATED,1,439824836,zebra,9,770,78,0.9969866021739403,0.1012987012987013,0.08192751953281167,0.1246283027208663,0.9865848577878713,1.0
FILD or FILA ADJUDICATED,1,439824836,genomic,0,770,8,0.02758897450945376,0.01038961038961039,0.005273784940225151,0.020366426752402144,0.0017501073756160466,0.04362425654181206
FILD or FILA ADJUDICATED,1,439824836,genomic,1,769,12,0.05783295821934124,0.015604681404421327,0.008948690331271528,0.027076109455192295,0.04364270082543657,0.07220599952910277
FILD or FILA ADJUDICATED,1,439824836,genomic,2,770,17,0.08660719760363472,0.02207792207792208,0.01382933715277743,0.03507145304055638,0.07221937375887685,0.1023879165748944
FILD or FILA ADJUDICATED,1,439824836,genomic,3,769,18,0.11841699884598715,0.02340702210663199,0.014856495571086814,0.03669542153425275,0.10240112653147274,0.13549284175589527
FILD or FILA ADJUDICATED,1,439824836,genomic,4,770,5,0.1547291876985818,0.006493506493506494,0.0027767335367897463,0.01510995198893538,0.13550530270356664,0.17437231246314844
FILD or FILA ADJUDICATED,1,439824836,genomic,5,769,16,0.19743673800325653,0.02080624187256177,0.01284691135930053,0.033529299973080455,0.1743731915309438,0.21972246143574742
FILD or FILA ADJUDICATED,1,439824836,genomic,6,769,24,0.2467911073612315,0.031209362808842653,0.02106088189967261,0.0460181525245427,0.21979133281352306,0.27655475585476663
FILD or FILA ADJUDICATED,1,439824836,genomic,7,770,24,0.31250221297678415,0.03116883116883117,0.021033415527337528,0.04595893572210135,0.2765733024261195,0.35086383153785766
FILD or FILA ADJUDICATED,1,439824836,genomic,8,769,8,0.4018768516595205,0.010403120936280884,0.005280654829476248,0.0203927334110704,0.3509349051234754,0.46152306363889983
FILD or FILA ADJUDICATED,1,439824836,genomic,9,770,20,0.5681251274072121,0.025974025974025976,0.016876091691355087,0.03977822466888089,0.461575760729944,0.840578074410135
FILD or FILA ADJUDICATED,1,439824836,combined,0,770,2,0.019150935205385907,0.0025974025974025974,0.0007125907061236786,0.009420568652699277,0.012495879762798937,0.022309613349052296
FILD or FILA ADJUDICATED,1,439824836,combined,1,769,4,0.024999824106569216,0.005201560468140442,0.0020245891497467933,0.013297387544882687,0.022317366082756678,0.02768360612410731
FILD or FILA ADJUDICATED,1,439824836,combined,2,770,5,0.030556145903001174,0.006493506493506494,0.0027767335367897463,0.01510995198893538,0.027692882130455596,0.03354640638305226
FILD or FILA ADJUDICATED,1,439824836,combined,3,769,4,0.037054696831723063,0.005201560468140442,0.0020245891497467933,0.013297387544882687,0.03355134632496466,0.041176005330157174
FILD or FILA ADJUDICATED,1,439824836,combined,4,770,7,0.04626888790804889,0.00909090909090909,0.004410478976495486,0.01864522399383109,0.04117653157419728,0.05220920949389507
FILD or FILA ADJUDICATED,1,439824836,combined,5,769,8,0.05927326935321,0.010403120936280884,0.005280654829476248,0.0203927334110704,0.052216000196178544,0.0684102491688735
FILD or FILA ADJUDICATED,1,439824836,combined,6,769,11,0.07962379171167099,0.014304291287386216,0.008005744470847457,0.025431202429137063,0.06843349835059097,0.09168772035779772
FILD or FILA ADJUDICATED,1,439824836,combined,7,770,10,0.10770431383511399,0.012987012987012988,0.007069333631553706,0.02373989550567504,0.09169533404927972,0.12730784053682812
FILD or FILA ADJUDICATED,1,439824836,combined,8,769,16,0.1597648507948483,0.02080624187256177,0.01284691135930053,0.033529299973080455,0.12749220033329547,0.2027235871624504
FILD or FILA ADJUDICATED,1,439824836,combined,9,770,85,0.2716132079116812,0.11038961038961038,0.09015980224910894,0.13448758106067407,0.20305656572176373,0.41605294293550993
FILD or FILA ADJUDICATED,2,1256716928,zebra,0,770,2,0.23288627020795918,0.0025974025974025974,0.0007125907061236786,0.009420568652699277,0.11052533634471677,0.2615897480367035
FILD or FILA ADJUDICATED,2,1256716928,zebra,1,769,1,0.2873603893261398,0.0013003901170351106,0.0002295876800841234,0.007328830355107483,0.26161440000752656,0.3129862315705276
FILD or FILA ADJUDICATED,2,1256716928,zebra,2,770,3,0.343849749282763,0.003896103896103896,0.0013258926936253902,0.011391775387498288,0.3130345111677269,0.3771495928919676
FILD or FILA ADJUDICATED,2,1256716928,zebra,3,769,6,0.4113696051203275,0.007802340702210663,0.003580646807040671,0.016917035660547395,0.37722891098823874,0.4462515041290735
FILD or FILA ADJUDICATED,2,1256716928,zebra,4,770,8,0.4917783295479221,0.01038961038961039,0.005273784940225151,0.020366426752402144,0.44638399663992084,0.5417735484207977
FILD or FILA ADJUDICATED,2,1256716928,zebra,5,769,11,0.6035955073497832,0.014304291287386216,0.008005744470847457,0.025431202429137063,0.5418524641444505,0.6681014606204488
FILD or FILA ADJUDICATED,2,1256716928,zebra,6,769,9,0.731653736268527,0.011703511053315995,0.006169270449727107,0.022091970677298834,0.6683882760204967,0.7919419135256038
FILD or FILA ADJUDICATED,2,1256716928,zebra,7,770,11,0.8459232494145926,0.014285714285714285,0.007995323688185082,0.025398414171344384,0.7921103357490558,0.8991102436771582
FILD or FILA ADJUDICATED,2,1256716928,zebra,8,769,21,0.9483705392208744,0.027308192457737322,0.017929533535624646,0.041385942229152796,0.8994346917346799,0.9836941794581794
FILD or FILA ADJUDICATED,2,1256716928,zebra,9,770,80,0.9960379116365536,0.1038961038961039,0.0842745420698438,0.1274502976284356,0.983719108609978,1.0
FILD or FILA ADJUDICATED,2,1256716928,genomic,0,770,12,0.033267145828073476,0.015584415584415584,0.008937040176158829,0.027041206405671363,0.006986889093546782,0.04682816567359226
FILD or FILA ADJUDICATED,2,1256716928,genomic,1,769,17,0.05839804390460162,0.022106631989596878,0.013847378881987714,0.03511668533687256,0.04683439910367476,0.07016163492346843
FILD or FILA ADJUDICATED,2,1256716928,genomic,2,770,13,0.0826646049791102,0.016883116883116882,0.009892721428977881,0.028670033875153024,0.07017702189481068,0.0963959368803561
FILD or FILA ADJUDICATED,2,1256716928,genomic,3,769,10,0.1104949435773349,0.013003901170351105,0.007078545900378475,0.023770548113126753,0.09645112813872407,0.12525764759708521
FILD or FILA ADJUDICATED,2,1256716928,genomic,4,770,12,0.14211883284671947,0.015584415584415584,0.008937040176158829,0.027041206405671363,0.1252889092011362,0.16017084172627857
FILD or FILA ADJUDICATED,2,1256716928,genomic,5,769,10,0.17971556788250798,0.013003901170351105,0.007078545900378475,0.023770548113126753,0.16023232715574978,0.20052470276034798
FILD or FILA ADJUDICATED,2,1256716928,genomic,6,769,19,0.22473023262160702,0.0247074122236671,0.01587360135768905,0.03826616863412981,0.2005726063421344,0.25170706661798975
FILD or FILA ADJUDICATED,2,1256716928,genomic,7,770,18,0.28462581549348487,0.023376623376623377,0.014837136266102694,0.036648162649531836,0.2517776840501074,0.3218056877385417
FILD or FILA ADJUDICATED,2,1256716928,genomic,8,769,17,0.3715262729688974,0.022106631989596878,0.013847378881987714,0.03511668533687256,0.32214616600720497,0.4320658339972435
FILD or FILA ADJUDICATED,2,1256716928,genomic,9,770,24,0.5460793182276701,0.03116883116883117,0.021033415527337528,0.04595893572210135,0.4321371207649272,0.8178339177795384
FILD or FILA ADJUDICATED,2,1256716928,combined,0,770,3,0.03823138027379207,0.003896103896103896,0.0013258926936253902,0.011391775387498288,0.010559663544089154,0.049422237827541605
FILD or FILA ADJUDICATED,2,1256716928,combined,1,769,3,0.05910090444395559,0.0039011703511053317,0.001327618000260774,0.011406505807889416,0.04945434415541067,0.06862776475385175
FILD or FILA ADJUDICATED,2,1256716928,combined,2,770,5,0.08015533746152333,0.006493506493506494,0.0027767335367897463,0.01510995198893538,0.06866238782756219,0.09226332515216712
FILD or FILA ADJUDICATED,2,1256716928,combined,3,769,5,0.10655537751935115,0.006501950585175552,0.002780348414515579,0.015129481166593194,0.09231053749453458,0.12218208688669269
FILD or FILA ADJUDICATED,2,1256716928,combined,4,770,4,0.14020233861823134,0.005194805194805195,0.0020219574690050306,0.013280219334419372,0.12227182246682533,0.15932684827398222
FILD or FILA ADJUDICATED,2,1256716928,combined,5,769,10,0.1810081585961008,0.013003901170351105,0.007078545900378475,0.023770548113126753,0.15933985437559547,0.20359985201014327
FILD or FILA ADJUDICATED,2,1256716928,combined,6,769,11,0.2315711743223093,0.014304291287386216,0.008005744470847457,0.025431202429137063,0.20367953850509388,0.2619768806069838
FILD or FILA ADJUDICATED,2,1256716928,combined,7,770,12,0.2979507099454629,0.015584415584415584,0.008937040176158829,0.027041206405671363,0.26204524540145957,0.33377094801072943
FILD or FILA ADJUDICATED,2,1256716928,combined,8,769,19,0.37508458521448923,0.0247074122236671,0.01587360135768905,0.03826616863412981,0.33380319652317664,0.4253945235612963
FILD or FILA ADJUDICATED,2,1256716928,combined,9,770,80,0.5320542199494614,0.1038961038961039,0.0842745420698438,0.1274502976284356,0.42542456505017995,0.7967851557155534
FILD or FILA ADJUDICATED,3,471186137,zebra,0,770,2,0.23087380414795575,0.0025974025974025974,0.0007125907061236786,0.009420568652699277,0.11052533634471677,0.2610548534071459
FILD or FILA ADJUDICATED,3,471186137,zebra,1,769,1,0.2865339362995011,0.0013003901170351106,0.0002295876800841234,0.007328830355107483,0.2611638888339737,0.3117249521863337
FILD or FILA ADJUDICATED,3,471186137,zebra,2,770,3,0.3408611794106093,0.003896103896103896,0.0013258926936253902,0.011391775387498288,0.31173266061856664,0.37433366649978267
FILD or FILA ADJUDICATED,3,471186137,zebra,3,769,2,0.41006593790669615,0.002600780234070221,0.0007135177289523901,0.009432753192718508,0.3743705076767218,0.4461954973729872
FILD or FILA ADJUDICATED,3,471186137,zebra,4,770,6,0.49000863584947685,0.007792207792207792,0.0035759904186376326,0.016895203829388215,0.446243930370284,0.5389318981564682
FILD or FILA ADJUDICATED,3,471186137,zebra,5,769,8,0.5999454792847226,0.010403120936280884,0.005280654829476248,0.0203927334110704,0.5390876296067859,0.6609848703504118
FILD or FILA ADJUDICATED,3,471186137,zebra,6,769,8,0.7266227676646534,0.010403120936280884,0.005280654829476248,0.0203927334110704,0.6609998749213049,0.7881395459198441
FILD or FILA ADJUDICATED,3,471186137,zebra,7,770,16,0.842479914248594,0.02077922077922078,0.012830175613871217,0.033486105857161864,0.7881814628982727,0.8975036356422282
FILD or FILA ADJUDICATED,3,471186137,zebra,8,769,16,0.948255448403303,0.02080624187256177,0.01284691135930053,0.033529299973080455,0.8977089528063704,0.9841055239011421
FILD or FILA ADJUDICATED,3,471186137,zebra,9,770,90,0.9962352765731599,0.11688311688311688,0.09606882457192827,0.14150110234935834,0.9841838380724436,1.0
FILD or FILA ADJUDICATED,3,471186137,genomic,0,770,12,0.10009714199169067,0.015584415584415584,0.008937040176158829,0.027041206405671363,0.03163760986135414,0.12995273931780724
FILD or FILA ADJUDICATED,3,471186137,genomic,1,769,12,0.15077831868392838,0.015604681404421327,0.008948690331271528,0.027076109455192295,0.12996662403797474,0.16975982954851074
FILD or FILA ADJUDICATED,3,471186137,genomic,2,770,13,0.1883509017004881,0.016883116883116882,0.009892721428977881,0.028670033875153024,0.16988111801561553,0.206165731855305
FILD or FILA ADJUDICATED,3,471186137,genomic,3,769,18,0.2235759945563958,0.02340702210663199,0.014856495571086814,0.03669542153425275,0.20619762845442777,0.2409711025188677
FILD or FILA ADJUDICATED,3,471186137,genomic,4,770,15,0.2582880288972488,0.01948051948051948,0.011840409174050253,0.0318913635746821,0.24099874669791874,0.2758697121980223
FILD or FILA ADJUDICATED,3,471186137,genomic,5,769,13,0.29491097481359846,0.016905071521456438,0.009905619514842359,0.028707033158100748,0.27590868940926305,0.3143556130323876
FILD or FILA ADJUDICATED,3,471186137,genomic,6,769,10,0.33495936727685516,0.013003901170351105,0.007078545900378475,0.023770548113126753,0.3143733000565098,0.35717027109397786
FILD or FILA ADJUDICATED,3,471186137,genomic,7,770,23,0.38307094958936283,0.02987012987012987,0.01998520545069876,0.044422637076439384,0.35718672732397927,0.4104556942673218
FILD or FILA ADJUDICATED,3,471186137,genomic,8,769,19,0.44735403069102464,0.0247074122236671,0.01587360135768905,0.03826616863412981,0.4106141817940936,0.49010319791790175
FILD or FILA ADJUDICATED,3,471186137,genomic,9,770,17,0.5652627499620855,0.02207792207792208,0.01382933715277743,0.03507145304055638,0.49027584424503584,0.8109592074995876
FILD or FILA ADJUDICATED,3,471186137,combined,0,770,5,0.0003559160144997803,0.006493506493506494,0.0027767335367897463,0.01510995198893538,1.1596444911554432e-05,0.0007329071350648447
FILD or FILA ADJUDICATED,3,471186137,combined,1,769,3,0.0012718116539612292,0.0039011703511053317,0.001327618000260774,0.011406505807889416,0.0007342401560818882,0.00194823325364178
FILD or FILA ADJUDICATED,3,471186137,combined,2,770,5,0.002865817415507313,0.006493506493506494,0.0027767335367897463,0.01510995198893538,0.0019497168304751858,0.003912981961959364
FILD or FILA ADJUDICATED,3,471186137,combined,3,769,6,0.005365285340981997,0.007802340702210663,0.003580646807040671,0.016917035660547395,0.003916681990740931,0.007025321073215953
FILD or FILA ADJUDICATED,3,471186137,combined,4,770,5,0.009274662628429567,0.006493506493506494,0.0027767335367897463,0.01510995198893538,0.007033417373575067,0.011999466798752459
FILD or FILA ADJUDICATED,3,471186137,combined,5,769,7,0.016092701494492635,0.009102730819245773,0.004416223152723785,0.01866931220134357,0.01200894539903164,0.020998001801081242
FILD or FILA ADJUDICATED,3,471186137,combined,6,769,7,0.028757394070235583,0.009102730819245773,0.004416223152723785,0.01866931220134357,0.021012570205570114,0.03783853012558176
FILD or FILA ADJUDICATED,3,471186137,combined,7,770,20,0.054373999979181915,0.025974025974025976,0.016876091691355087,0.03977822466888089,0.03796817460477801,0.07832893252477448
FILD or FILA ADJUDICATED,3,471186137,combined,8,769,20,0.12563762633918818,0.02600780234070221,0.016898117575631134,0.03982950530266702,0.07851579275663818,0.19580385925660698
FILD or FILA ADJUDICATED,3,471186137,combined,9,770,74,0.4357830765804351,0.09610389610389611,0.07724637265453546,0.1189714147099396,0.19580443617362664,0.9985462805471227
FILD or FILA ADJUDICATED,4,1768027081,zebra,0,770,1,0.23272781654218214,0.0012987012987012987,0.00022928946639889794,0.007319361170123334,0.11052533634471677,0.2616884930296223
FILD or FILA ADJUDICATED,4,1768027081,zebra,1,769,3,0.2876547382388647,0.0039011703511053317,0.001327618000260774,0.011406505807889416,0.2617403435599508,0.31390333165654505
FILD or FILA ADJUDICATED,4,1768027081,zebra,2,770,3,0.34446672781979326,0.003896103896103896,0.0013258926936253902,0.011391775387498288,0.3139253255714429,0.37647236434557707
FILD or FILA ADJUDICATED,4,1768027081,zebra,3,769,5,0.41130639790456164,0.006501950585175552,0.002780348414515579,0.015129481166593194,0.376512189675857,0.4469084238668026
FILD or FILA ADJUDICATED,4,1768027081,zebra,4,770,7,0.49196596190292613,0.00909090909090909,0.004410478976495486,0.01864522399383109,0.4469302128264848,0.5424920108032121
FILD or FILA ADJUDICATED,4,1768027081,zebra,5,769,13,0.6027588925012032,0.016905071521456438,0.009905619514842359,0.028707033158100748,0.5425467058335705,0.6644660370297129
FILD or FILA ADJUDICATED,4,1768027081,zebra,6,769,12,0.7304095310125595,0.015604681404421327,0.008948690331271528,0.027076109455192295,0.6645632245328221,0.7898982149974688
FILD or FILA ADJUDICATED,4,1768027081,zebra,7,770,10,0.845154645009061,0.012987012987012988,0.007069333631553706,0.02373989550567504,0.7900095297159757,0.8986589376850554
FILD or FILA ADJUDICATED,4,1768027081,zebra,8,769,22,0.9483031821485579,0.02860858257477243,0.01896739582103829,0.04293593283021844,0.898678320073587,0.9852913008258685
FILD or FILA ADJUDICATED,4,1768027081,zebra,9,770,76,0.9964945991657154,0.0987012987012987,0.07958474714757134,0.12180205766150516,0.9852918414455852,1.0
FILD or FILA ADJUDICATED,4,1768027081,genomic,0,770,9,0.012764120925536929,0.011688311688311689,0.006161243000312308,0.022063477414615715,0.0013214856121312906,0.018834190779554418
FILD or FILA ADJUDICATED,4,1768027081,genomic,1,769,9,0.024561350066914747,0.011703511053315995,0.006169270449727107,0.022091970677298834,0.01884273038929757,0.030247979998630412
FILD or FILA ADJUDICATED,4,1768027081,genomic,2,770,20,0.0361910446542891,0.025974025974025976,0.016876091691355087,0.03977822466888089,0.03025573575152938,0.04231758489948523
FILD or FILA ADJUDICATED,4,1768027081,genomic,3,769,7,0.04900186028489771,0.009102730819245773,0.004416223152723785,0.01866931220134357,0.042319267363985925,0.055518012935132054
FILD or FILA ADJUDICATED,4,1768027081,genomic,4,770,21,0.06403518412689349,0.02727272727272727,0.017906160074157684,0.04133266500837901,0.05553373196565382,0.07279522215204215
FILD or FILA ADJUDICATED,4,1768027081,genomic,5,769,17,0.08277967435883862,0.022106631989596878,0.013847378881987714,0.03511668533687256,0.07279947965718095,0.09383839843026484
FILD or FILA ADJUDICATED,4,1768027081,genomic,6,769,11,0.1074010235902392,0.014304291287386216,0.008005744470847457,0.025431202429137063,0.09391765759167939,0.12226342285175115
FILD or FILA ADJUDICATED,4,1768027081,genomic,7,770,11,0.14113344880534653,0.014285714285714285,0.007995323688185082,0.025398414171344384,0.12230128446414211,0.16410696812226191
FILD or FILA ADJUDICATED,4,1768027081,genomic,8,769,27,0.20200626324636933,0.035110533159947985,0.024240577366074226,0.05060201571757897,0.16437563084606693,0.25053848562125486
FILD or FILA ADJUDICATED,4,1768027081,genomic,9,770,20,0.371370886418081,0.025974025974025976,0.016876091691355087,0.03977822466888089,0.2506917840776242,0.8418748028184797
FILD or FILA ADJUDICATED,4,1768027081,combined,0,770,6,0.0020358695976577246,0.007792207792207792,0.0035759904186376326,0.016895203829388215,0.000157606536924924,0.003601400182296789
FILD or FILA ADJUDICATED,4,1768027081,combined,1,769,2,0.005506288198300967,0.002600780234070221,0.0007135177289523901,0.009432753192718508,0.0036037852731525127,0.00752720350955757
FILD or FILA ADJUDICATED,4,1768027081,combined,2,770,4,0.010180700183805723,0.005194805194805195,0.0020219574690050306,0.013280219334419372,0.0075345120382405385,0.013212836745267464
FILD or FILA ADJUDICATED,4,1768027081,combined,3,769,5,0.017041619460200746,0.006501950585175552,0.002780348414515579,0.015129481166593194,0.013251983431206637,0.02120444706657146
FILD or FILA ADJUDICATED,4,1768027081,combined,4,770,9,0.027397554251783283,0.011688311688311689,0.006161243000312308,0.022063477414615715,0.021215979491330285,0.03471571884384404
FILD or FILA ADJUDICATED,4,1768027081,combined,5,769,10,0.04427764906374125,0.013003901170351105,0.007078545900378475,0.023770548113126753,0.03476464278922859,0.055593172609482266
FILD or FILA ADJUDICATED,4,1768027081,combined,6,769,10,0.07387368084557142,0.013003901170351105,0.007078545900378475,0.023770548113126753,0.05560211371590842,0.09391167624750268
FILD or FILA ADJUDICATED,4,1768027081,combined,7,770,17,0.12525853671053827,0.02207792207792208,0.01382933715277743,0.03507145304055638,0.09392346411005918,0.16427981476531178
FILD or FILA ADJUDICATED,4,1768027081,combined,8,769,20,0.22852654464854236,0.02600780234070221,0.016898117575631134,0.03982950530266702,0.16437283770540656,0.3216475494143927
FILD or FILA ADJUDICATED,4,1768027081,combined,9,770,69,0.5502425712932215,0.08961038961038961,0.07142073783803138,0.11187450591494005,0.32174950409829867,0.983555426097285
FILD or FILA ADJUDICATED,5,1372874712,zebra,0,770,2,0.23232070458339094,0.0025974025974025974,0.0007125907061236786,0.009420568652699277,0.11893743948205666,0.26061351545512534
FILD or FILA ADJUDICATED,5,1372874712,zebra,1,769,1,0.2856377217072552,0.0013003901170351106,0.0002295876800841234,0.007328830355107483,0.2606494295469696,0.31090527380487964
FILD or FILA ADJUDICATED,5,1372874712,zebra,2,770,7,0.34234755343639606,0.00909090909090909,0.004410478976495486,0.01864522399383109,0.3109067396753655,0.37583020297963254
FILD or FILA ADJUDICATED,5,1372874712,zebra,3,769,6,0.4093654020967303,0.007802340702210663,0.003580646807040671,0.016917035660547395,0.37591026680653794,0.444421144056957
FILD or FILA ADJUDICATED,5,1372874712,zebra,4,770,8,0.4904169688857772,0.01038961038961039,0.005273784940225151,0.020366426752402144,0.4444553461993698,0.5397068015971073
FILD or FILA ADJUDICATED,5,1372874712,zebra,5,769,11,0.598223755691071,0.014304291287386216,0.008005744470847457,0.025431202429137063,0.5398734294247949,0.6593820271538514
FILD or FILA ADJUDICATED,5,1372874712,zebra,6,769,11,0.7269105254001906,0.014304291287386216,0.008005744470847457,0.025431202429137063,0.6601460074527734,0.788082102395069
FILD or FILA ADJUDICATED,5,1372874712,zebra,7,770,11,0.8446418053288802,0.014285714285714285,0.007995323688185082,0.025398414171344384,0.7881395459198441,0.8994346917346799
FILD or FILA ADJUDICATED,5,1372874712,zebra,8,769,19,0.9481905615631873,0.0247074122236671,0.01587360135768905,0.03826616863412981,0.8995130441101881,0.9840733223326601
FILD or FILA ADJUDICATED,5,1372874712,zebra,9,770,76,0.9958504542137435,0.0987012987012987,0.07958474714757134,0.12180205766150516,0.9841838380724436,1.0
FILD or FILA ADJUDICATED,5,1372874712,genomic,0,770,9,6.641476074820313e-05,0.011688311688311689,0.006161243000312308,0.022063477414615715,1.0484588634550176e-06,0.000134296133311852
FILD or FILA ADJUDICATED,5,1372874712,genomic,1,769,16,0.00021825230847818592,0.02080624187256177,0.01284691135930053,0.033529299973080455,0.00013449583744870654,0.0003168929956211753
FILD or FILA ADJUDICATED,5,1372874712,genomic,2,770,15,0.0004573174958428641,0.01948051948051948,0.011840409174050253,0.0318913635746821,0.0003173099660986051,0.0006236231587848211
FILD or FILA ADJUDICATED,5,1372874712,genomic,3,769,12,0.000848568606550841,0.015604681404421327,0.008948690331271528,0.027076109455192295,0.0006239654658329851,0.0010991386926814482
FILD or FILA ADJUDICATED,5,1372874712,genomic,4,770,18,0.0014756872258298427,0.023376623376623377,0.014837136266102694,0.036648162649531836,0.0010992034494139507,0.0019184075175091495
FILD or FILA ADJUDICATED,5,1372874712,genomic,5,769,8,0.0025100653260498565,0.010403120936280884,0.005280654829476248,0.0203927334110704,0.0019185186931923968,0.003268109991336299
FILD or FILA ADJUDICATED,5,1372874712,genomic,6,769,16,0.004406399707902898,0.02080624187256177,0.01284691135930053,0.033529299973080455,0.003273935298336669,0.005816771644479813
FILD or FILA ADJUDICATED,5,1372874712,genomic,7,770,17,0.008160048300918328,0.02207792207792208,0.01382933715277743,0.03507145304055638,0.005819083566853885,0.011266236428415403
FILD or FILA ADJUDICATED,5,1372874712,genomic,8,769,18,0.017812067462457483,0.02340702210663199,0.014856495571086814,0.03669542153425275,0.011277182346460081,0.028590016773739867
FILD or FILA ADJUDICATED,5,1372874712,genomic,9,770,23,0.10669954581631287,0.02987012987012987,0.01998520545069876,0.044422637076439384,0.028617234360998854,0.8066432905130498
FILD or FILA ADJUDICATED,5,1372874712,combined,0,770,4,0.008440221468713073,0.005194805194805195,0.0020219574690050306,0.013280219334419372,0.004370618411257929,0.01048810390372976
FILD or FILA ADJUDICATED,5,1372874712,combined,1,769,4,0.012103494996426316,0.005201560468140442,0.0020245891497467933,0.013297387544882687,0.0105070184778425,0.013873991967269576
FILD or FILA ADJUDICATED,5,1372874712,combined,2,770,5,0.01578990617828896,0.006493506493506494,0.0027767335367897463,0.01510995198893538,0.013874586033820956,0.017986855513665845
FILD or FILA ADJUDICATED,5,1372874712,combined,3,769,5,0.02084192132840932,0.006501950585175552,0.002780348414515579,0.015129481166593194,0.018003357731291737,0.023979205568305198
FILD or FILA ADJUDICATED,5,1372874712,combined,4,770,9,0.027774328057892508,0.011688311688311689,0.006161243000312308,0.022063477414615715,0.023991399951874444,0.03229000183842016
FILD or FILA ADJUDICATED,5,1372874712,combined,5,769,8,0.03917390469518849,0.010403120936280884,0.005280654829476248,0.0203927334110704,0.0322930400103923,0.0474339642091031
FILD or FILA ADJUDICATED,5,1372874712,combined,6,769,10,0.05836977416421937,0.013003901170351105,0.007078545900378475,0.023770548113126753,0.04745378767854954,0.07267551461884052
FILD or FILA ADJUDICATED,5,1372874712,combined,7,770,13,0.09337149169149392,0.016883116883116882,0.009892721428977881,0.028670033875153024,0.0726786508246186,0.11894274934546158
FILD or FILA ADJUDICATED,5,1372874712,combined,8,769,16,0.16436682654277676,0.02080624187256177,0.01284691135930053,0.033529299973080455,0.11894347213789995,0.2238514441258544
FILD or FILA ADJUDICATED,5,1372874712,combined,9,770,78,0.39189798589449026,0.1012987012987013,0.08192751953281167,0.1246283027208663,0.22385754996953316,0.8077113379006078
FILD or FILA ADJUDICATED,6,1681759250,zebra,0,770,2,0.23221471532704507,0.0025974025974025974,0.0007125907061236786,0.009420568652699277,0.11052533634471677,0.2606382248749676
FILD or FILA ADJUDICATED,6,1681759250,zebra,1,769,2,0.2863358488025527,0.002600780234070221,0.0007135177289523901,0.009432753192718508,0.2606748348571001,0.31191926924351776
FILD or FILA ADJUDICATED,6,1681759250,zebra,2,770,5,0.34320785836460266,0.006493506493506494,0.0027767335367897463,0.01510995198893538,0.3119463758969041,0.376512189675857
FILD or FILA ADJUDICATED,6,1681759250,zebra,3,769,5,0.4115530905068317,0.006501950585175552,0.002780348414515579,0.015129481166593194,0.37656862785595624,0.4479285752187333
FILD or FILA ADJUDICATED,6,1681759250,zebra,4,770,9,0.49259333938184546,0.011688311688311689,0.006161243000312308,0.022063477414615715,0.447934860440336,0.5416602126787358
FILD or FILA ADJUDICATED,6,1681759250,zebra,5,769,14,0.6003425496907172,0.018205461638491547,0.010875078260352153,0.030325427299070243,0.5418524641444505,0.6591844146637666
FILD or FILA ADJUDICATED,6,1681759250,zebra,6,769,11,0.7286732643844861,0.014304291287386216,0.008005744470847457,0.025431202429137063,0.6593820271538514,0.7904669395525127
FILD or FILA ADJUDICATED,6,1681759250,zebra,7,770,11,0.8453214419483069,0.014285714285714285,0.007995323688185082,0.025398414171344384,0.7905015192149166,0.9001362981113881
FILD or FILA ADJUDICATED,6,1681759250,zebra,8,769,20,0.9499174548587628,0.02600780234070221,0.016898117575631134,0.03982950530266702,0.9004332446160401,0.9854116329818159
FILD or FILA ADJUDICATED,6,1681759250,zebra,9,770,73,0.996537716775701,0.09480519480519481,0.07607888344397429,0.11755439519820005,0.985485854363619,1.0
FILD or FILA ADJUDICATED,6,1681759250,genomic,0,770,11,4.287623878110487e-05,0.014285714285714285,0.007995323688185082,0.025398414171344384,1.845031211133763e-06,8.110934089273427e-05
FILD or FILA ADJUDICATED,6,1681759250,genomic,1,769,16,0.00012398172049927903,0.02080624187256177,0.01284691135930053,0.033529299973080455,8.113072039643066e-05,0.0001784912543580492
FILD or FILA ADJUDICATED,6,1681759250,genomic,2,770,16,0.0002457673258231205,0.02077922077922078,0.012830175613871217,0.033486105857161864,0.00017855356443365094,0.0003223912526282283
FILD or FILA ADJUDICATED,6,1681759250,genomic,3,769,15,0.00041046010354534707,0.01950585175552666,0.01185585151954993,0.03193250692635176,0.00032246434445194235,0.0005073892256255888
FILD or FILA ADJUDICATED,6,1681759250,genomic,4,770,12,0.000646036942656619,0.015584415584415584,0.008937040176158829,0.027041206405671363,0.0005083763018481492,0.0008190161348191247
FILD or FILA ADJUDICATED,6,1681759250,genomic,5,769,15,0.0010644995098113748,0.01950585175552666,0.01185585151954993,0.03193250692635176,0.0008190224104968865,0.001347290923099342
FILD or FILA ADJUDICATED,6,1681759250,genomic,6,769,10,0.001780893226519146,0.013003901170351105,0.007078545900378475,0.023770548113126753,0.0013493519475377626,0.002323720462474595
FILD or FILA ADJUDICATED,6,1681759250,genomic,7,770,19,0.0032737947008536577,0.024675324675324677,0.015852913748522608,0.03821689388941264,0.002325279716050857,0.004499296846510621
FILD or FILA ADJUDICATED,6,1681759250,genomic,8,769,23,0.006771456679858806,0.02990897269180754,0.02001129965969971,0.04447988187803632,0.004506774768287624,0.009865232249679643
FILD or FILA ADJUDICATED,6,1681759250,genomic,9,770,15,0.04267552252898099,0.01948051948051948,0.011840409174050253,0.0318913635746821,0.00988338286147505,0.8953678900961938
FILD or FILA ADJUDICATED,6,1681759250,combined,0,770,3,0.01456283257252737,0.003896103896103896,0.0013258926936253902,0.011391775387498288,0.008122139128115895,0.01783830331607751
FILD or FILA ADJUDICATED,6,1681759250,combined,1,769,4,0.020525718296020512,0.005201560468140442,0.0020245891497467933,0.013297387544882687,0.017872094353307527,0.02305667218010747
FILD or FILA ADJUDICATED,6,1681759250,combined,2,770,2,0.02581785037746614,0.0025974025974025974,0.0007125907061236786,0.009420568652699277,0.023060602014283796,0.028689644965849557
FILD or FILA ADJUDICATED,6,1681759250,combined,3,769,11,0.032321951542521675,0.014304291287386216,0.008005744470847457,0.025431202429137063,0.028695219171215765,0.0362023042261208
FILD or FILA ADJUDICATED,6,1681759250,combined,4,770,10,0.04131476943197933,0.012987012987012988,0.007069333631553706,0.02373989550567504,0.03621120488400971,0.047370837807306644
FILD or FILA ADJUDICATED,6,1681759250,combined,5,769,6,0.05691899691619275,0.007802340702210663,0.003580646807040671,0.016917035660547395,0.0474232150998121,0.07001033021781604
FILD or FILA ADJUDICATED,6,1681759250,combined,6,769,8,0.09015474873053125,0.010403120936280884,0.005280654829476248,0.0203927334110704,0.07001945786180531,0.11411646192580205
FILD or FILA ADJUDICATED,6,1681759250,combined,7,770,16,0.14266755398471234,0.02077922077922078,0.012830175613871217,0.033486105857161864,0.11415519628337645,0.17433997023552933
FILD or FILA ADJUDICATED,6,1681759250,combined,8,769,19,0.21961832124669783,0.0247074122236671,0.01587360135768905,0.03826616863412981,0.17437773045428565,0.27326587370409766
FILD or FILA ADJUDICATED,6,1681759250,combined,9,770,73,0.37582154972735077,0.09480519480519481,0.07607888344397429,0.11755439519820005,0.27333702996402903,0.6500449333256157
FILD or FILA ADJUDICATED,7,1781705580,zebra,0,770,3,0.23259734542279104,0.003896103896103896,0.0013258926936253902,0.011391775387498288,0.11052533634471677,0.26099906075218154
FILD or FILA ADJUDICATED,7,1781705580,zebra,1,769,1,0.28641534371571975,0.0013003901170351106,0.0002295876800841234,0.007328830355107483,0.2610548534071459,0.3117422769040575
FILD or FILA ADJUDICATED,7,1781705580,zebra,2,770,4,0.3431482108214123,0.005194805194805195,0.0020219574690050306,0.013280219334419372,0.3117823339439391,0.377684433290741
FILD or FILA ADJUDICATED,7,1781705580,zebra,3,769,4,0.4141353849935247,0.005201560468140442,0.0020245891497467933,0.013297387544882687,0.3779014390660416,0.45024637996287137
FILD or FILA ADJUDICATED,7,1781705580,zebra,4,770,7,0.4953210166976003,0.00909090909090909,0.004410478976495486,0.01864522399383109,0.45026065552799543,0.5465039430341929
FILD or FILA ADJUDICATED,7,1781705580,zebra,5,769,10,0.6073238783688427,0.013003901170351105,0.007078545900378475,0.023770548113126753,0.5465724094304668,0.670885500186124
FILD or FILA ADJUDICATED,7,1781705580,zebra,6,769,15,0.7354576570364371,0.01950585175552666,0.01185585151954993,0.03193250692635176,0.6710238032622696,0.7937301011637126
FILD or FILA ADJUDICATED,7,1781705580,zebra,7,770,13,0.8500418800647488,0.016883116883116882,0.009892721428977881,0.028670033875153024,0.7940705398672191,0.9035395761421238
FILD or FILA ADJUDICATED,7,1781705580,zebra,8,769,23,0.9515577800638917,0.02990897269180754,0.02001129965969971,0.04447988187803632,0.9035436298511591,0.9860089016090301
FILD or FILA ADJUDICATED,7,1781705580,zebra,9,770,72,0.9964679656318335,0.09350649350649351,0.07491255360413981,0.11613621631573379,0.9860122135494251,1.0
FILD or FILA ADJUDICATED,7,1781705580,genomic,0,770,15,0.09116428849551503,0.01948051948051948,0.011840409174050253,0.0318913635746821,0.020923978509389783,0.12527182047111318
FILD or FILA ADJUDICATED,7,1781705580,genomic,1,769,4,0.14905028347515079,0.005201560468140442,0.0020245891497467933,0.013297387544882687,0.12549200538911015,0.17134691460905296
FILD or FILA ADJUDICATED,7,1781705580,genomic,2,770,18,0.19352988415777775,0.023376623376623377,0.014837136266102694,0.036648162649531836,0.17151150816280006,0.21464602264901295
FILD or FILA ADJUDICATED,7,1781705580,genomic,3,769,12,0.23600896768920868,0.015604681404421327,0.008948690331271528,0.027076109455192295,0.21469657057962013,0.2564379046465102
FILD or FILA ADJUDICATED,7,1781705580,genomic,4,770,17,0.279102449033744,0.02207792207792208,0.01382933715277743,0.03507145304055638,0.2565479569292175,0.30125608277488064
FILD or FILA ADJUDICATED,7,1781705580,genomic,5,769,19,0.32462234671615126,0.0247074122236671,0.01587360135768905,0.03826616863412981,0.3012598154592064,0.34879739165064383
FILD or FILA ADJUDICATED,7,1781705580,genomic,6,769,10,0.3756183475591946,0.013003901170351105,0.007078545900378475,0.023770548113126753,0.34892269871849046,0.40228974895895286
FILD or FILA ADJUDICATED,7,1781705580,genomic,7,770,14,0.4318058269471195,0.01818181818181818,0.010860915582275707,0.030286348444155925,0.4023566988886747,0.4608202299500604
FILD or FILA ADJUDICATED,7,1781705580,genomic,8,769,19,0.496524702163739,0.0247074122236671,0.01587360135768905,0.03826616863412981,0.46089189983529966,0.5365354747683333
FILD or FILA ADJUDICATED,7,1781705580,genomic,9,770,24,0.6107431301336813,0.03116883116883117,0.021033415527337528,0.04595893572210135,0.5365393606068996,0.8330921737201433
FILD or FILA ADJUDICATED,7,1781705580,combined,0,770,3,0.0008791094738473837,0.003896103896103896,0.0013258926936253902,0.011391775387498288,0.00014172553502246474,0.0014218153257612991
FILD or FILA ADJUDICATED,7,1781705580,combined,1,769,7,0.0019597583337402557,0.009102730819245773,0.004416223152723785,0.01866931220134357,0.0014226234828443312,0.002545134393595966
FILD or FILA ADJUDICATED,7,1781705580,combined,2,770,8,0.0032383267624691466,0.01038961038961039,0.005273784940225151,0.020366426752402144,0.00254631053543732,0.004054916479654076
FILD or FILA ADJUDICATED,7,1781705580,combined,3,769,4,0.005044586533953917,0.005201560468140442,0.0020245891497467933,0.013297387544882687,0.004057984898308679,0.006170493591653387
FILD or FILA ADJUDICATED,7,1781705580,combined,4,770,8,0.007850258676741138,0.01038961038961039,0.005273784940225151,0.020366426752402144,0.006178149639828884,0.009831787536139853
FILD or FILA ADJUDICATED,7,1781705580,combined,5,769,5,0.012535100598521726,0.006501950585175552,0.002780348414515579,0.015129481166593194,0.009834090391933994,0.015834975354410044
FILD or FILA ADJUDICATED,7,1781705580,combined,6,769,8,0.02094334698385905,0.010403120936280884,0.005280654829476248,0.0203927334110704,0.015835311325604774,0.027080202265755495
FILD or FILA ADJUDICATED,7,1781705580,combined,7,770,17,0.03739122903456552,0.02207792207792208,0.01382933715277743,0.03507145304055638,0.02708176731474663,0.05119213857522118
FILD or FILA ADJUDICATED,7,1781705580,combined,8,769,16,0.07897226572041739,0.02080624187256177,0.01284691135930053,0.033529299973080455,0.05125349951920285,0.12777918205079067
FILD or FILA ADJUDICATED,7,1781705580,combined,9,770,76,0.3293138189695756,0.0987012987012987,0.07958474714757134,0.12180205766150516,0.1278476776538835,0.9656369897827567
FILD or FILA ADJUDICATED,8,106213289,zebra,0,770,2,0.23159673068695072,0.0025974025974025974,0.0007125907061236786,0.009420568652699277,0.11893743948205666,0.2615951007755146
FILD or FILA ADJUDICATED,8,106213289,zebra,1,769,2,0.28666433266900376,0.002600780234070221,0.0007135177289523901,0.009432753192718508,0.26161440000752656,0.3123174521796162
FILD or FILA ADJUDICATED,8,106213289,zebra,2,770,3,0.3420066114646896,0.003896103896103896,0.0013258926936253902,0.011391775387498288,0.31233544018253606,0.3740655710678166
FILD or FILA ADJUDICATED,8,106213289,zebra,3,769,3,0.40871363576397524,0.0039011703511053317,0.001327618000260774,0.011406505807889416,0.3741246351067505,0.4449059172285643
FILD or FILA ADJUDICATED,8,106213289,zebra,4,770,6,0.49097923510142527,0.007792207792207792,0.0035759904186376326,0.016895203829388215,0.4451961669765333,0.5407678656479292
FILD or FILA ADJUDICATED,8,106213289,zebra,5,769,9,0.6001909860586171,0.011703511053315995,0.006169270449727107,0.022091970677298834,0.5407863218214698,0.6616977521600221
FILD or FILA ADJUDICATED,8,106213289,zebra,6,769,13,0.7266473482323553,0.016905071521456438,0.009905619514842359,0.028707033158100748,0.6617424807598203,0.7878968031994966
FILD or FILA ADJUDICATED,8,106213289,zebra,7,770,14,0.8420741542603575,0.01818181818181818,0.010860915582275707,0.030286348444155925,0.7880581022030267,0.8953272126400755
FILD or FILA ADJUDICATED,8,106213289,zebra,8,769,25,0.9470219027254131,0.032509752925877766,0.0221158152388249,0.04755107207186972,0.8955407466142664,0.983719108609978
FILD or FILA ADJUDICATED,8,106213289,zebra,9,770,75,0.9962806972743276,0.09740259740259741,0.07841500055802125,0.12038729552875452,0.9837636484597521,1.0
FILD or FILA ADJUDICATED,8,106213289,genomic,0,770,11,1.0299183946628495e-06,0.014285714285714285,0.007995323688185082,0.025398414171344384,3.057060396084009e-08,2.111552642971226e-06
FILD or FILA ADJUDICATED,8,106213289,genomic,1,769,11,3.803378735421146e-06,0.014304291287386216,0.008005744470847457,0.025431202429137063,2.111999722653661e-06,5.931848268731296e-06
FILD or FILA ADJUDICATED,8,106213289,genomic,2,770,25,9.117634247666674e-06,0.032467532467532464,0.022086969431753586,0.04748989053998599,5.9372853515987e-06,1.3159600818415672e-05
FILD or FILA ADJUDICATED,8,106213289,genomic,3,769,20,2.009088175573742e-05,0.02600780234070221,0.016898117575631134,0.03982950530266702,1.3164964704217526e-05,2.848853455109086e-05
FILD or FILA ADJUDICATED,8,106213289,genomic,4,770,10,4.498376781131497e-05,0.012987012987012988,0.007069333631553706,0.02373989550567504,2.8492849190567072e-05,6.542345232923792e-05
FILD or FILA ADJUDICATED,8,106213289,genomic,5,769,16,0.00010053776502361679,0.02080624187256177,0.01284691135930053,0.033529299973080455,6.546235608340334e-05,0.0001485957548327992
FILD or FILA ADJUDICATED,8,106213289,genomic,6,769,14,0.0002520434715190286,0.018205461638491547,0.010875078260352153,0.030325427299070243,0.000148780797076651,0.0003988775305827385
FILD or FILA ADJUDICATED,8,106213289,genomic,7,770,11,0.0006887944768071635,0.014285714285714285,0.007995323688185082,0.025398414171344384,0.0003994306724096432,0.0011383779712100925
FILD or FILA ADJUDICATED,8,106213289,genomic,8,769,12,0.0022784853231391155,0.015604681404421327,0.008948690331271528,0.027076109455192295,0.0011412662492411444,0.004419506545262993
FILD or FILA ADJUDICATED,8,106213289,genomic,9,770,22,0.046641030303175575,0.02857142857142857,0.018942666074440347,0.04288066773039707,0.004421261488640003,0.7758234044984156
FILD or FILA ADJUDICATED,8,106213289,combined,0,770,4,0.009362477402795099,0.005194805194805195,0.0020219574690050306,0.013280219334419372,0.00238777361818079,0.013199404640460271
FILD or FILA ADJUDICATED,8,106213289,combined,1,769,3,0.016757727962007633,0.0039011703511053317,0.001327618000260774,0.011406505807889416,0.013200751501118666,0.020138604514748287
FILD or FILA ADJUDICATED,8,106213289,combined,2,770,8,0.0235808442190177,0.01038961038961039,0.005273784940225151,0.020366426752402144,0.020183579971665564,0.027112050168025783
FILD or FILA ADJUDICATED,8,106213289,combined,3,769,5,0.03097891359696094,0.006501950585175552,0.002780348414515579,0.015129481166593194,0.02712356393781776,0.03502522651909706
FILD or FILA ADJUDICATED,8,106213289,combined,4,770,8,0.0398422218817614,0.01038961038961039,0.005273784940225151,0.020366426752402144,0.03506554539373903,0.04495229545587148
FILD or FILA ADJUDICATED,8,106213289,combined,5,769,8,0.051638743194348816,0.010403120936280884,0.005280654829476248,0.0203927334110704,0.04496362763658314,0.05882669140967094
FILD or FILA ADJUDICATED,8,106213289,combined,6,769,11,0.06822779540584607,0.014304291287386216,0.008005744470847457,0.025431202429137063,0.05884336012587019,0.07904181805206636
FILD or FILA ADJUDICATED,8,106213289,combined,7,770,13,0.09436277615712847,0.016883116883116882,0.009892721428977881,0.028670033875153024,0.07904391539425513,0.11441017745383644
FILD or FILA ADJUDICATED,8,106213289,combined,8,769,17,0.14325621036064173,0.022106631989596878,0.013847378881987714,0.03511668533687256,0.11452761122010621,0.18449659707430888
FILD or FILA ADJUDICATED,8,106213289,combined,9,770,75,0.3197134780860567,0.09740259740259741,0.07841500055802125,0.12038729552875452,0.1848522690397067,0.8662292361126752
FILD or FILA ADJUDICATED,9,2018320771,zebra,0,770,2,0.23247545162155872,0.0025974025974025974,0.0007125907061236786,0.009420568652699277,0.11052533634471677,0.2611638888339737
FILD or FILA ADJUDICATED,9,2018320771,zebra,1,769,3,0.2865694884184781,0.0039011703511053317,0.001327618000260774,0.011406505807889416,0.26122351629499085,0.3129862315705276
FILD or FILA ADJUDICATED,9,2018320771,zebra,2,770,6,0.34282550980436144,0.007792207792207792,0.0035759904186376326,0.016895203829388215,0.3130216655048263,0.37476278437809357
FILD or FILA ADJUDICATED,9,2018320771,zebra,3,769,3,0.40962665070208626,0.0039011703511053317,0.001327618000260774,0.011406505807889416,0.3756791677534288,0.44482017852215894
FILD or FILA ADJUDICATED,9,2018320771,zebra,4,770,7,0.4897806742440691,0.00909090909090909,0.004410478976495486,0.01864522399383109,0.44487914687207863,0.5410809347596185
FILD or FILA ADJUDICATED,9,2018320771,zebra,5,769,11,0.6014051567431324,0.014304291287386216,0.008005744470847457,0.025431202429137063,0.5412345068279721,0.6637299821228352
FILD or FILA ADJUDICATED,9,2018320771,zebra,6,769,12,0.7302627368570891,0.015604681404421327,0.008948690331271528,0.027076109455192295,0.6637367749806213,0.7914864280637494
FILD or FILA ADJUDICATED,9,2018320771,zebra,7,770,11,0.8451882024947596,0.014285714285714285,0.007995323688185082,0.025398414171344384,0.7915402246159229,0.89888716529185
FILD or FILA ADJUDICATED,9,2018320771,zebra,8,769,22,0.9496614696222391,0.02860858257477243,0.01896739582103829,0.04293593283021844,0.8989414097210439,0.9853138761542591
FILD or FILA ADJUDICATED,9,2018320771,zebra,9,770,75,0.9964115635836055,0.09740259740259741,0.07841500055802125,0.12038729552875452,0.9853504544758104,1.0
FILD or FILA ADJUDICATED,9,2018320771,genomic,0,770,9,0.006594373411975002,0.011688311688311689,0.006161243000312308,0.022063477414615715,0.0004644415501061072,0.012462901676542308
FILD or FILA ADJUDICATED,9,2018320771,genomic,1,769,11,0.01914678748091244,0.014304291287386216,0.008005744470847457,0.025431202429137063,0.012468116907706304,0.02614843958618691
FILD or FILA ADJUDICATED,9,2018320771,genomic,2,770,14,0.034415913902036424,0.01818181818181818,0.010860915582275707,0.030286348444155925,0.02617697272104951,0.04264789571387855
FILD or FILA ADJUDICATED,9,2018320771,genomic,3,769,18,0.05270221903534064,0.02340702210663199,0.014856495571086814,0.03669542153425275,0.04265037364844617,0.06360368427080294
FILD or FILA ADJUDICATED,9,2018320771,genomic,4,770,14,0.07702418264737833,0.01818181818181818,0.010860915582275707,0.030286348444155925,0.06363717595764184,0.09111138435401689
FILD or FILA ADJUDICATED,9,2018320771,genomic,5,769,14,0.10814261319260693,0.018205461638491547,0.010875078260352153,0.030325427299070243,0.09123240377737904,0.12626009093197935
FILD or FILA ADJUDICATED,9,2018320771,genomic,6,769,17,0.1497665044226027,0.022106631989596878,0.013847378881987714,0.03511668533687256,0.1263492370453104,0.1745766338557382
FILD or FILA ADJUDICATED,9,2018320771,genomic,7,770,18,0.20695933698407412,0.023376623376623377,0.014837136266102694,0.036648162649531836,0.1745788622648378,0.24352723919413408
FILD or FILA ADJUDICATED,9,2018320771,genomic,8,769,17,0.2935095296743052,0.022106631989596878,0.013847378881987714,0.03511668533687256,0.2435317607573378,0.3581240053302793
FILD or FILA ADJUDICATED,9,2018320771,genomic,9,770,20,0.47989951375577866,0.025974025974025976,0.016876091691355087,0.03977822466888089,0.35830635697858526,0.896487284566001
FILD or FILA ADJUDICATED,9,2018320771,combined,0,770,6,0.001870951705925651,0.007792207792207792,0.0035759904186376326,0.016895203829388215,0.0004644994915287919,0.0027697256338911572
FILD or FILA ADJUDICATED,9,2018320771,combined,1,769,4,0.0036862668167772002,0.005201560468140442,0.0020245891497467933,0.013297387544882687,0.002770260705177903,0.004660410807943586
FILD or FILA ADJUDICATED,9,2018320771,combined,2,770,3,0.005855816447891904,0.003896103896103896,0.0013258926936253902,0.011391775387498288,0.004664856856161928,0.007251043524498611
FILD or FILA ADJUDICATED,9,2018320771,combined,3,769,2,0.009066690783177773,0.002600780234070221,0.0007135177289523901,0.009432753192718508,0.00725417876193186,0.011260003968300795
FILD or FILA ADJUDICATED,9,2018320771,combined,4,770,9,0.014520013103927422,0.011688311688311689,0.006161243000312308,0.022063477414615715,0.011261255385637652,0.018613332313986212
FILD or FILA ADJUDICATED,9,2018320771,combined,5,769,6,0.02551040707322751,0.007802340702210663,0.003580646807040671,0.016917035660547395,0.01861555315888271,0.034397535097313844
FILD or FILA ADJUDICATED,9,2018320771,combined,6,769,11,0.049278663488023344,0.014304291287386216,0.008005744470847457,0.025431202429137063,0.03445639062554965,0.06671284118288177
FILD or FILA ADJUDICATED,9,2018320771,combined,7,770,24,0.09604605476367012,0.03116883116883117,0.021033415527337528,0.04595893572210135,0.06672805900527996,0.1306348994871395
FILD or FILA ADJUDICATED,9,2018320771,combined,8,769,20,0.1804812079261656,0.02600780234070221,0.016898117575631134,0.03982950530266702,0.13078178026643597,0.24771560630309825
FILD or FILA ADJUDICATED,9,2018320771,combined,9,770,67,0.4435623542962492,0.08701298701298701,0.06909906986505496,0.10902715644331504,0.24810480059447754,0.9850144971594647
FILD or FILA ADJUDICATED,10,1569040467,zebra,0,770,2,0.23089247448560493,0.0025974025974025974,0.0007125907061236786,0.009420568652699277,0.11052533634471677,0.2595173127166649
FILD or FILA ADJUDICATED,10,1569040467,zebra,1,769,1,0.2846114918076173,0.0013003901170351106,0.0002295876800841234,0.007328830355107483,0.25960280809138825,0.31029747824803483
FILD or FILA ADJUDICATED,10,1569040467,zebra,2,770,5,0.3411107857669456,0.006493506493506494,0.0027767335367897463,0.01510995198893538,0.31035354031155704,0.37433366649978267
FILD or FILA ADJUDICATED,10,1569040467,zebra,3,769,5,0.4084187216897501,0.006501950585175552,0.002780348414515579,0.015129481166593194,0.37435254947958724,0.44415242844132996
FILD or FILA ADJUDICATED,10,1569040467,zebra,4,770,4,0.48960018969890196,0.005194805194805195,0.0020219574690050306,0.013280219334419372,0.4444553461993698,0.5421931634455274
FILD or FILA ADJUDICATED,10,1569040467,zebra,5,769,10,0.6036408862391784,0.013003901170351105,0.007078545900378475,0.023770548113126753,0.5422765918315045,0.6672250535994736
FILD or FILA ADJUDICATED,10,1569040467,zebra,6,769,13,0.7324350634878758,0.016905071521456438,0.009905619514842359,0.028707033158100748,0.667472323407029,0.7919419135256038
FILD or FILA ADJUDICATED,10,1569040467,zebra,7,770,15,0.846521856043825,0.01948051948051948,0.011840409174050253,0.0318913635746821,0.792178099230255,0.8998162513949661
FILD or FILA ADJUDICATED,10,1569040467,zebra,8,769,24,0.9505756799650734,0.031209362808842653,0.02106088189967261,0.0460181525245427,0.8998170492352966,0.9855111624726878
FILD or FILA ADJUDICATED,10,1569040467,zebra,9,770,73,0.9965761429713821,0.09480519480519481,0.07607888344397429,0.11755439519820005,0.9855166302275155,1.0
FILD or FILA ADJUDICATED,10,1569040467,genomic,0,770,10,0.03448094898895138,0.012987012987012988,0.007069333631553706,0.02373989550567504,0.006228605874482627,0.051316924664500614
FILD or FILA ADJUDICATED,10,1569040467,genomic,1,769,13,0.06674065866744937,0.016905071521456438,0.009905619514842359,0.028707033158100748,0.05133993416046754,0.08204251434376877
FILD or FILA ADJUDICATED,10,1569040467,genomic,2,770,12,0.09743575890511677,0.015584415584415584,0.008937040176158829,0.027041206405671363,0.08204614210576665,0.11280035497269457
FILD or FILA ADJUDICATED,10,1569040467,genomic,3,769,10,0.12780756158553286,0.013003901170351105,0.007078545900378475,0.023770548113126753,0.11291275810495226,0.14321557449372138
FILD or FILA ADJUDICATED,10,1569040467,genomic,4,770,11,0.16020830119777185,0.014285714285714285,0.007995323688185082,0.025398414171344384,0.1432212873170906,0.17816953033755686
FILD or FILA ADJUDICATED,10,1569040467,genomic,5,769,25,0.1997856213693031,0.032509752925877766,0.0221158152388249,0.04755107207186972,0.17818250202410996,0.22118577552652927
FILD or FILA ADJUDICATED,10,1569040467,genomic,6,769,11,0.24619084121837806,0.014304291287386216,0.008005744470847457,0.025431202429137063,0.22129034856058344,0.27131519984312347
FILD or FILA ADJUDICATED,10,1569040467,genomic,7,770,11,0.2997305494902602,0.014285714285714285,0.007995323688185082,0.025398414171344384,0.2713655527599756,0.33120386149576386
FILD or FILA ADJUDICATED,10,1569040467,genomic,8,769,19,0.370423809219728,0.0247074122236671,0.01587360135768905,0.03826616863412981,0.33163267170913974,0.41562682144156704
FILD or FILA ADJUDICATED,10,1569040467,genomic,9,770,30,0.4941168630562417,0.03896103896103896,0.027425421610463595,0.05507398197277961,0.4156426729078039,0.7153613063935327
FILD or FILA ADJUDICATED,10,1569040467,combined,0,770,4,1.6496666079822524e-06,0.005194805194805195,0.0020219574690050306,0.013280219334419372,1.983235529058981e-08,3.4838360339996778e-06
FILD or FILA ADJUDICATED,10,1569040467,combined,1,769,7,6.6921611871870935e-06,0.009102730819245773,0.004416223152723785,0.01866931220134357,3.4860403213703417e-06,1.0578070569461095e-05
FILD or FILA ADJUDICATED,10,1569040467,combined,2,770,6,1.657070172917629e-05,0.007792207792207792,0.0035759904186376326,0.016895203829388215,1.0585500154271748e-05,2.4891248747692318e-05
FILD or FILA ADJUDICATED,10,1569040467,combined,3,769,9,3.754105908044172e-05,0.011703511053315995,0.006169270449727107,0.022091970677298834,2.4915008142746383e-05,5.4176527772662715e-05
FILD or FILA ADJUDICATED,10,1569040467,combined,4,770,8,8.355909342076839e-05,0.01038961038961039,0.005273784940225151,0.020366426752402144,5.417681567329041e-05,0.0001230810637820639
FILD or FILA ADJUDICATED,10,1569040467,combined,5,769,13,0.00018555820136401403,0.016905071521456438,0.009905619514842359,0.028707033158100748,0.00012312501789782534,0.00026584929067911237
FILD or FILA ADJUDICATED,10,1569040467,combined,6,769,9,0.0004347844890831731,0.011703511053315995,0.006169270449727107,0.022091970677298834,0.0002659111944172831,0.000673240400119207
FILD or FILA ADJUDICATED,10,1569040467,combined,7,770,13,0.00122600741853855,0.016883116883116882,0.009892721428977881,0.028670033875153024,0.0006740085767722153,0.002174807053110448
FILD or FILA ADJUDICATED,10,1569040467,combined,8,769,14,0.0050934325051118215,0.018205461638491547,0.010875078260352153,0.030325427299070243,0.0021778650425535494,0.011018046600721532
FILD or FILA ADJUDICATED,10,1569040467,combined,9,770,69,0.15980314455956016,0.08961038961038961,0.07142073783803138,0.11187450591494005,0.011019434518757863,0.9969199136922322
FILD or FILA ADJUDICATED,11,256858669,zebra,0,770,1,0.23277338405246364,0.0012987012987012987,0.00022928946639889794,0.007319361170123334,0.11693488945217027,0.26115603578262536
FILD or FILA ADJUDICATED,11,256858669,zebra,1,769,2,0.2863017752600954,0.002600780234070221,0.0007135177289523901,0.009432753192718508,0.2611638888339737,0.3119538397677216
FILD or FILA ADJUDICATED,11,256858669,zebra,2,770,5,0.3415448526848935,0.006493506493506494,0.0027767335367897463,0.01510995198893538,0.3120190426459585,0.3747569958824861
FILD or FILA ADJUDICATED,11,256858669,zebra,3,769,6,0.40948724175379414,0.007802340702210663,0.003580646807040671,0.016917035660547395,0.37488456575389256,0.446243930370284
FILD or FILA ADJUDICATED,11,256858669,zebra,4,770,3,0.4914491176772277,0.003896103896103896,0.0013258926936253902,0.011391775387498288,0.44631748077308125,0.5417702961116374
FILD or FILA ADJUDICATED,11,256858669,zebra,5,769,7,0.6023934583914722,0.009102730819245773,0.004416223152723785,0.01866931220134357,0.5418524641444505,0.6677034443254622
FILD or FILA ADJUDICATED,11,256858669,zebra,6,769,15,0.7322572744392238,0.01950585175552666,0.01185585151954993,0.03193250692635176,0.6681014606204488,0.7906546756562879
FILD or FILA ADJUDICATED,11,256858669,zebra,7,770,12,0.8466715398797079,0.015584415584415584,0.008937040176158829,0.027041206405671363,0.7911279271667242,0.8991102436771582
FILD or FILA ADJUDICATED,11,256858669,zebra,8,769,24,0.9499793303499519,0.031209362808842653,0.02106088189967261,0.0460181525245427,0.8995130441101881,0.9856793662718599
FILD or FILA ADJUDICATED,11,256858669,zebra,9,770,77,0.9964870420609395,0.1,0.08075559305709225,0.12321572047428499,0.985721892962206,1.0
FILD or FILA ADJUDICATED,11,256858669,genomic,0,770,13,0.061025318308840566,0.016883116883116882,0.009892721428977881,0.028670033875153024,0.02312581877340582,0.07613251679523428
FILD or FILA ADJUDICATED,11,256858669,genomic,1,769,10,0.0854770995173782,0.013003901170351105,0.007078545900378475,0.023770548113126753,0.0761458321601819,0.09482637591435589
FILD or FILA ADJUDICATED,11,256858669,genomic,2,770,10,0.10263775311373101,0.012987012987012988,0.007069333631553706,0.02373989550567504,0.09486529740555713,0.11079436519929123
FILD or FILA ADJUDICATED,11,256858669,genomic,3,769,14,0.1193383963595721,0.018205461638491547,0.010875078260352153,0.030325427299070243,0.11082131844503122,0.12786288321910566
FILD or FILA ADJUDICATED,11,256858669,genomic,4,770,9,0.13672144416810664,0.011688311688311689,0.006161243000312308,0.022063477414615715,0.12788827032984854,0.1457132066150379
FILD or FILA ADJUDICATED,11,256858669,genomic,5,769,11,0.15507966100932802,0.014304291287386216,0.008005744470847457,0.025431202429137063,0.1457389814450239,0.16466698855920125
FILD or FILA ADJUDICATED,11,256858669,genomic,6,769,22,0.17560816118735922,0.02860858257477243,0.01896739582103829,0.04293593283021844,0.16466797810736697,0.18845747286049278
FILD or FILA ADJUDICATED,11,256858669,genomic,7,770,18,0.20135419476390262,0.023376623376623377,0.014837136266102694,0.036648162649531836,0.18845767337807964,0.21603457762688308
FILD or FILA ADJUDICATED,11,256858669,genomic,8,769,15,0.23742197093665043,0.01950585175552666,0.01185585151954993,0.03193250692635176,0.21603683246236774,0.2638512444556069
FILD or FILA ADJUDICATED,11,256858669,genomic,9,770,30,0.3197035013562195,0.03896103896103896,0.027425421610463595,0.05507398197277961,0.26387548162920565,0.5178638129573816
FILD or FILA ADJUDICATED,11,256858669,combined,0,770,3,0.0075155917781387785,0.003896103896103896,0.0013258926936253902,0.011391775387498288,0.0014169346124088234,0.011756102924778555
FILD or FILA ADJUDICATED,11,256858669,combined,1,769,3,0.016018497646484366,0.0039011703511053317,0.001327618000260774,0.011406505807889416,0.011764592544728966,0.02077654608950801
FILD or FILA ADJUDICATED,11,256858669,combined,2,770,6,0.026447112271828048,0.007792207792207792,0.0035759904186376326,0.016895203829388215,0.02078364040411345,0.03288932744580835
FILD or FILA ADJUDICATED,11,256858669,combined,3,769,5,0.041470531651723284,0.006501950585175552,0.002780348414515579,0.015129481166593194,0.032901307944292704,0.05131059296226018
FILD or FILA ADJUDICATED,11,256858669,combined,4,770,11,0.06317568425455292,0.014285714285714285,0.007995323688185082,0.025398414171344384,0.05133818146291876,0.07756201519913472
FILD or FILA ADJUDICATED,11,256858669,combined,5,769,7,0.09602710306739302,0.009102730819245773,0.004416223152723785,0.01866931220134357,0.07761314328173825,0.11616280221111176
FILD or FILA ADJUDICATED,11,256858669,combined,6,769,10,0.1425140418149353,0.013003901170351105,0.007078545900378475,0.023770548113126753,0.11618047576211805,0.1712644834321147
FILD or FILA ADJUDICATED,11,256858669,combined,7,770,17,0.2091544070211021,0.02207792207792208,0.01382933715277743,0.03507145304055638,0.17127694238756583,0.25355101550822956
FILD or FILA ADJUDICATED,11,256858669,combined,8,769,14,0.3237506157025448,0.018205461638491547,0.010875078260352153,0.030325427299070243,0.25359498828549526,0.40669778587737376
FILD or FILA ADJUDICATED,11,256858669,combined,9,770,76,0.5767228500049585,0.0987012987012987,0.07958474714757134,0.12180205766150516,0.4068862565972304,0.946230502820225
FILD or FILA ADJUDICATED,12,235593684,zebra,0,770,2,0.23179358856284854,0.0025974025974025974,0.0007125907061236786,0.009420568652699277,0.11693488945217027,0.2604377046995854
FILD or FILA ADJUDICATED,12,235593684,zebra,1,769,1,0.2857990896791973,0.0013003901170351106,0.0002295876800841234,0.007328830355107483,0.26043795680852266,0.31197732063783695
FILD or FILA ADJUDICATED,12,235593684,zebra,2,770,6,0.34269462956627844,0.007792207792207792,0.0035759904186376326,0.016895203829388215,0.3120190426459585,0.37623856999212185
FILD or FILA ADJUDICATED,12,235593684,zebra,3,769,7,0.41148443288576686,0.009102730819245773,0.004416223152723785,0.01866931220134357,0.37623936307794303,0.44817458716826736
FILD or FILA ADJUDICATED,12,235593684,zebra,4,770,6,0.4925487197707465,0.007792207792207792,0.0035759904186376326,0.016895203829388215,0.44856133829255057,0.5424920108032121
FILD or FILA ADJUDICATED,12,235593684,zebra,5,769,8,0.6024201835288954,0.010403120936280884,0.005280654829476248,0.0203927334110704,0.5425099846580176,0.6662717204623677
FILD or FILA ADJUDICATED,12,235593684,zebra,6,769,17,0.7353570630099824,0.022106631989596878,0.013847378881987714,0.03511668533687256,0.6665171378685978,0.7952997811114956
FILD or FILA ADJUDICATED,12,235593684,zebra,7,770,14,0.8511467145405445,0.01818181818181818,0.010860915582275707,0.030286348444155925,0.7955217259992097,0.9041726185512803
FILD or FILA ADJUDICATED,12,235593684,zebra,8,769,21,0.9529313536624069,0.027308192457737322,0.017929533535624646,0.041385942229152796,0.9042426403322399,0.9861733406921771
FILD or FILA ADJUDICATED,12,235593684,zebra,9,770,70,0.9966725355535807,0.09090909090909091,0.07258345829677551,0.11329629417849665,0.9862388417344107,1.0
FILD or FILA ADJUDICATED,12,235593684,genomic,0,770,9,0.08838258215537016,0.011688311688311689,0.006161243000312308,0.022063477414615715,0.014857629180553287,0.12954309197104538
FILD or FILA ADJUDICATED,12,235593684,genomic,1,769,12,0.16144882050276235,0.015604681404421327,0.008948690331271528,0.027076109455192295,0.12958013700467388,0.19105090820917198
FILD or FILA ADJUDICATED,12,235593684,genomic,2,770,13,0.21882942420658322,0.016883116883116882,0.009892721428977881,0.028670033875153024,0.19107311642029062,0.24610992128506332
FILD or FILA ADJUDICATED,12,235593684,genomic,3,769,17,0.2672509978781547,0.022106631989596878,0.013847378881987714,0.03511668533687256,0.24615441833738477,0.28853787243916873
FILD or FILA ADJUDICATED,12,235593684,genomic,4,770,10,0.30821662835209135,0.012987012987012988,0.007069333631553706,0.02373989550567504,0.28860117680032865,0.3275299120214461
FILD or FILA ADJUDICATED,12,235593684,genomic,5,769,14,0.34758238785823525,0.018205461638491547,0.010875078260352153,0.030325427299070243,0.3275603055729601,0.36736553125951993
FILD or FILA ADJUDICATED,12,235593684,genomic,6,769,18,0.38639443849116956,0.02340702210663199,0.014856495571086814,0.03669542153425275,0.36737612042041795,0.4067936672224458
FILD or FILA ADJUDICATED,12,235593684,genomic,7,770,17,0.4285858996496825,0.02207792207792208,0.01382933715277743,0.03507145304055638,0.40681284090335157,0.4526030161916234
FILD or FILA ADJUDICATED,12,235593684,genomic,8,769,17,0.4797985391128695,0.022106631989596878,0.013847378881987714,0.03511668533687256,0.45260820111050587,0.5106495197782536
FILD or FILA ADJUDICATED,12,235593684,genomic,9,770,25,0.5632182488159244,0.032467532467532464,0.022086969431753586,0.04748989053998599,0.5107066465164072,0.7457145851915185
FILD or FILA ADJUDICATED,12,235593684,combined,0,770,5,0.019343816533885325,0.006493506493506494,0.0027767335367897463,0.01510995198893538,0.010077331880815873,0.024177664350904758
FILD or FILA ADJUDICATED,12,235593684,combined,1,769,1,0.02893066613214373,0.0013003901170351106,0.0002295876800841234,0.007328830355107483,0.024232339950475995,0.033996279651136295
FILD or FILA ADJUDICATED,12,235593684,combined,2,770,7,0.03929918401795393,0.00909090909090909,0.004410478976495486,0.01864522399383109,0.03399828068075475,0.04489750009989925
FILD or FILA ADJUDICATED,12,235593684,combined,3,769,6,0.051850021007129245,0.007802340702210663,0.003580646807040671,0.016917035660547395,0.044927465956038574,0.059265614175924464
FILD or FILA ADJUDICATED,12,235593684,combined,4,770,6,0.06783852458975076,0.007792207792207792,0.0035759904186376326,0.016895203829388215,0.059305988718374655,0.07741459513200827
FILD or FILA ADJUDICATED,12,235593684,combined,5,769,10,0.08823394488113553,0.013003901170351105,0.007078545900378475,0.023770548113126753,0.07742396431187504,0.09974754933619583
FILD or FILA ADJUDICATED,12,235593684,combined,6,769,9,0.11444049764975468,0.011703511053315995,0.006169270449727107,0.022091970677298834,0.09974872243414157,0.1310463705677649
FILD or FILA ADJUDICATED,12,235593684,combined,7,770,15,0.15425621857483732,0.01948051948051948,0.011840409174050253,0.0318913635746821,0.13113900062727007,0.1836413663376803
FILD or FILA ADJUDICATED,12,235593684,combined,8,769,24,0.2267413424163342,0.031209362808842653,0.02106088189967261,0.0460181525245427,0.1836931765335367,0.28121518306035215
FILD or FILA ADJUDICATED,12,235593684,combined,9,770,69,0.41909669384046655,0.08961038961038961,0.07142073783803138,0.11187450591494005,0.28167675256509206,0.6298231329204993
FILD or FILA ADJUDICATED,13,579377016,zebra,0,770,3,0.23228296184840344,0.003896103896103896,0.0013258926936253902,0.011391775387498288,0.11693488945217027,0.2608962737897288
FILD or FILA ADJUDICATED,13,579377016,zebra,1,769,3,0.2868941329902326,0.0039011703511053317,0.001327618000260774,0.011406505807889416,0.26095244343517615,0.3132357458358274
FILD or FILA ADJUDICATED,13,579377016,zebra,2,770,4,0.3436121631992541,0.005194805194805195,0.0020219574690050306,0.013280219334419372,0.3132743809294443,0.37606160153816026
FILD or FILA ADJUDICATED,13,579377016,zebra,3,769,5,0.41145083470153593,0.006501950585175552,0.002780348414515579,0.015129481166593194,0.3761338732577787,0.44870746992347377
FILD or FILA ADJUDICATED,13,579377016,zebra,4,770,11,0.49233366009192364,0.014285714285714285,0.007995323688185082,0.025398414171344384,0.4488211359125135,0.5425467058335705
FILD or FILA ADJUDICATED,13,579377016,zebra,5,769,10,0.6038299021565816,0.013003901170351105,0.007078545900378475,0.023770548113126753,0.5427457610054819,0.6644660370297129
FILD or FILA ADJUDICATED,13,579377016,zebra,6,769,7,0.7305162908971378,0.009102730819245773,0.004416223152723785,0.01866931220134357,0.6645452526215558,0.7881395459198441
FILD or FILA ADJUDICATED,13,579377016,zebra,7,770,14,0.8447642747387583,0.01818181818181818,0.010860915582275707,0.030286348444155925,0.7881814628982727,0.8975036356422282
FILD or FILA ADJUDICATED,13,579377016,zebra,8,769,19,0.9472444706295617,0.0247074122236671,0.01587360135768905,0.03826616863412981,0.8976926765875893,0.983553063308643
FILD or FILA ADJUDICATED,13,579377016,zebra,9,770,76,0.9956483505546913,0.0987012987012987,0.07958474714757134,0.12180205766150516,0.9835802025269889,1.0
FILD or FILA ADJUDICATED,13,579377016,genomic,0,770,9,0.060416776812874176,0.011688311688311689,0.006161243000312308,0.022063477414615715,0.011534656592740212,0.08037313192738058
FILD or FILA ADJUDICATED,13,579377016,genomic,1,769,10,0.09553793020144428,0.013003901170351105,0.007078545900378475,0.023770548113126753,0.08045930898358523,0.11062759488017627
FILD or FILA ADJUDICATED,13,579377016,genomic,2,770,16,0.12476830865121902,0.02077922077922078,0.012830175613871217,0.033486105857161864,0.11066216640138421,0.1386841364093672
FILD or FILA ADJUDICATED,13,579377016,genomic,3,769,13,0.1529868969194716,0.016905071521456438,0.009905619514842359,0.028707033158100748,0.1387037057300474,0.1670252538515942
FILD or FILA ADJUDICATED,13,579377016,genomic,4,770,20,0.18230528305853239,0.025974025974025976,0.016876091691355087,0.03977822466888089,0.1670449612372817,0.19696984849047527
FILD or FILA ADJUDICATED,13,579377016,genomic,5,769,10,0.21428183751379892,0.013003901170351105,0.007078545900378475,0.023770548113126753,0.19699796684859652,0.2320926503035304
FILD or FILA ADJUDICATED,13,579377016,genomic,6,769,14,0.254010695065675,0.018205461638491547,0.010875078260352153,0.030325427299070243,0.23213732974453002,0.2771732529722121
FILD or FILA ADJUDICATED,13,579377016,genomic,7,770,12,0.30611219396745004,0.015584415584415584,0.008937040176158829,0.027041206405671363,0.2771800495122308,0.33794157826913024
FILD or FILA ADJUDICATED,13,579377016,genomic,8,769,26,0.37594591003931366,0.033810143042912875,0.02317580344494089,0.04907893675223302,0.33797692490071024,0.42312790260300165
FILD or FILA ADJUDICATED,13,579377016,genomic,9,770,22,0.5176076821707011,0.02857142857142857,0.018942666074440347,0.04288066773039707,0.4233553301920139,0.8925998602429592
FILD or FILA ADJUDICATED,13,579377016,combined,0,770,4,0.014330114985708839,0.005194805194805195,0.0020219574690050306,0.013280219334419372,0.0066647776454456945,0.018309405310705035
FILD or FILA ADJUDICATED,13,579377016,combined,1,769,3,0.021603492488022766,0.0039011703511053317,0.001327618000260774,0.011406505807889416,0.018331229855467302,0.02501569962192523
FILD or FILA ADJUDICATED,13,579377016,combined,2,770,4,0.029753570910206507,0.005194805194805195,0.0020219574690050306,0.013280219334419372,0.025018557588237785,0.03523220323470679
FILD or FILA ADJUDICATED,13,579377016,combined,3,769,7,0.04223115471511557,0.009102730819245773,0.004416223152723785,0.01866931220134357,0.035237365866477716,0.05071443517910072
FILD or FILA ADJUDICATED,13,579377016,combined,4,770,7,0.062387369203323766,0.00909090909090909,0.004410478976495486,0.01864522399383109,0.050785038044956134,0.0752459469908614
FILD or FILA ADJUDICATED,13,579377016,combined,5,769,12,0.09574834665975392,0.015604681404421327,0.008948690331271528,0.027076109455192295,0.07527022087231042,0.11924313803819671
FILD or FILA ADJUDICATED,13,579377016,combined,6,769,8,0.14562097955718362,0.010403120936280884,0.005280654829476248,0.0203927334110704,0.119315064547196,0.17364136932935434
FILD or FILA ADJUDICATED,13,579377016,combined,7,770,13,0.20544551257745125,0.016883116883116882,0.009892721428977881,0.028670033875153024,0.17365428379153455,0.24066712598587267
FILD or FILA ADJUDICATED,13,579377016,combined,8,769,20,0.2894802234963892,0.02600780234070221,0.016898117575631134,0.03982950530266702,0.24071527250418515,0.34955556865157983
FILD or FILA ADJUDICATED,13,579377016,combined,9,770,74,0.47749525651518543,0.09610389610389611,0.07724637265453546,0.1189714147099396,0.35021030141473725,0.7909175650644391
FILD or FILA ADJUDICATED,14,765374404,zebra,0,770,0,0.23249970908726175,0.0,0.0,0.004964141914221508,0.11052533634471677,0.26180052778882
FILD or FILA ADJUDICATED,14,765374404,zebra,1,769,0,0.28777103581495816,0.0,0.0,0.004970565148712315,0.26192651739885753,0.31418727901343046
FILD or FILA ADJUDICATED,14,765374404,zebra,2,770,3,0.3453867555237773,0.003896103896103896,0.0013258926936253902,0.011391775387498288,0.3142805598182626,0.3777576836933187
FILD or FILA ADJUDICATED,14,765374404,zebra,3,769,5,0.4132961377529469,0.006501950585175552,0.002780348414515579,0.015129481166593194,0.3779014390660416,0.4499845616612384
FILD or FILA ADJUDICATED,14,765374404,zebra,4,770,4,0.49376863684365613,0.005194805194805195,0.0020219574690050306,0.013280219334419372,0.45022737010529285,0.5418736368405029
FILD or FILA ADJUDICATED,14,765374404,zebra,5,769,10,0.6027958789374396,0.013003901170351105,0.007078545900378475,0.023770548113126753,0.5421931634455274,0.6642661211891435
FILD or FILA ADJUDICATED,14,765374404,zebra,6,769,11,0.7315635818131974,0.014304291287386216,0.008005744470847457,0.025431202429137063,0.6645632245328221,0.7914027917352122
FILD or FILA ADJUDICATED,14,765374404,zebra,7,770,13,0.844122823135991,0.016883116883116882,0.009892721428977881,0.028670033875153024,0.7914864280637494,0.8984332549784224
FILD or FILA ADJUDICATED,14,765374404,zebra,8,769,16,0.947733950776135,0.02080624187256177,0.01284691135930053,0.033529299973080455,0.8984362180389591,0.9840721980272251
FILD or FILA ADJUDICATED,14,765374404,zebra,9,770,90,0.9962273038597319,0.11688311688311688,0.09606882457192827,0.14150110234935834,0.9840733223326601,1.0
FILD or FILA ADJUDICATED,14,765374404,genomic,0,770,8,0.011418247073818789,0.01038961038961039,0.005273784940225151,0.020366426752402144,0.0014793936931392835,0.018607555903732486
FILD or FILA ADJUDICATED,14,765374404,genomic,1,769,16,0.025726211253761826,0.02080624187256177,0.01284691135930053,0.033529299973080455,0.018615769672724762,0.033531962922126735
FILD or FILA ADJUDICATED,14,765374404,genomic,2,770,16,0.04315937915553666,0.02077922077922078,0.012830175613871217,0.033486105857161864,0.033546194898532285,0.053477862008955546
FILD or FILA ADJUDICATED,14,765374404,genomic,3,769,11,0.06660867249775983,0.014304291287386216,0.008005744470847457,0.025431202429137063,0.05347921425209874,0.07991905442026526
FILD or FILA ADJUDICATED,14,765374404,genomic,4,770,15,0.09495632166801368,0.01948051948051948,0.011840409174050253,0.0318913635746821,0.07992025816843344,0.11169698964610417
FILD or FILA ADJUDICATED,14,765374404,genomic,5,769,13,0.13052459056992755,0.016905071521456438,0.009905619514842359,0.028707033158100748,0.11170854574550754,0.15159308659228551
FILD or FILA ADJUDICATED,14,765374404,genomic,6,769,11,0.17903009865541927,0.014304291287386216,0.008005744470847457,0.025431202429137063,0.15163061770908148,0.20745538982975906
FILD or FILA ADJUDICATED,14,765374404,genomic,7,770,17,0.2456457235221363,0.02207792207792208,0.01382933715277743,0.03507145304055638,0.2075882156407889,0.2879096661210922
FILD or FILA ADJUDICATED,14,765374404,genomic,8,769,26,0.34063514384516125,0.033810143042912875,0.02317580344494089,0.04907893675223302,0.28801762599816294,0.4052008789718245
FILD or FILA ADJUDICATED,14,765374404,genomic,9,770,19,0.5306350613176712,0.024675324675324677,0.015852913748522608,0.03821689388941264,0.40540269144071744,0.9054937886342188
FILD or FILA ADJUDICATED,14,765374404,combined,0,770,2,0.06883097995446398,0.0025974025974025974,0.0007125907061236786,0.009420568652699277,0.019351010770490916,0.09361832358486108
FILD or FILA ADJUDICATED,14,765374404,combined,1,769,5,0.11197238482915048,0.006501950585175552,0.002780348414515579,0.015129481166593194,0.09363232467182034,0.1296727332210028
FILD or FILA ADJUDICATED,14,765374404,combined,2,770,5,0.14694548881709332,0.006493506493506494,0.0027767335367897463,0.01510995198893538,0.12967699191120746,0.16393213148446206
FILD or FILA ADJUDICATED,14,765374404,combined,3,769,3,0.18086246802860073,0.0039011703511053317,0.001327618000260774,0.011406505807889416,0.16396849028662555,0.19827890113563626
FILD or FILA ADJUDICATED,14,765374404,combined,4,770,2,0.21646525289174712,0.0025974025974025974,0.0007125907061236786,0.009420568652699277,0.19828380796827838,0.23525759664565818
FILD or FILA ADJUDICATED,14,765374404,combined,5,769,11,0.2552931810416558,0.014304291287386216,0.008005744470847457,0.025431202429137063,0.23526252152814542,0.27637409911532623
FILD or FILA ADJUDICATED,14,765374404,combined,6,769,11,0.3006069594462753,0.014304291287386216,0.008005744470847457,0.025431202429137063,0.2765309941832506,0.32569448521728966
FILD or FILA ADJUDICATED,14,765374404,combined,7,770,14,0.35883877775324347,0.01818181818181818,0.010860915582275707,0.030286348444155925,0.32573560910172794,0.39300825706685055
FILD or FILA ADJUDICATED,14,765374404,combined,8,769,23,0.4372796834241484,0.02990897269180754,0.02001129965969971,0.04447988187803632,0.3931872075716616,0.4944815934849882
FILD or FILA ADJUDICATED,14,765374404,combined,9,770,76,0.6121149290011138,0.0987012987012987,0.07958474714757134,0.12180205766150516,0.49466392296805506,0.9185192635512685
FILD or FILA ADJUDICATED,15,901771067,zebra,0,770,3,0.23069349591594646,0.003896103896103896,0.0013258926936253902,0.011391775387498288,0.11052533634471677,0.259724828647936
FILD or FILA ADJUDICATED,15,901771067,zebra,1,769,1,0.2859480956503237,0.0013003901170351106,0.0002295876800841234,0.007328830355107483,0.2597474148447815,0.3132743809294443
FILD or FILA ADJUDICATED,15,901771067,zebra,2,770,6,0.34389756467013954,0.007792207792207792,0.0035759904186376326,0.016895203829388215,0.3132952944842823,0.3766087127018751
FILD or FILA ADJUDICATED,15,901771067,zebra,3,769,5,0.41135618257152773,0.006501950585175552,0.002780348414515579,0.015129481166593194,0.37661447713663365,0.44800834536893985
FILD or FILA ADJUDICATED,15,901771067,zebra,4,770,4,0.4934227971487554,0.005194805194805195,0.0020219574690050306,0.013280219334419372,0.4485139057574097,0.5427023175767623
FILD or FILA ADJUDICATED,15,901771067,zebra,5,769,11,0.6039641470009651,0.014304291287386216,0.008005744470847457,0.025431202429137063,0.5427457610054819,0.6685165612516426
FILD or FILA ADJUDICATED,15,901771067,zebra,6,769,13,0.7353736176009453,0.016905071521456438,0.009905619514842359,0.028707033158100748,0.6687336911392805,0.7983913923804655
FILD or FILA ADJUDICATED,15,901771067,zebra,7,770,12,0.8505864451817391,0.015584415584415584,0.008937040176158829,0.027041206405671363,0.798499490833745,0.9025379816417298
FILD or FILA ADJUDICATED,15,901771067,zebra,8,769,23,0.9515533157557524,0.02990897269180754,0.02001129965969971,0.04447988187803632,0.9025689321917897,0.9854116329818159
FILD or FILA ADJUDICATED,15,901771067,zebra,9,770,74,0.9963627261718546,0.09610389610389611,0.07724637265453546,0.1189714147099396,0.9855111624726878,1.0
FILD or FILA ADJUDICATED,15,901771067,genomic,0,770,8,0.0021661802252178276,0.01038961038961039,0.005273784940225151,0.020366426752402144,7.452316012023974e-05,0.004101673773293708
FILD or FILA ADJUDICATED,15,901771067,genomic,1,769,9,0.006693501847070391,0.011703511053315995,0.006169270449727107,0.022091970677298834,0.004101715637363966,0.009796732002404234
FILD or FILA ADJUDICATED,15,901771067,genomic,2,770,9,0.01363831574725543,0.011688311688311689,0.006161243000312308,0.022063477414615715,0.009796856875774255,0.0182113349747704
FILD or FILA ADJUDICATED,15,901771067,genomic,3,769,14,0.02488104943330803,0.018205461638491547,0.010875078260352153,0.030325427299070243,0.018219163492029605,0.03278882333164592
FILD or FILA ADJUDICATED,15,901771067,genomic,4,770,16,0.04332085990332328,0.02077922077922078,0.012830175613871217,0.033486105857161864,0.03278947205723578,0.05603526099833203
FILD or FILA ADJUDICATED,15,901771067,genomic,5,769,17,0.07322268588658389,0.022106631989596878,0.013847378881987714,0.03511668533687256,0.056106872914395374,0.09369927084616818
FILD or FILA ADJUDICATED,15,901771067,genomic,6,769,25,0.12085092206048108,0.032509752925877766,0.0221158152388249,0.04755107207186972,0.09371731050443853,0.15462492712143158
FILD or FILA ADJUDICATED,15,901771067,genomic,7,770,20,0.1988745994016428,0.025974025974025976,0.016876091691355087,0.03977822466888089,0.15477364472038296,0.24997524928136505
FILD or FILA ADJUDICATED,15,901771067,genomic,8,769,15,0.32168088063981337,0.01950585175552666,0.01185585151954993,0.03193250692635176,0.2500078390966873,0.4151669240287405
FILD or FILA ADJUDICATED,15,901771067,genomic,9,770,19,0.5728874815098647,0.024675324675324677,0.015852913748522608,0.03821689388941264,0.41537482364519374,0.9278562663135873
FILD or FILA ADJUDICATED,15,901771067,combined,0,770,3,0.0277710269633078,0.003896103896103896,0.0013258926936253902,0.011391775387498288,0.015815295959660646,0.03250887420116857
FILD or FILA ADJUDICATED,15,901771067,combined,1,769,1,0.03595600227803163,0.0013003901170351106,0.0002295876800841234,0.007328830355107483,0.03251739483360262,0.03935993576856393
FILD or FILA ADJUDICATED,15,901771067,combined,2,770,9,0.0427317608586903,0.011688311688311689,0.006161243000312308,0.022063477414615715,0.039377459087867134,0.04598000919026847
FILD or FILA ADJUDICATED,15,901771067,combined,3,769,3,0.04947411818503376,0.0039011703511053317,0.001327618000260774,0.011406505807889416,0.046003868599173485,0.05325257649932299
FILD or FILA ADJUDICATED,15,901771067,combined,4,770,7,0.05776155649447341,0.00909090909090909,0.004410478976495486,0.01864522399383109,0.05328677240999873,0.06252169526572697
FILD or FILA ADJUDICATED,15,901771067,combined,5,769,3,0.0682814129108455,0.0039011703511053317,0.001327618000260774,0.011406505807889416,0.06253881658171187,0.07467997476468852
FILD or FILA ADJUDICATED,15,901771067,combined,6,769,13,0.08328183560239986,0.016905071521456438,0.009905619514842359,0.028707033158100748,0.07469152751965413,0.09267993207497877
FILD or FILA ADJUDICATED,15,901771067,combined,7,770,19,0.10512007536154074,0.024675324675324677,0.015852913748522608,0.03821689388941264,0.09269488151089746,0.11914497510865192
FILD or FILA ADJUDICATED,15,901771067,combined,8,769,24,0.13895610925262297,0.031209362808842653,0.02106088189967261,0.0460181525245427,0.1191626873081227,0.16355196388558857
FILD or FILA ADJUDICATED,15,901771067,combined,9,770,70,0.21837662873014022,0.09090909090909091,0.07258345829677551,0.11329629417849665,0.16355953029000106,0.42614487305908366
FILD or FILA ADJUDICATED,16,1505502923,zebra,0,770,2,0.2325272633523667,0.0025974025974025974,0.0007125907061236786,0.009420568652699277,0.11052533634471677,0.2612877049881964
FILD or FILA ADJUDICATED,16,1505502923,zebra,1,769,1,0.28808052965517583,0.0013003901170351106,0.0002295876800841234,0.007328830355107483,0.26147615659140916,0.3141082182410059
FILD or FILA ADJUDICATED,16,1505502923,zebra,2,770,2,0.3454500755565592,0.0025974025974025974,0.0007125907061236786,0.009420568652699277,0.3141319913763451,0.3789738609686798
FILD or FILA ADJUDICATED,16,1505502923,zebra,3,769,5,0.41498513409735915,0.006501950585175552,0.002780348414515579,0.015129481166593194,0.379080714685079,0.4521304453329207
FILD or FILA ADJUDICATED,16,1505502923,zebra,4,770,9,0.49851303533547503,0.011688311688311689,0.006161243000312308,0.022063477414615715,0.4522575444343017,0.5477067263054082
FILD or FILA ADJUDICATED,16,1505502923,zebra,5,769,8,0.6067021755078584,0.010403120936280884,0.005280654829476248,0.0203927334110704,0.5478429970057908,0.6689393003158046
FILD or FILA ADJUDICATED,16,1505502923,zebra,6,769,14,0.7356322342936957,0.018205461638491547,0.010875078260352153,0.030325427299070243,0.6692291322857369,0.7951987360641392
FILD or FILA ADJUDICATED,16,1505502923,zebra,7,770,10,0.8496451333464208,0.012987012987012988,0.007069333631553706,0.02373989550567504,0.7952997811114956,0.901450315923878
FILD or FILA ADJUDICATED,16,1505502923,zebra,8,769,23,0.9502616430780603,0.02990897269180754,0.02001129965969971,0.04447988187803632,0.9015635813244769,0.9856268735103083
FILD or FILA ADJUDICATED,16,1505502923,zebra,9,770,78,0.996494927843558,0.1012987012987013,0.08192751953281167,0.1246283027208663,0.9856534127598661,1.0
FILD or FILA ADJUDICATED,16,1505502923,genomic,0,770,12,0.008625292977659096,0.015584415584415584,0.008937040176158829,0.027041206405671363,0.0004830464051557926,0.01570600618466822
FILD or FILA ADJUDICATED,16,1505502923,genomic,1,769,9,0.02388780313117779,0.011703511053315995,0.006169270449727107,0.022091970677298834,0.01575613620065806,0.032501624196020554
FILD or FILA ADJUDICATED,16,1505502923,genomic,2,770,11,0.04314658328327813,0.014285714285714285,0.007995323688185082,0.025398414171344384,0.03251544289574964,0.05393776707498287
FILD or FILA ADJUDICATED,16,1505502923,genomic,3,769,12,0.0669628836014053,0.015604681404421327,0.008948690331271528,0.027076109455192295,0.05402144824464041,0.08077352323546425
FILD or FILA ADJUDICATED,16,1505502923,genomic,4,770,15,0.09653600172285809,0.01948051948051948,0.011840409174050253,0.0318913635746821,0.08079794708210641,0.11364594304646992
FILD or FILA ADJUDICATED,16,1505502923,genomic,5,769,22,0.1333362375305854,0.02860858257477243,0.01896739582103829,0.04293593283021844,0.1136472098245488,0.15434264363817307
FILD or FILA ADJUDICATED,16,1505502923,genomic,6,769,16,0.18116433696376796,0.02080624187256177,0.01284691135930053,0.033529299973080455,0.15435640656564414,0.21085513322757962
FILD or FILA ADJUDICATED,16,1505502923,genomic,7,770,15,0.2458010206661958,0.01948051948051948,0.011840409174050253,0.0318913635746821,0.21096770042962257,0.2853484335699968
FILD or FILA ADJUDICATED,16,1505502923,genomic,8,769,15,0.34008384928052743,0.01950585175552666,0.01185585151954993,0.03193250692635176,0.28552083731803957,0.40639961333822144
FILD or FILA ADJUDICATED,16,1505502923,genomic,9,770,25,0.5207372362001399,0.032467532467532464,0.022086969431753586,0.04748989053998599,0.40646630982285836,0.8156861521517573
FILD or FILA ADJUDICATED,16,1505502923,combined,0,770,5,0.023100345384212163,0.006493506493506494,0.0027767335367897463,0.01510995198893538,0.0058597395458969805,0.03222001912788841
FILD or FILA ADJUDICATED,16,1505502923,combined,1,769,1,0.03982951811495572,0.0013003901170351106,0.0002295876800841234,0.007328830355107483,0.03222631834275633,0.04834861668732883
FILD or FILA ADJUDICATED,16,1505502923,combined,2,770,4,0.056665287882633836,0.005194805194805195,0.0020219574690050306,0.013280219334419372,0.048406587361563336,0.06500718951793645
FILD or FILA ADJUDICATED,16,1505502923,combined,3,769,9,0.07442813623724169,0.011703511053315995,0.006169270449727107,0.022091970677298834,0.06503731172042976,0.08457932605611669
FILD or FILA ADJUDICATED,16,1505502923,combined,4,770,3,0.09524861000631725,0.003896103896103896,0.0013258926936253902,0.011391775387498288,0.08458742595059657,0.10671280899845413
FILD or FILA ADJUDICATED,16,1505502923,combined,5,769,12,0.12110251619678117,0.015604681404421327,0.008948690331271528,0.027076109455192295,0.10673148187555823,0.13744168045042457
FILD or FILA ADJUDICATED,16,1505502923,combined,6,769,6,0.15650794608354904,0.007802340702210663,0.003580646807040671,0.016917035660547395,0.13744562017330836,0.1792068642776046
FILD or FILA ADJUDICATED,16,1505502923,combined,7,770,11,0.20826753837951872,0.014285714285714285,0.007995323688185082,0.025398414171344384,0.1792166229825532,0.24399944618074457
FILD or FILA ADJUDICATED,16,1505502923,combined,8,769,18,0.30170038816070877,0.02340702210663199,0.014856495571086814,0.03669542153425275,0.24415884290176143,0.3719568739382333
FILD or FILA ADJUDICATED,16,1505502923,combined,9,770,83,0.5199800196196509,0.10779220779220779,0.0878027436258213,0.13167562223936025,0.3720984979355334,0.8277199177800073
FILD or FILA ADJUDICATED,17,1370819842,zebra,0,770,0,0.23219330188900628,0.0,0.0,0.004964141914221508,0.11052533634471677,0.26122793947356854
FILD or FILA ADJUDICATED,17,1370819842,zebra,1,769,2,0.28678332023456177,0.002600780234070221,0.0007135177289523901,0.009432753192718508,0.26124029215840633,0.3130216655048263
FILD or FILA ADJUDICATED,17,1370819842,zebra,2,770,4,0.34284852131726884,0.005194805194805195,0.0020219574690050306,0.013280219334419372,0.3130243882443571,0.374738259736572
FILD or FILA ADJUDICATED,17,1370819842,zebra,3,769,5,0.4083224511472046,0.006501950585175552,0.002780348414515579,0.015129481166593194,0.37474196822514005,0.4438555274830016
FILD or FILA ADJUDICATED,17,1370819842,zebra,4,770,6,0.4891171847369302,0.007792207792207792,0.0035759904186376326,0.016895203829388215,0.44388188616123175,0.5380232986555498
FILD or FILA ADJUDICATED,17,1370819842,zebra,5,769,8,0.597280527120436,0.010403120936280884,0.005280654829476248,0.0203927334110704,0.5382614218396673,0.6610940218280053
FILD or FILA ADJUDICATED,17,1370819842,zebra,6,769,13,0.7295530926505587,0.016905071521456438,0.009905619514842359,0.028707033158100748,0.6610983369942656,0.7905263866651004
FILD or FILA ADJUDICATED,17,1370819842,zebra,7,770,11,0.8455359692289844,0.014285714285714285,0.007995323688185082,0.025398414171344384,0.7909880271606295,0.8988858359934823
FILD or FILA ADJUDICATED,17,1370819842,zebra,8,769,23,0.9497346636754714,0.02990897269180754,0.02001129965969971,0.04447988187803632,0.89888716529185,0.9859617212522348
FILD or FILA ADJUDICATED,17,1370819842,zebra,9,770,80,0.9967069539740392,0.1038961038961039,0.0842745420698438,0.1274502976284356,0.9859879776718901,1.0
FILD or FILA ADJUDICATED,17,1370819842,genomic,0,770,15,0.05279156083566114,0.01948051948051948,0.011840409174050253,0.0318913635746821,0.019699080468733823,0.07021023426517055
FILD or FILA ADJUDICATED,17,1370819842,genomic,1,769,14,0.10413799484660802,0.018205461638491547,0.010875078260352153,0.030325427299070243,0.07044072825388278,0.12533885699847933
FILD or FILA ADJUDICATED,17,1370819842,genomic,2,770,6,0.1353086491249913,0.007792207792207792,0.0035759904186376326,0.016895203829388215,0.1253838947650261,0.14433933920452516
FILD or FILA ADJUDICATED,17,1370819842,genomic,3,769,10,0.1530058795323589,0.013003901170351105,0.007078545900378475,0.023770548113126753,0.14437806210219814,0.16094418999346222
FILD or FILA ADJUDICATED,17,1370819842,genomic,4,770,18,0.16873466565141576,0.023376623376623377,0.014837136266102694,0.036648162649531836,0.16095587363635766,0.1767645681561782
FILD or FILA ADJUDICATED,17,1370819842,genomic,5,769,16,0.18597554369420227,0.02080624187256177,0.01284691135930053,0.033529299973080455,0.1767645681561782,0.19526716528834653
FILD or FILA ADJUDICATED,17,1370819842,genomic,6,769,11,0.2025364816144166,0.014304291287386216,0.008005744470847457,0.025431202429137063,0.19532530254010239,0.2091421030697899
FILD or FILA ADJUDICATED,17,1370819842,genomic,7,770,18,0.21489665021443521,0.023376623376623377,0.014837136266102694,0.036648162649531836,0.20915316798170097,0.22067723536576464
FILD or FILA ADJUDICATED,17,1370819842,genomic,8,769,18,0.22712289260550592,0.02340702210663199,0.014856495571086814,0.03669542153425275,0.22070033784261808,0.23525493789842578
FILD or FILA ADJUDICATED,17,1370819842,genomic,9,770,26,0.2721035526534766,0.033766233766233764,0.023145571320675448,0.04901579737336487,0.23527293567845423,0.32870805705570466
FILD or FILA ADJUDICATED,17,1370819842,combined,0,770,4,0.04263625891174083,0.005194805194805195,0.0020219574690050306,0.013280219334419372,0.02178724533054945,0.05179401394201307
FILD or FILA ADJUDICATED,17,1370819842,combined,1,769,1,0.05751894416191058,0.0013003901170351106,0.0002295876800841234,0.007328830355107483,0.0517949643315204,0.06314931574977806
FILD or FILA ADJUDICATED,17,1370819842,combined,2,770,8,0.0685168803777176,0.01038961038961039,0.005273784940225151,0.020366426752402144,0.06315251345130739,0.0739783069796776
FILD or FILA ADJUDICATED,17,1370819842,combined,3,769,9,0.08012700461593975,0.011703511053315995,0.006169270449727107,0.022091970677298834,0.07399216291779591,0.08678961517432923
FILD or FILA ADJUDICATED,17,1370819842,combined,4,770,3,0.0939246489511027,0.003896103896103896,0.0013258926936253902,0.011391775387498288,0.08681463841249878,0.10182318692485895
FILD or FILA ADJUDICATED,17,1370819842,combined,5,769,12,0.11234963846867742,0.015604681404421327,0.008948690331271528,0.027076109455192295,0.1019489968459911,0.12362436551210439
FILD or FILA ADJUDICATED,17,1370819842,combined,6,769,8,0.1356349741892445,0.010403120936280884,0.005280654829476248,0.0203927334110704,0.12363746150712626,0.14775445958836061
FILD or FILA ADJUDICATED,17,1370819842,combined,7,770,6,0.16267257591678144,0.007792207792207792,0.0035759904186376326,0.016895203829388215,0.14782982699792466,0.1799197744131619
FILD or FILA ADJUDICATED,17,1370819842,combined,8,769,20,0.20655455419984037,0.02600780234070221,0.016898117575631134,0.03982950530266702,0.17993195951816487,0.24460020672840982
FILD or FILA ADJUDICATED,17,1370819842,combined,9,770,81,0.30079431140856994,0.10519480519480519,0.08544960345108563,0.12885974496949448,0.2446046792423764,0.38265055344624
FILD or FILA ADJUDICATED,18,972220114,zebra,0,770,2,0.2317027091633322,0.0025974025974025974,0.0007125907061236786,0.009420568652699277,0.11693488945217027,0.26127235839391816
FILD or FILA ADJUDICATED,18,972220114,zebra,1,769,2,0.2874832990258538,0.002600780234070221,0.0007135177289523901,0.009432753192718508,0.2612877049881964,0.313853032619612
FILD or FILA ADJUDICATED,18,972220114,zebra,2,770,6,0.3440582514303233,0.007792207792207792,0.0035759904186376326,0.016895203829388215,0.3138532163788822,0.3756760952334964
FILD or FILA ADJUDICATED,18,972220114,zebra,3,769,0,0.4112216883933739,0.0,0.0,0.004970565148712315,0.37570357674586347,0.4486888957604662
FILD or FILA ADJUDICATED,18,972220114,zebra,4,770,8,0.49304329856441337,0.01038961038961039,0.005273784940225151,0.020366426752402144,0.44870746992347377,0.5431483003360806
FILD or FILA ADJUDICATED,18,972220114,zebra,5,769,10,0.6033633528346911,0.013003901170351105,0.007078545900378475,0.023770548113126753,0.5431945930178149,0.6657088168850702
FILD or FILA ADJUDICATED,18,972220114,zebra,6,769,13,0.7317585759381272,0.016905071521456438,0.009905619514842359,0.028707033158100748,0.6659008684423973,0.7912322679108842
FILD or FILA ADJUDICATED,18,972220114,zebra,7,770,12,0.8490286867517063,0.015584415584415584,0.008937040176158829,0.027041206405671363,0.7913670010332758,0.9035395761421238
FILD or FILA ADJUDICATED,18,972220114,zebra,8,769,28,0.9520517867444226,0.036410923276983094,0.025309891577026858,0.05212055439310563,0.9035436298511591,0.9859879776718901
FILD or FILA ADJUDICATED,18,972220114,zebra,9,770,71,0.9965931750434038,0.09220779220779221,0.07374740451581015,0.11471685668176275,0.9859988523659691,1.0
FILD or FILA ADJUDICATED,18,972220114,genomic,0,770,7,0.029757688876280972,0.00909090909090909,0.004410478976495486,0.01864522399383109,0.0073758027285558275,0.042640267809036736
FILD or FILA ADJUDICATED,18,972220114,genomic,1,769,11,0.054374934986518006,0.014304291287386216,0.008005744470847457,0.025431202429137063,0.042649445257596334,0.06595636894107254
FILD or FILA ADJUDICATED,18,972220114,genomic,2,770,13,0.07801406824459219,0.016883116883116882,0.009892721428977881,0.028670033875153024,0.06597152450647857,0.09028215420152504
FILD or FILA ADJUDICATED,18,972220114,genomic,3,769,8,0.10441346782854456,0.010403120936280884,0.005280654829476248,0.0203927334110704,0.09029339493410764,0.12002093263105951
FILD or FILA ADJUDICATED,18,972220114,genomic,4,770,10,0.13641698785296424,0.012987012987012988,0.007069333631553706,0.02373989550567504,0.1200894096273083,0.15479852331394833
FILD or FILA ADJUDICATED,18,972220114,genomic,5,769,16,0.17696121063859158,0.02080624187256177,0.01284691135930053,0.033529299973080455,0.15486633410910974,0.2007675421578677
FILD or FILA ADJUDICATED,18,972220114,genomic,6,769,20,0.22861768363861334,0.02600780234070221,0.016898117575631134,0.03982950530266702,0.20094255519129067,0.2572747939522913
FILD or FILA ADJUDICATED,18,972220114,genomic,7,770,16,0.28817792436508577,0.02077922077922078,0.012830175613871217,0.033486105857161864,0.25732644705845653,0.3215066998817302
FILD or FILA ADJUDICATED,18,972220114,genomic,8,769,26,0.36633264373155494,0.033810143042912875,0.02317580344494089,0.04907893675223302,0.32157475064034136,0.41687598372422896
FILD or FILA ADJUDICATED,18,972220114,genomic,9,770,25,0.5005030357478804,0.032467532467532464,0.022086969431753586,0.04748989053998599,0.4168941626425369,0.7282595048323958
FILD or FILA ADJUDICATED,18,972220114,combined,0,770,4,0.059996347858570394,0.005194805194805195,0.0020219574690050306,0.013280219334419372,0.013422453091592929,0.0793601788257837
FILD or FILA ADJUDICATED,18,972220114,combined,1,769,0,0.0912185581922004,0.0,0.0,0.004970565148712315,0.07936262208437736,0.10354354737051258
FILD or FILA ADJUDICATED,18,972220114,combined,2,770,3,0.11953214115658424,0.003896103896103896,0.0013258926936253902,0.011391775387498288,0.10355532642589939,0.13620513195014652
FILD or FILA ADJUDICATED,18,972220114,combined,3,769,6,0.15616479811134365,0.007802340702210663,0.003580646807040671,0.016917035660547395,0.13621968003678445,0.17630598439164386
FILD or FILA ADJUDICATED,18,972220114,combined,4,770,6,0.19445787055373406,0.007792207792207792,0.0035759904186376326,0.016895203829388215,0.17635935832386018,0.21249090428483064
FILD or FILA ADJUDICATED,18,972220114,combined,5,769,13,0.2297054385848811,0.016905071521456438,0.009905619514842359,0.028707033158100748,0.21249825224064434,0.24662233189190805
FILD or FILA ADJUDICATED,18,972220114,combined,6,769,11,0.2664589114649823,0.014304291287386216,0.008005744470847457,0.025431202429137063,0.2466257772324144,0.28727626631381625
FILD or FILA ADJUDICATED,18,972220114,combined,7,770,12,0.3142802169991181,0.015584415584415584,0.008937040176158829,0.027041206405671363,0.2873381380717783,0.3479878709197562
FILD or FILA ADJUDICATED,18,972220114,combined,8,769,23,0.4004908743897639,0.02990897269180754,0.02001129965969971,0.04447988187803632,0.34808975929750074,0.46704811200491175
FILD or FILA ADJUDICATED,18,972220114,combined,9,770,74,0.6344780075269432,0.09610389610389611,0.07724637265453546,0.1189714147099396,0.4670607367710368,0.9105555490502583
FILD or FILA ADJUDICATED,19,858936591,zebra,0,770,2,0.23304068625421728,0.0025974025974025974,0.0007125907061236786,0.009420568652699277,0.11052533634471677,0.26280161537040997
FILD or FILA ADJUDICATED,19,858936591,zebra,1,769,2,0.2873264732573952,0.002600780234070221,0.0007135177289523901,0.009432753192718508,0.26286504287269014,0.3126900694309642
FILD or FILA ADJUDICATED,19,858936591,zebra,2,770,2,0.3430083260967611,0.0025974025974025974,0.0007125907061236786,0.009420568652699277,0.31284944483864957,0.3759910413332804
FILD or FILA ADJUDICATED,19,858936591,zebra,3,769,6,0.40946018081522534,0.007802340702210663,0.003580646807040671,0.016917035660547395,0.3761338732577787,0.4452217382542253
FILD or FILA ADJUDICATED,19,858936591,zebra,4,770,7,0.4898513958710473,0.00909090909090909,0.004410478976495486,0.01864522399383109,0.4452869043223011,0.5404236476080435
FILD or FILA ADJUDICATED,19,858936591,zebra,5,769,10,0.6036038804416022,0.013003901170351105,0.007078545900378475,0.023770548113126753,0.5404581129876334,0.6683882760204967
FILD or FILA ADJUDICATED,19,858936591,zebra,6,769,12,0.7324886951959569,0.015604681404421327,0.008948690331271528,0.027076109455192295,0.6684634110766353,0.7896947460373092
FILD or FILA ADJUDICATED,19,858936591,zebra,7,770,13,0.845310434454801,0.016883116883116882,0.009892721428977881,0.028670033875153024,0.7898361713635328,0.8998170492352966
FILD or FILA ADJUDICATED,19,858936591,zebra,8,769,19,0.9497046399226987,0.0247074122236671,0.01587360135768905,0.03826616863412981,0.8998307879232259,0.9848700379705291
FILD or FILA ADJUDICATED,19,858936591,zebra,9,770,79,0.9963324238670489,0.1025974025974026,0.0831005084064421,0.12603982256953655,0.9849074174738573,1.0
FILD or FILA ADJUDICATED,19,858936591,genomic,0,770,10,0.012806294029862471,0.012987012987012988,0.007069333631553706,0.02373989550567504,0.0008474712884906365,0.02445625497708051
FILD or FILA ADJUDICATED,19,858936591,genomic,1,769,15,0.04260154634215788,0.01950585175552666,0.01185585151954993,0.03193250692635176,0.02446116816812387,0.06429586632899235
FILD or FILA ADJUDICATED,19,858936591,genomic,2,770,8,0.09250408770999125,0.01038961038961039,0.005273784940225151,0.020366426752402144,0.06454936166067823,0.1187441173906203
FILD or FILA ADJUDICATED,19,858936591,genomic,3,769,11,0.14521495733872775,0.014304291287386216,0.008005744470847457,0.025431202429137063,0.11875238671698406,0.1731181316881778
FILD or FILA ADJUDICATED,19,858936591,genomic,4,770,10,0.20037798691792325,0.012987012987012988,0.007069333631553706,0.02373989550567504,0.17313620238210778,0.22678727508958293
FILD or FILA ADJUDICATED,19,858936591,genomic,5,769,13,0.25618340747591417,0.016905071521456438,0.009905619514842359,0.028707033158100748,0.22679310567666208,0.285139669897146
FILD or FILA ADJUDICATED,19,858936591,genomic,6,769,11,0.31703310351926745,0.014304291287386216,0.008005744470847457,0.025431202429137063,0.28514299816049954,0.3513070578126713
FILD or FILA ADJUDICATED,19,858936591,genomic,7,770,25,0.3889300456519732,0.032467532467532464,0.022086969431753586,0.04748989053998599,0.3513628264126708,0.4275532312135337
FILD or FILA ADJUDICATED,19,858936591,genomic,8,769,19,0.4752113031272536,0.0247074122236671,0.01587360135768905,0.03826616863412981,0.4275903864536487,0.5288663353364479
FILD or FILA ADJUDICATED,19,858936591,genomic,9,770,30,0.6248975952809396,0.03896103896103896,0.027425421610463595,0.05507398197277961,0.5290221074656775,0.8903106235402243
FILD or FILA ADJUDICATED,19,858936591,combined,0,770,4,0.039796177805935355,0.005194805194805195,0.0020219574690050306,0.013280219334419372,0.019132150093614374,0.04740969048238914
FILD or FILA ADJUDICATED,19,858936591,combined,1,769,3,0.05225102971788024,0.0039011703511053317,0.001327618000260774,0.011406505807889416,0.04741192567526817,0.05717577061794188
FILD or FILA ADJUDICATED,19,858936591,combined,2,770,3,0.06215092170075705,0.003896103896103896,0.0013258926936253902,0.011391775387498288,0.057175918279042476,0.06716816442856595
FILD or FILA ADJUDICATED,19,858936591,combined,3,769,4,0.0719046671874476,0.005201560468140442,0.0020245891497467933,0.013297387544882687,0.06720002775861757,0.07652364229246061
FILD or FILA ADJUDICATED,19,858936591,combined,4,770,4,0.08221197799765541,0.005194805194805195,0.0020219574690050306,0.013280219334419372,0.0765295594815301,0.08808793592684104
FILD or FILA ADJUDICATED,19,858936591,combined,5,769,7,0.09520083492345842,0.009102730819245773,0.004416223152723785,0.01866931220134357,0.08810054285965463,0.10311956655678253
FILD or FILA ADJUDICATED,19,858936591,combined,6,769,13,0.1127762708231468,0.016905071521456438,0.009905619514842359,0.028707033158100748,0.10315111799656951,0.12399211323581427
FILD or FILA ADJUDICATED,19,858936591,combined,7,770,16,0.13823615074769058,0.02077922077922078,0.012830175613871217,0.033486105857161864,0.12401671278890199,0.15579328484128283
FILD or FILA ADJUDICATED,19,858936591,combined,8,769,24,0.18315643686456665,0.031209362808842653,0.02106088189967261,0.0460181525245427,0.1558186815398325,0.2151473947517181
FILD or FILA ADJUDICATED,19,858936591,combined,9,770,74,0.2654373020838436,0.09610389610389611,0.07724637265453546,0.1189714147099396,0.21527743372831334,0.39206526614602705
FILD or FILA ADJUDICATED,20,1937420067,zebra,0,770,2,0.23249807267665382,0.0025974025974025974,0.0007125907061236786,0.009420568652699277,0.11052533634471677,0.2605507168074891
FILD or FILA ADJUDICATED,20,1937420067,zebra,1,769,1,0.2862630676607753,0.0013003901170351106,0.0002295876800841234,0.007328830355107483,0.26061351545512534,0.31213148847501915
FILD or FILA ADJUDICATED,20,1937420067,zebra,2,770,4,0.3446986662473523,0.005194805194805195,0.0020219574690050306,0.013280219334419372,0.3124139229420949,0.37690730946649126
FILD or FILA ADJUDICATED,20,1937420067,zebra,3,769,4,0.4126820835806892,0.005201560468140442,0.0020245891497467933,0.013297387544882687,0.37691177527654185,0.44965430124805295
FILD or FILA ADJUDICATED,20,1937420067,zebra,4,770,8,0.49373468011517735,0.01038961038961039,0.005273784940225151,0.020366426752402144,0.44973227909715946,0.545955588164633
FILD or FILA ADJUDICATED,20,1937420067,zebra,5,769,6,0.6067696547383152,0.007802340702210663,0.003580646807040671,0.016917035660547395,0.5459965224187812,0.668958048422125
FILD or FILA ADJUDICATED,20,1937420067,zebra,6,769,9,0.7361019015019031,0.011703511053315995,0.006169270449727107,0.022091970677298834,0.6690035811683993,0.7934919360090515
FILD or FILA ADJUDICATED,20,1937420067,zebra,7,770,12,0.8477142069526609,0.015584415584415584,0.008937040176158829,0.027041206405671363,0.7940705398672191,0.9001264789018816
FILD or FILA ADJUDICATED,20,1937420067,zebra,8,769,18,0.9501141890089978,0.02340702210663199,0.014856495571086814,0.03669542153425275,0.9001362981113881,0.9849074174738573
FILD or FILA ADJUDICATED,20,1937420067,zebra,9,770,88,0.9961917257212061,0.11428571428571428,0.09370247786168684,0.13869843161499834,0.984942449866396,1.0
FILD or FILA ADJUDICATED,20,1937420067,genomic,0,770,8,1.3333910959453278e-05,0.01038961038961039,0.005273784940225151,0.020366426752402144,1.0035607829503615e-07,2.8481410249555563e-05
FILD or FILA ADJUDICATED,20,1937420067,genomic,1,769,16,5.1905309757449615e-05,0.02080624187256177,0.01284691135930053,0.033529299973080455,2.8483763049371435e-05,8.113798754514418e-05
FILD or FILA ADJUDICATED,20,1937420067,genomic,2,770,13,0.00012631746046169027,0.016883116883116882,0.009892721428977881,0.028670033875153024,8.115762394436225e-05,0.00017387295277114545
FILD or FILA ADJUDICATED,20,1937420067,genomic,3,769,19,0.0002449222464930915,0.0247074122236671,0.01587360135768905,0.03826616863412981,0.0001740602622661034,0.00032273028957600973
FILD or FILA ADJUDICATED,20,1937420067,genomic,4,770,10,0.00043757567029755785,0.012987012987012988,0.007069333631553706,0.02373989550567504,0.0003231397445678437,0.0005755524904870345
FILD or FILA ADJUDICATED,20,1937420067,genomic,5,769,15,0.0007615065581581253,0.01950585175552666,0.01185585151954993,0.03193250692635176,0.0005756062824473779,0.0009906634300141954
FILD or FILA ADJUDICATED,20,1937420067,genomic,6,769,13,0.0013527290137750295,0.016905071521456438,0.009905619514842359,0.028707033158100748,0.0009913065406549255,0.001777051685324852
FILD or FILA ADJUDICATED,20,1937420067,genomic,7,770,14,0.002578648052547221,0.01818181818181818,0.010860915582275707,0.030286348444155925,0.0017788816386482215,0.00366023668826731
FILD or FILA ADJUDICATED,20,1937420067,genomic,8,769,22,0.006242452953328747,0.02860858257477243,0.01896739582103829,0.04293593283021844,0.003667607129090173,0.010290668935819326
FILD or FILA ADJUDICATED,20,1937420067,genomic,9,770,22,0.044264320470992935,0.02857142857142857,0.018942666074440347,0.04288066773039707,0.010305854323967363,0.6984271661306108
FILD or FILA ADJUDICATED,20,1937420067,combined,0,770,2,0.01250321382124273,0.0025974025974025974,0.0007125907061236786,0.009420568652699277,0.0009739664582829664,0.020462793134106393
FILD or FILA ADJUDICATED,20,1937420067,combined,1,769,6,0.028061054204687044,0.007802340702210663,0.003580646807040671,0.016917035660547395,0.02047634519425079,0.03568103555323371
FILD or FILA ADJUDICATED,20,1937420067,combined,2,770,3,0.04510129423357157,0.003896103896103896,0.0013258926936253902,0.011391775387498288,0.0357210807128357,0.05595605108996813
FILD or FILA ADJUDICATED,20,1937420067,combined,3,769,6,0.06798462038604154,0.007802340702210663,0.003580646807040671,0.016917035660547395,0.05596467039984015,0.08102813100143336
FILD or FILA ADJUDICATED,20,1937420067,combined,4,770,7,0.09629549769495332,0.00909090909090909,0.004410478976495486,0.01864522399383109,0.08106601739999057,0.11396593380374186
FILD or FILA ADJUDICATED,20,1937420067,combined,5,769,6,0.13703104304280742,0.007802340702210663,0.003580646807040671,0.016917035660547395,0.11400188698295961,0.16129872783840746
FILD or FILA ADJUDICATED,20,1937420067,combined,6,769,7,0.19129181164519593,0.009102730819245773,0.004416223152723785,0.01866931220134357,0.16132606404250582,0.2254424843473344
FILD or FILA ADJUDICATED,20,1937420067,combined,7,770,17,0.2680228596568796,0.02207792207792208,0.01382933715277743,0.03507145304055638,0.2255173171478613,0.31861849109891294
FILD or FILA ADJUDICATED,20,1937420067,combined,8,769,16,0.38009685214029737,0.02080624187256177,0.01284691135930053,0.033529299973080455,0.31868957821411625,0.4539780657836485
FILD or FILA ADJUDICATED,20,1937420067,combined,9,770,82,0.608012849216,0.10649350649350649,0.08662567599181079,0.13026818115107003,0.4541317007465749,0.966818831794324
FILD or FILA ADJUDICATED,21,396721340,zebra,0,770,3,0.23169227105470466,0.003896103896103896,0.0013258926936253902,0.011391775387498288,0.11693488945217027,0.2606494295469696
FILD or FILA ADJUDICATED,21,396721340,zebra,1,769,2,0.28567166555561296,0.002600780234070221,0.0007135177289523901,0.009432753192718508,0.260739023049146,0.3114993106107179
FILD or FILA ADJUDICATED,21,396721340,zebra,2,770,5,0.3409327374967659,0.006493506493506494,0.0027767335367897463,0.01510995198893538,0.3116540483720635,0.37427429777683524
FILD or FILA ADJUDICATED,21,396721340,zebra,3,769,1,0.4103935394164865,0.0013003901170351106,0.0002295876800841234,0.007328830355107483,0.37432903714209376,0.4477058143755784
FILD or FILA ADJUDICATED,21,396721340,zebra,4,770,7,0.49145929132074934,0.00909090909090909,0.004410478976495486,0.01864522399383109,0.447734556292315,0.5417702961116374
FILD or FILA ADJUDICATED,21,396721340,zebra,5,769,6,0.6003328864018286,0.007802340702210663,0.003580646807040671,0.016917035660547395,0.5417735484207977,0.662980433012624
FILD or FILA ADJUDICATED,21,396721340,zebra,6,769,11,0.7321302039039416,0.014304291287386216,0.008005744470847457,0.025431202429137063,0.6635610066940673,0.7931774164190927
FILD or FILA ADJUDICATED,21,396721340,zebra,7,770,11,0.8484212718528725,0.014285714285714285,0.007995323688185082,0.025398414171344384,0.7931991490157023,0.901450315923878
FILD or FILA ADJUDICATED,21,396721340,zebra,8,769,27,0.9520805261284978,0.035110533159947985,0.024240577366074226,0.05060201571757897,0.9015884236259762,0.9860387702851211
FILD or FILA ADJUDICATED,21,396721340,zebra,9,770,79,0.9966754490267334,0.1025974025974026,0.0831005084064421,0.12603982256953655,0.9860584996624647,1.0
FILD or FILA ADJUDICATED,21,396721340,genomic,0,770,9,3.619479204232436e-05,0.011688311688311689,0.006161243000312308,0.022063477414615715,3.633760502677626e-07,6.899679161735664e-05
FILD or FILA ADJUDICATED,21,396721340,genomic,1,769,14,0.00010953232544449714,0.018205461638491547,0.010875078260352153,0.030325427299070243,6.908562553613361e-05,0.0001583663870666882
FILD or FILA ADJUDICATED,21,396721340,genomic,2,770,12,0.0002206764036074963,0.015584415584415584,0.008937040176158829,0.027041206405671363,0.00015838850655976,0.00029381120710590653
FILD or FILA ADJUDICATED,21,396721340,genomic,3,769,16,0.00039186049193621204,0.02080624187256177,0.01284691135930053,0.033529299973080455,0.0002943063783478559,0.0005030936350072511
FILD or FILA ADJUDICATED,21,396721340,genomic,4,770,18,0.0006648273335487011,0.023376623376623377,0.014837136266102694,0.036648162649531836,0.0005034002810226354,0.000845373885369849
FILD or FILA ADJUDICATED,21,396721340,genomic,5,769,15,0.001118670102788704,0.01950585175552666,0.01185585151954993,0.03193250692635176,0.0008453873530651135,0.0014525690017672375
FILD or FILA ADJUDICATED,21,396721340,genomic,6,769,21,0.0018965822723334576,0.027308192457737322,0.017929533535624646,0.041385942229152796,0.0014533659937460025,0.0024426701111179335
FILD or FILA ADJUDICATED,21,396721340,genomic,7,770,10,0.0034426333653811182,0.012987012987012988,0.007069333631553706,0.02373989550567504,0.0024444866103332094,0.004689311345591491
FILD or FILA ADJUDICATED,21,396721340,genomic,8,769,13,0.007510446459975641,0.016905071521456438,0.009905619514842359,0.028707033158100748,0.004689778504308688,0.012079485487748608
FILD or FILA ADJUDICATED,21,396721340,genomic,9,770,24,0.05891993412243854,0.03116883116883117,0.021033415527337528,0.04595893572210135,0.012117477443471964,0.8732780806015116
FILD or FILA ADJUDICATED,21,396721340,combined,0,770,4,0.02504626234061915,0.005194805194805195,0.0020219574690050306,0.013280219334419372,0.018304954580279198,0.02777939269066147
FILD or FILA ADJUDICATED,21,396721340,combined,1,769,3,0.030752432375702323,0.0039011703511053317,0.001327618000260774,0.011406505807889416,0.027780658701676602,0.03459456474053758
FILD or FILA ADJUDICATED,21,396721340,combined,2,770,2,0.04703339459053986,0.0025974025974025974,0.0007125907061236786,0.009420568652699277,0.034596833178560764,0.06061424449190844
FILD or FILA ADJUDICATED,21,396721340,combined,3,769,2,0.07174065202078132,0.002600780234070221,0.0007135177289523901,0.009432753192718508,0.060667779764232634,0.08209196954950321
FILD or FILA ADJUDICATED,21,396721340,combined,4,770,7,0.09130438909921436,0.00909090909090909,0.004410478976495486,0.01864522399383109,0.08212519941964654,0.10029378654459899
FILD or FILA ADJUDICATED,21,396721340,combined,5,769,6,0.1099940351155606,0.007802340702210663,0.003580646807040671,0.016917035660547395,0.10029914815210551,0.12020018140302455
FILD or FILA ADJUDICATED,21,396721340,combined,6,769,13,0.13195750542014734,0.016905071521456438,0.009905619514842359,0.028707033158100748,0.12020785888701663,0.14430766068017856
FILD or FILA ADJUDICATED,21,396721340,combined,7,770,12,0.1586044655591192,0.015584415584415584,0.008937040176158829,0.027041206405671363,0.14431369568614383,0.174252928154304
FILD or FILA ADJUDICATED,21,396721340,combined,8,769,22,0.19651189918466194,0.02860858257477243,0.01896739582103829,0.04293593283021844,0.17437976804234875,0.22322694434977594
FILD or FILA ADJUDICATED,21,396721340,combined,9,770,81,0.2791910283951611,0.10519480519480519,0.08544960345108563,0.12885974496949448,0.22325550157819216,0.4131419122657126
FILD or FILA ADJUDICATED,22,1260135417,zebra,0,770,3,0.23272534978520645,0.003896103896103896,0.0013258926936253902,0.011391775387498288,0.11693488945217027,0.2603712147413345
FILD or FILA ADJUDICATED,22,1260135417,zebra,1,769,2,0.2865390948776793,0.002600780234070221,0.0007135177289523901,0.009432753192718508,0.2604377046995854,0.3119463758969041
FILD or FILA ADJUDICATED,22,1260135417,zebra,2,770,5,0.3422081975489438,0.006493506493506494,0.0027767335367897463,0.01510995198893538,0.3119478363101785,0.37606160153816026
FILD or FILA ADJUDICATED,22,1260135417,zebra,3,769,2,0.4110114877631934,0.002600780234070221,0.0007135177289523901,0.009432753192718508,0.37623856999212185,0.44571740749231
FILD or FILA ADJUDICATED,22,1260135417,zebra,4,770,6,0.4912014652734383,0.007792207792207792,0.0035759904186376326,0.016895203829388215,0.44594839782972473,0.5414991255093249
FILD or FILA ADJUDICATED,22,1260135417,zebra,5,769,11,0.6027277647356896,0.014304291287386216,0.008005744470847457,0.025431202429137063,0.5415147210270846,0.6642357512021969
FILD or FILA ADJUDICATED,22,1260135417,zebra,6,769,8,0.732192217240037,0.010403120936280884,0.005280654829476248,0.0203927334110704,0.6644660370297129,0.7912322679108842
FILD or FILA ADJUDICATED,22,1260135417,zebra,7,770,14,0.8456912035179127,0.01818181818181818,0.010860915582275707,0.030286348444155925,0.7913670010332758,0.9005151325308381
FILD or FILA ADJUDICATED,22,1260135417,zebra,8,769,16,0.9494882921197375,0.02080624187256177,0.01284691135930053,0.033529299973080455,0.9005276567023855,0.984722294496873
FILD or FILA ADJUDICATED,22,1260135417,zebra,9,770,85,0.9961991117898268,0.11038961038961038,0.09015980224910894,0.13448758106067407,0.9847376948471221,1.0
FILD or FILA ADJUDICATED,22,1260135417,genomic,0,770,12,0.052855556598412255,0.015584415584415584,0.008937040176158829,0.027041206405671363,0.013296410706204558,0.07814456934445428
FILD or FILA ADJUDICATED,22,1260135417,genomic,1,769,9,0.0956067814111935,0.011703511053315995,0.006169270449727107,0.022091970677298834,0.07815391587618613,0.10995673967641661
FILD or FILA ADJUDICATED,22,1260135417,genomic,2,770,13,0.12394041706941791,0.016883116883116882,0.009892721428977881,0.028670033875153024,0.10995865402725281,0.13921625992816777
FILD or FILA ADJUDICATED,22,1260135417,genomic,3,769,9,0.1534681127448513,0.011703511053315995,0.006169270449727107,0.022091970677298834,0.1392681689416557,0.1681840873145113
FILD or FILA ADJUDICATED,22,1260135417,genomic,4,770,9,0.18493222697177047,0.011688311688311689,0.006161243000312308,0.022063477414615715,0.16828799823132817,0.20231770455589504
FILD or FILA ADJUDICATED,22,1260135417,genomic,5,769,18,0.2188609643856832,0.02340702210663199,0.014856495571086814,0.03669542153425275,0.2023532158784041,0.23767663754526394
FILD or FILA ADJUDICATED,22,1260135417,genomic,6,769,11,0.2585807412257144,0.014304291287386216,0.008005744470847457,0.025431202429137063,0.23775666236201762,0.2806696867297071
FILD or FILA ADJUDICATED,22,1260135417,genomic,7,770,20,0.306501484531418,0.025974025974025976,0.016876091691355087,0.03977822466888089,0.2809117690479241,0.3329404403368667
FILD or FILA ADJUDICATED,22,1260135417,genomic,8,769,14,0.37238587896810593,0.018205461638491547,0.010875078260352153,0.030325427299070243,0.332945833182253,0.41784723951799857
FILD or FILA ADJUDICATED,22,1260135417,genomic,9,770,37,0.4563185098689106,0.048051948051948054,0.035060391811628726,0.06553057282771954,0.41784839141855495,0.4868986596059666
FILD or FILA ADJUDICATED,22,1260135417,combined,0,770,6,0.00786712740190909,0.007792207792207792,0.0035759904186376326,0.016895203829388215,0.005472975093942685,0.009053344807685904
FILD or FILA ADJUDICATED,22,1260135417,combined,1,769,1,0.010406172008734473,0.0013003901170351106,0.0002295876800841234,0.007328830355107483,0.009055324470320652,0.012252499196330938
FILD or FILA ADJUDICATED,22,1260135417,combined,2,770,3,0.018119896986376175,0.003896103896103896,0.0013258926936253902,0.011391775387498288,0.012252894757382664,0.028590099323984056
FILD or FILA ADJUDICATED,22,1260135417,combined,3,769,5,0.039857336881705833,0.006501950585175552,0.002780348414515579,0.015129481166593194,0.028595823569365977,0.05140492622599147
FILD or FILA ADJUDICATED,22,1260135417,combined,4,770,6,0.06558166365582868,0.007792207792207792,0.0035759904186376326,0.016895203829388215,0.051459176054880866,0.08030989169609712
FILD or FILA ADJUDICATED,22,1260135417,combined,5,769,6,0.09780024938134281,0.007802340702210663,0.003580646807040671,0.016917035660547395,0.08032561876202908,0.11695015845204651
FILD or FILA ADJUDICATED,22,1260135417,combined,6,769,12,0.1380715294000598,0.015604681404421327,0.008948690331271528,0.027076109455192295,0.1169928344659697,0.16097122610046047
FILD or FILA ADJUDICATED,22,1260135417,combined,7,770,14,0.19296812922490625,0.01818181818181818,0.010860915582275707,0.030286348444155925,0.16110535277486812,0.23162423130805243
FILD or FILA ADJUDICATED,22,1260135417,combined,8,769,19,0.2865205234058844,0.0247074122236671,0.01587360135768905,0.03826616863412981,0.23166365091414992,0.3568128037014976
FILD or FILA ADJUDICATED,22,1260135417,combined,9,770,80,0.4953865394136889,0.1038961038961039,0.0842745420698438,0.1274502976284356,0.3570339101499073,0.7915178313196093
FILD or FILA ADJUDICATED,23,2106134752,zebra,0,770,3,0.23065711001153535,0.003896103896103896,0.0013258926936253902,0.011391775387498288,0.11052533634471677,0.25976196388872147
FILD or FILA ADJUDICATED,23,2106134752,zebra,1,769,1,0.28546145342659923,0.0013003901170351106,0.0002295876800841234,0.007328830355107483,0.259829183187628,0.3117823339439391
FILD or FILA ADJUDICATED,23,2106134752,zebra,2,770,5,0.342050906734659,0.006493506493506494,0.0027767335367897463,0.01510995198893538,0.31191926924351776,0.37591291363267654
FILD or FILA ADJUDICATED,23,2106134752,zebra,3,769,6,0.4107354835912436,0.007802340702210663,0.003580646807040671,0.016917035660547395,0.3759659423087181,0.4492273624574113
FILD or FILA ADJUDICATED,23,2106134752,zebra,4,770,8,0.4945393314256004,0.01038961038961039,0.005273784940225151,0.020366426752402144,0.4494962813328404,0.5440953606750395
FILD or FILA ADJUDICATED,23,2106134752,zebra,5,769,10,0.6067056122113342,0.013003901170351105,0.007078545900378475,0.023770548113126753,0.5443327809099153,0.6744074914832626
FILD or FILA ADJUDICATED,23,2106134752,zebra,6,769,12,0.738573521872122,0.015604681404421327,0.008948690331271528,0.027076109455192295,0.6745261460518709,0.7948839486070685
FILD or FILA ADJUDICATED,23,2106134752,zebra,7,770,12,0.8474127285154096,0.015584415584415584,0.008937040176158829,0.027041206405671363,0.7949992771625009,0.901189661903329
FILD or FILA ADJUDICATED,23,2106134752,zebra,8,769,22,0.9513101999198118,0.02860858257477243,0.01896739582103829,0.04293593283021844,0.9012048016712629,0.9860235587738928
FILD or FILA ADJUDICATED,23,2106134752,zebra,9,770,73,0.9967717166866568,0.09480519480519481,0.07607888344397429,0.11755439519820005,0.9860387702851211,1.0
FILD or FILA ADJUDICATED,23,2106134752,genomic,0,770,8,0.0001438671874613554,0.01038961038961039,0.005273784940225151,0.020366426752402144,2.7988982077057144e-06,0.0002849292704827549
FILD or FILA ADJUDICATED,23,2106134752,genomic,1,769,10,0.0004947899403502323,0.013003901170351105,0.007078545900378475,0.023770548113126753,0.0002852821146490844,0.0007408902275981574
FILD or FILA ADJUDICATED,23,2106134752,genomic,2,770,18,0.001147068117043386,0.023376623376623377,0.014837136266102694,0.036648162649531836,0.0007417682784431958,0.0016163718059268321
FILD or FILA ADJUDICATED,23,2106134752,genomic,3,769,18,0.0023126207325998628,0.02340702210663199,0.014856495571086814,0.03669542153425275,0.0016182770367603784,0.0031599122334464154
FILD or FILA ADJUDICATED,23,2106134752,genomic,4,770,15,0.004535523699373746,0.01948051948051948,0.011840409174050253,0.0318913635746821,0.0031679892785146453,0.006307403367314667
FILD or FILA ADJUDICATED,23,2106134752,genomic,5,769,16,0.008721538922507903,0.02080624187256177,0.01284691135930053,0.033529299973080455,0.006314433598512235,0.011622286321104097
FILD or FILA ADJUDICATED,23,2106134752,genomic,6,769,15,0.01652496635866578,0.01950585175552666,0.01185585151954993,0.03193250692635176,0.011622709764382995,0.0226027325867474
FILD or FILA ADJUDICATED,23,2106134752,genomic,7,770,13,0.032508871721809995,0.016883116883116882,0.009892721428977881,0.028670033875153024,0.022629916983664726,0.04578258436276741
FILD or FILA ADJUDICATED,23,2106134752,genomic,8,769,20,0.07362474836055947,0.02600780234070221,0.016898117575631134,0.03982950530266702,0.04578555182716341,0.11245474351218085
FILD or FILA ADJUDICATED,23,2106134752,genomic,9,770,19,0.2713667383620837,0.024675324675324677,0.015852913748522608,0.03821689388941264,0.11258392509142273,0.8656515129253362
FILD or FILA ADJUDICATED,23,2106134752,combined,0,770,3,0.00859658213568662,0.003896103896103896,0.0013258926936253902,0.011391775387498288,0.0012527443017443071,0.013274343283131783
FILD or FILA ADJUDICATED,23,2106134752,combined,1,769,7,0.018164436381163013,0.009102730819245773,0.004416223152723785,0.01866931220134357,0.013289280538321386,0.023335657144942238
FILD or FILA ADJUDICATED,23,2106134752,combined,2,770,6,0.02913310842128566,0.007792207792207792,0.0035759904186376326,0.016895203829388215,0.023347517118729212,0.03513761089983653
FILD or FILA ADJUDICATED,23,2106134752,combined,3,769,9,0.042848696440849175,0.011703511053315995,0.006169270449727107,0.022091970677298834,0.03514309241266734,0.05167859698559041
FILD or FILA ADJUDICATED,23,2106134752,combined,4,770,11,0.06220544172411707,0.014285714285714285,0.007995323688185082,0.025398414171344384,0.05167961969523191,0.07417592667228164
FILD or FILA ADJUDICATED,23,2106134752,combined,5,769,7,0.08894274074138286,0.009102730819245773,0.004416223152723785,0.01866931220134357,0.07419498712783403,0.10527061463497933
FILD or FILA ADJUDICATED,23,2106134752,combined,6,769,7,0.13085850086227677,0.009102730819245773,0.004416223152723785,0.01866931220134357,0.10534792002285015,0.16131367837047916
FILD or FILA ADJUDICATED,23,2106134752,combined,7,770,7,0.2013158315286642,0.00909090909090909,0.004410478976495486,0.01864522399383109,0.16132235672167325,0.2531626275676103
FILD or FILA ADJUDICATED,23,2106134752,combined,8,769,19,0.33502218573411674,0.0247074122236671,0.01587360135768905,0.03826616863412981,0.25339136765256287,0.4413423679254662
FILD or FILA ADJUDICATED,23,2106134752,combined,9,770,76,0.6344583271843672,0.0987012987012987,0.07958474714757134,0.12180205766150516,0.4418807045521212,0.9430874356605851
FILD or FILA ADJUDICATED,24,106588613,zebra,0,770,2,0.23170423629080164,0.0025974025974025974,0.0007125907061236786,0.009420568652699277,0.11693488945217027,0.2600432461571028
FILD or FILA ADJUDICATED,24,106588613,zebra,1,769,2,0.286299121567336,0.002600780234070221,0.0007135177289523901,0.009432753192718508,0.26004792933185844,0.3134907084506088
FILD or FILA ADJUDICATED,24,106588613,zebra,2,770,5,0.3446522329773254,0.006493506493506494,0.0027767335367897463,0.01510995198893538,0.31356746728511165,0.37718670117353315
FILD or FILA ADJUDICATED,24,106588613,zebra,3,769,5,0.41286684228504206,0.006501950585175552,0.002780348414515579,0.015129481166593194,0.37722891098823874,0.4505792844027786
FILD or FILA ADJUDICATED,24,106588613,zebra,4,770,5,0.4941665963553706,0.006493506493506494,0.0027767335367897463,0.01510995198893538,0.4505826354187552,0.5414675277818876
FILD or FILA ADJUDICATED,24,106588613,zebra,5,769,9,0.6047323363745255,0.011703511053315995,0.006169270449727107,0.022091970677298834,0.5418736368405029,0.6697352548132127
FILD or FILA ADJUDICATED,24,106588613,zebra,6,769,13,0.7369906140710555,0.016905071521456438,0.009905619514842359,0.028707033158100748,0.6707551341419131,0.7967293452948094
FILD or FILA ADJUDICATED,24,106588613,zebra,7,770,8,0.8493322489377625,0.01038961038961039,0.005273784940225151,0.020366426752402144,0.7967476554881304,0.9008618976387284
FILD or FILA ADJUDICATED,24,106588613,zebra,8,769,28,0.9502897630538449,0.036410923276983094,0.025309891577026858,0.05212055439310563,0.9010687245335479,0.985721892962206
FILD or FILA ADJUDICATED,24,106588613,zebra,9,770,75,0.9966218460361849,0.09740259740259741,0.07841500055802125,0.12038729552875452,0.9857425356329601,1.0
FILD or FILA ADJUDICATED,24,106588613,genomic,0,770,9,0.00025526384529264614,0.011688311688311689,0.006161243000312308,0.022063477414615715,1.0946869812093535e-05,0.0005042621200908025
FILD or FILA ADJUDICATED,24,106588613,genomic,1,769,13,0.0008252894322252038,0.016905071521456438,0.009905619514842359,0.028707033158100748,0.0005046617806502568,0.0011888019693822283
FILD or FILA ADJUDICATED,24,106588613,genomic,2,770,14,0.0017176148712112354,0.01818181818181818,0.010860915582275707,0.030286348444155925,0.0011892495412763155,0.002317887253754848
FILD or FILA ADJUDICATED,24,106588613,genomic,3,769,20,0.003104101979131738,0.02600780234070221,0.016898117575631134,0.03982950530266702,0.00232133238615049,0.004043503012579474
FILD or FILA ADJUDICATED,24,106588613,genomic,4,770,10,0.005349643356312542,0.012987012987012988,0.007069333631553706,0.02373989550567504,0.004044508121998044,0.006781034962473142
FILD or FILA ADJUDICATED,24,106588613,genomic,5,769,12,0.008819606270968183,0.015604681404421327,0.008948690331271528,0.027076109455192295,0.006781720219295062,0.011271788858311458
FILD or FILA ADJUDICATED,24,106588613,genomic,6,769,20,0.015222866115113387,0.02600780234070221,0.016898117575631134,0.03982950530266702,0.011272353235718914,0.02037907711156108
FILD or FILA ADJUDICATED,24,106588613,genomic,7,770,17,0.027358320423118993,0.02207792207792208,0.01382933715277743,0.03507145304055638,0.020383044726047714,0.037383343747874234
FILD or FILA ADJUDICATED,24,106588613,genomic,8,769,11,0.05735128989254693,0.014304291287386216,0.008005744470847457,0.025431202429137063,0.03739106219560343,0.08632224451453317
FILD or FILA ADJUDICATED,24,106588613,genomic,9,770,26,0.20535644554022842,0.033766233766233764,0.023145571320675448,0.04901579737336487,0.0864576988138855,0.8552129093191523
FILD or FILA ADJUDICATED,24,106588613,combined,0,770,4,0.025596269703121188,0.005194805194805195,0.0020219574690050306,0.013280219334419372,0.007033015884794847,0.0367795773422018
FILD or FILA ADJUDICATED,24,106588613,combined,1,769,4,0.04679228105288787,0.005201560468140442,0.0020245891497467933,0.013297387544882687,0.03682242369593159,0.056113261418510293
FILD or FILA ADJUDICATED,24,106588613,combined,2,770,2,0.06776936573164477,0.0025974025974025974,0.0007125907061236786,0.009420568652699277,0.05614135051790367,0.07979475289699678
FILD or FILA ADJUDICATED,24,106588613,combined,3,769,6,0.09321005579096805,0.007802340702210663,0.003580646807040671,0.016917035660547395,0.07984585447911716,0.1073998912374376
FILD or FILA ADJUDICATED,24,106588613,combined,4,770,5,0.1246207393945625,0.006493506493506494,0.0027767335367897463,0.01510995198893538,0.10749207602236686,0.14212773378754784
FILD or FILA ADJUDICATED,24,106588613,combined,5,769,6,0.16192113750304848,0.007802340702210663,0.003580646807040671,0.016917035660547395,0.1421318066861646,0.18470559299565315
FILD or FILA ADJUDICATED,24,106588613,combined,6,769,12,0.21145744019420734,0.015604681404421327,0.008948690331271528,0.027076109455192295,0.1847571172194581,0.23932152414283495
FILD or FILA ADJUDICATED,24,106588613,combined,7,770,12,0.27558189289389184,0.015584415584415584,0.008937040176158829,0.027041206405671363,0.23938996102331248,0.31793233935977644
FILD or FILA ADJUDICATED,24,106588613,combined,8,769,24,0.3763250199275639,0.031209362808842653,0.02106088189967261,0.0460181525245427,0.31803159816525306,0.4418965495308488
FILD or FILA ADJUDICATED,24,106588613,combined,9,770,77,0.5624223923701666,0.1,0.08075559305709225,0.12321572047428499,0.44222326350705465,0.9015546160243347
FILD or FILA ADJUDICATED,25,1319911130,zebra,0,770,1,0.23139107607062273,0.0012987012987012987,0.00022928946639889794,0.007319361170123334,0.11052533634471677,0.2615951007755146
FILD or FILA ADJUDICATED,25,1319911130,zebra,1,769,3,0.28862360292222977,0.0039011703511053317,0.001327618000260774,0.011406505807889416,0.2616542840184007,0.3154031876211685
FILD or FILA ADJUDICATED,25,1319911130,zebra,2,770,5,0.3464549448568734,0.006493506493506494,0.0027767335367897463,0.01510995198893538,0.3154214643457771,0.37891071381815333
FILD or FILA ADJUDICATED,25,1319911130,zebra,3,769,6,0.4126248572633393,0.007802340702210663,0.003580646807040671,0.016917035660547395,0.37891801751729953,0.44955402660744687
FILD or FILA ADJUDICATED,25,1319911130,zebra,4,770,8,0.49435618947146337,0.01038961038961039,0.005273784940225151,0.020366426752402144,0.44973227909715946,0.5430503347508041
FILD or FILA ADJUDICATED,25,1319911130,zebra,5,769,9,0.6025889043946299,0.011703511053315995,0.006169270449727107,0.022091970677298834,0.5431483003360806,0.6652446793833273
FILD or FILA ADJUDICATED,25,1319911130,zebra,6,769,11,0.73068393950235,0.014304291287386216,0.008005744470847457,0.025431202429137063,0.6657088168850702,0.7931991490157023
FILD or FILA ADJUDICATED,25,1319911130,zebra,7,770,8,0.8495395384747575,0.01038961038961039,0.005273784940225151,0.020366426752402144,0.7932292598136429,0.9047106988493917
FILD or FILA ADJUDICATED,25,1319911130,zebra,8,769,25,0.952865025310632,0.032509752925877766,0.0221158152388249,0.04755107207186972,0.9047173686575437,0.985721892962206
FILD or FILA ADJUDICATED,25,1319911130,zebra,9,770,76,0.99639750045502,0.0987012987012987,0.07958474714757134,0.12180205766150516,0.9857425356329601,1.0
FILD or FILA ADJUDICATED,25,1319911130,genomic,0,770,12,0.00931746954982957,0.015584415584415584,0.008937040176158829,0.027041206405671363,0.0021479755351607715,0.013754927543497029
FILD or FILA ADJUDICATED,25,1319911130,genomic,1,769,18,0.017773653770974826,0.02340702210663199,0.014856495571086814,0.03669542153425275,0.013764969448840337,0.021750712318028474
FILD or FILA ADJUDICATED,25,1319911130,genomic,2,770,13,0.026166396203458325,0.016883116883116882,0.009892721428977881,0.028670033875153024,0.021770339766076223,0.030790110702087807
FILD or FILA ADJUDICATED,25,1319911130,genomic,3,769,18,0.03586916828430705,0.02340702210663199,0.014856495571086814,0.03669542153425275,0.030804562661882633,0.04140997170388397
FILD or FILA ADJUDICATED,25,1319911130,genomic,4,770,14,0.04766075165946789,0.01818181818181818,0.010860915582275707,0.030286348444155925,0.041420389502661505,0.05479568043222521
FILD or FILA ADJUDICATED,25,1319911130,genomic,5,769,9,0.06208207287014497,0.011703511053315995,0.006169270449727107,0.022091970677298834,0.05480083624892359,0.07050159696446483
FILD or FILA ADJUDICATED,25,1319911130,genomic,6,769,11,0.08259707880477275,0.014304291287386216,0.008005744470847457,0.025431202429137063,0.07054782303710398,0.09515486309364676
FILD or FILA ADJUDICATED,25,1319911130,genomic,7,770,20,0.11183462794100513,0.025974025974025976,0.016876091691355087,0.03977822466888089,0.09519346346852957,0.13123844266530188
FILD or FILA ADJUDICATED,25,1319911130,genomic,8,769,12,0.1591580380726871,0.015604681404421327,0.008948690331271528,0.027076109455192295,0.13124428566678484,0.1955686533236877
FILD or FILA ADJUDICATED,25,1319911130,genomic,9,770,25,0.2929615338702965,0.032467532467532464,0.022086969431753586,0.04748989053998599,0.19566684683022484,0.6918409955290686
FILD or FILA ADJUDICATED,25,1319911130,combined,0,770,3,0.034135048262150046,0.003896103896103896,0.0013258926936253902,0.011391775387498288,0.014704906706692016,0.04366810546623002
FILD or FILA ADJUDICATED,25,1319911130,combined,1,769,3,0.05155304836472274,0.0039011703511053317,0.001327618000260774,0.011406505807889416,0.04366955586580509,0.059307665880297955
FILD or FILA ADJUDICATED,25,1319911130,combined,2,770,5,0.06757573299873887,0.006493506493506494,0.0027767335367897463,0.01510995198893538,0.05933177282633703,0.07593638842339104
FILD or FILA ADJUDICATED,25,1319911130,combined,3,769,4,0.08668779472016916,0.005201560468140442,0.0020245891497467933,0.013297387544882687,0.07598030211582411,0.09873665678170127
FILD or FILA ADJUDICATED,25,1319911130,combined,4,770,6,0.11345231561457064,0.007792207792207792,0.0035759904186376326,0.016895203829388215,0.09876925923770674,0.1314316036713333
FILD or FILA ADJUDICATED,25,1319911130,combined,5,769,8,0.15794188691272285,0.010403120936280884,0.005280654829476248,0.0203927334110704,0.131462565308887,0.18876749715899704
FILD or FILA ADJUDICATED,25,1319911130,combined,6,769,14,0.2199369077970993,0.018205461638491547,0.010875078260352153,0.030325427299070243,0.18878754561071862,0.25086940429408056
FILD or FILA ADJUDICATED,25,1319911130,combined,7,770,9,0.2802369490160265,0.011688311688311689,0.006161243000312308,0.022063477414615715,0.25101185170342055,0.30661078864307434
FILD or FILA ADJUDICATED,25,1319911130,combined,8,769,23,0.33394778613997034,0.02990897269180754,0.02001129965969971,0.04447988187803632,0.3066162242519422,0.36505924408954604
FILD or FILA ADJUDICATED,25,1319911130,combined,9,770,77,0.4517910857623325,0.1,0.08075559305709225,0.12321572047428499,0.36508643823039105,0.6403985543100793
FILD or FILA ADJUDICATED,26,389299636,zebra,0,770,2,0.23139373680384281,0.0025974025974025974,0.0007125907061236786,0.009420568652699277,0.11052533634471677,0.2597607800877409
FILD or FILA ADJUDICATED,26,389299636,zebra,1,769,1,0.2854409882583289,0.0013003901170351106,0.0002295876800841234,0.007328830355107483,0.259914228385545,0.31121606017594466
FILD or FILA ADJUDICATED,26,389299636,zebra,2,770,4,0.342311027341869,0.005194805194805195,0.0020219574690050306,0.013280219334419372,0.31130472529421865,0.3750647308513072
FILD or FILA ADJUDICATED,26,389299636,zebra,3,769,4,0.41163049624550363,0.005201560468140442,0.0020245891497467933,0.013297387544882687,0.37511969672903656,0.45026065552799543
FILD or FILA ADJUDICATED,26,389299636,zebra,4,770,8,0.49652101549015976,0.01038961038961039,0.005273784940225151,0.020366426752402144,0.4504911182720976,0.54942425249649
FILD or FILA ADJUDICATED,26,389299636,zebra,5,769,10,0.6074912680867345,0.013003901170351105,0.007078545900378475,0.023770548113126753,0.5494529442999345,0.6687336911392805
FILD or FILA ADJUDICATED,26,389299636,zebra,6,769,8,0.7341544140020736,0.010403120936280884,0.005280654829476248,0.0203927334110704,0.668776506732894,0.7931774164190927
FILD or FILA ADJUDICATED,26,389299636,zebra,7,770,13,0.8466760015822145,0.016883116883116882,0.009892721428977881,0.028670033875153024,0.7931991490157023,0.89888716529185
FILD or FILA ADJUDICATED,26,389299636,zebra,8,769,24,0.9503642982160982,0.031209362808842653,0.02106088189967261,0.0460181525245427,0.8989414097210439,0.9853138761542591
FILD or FILA ADJUDICATED,26,389299636,zebra,9,770,78,0.9963813825317523,0.1012987012987013,0.08192751953281167,0.1246283027208663,0.9853504544758104,1.0
FILD or FILA ADJUDICATED,26,389299636,genomic,0,770,13,0.10319052318886553,0.016883116883116882,0.009892721428977881,0.028670033875153024,0.02965918365371383,0.13866133076604806
FILD or FILA ADJUDICATED,26,389299636,genomic,1,769,13,0.16216296280200337,0.016905071521456438,0.009905619514842359,0.028707033158100748,0.1386692121778567,0.1830864687409152
FILD or FILA ADJUDICATED,26,389299636,genomic,2,770,11,0.20052265569533936,0.014285714285714285,0.007995323688185082,0.025398414171344384,0.18310530152130156,0.2180354440649377
FILD or FILA ADJUDICATED,26,389299636,genomic,3,769,15,0.23594920407502298,0.01950585175552666,0.01185585151954993,0.03193250692635176,0.21814114600490192,0.2518941675985685
FILD or FILA ADJUDICATED,26,389299636,genomic,4,770,11,0.2695817700347529,0.014285714285714285,0.007995323688185082,0.025398414171344384,0.2518967751656067,0.2872682038713563
FILD or FILA ADJUDICATED,26,389299636,genomic,5,769,14,0.30564288297633196,0.018205461638491547,0.010875078260352153,0.030325427299070243,0.2872791882859293,0.3243763944731716
FILD or FILA ADJUDICATED,26,389299636,genomic,6,769,22,0.3439166478379539,0.02860858257477243,0.01896739582103829,0.04293593283021844,0.32448154341979585,0.3635324067515592
FILD or FILA ADJUDICATED,26,389299636,genomic,7,770,16,0.38699289934846376,0.02077922077922078,0.012830175613871217,0.033486105857161864,0.363538070111144,0.410095682406693
FILD or FILA ADJUDICATED,26,389299636,genomic,8,769,14,0.43990828951160116,0.018205461638491547,0.010875078260352153,0.030325427299070243,0.4101086454862185,0.4754339304425926
FILD or FILA ADJUDICATED,26,389299636,genomic,9,770,23,0.535498314944754,0.02987012987012987,0.01998520545069876,0.044422637076439384,0.4754625234578796,0.6913494653776365
FILD or FILA ADJUDICATED,26,389299636,combined,0,770,7,0.005359044010111219,0.00909090909090909,0.004410478976495486,0.01864522399383109,0.0008503917990805291,0.008073292014550794
FILD or FILA ADJUDICATED,26,389299636,combined,1,769,4,0.01069469079166972,0.005201560468140442,0.0020245891497467933,0.013297387544882687,0.00807423157164774,0.013470499452970644
FILD or FILA ADJUDICATED,26,389299636,combined,2,770,2,0.016645996099877814,0.0025974025974025974,0.0007125907061236786,0.009420568652699277,0.01349419939223759,0.02023052380111823
FILD or FILA ADJUDICATED,26,389299636,combined,3,769,9,0.024079461364125285,0.011703511053315995,0.006169270449727107,0.022091970677298834,0.02023149718994605,0.028337310780271557
FILD or FILA ADJUDICATED,26,389299636,combined,4,770,10,0.03404233672945257,0.012987012987012988,0.007069333631553706,0.02373989550567504,0.028362709021353905,0.040420485813181764
FILD or FILA ADJUDICATED,26,389299636,combined,5,769,12,0.04886911675729968,0.015604681404421327,0.008948690331271528,0.027076109455192295,0.040473942043913455,0.058716634438489554
FILD or FILA ADJUDICATED,26,389299636,combined,6,769,10,0.0743609165061567,0.013003901170351105,0.007078545900378475,0.023770548113126753,0.058727195620098385,0.09446937438981845
FILD or FILA ADJUDICATED,26,389299636,combined,7,770,18,0.12409840972059666,0.023376623376623377,0.014837136266102694,0.036648162649531836,0.09449752035464633,0.16642232162488446
FILD or FILA ADJUDICATED,26,389299636,combined,8,769,16,0.2402891465240447,0.02080624187256177,0.01284691135930053,0.033529299973080455,0.1666684214883937,0.3338628095006867
FILD or FILA ADJUDICATED,26,389299636,combined,9,770,64,0.5576949507205955,0.08311688311688312,0.06562638232994934,0.10474631781151848,0.33422536942582126,0.9842147933736825
FILD or FILA ADJUDICATED,27,858406618,zebra,0,770,2,0.23273253108240086,0.0025974025974025974,0.0007125907061236786,0.009420568652699277,0.11052533634471677,0.2615284007497962
FILD or FILA ADJUDICATED,27,858406618,zebra,1,769,2,0.28722632732937065,0.002600780234070221,0.0007135177289523901,0.009432753192718508,0.2615897480367035,0.31284944483864957
FILD or FILA ADJUDICATED,27,858406618,zebra,2,770,5,0.34335000091876755,0.006493506493506494,0.0027767335367897463,0.01510995198893538,0.3130243882443571,0.3771495928919676
FILD or FILA ADJUDICATED,27,858406618,zebra,3,769,3,0.41201800176461817,0.0039011703511053317,0.001327618000260774,0.011406505807889416,0.37718670117353315,0.4490041770236082
FILD or FILA ADJUDICATED,27,858406618,zebra,4,770,10,0.4945435207279233,0.012987012987012988,0.007069333631553706,0.02373989550567504,0.4490266141978036,0.5443461105674552
FILD or FILA ADJUDICATED,27,858406618,zebra,5,769,7,0.6061719340741907,0.009102730819245773,0.004416223152723785,0.01866931220134357,0.5444945050953365,0.6687315969512554
FILD or FILA ADJUDICATED,27,858406618,zebra,6,769,10,0.7346366758549137,0.013003901170351105,0.007078545900378475,0.023770548113126753,0.6687336911392805,0.7950351556109139
FILD or FILA ADJUDICATED,27,858406618,zebra,7,770,10,0.8496194448026023,0.012987012987012988,0.007069333631553706,0.02373989550567504,0.7951987360641392,0.9016638263944464
FILD or FILA ADJUDICATED,27,858406618,zebra,8,769,29,0.9518632610344233,0.0377113133940182,0.026383521542156965,0.053634777314454804,0.9025689321917897,0.9859102920779055
FILD or FILA ADJUDICATED,27,858406618,zebra,9,770,74,0.9965128155568312,0.09610389610389611,0.07724637265453546,0.1189714147099396,0.9859617212522348,1.0
FILD or FILA ADJUDICATED,27,858406618,genomic,0,770,6,0.030549675390495138,0.007792207792207792,0.0035759904186376326,0.016895203829388215,0.014169415690729865,0.037998617273493726
FILD or FILA ADJUDICATED,27,858406618,genomic,1,769,17,0.04345688688038313,0.022106631989596878,0.013847378881987714,0.03511668533687256,0.0380337280466256,0.04871587971832821
FILD or FILA ADJUDICATED,27,858406618,genomic,2,770,10,0.0537162208031251,0.012987012987012988,0.007069333631553706,0.02373989550567504,0.048718177615018565,0.05856971586729032
FILD or FILA ADJUDICATED,27,858406618,genomic,3,769,13,0.06382771489263188,0.016905071521456438,0.009905619514842359,0.028707033158100748,0.058584175619355285,0.06927399262664406
FILD or FILA ADJUDICATED,27,858406618,genomic,4,770,9,0.07521850021335234,0.011688311688311689,0.006161243000312308,0.022063477414615715,0.06928750628915564,0.08145827829821271
FILD or FILA ADJUDICATED,27,858406618,genomic,5,769,13,0.08822402816251511,0.016905071521456438,0.009905619514842359,0.028707033158100748,0.08148441801839375,0.09502889040347935
FILD or FILA ADJUDICATED,27,858406618,genomic,6,769,12,0.103473115656442,0.015604681404421327,0.008948690331271528,0.027076109455192295,0.09503328502930514,0.1126049379900898
FILD or FILA ADJUDICATED,27,858406618,genomic,7,770,16,0.12415616356476658,0.02077922077922078,0.012830175613871217,0.033486105857161864,0.112628075683098,0.1367397081065139
FILD or FILA ADJUDICATED,27,858406618,genomic,8,769,26,0.15447167449496002,0.033810143042912875,0.02317580344494089,0.04907893675223302,0.13675418175799522,0.1759831239101755
FILD or FILA ADJUDICATED,27,858406618,genomic,9,770,30,0.234324447899117,0.03896103896103896,0.027425421610463595,0.05507398197277961,0.176039861307947,0.523406647507968
FILD or FILA ADJUDICATED,27,858406618,combined,0,770,1,0.0022103922504118846,0.0012987012987012987,0.00022928946639889794,0.007319361170123334,0.0002190963731828386,0.003495589147117918
FILD or FILA ADJUDICATED,27,858406618,combined,1,769,4,0.004856528177712104,0.005201560468140442,0.0020245891497467933,0.013297387544882687,0.0034993198595274022,0.006311100449394538
FILD or FILA ADJUDICATED,27,858406618,combined,2,770,3,0.00819603914767008,0.003896103896103896,0.0013258926936253902,0.011391775387498288,0.00631485884966165,0.010247010928154315
FILD or FILA ADJUDICATED,27,858406618,combined,3,769,6,0.013016941937623141,0.007802340702210663,0.003580646807040671,0.016917035660547395,0.01024712408209756,0.016116819286063077
FILD or FILA ADJUDICATED,27,858406618,combined,4,770,9,0.020203415696767264,0.011688311688311689,0.006161243000312308,0.022063477414615715,0.016121919117536552,0.02476641046599042
FILD or FILA ADJUDICATED,27,858406618,combined,5,769,7,0.031442751445262485,0.009102730819245773,0.004416223152723785,0.01866931220134357,0.02479515668117505,0.03882825493477732
FILD or FILA ADJUDICATED,27,858406618,combined,6,769,7,0.049343894518515265,0.009102730819245773,0.004416223152723785,0.01866931220134357,0.038847460930979315,0.06185672659880656
FILD or FILA ADJUDICATED,27,858406618,combined,7,770,12,0.0817681944267538,0.015584415584415584,0.008937040176158829,0.027041206405671363,0.06191781338039977,0.10900631419397569
FILD or FILA ADJUDICATED,27,858406618,combined,8,769,28,0.15478171348400294,0.036410923276983094,0.025309891577026858,0.05212055439310563,0.10909342753847023,0.2201714380121911
FILD or FILA ADJUDICATED,27,858406618,combined,9,770,75,0.42691557452640005,0.09740259740259741,0.07841500055802125,0.12038729552875452,0.22095153690589087,0.9646344702132501
FILD or FILA ADJUDICATED,28,1550531150,zebra,0,770,3,0.2314662549148078,0.003896103896103896,0.0013258926936253902,0.011391775387498288,0.11052533634471677,0.2603664779857897
FILD or FILA ADJUDICATED,28,1550531150,zebra,1,769,1,0.2855456413302272,0.0013003901170351106,0.0002295876800841234,0.007328830355107483,0.2603686869559921,0.31149522918890044
FILD or FILA ADJUDICATED,28,1550531150,zebra,2,770,3,0.342326726288716,0.003896103896103896,0.0013258926936253902,0.011391775387498288,0.3114993106107179,0.3762924089016528
FILD or FILA ADJUDICATED,28,1550531150,zebra,3,769,4,0.410790258577944,0.005201560468140442,0.0020245891497467933,0.013297387544882687,0.37631015251636496,0.44770346856430193
FILD or FILA ADJUDICATED,28,1550531150,zebra,4,770,7,0.49283166538610057,0.00909090909090909,0.004410478976495486,0.01864522399383109,0.4477058143755784,0.5469501339296855
FILD or FILA ADJUDICATED,28,1550531150,zebra,5,769,9,0.6059706099306703,0.011703511053315995,0.006169270449727107,0.022091970677298834,0.547389742836921,0.670885500186124
FILD or FILA ADJUDICATED,28,1550531150,zebra,6,769,13,0.7340274739331388,0.016905071521456438,0.009905619514842359,0.028707033158100748,0.6710238032622696,0.7915953991790097
FILD or FILA ADJUDICATED,28,1550531150,zebra,7,770,11,0.8480444253325724,0.014285714285714285,0.007995323688185082,0.025398414171344384,0.7919419135256038,0.90138360051922
FILD or FILA ADJUDICATED,28,1550531150,zebra,8,769,22,0.9512314702890021,0.02860858257477243,0.01896739582103829,0.04293593283021844,0.901450315923878,0.9855998280659356
FILD or FILA ADJUDICATED,28,1550531150,zebra,9,770,79,0.9963811513452246,0.1025974025974026,0.0831005084064421,0.12603982256953655,0.9856268735103083,1.0
FILD or FILA ADJUDICATED,28,1550531150,genomic,0,770,9,0.0065827698003966305,0.011688311688311689,0.006161243000312308,0.022063477414615715,0.0009107095042829009,0.010347203897493695
FILD or FILA ADJUDICATED,28,1550531150,genomic,1,769,15,0.013662535251871943,0.01950585175552666,0.01185585151954993,0.03193250692635176,0.010356568703656392,0.017105051629429765
FILD or FILA ADJUDICATED,28,1550531150,genomic,2,770,12,0.021120611934975046,0.015584415584415584,0.008937040176158829,0.027041206405671363,0.017133966564656187,0.025112458065465745
FILD or FILA ADJUDICATED,28,1550531150,genomic,3,769,21,0.02977752760390374,0.027308192457737322,0.017929533535624646,0.041385942229152796,0.02514684871440455,0.03449290165487716
FILD or FILA ADJUDICATED,28,1550531150,genomic,4,770,20,0.0405013175853081,0.025974025974025976,0.016876091691355087,0.03977822466888089,0.03451139321817012,0.047461282393754516
FILD or FILA ADJUDICATED,28,1550531150,genomic,5,769,9,0.05527674113130933,0.011703511053315995,0.006169270449727107,0.022091970677298834,0.04746157161329339,0.06422966368678837
FILD or FILA ADJUDICATED,28,1550531150,genomic,6,769,15,0.07582811363171715,0.01950585175552666,0.01185585151954993,0.03193250692635176,0.06424242789156794,0.09041256944714539
FILD or FILA ADJUDICATED,28,1550531150,genomic,7,770,15,0.10802014425632288,0.01948051948051948,0.011840409174050253,0.0318913635746821,0.09049122379168681,0.13007358971276756
FILD or FILA ADJUDICATED,28,1550531150,genomic,8,769,20,0.1651002432319471,0.02600780234070221,0.016898117575631134,0.03982950530266702,0.13008878202999344,0.20817909297539636
FILD or FILA ADJUDICATED,28,1550531150,genomic,9,770,16,0.3342388626809466,0.02077922077922078,0.012830175613871217,0.033486105857161864,0.20853690778197034,0.8759545416090666
FILD or FILA ADJUDICATED,28,1550531150,combined,0,770,0,0.001964732296268428,0.0,0.0,0.004964141914221508,0.00033878591889766854,0.0030440511750630633
FILD or FILA ADJUDICATED,28,1550531150,combined,1,769,3,0.004225871659909953,0.0039011703511053317,0.001327618000260774,0.011406505807889416,0.003046273765328621,0.0054959645728135595
FILD or FILA ADJUDICATED,28,1550531150,combined,2,770,5,0.0068452960666207045,0.006493506493506494,0.0027767335367897463,0.01510995198893538,0.005496146687631836,0.00833551633798392
FILD or FILA ADJUDICATED,28,1550531150,combined,3,769,8,0.010315996788567998,0.010403120936280884,0.005280654829476248,0.0203927334110704,0.008336980772483299,0.012463573127942357
FILD or FILA ADJUDICATED,28,1550531150,combined,4,770,8,0.01517523220462085,0.01038961038961039,0.005273784940225151,0.020366426752402144,0.012468528967517328,0.018726040145391063
FILD or FILA ADJUDICATED,28,1550531150,combined,5,769,12,0.023398003807798478,0.015604681404421327,0.008948690331271528,0.027076109455192295,0.018727849221600954,0.02918304656613122
FILD or FILA ADJUDICATED,28,1550531150,combined,6,769,12,0.03707046030188173,0.015604681404421327,0.008948690331271528,0.027076109455192295,0.02918420626694633,0.047179086379350706
FILD or FILA ADJUDICATED,28,1550531150,combined,7,770,11,0.0632180868891493,0.014285714285714285,0.007995323688185082,0.025398414171344384,0.04722807256022801,0.08455839469018817
FILD or FILA ADJUDICATED,28,1550531150,combined,8,769,16,0.12561623870261254,0.02080624187256177,0.01284691135930053,0.033529299973080455,0.08457475973800978,0.19242607974394838
FILD or FILA ADJUDICATED,28,1550531150,combined,9,770,77,0.40514112676814973,0.1,0.08075559305709225,0.12321572047428499,0.19276963038059086,0.9444933687955023
FILD or FILA ADJUDICATED,29,61889481,zebra,0,770,1,0.23291084928931008,0.0012987012987012987,0.00022928946639889794,0.007319361170123334,0.13431327672947047,0.26061351545512534
FILD or FILA ADJUDICATED,29,61889481,zebra,1,769,1,0.2852204397183822,0.0013003901170351106,0.0002295876800841234,0.007328830355107483,0.2606166535515202,0.3100324003875697
FILD or FILA ADJUDICATED,29,61889481,zebra,2,770,3,0.34058581932591764,0.003896103896103896,0.0013258926936253902,0.011391775387498288,0.31022314736665557,0.37318045080654094
FILD or FILA ADJUDICATED,29,61889481,zebra,3,769,5,0.40676480334970444,0.006501950585175552,0.002780348414515579,0.015129481166593194,0.3731954189126807,0.44386246688636605
FILD or FILA ADJUDICATED,29,61889481,zebra,4,770,6,0.48840752258547965,0.007792207792207792,0.0035759904186376326,0.016895203829388215,0.44388188616123175,0.5367741352862195
FILD or FILA ADJUDICATED,29,61889481,zebra,5,769,11,0.597774691541078,0.014304291287386216,0.008005744470847457,0.025431202429137063,0.5368783998050141,0.6620692576172443
FILD or FILA ADJUDICATED,29,61889481,zebra,6,769,11,0.7290720715515451,0.014304291287386216,0.008005744470847457,0.025431202429137063,0.6621822852161156,0.7905201229246109
FILD or FILA ADJUDICATED,29,61889481,zebra,7,770,16,0.84566736657284,0.02077922077922078,0.012830175613871217,0.033486105857161864,0.7905263866651004,0.898678320073587
FILD or FILA ADJUDICATED,29,61889481,zebra,8,769,22,0.9500359827371109,0.02860858257477243,0.01896739582103829,0.04293593283021844,0.898712194658097,0.985389945076186
FILD or FILA ADJUDICATED,29,61889481,zebra,9,770,76,0.9963556648562408,0.0987012987012987,0.07958474714757134,0.12180205766150516,0.9855111624726878,1.0
FILD or FILA ADJUDICATED,29,61889481,genomic,0,770,8,0.09987747305405195,0.01038961038961039,0.005273784940225151,0.020366426752402144,0.02824243119229945,0.13249739836519447
FILD or FILA ADJUDICATED,29,61889481,genomic,1,769,9,0.1540097712705664,0.011703511053315995,0.006169270449727107,0.022091970677298834,0.1325122426740992,0.17327300357549544
FILD or FILA ADJUDICATED,29,61889481,genomic,2,770,11,0.19142268439396273,0.014285714285714285,0.007995323688185082,0.025398414171344384,0.17329039085580655,0.20907298646310943
FILD or FILA ADJUDICATED,29,61889481,genomic,3,769,13,0.22651257378445414,0.016905071521456438,0.009905619514842359,0.028707033158100748,0.20907915322156448,0.24317707461043472
FILD or FILA ADJUDICATED,29,61889481,genomic,4,770,16,0.2605294050903518,0.02077922077922078,0.012830175613871217,0.033486105857161864,0.24317751696518503,0.27788508106315996
FILD or FILA ADJUDICATED,29,61889481,genomic,5,769,14,0.2972026064116703,0.018205461638491547,0.010875078260352153,0.030325427299070243,0.2779745014792597,0.317046970759435
FILD or FILA ADJUDICATED,29,61889481,genomic,6,769,20,0.33843693733522306,0.02600780234070221,0.016898117575631134,0.03982950530266702,0.31706293315365736,0.3619054255865327
FILD or FILA ADJUDICATED,29,61889481,genomic,7,770,19,0.38652615531475887,0.024675324675324677,0.015852913748522608,0.03821689388941264,0.36196325803009566,0.41377373545591944
FILD or FILA ADJUDICATED,29,61889481,genomic,8,769,18,0.4474776294959974,0.02340702210663199,0.014856495571086814,0.03669542153425275,0.41378598914808357,0.48649387530884064
FILD or FILA ADJUDICATED,29,61889481,genomic,9,770,24,0.5524145856643335,0.03116883116883117,0.021033415527337528,0.04595893572210135,0.48655627865013984,0.7567182460109155
FILD or FILA ADJUDICATED,29,61889481,combined,0,770,3,0.013778729507979948,0.003896103896103896,0.0013258926936253902,0.011391775387498288,0.005038425830481683,0.01807462652638212
FILD or FILA ADJUDICATED,29,61889481,combined,1,769,4,0.02177962988227287,0.005201560468140442,0.0020245891497467933,0.013297387544882687,0.018076432011593303,0.025504442154675913
FILD or FILA ADJUDICATED,29,61889481,combined,2,770,2,0.02950061155329889,0.0025974025974025974,0.0007125907061236786,0.009420568652699277,0.02552161041337919,0.03343024516476251
FILD or FILA ADJUDICATED,29,61889481,combined,3,769,8,0.038180555822589585,0.010403120936280884,0.005280654829476248,0.0203927334110704,0.033435680521996976,0.043737781212693574
FILD or FILA ADJUDICATED,29,61889481,combined,4,770,7,0.04982351921843737,0.00909090909090909,0.004410478976495486,0.01864522399383109,0.04374129954639799,0.05606580413432048
FILD or FILA ADJUDICATED,29,61889481,combined,5,769,9,0.06411348219872513,0.011703511053315995,0.006169270449727107,0.022091970677298834,0.056071341662370607,0.07259931711431743
FILD or FILA ADJUDICATED,29,61889481,combined,6,769,12,0.08487513124192064,0.015604681404421327,0.008948690331271528,0.027076109455192295,0.07260659902671113,0.09934168746242439
FILD or FILA ADJUDICATED,29,61889481,combined,7,770,13,0.12038601337414016,0.016883116883116882,0.009892721428977881,0.028670033875153024,0.09944872235048921,0.14524251697126683
FILD or FILA ADJUDICATED,29,61889481,combined,8,769,20,0.18920430353289802,0.02600780234070221,0.016898117575631134,0.03982950530266702,0.14525326136207437,0.24962527753728703
FILD or FILA ADJUDICATED,29,61889481,combined,9,770,74,0.45637665962690455,0.09610389610389611,0.07724637265453546,0.1189714147099396,0.24974106510176003,0.8480407078544542
FILD or FILA ADJUDICATED,30,148875290,zebra,0,770,2,0.23197702840820486,0.0025974025974025974,0.0007125907061236786,0.009420568652699277,0.11693488945217027,0.26115603578262536
FILD or FILA ADJUDICATED,30,148875290,zebra,1,769,1,0.2871418896653431,0.0013003901170351106,0.0002295876800841234,0.007328830355107483,0.26122351629499085,0.3125359068401259
FILD or FILA ADJUDICATED,30,148875290,zebra,2,770,5,0.34139952470640766,0.006493506493506494,0.0027767335367897463,0.01510995198893538,0.3126900694309642,0.37375723028053126
FILD or FILA ADJUDICATED,30,148875290,zebra,3,769,3,0.4097101800365664,0.0039011703511053317,0.001327618000260774,0.011406505807889416,0.3738976467320849,0.44638399663992084
FILD or FILA ADJUDICATED,30,148875290,zebra,4,770,6,0.4911777966491493,0.007792207792207792,0.0035759904186376326,0.016895203829388215,0.4465391774652037,0.5404581129876334
FILD or FILA ADJUDICATED,30,148875290,zebra,5,769,7,0.6014197379193361,0.009102730819245773,0.004416223152723785,0.01866931220134357,0.5405732793825522,0.668822262529491
FILD or FILA ADJUDICATED,30,148875290,zebra,6,769,11,0.7369386956866507,0.014304291287386216,0.008005744470847457,0.025431202429137063,0.6689393003158046,0.7959347264627129
FILD or FILA ADJUDICATED,30,148875290,zebra,7,770,11,0.8490482071146531,0.014285714285714285,0.007995323688185082,0.025398414171344384,0.7960164005686882,0.9026265878413079
FILD or FILA ADJUDICATED,30,148875290,zebra,8,769,25,0.9525350464919538,0.032509752925877766,0.0221158152388249,0.04755107207186972,0.9033433217371718,0.9861341321332594
FILD or FILA ADJUDICATED,30,148875290,zebra,9,770,81,0.9966030243498752,0.10519480519480519,0.08544960345108563,0.12885974496949448,0.9861384169293421,1.0
FILD or FILA ADJUDICATED,30,148875290,genomic,0,770,7,0.026315546426745,0.00909090909090909,0.004410478976495486,0.01864522399383109,0.006606658978933451,0.03508464633774755
FILD or FILA ADJUDICATED,30,148875290,genomic,1,769,11,0.041183689858796384,0.014304291287386216,0.008005744470847457,0.025431202429137063,0.03508732363036554,0.04716371638554956
FILD or FILA ADJUDICATED,30,148875290,genomic,2,770,12,0.05316216499684398,0.015584415584415584,0.008937040176158829,0.027041206405671363,0.04722308091415028,0.0590360314023038
FILD or FILA ADJUDICATED,30,148875290,genomic,3,769,15,0.06522741841135934,0.01950585175552666,0.01185585151954993,0.03193250692635176,0.05904046970419945,0.07151772711623745
FILD or FILA ADJUDICATED,30,148875290,genomic,4,770,13,0.07847350269440528,0.016883116883116882,0.009892721428977881,0.028670033875153024,0.07152525070045616,0.08589654218987637
FILD or FILA ADJUDICATED,30,148875290,genomic,5,769,19,0.09291762553808422,0.0247074122236671,0.01587360135768905,0.03826616863412981,0.08592191721615451,0.10071188408131823
FILD or FILA ADJUDICATED,30,148875290,genomic,6,769,18,0.10986251475801233,0.02340702210663199,0.014856495571086814,0.03669542153425275,0.1007548630331762,0.1206897252639968
FILD or FILA ADJUDICATED,30,148875290,genomic,7,770,22,0.13452225708412366,0.02857142857142857,0.018942666074440347,0.04288066773039707,0.12069526401394762,0.1493418159066111
FILD or FILA ADJUDICATED,30,148875290,genomic,8,769,14,0.17037125282714782,0.018205461638491547,0.010875078260352153,0.030325427299070243,0.14938694536617667,0.1950688493789068
FILD or FILA ADJUDICATED,30,148875290,genomic,9,770,21,0.2632426038323327,0.02727272727272727,0.017906160074157684,0.04133266500837901,0.19512431149295809,0.6075610829475925
FILD or FILA ADJUDICATED,30,148875290,combined,0,770,3,0.050649797969229374,0.003896103896103896,0.0013258926936253902,0.011391775387498288,0.02396275710903919,0.06335255420600835
FILD or FILA ADJUDICATED,30,148875290,combined,1,769,1,0.07404070731870306,0.0013003901170351106,0.0002295876800841234,0.007328830355107483,0.06336325404088228,0.08498727465963554
FILD or FILA ADJUDICATED,30,148875290,combined,2,770,3,0.09759568616569333,0.003896103896103896,0.0013258926936253902,0.011391775387498288,0.0850063589540293,0.11147569980577633
FILD or FILA ADJUDICATED,30,148875290,combined,3,769,4,0.12651766305109016,0.005201560468140442,0.0020245891497467933,0.013297387544882687,0.11147570389662573,0.14264980879831543
FILD or FILA ADJUDICATED,30,148875290,combined,4,770,9,0.15855600448195292,0.011688311688311689,0.006161243000312308,0.022063477414615715,0.14265369201978845,0.17441595924511008
FILD or FILA ADJUDICATED,30,148875290,combined,5,769,8,0.18784801765928894,0.010403120936280884,0.005280654829476248,0.0203927334110704,0.17441623972470416,0.2014004158322692
FILD or FILA ADJUDICATED,30,148875290,combined,6,769,9,0.2142531032248763,0.011703511053315995,0.006169270449727107,0.022091970677298834,0.20140194967303873,0.2275142262072777
FILD or FILA ADJUDICATED,30,148875290,combined,7,770,21,0.24283278222918028,0.02727272727272727,0.017906160074157684,0.04133266500837901,0.22755049991379897,0.25956516871324264
FILD or FILA ADJUDICATED,30,148875290,combined,8,769,18,0.2789438614620389,0.02340702210663199,0.014856495571086814,0.03669542153425275,0.2595857690109988,0.3043826064997063
FILD or FILA ADJUDICATED,30,148875290,combined,9,770,76,0.38961080575671425,0.0987012987012987,0.07958474714757134,0.12180205766150516,0.30440701207036824,0.6228215527612333
NONFIBROTIC ILD ADJUDICATED,1,677550801,zebra,0,770,0,0.23131707119943037,0.0,0.0,0.004964141914221508,0.11052533634471677,0.2597474148447815
NONFIBROTIC ILD ADJUDICATED,1,677550801,zebra,1,769,0,0.28525070700116567,0.0,0.0,0.004970565148712315,0.259914228385545,0.3108017895140072
NONFIBROTIC ILD ADJUDICATED,1,677550801,zebra,2,770,0,0.3399721776463063,0.0,0.0,0.004964141914221508,0.31080703418834127,0.37215423673283515
NONFIBROTIC ILD ADJUDICATED,1,677550801,zebra,3,769,0,0.4071310854657565,0.0,0.0,0.004970565148712315,0.3722326306867366,0.4441442775243989
NONFIBROTIC ILD ADJUDICATED,1,677550801,zebra,4,770,1,0.4918176457173566,0.0012987012987012987,0.00022928946639889794,0.007319361170123334,0.44415242844132996,0.5446991880362866
NONFIBROTIC ILD ADJUDICATED,1,677550801,zebra,5,769,3,0.603612341846562,0.0039011703511053317,0.001327618000260774,0.011406505807889416,0.5447134690457525,0.6642357512021969
NONFIBROTIC ILD ADJUDICATED,1,677550801,zebra,6,769,1,0.7291217501996523,0.0013003901170351106,0.0002295876800841234,0.007328830355107483,0.6642661211891435,0.7909880271606295
NONFIBROTIC ILD ADJUDICATED,1,677550801,zebra,7,770,2,0.8443336810068384,0.0025974025974025974,0.0007125907061236786,0.009420568652699277,0.7911279271667242,0.8965404278537848
NONFIBROTIC ILD ADJUDICATED,1,677550801,zebra,8,769,0,0.9471367074836387,0.0,0.0,0.004970565148712315,0.8968991982126697,0.9846863701708237
NONFIBROTIC ILD ADJUDICATED,1,677550801,zebra,9,770,9,0.9962553316439746,0.011688311688311689,0.006161243000312308,0.022063477414615715,0.9846988562571408,1.0
NONFIBROTIC ILD ADJUDICATED,1,677550801,genomic,0,770,2,3.118901640072773e-08,0.0025974025974025974,0.0007125907061236786,0.009420568652699277,7.615741366432891e-10,8.796314870834012e-08
NONFIBROTIC ILD ADJUDICATED,1,677550801,genomic,1,769,0,1.3430035146922188e-06,0.0,0.0,0.004970565148712315,8.830808143863055e-08,3.3884175090779227e-06
NONFIBROTIC ILD ADJUDICATED,1,677550801,genomic,2,770,3,7.5559278518554205e-06,0.003896103896103896,0.0013258926936253902,0.011391775387498288,3.397583421404792e-06,1.2230732330201143e-05
NONFIBROTIC ILD ADJUDICATED,1,677550801,genomic,3,769,3,1.544956021113309e-05,0.0039011703511053317,0.001327618000260774,0.011406505807889416,1.2232361916400067e-05,1.8404722199449026e-05
NONFIBROTIC ILD ADJUDICATED,1,677550801,genomic,4,770,0,2.0923482689831907e-05,0.0,0.0,0.004964141914221508,1.8414620316302343e-05,2.3477545319739e-05
NONFIBROTIC ILD ADJUDICATED,1,677550801,genomic,5,769,1,2.6238110441027182e-05,0.0013003901170351106,0.0002295876800841234,0.007328830355107483,2.3484021882222106e-05,2.947545638670192e-05
NONFIBROTIC ILD ADJUDICATED,1,677550801,genomic,6,769,2,3.433461567924604e-05,0.002600780234070221,0.0007135177289523901,0.009432753192718508,2.9478748977143958e-05,4.017737190847764e-05
NONFIBROTIC ILD ADJUDICATED,1,677550801,genomic,7,770,2,5.450186526748735e-05,0.0025974025974025974,0.0007125907061236786,0.009420568652699277,4.020306264919049e-05,8.611867730311118e-05
NONFIBROTIC ILD ADJUDICATED,1,677550801,genomic,8,769,0,0.001264068394242547,0.0,0.0,0.004970565148712315,8.621388254274098e-05,0.003200987608842873
NONFIBROTIC ILD ADJUDICATED,1,677550801,genomic,9,770,3,0.08921582177572293,0.003896103896103896,0.0013258926936253902,0.011391775387498288,0.0032138976213782495,0.9044333254529827
NONFIBROTIC ILD ADJUDICATED,1,677550801,combined,0,770,1,0.00028503034440398024,0.0012987012987012987,0.00022928946639889794,0.007319361170123334,6.205757109147856e-05,0.00041866586591581483
NONFIBROTIC ILD ADJUDICATED,1,677550801,combined,1,769,0,0.0005516943338263779,0.0,0.0,0.004970565148712315,0.0004192520142202866,0.0006842186199743445
NONFIBROTIC ILD ADJUDICATED,1,677550801,combined,2,770,1,0.0008278284397065611,0.0012987012987012987,0.00022928946639889794,0.007319361170123334,0.0006844637877882004,0.000992835616621967
NONFIBROTIC ILD ADJUDICATED,1,677550801,combined,3,769,0,0.001195169474476278,0.0,0.0,0.004970565148712315,0.0009930715212586034,0.001415292873680176
NONFIBROTIC ILD ADJUDICATED,1,677550801,combined,4,770,1,0.001690199443683266,0.0012987012987012987,0.00022928946639889794,0.007319361170123334,0.0014161175681513779,0.002001075269980937
NONFIBROTIC ILD ADJUDICATED,1,677550801,combined,5,769,0,0.0024319883785338574,0.0,0.0,0.004970565148712315,0.002002631426547932,0.002958240082608255
NONFIBROTIC ILD ADJUDICATED,1,677550801,combined,6,769,2,0.0037355467703294233,0.002600780234070221,0.0007135177289523901,0.009432753192718508,0.0029599318328360326,0.004792807136014966
NONFIBROTIC ILD ADJUDICATED,1,677550801,combined,7,770,3,0.006653916430255352,0.003896103896103896,0.0013258926936253902,0.011391775387498288,0.004793156803511455,0.009350630064110205
NONFIBROTIC ILD ADJUDICATED,1,677550801,combined,8,769,3,0.023439717182757395,0.0039011703511053317,0.001327618000260774,0.011406505807889416,0.009366559752718181,0.051942311239137944
NONFIBROTIC ILD ADJUDICATED,1,677550801,combined,9,770,5,0.19962518518669572,0.006493506493506494,0.0027767335367897463,0.01510995198893538,0.05208498699788042,0.8860578657080385
NONFIBROTIC ILD ADJUDICATED,2,498999188,zebra,0,770,0,0.23259949815699532,0.0,0.0,0.004964141914221508,0.11052533634471677,0.2611260600445289
NONFIBROTIC ILD ADJUDICATED,2,498999188,zebra,1,769,0,0.28580470625455645,0.0,0.0,0.004970565148712315,0.26122351629499085,0.3111904898296658
NONFIBROTIC ILD ADJUDICATED,2,498999188,zebra,2,770,0,0.34109029636029015,0.0,0.0,0.004964141914221508,0.31121606017594466,0.3729807235971536
NONFIBROTIC ILD ADJUDICATED,2,498999188,zebra,3,769,0,0.40818394964229243,0.0,0.0,0.004970565148712315,0.373178151308945,0.4445051068049796
NONFIBROTIC ILD ADJUDICATED,2,498999188,zebra,4,770,0,0.4891870035824447,0.0,0.0,0.004964141914221508,0.44453786922679794,0.5377903758457281
NONFIBROTIC ILD ADJUDICATED,2,498999188,zebra,5,769,2,0.5977450807510517,0.002600780234070221,0.0007135177289523901,0.009432753192718508,0.537808941957548,0.6610940218280053
NONFIBROTIC ILD ADJUDICATED,2,498999188,zebra,6,769,2,0.7276169056676712,0.002600780234070221,0.0007135177289523901,0.009432753192718508,0.6610983369942656,0.7871626993954245
NONFIBROTIC ILD ADJUDICATED,2,498999188,zebra,7,770,1,0.8431909826347787,0.0012987012987012987,0.00022928946639889794,0.007319361170123334,0.7872372419200562,0.897232731440224
NONFIBROTIC ILD ADJUDICATED,2,498999188,zebra,8,769,2,0.9493426264954844,0.002600780234070221,0.0007135177289523901,0.009432753192718508,0.8972336009602396,0.985485854363619
NONFIBROTIC ILD ADJUDICATED,2,498999188,zebra,9,770,9,0.9963069246374636,0.011688311688311689,0.006161243000312308,0.022063477414615715,0.9855111624726878,1.0
NONFIBROTIC ILD ADJUDICATED,2,498999188,genomic,0,770,2,4.1525517267868315e-09,0.0025974025974025974,0.0007125907061236786,0.009420568652699277,5.614248136256905e-12,1.985927281145968e-08
NONFIBROTIC ILD ADJUDICATED,2,498999188,genomic,1,769,1,8.11219952310564e-08,0.0013003901170351106,0.0002295876800841234,0.007328830355107483,1.9996870787863747e-08,1.8600164845248158e-07
NONFIBROTIC ILD ADJUDICATED,2,498999188,genomic,2,770,1,3.8181647804064657e-07,0.0012987012987012987,0.00022928946639889794,0.007319361170123334,1.8613068251828016e-07,6.770541662678222e-07
NONFIBROTIC ILD ADJUDICATED,2,498999188,genomic,3,769,2,2.43813314740656e-06,0.002600780234070221,0.0007135177289523901,0.009432753192718508,6.780842164789687e-07,5.1501763067027626e-06
NONFIBROTIC ILD ADJUDICATED,2,498999188,genomic,4,770,3,6.434966164025951e-06,0.003896103896103896,0.0013258926936253902,0.011391775387498288,5.15766138907923e-06,7.670222650712157e-06
NONFIBROTIC ILD ADJUDICATED,2,498999188,genomic,5,769,1,9.057281416076597e-06,0.0013003901170351106,0.0002295876800841234,0.007328830355107483,7.679199012199494e-06,1.077435800061266e-05
NONFIBROTIC ILD ADJUDICATED,2,498999188,genomic,6,769,2,1.319880840936472e-05,0.002600780234070221,0.0007135177289523901,0.009432753192718508,1.0779432655396313e-05,1.6433351801948928e-05
NONFIBROTIC ILD ADJUDICATED,2,498999188,genomic,7,770,2,2.4507667925169042e-05,0.0025974025974025974,0.0007125907061236786,0.009420568652699277,1.6438187201146583e-05,3.8860322734240087e-05
NONFIBROTIC ILD ADJUDICATED,2,498999188,genomic,8,769,1,0.0054302963046699605,0.0013003901170351106,0.0002295876800841234,0.007328830355107483,3.8902037496755736e-05,0.0186799300014474
NONFIBROTIC ILD ADJUDICATED,2,498999188,genomic,9,770,1,0.14224258067017212,0.0012987012987012987,0.00022928946639889794,0.007319361170123334,0.01868735024373487,0.9999983247437249
NONFIBROTIC ILD ADJUDICATED,2,498999188,combined,0,770,0,0.001288523670784326,0.0,0.0,0.004964141914221508,0.0011429210401624292,0.001356128257845535
NONFIBROTIC ILD ADJUDICATED,2,498999188,combined,1,769,0,0.0014101310235080013,0.0,0.0,0.004970565148712315,0.0013561395450664207,0.001476055519787653
NONFIBROTIC ILD ADJUDICATED,2,498999188,combined,2,770,1,0.0015351316668261166,0.0012987012987012987,0.00022928946639889794,0.007319361170123334,0.0014760658858458885,0.001613875360358448
NONFIBROTIC ILD ADJUDICATED,2,498999188,combined,3,769,1,0.0017017176977703282,0.0013003901170351106,0.0002295876800841234,0.007328830355107483,0.0016140920672623208,0.0018228871631135147
NONFIBROTIC ILD ADJUDICATED,2,498999188,combined,4,770,1,0.001980881219240251,0.0012987012987012987,0.00022928946639889794,0.007319361170123334,0.0018240643475282354,0.0021534293723990254
NONFIBROTIC ILD ADJUDICATED,2,498999188,combined,5,769,3,0.002378195498836752,0.0039011703511053317,0.001327618000260774,0.011406505807889416,0.0021541986408520563,0.002614799665606115
NONFIBROTIC ILD ADJUDICATED,2,498999188,combined,6,769,4,0.00289548586199789,0.005201560468140442,0.0020245891497467933,0.013297387544882687,0.0026152027543283425,0.003263746116690344
NONFIBROTIC ILD ADJUDICATED,2,498999188,combined,7,770,3,0.022694013310642955,0.003896103896103896,0.0013258926936253902,0.011391775387498288,0.003264183937137663,0.06280687398277784
NONFIBROTIC ILD ADJUDICATED,2,498999188,combined,8,769,0,0.07170493553165748,0.0,0.0,0.004970565148712315,0.0628099321226979,0.08313572578838124
NONFIBROTIC ILD ADJUDICATED,2,498999188,combined,9,770,3,0.11732867969282189,0.003896103896103896,0.0013258926936253902,0.011391775387498288,0.08315210778381128,0.6972892041410046
NONFIBROTIC ILD ADJUDICATED,3,1883012675,zebra,0,770,0,0.23087435454425775,0.0,0.0,0.004964141914221508,0.11693488945217027,0.25957138409114644
NONFIBROTIC ILD ADJUDICATED,3,1883012675,zebra,1,769,0,0.28440913956717845,0.0,0.0,0.004970565148712315,0.25960526802058226,0.31044486610500327
NONFIBROTIC ILD ADJUDICATED,3,1883012675,zebra,2,770,0,0.3403314979116206,0.0,0.0,0.004964141914221508,0.3105244169359983,0.37570357674586347
NONFIBROTIC ILD ADJUDICATED,3,1883012675,zebra,3,769,0,0.4095653323894542,0.0,0.0,0.004970565148712315,0.3757102332387537,0.44631748077308125
NONFIBROTIC ILD ADJUDICATED,3,1883012675,zebra,4,770,0,0.4916036941145641,0.0,0.0,0.004964141914221508,0.4465391774652037,0.5410120605983246
NONFIBROTIC ILD ADJUDICATED,3,1883012675,zebra,5,769,0,0.601927096237202,0.0,0.0,0.004970565148712315,0.5410477315007842,0.6639483623897079
NONFIBROTIC ILD ADJUDICATED,3,1883012675,zebra,6,769,2,0.7321202097483183,0.002600780234070221,0.0007135177289523901,0.009432753192718508,0.6642661211891435,0.7922254832044645
NONFIBROTIC ILD ADJUDICATED,3,1883012675,zebra,7,770,3,0.8455285279857404,0.003896103896103896,0.0013258926936253902,0.011391775387498288,0.7922355857256254,0.8988500780327903
NONFIBROTIC ILD ADJUDICATED,3,1883012675,zebra,8,769,1,0.9480965643412888,0.0013003901170351106,0.0002295876800841234,0.007328830355107483,0.89888716529185,0.9840721980272251
NONFIBROTIC ILD ADJUDICATED,3,1883012675,zebra,9,770,10,0.996041007533581,0.012987012987012988,0.007069333631553706,0.02373989550567504,0.9841055239011421,1.0
NONFIBROTIC ILD ADJUDICATED,3,1883012675,genomic,0,770,2,6.356981422878024e-06,0.0025974025974025974,0.0007125907061236786,0.009420568652699277,4.6250014382208445e-06,7.3757100042902365e-06
NONFIBROTIC ILD ADJUDICATED,3,1883012675,genomic,1,769,4,8.517236543907947e-06,0.005201560468140442,0.0020245891497467933,0.013297387544882687,7.376613184221596e-06,9.91897896398371e-06
NONFIBROTIC ILD ADJUDICATED,3,1883012675,genomic,2,770,2,1.2648437584561093e-05,0.0025974025974025974,0.0007125907061236786,0.009420568652699277,9.920175263208357e-06,1.647205217444175e-05
NONFIBROTIC ILD ADJUDICATED,3,1883012675,genomic,3,769,2,1.995690909332293e-05,0.002600780234070221,0.0007135177289523901,0.009432753192718508,1.6476542044359016e-05,2.2659521919128417e-05
NONFIBROTIC ILD ADJUDICATED,3,1883012675,genomic,4,770,0,2.5453568305297673e-05,0.0,0.0,0.004964141914221508,2.2666077416616886e-05,2.8618380902511348e-05
NONFIBROTIC ILD ADJUDICATED,3,1883012675,genomic,5,769,0,3.336876846085125e-05,0.0,0.0,0.004970565148712315,2.8620075621227752e-05,3.9713208787966534e-05
NONFIBROTIC ILD ADJUDICATED,3,1883012675,genomic,6,769,2,5.830631941018928e-05,0.002600780234070221,0.0007135177289523901,0.009432753192718508,3.97231562959832e-05,0.0001289674179409312
NONFIBROTIC ILD ADJUDICATED,3,1883012675,genomic,7,770,1,0.15001334041130227,0.0012987012987012987,0.00022928946639889794,0.007319361170123334,0.0001308427735523652,0.18712693823205223
NONFIBROTIC ILD ADJUDICATED,3,1883012675,genomic,8,769,2,0.23032368544732792,0.002600780234070221,0.0007135177289523901,0.009432753192718508,0.18717416459368663,0.29802954862800535
NONFIBROTIC ILD ADJUDICATED,3,1883012675,genomic,9,770,1,0.42811606982240324,0.0012987012987012987,0.00022928946639889794,0.007319361170123334,0.2980603705292342,0.8269572779451665
NONFIBROTIC ILD ADJUDICATED,3,1883012675,combined,0,770,1,0.0012542086884330824,0.0012987012987012987,0.00022928946639889794,0.007319361170123334,0.0010525137767241166,0.001408644812451842
NONFIBROTIC ILD ADJUDICATED,3,1883012675,combined,1,769,3,0.0015477058053904298,0.0039011703511053317,0.001327618000260774,0.011406505807889416,0.001408644812451842,0.0016940849710831408
NONFIBROTIC ILD ADJUDICATED,3,1883012675,combined,2,770,2,0.0018922402936938061,0.0025974025974025974,0.0007125907061236786,0.009420568652699277,0.0016945138808606417,0.00213022157931027
NONFIBROTIC ILD ADJUDICATED,3,1883012675,combined,3,769,1,0.0024093244494730413,0.0013003901170351106,0.0002295876800841234,0.007328830355107483,0.00213022157931027,0.0027180656507202684
NONFIBROTIC ILD ADJUDICATED,3,1883012675,combined,4,770,0,0.0032091564453788878,0.0,0.0,0.004964141914221508,0.0027180656507202684,0.0038045996107171306
NONFIBROTIC ILD ADJUDICATED,3,1883012675,combined,5,769,0,0.004697454779445467,0.0,0.0,0.004970565148712315,0.0038045996107171306,0.005792021734110575
NONFIBROTIC ILD ADJUDICATED,3,1883012675,combined,6,769,1,0.007361874954897635,0.0013003901170351106,0.0002295876800841234,0.007328830355107483,0.005800342591137267,0.009625439583136913
NONFIBROTIC ILD ADJUDICATED,3,1883012675,combined,7,770,0,0.013616710023600535,0.0,0.0,0.004964141914221508,0.009625439583136913,0.020538270443852657
NONFIBROTIC ILD ADJUDICATED,3,1883012675,combined,8,769,4,0.03244594805911493,0.005201560468140442,0.0020245891497467933,0.013297387544882687,0.020538270443852657,0.05563067386330399
NONFIBROTIC ILD ADJUDICATED,3,1883012675,combined,9,770,4,0.22376905976883504,0.005194805194805195,0.0020219574690050306,0.013280219334419372,0.055683805441112455,0.6241762968612
NONFIBROTIC ILD ADJUDICATED,4,732020924,zebra,0,770,0,0.23272871212803062,0.0,0.0,0.004964141914221508,0.11693488945217027,0.26286504287269014
NONFIBROTIC ILD ADJUDICATED,4,732020924,zebra,1,769,0,0.2881812529197779,0.0,0.0,0.004970565148712315,0.26288225037452106,0.31490520263013777
NONFIBROTIC ILD ADJUDICATED,4,732020924,zebra,2,770,0,0.34439733423353847,0.0,0.0,0.004964141914221508,0.3149090509818816,0.3768651181988039
NONFIBROTIC ILD ADJUDICATED,4,732020924,zebra,3,769,0,0.41046205989365686,0.0,0.0,0.004970565148712315,0.37689187032190613,0.4460755764347732
NONFIBROTIC ILD ADJUDICATED,4,732020924,zebra,4,770,0,0.4885789537415609,0.0,0.0,0.004964141914221508,0.44615490116323736,0.5391695469784215
NONFIBROTIC ILD ADJUDICATED,4,732020924,zebra,5,769,1,0.5992020578012494,0.0013003901170351106,0.0002295876800841234,0.007328830355107483,0.5392314108609721,0.6630148547834747
NONFIBROTIC ILD ADJUDICATED,4,732020924,zebra,6,769,2,0.7276558813314783,0.002600780234070221,0.0007135177289523901,0.009432753192718508,0.6635610066940673,0.7873900005806135
NONFIBROTIC ILD ADJUDICATED,4,732020924,zebra,7,770,3,0.840952560486847,0.003896103896103896,0.0013258926936253902,0.011391775387498288,0.787438994850179,0.8949642714631726
NONFIBROTIC ILD ADJUDICATED,4,732020924,zebra,8,769,1,0.9450725816726707,0.0013003901170351106,0.0002295876800841234,0.007328830355107483,0.8953272126400755,0.983553063308643
NONFIBROTIC ILD ADJUDICATED,4,732020924,zebra,9,770,9,0.9958428036563055,0.011688311688311689,0.006161243000312308,0.022063477414615715,0.9835650699647941,1.0
NONFIBROTIC ILD ADJUDICATED,4,732020924,genomic,0,770,1,4.7600627743661636e-195,0.0012987012987012987,0.00022928946639889794,0.007319361170123334,0.0,4.0450680810855096e-193
NONFIBROTIC ILD ADJUDICATED,4,732020924,genomic,1,769,1,1.1292349537077822e-171,0.0013003901170351106,0.0002295876800841234,0.007328830355107483,4.126961573104438e-193,4.534614337489936e-170
NONFIBROTIC ILD ADJUDICATED,4,732020924,genomic,2,770,1,1.1957223537521384e-156,0.0012987012987012987,0.00022928946639889794,0.007319361170123334,4.888815600359201e-170,3.979060082011525e-155
NONFIBROTIC ILD ADJUDICATED,4,732020924,genomic,3,769,1,1.0713475547024335e-138,0.0013003901170351106,0.0002295876800841234,0.007328830355107483,4.267998195666699e-155,4.060273130806249e-137
NONFIBROTIC ILD ADJUDICATED,4,732020924,genomic,4,770,2,1.3396616350588962e-120,0.0025974025974025974,0.0007125907061236786,0.009420568652699277,4.0824548505918306e-137,4.985090411984994e-119
NONFIBROTIC ILD ADJUDICATED,4,732020924,genomic,5,769,2,5.261566708977423e-102,0.002600780234070221,0.0007135177289523901,0.009432753192718508,5.034238328141407e-119,2.2251804128756737e-100
NONFIBROTIC ILD ADJUDICATED,4,732020924,genomic,6,769,3,1.676402156344882e-77,0.0039011703511053317,0.001327618000260774,0.011406505807889416,2.6628887395127536e-100,8.661375481689408e-76
NONFIBROTIC ILD ADJUDICATED,4,732020924,genomic,7,770,2,1.0131939085882572e-51,0.0025974025974025974,0.0007125907061236786,0.009420568652699277,1.0862215529854556e-75,4.245215821559405e-50
NONFIBROTIC ILD ADJUDICATED,4,732020924,genomic,8,769,2,2.1441093980997015e-33,0.002600780234070221,0.0007135177289523901,0.009432753192718508,4.351621661400554e-50,8.81913080012109e-32
NONFIBROTIC ILD ADJUDICATED,4,732020924,genomic,9,770,1,0.22108040520037,0.0012987012987012987,0.00022928946639889794,0.007319361170123334,9.35690308555187e-32,1.0
NONFIBROTIC ILD ADJUDICATED,4,732020924,combined,0,770,1,6.029444859552029e-13,0.0012987012987012987,0.00022928946639889794,0.007319361170123334,9.643231656679195e-16,2.1072351257582264e-11
NONFIBROTIC ILD ADJUDICATED,4,732020924,combined,1,769,0,1.016219726406304e-08,0.0,0.0,0.004970565148712315,2.416345099438257e-11,1.8185283190197703e-08
NONFIBROTIC ILD ADJUDICATED,4,732020924,combined,2,770,0,2.8446647379960633e-08,0.0,0.0,0.004964141914221508,1.824008390381252e-08,3.97335846241247e-08
NONFIBROTIC ILD ADJUDICATED,4,732020924,combined,3,769,1,5.742425627271608e-08,0.0013003901170351106,0.0002295876800841234,0.007328830355107483,3.975945559815833e-08,7.874301981148227e-08
NONFIBROTIC ILD ADJUDICATED,4,732020924,combined,4,770,3,1.1215606343689855e-07,0.003896103896103896,0.0013258926936253902,0.011391775387498288,7.875507089987087e-08,1.5671742810296281e-07
NONFIBROTIC ILD ADJUDICATED,4,732020924,combined,5,769,0,2.445099244728244e-07,0.0,0.0,0.004970565148712315,1.5697575390256154e-07,3.712414022266719e-07
NONFIBROTIC ILD ADJUDICATED,4,732020924,combined,6,769,2,7.195299124930486e-07,0.002600780234070221,0.0007135177289523901,0.009432753192718508,3.717435707663424e-07,1.4136485102673883e-06
NONFIBROTIC ILD ADJUDICATED,4,732020924,combined,7,770,0,9.484484749775166e-06,0.0,0.0,0.004964141914221508,1.4162275718019831e-06,2.847868367145573e-05
NONFIBROTIC ILD ADJUDICATED,4,732020924,combined,8,769,2,8.818925962848321e-05,0.002600780234070221,0.0007135177289523901,0.009432753192718508,2.862421782093616e-05,0.000196511745223256
NONFIBROTIC ILD ADJUDICATED,4,732020924,combined,9,770,7,0.005312727612650138,0.00909090909090909,0.004410478976495486,0.01864522399383109,0.00019794268256871558,0.7996979277714344
NONFIBROTIC ILD ADJUDICATED,5,1370113701,zebra,0,770,0,0.23171338207620423,0.0,0.0,0.004964141914221508,0.11693488945217027,0.2612387411577535
NONFIBROTIC ILD ADJUDICATED,5,1370113701,zebra,1,769,0,0.2869941671218494,0.0,0.0,0.004970565148712315,0.26124029215840633,0.31197732063783695
NONFIBROTIC ILD ADJUDICATED,5,1370113701,zebra,2,770,0,0.3445431543043131,0.0,0.0,0.004964141914221508,0.31213148847501915,0.3789738609686798
NONFIBROTIC ILD ADJUDICATED,5,1370113701,zebra,3,769,0,0.412860862904387,0.0,0.0,0.004970565148712315,0.37914346196716264,0.44919589166398927
NONFIBROTIC ILD ADJUDICATED,5,1370113701,zebra,4,770,1,0.4943594084843969,0.0012987012987012987,0.00022928946639889794,0.007319361170123334,0.4493099110550881,0.5443327809099153
NONFIBROTIC ILD ADJUDICATED,5,1370113701,zebra,5,769,3,0.6044208282759214,0.0039011703511053317,0.001327618000260774,0.011406505807889416,0.5443461105674552,0.6659730227085255
NONFIBROTIC ILD ADJUDICATED,5,1370113701,zebra,6,769,2,0.7323137163972384,0.002600780234070221,0.0007135177289523901,0.009432753192718508,0.6662018686088061,0.7921103357490558
NONFIBROTIC ILD ADJUDICATED,5,1370113701,zebra,7,770,2,0.8461952052063978,0.0025974025974025974,0.0007125907061236786,0.009420568652699277,0.7921354450694238,0.898912828622922
NONFIBROTIC ILD ADJUDICATED,5,1370113701,zebra,8,769,1,0.9494202904911121,0.0013003901170351106,0.0002295876800841234,0.007328830355107483,0.8989414097210439,0.9851722810280237
NONFIBROTIC ILD ADJUDICATED,5,1370113701,zebra,9,770,7,0.9963723075528896,0.00909090909090909,0.004410478976495486,0.01864522399383109,0.9851800129514333,1.0
NONFIBROTIC ILD ADJUDICATED,5,1370113701,genomic,0,770,1,0.0,0.0012987012987012987,0.00022928946639889794,0.007319361170123334,0.0,0.0
NONFIBROTIC ILD ADJUDICATED,5,1370113701,genomic,1,769,4,0.0,0.005201560468140442,0.0020245891497467933,0.013297387544882687,0.0,0.0
NONFIBROTIC ILD ADJUDICATED,5,1370113701,genomic,2,770,1,0.0,0.0012987012987012987,0.00022928946639889794,0.007319361170123334,0.0,0.0
NONFIBROTIC ILD ADJUDICATED,5,1370113701,genomic,3,769,0,0.0,0.0,0.0,0.004970565148712315,0.0,0.0
NONFIBROTIC ILD ADJUDICATED,5,1370113701,genomic,4,770,0,3.75911346338959e-282,0.0,0.0,0.004964141914221508,0.0,1.6186318867066169e-280
NONFIBROTIC ILD ADJUDICATED,5,1370113701,genomic,5,769,1,1.6297554819837738e-247,0.0013003901170351106,0.0002295876800841234,0.007328830355107483,1.9448370169066658e-280,8.361091196609778e-246
NONFIBROTIC ILD ADJUDICATED,5,1370113701,genomic,6,769,3,1.756565536966787e-213,0.0039011703511053317,0.001327618000260774,0.011406505807889416,8.724119632758217e-246,1.5755080309729562e-211
NONFIBROTIC ILD ADJUDICATED,5,1370113701,genomic,7,770,1,1.348418595119813e-167,0.0012987012987012987,0.00022928946639889794,0.007319361170123334,1.646506283563605e-211,1.5288517410279337e-165
NONFIBROTIC ILD ADJUDICATED,5,1370113701,genomic,8,769,1,6.691188228607648e-109,0.0013003901170351106,0.0002295876800841234,0.007328830355107483,1.7478676191590432e-165,1.816722080865965e-106
NONFIBROTIC ILD ADJUDICATED,5,1370113701,genomic,9,770,4,0.25239679357764744,0.005194805194805195,0.0020219574690050306,0.013280219334419372,4.617983852035621e-106,1.0
NONFIBROTIC ILD ADJUDICATED,5,1370113701,combined,0,770,0,0.0009060908555684539,0.0,0.0,0.004964141914221508,0.000755146743439595,0.000978848804455414
NONFIBROTIC ILD ADJUDICATED,5,1370113701,combined,1,769,1,0.0010417498525408214,0.0013003901170351106,0.0002295876800841234,0.007328830355107483,0.0009788946741346952,0.0011022957429947453
NONFIBROTIC ILD ADJUDICATED,5,1370113701,combined,2,770,0,0.0011750348340797557,0.0,0.0,0.004964141914221508,0.0011023565470926185,0.0012507286872973393
NONFIBROTIC ILD ADJUDICATED,5,1370113701,combined,3,769,2,0.00135971813740465,0.002600780234070221,0.0007135177289523901,0.009432753192718508,0.0012507944818719767,0.0015023663582311455
NONFIBROTIC ILD ADJUDICATED,5,1370113701,combined,4,770,1,0.0017274599487441095,0.0012987012987012987,0.00022928946639889794,0.007319361170123334,0.0015027918717459069,0.001997987534811875
NONFIBROTIC ILD ADJUDICATED,5,1370113701,combined,5,769,1,0.0025231934148174455,0.0013003901170351106,0.0002295876800841234,0.007328830355107483,0.001998088377688068,0.0031954269359733083
NONFIBROTIC ILD ADJUDICATED,5,1370113701,combined,6,769,3,0.004196590116890297,0.0039011703511053317,0.001327618000260774,0.011406505807889416,0.0031973945154902153,0.005423457291833838
NONFIBROTIC ILD ADJUDICATED,5,1370113701,combined,7,770,5,0.00830182045757062,0.006493506493506494,0.0027767335367897463,0.01510995198893538,0.005425109725987352,0.015087035534500104
NONFIBROTIC ILD ADJUDICATED,5,1370113701,combined,8,769,0,0.04127491528254786,0.0,0.0,0.004970565148712315,0.015099798433733052,0.060456347716111955
NONFIBROTIC ILD ADJUDICATED,5,1370113701,combined,9,770,3,0.14380763905833932,0.003896103896103896,0.0013258926936253902,0.011391775387498288,0.06046147419243267,0.8032823177335895
NONFIBROTIC ILD ADJUDICATED,6,1301859205,zebra,0,770,0,0.23192736454231802,0.0,0.0,0.004964141914221508,0.11693488945217027,0.2611361694817833
NONFIBROTIC ILD ADJUDICATED,6,1301859205,zebra,1,769,0,0.28555353172604736,0.0,0.0,0.004970565148712315,0.26115603578262536,0.31044374846592965
NONFIBROTIC ILD ADJUDICATED,6,1301859205,zebra,2,770,0,0.3398740841347444,0.0,0.0,0.004964141914221508,0.31044486610500327,0.3724696988576875
NONFIBROTIC ILD ADJUDICATED,6,1301859205,zebra,3,769,0,0.407153008369593,0.0,0.0,0.004970565148712315,0.37247377897948036,0.44483311363301814
NONFIBROTIC ILD ADJUDICATED,6,1301859205,zebra,4,770,1,0.4900010017925458,0.0012987012987012987,0.00022928946639889794,0.007319361170123334,0.44506558543115116,0.5390876296067859
NONFIBROTIC ILD ADJUDICATED,6,1301859205,zebra,5,769,1,0.5987325312022229,0.0013003901170351106,0.0002295876800841234,0.007328830355107483,0.5391695469784215,0.6645632245328221
NONFIBROTIC ILD ADJUDICATED,6,1301859205,zebra,6,769,0,0.7279788925376409,0.0,0.0,0.004970565148712315,0.6647868754304452,0.7872372419200562
NONFIBROTIC ILD ADJUDICATED,6,1301859205,zebra,7,770,3,0.8424533348941545,0.003896103896103896,0.0013258926936253902,0.011391775387498288,0.7873051008094597,0.8984497355800539
NONFIBROTIC ILD ADJUDICATED,6,1301859205,zebra,8,769,2,0.9489755692121439,0.002600780234070221,0.0007135177289523901,0.009432753192718508,0.8984952352663406,0.9849984305162865
NONFIBROTIC ILD ADJUDICATED,6,1301859205,zebra,9,770,9,0.9962665470036349,0.011688311688311689,0.006161243000312308,0.022063477414615715,0.9851722810280237,1.0
NONFIBROTIC ILD ADJUDICATED,6,1301859205,genomic,0,770,3,0.0,0.003896103896103896,0.0013258926936253902,0.011391775387498288,0.0,0.0
NONFIBROTIC ILD ADJUDICATED,6,1301859205,genomic,1,769,3,0.0,0.0039011703511053317,0.001327618000260774,0.011406505807889416,0.0,0.0
NONFIBROTIC ILD ADJUDICATED,6,1301859205,genomic,2,770,2,0.0,0.0025974025974025974,0.0007125907061236786,0.009420568652699277,0.0,0.0
NONFIBROTIC ILD ADJUDICATED,6,1301859205,genomic,3,769,2,0.0,0.002600780234070221,0.0007135177289523901,0.009432753192718508,0.0,0.0
NONFIBROTIC ILD ADJUDICATED,6,1301859205,genomic,4,770,2,0.0,0.0025974025974025974,0.0007125907061236786,0.009420568652699277,0.0,0.0
NONFIBROTIC ILD ADJUDICATED,6,1301859205,genomic,5,769,0,0.0,0.0,0.0,0.004970565148712315,0.0,0.0
NONFIBROTIC ILD ADJUDICATED,6,1301859205,genomic,6,769,2,0.0,0.002600780234070221,0.0007135177289523901,0.009432753192718508,0.0,0.0
NONFIBROTIC ILD ADJUDICATED,6,1301859205,genomic,7,770,1,0.0,0.0012987012987012987,0.00022928946639889794,0.007319361170123334,0.0,0.0
NONFIBROTIC ILD ADJUDICATED,6,1301859205,genomic,8,769,1,3.1305356422648575e-304,0.0013003901170351106,0.0002295876800841234,0.007328830355107483,0.0,1.3586771771896774e-301
NONFIBROTIC ILD ADJUDICATED,6,1301859205,genomic,9,770,0,0.5390702077104913,0.0,0.0,0.004964141914221508,2.717808466743185e-301,1.0
NONFIBROTIC ILD ADJUDICATED,6,1301859205,combined,0,770,1,2.9843480601758855e-05,0.0012987012987012987,0.00022928946639889794,0.007319361170123334,1.3930685938163742e-05,4.0161354719039444e-05
NONFIBROTIC ILD ADJUDICATED,6,1301859205,combined,1,769,0,5.3027303870630175e-05,0.0,0.0,0.004970565148712315,4.017210344869692e-05,6.820318916807061e-05
NONFIBROTIC ILD ADJUDICATED,6,1301859205,combined,2,770,0,9.45343945258404e-05,0.0,0.0,0.004964141914221508,6.821387445977276e-05,0.00013273822233678592
NONFIBROTIC ILD ADJUDICATED,6,1301859205,combined,3,769,1,0.00033967899197612776,0.0013003901170351106,0.0002295876800841234,0.007328830355107483,0.00013300084951125624,0.000629115618231213
NONFIBROTIC ILD ADJUDICATED,6,1301859205,combined,4,770,3,0.0008824556134677521,0.003896103896103896,0.0013258926936253902,0.011391775387498288,0.0006296863639398205,0.0011446631066741701
NONFIBROTIC ILD ADJUDICATED,6,1301859205,combined,5,769,1,0.001515156511242016,0.0013003901170351106,0.0002295876800841234,0.007328830355107483,0.0011450994680567914,0.002028777393485346
NONFIBROTIC ILD ADJUDICATED,6,1301859205,combined,6,769,2,0.0036017739700294777,0.002600780234070221,0.0007135177289523901,0.009432753192718508,0.002028847393424985,0.00912793769780946
NONFIBROTIC ILD ADJUDICATED,6,1301859205,combined,7,770,3,0.05636496808051977,0.003896103896103896,0.0013258926936253902,0.011391775387498288,0.009132607241093188,0.07940554170896781
NONFIBROTIC ILD ADJUDICATED,6,1301859205,combined,8,769,3,0.10789042112262266,0.0039011703511053317,0.001327618000260774,0.011406505807889416,0.07942651639346889,0.14375584455470206
NONFIBROTIC ILD ADJUDICATED,6,1301859205,combined,9,770,2,0.254673528659268,0.0025974025974025974,0.0007125907061236786,0.009420568652699277,0.143887686449577,0.8656648254419615
NONFIBROTIC ILD ADJUDICATED,7,1163929932,zebra,0,770,0,0.2324899824398335,0.0,0.0,0.004964141914221508,0.11052533634471677,0.26288225037452106
NONFIBROTIC ILD ADJUDICATED,7,1163929932,zebra,1,769,0,0.2875447485839785,0.0,0.0,0.004970565148712315,0.26289996980827585,0.3119478363101785
NONFIBROTIC ILD ADJUDICATED,7,1163929932,zebra,2,770,0,0.34265547789492035,0.0,0.0,0.004964141914221508,0.31195074949327917,0.37623936307794303
NONFIBROTIC ILD ADJUDICATED,7,1163929932,zebra,3,769,0,0.41093981279988356,0.0,0.0,0.004970565148712315,0.3762924089016528,0.44817458716826736
NONFIBROTIC ILD ADJUDICATED,7,1163929932,zebra,4,770,0,0.49145318328211246,0.0,0.0,0.004964141914221508,0.4485139057574097,0.541323502105738
NONFIBROTIC ILD ADJUDICATED,7,1163929932,zebra,5,769,2,0.5994276699870372,0.002600780234070221,0.0007135177289523901,0.009432753192718508,0.5413674023351235,0.6608807876532565
NONFIBROTIC ILD ADJUDICATED,7,1163929932,zebra,6,769,3,0.7289000305194461,0.0039011703511053317,0.001327618000260774,0.011406505807889416,0.6609819200029238,0.7883002137996314
NONFIBROTIC ILD ADJUDICATED,7,1163929932,zebra,7,770,2,0.8437057198137151,0.0025974025974025974,0.0007125907061236786,0.009420568652699277,0.7886569174016548,0.8988858359934823
NONFIBROTIC ILD ADJUDICATED,7,1163929932,zebra,8,769,1,0.9505695242805358,0.0013003901170351106,0.0002295876800841234,0.007328830355107483,0.89888716529185,0.9861877252437659
NONFIBROTIC ILD ADJUDICATED,7,1163929932,zebra,9,770,8,0.996723775486737,0.01038961038961039,0.005273784940225151,0.020366426752402144,0.9862464078157572,1.0
NONFIBROTIC ILD ADJUDICATED,7,1163929932,genomic,0,770,2,7.233059687123901e-23,0.0025974025974025974,0.0007125907061236786,0.009420568652699277,4.242395157242645e-47,8.365939855933235e-22
NONFIBROTIC ILD ADJUDICATED,7,1163929932,genomic,1,769,2,4.638051603740624e-19,0.002600780234070221,0.0007135177289523901,0.009432753192718508,8.505507715262378e-22,2.8987818076133484e-18
NONFIBROTIC ILD ADJUDICATED,7,1163929932,genomic,2,770,0,7.694226214318206e-17,0.0,0.0,0.004964141914221508,2.9012598992174037e-18,3.583695424640826e-16
NONFIBROTIC ILD ADJUDICATED,7,1163929932,genomic,3,769,0,6.826670278166906e-15,0.0,0.0,0.004970565148712315,3.599368585461909e-16,2.9251259690962815e-14
NONFIBROTIC ILD ADJUDICATED,7,1163929932,genomic,4,770,4,1.2419639433303657e-12,0.005194805194805195,0.0020219574690050306,0.013280219334419372,2.9586501719283716e-14,7.03699054801561e-12
NONFIBROTIC ILD ADJUDICATED,7,1163929932,genomic,5,769,4,1.205772624773702e-10,0.005201560468140442,0.0020245891497467933,0.013297387544882687,7.145011722556398e-12,4.2387693952775365e-10
NONFIBROTIC ILD ADJUDICATED,7,1163929932,genomic,6,769,2,2.8508586208352385e-09,0.002600780234070221,0.0007135177289523901,0.009432753192718508,4.2658151367332753e-10,8.348577692062691e-09
NONFIBROTIC ILD ADJUDICATED,7,1163929932,genomic,7,770,0,5.200539092254965e-08,0.0,0.0,0.004964141914221508,8.353448331360542e-09,1.7935266291072956e-07
NONFIBROTIC ILD ADJUDICATED,7,1163929932,genomic,8,769,0,3.65393582991842e-06,0.0,0.0,0.004970565148712315,1.799153530863371e-07,2.139324216340493e-05
NONFIBROTIC ILD ADJUDICATED,7,1163929932,genomic,9,770,2,0.17429728163442396,0.0025974025974025974,0.0007125907061236786,0.009420568652699277,2.1637836514083317e-05,1.0
NONFIBROTIC ILD ADJUDICATED,7,1163929932,combined,0,770,1,1.818924123923656e-29,0.0012987012987012987,0.00022928946639889794,0.007319361170123334,2.849095996419148e-45,1.997373320762522e-28
NONFIBROTIC ILD ADJUDICATED,7,1163929932,combined,1,769,1,2.299238738786119e-25,0.0013003901170351106,0.0002295876800841234,0.007328830355107483,2.0312233029007404e-28,1.9541155083789182e-24
NONFIBROTIC ILD ADJUDICATED,7,1163929932,combined,2,770,4,5.032249405405108e-22,0.005194805194805195,0.0020219574690050306,0.013280219334419372,1.9795953362822183e-24,3.423570191918557e-21
NONFIBROTIC ILD ADJUDICATED,7,1163929932,combined,3,769,0,5.225852971985177e-19,0.0,0.0,0.004970565148712315,3.431185022558606e-21,3.6047128959233224e-18
NONFIBROTIC ILD ADJUDICATED,7,1163929932,combined,4,770,1,2.270129628811529e-16,0.0012987012987012987,0.00022928946639889794,0.007319361170123334,3.656920229470725e-18,1.2543427724104839e-15
NONFIBROTIC ILD ADJUDICATED,7,1163929932,combined,5,769,2,2.965191594382504e-14,0.002600780234070221,0.0007135177289523901,0.009432753192718508,1.2550736191152172e-15,1.499195372251196e-13
NONFIBROTIC ILD ADJUDICATED,7,1163929932,combined,6,769,2,2.5471947133187094e-12,0.002600780234070221,0.0007135177289523901,0.009432753192718508,1.5065406613034593e-13,1.0290943560141161e-11
NONFIBROTIC ILD ADJUDICATED,7,1163929932,combined,7,770,0,2.6897271231293775e-10,0.0,0.0,0.004964141914221508,1.0306149703608144e-11,1.2475737069427732e-09
NONFIBROTIC ILD ADJUDICATED,7,1163929932,combined,8,769,2,6.823909733907902e-08,0.002600780234070221,0.0007135177289523901,0.009432753192718508,1.279048778617026e-09,4.281796075410968e-07
NONFIBROTIC ILD ADJUDICATED,7,1163929932,combined,9,770,3,0.11292665131864303,0.003896103896103896,0.0013258926936253902,0.011391775387498288,4.2989960316599103e-07,1.0
NONFIBROTIC ILD ADJUDICATED,8,1979520626,zebra,0,770,0,0.23100068039740743,0.0,0.0,0.004964141914221508,0.11052533634471677,0.25938014712367635
NONFIBROTIC ILD ADJUDICATED,8,1979520626,zebra,1,769,0,0.28412988306535925,0.0,0.0,0.004970565148712315,0.2594159421704497,0.3092019495108203
NONFIBROTIC ILD ADJUDICATED,8,1979520626,zebra,2,770,0,0.33814257123453384,0.0,0.0,0.004964141914221508,0.3092309176482081,0.37054462737173377
NONFIBROTIC ILD ADJUDICATED,8,1979520626,zebra,3,769,0,0.40699383347670764,0.0,0.0,0.004970565148712315,0.3705450497132606,0.44506558543115116
NONFIBROTIC ILD ADJUDICATED,8,1979520626,zebra,4,770,1,0.4876179472104892,0.0012987012987012987,0.00022928946639889794,0.007319361170123334,0.4452217382542253,0.5368218326253179
NONFIBROTIC ILD ADJUDICATED,8,1979520626,zebra,5,769,1,0.5987215697342619,0.0013003901170351106,0.0002295876800841234,0.007328830355107483,0.536850197496605,0.6637299821228352
NONFIBROTIC ILD ADJUDICATED,8,1979520626,zebra,6,769,2,0.7303290911155366,0.002600780234070221,0.0007135177289523901,0.009432753192718508,0.6638281870023752,0.7931991490157023
NONFIBROTIC ILD ADJUDICATED,8,1979520626,zebra,7,770,2,0.8482167540085861,0.0025974025974025974,0.0007125907061236786,0.009420568652699277,0.7932292598136429,0.9025379816417298
NONFIBROTIC ILD ADJUDICATED,8,1979520626,zebra,8,769,1,0.9525839659394698,0.0013003901170351106,0.0002295876800841234,0.007328830355107483,0.9025689321917897,0.9860610484462138
NONFIBROTIC ILD ADJUDICATED,8,1979520626,zebra,9,770,9,0.9967268475926403,0.011688311688311689,0.006161243000312308,0.022063477414615715,0.986090694495255,1.0
NONFIBROTIC ILD ADJUDICATED,8,1979520626,genomic,0,770,1,2.279381245160761e-13,0.0012987012987012987,0.00022928946639889794,0.007319361170123334,5.365092843689423e-15,6.594809279667048e-13
NONFIBROTIC ILD ADJUDICATED,8,1979520626,genomic,1,769,1,9.972910638996907e-12,0.0013003901170351106,0.0002295876800841234,0.007328830355107483,6.668674843114304e-13,1.1831796517673512e-10
NONFIBROTIC ILD ADJUDICATED,8,1979520626,genomic,2,770,3,3.313789423887926e-09,0.003896103896103896,0.0013258926936253902,0.011391775387498288,1.1905041392092092e-10,7.596582561964835e-09
NONFIBROTIC ILD ADJUDICATED,8,1979520626,genomic,3,769,0,1.7401782161517155e-08,0.0,0.0,0.004970565148712315,7.631267130955686e-09,3.2682357404500404e-08
NONFIBROTIC ILD ADJUDICATED,8,1979520626,genomic,4,770,1,7.276880435438626e-08,0.0012987012987012987,0.00022928946639889794,0.007319361170123334,3.2747668316412674e-08,1.4715714964453358e-07
NONFIBROTIC ILD ADJUDICATED,8,1979520626,genomic,5,769,3,1.3919178388939144e-06,0.0039011703511053317,0.001327618000260774,0.011406505807889416,1.4756895266673344e-07,6.921913672140537e-06
NONFIBROTIC ILD ADJUDICATED,8,1979520626,genomic,6,769,3,3.009407898932402e-05,0.0039011703511053317,0.001327618000260774,0.011406505807889416,6.9264424491525265e-06,6.238572493543393e-05
NONFIBROTIC ILD ADJUDICATED,8,1979520626,genomic,7,770,3,0.0001280907076443958,0.003896103896103896,0.0013258926936253902,0.011391775387498288,6.242641157671015e-05,0.00023096820678489502
NONFIBROTIC ILD ADJUDICATED,8,1979520626,genomic,8,769,1,0.0005123846497645646,0.0013003901170351106,0.0002295876800841234,0.007328830355107483,0.00023115059229457825,0.0010265325823539358
NONFIBROTIC ILD ADJUDICATED,8,1979520626,genomic,9,770,0,0.014157262301481979,0.0,0.0,0.004964141914221508,0.0010265409283752953,0.806568669175148
NONFIBROTIC ILD ADJUDICATED,8,1979520626,combined,0,770,1,0.0009633149697999362,0.0012987012987012987,0.00022928946639889794,0.007319361170123334,0.0005535546473330097,0.0011689875022333639
NONFIBROTIC ILD ADJUDICATED,8,1979520626,combined,1,769,0,0.001323215121103974,0.0,0.0,0.004970565148712315,0.0011701064179933096,0.0014756467619526693
NONFIBROTIC ILD ADJUDICATED,8,1979520626,combined,2,770,0,0.0016400828427958292,0.0,0.0,0.004964141914221508,0.0014757486653806174,0.0018153934447135073
NONFIBROTIC ILD ADJUDICATED,8,1979520626,combined,3,769,1,0.002031056556883105,0.0013003901170351106,0.0002295876800841234,0.007328830355107483,0.0018156248133350665,0.0022698934699276682
NONFIBROTIC ILD ADJUDICATED,8,1979520626,combined,4,770,1,0.002535840626191042,0.0012987012987012987,0.00022928946639889794,0.007319361170123334,0.002270224380378324,0.002852074218903157
NONFIBROTIC ILD ADJUDICATED,8,1979520626,combined,5,769,1,0.0032515377328850657,0.0013003901170351106,0.0002295876800841234,0.007328830355107483,0.0028538299887428554,0.003723275762877419
NONFIBROTIC ILD ADJUDICATED,8,1979520626,combined,6,769,4,0.004439752182021915,0.005201560468140442,0.0020245891497467933,0.013297387544882687,0.0037248923296951436,0.0053487601737683774
NONFIBROTIC ILD ADJUDICATED,8,1979520626,combined,7,770,0,0.007195645758975831,0.0,0.0,0.004964141914221508,0.005352620523130845,0.00972589697922058
NONFIBROTIC ILD ADJUDICATED,8,1979520626,combined,8,769,3,0.01870928432756579,0.0039011703511053317,0.001327618000260774,0.011406505807889416,0.00973992568398728,0.03862338276040716
NONFIBROTIC ILD ADJUDICATED,8,1979520626,combined,9,770,5,0.15382132494713005,0.006493506493506494,0.0027767335367897463,0.01510995198893538,0.03875701111367814,0.7165652360102116
NONFIBROTIC ILD ADJUDICATED,9,906386264,zebra,0,770,0,0.2324483821762641,0.0,0.0,0.004964141914221508,0.11693488945217027,0.2611361694817833
NONFIBROTIC ILD ADJUDICATED,9,906386264,zebra,1,769,0,0.2868537969821123,0.0,0.0,0.004970565148712315,0.26115603578262536,0.31213148847501915
NONFIBROTIC ILD ADJUDICATED,9,906386264,zebra,2,770,0,0.3407821701092747,0.0,0.0,0.004964141914221508,0.31233544018253606,0.3722326306867366
NONFIBROTIC ILD ADJUDICATED,9,906386264,zebra,3,769,0,0.40770458254598857,0.0,0.0,0.004970565148712315,0.37225914109998853,0.4434399625291291
NONFIBROTIC ILD ADJUDICATED,9,906386264,zebra,4,770,0,0.4898387135526631,0.0,0.0,0.004964141914221508,0.4434837707211694,0.5417702961116374
NONFIBROTIC ILD ADJUDICATED,9,906386264,zebra,5,769,1,0.6015983237937629,0.0013003901170351106,0.0002295876800841234,0.007328830355107483,0.5417735484207977,0.6642357512021969
NONFIBROTIC ILD ADJUDICATED,9,906386264,zebra,6,769,1,0.7297436933587897,0.0013003901170351106,0.0002295876800841234,0.007328830355107483,0.6643528140517166,0.7909880271606295
NONFIBROTIC ILD ADJUDICATED,9,906386264,zebra,7,770,3,0.8449851285077049,0.003896103896103896,0.0013258926936253902,0.011391775387498288,0.7911279271667242,0.8973141191166029
NONFIBROTIC ILD ADJUDICATED,9,906386264,zebra,8,769,2,0.9496300062826442,0.002600780234070221,0.0007135177289523901,0.009432753192718508,0.8974697903393344,0.9860131772949529
NONFIBROTIC ILD ADJUDICATED,9,906386264,zebra,9,770,9,0.9966365949744773,0.011688311688311689,0.006161243000312308,0.022063477414615715,0.9860235587738928,1.0
NONFIBROTIC ILD ADJUDICATED,9,906386264,genomic,0,770,0,0.002079138942373751,0.0,0.0,0.004964141914221508,0.0011821328795150075,0.0025286817377113877
NONFIBROTIC ILD ADJUDICATED,9,906386264,genomic,1,769,0,0.0028930202058043957,0.0,0.0,0.004970565148712315,0.0025300032687550476,0.003258692951445591
NONFIBROTIC ILD ADJUDICATED,9,906386264,genomic,2,770,2,0.0036140395929697244,0.0025974025974025974,0.0007125907061236786,0.009420568652699277,0.003260091157712079,0.003999850452622644
NONFIBROTIC ILD ADJUDICATED,9,906386264,genomic,3,769,1,0.004455917273115978,0.0013003901170351106,0.0002295876800841234,0.007328830355107483,0.004002172056591946,0.00493030942185817
NONFIBROTIC ILD ADJUDICATED,9,906386264,genomic,4,770,6,0.005473330971066707,0.007792207792207792,0.0035759904186376326,0.016895203829388215,0.004930452358201333,0.006061652596222568
NONFIBROTIC ILD ADJUDICATED,9,906386264,genomic,5,769,0,0.006819930595598469,0.0,0.0,0.004970565148712315,0.006062560339719774,0.007673809219334347
NONFIBROTIC ILD ADJUDICATED,9,906386264,genomic,6,769,2,0.008865557894004481,0.002600780234070221,0.0007135177289523901,0.009432753192718508,0.007675795112432658,0.01033799968196196
NONFIBROTIC ILD ADJUDICATED,9,906386264,genomic,7,770,1,0.012984774903425603,0.0012987012987012987,0.00022928946639889794,0.007319361170123334,0.010338457526784675,0.017025742888058467
NONFIBROTIC ILD ADJUDICATED,9,906386264,genomic,8,769,0,0.0267584502990112,0.0,0.0,0.004970565148712315,0.01703753431425644,0.04047362418308137
NONFIBROTIC ILD ADJUDICATED,9,906386264,genomic,9,770,4,0.08848200529073205,0.005194805194805195,0.0020219574690050306,0.013280219334419372,0.04056432424671667,0.6816092541979055
NONFIBROTIC ILD ADJUDICATED,9,906386264,combined,0,770,0,0.001679533395492139,0.0,0.0,0.004964141914221508,0.001339828001345986,0.0018679422911055776
NONFIBROTIC ILD ADJUDICATED,9,906386264,combined,1,769,0,0.002003743610147418,0.0,0.0,0.004970565148712315,0.001867967271319588,0.0021340097061026166
NONFIBROTIC ILD ADJUDICATED,9,906386264,combined,2,770,0,0.0022609099777000413,0.0,0.0,0.004964141914221508,0.0021344737789286356,0.0023899328803954054
NONFIBROTIC ILD ADJUDICATED,9,906386264,combined,3,769,1,0.0025223705932237777,0.0013003901170351106,0.0002295876800841234,0.007328830355107483,0.002390295803347455,0.002663573684142077
NONFIBROTIC ILD ADJUDICATED,9,906386264,combined,4,770,2,0.002806252347632212,0.0025974025974025974,0.0007125907061236786,0.009420568652699277,0.0026639574207442916,0.0029660184827705314
NONFIBROTIC ILD ADJUDICATED,9,906386264,combined,5,769,3,0.0031505392435163754,0.0039011703511053317,0.001327618000260774,0.011406505807889416,0.0029664887816417316,0.003345374067947953
NONFIBROTIC ILD ADJUDICATED,9,906386264,combined,6,769,2,0.003601435975253559,0.002600780234070221,0.0007135177289523901,0.009432753192718508,0.003345408661277512,0.0038993894281904623
NONFIBROTIC ILD ADJUDICATED,9,906386264,combined,7,770,4,0.004320192303933533,0.005194805194805195,0.0020219574690050306,0.013280219334419372,0.0039002213394811066,0.00479366968504697
NONFIBROTIC ILD ADJUDICATED,9,906386264,combined,8,769,4,0.005850684484116013,0.005201560468140442,0.0020245891497467933,0.013297387544882687,0.004794363037593687,0.008034328329309958
NONFIBROTIC ILD ADJUDICATED,9,906386264,combined,9,770,0,0.11308273755231164,0.0,0.0,0.004964141914221508,0.008046801495389328,0.8024813661472677
NONFIBROTIC ILD ADJUDICATED,10,168038937,zebra,0,770,0,0.23286275565516473,0.0,0.0,0.004964141914221508,0.11693488945217027,0.26180052778882
NONFIBROTIC ILD ADJUDICATED,10,168038937,zebra,1,769,0,0.2884788890403937,0.0,0.0,0.004970565148712315,0.261929049148748,0.3153227187957212
NONFIBROTIC ILD ADJUDICATED,10,168038937,zebra,2,770,0,0.3463652043474958,0.0,0.0,0.004964141914221508,0.3154031876211685,0.3795264843613482
NONFIBROTIC ILD ADJUDICATED,10,168038937,zebra,3,769,0,0.41525464375331106,0.0,0.0,0.004970565148712315,0.37953333214471574,0.4514396713089271
NONFIBROTIC ILD ADJUDICATED,10,168038937,zebra,4,770,0,0.4970307433796967,0.0,0.0,0.004964141914221508,0.45159981192212006,0.5458708294191179
NONFIBROTIC ILD ADJUDICATED,10,168038937,zebra,5,769,1,0.6053112800957104,0.0013003901170351106,0.0002295876800841234,0.007328830355107483,0.545955588164633,0.6677034443254622
NONFIBROTIC ILD ADJUDICATED,10,168038937,zebra,6,769,2,0.7358719265286445,0.002600780234070221,0.0007135177289523901,0.009432753192718508,0.6680569674360941,0.7965488582068666
NONFIBROTIC ILD ADJUDICATED,10,168038937,zebra,7,770,4,0.8513112699797799,0.005194805194805195,0.0020219574690050306,0.013280219334419372,0.7966060984204475,0.9057145190836928
NONFIBROTIC ILD ADJUDICATED,10,168038937,zebra,8,769,2,0.9535105831910891,0.002600780234070221,0.0007135177289523901,0.009432753192718508,0.9057429528389144,0.9863920183099711
NONFIBROTIC ILD ADJUDICATED,10,168038937,zebra,9,770,7,0.9966553392351223,0.00909090909090909,0.004410478976495486,0.01864522399383109,0.9865848577878713,1.0
NONFIBROTIC ILD ADJUDICATED,10,168038937,genomic,0,770,3,0.0005947277810210258,0.003896103896103896,0.0013258926936253902,0.011391775387498288,0.0003351635446231643,0.000731538389056916
NONFIBROTIC ILD ADJUDICATED,10,168038937,genomic,1,769,1,0.0008544094030019251,0.0013003901170351106,0.0002295876800841234,0.007328830355107483,0.0007318243328651555,0.0009797125102474632
NONFIBROTIC ILD ADJUDICATED,10,168038937,genomic,2,770,4,0.0011095862599023122,0.005194805194805195,0.0020219574690050306,0.013280219334419372,0.0009799601870059981,0.0012585721966077012
NONFIBROTIC ILD ADJUDICATED,10,168038937,genomic,3,769,1,0.001422374185092673,0.0013003901170351106,0.0002295876800841234,0.007328830355107483,0.0012586332702620997,0.0015945101158319876
NONFIBROTIC ILD ADJUDICATED,10,168038937,genomic,4,770,1,0.001810921474230123,0.0012987012987012987,0.00022928946639889794,0.007319361170123334,0.0015954313823851578,0.0020435888147603974
NONFIBROTIC ILD ADJUDICATED,10,168038937,genomic,5,769,0,0.0023458244672618584,0.0,0.0,0.004970565148712315,0.0020451261014107743,0.0027170311393774826
NONFIBROTIC ILD ADJUDICATED,10,168038937,genomic,6,769,1,0.003235807682526153,0.0013003901170351106,0.0002295876800841234,0.007328830355107483,0.002717326364652783,0.003834360096130713
NONFIBROTIC ILD ADJUDICATED,10,168038937,genomic,7,770,1,0.004785129802863201,0.0012987012987012987,0.00022928946639889794,0.007319361170123334,0.003836699963573489,0.005994945958852845
NONFIBROTIC ILD ADJUDICATED,10,168038937,genomic,8,769,1,0.009590740650597292,0.0013003901170351106,0.0002295876800841234,0.007328830355107483,0.0060027640666709976,0.019366195131231747
NONFIBROTIC ILD ADJUDICATED,10,168038937,genomic,9,770,3,0.11864982711001372,0.003896103896103896,0.0013258926936253902,0.011391775387498288,0.019495934357262445,0.6219309701595089
NONFIBROTIC ILD ADJUDICATED,10,168038937,combined,0,770,4,0.0,0.005194805194805195,0.0020219574690050306,0.013280219334419372,0.0,0.0
NONFIBROTIC ILD ADJUDICATED,10,168038937,combined,1,769,1,0.0,0.0013003901170351106,0.0002295876800841234,0.007328830355107483,0.0,0.0
NONFIBROTIC ILD ADJUDICATED,10,168038937,combined,2,770,3,6.74327057856014e-193,0.003896103896103896,0.0013258926936253902,0.011391775387498288,0.0,2.884392870174222e-191
NONFIBROTIC ILD ADJUDICATED,10,168038937,combined,3,769,0,2.3389270577314685e-124,0.0,0.0,0.004970565148712315,2.884392870174222e-191,4.0219276697906625e-124
NONFIBROTIC ILD ADJUDICATED,10,168038937,combined,4,770,0,4.1759069196370963e-106,0.0,0.0,0.004964141914221508,4.0219276697906625e-124,4.050117040978675e-105
NONFIBROTIC ILD ADJUDICATED,10,168038937,combined,5,769,0,2.9016824183201026e-48,0.0,0.0,0.004970565148712315,4.050117040978675e-105,2.4615382519785704e-47
NONFIBROTIC ILD ADJUDICATED,10,168038937,combined,6,769,0,5.353107823882812e-35,0.0,0.0,0.004970565148712315,2.4615382519785704e-47,7.526634450206685e-33
NONFIBROTIC ILD ADJUDICATED,10,168038937,combined,7,770,0,0.12730936000486173,0.0,0.0,0.004964141914221508,7.526634450206685e-33,1.0
NONFIBROTIC ILD ADJUDICATED,10,168038937,combined,8,769,1,1.0,0.0013003901170351106,0.0002295876800841234,0.007328830355107483,1.0,1.0
NONFIBROTIC ILD ADJUDICATED,10,168038937,combined,9,770,7,1.0,0.00909090909090909,0.004410478976495486,0.01864522399383109,1.0,1.0
NONFIBROTIC ILD ADJUDICATED,11,1733065744,zebra,0,770,0,0.23199118852788456,0.0,0.0,0.004964141914221508,0.11052533634471677,0.260816983501809
NONFIBROTIC ILD ADJUDICATED,11,1733065744,zebra,1,769,0,0.28609005193336895,0.0,0.0,0.004970565148712315,0.2608829204776901,0.3111980368732263
NONFIBROTIC ILD ADJUDICATED,11,1733065744,zebra,2,770,0,0.3404361217869514,0.0,0.0,0.004964141914221508,0.31121606017594466,0.37375723028053126
NONFIBROTIC ILD ADJUDICATED,11,1733065744,zebra,3,769,0,0.4081263647758423,0.0,0.0,0.004970565148712315,0.3738414017884197,0.4452217382542253
NONFIBROTIC ILD ADJUDICATED,11,1733065744,zebra,4,770,0,0.489949540618355,0.0,0.0,0.004964141914221508,0.4453800380771841,0.539826777222261
NONFIBROTIC ILD ADJUDICATED,11,1733065744,zebra,5,769,3,0.5973285180038107,0.0039011703511053317,0.001327618000260774,0.011406505807889416,0.5398734294247949,0.6602189206990785
NONFIBROTIC ILD ADJUDICATED,11,1733065744,zebra,6,769,2,0.727176899101519,0.002600780234070221,0.0007135177289523901,0.009432753192718508,0.6603106288858349,0.787387991780509
NONFIBROTIC ILD ADJUDICATED,11,1733065744,zebra,7,770,1,0.8447495037974698,0.0012987012987012987,0.00022928946639889794,0.007319361170123334,0.7873900005806135,0.9015635813244769
NONFIBROTIC ILD ADJUDICATED,11,1733065744,zebra,8,769,1,0.9522967068416976,0.0013003901170351106,0.0002295876800841234,0.007328830355107483,0.9015884236259762,0.9864755416882522
NONFIBROTIC ILD ADJUDICATED,11,1733065744,zebra,9,770,9,0.9969029836219826,0.011688311688311689,0.006161243000312308,0.022063477414615715,0.9865055123197096,1.0
NONFIBROTIC ILD ADJUDICATED,11,1733065744,genomic,0,770,0,2.6555316611685745e-07,0.0,0.0,0.004964141914221508,1.47945720697573e-08,6.413769720626494e-07
NONFIBROTIC ILD ADJUDICATED,11,1733065744,genomic,1,769,1,1.3644292778526943e-06,0.0013003901170351106,0.0002295876800841234,0.007328830355107483,6.431337196221525e-07,2.2781764325779498e-06
NONFIBROTIC ILD ADJUDICATED,11,1733065744,genomic,2,770,1,3.690845708650964e-06,0.0012987012987012987,0.00022928946639889794,0.007319361170123334,2.2783040375233986e-06,5.545603999595743e-06
NONFIBROTIC ILD ADJUDICATED,11,1733065744,genomic,3,769,0,9.225673105025104e-06,0.0,0.0,0.004970565148712315,5.57038614151751e-06,1.432235466086385e-05
NONFIBROTIC ILD ADJUDICATED,11,1733065744,genomic,4,770,1,2.4806498730491603e-05,0.0012987012987012987,0.00022928946639889794,0.007319361170123334,1.4343434912315332e-05,4.133259475473567e-05
NONFIBROTIC ILD ADJUDICATED,11,1733065744,genomic,5,769,4,6.76572034390693e-05,0.005201560468140442,0.0020245891497467933,0.013297387544882687,4.139372824132866e-05,0.0001004348076429887
NONFIBROTIC ILD ADJUDICATED,11,1733065744,genomic,6,769,3,0.00016050724174869837,0.0039011703511053317,0.001327618000260774,0.011406505807889416,0.00010050176944208063,0.0002413975060677206
NONFIBROTIC ILD ADJUDICATED,11,1733065744,genomic,7,770,3,0.00039247193537247314,0.003896103896103896,0.0013258926936253902,0.011391775387498288,0.00024148941515952498,0.0005974417097647452
NONFIBROTIC ILD ADJUDICATED,11,1733065744,genomic,8,769,2,0.0011484910886366878,0.002600780234070221,0.0007135177289523901,0.009432753192718508,0.0005995003459781948,0.0021003978076004053
NONFIBROTIC ILD ADJUDICATED,11,1733065744,genomic,9,770,1,0.02088058014574947,0.0012987012987012987,0.00022928946639889794,0.007319361170123334,0.0021119574787151867,0.797546029900936
NONFIBROTIC ILD ADJUDICATED,11,1733065744,combined,0,770,2,1.4899651721525995e-18,0.0025974025974025974,0.0007125907061236786,0.009420568652699277,6.480038572121254e-34,1.0278989567258492e-17
NONFIBROTIC ILD ADJUDICATED,11,1733065744,combined,1,769,0,7.547149289180167e-17,0.0,0.0,0.004970565148712315,1.0347579782421218e-17,2.4992501522458674e-16
NONFIBROTIC ILD ADJUDICATED,11,1733065744,combined,2,770,2,6.153765011938517e-11,0.0025974025974025974,0.0007125907061236786,0.009420568652699277,2.5125258046055876e-16,4.854780689043298e-10
NONFIBROTIC ILD ADJUDICATED,11,1733065744,combined,3,769,1,1.765876990515906e-08,0.0013003901170351106,0.0002295876800841234,0.007328830355107483,4.987589613168746e-10,6.656558316795408e-08
NONFIBROTIC ILD ADJUDICATED,11,1733065744,combined,4,770,3,1.55972303389706e-07,0.003896103896103896,0.0013258926936253902,0.011391775387498288,6.658765611922433e-08,2.648498295042674e-07
NONFIBROTIC ILD ADJUDICATED,11,1733065744,combined,5,769,1,4.42714283647467e-07,0.0013003901170351106,0.0002295876800841234,0.007328830355107483,2.649312016197545e-07,6.714701380930587e-07
NONFIBROTIC ILD ADJUDICATED,11,1733065744,combined,6,769,1,1.0356256804147851e-06,0.0013003901170351106,0.0002295876800841234,0.007328830355107483,6.724975151994392e-07,1.4766211786939096e-06
NONFIBROTIC ILD ADJUDICATED,11,1733065744,combined,7,770,4,2.335333979967577e-06,0.005194805194805195,0.0020219574690050306,0.013280219334419372,1.4768603499772338e-06,3.5801508665179186e-06
NONFIBROTIC ILD ADJUDICATED,11,1733065744,combined,8,769,1,7.583011378086358e-06,0.0013003901170351106,0.0002295876800841234,0.007328830355107483,3.584268656298099e-06,1.6021600005509203e-05
NONFIBROTIC ILD ADJUDICATED,11,1733065744,combined,9,770,1,0.06019353185749532,0.0012987012987012987,0.00022928946639889794,0.007319361170123334,1.6034725481681883e-05,1.0
NONFIBROTIC ILD ADJUDICATED,12,1025983712,zebra,0,770,0,0.23265144729169857,0.0,0.0,0.004964141914221508,0.11052533634471677,0.26099906075218154
NONFIBROTIC ILD ADJUDICATED,12,1025983712,zebra,1,769,0,0.28722713074115275,0.0,0.0,0.004970565148712315,0.2610548534071459,0.3138726420157863
NONFIBROTIC ILD ADJUDICATED,12,1025983712,zebra,2,770,0,0.344568777542022,0.0,0.0,0.004964141914221508,0.3138879619137422,0.376512189675857
NONFIBROTIC ILD ADJUDICATED,12,1025983712,zebra,3,769,0,0.4107756443836133,0.0,0.0,0.004970565148712315,0.3765367915240456,0.4460755764347732
NONFIBROTIC ILD ADJUDICATED,12,1025983712,zebra,4,770,1,0.4907001664771244,0.0012987012987012987,0.00022928946639889794,0.007319361170123334,0.4461954973729872,0.5404236476080435
NONFIBROTIC ILD ADJUDICATED,12,1025983712,zebra,5,769,0,0.5997817693518058,0.0,0.0,0.004970565148712315,0.5405732793825522,0.6593820271538514
NONFIBROTIC ILD ADJUDICATED,12,1025983712,zebra,6,769,0,0.72658135185801,0.0,0.0,0.004970565148712315,0.6597030164117654,0.7873127283656928
NONFIBROTIC ILD ADJUDICATED,12,1025983712,zebra,7,770,4,0.8442234052586521,0.005194805194805195,0.0020219574690050306,0.013280219334419372,0.787387991780509,0.8989333182452957
NONFIBROTIC ILD ADJUDICATED,12,1025983712,zebra,8,769,2,0.9502926100276723,0.002600780234070221,0.0007135177289523901,0.009432753192718508,0.8989414097210439,0.9860610484462138
NONFIBROTIC ILD ADJUDICATED,12,1025983712,zebra,9,770,9,0.996718492795993,0.011688311688311689,0.006161243000312308,0.022063477414615715,0.9860843461239837,1.0
NONFIBROTIC ILD ADJUDICATED,12,1025983712,genomic,0,770,0,1.4273642972824833e-53,0.0,0.0,0.004964141914221508,3.2661040939833433e-106,5.7745270962622096e-52
NONFIBROTIC ILD ADJUDICATED,12,1025983712,genomic,1,769,2,1.0662924768515806e-43,0.002600780234070221,0.0007135177289523901,0.009432753192718508,5.895073907696536e-52,1.925363384439914e-42
NONFIBROTIC ILD ADJUDICATED,12,1025983712,genomic,2,770,2,6.497289361952991e-37,0.0025974025974025974,0.0007125907061236786,0.009420568652699277,1.9760045841321288e-42,9.495786942650868e-36
NONFIBROTIC ILD ADJUDICATED,12,1025983712,genomic,3,769,4,4.537106727063697e-32,0.005201560468140442,0.0020245891497467933,0.013297387544882687,9.738806066442094e-36,3.8233656191104256e-31
NONFIBROTIC ILD ADJUDICATED,12,1025983712,genomic,4,770,0,1.199699524121702e-28,0.0,0.0,0.004964141914221508,3.9205091409784434e-31,8.747960467210042e-28
NONFIBROTIC ILD ADJUDICATED,12,1025983712,genomic,5,769,2,6.565523509731692e-26,0.002600780234070221,0.0007135177289523901,0.009432753192718508,8.905015110801174e-28,3.9743522314679793e-25
NONFIBROTIC ILD ADJUDICATED,12,1025983712,genomic,6,769,3,2.981808410758713e-23,0.0039011703511053317,0.001327618000260774,0.011406505807889416,3.9845136992984956e-25,1.8064582259922362e-22
NONFIBROTIC ILD ADJUDICATED,12,1025983712,genomic,7,770,1,1.5866518170958563e-20,0.0012987012987012987,0.00022928946639889794,0.007319361170123334,1.8129866817833007e-22,1.2711090675103985e-19
NONFIBROTIC ILD ADJUDICATED,12,1025983712,genomic,8,769,1,5.924491460154644e-16,0.0013003901170351106,0.0002295876800841234,0.007328830355107483,1.2811294067301165e-19,8.160246838731907e-15
NONFIBROTIC ILD ADJUDICATED,12,1025983712,genomic,9,770,1,0.11985625628362237,0.0012987012987012987,0.00022928946639889794,0.007319361170123334,8.206278485775027e-15,1.0
NONFIBROTIC ILD ADJUDICATED,12,1025983712,combined,0,770,3,3.1621736837159483e-132,0.003896103896103896,0.0013258926936253902,0.011391775387498288,1.0725645897567128e-190,1.195689020545888e-130
NONFIBROTIC ILD ADJUDICATED,12,1025983712,combined,1,769,2,7.332206840414879e-120,0.002600780234070221,0.0007135177289523901,0.009432753192718508,1.3192815052439337e-130,2.03900802312434e-118
NONFIBROTIC ILD ADJUDICATED,12,1025983712,combined,2,770,2,7.68999839068694e-111,0.0025974025974025974,0.0007125907061236786,0.009420568652699277,2.1074462482272597e-118,1.2561007349236732e-109
NONFIBROTIC ILD ADJUDICATED,12,1025983712,combined,3,769,2,1.051446209718933e-103,0.002600780234070221,0.0007135177289523901,0.009432753192718508,1.256216802108262e-109,1.7586711479124752e-102
NONFIBROTIC ILD ADJUDICATED,12,1025983712,combined,4,770,2,9.989478529221166e-97,0.0025974025974025974,0.0007125907061236786,0.009420568652699277,1.8249418897197642e-102,1.7358846368223964e-95
NONFIBROTIC ILD ADJUDICATED,12,1025983712,combined,5,769,2,6.880027799590193e-90,0.002600780234070221,0.0007135177289523901,0.009432753192718508,1.743025707684998e-95,1.1844185167225669e-88
NONFIBROTIC ILD ADJUDICATED,12,1025983712,combined,6,769,1,2.064116182818792e-82,0.0013003901170351106,0.0002295876800841234,0.007328830355107483,1.1962593219162335e-88,3.468961683576394e-81
NONFIBROTIC ILD ADJUDICATED,12,1025983712,combined,7,770,1,1.0511551895708525e-72,0.0012987012987012987,0.00022928946639889794,0.007319361170123334,3.721756956554077e-81,2.349501327231589e-71
NONFIBROTIC ILD ADJUDICATED,12,1025983712,combined,8,769,1,2.0397095935205536e-59,0.0013003901170351106,0.0002295876800841234,0.007328830355107483,2.5171425366037484e-71,8.290575529730786e-58
NONFIBROTIC ILD ADJUDICATED,12,1025983712,combined,9,770,0,0.07147975570588591,0.0,0.0,0.004964141914221508,9.01006515130971e-58,1.0
NONFIBROTIC ILD ADJUDICATED,13,1369089697,zebra,0,770,0,0.2312457977911519,0.0,0.0,0.004964141914221508,0.11052533634471677,0.25993639862440343
NONFIBROTIC ILD ADJUDICATED,13,1369089697,zebra,1,769,0,0.28492211164453785,0.0,0.0,0.004970565148712315,0.26002454610159537,0.31080703418834127
NONFIBROTIC ILD ADJUDICATED,13,1369089697,zebra,2,770,0,0.341508498205617,0.0,0.0,0.004964141914221508,0.310911634115635,0.37442960866501057
NONFIBROTIC ILD ADJUDICATED,13,1369089697,zebra,3,769,0,0.40892167097215476,0.0,0.0,0.004970565148712315,0.3744961545744017,0.4441219959352513
NONFIBROTIC ILD ADJUDICATED,13,1369089697,zebra,4,770,0,0.487751957033438,0.0,0.0,0.004964141914221508,0.4441442775243989,0.5387018610907776
NONFIBROTIC ILD ADJUDICATED,13,1369089697,zebra,5,769,2,0.5990256258971978,0.002600780234070221,0.0007135177289523901,0.009432753192718508,0.538853101911673,0.6608807876532565
NONFIBROTIC ILD ADJUDICATED,13,1369089697,zebra,6,769,2,0.7248959689906689,0.002600780234070221,0.0007135177289523901,0.009432753192718508,0.6609819200029238,0.7823152956042905
NONFIBROTIC ILD ADJUDICATED,13,1369089697,zebra,7,770,1,0.838118208299126,0.0012987012987012987,0.00022928946639889794,0.007319361170123334,0.7824886618192098,0.8931263066987467
NONFIBROTIC ILD ADJUDICATED,13,1369089697,zebra,8,769,1,0.9463254555754314,0.0013003901170351106,0.0002295876800841234,0.007328830355107483,0.8934535228503608,0.9849906229576917
NONFIBROTIC ILD ADJUDICATED,13,1369089697,zebra,9,770,10,0.996340024113741,0.012987012987012988,0.007069333631553706,0.02373989550567504,0.9851117929724045,1.0
NONFIBROTIC ILD ADJUDICATED,13,1369089697,genomic,0,770,0,2.8006033401453203e-09,0.0,0.0,0.004964141914221508,2.2552544146001082e-11,6.27723695927798e-09
NONFIBROTIC ILD ADJUDICATED,13,1369089697,genomic,1,769,0,1.2419519233230719e-08,0.0,0.0,0.004970565148712315,6.278131298286258e-09,2.0643670699144247e-08
NONFIBROTIC ILD ADJUDICATED,13,1369089697,genomic,2,770,4,3.5261891320524795e-08,0.005194805194805195,0.0020219574690050306,0.013280219334419372,2.0669472345275295e-08,5.546696909110306e-08
NONFIBROTIC ILD ADJUDICATED,13,1369089697,genomic,3,769,4,8.787477252895374e-08,0.005201560468140442,0.0020245891497467933,0.013297387544882687,5.558677812671268e-08,1.283786665506281e-07
NONFIBROTIC ILD ADJUDICATED,13,1369089697,genomic,4,770,1,1.9222697540806798e-07,0.0012987012987012987,0.00022928946639889794,0.007319361170123334,1.2866664056017006e-07,2.6798727217350703e-07
NONFIBROTIC ILD ADJUDICATED,13,1369089697,genomic,5,769,2,4.0012813275289966e-07,0.002600780234070221,0.0007135177289523901,0.009432753192718508,2.6835166661648747e-07,5.728012846038116e-07
NONFIBROTIC ILD ADJUDICATED,13,1369089697,genomic,6,769,1,9.562830016803419e-07,0.0013003901170351106,0.0002295876800841234,0.007328830355107483,5.732606440240535e-07,1.5378844844525275e-06
NONFIBROTIC ILD ADJUDICATED,13,1369089697,genomic,7,770,0,4.6781808981912926e-06,0.0,0.0,0.004964141914221508,1.5391576225157677e-06,1.6779097753768516e-05
NONFIBROTIC ILD ADJUDICATED,13,1369089697,genomic,8,769,2,0.00022641949209851735,0.002600780234070221,0.0007135177289523901,0.009432753192718508,1.679749931261236e-05,0.0006472154970675426
NONFIBROTIC ILD ADJUDICATED,13,1369089697,genomic,9,770,2,0.016620364750095585,0.0025974025974025974,0.0007125907061236786,0.009420568652699277,0.0006486532285083193,0.9613639075199719
NONFIBROTIC ILD ADJUDICATED,13,1369089697,combined,0,770,2,0.0012918209084214944,0.0025974025974025974,0.0007125907061236786,0.009420568652699277,0.0007420078752772453,0.0015673767092534597
NONFIBROTIC ILD ADJUDICATED,13,1369089697,combined,1,769,2,0.0017872226641361632,0.002600780234070221,0.0007135177289523901,0.009432753192718508,0.0015688847737504211,0.0020036124336112932
NONFIBROTIC ILD ADJUDICATED,13,1369089697,combined,2,770,1,0.0022259863388394154,0.0012987012987012987,0.00022928946639889794,0.007319361170123334,0.0020044065189853094,0.0024709202149510137
NONFIBROTIC ILD ADJUDICATED,13,1369089697,combined,3,769,0,0.0027391751902250926,0.0,0.0,0.004970565148712315,0.002471312328510542,0.003026194100167729
NONFIBROTIC ILD ADJUDICATED,13,1369089697,combined,4,770,3,0.0033658858036503545,0.003896103896103896,0.0013258926936253902,0.011391775387498288,0.0030265868488131855,0.003741005472492077
NONFIBROTIC ILD ADJUDICATED,13,1369089697,combined,5,769,0,0.004230862144882599,0.0,0.0,0.004970565148712315,0.00374193517567091,0.004861274742362031
NONFIBROTIC ILD ADJUDICATED,13,1369089697,combined,6,769,3,0.0058800840467569445,0.0039011703511053317,0.001327618000260774,0.011406505807889416,0.0048616822003235294,0.007247759713958161
NONFIBROTIC ILD ADJUDICATED,13,1369089697,combined,7,770,2,0.011099017188722454,0.0025974025974025974,0.0007125907061236786,0.009420568652699277,0.007251522436907024,0.017594231185926467
NONFIBROTIC ILD ADJUDICATED,13,1369089697,combined,8,769,2,0.040971298730128454,0.002600780234070221,0.0007135177289523901,0.009432753192718508,0.017597085274378515,0.07640590037066243
NONFIBROTIC ILD ADJUDICATED,13,1369089697,combined,9,770,1,0.1528745560189525,0.0012987012987012987,0.00022928946639889794,0.007319361170123334,0.07643836488655696,0.46585480981350347
NONFIBROTIC ILD ADJUDICATED,14,1598389300,zebra,0,770,0,0.23260218069018304,0.0,0.0,0.004964141914221508,0.11693488945217027,0.26161440000752656
NONFIBROTIC ILD ADJUDICATED,14,1598389300,zebra,1,769,0,0.28660282617488425,0.0,0.0,0.004970565148712315,0.2616884930296223,0.3119463758969041
NONFIBROTIC ILD ADJUDICATED,14,1598389300,zebra,2,770,0,0.3431021133453857,0.0,0.0,0.004964141914221508,0.3119478363101785,0.3761425573344246
NONFIBROTIC ILD ADJUDICATED,14,1598389300,zebra,3,769,0,0.41097613478826345,0.0,0.0,0.004970565148712315,0.37623856999212185,0.44798440931734274
NONFIBROTIC ILD ADJUDICATED,14,1598389300,zebra,4,770,1,0.49211523937775076,0.0012987012987012987,0.00022928946639889794,0.007319361170123334,0.44817458716826736,0.5410477315007842
NONFIBROTIC ILD ADJUDICATED,14,1598389300,zebra,5,769,0,0.6023551064343388,0.0,0.0,0.004970565148712315,0.5412345068279721,0.6645632245328221
NONFIBROTIC ILD ADJUDICATED,14,1598389300,zebra,6,769,2,0.7316411564343449,0.002600780234070221,0.0007135177289523901,0.009432753192718508,0.6648290181595178,0.7922254832044645
NONFIBROTIC ILD ADJUDICATED,14,1598389300,zebra,7,770,2,0.8473354286566569,0.0025974025974025974,0.0007125907061236786,0.009420568652699277,0.7922523496135381,0.8998162513949661
NONFIBROTIC ILD ADJUDICATED,14,1598389300,zebra,8,769,0,0.9509326745182513,0.0,0.0,0.004970565148712315,0.8998307879232259,0.9860122135494251
NONFIBROTIC ILD ADJUDICATED,14,1598389300,zebra,9,770,11,0.9964327323548908,0.014285714285714285,0.007995323688185082,0.025398414171344384,0.9860131772949529,1.0
NONFIBROTIC ILD ADJUDICATED,14,1598389300,genomic,0,770,1,2.2616378828713883e-05,0.0012987012987012987,0.00022928946639889794,0.007319361170123334,3.5941676854529037e-06,3.755271367754883e-05
NONFIBROTIC ILD ADJUDICATED,14,1598389300,genomic,1,769,3,5.4120896464098454e-05,0.0039011703511053317,0.001327618000260774,0.011406505807889416,3.7563700933041006e-05,7.207840410758694e-05
NONFIBROTIC ILD ADJUDICATED,14,1598389300,genomic,2,770,2,9.46821184083627e-05,0.0025974025974025974,0.0007125907061236786,0.009420568652699277,7.210259895629482e-05,0.00012019821910364406
NONFIBROTIC ILD ADJUDICATED,14,1598389300,genomic,3,769,0,0.00015635876159876552,0.0,0.0,0.004970565148712315,0.00012030436720129158,0.0002008320679207791
NONFIBROTIC ILD ADJUDICATED,14,1598389300,genomic,4,770,0,0.00026198297757264584,0.0,0.0,0.004964141914221508,0.0002009135102042873,0.0003373214213675746
NONFIBROTIC ILD ADJUDICATED,14,1598389300,genomic,5,769,2,0.0004457727867238493,0.002600780234070221,0.0007135177289523901,0.009432753192718508,0.0003375938467993532,0.000580233844798776
NONFIBROTIC ILD ADJUDICATED,14,1598389300,genomic,6,769,5,0.0008150525108650967,0.006501950585175552,0.002780348414515579,0.015129481166593194,0.0005804822282474037,0.0011284299295340639
NONFIBROTIC ILD ADJUDICATED,14,1598389300,genomic,7,770,0,0.00166298521312022,0.0,0.0,0.004964141914221508,0.001128754421544735,0.0024749307798884626
NONFIBROTIC ILD ADJUDICATED,14,1598389300,genomic,8,769,1,0.004406748935974821,0.0013003901170351106,0.0002295876800841234,0.007328830355107483,0.0024764999692349888,0.0076459641226957874
NONFIBROTIC ILD ADJUDICATED,14,1598389300,genomic,9,770,2,0.04404018848827035,0.0025974025974025974,0.0007125907061236786,0.009420568652699277,0.007653366647434786,0.7695024447073507
NONFIBROTIC ILD ADJUDICATED,14,1598389300,combined,0,770,0,1.5323077748918288e-08,0.0,0.0,0.004964141914221508,4.195176427614542e-10,3.3853221366438324e-08
NONFIBROTIC ILD ADJUDICATED,14,1598389300,combined,1,769,0,6.179067873549783e-08,0.0,0.0,0.004970565148712315,3.388307939304941e-08,1.0117276853155441e-07
NONFIBROTIC ILD ADJUDICATED,14,1598389300,combined,2,770,2,1.6557042352492616e-07,0.0025974025974025974,0.0007125907061236786,0.009420568652699277,1.0119130597612783e-07,2.482466554041062e-07
NONFIBROTIC ILD ADJUDICATED,14,1598389300,combined,3,769,0,3.806469712042767e-07,0.0,0.0,0.004970565148712315,2.4827587132721513e-07,5.519960521768293e-07
NONFIBROTIC ILD ADJUDICATED,14,1598389300,combined,4,770,0,9.065105102024154e-07,0.0,0.0,0.004964141914221508,5.529357230616395e-07,1.4262490260932113e-06
NONFIBROTIC ILD ADJUDICATED,14,1598389300,combined,5,769,4,2.7476485316436465e-06,0.005201560468140442,0.0020245891497467933,0.013297387544882687,1.4313803722680407e-06,5.0261213325317045e-06
NONFIBROTIC ILD ADJUDICATED,14,1598389300,combined,6,769,4,2.0642671244507263e-05,0.005201560468140442,0.0020245891497467933,0.013297387544882687,5.042394485019583e-06,5.616104749816964e-05
NONFIBROTIC ILD ADJUDICATED,14,1598389300,combined,7,770,1,0.000169787359038179,0.0012987012987012987,0.00022928946639889794,0.007319361170123334,5.6175386755333234e-05,0.0003443919876712472
NONFIBROTIC ILD ADJUDICATED,14,1598389300,combined,8,769,1,0.0009063105095484905,0.0013003901170351106,0.0002295876800841234,0.007328830355107483,0.00034657414892615666,0.00199712465548805
NONFIBROTIC ILD ADJUDICATED,14,1598389300,combined,9,770,4,0.03215089778517203,0.005194805194805195,0.0020219574690050306,0.013280219334419372,0.0019971515171704796,0.868077395673168
NONFIBROTIC ILD ADJUDICATED,15,1784359557,zebra,0,770,0,0.23228739191954756,0.0,0.0,0.004964141914221508,0.11893743948205666,0.2611638888339737
NONFIBROTIC ILD ADJUDICATED,15,1784359557,zebra,1,769,0,0.2871442314505071,0.0,0.0,0.004970565148712315,0.26119474251243924,0.3126900694309642
NONFIBROTIC ILD ADJUDICATED,15,1784359557,zebra,2,770,0,0.34341774555723575,0.0,0.0,0.004964141914221508,0.31282001579730256,0.3766087127018751
NONFIBROTIC ILD ADJUDICATED,15,1784359557,zebra,3,769,0,0.41059656364487795,0.0,0.0,0.004970565148712315,0.37661447713663365,0.4461954973729872
NONFIBROTIC ILD ADJUDICATED,15,1784359557,zebra,4,770,1,0.492134644535118,0.0012987012987012987,0.00022928946639889794,0.007319361170123334,0.446243930370284,0.5427023175767623
NONFIBROTIC ILD ADJUDICATED,15,1784359557,zebra,5,769,2,0.6055237901582401,0.002600780234070221,0.0007135177289523901,0.009432753192718508,0.5427457610054819,0.6684634110766353
NONFIBROTIC ILD ADJUDICATED,15,1784359557,zebra,6,769,1,0.7329637697872777,0.0013003901170351106,0.0002295876800841234,0.007328830355107483,0.6687315969512554,0.7904204327474805
NONFIBROTIC ILD ADJUDICATED,15,1784359557,zebra,7,770,3,0.8444834589004506,0.003896103896103896,0.0013258926936253902,0.011391775387498288,0.7904401128919928,0.8965404278537848
NONFIBROTIC ILD ADJUDICATED,15,1784359557,zebra,8,769,0,0.9460876007075101,0.0,0.0,0.004970565148712315,0.8966511977992546,0.9838047002112904
NONFIBROTIC ILD ADJUDICATED,15,1784359557,zebra,9,770,9,0.9961632530104212,0.011688311688311689,0.006161243000312308,0.022063477414615715,0.9838126062319926,1.0
NONFIBROTIC ILD ADJUDICATED,15,1784359557,genomic,0,770,1,0.0008075249001925811,0.0012987012987012987,0.00022928946639889794,0.007319361170123334,0.00018414548911715236,0.0012384000993799777
NONFIBROTIC ILD ADJUDICATED,15,1784359557,genomic,1,769,1,0.001687330711092308,0.0013003901170351106,0.0002295876800841234,0.007328830355107483,0.001238612201063655,0.002224631367043789
NONFIBROTIC ILD ADJUDICATED,15,1784359557,genomic,2,770,1,0.0028993660704230047,0.0012987012987012987,0.00022928946639889794,0.007319361170123334,0.0022276231542466955,0.0036117143950089707
NONFIBROTIC ILD ADJUDICATED,15,1784359557,genomic,3,769,3,0.004683287917203058,0.0039011703511053317,0.001327618000260774,0.011406505807889416,0.003619169692910591,0.0059394504608967676
NONFIBROTIC ILD ADJUDICATED,15,1784359557,genomic,4,770,1,0.007879501924103829,0.0012987012987012987,0.00022928946639889794,0.007319361170123334,0.005946692427231074,0.010034730513419559
NONFIBROTIC ILD ADJUDICATED,15,1784359557,genomic,5,769,2,0.013069583045156537,0.002600780234070221,0.0007135177289523901,0.009432753192718508,0.010037844613339052,0.016805069607923176
NONFIBROTIC ILD ADJUDICATED,15,1784359557,genomic,6,769,1,0.022875935162508444,0.0013003901170351106,0.0002295876800841234,0.007328830355107483,0.016815627367657657,0.030137004710432024
NONFIBROTIC ILD ADJUDICATED,15,1784359557,genomic,7,770,1,0.04297357563416793,0.0012987012987012987,0.00022928946639889794,0.007319361170123334,0.030151120828758076,0.0601891572074135
NONFIBROTIC ILD ADJUDICATED,15,1784359557,genomic,8,769,4,0.0960151481378033,0.005201560468140442,0.0020245891497467933,0.013297387544882687,0.06020625372226724,0.15447697889646195
NONFIBROTIC ILD ADJUDICATED,15,1784359557,genomic,9,770,1,0.35696925422114995,0.0012987012987012987,0.00022928946639889794,0.007319361170123334,0.15456317891233848,0.8307864168686643
NONFIBROTIC ILD ADJUDICATED,15,1784359557,combined,0,770,0,0.0013645041271102439,0.0,0.0,0.004964141914221508,0.0012940213607187763,0.0014540949946912592
NONFIBROTIC ILD ADJUDICATED,15,1784359557,combined,1,769,0,0.0015550177866003748,0.0,0.0,0.004970565148712315,0.0014543535331879662,0.0016540134246346408
NONFIBROTIC ILD ADJUDICATED,15,1784359557,combined,2,770,0,0.0017743573726516446,0.0,0.0,0.004964141914221508,0.0016545077830315467,0.0019198492606019963
NONFIBROTIC ILD ADJUDICATED,15,1784359557,combined,3,769,2,0.002104917335152744,0.002600780234070221,0.0007135177289523901,0.009432753192718508,0.001920044612959527,0.002318853050327884
NONFIBROTIC ILD ADJUDICATED,15,1784359557,combined,4,770,1,0.0026393271103687345,0.0012987012987012987,0.00022928946639889794,0.007319361170123334,0.002319512764438177,0.0030423136036246416
NONFIBROTIC ILD ADJUDICATED,15,1784359557,combined,5,769,2,0.003602962766182312,0.002600780234070221,0.0007135177289523901,0.009432753192718508,0.00304298898077579,0.00428014598061289
NONFIBROTIC ILD ADJUDICATED,15,1784359557,combined,6,769,1,0.005199209154737713,0.0013003901170351106,0.0002295876800841234,0.007328830355107483,0.00428019865465999,0.0064955425474723
NONFIBROTIC ILD ADJUDICATED,15,1784359557,combined,7,770,3,0.01279833963536386,0.003896103896103896,0.0013258926936253902,0.011391775387498288,0.0064967749026511225,0.046813173816805234
NONFIBROTIC ILD ADJUDICATED,15,1784359557,combined,8,769,1,0.06173080885042114,0.0013003901170351106,0.0002295876800841234,0.007328830355107483,0.04686744957820852,0.08220188083575806
NONFIBROTIC ILD ADJUDICATED,15,1784359557,combined,9,770,6,0.16079168266756722,0.007792207792207792,0.0035759904186376326,0.016895203829388215,0.0823345266728698,0.40233067775120085
NONFIBROTIC ILD ADJUDICATED,16,2327916,zebra,0,770,0,0.2328806737418928,0.0,0.0,0.004964141914221508,0.11052533634471677,0.2616884930296223
NONFIBROTIC ILD ADJUDICATED,16,2327916,zebra,1,769,0,0.28768510982008977,0.0,0.0,0.004970565148712315,0.2617403435599508,0.3141082182410059
NONFIBROTIC ILD ADJUDICATED,16,2327916,zebra,2,770,0,0.34502510124837976,0.0,0.0,0.004964141914221508,0.3141319913763451,0.3777576836933187
NONFIBROTIC ILD ADJUDICATED,16,2327916,zebra,3,769,0,0.4115500653556835,0.0,0.0,0.004970565148712315,0.37784322513235363,0.4479285752187333
NONFIBROTIC ILD ADJUDICATED,16,2327916,zebra,4,770,0,0.4934582898895789,0.0,0.0,0.004964141914221508,0.447934860440336,0.5424920108032121
NONFIBROTIC ILD ADJUDICATED,16,2327916,zebra,5,769,3,0.6006241109719878,0.0039011703511053317,0.001327618000260774,0.011406505807889416,0.5425467058335705,0.6590030779476188
NONFIBROTIC ILD ADJUDICATED,16,2327916,zebra,6,769,1,0.7260087094888714,0.0013003901170351106,0.0002295876800841234,0.007328830355107483,0.6591844146637666,0.7868185827330629
NONFIBROTIC ILD ADJUDICATED,16,2327916,zebra,7,770,3,0.843628781451459,0.003896103896103896,0.0013258926936253902,0.011391775387498288,0.7871543241236005,0.8974983546300257
NONFIBROTIC ILD ADJUDICATED,16,2327916,zebra,8,769,0,0.9475072330722495,0.0,0.0,0.004970565148712315,0.8976926765875893,0.9846677108894489
NONFIBROTIC ILD ADJUDICATED,16,2327916,zebra,9,770,9,0.9959024812335544,0.011688311688311689,0.006161243000312308,0.022063477414615715,0.9846988562571408,1.0
NONFIBROTIC ILD ADJUDICATED,16,2327916,genomic,0,770,2,1.0733447825207058e-13,0.0025974025974025974,0.0007125907061236786,0.009420568652699277,8.898489972231603e-29,8.665584898651281e-13
NONFIBROTIC ILD ADJUDICATED,16,2327916,genomic,1,769,0,8.337970475708869e-12,0.0,0.0,0.004970565148712315,8.763928845874449e-13,2.5741746261427634e-11
NONFIBROTIC ILD ADJUDICATED,16,2327916,genomic,2,770,1,1.319362317176677e-10,0.0012987012987012987,0.00022928946639889794,0.007319361170123334,2.5863022116558196e-11,3.679324332012784e-10
NONFIBROTIC ILD ADJUDICATED,16,2327916,genomic,3,769,1,1.7348069653006158e-09,0.0013003901170351106,0.0002295876800841234,0.007328830355107483,3.680830679635521e-10,4.677513630299898e-09
NONFIBROTIC ILD ADJUDICATED,16,2327916,genomic,4,770,2,1.462344361751348e-08,0.0025974025974025974,0.0007125907061236786,0.009420568652699277,4.678210882279783e-09,3.064556209518268e-08
NONFIBROTIC ILD ADJUDICATED,16,2327916,genomic,5,769,1,7.107375285397085e-08,0.0013003901170351106,0.0002295876800841234,0.007328830355107483,3.072685941989435e-08,1.4306990373318993e-07
NONFIBROTIC ILD ADJUDICATED,16,2327916,genomic,6,769,2,3.5341070666513633e-07,0.002600780234070221,0.0007135177289523901,0.009432753192718508,1.4316823000348145e-07,7.017528954654036e-07
NONFIBROTIC ILD ADJUDICATED,16,2327916,genomic,7,770,3,1.8641166879057609e-06,0.003896103896103896,0.0013258926936253902,0.011391775387498288,7.028037750161766e-07,4.082655042358615e-06
NONFIBROTIC ILD ADJUDICATED,16,2327916,genomic,8,769,3,2.1590963882227477e-05,0.0039011703511053317,0.001327618000260774,0.011406505807889416,4.092762152482336e-06,7.178122895795539e-05
NONFIBROTIC ILD ADJUDICATED,16,2327916,genomic,9,770,1,0.03450255977228394,0.0012987012987012987,0.00022928946639889794,0.007319361170123334,7.203479986557064e-05,0.9999999999999991
NONFIBROTIC ILD ADJUDICATED,16,2327916,combined,0,770,0,0.0016912806173713867,0.0,0.0,0.004964141914221508,0.0008962760744083737,0.0020385932346251513
NONFIBROTIC ILD ADJUDICATED,16,2327916,combined,1,769,1,0.002289586801159313,0.0013003901170351106,0.0002295876800841234,0.007328830355107483,0.0020386709604721994,0.002547925092847754
NONFIBROTIC ILD ADJUDICATED,16,2327916,combined,2,770,0,0.00280918637188611,0.0,0.0,0.004964141914221508,0.0025479327016897572,0.0030834869095570806
NONFIBROTIC ILD ADJUDICATED,16,2327916,combined,3,769,1,0.0033982613857390744,0.0013003901170351106,0.0002295876800841234,0.007328830355107483,0.0030842909596324754,0.0037358528442779744
NONFIBROTIC ILD ADJUDICATED,16,2327916,combined,4,770,0,0.004155549200833276,0.0,0.0,0.004964141914221508,0.003736301639873584,0.004625949333099463
NONFIBROTIC ILD ADJUDICATED,16,2327916,combined,5,769,1,0.005306125616164004,0.0013003901170351106,0.0002295876800841234,0.007328830355107483,0.00462770313858484,0.006136206977021964
NONFIBROTIC ILD ADJUDICATED,16,2327916,combined,6,769,2,0.007675289510394752,0.002600780234070221,0.0007135177289523901,0.009432753192718508,0.0061374827435486876,0.010180284427169681
NONFIBROTIC ILD ADJUDICATED,16,2327916,combined,7,770,5,0.023512543991850578,0.006493506493506494,0.0027767335367897463,0.01510995198893538,0.010185603558469538,0.049849243120929865
NONFIBROTIC ILD ADJUDICATED,16,2327916,combined,8,769,3,0.07619183926718852,0.0039011703511053317,0.001327618000260774,0.011406505807889416,0.04995641924728919,0.10506671424977446
NONFIBROTIC ILD ADJUDICATED,16,2327916,combined,9,770,3,0.19278626956940298,0.003896103896103896,0.0013258926936253902,0.011391775387498288,0.10506846889752876,0.6891692550840923
NONFIBROTIC ILD ADJUDICATED,17,378182348,zebra,0,770,0,0.23067263270355248,0.0,0.0,0.004964141914221508,0.11693488945217027,0.2595342312515357
NONFIBROTIC ILD ADJUDICATED,17,378182348,zebra,1,769,0,0.2856977380162107,0.0,0.0,0.004970565148712315,0.25957138409114644,0.3124457080547297
NONFIBROTIC ILD ADJUDICATED,17,378182348,zebra,2,770,0,0.34268822487499634,0.0,0.0,0.004964141914221508,0.31247807889891516,0.37583020297963254
NONFIBROTIC ILD ADJUDICATED,17,378182348,zebra,3,769,0,0.4097278176700721,0.0,0.0,0.004970565148712315,0.37591026680653794,0.4457161392409732
NONFIBROTIC ILD ADJUDICATED,17,378182348,zebra,4,770,1,0.4912167808300348,0.0012987012987012987,0.00022928946639889794,0.007319361170123334,0.44571740749231,0.5407863218214698
NONFIBROTIC ILD ADJUDICATED,17,378182348,zebra,5,769,2,0.6006446206215331,0.002600780234070221,0.0007135177289523901,0.009432753192718508,0.5408270848308355,0.6630148547834747
NONFIBROTIC ILD ADJUDICATED,17,378182348,zebra,6,769,2,0.7299254138417671,0.002600780234070221,0.0007135177289523901,0.009432753192718508,0.6635610066940673,0.7898361713635328
NONFIBROTIC ILD ADJUDICATED,17,378182348,zebra,7,770,3,0.8461251869402383,0.003896103896103896,0.0013258926936253902,0.011391775387498288,0.789896992430299,0.8996673482561942
NONFIBROTIC ILD ADJUDICATED,17,378182348,zebra,8,769,0,0.9491876805277,0.0,0.0,0.004970565148712315,0.8996813766473817,0.985389945076186
NONFIBROTIC ILD ADJUDICATED,17,378182348,zebra,9,770,8,0.9963934272251633,0.01038961038961039,0.005273784940225151,0.020366426752402144,0.9854116329818159,1.0
NONFIBROTIC ILD ADJUDICATED,17,378182348,genomic,0,770,2,9.222536845673031e-09,0.0025974025974025974,0.0007125907061236786,0.009420568652699277,3.3166288108128096e-10,1.923200647696352e-08
NONFIBROTIC ILD ADJUDICATED,17,378182348,genomic,1,769,0,3.447415446031329e-08,0.0,0.0,0.004970565148712315,1.9291249389357743e-08,5.419361424697973e-08
NONFIBROTIC ILD ADJUDICATED,17,378182348,genomic,2,770,0,7.879501720980178e-08,0.0,0.0,0.004964141914221508,5.4272058838766035e-08,1.0818179807325512e-07
NONFIBROTIC ILD ADJUDICATED,17,378182348,genomic,3,769,5,1.4828907325110092e-07,0.006501950585175552,0.002780348414515579,0.015129481166593194,1.0820835413792137e-07,1.9492530486692845e-07
NONFIBROTIC ILD ADJUDICATED,17,378182348,genomic,4,770,0,2.666802935116953e-07,0.0,0.0,0.004964141914221508,1.9500749835775943e-07,3.522363273349375e-07
NONFIBROTIC ILD ADJUDICATED,17,378182348,genomic,5,769,2,5.092303934935867e-07,0.002600780234070221,0.0007135177289523901,0.009432753192718508,3.525106747015128e-07,7.096671754513275e-07
NONFIBROTIC ILD ADJUDICATED,17,378182348,genomic,6,769,0,1.243581622995649e-06,0.0,0.0,0.004970565148712315,7.104976426978228e-07,2.1759349677595223e-06
NONFIBROTIC ILD ADJUDICATED,17,378182348,genomic,7,770,2,6.519334540767505e-05,0.0025974025974025974,0.0007125907061236786,0.009420568652699277,2.181248806025737e-06,0.00029750299208172666
NONFIBROTIC ILD ADJUDICATED,17,378182348,genomic,8,769,1,0.0008657727269850315,0.0013003901170351106,0.0002295876800841234,0.007328830355107483,0.00029776601405146597,0.0017990136190635699
NONFIBROTIC ILD ADJUDICATED,17,378182348,genomic,9,770,4,0.030953614462305656,0.005194805194805195,0.0020219574690050306,0.013280219334419372,0.00180268012636857,0.8255341506305408
NONFIBROTIC ILD ADJUDICATED,17,378182348,combined,0,770,2,0.0,0.0025974025974025974,0.0007125907061236786,0.009420568652699277,0.0,0.0
NONFIBROTIC ILD ADJUDICATED,17,378182348,combined,1,769,3,0.0,0.0039011703511053317,0.001327618000260774,0.011406505807889416,0.0,0.0
NONFIBROTIC ILD ADJUDICATED,17,378182348,combined,2,770,0,0.0,0.0,0.0,0.004964141914221508,0.0,0.0
NONFIBROTIC ILD ADJUDICATED,17,378182348,combined,3,769,1,0.15864759427828348,0.0013003901170351106,0.0002295876800841234,0.007328830355107483,0.0,1.0
NONFIBROTIC ILD ADJUDICATED,17,378182348,combined,4,770,3,1.0,0.003896103896103896,0.0013258926936253902,0.011391775387498288,1.0,1.0
NONFIBROTIC ILD ADJUDICATED,17,378182348,combined,5,769,2,1.0,0.002600780234070221,0.0007135177289523901,0.009432753192718508,1.0,1.0
NONFIBROTIC ILD ADJUDICATED,17,378182348,combined,6,769,1,1.0,0.0013003901170351106,0.0002295876800841234,0.007328830355107483,1.0,1.0
NONFIBROTIC ILD ADJUDICATED,17,378182348,combined,7,770,3,1.0,0.003896103896103896,0.0013258926936253902,0.011391775387498288,1.0,1.0
NONFIBROTIC ILD ADJUDICATED,17,378182348,combined,8,769,0,1.0,0.0,0.0,0.004970565148712315,1.0,1.0
NONFIBROTIC ILD ADJUDICATED,17,378182348,combined,9,770,1,1.0,0.0012987012987012987,0.00022928946639889794,0.007319361170123334,1.0,1.0
NONFIBROTIC ILD ADJUDICATED,18,1035405688,zebra,0,770,0,0.23194802436605844,0.0,0.0,0.004964141914221508,0.11052533634471677,0.26061351545512534
NONFIBROTIC ILD ADJUDICATED,18,1035405688,zebra,1,769,0,0.2859715056997006,0.0,0.0,0.004970565148712315,0.2606166535515202,0.3111904898296658
NONFIBROTIC ILD ADJUDICATED,18,1035405688,zebra,2,770,0,0.34082423869757084,0.0,0.0,0.004964141914221508,0.3111980368732263,0.37386805041072013
NONFIBROTIC ILD ADJUDICATED,18,1035405688,zebra,3,769,0,0.40982609146935645,0.0,0.0,0.004970565148712315,0.3738976467320849,0.4469084238668026
NONFIBROTIC ILD ADJUDICATED,18,1035405688,zebra,4,770,1,0.49014024324030775,0.0012987012987012987,0.00022928946639889794,0.007319361170123334,0.4469570249946754,0.5375723485787793
NONFIBROTIC ILD ADJUDICATED,18,1035405688,zebra,5,769,0,0.5999575875241135,0.0,0.0,0.004970565148712315,0.537808941957548,0.6609927287901974
NONFIBROTIC ILD ADJUDICATED,18,1035405688,zebra,6,769,1,0.7298650765727166,0.0013003901170351106,0.0002295876800841234,0.007328830355107483,0.6610940218280053,0.7915953991790097
NONFIBROTIC ILD ADJUDICATED,18,1035405688,zebra,7,770,2,0.8469391134459638,0.0025974025974025974,0.0007125907061236786,0.009420568652699277,0.7919419135256038,0.9011530019691986
NONFIBROTIC ILD ADJUDICATED,18,1035405688,zebra,8,769,1,0.9507228013058227,0.0013003901170351106,0.0002295876800841234,0.007328830355107483,0.901189661903329,0.9848326645699333
NONFIBROTIC ILD ADJUDICATED,18,1035405688,zebra,9,770,11,0.9963985067545649,0.014285714285714285,0.007995323688185082,0.025398414171344384,0.9848700379705291,1.0
NONFIBROTIC ILD ADJUDICATED,18,1035405688,genomic,0,770,1,0.0,0.0012987012987012987,0.00022928946639889794,0.007319361170123334,0.0,0.0
NONFIBROTIC ILD ADJUDICATED,18,1035405688,genomic,1,769,1,0.0,0.0013003901170351106,0.0002295876800841234,0.007328830355107483,0.0,0.0
NONFIBROTIC ILD ADJUDICATED,18,1035405688,genomic,2,770,1,0.0,0.0012987012987012987,0.00022928946639889794,0.007319361170123334,0.0,0.0
NONFIBROTIC ILD ADJUDICATED,18,1035405688,genomic,3,769,2,0.0,0.002600780234070221,0.0007135177289523901,0.009432753192718508,0.0,0.0
NONFIBROTIC ILD ADJUDICATED,18,1035405688,genomic,4,770,4,0.0,0.005194805194805195,0.0020219574690050306,0.013280219334419372,0.0,0.0
NONFIBROTIC ILD ADJUDICATED,18,1035405688,genomic,5,769,2,0.0,0.002600780234070221,0.0007135177289523901,0.009432753192718508,0.0,0.0
NONFIBROTIC ILD ADJUDICATED,18,1035405688,genomic,6,769,1,0.0,0.0013003901170351106,0.0002295876800841234,0.007328830355107483,0.0,0.0
NONFIBROTIC ILD ADJUDICATED,18,1035405688,genomic,7,770,2,0.0,0.0025974025974025974,0.0007125907061236786,0.009420568652699277,0.0,0.0
NONFIBROTIC ILD ADJUDICATED,18,1035405688,genomic,8,769,2,2.697592216886791e-221,0.002600780234070221,0.0007135177289523901,0.009432753192718508,0.0,9.225362952491925e-219
NONFIBROTIC ILD ADJUDICATED,18,1035405688,genomic,9,770,0,0.3508518051265783,0.0,0.0,0.004964141914221508,1.0039086140831908e-218,1.0
NONFIBROTIC ILD ADJUDICATED,18,1035405688,combined,0,770,1,0.0,0.0012987012987012987,0.00022928946639889794,0.007319361170123334,0.0,0.0
NONFIBROTIC ILD ADJUDICATED,18,1035405688,combined,1,769,1,0.0,0.0013003901170351106,0.0002295876800841234,0.007328830355107483,0.0,0.0
NONFIBROTIC ILD ADJUDICATED,18,1035405688,combined,2,770,2,0.0,0.0025974025974025974,0.0007125907061236786,0.009420568652699277,0.0,0.0
NONFIBROTIC ILD ADJUDICATED,18,1035405688,combined,3,769,2,0.0,0.002600780234070221,0.0007135177289523901,0.009432753192718508,0.0,0.0
NONFIBROTIC ILD ADJUDICATED,18,1035405688,combined,4,770,3,0.0,0.003896103896103896,0.0013258926936253902,0.011391775387498288,0.0,0.0
NONFIBROTIC ILD ADJUDICATED,18,1035405688,combined,5,769,1,0.0,0.0013003901170351106,0.0002295876800841234,0.007328830355107483,0.0,0.0
NONFIBROTIC ILD ADJUDICATED,18,1035405688,combined,6,769,2,0.0,0.002600780234070221,0.0007135177289523901,0.009432753192718508,0.0,0.0
NONFIBROTIC ILD ADJUDICATED,18,1035405688,combined,7,770,1,0.0,0.0012987012987012987,0.00022928946639889794,0.007319361170123334,0.0,0.0
NONFIBROTIC ILD ADJUDICATED,18,1035405688,combined,8,769,2,9.272671286172472e-230,0.002600780234070221,0.0007135177289523901,0.009432753192718508,0.0,4.3707123058680975e-227
NONFIBROTIC ILD ADJUDICATED,18,1035405688,combined,9,770,1,0.5799090068744133,0.0012987012987012987,0.00022928946639889794,0.007319361170123334,1.0109306401195224e-225,1.0
NONFIBROTIC ILD ADJUDICATED,19,486370849,zebra,0,770,0,0.2312885803001469,0.0,0.0,0.004964141914221508,0.11052533634471677,0.26061351545512534
NONFIBROTIC ILD ADJUDICATED,19,486370849,zebra,1,769,0,0.28647848034905204,0.0,0.0,0.004970565148712315,0.2606166535515202,0.31247807889891516
NONFIBROTIC ILD ADJUDICATED,19,486370849,zebra,2,770,0,0.3438045486556339,0.0,0.0,0.004964141914221508,0.31251658157875567,0.37784322513235363
NONFIBROTIC ILD ADJUDICATED,19,486370849,zebra,3,769,0,0.4133268329456444,0.0,0.0,0.004970565148712315,0.3779014390660416,0.4521619569280848
NONFIBROTIC ILD ADJUDICATED,19,486370849,zebra,4,770,0,0.4968049704622718,0.0,0.0,0.004964141914221508,0.45223041647004936,0.5480220019228442
NONFIBROTIC ILD ADJUDICATED,19,486370849,zebra,5,769,3,0.6080016816639076,0.0039011703511053317,0.001327618000260774,0.011406505807889416,0.5481119085210974,0.6677034443254622
NONFIBROTIC ILD ADJUDICATED,19,486370849,zebra,6,769,1,0.7350222225117435,0.0013003901170351106,0.0002295876800841234,0.007328830355107483,0.6680569674360941,0.7940705398672191
NONFIBROTIC ILD ADJUDICATED,19,486370849,zebra,7,770,2,0.8462639752307286,0.0025974025974025974,0.0007125907061236786,0.009420568652699277,0.7941226953828616,0.8974983546300257
NONFIBROTIC ILD ADJUDICATED,19,486370849,zebra,8,769,0,0.9485283043702427,0.0,0.0,0.004970565148712315,0.8975036356422282,0.9846988562571408
NONFIBROTIC ILD ADJUDICATED,19,486370849,zebra,9,770,10,0.9960336710464455,0.012987012987012988,0.007069333631553706,0.02373989550567504,0.9848923307586299,1.0
NONFIBROTIC ILD ADJUDICATED,19,486370849,genomic,0,770,1,0.0019647322447597453,0.0012987012987012987,0.00022928946639889794,0.007319361170123334,0.001083172742339962,0.0023409866794945676
NONFIBROTIC ILD ADJUDICATED,19,486370849,genomic,1,769,0,0.002616396534910463,0.0,0.0,0.004970565148712315,0.0023412355252179205,0.002898363490200647
NONFIBROTIC ILD ADJUDICATED,19,486370849,genomic,2,770,2,0.003216589594544983,0.0025974025974025974,0.0007125907061236786,0.009420568652699277,0.002899691620786479,0.0035193019460051478
NONFIBROTIC ILD ADJUDICATED,19,486370849,genomic,3,769,2,0.003845045809553615,0.002600780234070221,0.0007135177289523901,0.009432753192718508,0.003519811152386159,0.004223506945272564
NONFIBROTIC ILD ADJUDICATED,19,486370849,genomic,4,770,2,0.004677574051334326,0.0025974025974025974,0.0007125907061236786,0.009420568652699277,0.004224831769623837,0.005232805958643385
NONFIBROTIC ILD ADJUDICATED,19,486370849,genomic,5,769,2,0.006026922498111255,0.002600780234070221,0.0007135177289523901,0.009432753192718508,0.005235222373359792,0.007099395336372009
NONFIBROTIC ILD ADJUDICATED,19,486370849,genomic,6,769,3,0.011936589078505427,0.0039011703511053317,0.001327618000260774,0.011406505807889416,0.007102994387152818,0.022802308980607644
NONFIBROTIC ILD ADJUDICATED,19,486370849,genomic,7,770,0,0.03719828631533291,0.0,0.0,0.004964141914221508,0.022874142272201067,0.06014101451273105
NONFIBROTIC ILD ADJUDICATED,19,486370849,genomic,8,769,3,0.10963003253424976,0.0039011703511053317,0.001327618000260774,0.011406505807889416,0.06025187391955124,0.1522925100110814
NONFIBROTIC ILD ADJUDICATED,19,486370849,genomic,9,770,1,0.22828683570781996,0.0012987012987012987,0.00022928946639889794,0.007319361170123334,0.15258735922640826,0.5783278823182676
NONFIBROTIC ILD ADJUDICATED,19,486370849,combined,0,770,0,9.250806984315026e-32,0.0,0.0,0.004964141914221508,3.6450417650596565e-42,8.756400902386132e-31
NONFIBROTIC ILD ADJUDICATED,19,486370849,combined,1,769,0,9.319681625670684e-29,0.0,0.0,0.004970565148712315,8.773697601201643e-31,5.311999627360226e-28
NONFIBROTIC ILD ADJUDICATED,19,486370849,combined,2,770,1,1.84555637087798e-26,0.0012987012987012987,0.00022928946639889794,0.007319361170123334,5.336027048612216e-28,8.586052960604324e-26
NONFIBROTIC ILD ADJUDICATED,19,486370849,combined,3,769,2,1.1958860764698642e-24,0.002600780234070221,0.0007135177289523901,0.009432753192718508,8.594689865637525e-26,5.220476758924649e-24
NONFIBROTIC ILD ADJUDICATED,19,486370849,combined,4,770,2,8.420707827287283e-23,0.0025974025974025974,0.0007125907061236786,0.009420568652699277,5.238190757267546e-24,3.6415315710532604e-22
NONFIBROTIC ILD ADJUDICATED,19,486370849,combined,5,769,1,5.4679308340628075e-21,0.0013003901170351106,0.0002295876800841234,0.007328830355107483,3.6436525511304984e-22,2.3254067992209515e-20
NONFIBROTIC ILD ADJUDICATED,19,486370849,combined,6,769,2,5.347558207535346e-19,0.002600780234070221,0.0007135177289523901,0.009432753192718508,2.3295128985481627e-20,2.8116379317327496e-18
NONFIBROTIC ILD ADJUDICATED,19,486370849,combined,7,770,0,1.1547105165380098e-16,0.0,0.0,0.004964141914221508,2.8286303448515078e-18,7.58585231574216e-16
NONFIBROTIC ILD ADJUDICATED,19,486370849,combined,8,769,3,4.933958720098025e-13,0.0039011703511053317,0.001327618000260774,0.011406505807889416,7.638643881745415e-16,5.318521193689325e-12
NONFIBROTIC ILD ADJUDICATED,19,486370849,combined,9,770,5,0.06604956901841809,0.006493506493506494,0.0027767335367897463,0.01510995198893538,5.486168583843016e-12,0.9999999999999731
NONFIBROTIC ILD ADJUDICATED,20,699643021,zebra,0,770,0,0.23233780345670643,0.0,0.0,0.004964141914221508,0.11052533634471677,0.2608829204776901
NONFIBROTIC ILD ADJUDICATED,20,699643021,zebra,1,769,0,0.2857936545730541,0.0,0.0,0.004970565148712315,0.2608962737897288,0.3117823339439391
NONFIBROTIC ILD ADJUDICATED,20,699643021,zebra,2,770,0,0.34092019890533604,0.0,0.0,0.004964141914221508,0.31191926924351776,0.3724696988576875
NONFIBROTIC ILD ADJUDICATED,20,699643021,zebra,3,769,0,0.40913366299702586,0.0,0.0,0.004970565148712315,0.37249303861781413,0.44631748077308125
NONFIBROTIC ILD ADJUDICATED,20,699643021,zebra,4,770,1,0.4905042011539598,0.0012987012987012987,0.00022928946639889794,0.007319361170123334,0.44638399663992084,0.5410120605983246
NONFIBROTIC ILD ADJUDICATED,20,699643021,zebra,5,769,3,0.5996895574113286,0.0039011703511053317,0.001327618000260774,0.011406505807889416,0.5410477315007842,0.6603106288858349
NONFIBROTIC ILD ADJUDICATED,20,699643021,zebra,6,769,2,0.7289858444595085,0.002600780234070221,0.0007135177289523901,0.009432753192718508,0.6607442672405176,0.7896104572464939
NONFIBROTIC ILD ADJUDICATED,20,699643021,zebra,7,770,3,0.8439539857697582,0.003896103896103896,0.0013258926936253902,0.011391775387498288,0.7896947460373092,0.898678320073587
NONFIBROTIC ILD ADJUDICATED,20,699643021,zebra,8,769,0,0.9502358190887507,0.0,0.0,0.004970565148712315,0.898712194658097,0.9861733406921771
NONFIBROTIC ILD ADJUDICATED,20,699643021,zebra,9,770,7,0.996730979359005,0.00909090909090909,0.004410478976495486,0.01864522399383109,0.9862388417344107,1.0
NONFIBROTIC ILD ADJUDICATED,20,699643021,genomic,0,770,0,1.440731393223082e-08,0.0,0.0,0.004964141914221508,2.4674557899200216e-10,2.3348992155104955e-08
NONFIBROTIC ILD ADJUDICATED,20,699643021,genomic,1,769,0,3.154579082635401e-08,0.0,0.0,0.004970565148712315,2.3350648323442074e-08,4.031478479302458e-08
NONFIBROTIC ILD ADJUDICATED,20,699643021,genomic,2,770,1,5.163689306602843e-08,0.0012987012987012987,0.00022928946639889794,0.007319361170123334,4.033036703468047e-08,6.37825043700506e-08
NONFIBROTIC ILD ADJUDICATED,20,699643021,genomic,3,769,3,7.804812076178067e-08,0.0039011703511053317,0.001327618000260774,0.011406505807889416,6.379767148012363e-08,9.388152509573557e-08
NONFIBROTIC ILD ADJUDICATED,20,699643021,genomic,4,770,2,1.1510839666794668e-07,0.0025974025974025974,0.0007125907061236786,0.009420568652699277,9.393359283495395e-08,1.3993549932181722e-07
NONFIBROTIC ILD ADJUDICATED,20,699643021,genomic,5,769,1,1.7413025426987315e-07,0.0013003901170351106,0.0002295876800841234,0.007328830355107483,1.3995748233800047e-07,2.1690360709564037e-07
NONFIBROTIC ILD ADJUDICATED,20,699643021,genomic,6,769,1,2.862396714980951e-07,0.0013003901170351106,0.0002295876800841234,0.007328830355107483,2.170172331620004e-07,3.820375228401933e-07
NONFIBROTIC ILD ADJUDICATED,20,699643021,genomic,7,770,5,6.001424411442361e-07,0.006493506493506494,0.0027767335367897463,0.01510995198893538,3.823362245813192e-07,9.733223136062592e-07
NONFIBROTIC ILD ADJUDICATED,20,699643021,genomic,8,769,2,4.672446585342531e-05,0.002600780234070221,0.0007135177289523901,0.009432753192718508,9.748384328159803e-07,0.0003814742124470382
NONFIBROTIC ILD ADJUDICATED,20,699643021,genomic,9,770,1,0.015275502766870924,0.0012987012987012987,0.00022928946639889794,0.007319361170123334,0.0003815963660059036,0.9985873744996111
NONFIBROTIC ILD ADJUDICATED,20,699643021,combined,0,770,0,0.001751518770813252,0.0,0.0,0.004964141914221508,0.0009290181587338845,0.002210098433775276
NONFIBROTIC ILD ADJUDICATED,20,699643021,combined,1,769,0,0.0026559228193652803,0.0,0.0,0.004970565148712315,0.0022103618026471754,0.003090647305591619
NONFIBROTIC ILD ADJUDICATED,20,699643021,combined,2,770,0,0.0035898314560183745,0.0,0.0,0.004964141914221508,0.003090723911989017,0.004115523446973577
NONFIBROTIC ILD ADJUDICATED,20,699643021,combined,3,769,2,0.0048035423835765196,0.002600780234070221,0.0007135177289523901,0.009432753192718508,0.004116402067271845,0.005604356667891173
NONFIBROTIC ILD ADJUDICATED,20,699643021,combined,4,770,0,0.006749844735815163,0.0,0.0,0.004964141914221508,0.0056056665718187335,0.008120777477058522
NONFIBROTIC ILD ADJUDICATED,20,699643021,combined,5,769,1,0.010383023633322988,0.0013003901170351106,0.0002295876800841234,0.007328830355107483,0.008123132552151014,0.013865437077895731
NONFIBROTIC ILD ADJUDICATED,20,699643021,combined,6,769,2,0.022986956372348537,0.002600780234070221,0.0007135177289523901,0.009432753192718508,0.013878397167996277,0.0342987893177607
NONFIBROTIC ILD ADJUDICATED,20,699643021,combined,7,770,6,0.048651135918962946,0.007792207792207792,0.0035759904186376326,0.016895203829388215,0.03429892414817841,0.06521911390347986
NONFIBROTIC ILD ADJUDICATED,20,699643021,combined,8,769,0,0.08847647207571614,0.0,0.0,0.004970565148712315,0.06525950938706562,0.11855026644805321
NONFIBROTIC ILD ADJUDICATED,20,699643021,combined,9,770,5,0.1975461922884356,0.006493506493506494,0.0027767335367897463,0.01510995198893538,0.11860167942395905,0.5312515085272511
NONFIBROTIC ILD ADJUDICATED,21,1549235224,zebra,0,770,0,0.23240515102253992,0.0,0.0,0.004964141914221508,0.11052533634471677,0.26061351545512534
NONFIBROTIC ILD ADJUDICATED,21,1549235224,zebra,1,769,0,0.2860944507337296,0.0,0.0,0.004970565148712315,0.2606494295469696,0.3117823339439391
NONFIBROTIC ILD ADJUDICATED,21,1549235224,zebra,2,770,0,0.3435961261536577,0.0,0.0,0.004964141914221508,0.3118102720735881,0.37689187032190613
NONFIBROTIC ILD ADJUDICATED,21,1549235224,zebra,3,769,0,0.4142359968184687,0.0,0.0,0.004970565148712315,0.37691177527654185,0.4525791655164253
NONFIBROTIC ILD ADJUDICATED,21,1549235224,zebra,4,770,1,0.4990185258046285,0.0012987012987012987,0.00022928946639889794,0.007319361170123334,0.4525968468978904,0.5489087371452143
NONFIBROTIC ILD ADJUDICATED,21,1549235224,zebra,5,769,1,0.6115502543237307,0.0013003901170351106,0.0002295876800841234,0.007328830355107483,0.5492292234640328,0.6742853693401306
NONFIBROTIC ILD ADJUDICATED,21,1549235224,zebra,6,769,2,0.7409663374411344,0.002600780234070221,0.0007135177289523901,0.009432753192718508,0.6743463631769989,0.79909521828927
NONFIBROTIC ILD ADJUDICATED,21,1549235224,zebra,7,770,2,0.8517255659023079,0.0025974025974025974,0.0007125907061236786,0.009420568652699277,0.7992167503173645,0.9016458729350841
NONFIBROTIC ILD ADJUDICATED,21,1549235224,zebra,8,769,2,0.9514104690085908,0.002600780234070221,0.0007135177289523901,0.009432753192718508,0.9016638263944464,0.9860089016090301
NONFIBROTIC ILD ADJUDICATED,21,1549235224,zebra,9,770,8,0.9967361565125797,0.01038961038961039,0.005273784940225151,0.020366426752402144,0.9860122135494251,1.0
NONFIBROTIC ILD ADJUDICATED,21,1549235224,genomic,0,770,0,7.071512821677304e-10,0.0,0.0,0.004964141914221508,2.919088288720351e-11,1.4096936033138121e-09
NONFIBROTIC ILD ADJUDICATED,21,1549235224,genomic,1,769,1,2.3006311611728813e-09,0.0013003901170351106,0.0002295876800841234,0.007328830355107483,1.4100048385881964e-09,3.3892411630881034e-09
NONFIBROTIC ILD ADJUDICATED,21,1549235224,genomic,2,770,1,4.963907747664801e-09,0.0012987012987012987,0.00022928946639889794,0.007319361170123334,3.3923008400617883e-09,6.992864049984375e-09
NONFIBROTIC ILD ADJUDICATED,21,1549235224,genomic,3,769,1,1.0168604095521056e-08,0.0013003901170351106,0.0002295876800841234,0.007328830355107483,7.01282672479257e-09,1.4256133101060303e-08
NONFIBROTIC ILD ADJUDICATED,21,1549235224,genomic,4,770,3,2.0950227697779123e-08,0.003896103896103896,0.0013258926936253902,0.011391775387498288,1.4258144450544953e-08,3.00431084521189e-08
NONFIBROTIC ILD ADJUDICATED,21,1549235224,genomic,5,769,3,5.0913693213001575e-08,0.0039011703511053317,0.001327618000260774,0.011406505807889416,3.00625213843613e-08,8.515428122825939e-08
NONFIBROTIC ILD ADJUDICATED,21,1549235224,genomic,6,769,1,3.2085420110497953e-07,0.0013003901170351106,0.0002295876800841234,0.007328830355107483,8.519746683716676e-08,1.7201512485687543e-06
NONFIBROTIC ILD ADJUDICATED,21,1549235224,genomic,7,770,2,7.30646641127138e-05,0.0025974025974025974,0.0007125907061236786,0.009420568652699277,1.7705689035696587e-06,0.0001658661433093673
NONFIBROTIC ILD ADJUDICATED,21,1549235224,genomic,8,769,1,0.0004378732459229149,0.0013003901170351106,0.0002295876800841234,0.007328830355107483,0.00016621093709995714,0.0009364917774360459
NONFIBROTIC ILD ADJUDICATED,21,1549235224,genomic,9,770,3,0.013016688303910243,0.003896103896103896,0.0013258926936253902,0.011391775387498288,0.0009378210530191125,0.590948935304018
NONFIBROTIC ILD ADJUDICATED,21,1549235224,combined,0,770,0,0.0005581382904858993,0.0,0.0,0.004964141914221508,0.00033596312472881934,0.0006690221075554028
NONFIBROTIC ILD ADJUDICATED,21,1549235224,combined,1,769,1,0.0007508402797437793,0.0013003901170351106,0.0002295876800841234,0.007328830355107483,0.00066927080603574,0.0008365162356800624
NONFIBROTIC ILD ADJUDICATED,21,1549235224,combined,2,770,0,0.0009326572606168573,0.0,0.0,0.004964141914221508,0.0008372161454069795,0.001032533407712902
NONFIBROTIC ILD ADJUDICATED,21,1549235224,combined,3,769,1,0.001137710120113401,0.0013003901170351106,0.0002295876800841234,0.007328830355107483,0.0010327002699346756,0.0012508090518825433
NONFIBROTIC ILD ADJUDICATED,21,1549235224,combined,4,770,2,0.001384350383743456,0.0025974025974025974,0.0007125907061236786,0.009420568652699277,0.001251387065827989,0.0015332858059988225
NONFIBROTIC ILD ADJUDICATED,21,1549235224,combined,5,769,2,0.0017145116218330399,0.002600780234070221,0.0007135177289523901,0.009432753192718508,0.0015336384094857686,0.0019121161644514231
NONFIBROTIC ILD ADJUDICATED,21,1549235224,combined,6,769,1,0.0021964632315865963,0.0013003901170351106,0.0002295876800841234,0.007328830355107483,0.0019122402186743488,0.0025600586838057816
NONFIBROTIC ILD ADJUDICATED,21,1549235224,combined,7,770,1,0.0031160106345410406,0.0012987012987012987,0.00022928946639889794,0.007319361170123334,0.0025603078268907503,0.0037966852464262936
NONFIBROTIC ILD ADJUDICATED,21,1549235224,combined,8,769,4,0.005589581686580814,0.005201560468140442,0.0020245891497467933,0.013297387544882687,0.003799035071565562,0.010071881217495715
NONFIBROTIC ILD ADJUDICATED,21,1549235224,combined,9,770,4,0.07625876027643128,0.005194805194805195,0.0020219574690050306,0.013280219334419372,0.010085962317668437,0.6080086935118999
NONFIBROTIC ILD ADJUDICATED,22,905062952,zebra,0,770,0,0.23234999425467917,0.0,0.0,0.004964141914221508,0.11893743948205666,0.2612877049881964
NONFIBROTIC ILD ADJUDICATED,22,905062952,zebra,1,769,0,0.2873363916351171,0.0,0.0,0.004970565148712315,0.26147615659140916,0.3139770788879244
NONFIBROTIC ILD ADJUDICATED,22,905062952,zebra,2,770,0,0.3444017317088202,0.0,0.0,0.004964141914221508,0.31404436152586895,0.37691177527654185
NONFIBROTIC ILD ADJUDICATED,22,905062952,zebra,3,769,0,0.4113757285330541,0.0,0.0,0.004970565148712315,0.3771495928919676,0.4486562263513438
NONFIBROTIC ILD ADJUDICATED,22,905062952,zebra,4,770,1,0.4915019258777301,0.0012987012987012987,0.00022928946639889794,0.007319361170123334,0.44868642390728164,0.5393244756824077
NONFIBROTIC ILD ADJUDICATED,22,905062952,zebra,5,769,1,0.59866049748768,0.0013003901170351106,0.0002295876800841234,0.007328830355107483,0.539826777222261,0.6597030164117654
NONFIBROTIC ILD ADJUDICATED,22,905062952,zebra,6,769,3,0.7273986500426244,0.0039011703511053317,0.001327618000260774,0.011406505807889416,0.6603106288858349,0.7881281794221368
NONFIBROTIC ILD ADJUDICATED,22,905062952,zebra,7,770,1,0.8452673134224089,0.0012987012987012987,0.00022928946639889794,0.007319361170123334,0.7883002137996314,0.9024844111686192
NONFIBROTIC ILD ADJUDICATED,22,905062952,zebra,8,769,0,0.9511974939289027,0.0,0.0,0.004970565148712315,0.9025689321917897,0.9860387702851211
NONFIBROTIC ILD ADJUDICATED,22,905062952,zebra,9,770,10,0.996767860705507,0.012987012987012988,0.007069333631553706,0.02373989550567504,0.9860843461239837,1.0
NONFIBROTIC ILD ADJUDICATED,22,905062952,genomic,0,770,1,6.91163408738342e-09,0.0012987012987012987,0.00022928946639889794,0.007319361170123334,6.938624810177386e-11,1.6265733412093522e-08
NONFIBROTIC ILD ADJUDICATED,22,905062952,genomic,1,769,1,3.341892979530574e-08,0.0013003901170351106,0.0002295876800841234,0.007328830355107483,1.62880693791665e-08,5.489340098060714e-08
NONFIBROTIC ILD ADJUDICATED,22,905062952,genomic,2,770,0,8.998292542177697e-08,0.0,0.0,0.004964141914221508,5.4934607042565165e-08,1.379683088741762e-07
NONFIBROTIC ILD ADJUDICATED,22,905062952,genomic,3,769,2,2.1714982139862918e-07,0.002600780234070221,0.0007135177289523901,0.009432753192718508,1.3805247794977302e-07,3.1859030515136933e-07
NONFIBROTIC ILD ADJUDICATED,22,905062952,genomic,4,770,0,5.096463957246513e-07,0.0,0.0,0.004964141914221508,3.1891902698481796e-07,7.92177100017012e-07
NONFIBROTIC ILD ADJUDICATED,22,905062952,genomic,5,769,4,1.3754508591641376e-06,0.005201560468140442,0.0020245891497467933,0.013297387544882687,7.922631231676192e-07,2.2540899906937903e-06
NONFIBROTIC ILD ADJUDICATED,22,905062952,genomic,6,769,1,4.693215707815515e-06,0.0013003901170351106,0.0002295876800841234,0.007328830355107483,2.2575794834037234e-06,8.887090831498603e-06
NONFIBROTIC ILD ADJUDICATED,22,905062952,genomic,7,770,2,4.117329150777017e-05,0.0025974025974025974,0.0007125907061236786,0.009420568652699277,8.910248824537429e-06,0.0001263717166051675
NONFIBROTIC ILD ADJUDICATED,22,905062952,genomic,8,769,3,0.000614507037073497,0.0039011703511053317,0.001327618000260774,0.011406505807889416,0.00012730779161259127,0.0017085390865510285
NONFIBROTIC ILD ADJUDICATED,22,905062952,genomic,9,770,2,0.04511028646038578,0.0025974025974025974,0.0007125907061236786,0.009420568652699277,0.001718460933316355,0.8394264163293923
NONFIBROTIC ILD ADJUDICATED,22,905062952,combined,0,770,0,3.925227567440646e-08,0.0,0.0,0.004964141914221508,1.0657208547618182e-09,9.516001524544696e-08
NONFIBROTIC ILD ADJUDICATED,22,905062952,combined,1,769,0,1.4905901221712917e-07,0.0,0.0,0.004970565148712315,9.517528511599307e-08,2.0752325954923547e-07
NONFIBROTIC ILD ADJUDICATED,22,905062952,combined,2,770,1,2.826407461253861e-07,0.0012987012987012987,0.00022928946639889794,0.007319361170123334,2.078433557027193e-07,3.646428844415291e-07
NONFIBROTIC ILD ADJUDICATED,22,905062952,combined,3,769,0,4.691149403892399e-07,0.0,0.0,0.004970565148712315,3.646945199287057e-07,5.922970394178563e-07
NONFIBROTIC ILD ADJUDICATED,22,905062952,combined,4,770,3,7.609225455016146e-07,0.003896103896103896,0.0013258926936253902,0.011391775387498288,5.92601583748246e-07,9.561242168646167e-07
NONFIBROTIC ILD ADJUDICATED,22,905062952,combined,5,769,0,1.258610835366395e-06,0.0,0.0,0.004970565148712315,9.564662133413727e-07,1.6531609817791425e-06
NONFIBROTIC ILD ADJUDICATED,22,905062952,combined,6,769,1,2.3767601265792903e-06,0.0013003901170351106,0.0002295876800841234,0.007328830355107483,1.654679949958085e-06,3.5013988143098453e-06
NONFIBROTIC ILD ADJUDICATED,22,905062952,combined,7,770,3,1.1556313037064599e-05,0.003896103896103896,0.0013258926936253902,0.011391775387498288,3.505387681499363e-06,6.684909860670057e-05
NONFIBROTIC ILD ADJUDICATED,22,905062952,combined,8,769,4,0.00039904686307134184,0.005201560468140442,0.0020245891497467933,0.013297387544882687,6.82030534864174e-05,0.000963706311119656
NONFIBROTIC ILD ADJUDICATED,22,905062952,combined,9,770,4,0.019422449615322242,0.005194805194805195,0.0020219574690050306,0.013280219334419372,0.0009645967182021489,0.7139488975627833
NONFIBROTIC ILD ADJUDICATED,23,846266633,zebra,0,770,0,0.23143967627855452,0.0,0.0,0.004964141914221508,0.11052533634471677,0.2621427438396359
NONFIBROTIC ILD ADJUDICATED,23,846266633,zebra,1,769,0,0.2873349272293392,0.0,0.0,0.004970565148712315,0.2621506127270509,0.31204399379032866
NONFIBROTIC ILD ADJUDICATED,23,846266633,zebra,2,770,0,0.3423478934326777,0.0,0.0,0.004964141914221508,0.31233544018253606,0.3756760952334964
NONFIBROTIC ILD ADJUDICATED,23,846266633,zebra,3,769,0,0.4103833613740981,0.0,0.0,0.004970565148712315,0.3756791677534288,0.4465671966485919
NONFIBROTIC ILD ADJUDICATED,23,846266633,zebra,4,770,1,0.4915638618061449,0.0012987012987012987,0.00022928946639889794,0.007319361170123334,0.44672848628970596,0.5418524641444505
NONFIBROTIC ILD ADJUDICATED,23,846266633,zebra,5,769,2,0.6045189953359105,0.002600780234070221,0.0007135177289523901,0.009432753192718508,0.5418736368405029,0.6697309216460406
NONFIBROTIC ILD ADJUDICATED,23,846266633,zebra,6,769,1,0.7347074176626562,0.0013003901170351106,0.0002295876800841234,0.007328830355107483,0.6697352548132127,0.7934061048039297
NONFIBROTIC ILD ADJUDICATED,23,846266633,zebra,7,770,2,0.8515752909952136,0.0025974025974025974,0.0007125907061236786,0.009420568652699277,0.7936409735970521,0.9093832979674894
NONFIBROTIC ILD ADJUDICATED,23,846266633,zebra,8,769,1,0.9537914794149694,0.0013003901170351106,0.0002295876800841234,0.007328830355107483,0.9094331513009886,0.9860584996624647
NONFIBROTIC ILD ADJUDICATED,23,846266633,zebra,9,770,9,0.9968908514412914,0.011688311688311689,0.006161243000312308,0.022063477414615715,0.9860610484462138,1.0
NONFIBROTIC ILD ADJUDICATED,23,846266633,genomic,0,770,3,0.0,0.003896103896103896,0.0013258926936253902,0.011391775387498288,0.0,0.0
NONFIBROTIC ILD ADJUDICATED,23,846266633,genomic,1,769,1,0.0,0.0013003901170351106,0.0002295876800841234,0.007328830355107483,0.0,0.0
NONFIBROTIC ILD ADJUDICATED,23,846266633,genomic,2,770,4,0.0,0.005194805194805195,0.0020219574690050306,0.013280219334419372,0.0,0.0
NONFIBROTIC ILD ADJUDICATED,23,846266633,genomic,3,769,2,0.07152145643692752,0.002600780234070221,0.0007135177289523901,0.009432753192718508,0.0,1.0
NONFIBROTIC ILD ADJUDICATED,23,846266633,genomic,4,770,1,1.0,0.0012987012987012987,0.00022928946639889794,0.007319361170123334,1.0,1.0
NONFIBROTIC ILD ADJUDICATED,23,846266633,genomic,5,769,2,1.0,0.002600780234070221,0.0007135177289523901,0.009432753192718508,1.0,1.0
NONFIBROTIC ILD ADJUDICATED,23,846266633,genomic,6,769,1,1.0,0.0013003901170351106,0.0002295876800841234,0.007328830355107483,1.0,1.0
NONFIBROTIC ILD ADJUDICATED,23,846266633,genomic,7,770,1,1.0,0.0012987012987012987,0.00022928946639889794,0.007319361170123334,1.0,1.0
NONFIBROTIC ILD ADJUDICATED,23,846266633,genomic,8,769,1,1.0,0.0013003901170351106,0.0002295876800841234,0.007328830355107483,1.0,1.0
NONFIBROTIC ILD ADJUDICATED,23,846266633,genomic,9,770,0,1.0,0.0,0.0,0.004964141914221508,1.0,1.0
NONFIBROTIC ILD ADJUDICATED,23,846266633,combined,0,770,2,2.5124418557790777e-07,0.0025974025974025974,0.0007125907061236786,0.009420568652699277,7.581651509857373e-11,7.025763144904014e-07
NONFIBROTIC ILD ADJUDICATED,23,846266633,combined,1,769,2,1.68198720983492e-06,0.002600780234070221,0.0007135177289523901,0.009432753192718508,7.045072936872405e-07,3.2322944454847854e-06
NONFIBROTIC ILD ADJUDICATED,23,846266633,combined,2,770,1,4.808396140624117e-06,0.0012987012987012987,0.00022928946639889794,0.007319361170123334,3.233830121669273e-06,6.27639732208107e-06
NONFIBROTIC ILD ADJUDICATED,23,846266633,combined,3,769,0,7.70558383876577e-06,0.0,0.0,0.004970565148712315,6.2810252883581365e-06,9.103510444659574e-06
NONFIBROTIC ILD ADJUDICATED,23,846266633,combined,4,770,1,1.058922581241799e-05,0.0012987012987012987,0.00022928946639889794,0.007319361170123334,9.106576398025181e-06,1.2138654532870743e-05
NONFIBROTIC ILD ADJUDICATED,23,846266633,combined,5,769,1,1.3893764990749643e-05,0.0013003901170351106,0.0002295876800841234,0.007328830355107483,1.215205442597602e-05,1.591808802091427e-05
NONFIBROTIC ILD ADJUDICATED,23,846266633,combined,6,769,1,1.8339087788339974e-05,0.0013003901170351106,0.0002295876800841234,0.007328830355107483,1.59209882211893e-05,2.1175339484959492e-05
NONFIBROTIC ILD ADJUDICATED,23,846266633,combined,7,770,3,2.5363501445139315e-05,0.003896103896103896,0.0013258926936253902,0.011391775387498288,2.1181619331714707e-05,3.110686352034639e-05
NONFIBROTIC ILD ADJUDICATED,23,846266633,combined,8,769,2,4.333299944873306e-05,0.002600780234070221,0.0007135177289523901,0.009432753192718508,3.1171536492214305e-05,7.247353854946209e-05
NONFIBROTIC ILD ADJUDICATED,23,846266633,combined,9,770,3,0.13870070332334064,0.003896103896103896,0.0013258926936253902,0.011391775387498288,7.284331449670564e-05,0.9999998871142092
NONFIBROTIC ILD ADJUDICATED,24,1719560321,zebra,0,770,0,0.23238364615643695,0.0,0.0,0.004964141914221508,0.11052533634471677,0.26122793947356854
NONFIBROTIC ILD ADJUDICATED,24,1719560321,zebra,1,769,0,0.28716596937052813,0.0,0.0,0.004970565148712315,0.2612387411577535,0.31359228295302966
NONFIBROTIC ILD ADJUDICATED,24,1719560321,zebra,2,770,0,0.3447236237267364,0.0,0.0,0.004964141914221508,0.31368937483522585,0.37765921012603326
NONFIBROTIC ILD ADJUDICATED,24,1719560321,zebra,3,769,0,0.4126732742869366,0.0,0.0,0.004970565148712315,0.377684433290741,0.4493099110550881
NONFIBROTIC ILD ADJUDICATED,24,1719560321,zebra,4,770,0,0.49430695909019917,0.0,0.0,0.004964141914221508,0.4493382830520594,0.5436096690465401
NONFIBROTIC ILD ADJUDICATED,24,1719560321,zebra,5,769,0,0.6045049376009655,0.0,0.0,0.004970565148712315,0.5436876473428899,0.6685165612516426
NONFIBROTIC ILD ADJUDICATED,24,1719560321,zebra,6,769,2,0.7351578896409597,0.002600780234070221,0.0007135177289523901,0.009432753192718508,0.6687315969512554,0.7936409735970521
NONFIBROTIC ILD ADJUDICATED,24,1719560321,zebra,7,770,3,0.8481404820306253,0.003896103896103896,0.0013258926936253902,0.011391775387498288,0.7940705398672191,0.9015635813244769
NONFIBROTIC ILD ADJUDICATED,24,1719560321,zebra,8,769,1,0.9524852933821603,0.0013003901170351106,0.0002295876800841234,0.007328830355107483,0.9023418185925974,0.9859988523659691
NONFIBROTIC ILD ADJUDICATED,24,1719560321,zebra,9,770,10,0.9965848604216119,0.012987012987012988,0.007069333631553706,0.02373989550567504,0.9860089016090301,1.0
NONFIBROTIC ILD ADJUDICATED,24,1719560321,genomic,0,770,3,0.0010929536915899331,0.003896103896103896,0.0013258926936253902,0.011391775387498288,0.0007093031492417197,0.001293747587675697
NONFIBROTIC ILD ADJUDICATED,24,1719560321,genomic,1,769,2,0.0014573560122088383,0.002600780234070221,0.0007135177289523901,0.009432753192718508,0.00129606821270845,0.0016049952838071433
NONFIBROTIC ILD ADJUDICATED,24,1719560321,genomic,2,770,1,0.0017735499604929184,0.0012987012987012987,0.00022928946639889794,0.007319361170123334,0.001605343283950344,0.0019325105611768575
NONFIBROTIC ILD ADJUDICATED,24,1719560321,genomic,3,769,0,0.00213041013046311,0.0,0.0,0.004970565148712315,0.0019334198403191277,0.0023408751040919734
NONFIBROTIC ILD ADJUDICATED,24,1719560321,genomic,4,770,2,0.002608614463836526,0.0025974025974025974,0.0007125907061236786,0.009420568652699277,0.002342825565207155,0.0028921408864197094
NONFIBROTIC ILD ADJUDICATED,24,1719560321,genomic,5,769,0,0.0032680891372117993,0.0,0.0,0.004970565148712315,0.0028924296271891628,0.0037270839521726024
NONFIBROTIC ILD ADJUDICATED,24,1719560321,genomic,6,769,3,0.004404378142477812,0.0039011703511053317,0.001327618000260774,0.011406505807889416,0.00373044132600412,0.00533945214404754
NONFIBROTIC ILD ADJUDICATED,24,1719560321,genomic,7,770,3,0.009962183876810596,0.003896103896103896,0.0013258926936253902,0.011391775387498288,0.0053445387151757175,0.028122986844214878
NONFIBROTIC ILD ADJUDICATED,24,1719560321,genomic,8,769,1,0.04911682182169032,0.0013003901170351106,0.0002295876800841234,0.007328830355107483,0.02815687576031486,0.07651920385138304
NONFIBROTIC ILD ADJUDICATED,24,1719560321,genomic,9,770,1,0.16252502578537298,0.0012987012987012987,0.00022928946639889794,0.007319361170123334,0.07654062034332569,0.5784330977202043
NONFIBROTIC ILD ADJUDICATED,24,1719560321,combined,0,770,1,0.0008303173255892612,0.0012987012987012987,0.00022928946639889794,0.007319361170123334,0.000350287795869976,0.001117003404454565
NONFIBROTIC ILD ADJUDICATED,24,1719560321,combined,1,769,1,0.0014007182405207548,0.0013003901170351106,0.0002295876800841234,0.007328830355107483,0.0011170205839984542,0.0017137316066276594
NONFIBROTIC ILD ADJUDICATED,24,1719560321,combined,2,770,1,0.002126723898241943,0.0012987012987012987,0.00022928946639889794,0.007319361170123334,0.001714867578335288,0.0026045243308389678
NONFIBROTIC ILD ADJUDICATED,24,1719560321,combined,3,769,0,0.0031999159954275423,0.0,0.0,0.004970565148712315,0.002604916842098391,0.003884435727706135
NONFIBROTIC ILD ADJUDICATED,24,1719560321,combined,4,770,0,0.004867215285030128,0.0,0.0,0.004964141914221508,0.0038888397366827324,0.006041773586916794
NONFIBROTIC ILD ADJUDICATED,24,1719560321,combined,5,769,1,0.007840459590672822,0.0013003901170351106,0.0002295876800841234,0.007328830355107483,0.006046885835134835,0.010038431892292437
NONFIBROTIC ILD ADJUDICATED,24,1719560321,combined,6,769,0,0.013139142538137139,0.0,0.0,0.004970565148712315,0.010050332938338275,0.017047032579335892
NONFIBROTIC ILD ADJUDICATED,24,1719560321,combined,7,770,5,0.023395899093228666,0.006493506493506494,0.0027767335367897463,0.01510995198893538,0.017059495058856938,0.03224575281900743
NONFIBROTIC ILD ADJUDICATED,24,1719560321,combined,8,769,2,0.048046715466084286,0.002600780234070221,0.0007135177289523901,0.009432753192718508,0.03230779514301027,0.07109857955414083
NONFIBROTIC ILD ADJUDICATED,24,1719560321,combined,9,770,5,0.1722377724806741,0.006493506493506494,0.0027767335367897463,0.01510995198893538,0.07123989997707272,0.7005613331881917
NONFIBROTIC ILD ADJUDICATED,25,754378964,zebra,0,770,0,0.23186775975525004,0.0,0.0,0.004964141914221508,0.11052533634471677,0.26012988831572514
NONFIBROTIC ILD ADJUDICATED,25,754378964,zebra,1,769,0,0.2852435392254956,0.0,0.0,0.004970565148712315,0.2601716094949649,0.3104923777522535
NONFIBROTIC ILD ADJUDICATED,25,754378964,zebra,2,770,0,0.340469098622015,0.0,0.0,0.004964141914221508,0.3105244169359983,0.3747569958824861
NONFIBROTIC ILD ADJUDICATED,25,754378964,zebra,3,769,0,0.4100952487324151,0.0,0.0,0.004970565148712315,0.37476455866468866,0.44772454697228964
NONFIBROTIC ILD ADJUDICATED,25,754378964,zebra,4,770,1,0.49255264082053973,0.0012987012987012987,0.00022928946639889794,0.007319361170123334,0.44776950291295897,0.5422765918315045
NONFIBROTIC ILD ADJUDICATED,25,754378964,zebra,5,769,0,0.6018569505679472,0.0,0.0,0.004970565148712315,0.5423729888524657,0.6645632245328221
NONFIBROTIC ILD ADJUDICATED,25,754378964,zebra,6,769,1,0.7320776157496277,0.0013003901170351106,0.0002295876800841234,0.007328830355107483,0.6647868754304452,0.7944412698398713
NONFIBROTIC ILD ADJUDICATED,25,754378964,zebra,7,770,3,0.8481419476264944,0.003896103896103896,0.0013258926936253902,0.011391775387498288,0.7948839486070685,0.9005151325308381
NONFIBROTIC ILD ADJUDICATED,25,754378964,zebra,8,769,2,0.9505619967522139,0.002600780234070221,0.0007135177289523901,0.009432753192718508,0.900531782719916,0.9859879776718901
NONFIBROTIC ILD ADJUDICATED,25,754378964,zebra,9,770,9,0.9965888926034898,0.011688311688311689,0.006161243000312308,0.022063477414615715,0.9860122135494251,1.0
NONFIBROTIC ILD ADJUDICATED,25,754378964,genomic,0,770,2,0.001655382611462938,0.0025974025974025974,0.0007125907061236786,0.009420568652699277,0.0009352331042441447,0.001968553532232749
NONFIBROTIC ILD ADJUDICATED,25,754378964,genomic,1,769,1,0.002203319635104331,0.0013003901170351106,0.0002295876800841234,0.007328830355107483,0.001969482419372859,0.0024244868812740234
NONFIBROTIC ILD ADJUDICATED,25,754378964,genomic,2,770,2,0.002659391109932561,0.0025974025974025974,0.0007125907061236786,0.009420568652699277,0.002424756224001466,0.0028935061054077443
NONFIBROTIC ILD ADJUDICATED,25,754378964,genomic,3,769,3,0.003182827497232899,0.0039011703511053317,0.001327618000260774,0.011406505807889416,0.0028952608941356863,0.0034963533973326045
NONFIBROTIC ILD ADJUDICATED,25,754378964,genomic,4,770,0,0.0038913648535934147,0.0,0.0,0.004964141914221508,0.003498072869336863,0.00432762156441415
NONFIBROTIC ILD ADJUDICATED,25,754378964,genomic,5,769,4,0.005057412126709551,0.005201560468140442,0.0020245891497467933,0.013297387544882687,0.004328044272666208,0.005998149445389406
NONFIBROTIC ILD ADJUDICATED,25,754378964,genomic,6,769,0,0.009119526027196446,0.0,0.0,0.004970565148712315,0.005998699279955466,0.01978425682084414
NONFIBROTIC ILD ADJUDICATED,25,754378964,genomic,7,770,1,0.04876348111745984,0.0012987012987012987,0.00022928946639889794,0.007319361170123334,0.019899710030584317,0.06391518076730579
NONFIBROTIC ILD ADJUDICATED,25,754378964,genomic,8,769,3,0.07923983525602324,0.0039011703511053317,0.001327618000260774,0.011406505807889416,0.06392071239555148,0.09660495893374436
NONFIBROTIC ILD ADJUDICATED,25,754378964,genomic,9,770,0,0.1557012859302449,0.0,0.0,0.004964141914221508,0.09662333526524866,0.638756697382398
NONFIBROTIC ILD ADJUDICATED,25,754378964,combined,0,770,3,5.3267510936427974e-12,0.003896103896103896,0.0013258926936253902,0.011391775387498288,3.637230687139296e-14,1.6468145223058843e-11
NONFIBROTIC ILD ADJUDICATED,25,754378964,combined,1,769,1,7.418945227579012e-06,0.0013003901170351106,0.0002295876800841234,0.007328830355107483,1.6553477679255113e-11,1.753310974945456e-05
NONFIBROTIC ILD ADJUDICATED,25,754378964,combined,2,770,0,2.2571776190925676e-05,0.0,0.0,0.004964141914221508,1.753715354815778e-05,2.761961777244935e-05
NONFIBROTIC ILD ADJUDICATED,25,754378964,combined,3,769,1,3.443699479894722e-05,0.0013003901170351106,0.0002295876800841234,0.007328830355107483,2.7630255318417675e-05,4.2430237366738067e-05
NONFIBROTIC ILD ADJUDICATED,25,754378964,combined,4,770,0,5.651455858685914e-05,0.0,0.0,0.004964141914221508,4.2454648957909136e-05,7.712798978837974e-05
NONFIBROTIC ILD ADJUDICATED,25,754378964,combined,5,769,0,0.0001249752236864348,0.0,0.0,0.004970565148712315,7.716571577396668e-05,0.00019196119849200328
NONFIBROTIC ILD ADJUDICATED,25,754378964,combined,6,769,2,0.000296188596807822,0.002600780234070221,0.0007135177289523901,0.009432753192718508,0.00019200806650752374,0.00047409572525610285
NONFIBROTIC ILD ADJUDICATED,25,754378964,combined,7,770,2,0.007890059019634962,0.0025974025974025974,0.0007125907061236786,0.009420568652699277,0.00047442513182504003,0.023666928883998274
NONFIBROTIC ILD ADJUDICATED,25,754378964,combined,8,769,3,0.0361072198123431,0.0039011703511053317,0.001327618000260774,0.011406505807889416,0.023697455916439587,0.05678387806202333
NONFIBROTIC ILD ADJUDICATED,25,754378964,combined,9,770,4,0.1670768722261291,0.005194805194805195,0.0020219574690050306,0.013280219334419372,0.056814409563237175,0.7763085046539876
NONFIBROTIC ILD ADJUDICATED,26,2041152828,zebra,0,770,0,0.23070355385514546,0.0,0.0,0.004964141914221508,0.11052533634471677,0.2605507168074891
NONFIBROTIC ILD ADJUDICATED,26,2041152828,zebra,1,769,0,0.28601113847282816,0.0,0.0,0.004970565148712315,0.2606382248749676,0.3117823339439391
NONFIBROTIC ILD ADJUDICATED,26,2041152828,zebra,2,770,0,0.3431548495521156,0.0,0.0,0.004964141914221508,0.31181579071411564,0.37656862785595624
NONFIBROTIC ILD ADJUDICATED,26,2041152828,zebra,3,769,0,0.4133796926076715,0.0,0.0,0.004970565148712315,0.37661447713663365,0.45069281963505664
NONFIBROTIC ILD ADJUDICATED,26,2041152828,zebra,4,770,1,0.4951698217031547,0.0012987012987012987,0.00022928946639889794,0.007319361170123334,0.45075886121043207,0.5457084384031843
NONFIBROTIC ILD ADJUDICATED,26,2041152828,zebra,5,769,2,0.6072200113300307,0.002600780234070221,0.0007135177289523901,0.009432753192718508,0.545955588164633,0.670885500186124
NONFIBROTIC ILD ADJUDICATED,26,2041152828,zebra,6,769,1,0.7374513754234288,0.0013003901170351106,0.0002295876800841234,0.007328830355107483,0.6710238032622696,0.79909521828927
NONFIBROTIC ILD ADJUDICATED,26,2041152828,zebra,7,770,3,0.8531248417576056,0.003896103896103896,0.0013258926936253902,0.011391775387498288,0.7992167503173645,0.9059568639687346
NONFIBROTIC ILD ADJUDICATED,26,2041152828,zebra,8,769,1,0.9546152915448222,0.0013003901170351106,0.0002295876800841234,0.007328830355107483,0.9061600314968994,0.9862388417344107
NONFIBROTIC ILD ADJUDICATED,26,2041152828,zebra,9,770,8,0.99687892361608,0.01038961038961039,0.005273784940225151,0.020366426752402144,0.9862881300854072,1.0
NONFIBROTIC ILD ADJUDICATED,26,2041152828,genomic,0,770,0,1.3634235049374428e-09,0.0,0.0,0.004964141914221508,1.578617322372969e-11,3.0450767996796472e-09
NONFIBROTIC ILD ADJUDICATED,26,2041152828,genomic,1,769,0,5.281328888023684e-09,0.0,0.0,0.004970565148712315,3.0463110023538466e-09,8.048200499576073e-09
NONFIBROTIC ILD ADJUDICATED,26,2041152828,genomic,2,770,3,1.1581725484557986e-08,0.003896103896103896,0.0013258926936253902,0.011391775387498288,8.082799393892478e-09,1.5929235680112087e-08
NONFIBROTIC ILD ADJUDICATED,26,2041152828,genomic,3,769,0,2.2458193861285134e-08,0.0,0.0,0.004970565148712315,1.593718006555982e-08,3.0229133086122874e-08
NONFIBROTIC ILD ADJUDICATED,26,2041152828,genomic,4,770,2,4.212135234300922e-08,0.0025974025974025974,0.0007125907061236786,0.009420568652699277,3.023458176417336e-08,5.679315296627774e-08
NONFIBROTIC ILD ADJUDICATED,26,2041152828,genomic,5,769,1,8.338956446514072e-08,0.0013003901170351106,0.0002295876800841234,0.007328830355107483,5.6848964659224385e-08,1.1802207654795098e-07
NONFIBROTIC ILD ADJUDICATED,26,2041152828,genomic,6,769,2,1.8092623511179498e-07,0.002600780234070221,0.0007135177289523901,0.009432753192718508,1.1805527570295774e-07,2.7575961601166355e-07
NONFIBROTIC ILD ADJUDICATED,26,2041152828,genomic,7,770,4,5.10453150784476e-07,0.005194805194805195,0.0020219574690050306,0.013280219334419372,2.7582765933318637e-07,9.38798580458502e-07
NONFIBROTIC ILD ADJUDICATED,26,2041152828,genomic,8,769,4,7.74071778905644e-06,0.005201560468140442,0.0020245891497467933,0.013297387544882687,9.421173455954018e-07,4.7448786904324644e-05
NONFIBROTIC ILD ADJUDICATED,26,2041152828,genomic,9,770,0,0.020414531749024332,0.0,0.0,0.004964141914221508,4.777807116339545e-05,0.9873422950299815
NONFIBROTIC ILD ADJUDICATED,26,2041152828,combined,0,770,0,0.00019801316634446146,0.0,0.0,0.004964141914221508,9.458666599206791e-05,0.0002683373923954344
NONFIBROTIC ILD ADJUDICATED,26,2041152828,combined,1,769,0,0.0003354481021596063,0.0,0.0,0.004970565148712315,0.0002683907666621462,0.0004143413377849906
NONFIBROTIC ILD ADJUDICATED,26,2041152828,combined,2,770,3,0.0005542247765210013,0.003896103896103896,0.0013258926936253902,0.011391775387498288,0.00041473640026733254,0.0007353083018804325
NONFIBROTIC ILD ADJUDICATED,26,2041152828,combined,3,769,0,0.0010800022457016743,0.0,0.0,0.004970565148712315,0.0007358460089659128,0.0015664050807958113
NONFIBROTIC ILD ADJUDICATED,26,2041152828,combined,4,770,1,0.002284849560202569,0.0012987012987012987,0.00022928946639889794,0.007319361170123334,0.001567002602656475,0.00301467526492222
NONFIBROTIC ILD ADJUDICATED,26,2041152828,combined,5,769,2,0.003910796288655137,0.002600780234070221,0.0007135177289523901,0.009432753192718508,0.0030163397476623407,0.004879648211826063
NONFIBROTIC ILD ADJUDICATED,26,2041152828,combined,6,769,2,0.006310708841515555,0.002600780234070221,0.0007135177289523901,0.009432753192718508,0.0048815697088455574,0.008087313545629778
NONFIBROTIC ILD ADJUDICATED,26,2041152828,combined,7,770,2,0.011193040342380075,0.0025974025974025974,0.0007125907061236786,0.009420568652699277,0.008097120680596386,0.015771792981245578
NONFIBROTIC ILD ADJUDICATED,26,2041152828,combined,8,769,2,0.027233342574088635,0.002600780234070221,0.0007135177289523901,0.009432753192718508,0.01577516100333501,0.04843445246170161
NONFIBROTIC ILD ADJUDICATED,26,2041152828,combined,9,770,4,0.15832631291185723,0.005194805194805195,0.0020219574690050306,0.013280219334419372,0.04845522473124802,0.8926696670667962
NONFIBROTIC ILD ADJUDICATED,27,536894798,zebra,0,770,0,0.23226610908893852,0.0,0.0,0.004964141914221508,0.11893743948205666,0.2612877049881964
NONFIBROTIC ILD ADJUDICATED,27,536894798,zebra,1,769,0,0.28662005592037193,0.0,0.0,0.004970565148712315,0.2615284007497962,0.31173266061856664
NONFIBROTIC ILD ADJUDICATED,27,536894798,zebra,2,770,0,0.34159865890362284,0.0,0.0,0.004964141914221508,0.3117823339439391,0.3746139423417925
NONFIBROTIC ILD ADJUDICATED,27,536894798,zebra,3,769,0,0.4082554394049061,0.0,0.0,0.004970565148712315,0.374738259736572,0.4431007953132929
NONFIBROTIC ILD ADJUDICATED,27,536894798,zebra,4,770,1,0.4874137432774611,0.0012987012987012987,0.00022928946639889794,0.007319361170123334,0.4431969209813423,0.5367284113677637
NONFIBROTIC ILD ADJUDICATED,27,536894798,zebra,5,769,3,0.59769267857523,0.0039011703511053317,0.001327618000260774,0.011406505807889416,0.5367741352862195,0.662980433012624
NONFIBROTIC ILD ADJUDICATED,27,536894798,zebra,6,769,3,0.7292978602032234,0.0039011703511053317,0.001327618000260774,0.011406505807889416,0.6630148547834747,0.7931774164190927
NONFIBROTIC ILD ADJUDICATED,27,536894798,zebra,7,770,1,0.846900693811046,0.0012987012987012987,0.00022928946639889794,0.007319361170123334,0.7932292598136429,0.8989333182452957
NONFIBROTIC ILD ADJUDICATED,27,536894798,zebra,8,769,1,0.9482502847235599,0.0013003901170351106,0.0002295876800841234,0.007328830355107483,0.8989414097210439,0.9846988562571408
NONFIBROTIC ILD ADJUDICATED,27,536894798,zebra,9,770,7,0.9962392549615635,0.00909090909090909,0.004410478976495486,0.01864522399383109,0.9847376948471221,1.0
NONFIBROTIC ILD ADJUDICATED,27,536894798,genomic,0,770,2,1.061449977664561e-161,0.0025974025974025974,0.0007125907061236786,0.009420568652699277,0.0,1.1465651654379202e-159
NONFIBROTIC ILD ADJUDICATED,27,536894798,genomic,1,769,5,5.915811162005012e-132,0.006501950585175552,0.002780348414515579,0.015129481166593194,1.2986255055427677e-159,2.430444645941372e-130
NONFIBROTIC ILD ADJUDICATED,27,536894798,genomic,2,770,0,8.169808057613737e-116,0.0,0.0,0.004964141914221508,2.7533583179638304e-130,2.7172687903642487e-114
NONFIBROTIC ILD ADJUDICATED,27,536894798,genomic,3,769,1,4.397976071896152e-104,0.0013003901170351106,0.0002295876800841234,0.007328830355107483,2.7214118053623758e-114,1.2963915666610818e-102
NONFIBROTIC ILD ADJUDICATED,27,536894798,genomic,4,770,3,1.0105281884918424e-93,0.003896103896103896,0.0013258926936253902,0.011391775387498288,1.3272464704391636e-102,2.1618914187544986e-92
NONFIBROTIC ILD ADJUDICATED,27,536894798,genomic,5,769,0,3.570182561153346e-84,0.0,0.0,0.004970565148712315,2.175799151490992e-92,7.125311151075127e-83
NONFIBROTIC ILD ADJUDICATED,27,536894798,genomic,6,769,1,3.257067080863414e-74,0.0013003901170351106,0.0002295876800841234,0.007328830355107483,7.316335974943483e-83,9.100298438943919e-73
NONFIBROTIC ILD ADJUDICATED,27,536894798,genomic,7,770,1,5.249136127735674e-61,0.0012987012987012987,0.00022928946639889794,0.007319361170123334,9.156840209485935e-73,1.6200206504069469e-59
NONFIBROTIC ILD ADJUDICATED,27,536894798,genomic,8,769,0,1.0625944787326935e-41,0.0,0.0,0.004970565148712315,1.7096926017094625e-59,5.5293896691745604e-40
NONFIBROTIC ILD ADJUDICATED,27,536894798,genomic,9,770,3,0.18012098147770994,0.003896103896103896,0.0013258926936253902,0.011391775387498288,6.0728492536577456e-40,1.0
NONFIBROTIC ILD ADJUDICATED,27,536894798,combined,0,770,4,4.262012304833562e-210,0.005194805194805195,0.0020219574690050306,0.013280219334419372,0.0,5.277071821620244e-208
NONFIBROTIC ILD ADJUDICATED,27,536894798,combined,1,769,4,3.621652274687832e-182,0.005201560468140442,0.0020245891497467933,0.013297387544882687,5.580284363549022e-208,1.5286261051831755e-180
NONFIBROTIC ILD ADJUDICATED,27,536894798,combined,2,770,1,9.749947136889737e-162,0.0012987012987012987,0.00022928946639889794,0.007319361170123334,1.5320073088413041e-180,3.432942986040911e-160
NONFIBROTIC ILD ADJUDICATED,27,536894798,combined,3,769,1,6.333695406482751e-143,0.0013003901170351106,0.0002295876800841234,0.007328830355107483,3.536595765944044e-160,2.1030322602433534e-141
NONFIBROTIC ILD ADJUDICATED,27,536894798,combined,4,770,2,6.82646036181523e-127,0.0025974025974025974,0.0007125907061236786,0.009420568652699277,2.1122110120785207e-141,1.9976866422119783e-125
NONFIBROTIC ILD ADJUDICATED,27,536894798,combined,5,769,1,1.1394731319523384e-112,0.0013003901170351106,0.0002295876800841234,0.007328830355107483,2.1108929476872923e-125,3.3061912129312875e-111
NONFIBROTIC ILD ADJUDICATED,27,536894798,combined,6,769,1,1.5706289950373493e-98,0.0013003901170351106,0.0002295876800841234,0.007328830355107483,3.6144363971746934e-111,3.981616777516473e-97
NONFIBROTIC ILD ADJUDICATED,27,536894798,combined,7,770,1,2.512708475798789e-84,0.0012987012987012987,0.00022928946639889794,0.007319361170123334,4.022858258544554e-97,1.0721781223362273e-82
NONFIBROTIC ILD ADJUDICATED,27,536894798,combined,8,769,1,1.7312231267335005e-64,0.0013003901170351106,0.0002295876800841234,0.007328830355107483,1.2025406656381212e-82,1.0638840864017552e-62
NONFIBROTIC ILD ADJUDICATED,27,536894798,combined,9,770,0,0.06939538092525172,0.0,0.0,0.004964141914221508,1.1898584024880448e-62,1.0
NONFIBROTIC ILD ADJUDICATED,28,1241106747,zebra,0,770,0,0.23148059705286034,0.0,0.0,0.004964141914221508,0.11693488945217027,0.2600432461571028
NONFIBROTIC ILD ADJUDICATED,28,1241106747,zebra,1,769,0,0.2866139815284192,0.0,0.0,0.004970565148712315,0.26004792933185844,0.3125969254244962
NONFIBROTIC ILD ADJUDICATED,28,1241106747,zebra,2,770,0,0.34255136881262943,0.0,0.0,0.004964141914221508,0.31282001579730256,0.374738259736572
NONFIBROTIC ILD ADJUDICATED,28,1241106747,zebra,3,769,0,0.4091706446565686,0.0,0.0,0.004970565148712315,0.37474196822514005,0.4445500297386584
NONFIBROTIC ILD ADJUDICATED,28,1241106747,zebra,4,770,1,0.490288141493881,0.0012987012987012987,0.00022928946639889794,0.007319361170123334,0.44463668311004534,0.5380232986555498
NONFIBROTIC ILD ADJUDICATED,28,1241106747,zebra,5,769,3,0.6002729600569486,0.0039011703511053317,0.001327618000260774,0.011406505807889416,0.538279637174782,0.6636699801067324
NONFIBROTIC ILD ADJUDICATED,28,1241106747,zebra,6,769,3,0.7293998950085644,0.0039011703511053317,0.001327618000260774,0.011406505807889416,0.6637299821228352,0.7904204327474805
NONFIBROTIC ILD ADJUDICATED,28,1241106747,zebra,7,770,1,0.8443580455534652,0.0012987012987012987,0.00022928946639889794,0.007319361170123334,0.7904401128919928,0.8996522859474004
NONFIBROTIC ILD ADJUDICATED,28,1241106747,zebra,8,769,1,0.9505637733222361,0.0013003901170351106,0.0002295876800841234,0.007328830355107483,0.8996621190560748,0.9852882260270938
NONFIBROTIC ILD ADJUDICATED,28,1241106747,zebra,9,770,7,0.9964185401270682,0.00909090909090909,0.004410478976495486,0.01864522399383109,0.9852913008258685,1.0
NONFIBROTIC ILD ADJUDICATED,28,1241106747,genomic,0,770,1,0.0006330745687161838,0.0012987012987012987,0.00022928946639889794,0.007319361170123334,0.0004968995402341208,0.0007398172302856132
NONFIBROTIC ILD ADJUDICATED,28,1241106747,genomic,1,769,2,0.0008490205048283772,0.002600780234070221,0.0007135177289523901,0.009432753192718508,0.0007399432172115842,0.0009567140357557145
NONFIBROTIC ILD ADJUDICATED,28,1241106747,genomic,2,770,3,0.0010872479591939484,0.003896103896103896,0.0013258926936253902,0.011391775387498288,0.0009569046915002783,0.0012430829308966043
NONFIBROTIC ILD ADJUDICATED,28,1241106747,genomic,3,769,4,0.0014345944617906589,0.005201560468140442,0.0020245891497467933,0.013297387544882687,0.0012435735585420162,0.0016652264896004547
NONFIBROTIC ILD ADJUDICATED,28,1241106747,genomic,4,770,1,0.0020129474981006507,0.0012987012987012987,0.00022928946639889794,0.007319361170123334,0.0016652378658813353,0.0024428025488721326
NONFIBROTIC ILD ADJUDICATED,28,1241106747,genomic,5,769,1,0.003162662846430968,0.0013003901170351106,0.0002295876800841234,0.007328830355107483,0.002444738518154532,0.004114303142162401
NONFIBROTIC ILD ADJUDICATED,28,1241106747,genomic,6,769,0,0.005837084011101337,0.0,0.0,0.004970565148712315,0.0041275284913975165,0.008132053394748397
NONFIBROTIC ILD ADJUDICATED,28,1241106747,genomic,7,770,2,0.012142388217086568,0.0025974025974025974,0.0007125907061236786,0.009420568652699277,0.00814094776984615,0.017228328593035847
NONFIBROTIC ILD ADJUDICATED,28,1241106747,genomic,8,769,2,0.027408228293827917,0.002600780234070221,0.0007135177289523901,0.009432753192718508,0.01723702521707979,0.043406701387748534
NONFIBROTIC ILD ADJUDICATED,28,1241106747,genomic,9,770,0,0.21046963951467987,0.0,0.0,0.004964141914221508,0.043407121915600755,0.8533362210040879
NONFIBROTIC ILD ADJUDICATED,28,1241106747,combined,0,770,1,6.522031921879063e-14,0.0012987012987012987,0.00022928946639889794,0.007319361170123334,2.0350029724267138e-16,3.499849749144391e-13
NONFIBROTIC ILD ADJUDICATED,28,1241106747,combined,1,769,0,3.1928959051579904e-08,0.0,0.0,0.004970565148712315,3.507330643892117e-13,8.604200207984051e-08
NONFIBROTIC ILD ADJUDICATED,28,1241106747,combined,2,770,0,1.7241159836102947e-07,0.0,0.0,0.004964141914221508,8.659784329067616e-08,2.7859154082373725e-07
NONFIBROTIC ILD ADJUDICATED,28,1241106747,combined,3,769,2,4.758000336232233e-07,0.002600780234070221,0.0007135177289523901,0.009432753192718508,2.7871180046609306e-07,7.352097106907006e-07
NONFIBROTIC ILD ADJUDICATED,28,1241106747,combined,4,770,0,1.2332144853643305e-06,0.0,0.0,0.004964141914221508,7.35616629508442e-07,1.9383026382257912e-06
NONFIBROTIC ILD ADJUDICATED,28,1241106747,combined,5,769,4,3.441392842146227e-06,0.005201560468140442,0.0020245891497467933,0.013297387544882687,1.944974860191223e-06,5.655155440847123e-06
NONFIBROTIC ILD ADJUDICATED,28,1241106747,combined,6,769,1,1.0364105000128856e-05,0.0013003901170351106,0.0002295876800841234,0.007328830355107483,5.667072701485713e-06,1.6984113584688505e-05
NONFIBROTIC ILD ADJUDICATED,28,1241106747,combined,7,770,3,3.4407390036730606e-05,0.003896103896103896,0.0013258926936253902,0.011391775387498288,1.6989044334650578e-05,6.017510285100128e-05
NONFIBROTIC ILD ADJUDICATED,28,1241106747,combined,8,769,1,0.00013805892331741372,0.0013003901170351106,0.0002295876800841234,0.007328830355107483,6.0276129790832504e-05,0.00029029395199000235
NONFIBROTIC ILD ADJUDICATED,28,1241106747,combined,9,770,4,0.012507678573646507,0.005194805194805195,0.0020219574690050306,0.013280219334419372,0.0002903094140920775,0.8276660845464907
NONFIBROTIC ILD ADJUDICATED,29,1280805563,zebra,0,770,0,0.2315456119727711,0.0,0.0,0.004964141914221508,0.11893743948205666,0.2597607800877409
NONFIBROTIC ILD ADJUDICATED,29,1280805563,zebra,1,769,0,0.2852615677067926,0.0,0.0,0.004970565148712315,0.25993639862440343,0.310953161005303
NONFIBROTIC ILD ADJUDICATED,29,1280805563,zebra,2,770,0,0.33996304015808515,0.0,0.0,0.004964141914221508,0.3111314412269893,0.3709457600098441
NONFIBROTIC ILD ADJUDICATED,29,1280805563,zebra,3,769,0,0.4071516538771167,0.0,0.0,0.004970565148712315,0.37112119614162165,0.44483311363301814
NONFIBROTIC ILD ADJUDICATED,29,1280805563,zebra,4,770,1,0.4896906320160098,0.0012987012987012987,0.00022928946639889794,0.007319361170123334,0.44506558543115116,0.5407863218214698
NONFIBROTIC ILD ADJUDICATED,29,1280805563,zebra,5,769,1,0.6028813682045685,0.0013003901170351106,0.0002295876800841234,0.007328830355107483,0.5408029868197103,0.6653217800268115
NONFIBROTIC ILD ADJUDICATED,29,1280805563,zebra,6,769,1,0.731239139534486,0.0013003901170351106,0.0002295876800841234,0.007328830355107483,0.6655225574187223,0.7906546756562879
NONFIBROTIC ILD ADJUDICATED,29,1280805563,zebra,7,770,2,0.8462412706430361,0.0025974025974025974,0.0007125907061236786,0.009420568652699277,0.7909355176544223,0.8996813766473817
NONFIBROTIC ILD ADJUDICATED,29,1280805563,zebra,8,769,2,0.9498577468132894,0.002600780234070221,0.0007135177289523901,0.009432753192718508,0.8998162513949661,0.9856611905222097
NONFIBROTIC ILD ADJUDICATED,29,1280805563,zebra,9,770,9,0.9965980681290298,0.011688311688311689,0.006161243000312308,0.022063477414615715,0.985721892962206,1.0
NONFIBROTIC ILD ADJUDICATED,29,1280805563,genomic,0,770,2,0.0,0.0025974025974025974,0.0007125907061236786,0.009420568652699277,0.0,0.0
NONFIBROTIC ILD ADJUDICATED,29,1280805563,genomic,1,769,2,0.0,0.002600780234070221,0.0007135177289523901,0.009432753192718508,0.0,0.0
NONFIBROTIC ILD ADJUDICATED,29,1280805563,genomic,2,770,1,0.0,0.0012987012987012987,0.00022928946639889794,0.007319361170123334,0.0,0.0
NONFIBROTIC ILD ADJUDICATED,29,1280805563,genomic,3,769,5,0.0,0.006501950585175552,0.002780348414515579,0.015129481166593194,0.0,0.0
NONFIBROTIC ILD ADJUDICATED,29,1280805563,genomic,4,770,0,0.0,0.0,0.0,0.004964141914221508,0.0,0.0
NONFIBROTIC ILD ADJUDICATED,29,1280805563,genomic,5,769,0,0.0,0.0,0.0,0.004970565148712315,0.0,0.0
NONFIBROTIC ILD ADJUDICATED,29,1280805563,genomic,6,769,1,0.0,0.0013003901170351106,0.0002295876800841234,0.007328830355107483,0.0,0.0
NONFIBROTIC ILD ADJUDICATED,29,1280805563,genomic,7,770,1,1.712941805051174e-258,0.0012987012987012987,0.00022928946639889794,0.007319361170123334,0.0,2.4040507386550994e-256
NONFIBROTIC ILD ADJUDICATED,29,1280805563,genomic,8,769,2,2.4565956526874552e-164,0.002600780234070221,0.0007135177289523901,0.009432753192718508,2.4514041799251836e-256,7.958793297397912e-162
NONFIBROTIC ILD ADJUDICATED,29,1280805563,genomic,9,770,2,0.2211328482854378,0.0025974025974025974,0.0007125907061236786,0.009420568652699277,1.1500530306970013e-161,1.0
NONFIBROTIC ILD ADJUDICATED,29,1280805563,combined,0,770,1,5.929065988782449e-167,0.0012987012987012987,0.00022928946639889794,0.007319361170123334,1.0313033666231417e-226,2.2844151447277497e-165
NONFIBROTIC ILD ADJUDICATED,29,1280805563,combined,1,769,2,1.4557932645959091e-153,0.002600780234070221,0.0007135177289523901,0.009432753192718508,2.3187592508114064e-165,3.7620905925215473e-152
NONFIBROTIC ILD ADJUDICATED,29,1280805563,combined,2,770,1,6.837844949165218e-144,0.0012987012987012987,0.00022928946639889794,0.007319361170123334,3.965556748806059e-152,1.253981522379257e-142
NONFIBROTIC ILD ADJUDICATED,29,1280805563,combined,3,769,2,7.295348699829813e-135,0.002600780234070221,0.0007135177289523901,0.009432753192718508,1.3098893533619889e-142,1.5102632249401509e-133
NONFIBROTIC ILD ADJUDICATED,29,1280805563,combined,4,770,1,4.533825523293522e-126,0.0012987012987012987,0.00022928946639889794,0.007319361170123334,1.550845522864142e-133,7.606887096879241e-125
NONFIBROTIC ILD ADJUDICATED,29,1280805563,combined,5,769,2,2.297186382765099e-117,0.002600780234070221,0.0007135177289523901,0.009432753192718508,7.810511176829754e-125,4.8112773093946843e-116
NONFIBROTIC ILD ADJUDICATED,29,1280805563,combined,6,769,2,1.496860946059265e-103,0.002600780234070221,0.0007135177289523901,0.009432753192718508,5.388642814999523e-116,5.3279950460758465e-102
NONFIBROTIC ILD ADJUDICATED,29,1280805563,combined,7,770,1,2.907343880915855e-81,0.0012987012987012987,0.00022928946639889794,0.007319361170123334,5.5059637988468186e-102,1.3891588806433038e-79
NONFIBROTIC ILD ADJUDICATED,29,1280805563,combined,8,769,1,2.3183218005508854e-53,0.0013003901170351106,0.0002295876800841234,0.007328830355107483,1.489460584211622e-79,1.2481697636770287e-51
NONFIBROTIC ILD ADJUDICATED,29,1280805563,combined,9,770,3,0.2389427517050606,0.003896103896103896,0.0013258926936253902,0.011391775387498288,1.35497300681041e-51,1.0
NONFIBROTIC ILD ADJUDICATED,30,909983478,zebra,0,770,0,0.23207010928396007,0.0,0.0,0.004964141914221508,0.11052533634471677,0.2611260600445289
NONFIBROTIC ILD ADJUDICATED,30,909983478,zebra,1,769,0,0.28640287627352995,0.0,0.0,0.004970565148712315,0.26115603578262536,0.3118102720735881
NONFIBROTIC ILD ADJUDICATED,30,909983478,zebra,2,770,0,0.3416454078526406,0.0,0.0,0.004964141914221508,0.31191926924351776,0.37432701636192767
NONFIBROTIC ILD ADJUDICATED,30,909983478,zebra,3,769,0,0.408950547719289,0.0,0.0,0.004970565148712315,0.37432903714209376,0.4453800380771841
NONFIBROTIC ILD ADJUDICATED,30,909983478,zebra,4,770,0,0.48939791973826985,0.0,0.0,0.004964141914221508,0.445406620873185,0.5389256374898942
NONFIBROTIC ILD ADJUDICATED,30,909983478,zebra,5,769,3,0.6001925738065067,0.0039011703511053317,0.001327618000260774,0.011406505807889416,0.5389318981564682,0.6628262091853885
NONFIBROTIC ILD ADJUDICATED,30,909983478,zebra,6,769,2,0.7278829827981874,0.002600780234070221,0.0007135177289523901,0.009432753192718508,0.662980433012624,0.7873051008094597
NONFIBROTIC ILD ADJUDICATED,30,909983478,zebra,7,770,3,0.8438644381400062,0.003896103896103896,0.0013258926936253902,0.011391775387498288,0.7873240453705099,0.8991102436771582
NONFIBROTIC ILD ADJUDICATED,30,909983478,zebra,8,769,1,0.9477929957033561,0.0013003901170351106,0.0002295876800841234,0.007328830355107483,0.8994346917346799,0.9841838380724436
NONFIBROTIC ILD ADJUDICATED,30,909983478,zebra,9,770,7,0.9960841816266498,0.00909090909090909,0.004410478976495486,0.01864522399383109,0.9842627882401059,1.0
NONFIBROTIC ILD ADJUDICATED,30,909983478,genomic,0,770,1,2.6229150655633837e-09,0.0012987012987012987,0.00022928946639889794,0.007319361170123334,8.352513879589467e-11,5.686522936343353e-09
NONFIBROTIC ILD ADJUDICATED,30,909983478,genomic,1,769,1,1.0326385481040822e-08,0.0013003901170351106,0.0002295876800841234,0.007328830355107483,5.688339084165021e-09,1.6470010179430603e-08
NONFIBROTIC ILD ADJUDICATED,30,909983478,genomic,2,770,1,2.5690662152187723e-08,0.0012987012987012987,0.00022928946639889794,0.007319361170123334,1.6493534443082146e-08,3.761648730249764e-08
NONFIBROTIC ILD ADJUDICATED,30,909983478,genomic,3,769,3,5.519705665883473e-08,0.0039011703511053317,0.001327618000260774,0.011406505807889416,3.763197654468895e-08,7.77442924794439e-08
NONFIBROTIC ILD ADJUDICATED,30,909983478,genomic,4,770,2,1.136408809716258e-07,0.0025974025974025974,0.0007125907061236786,0.009420568652699277,7.774864507956032e-08,1.5882590978374258e-07
NONFIBROTIC ILD ADJUDICATED,30,909983478,genomic,5,769,0,2.5023916030014313e-07,0.0,0.0,0.004970565148712315,1.5922133739826163e-07,3.6745203280570656e-07
NONFIBROTIC ILD ADJUDICATED,30,909983478,genomic,6,769,1,6.251725885404392e-07,0.0013003901170351106,0.0002295876800841234,0.007328830355107483,3.675672214530265e-07,1.040570051741081e-06
NONFIBROTIC ILD ADJUDICATED,30,909983478,genomic,7,770,1,2.3568387955101047e-06,0.0012987012987012987,0.00022928946639889794,0.007319361170123334,1.0411078941038146e-06,5.280332774809001e-06
NONFIBROTIC ILD ADJUDICATED,30,909983478,genomic,8,769,2,5.118453780004249e-05,0.002600780234070221,0.0007135177289523901,0.009432753192718508,5.294287379180563e-06,0.0002460689820450285
NONFIBROTIC ILD ADJUDICATED,30,909983478,genomic,9,770,4,0.06517655465337951,0.005194805194805195,0.0020219574690050306,0.013280219334419372,0.0002501990445987785,0.9999622345091097
NONFIBROTIC ILD ADJUDICATED,30,909983478,combined,0,770,2,3.1733354813759146e-05,0.0025974025974025974,0.0007125907061236786,0.009420568652699277,2.2312097835983214e-05,4.037424720624567e-05
NONFIBROTIC ILD ADJUDICATED,30,909983478,combined,1,769,1,5.3960888894421806e-05,0.0013003901170351106,0.0002295876800841234,0.007328830355107483,4.047064835329793e-05,7.3979318791622e-05
NONFIBROTIC ILD ADJUDICATED,30,909983478,combined,2,770,1,0.00011983337723498223,0.0012987012987012987,0.00022928946639889794,0.007319361170123334,7.408064915844038e-05,0.00016660291701091028
NONFIBROTIC ILD ADJUDICATED,30,909983478,combined,3,769,1,0.00018300245060575744,0.0013003901170351106,0.0002295876800841234,0.007328830355107483,0.0001666357978431654,0.0001953658406374385
NONFIBROTIC ILD ADJUDICATED,30,909983478,combined,4,770,0,0.00020722462681554225,0.0,0.0,0.004964141914221508,0.00019544699589041538,0.00021932338301749416
NONFIBROTIC ILD ADJUDICATED,30,909983478,combined,5,769,0,0.0002341725321091143,0.0,0.0,0.004970565148712315,0.00021935074984630998,0.00025052116917952127
NONFIBROTIC ILD ADJUDICATED,30,909983478,combined,6,769,1,0.00027351308479678154,0.0013003901170351106,0.0002295876800841234,0.007328830355107483,0.00025052116917952127,0.00030247491354644314
NONFIBROTIC ILD ADJUDICATED,30,909983478,combined,7,770,0,0.00038097656758872173,0.0,0.0,0.004964141914221508,0.00030271524899469504,0.0006137425601556624
NONFIBROTIC ILD ADJUDICATED,30,909983478,combined,8,769,4,0.08477830646592667,0.005201560468140442,0.0020245891497467933,0.013297387544882687,0.0006226792513081772,0.12346763660283801
NONFIBROTIC ILD ADJUDICATED,30,909983478,combined,9,770,6,0.2677215268824104,0.007792207792207792,0.0035759904186376326,0.016895203829388215,0.12359822100876457,0.9877724481838265
NON FIBROTIC ILA ADJUDICATED,1,954079809,zebra,0,770,0,0.2327231681240093,0.0,0.0,0.004964141914221508,0.11052533634471677,0.2612672167631389
NON FIBROTIC ILA ADJUDICATED,1,954079809,zebra,1,769,1,0.28684217199473133,0.0013003901170351106,0.0002295876800841234,0.007328830355107483,0.26147615659140916,0.3125969254244962
NON FIBROTIC ILA ADJUDICATED,1,954079809,zebra,2,770,0,0.3440761334154511,0.0,0.0,0.004964141914221508,0.3126900694309642,0.3773876632671498
NON FIBROTIC ILA ADJUDICATED,1,954079809,zebra,3,769,0,0.41203317165620373,0.0,0.0,0.004970565148712315,0.37747676379221107,0.44868642390728164
NON FIBROTIC ILA ADJUDICATED,1,954079809,zebra,4,770,4,0.49603405997628014,0.005194805194805195,0.0020219574690050306,0.013280219334419372,0.4489316582898533,0.5483943674379196
NON FIBROTIC ILA ADJUDICATED,1,954079809,zebra,5,769,3,0.6089349624118076,0.0039011703511053317,0.001327618000260774,0.011406505807889416,0.5485451096435581,0.6711936920522155
NON FIBROTIC ILA ADJUDICATED,1,954079809,zebra,6,769,5,0.7365004452845854,0.006501950585175552,0.002780348414515579,0.015129481166593194,0.6712585506692749,0.7973095972616728
NON FIBROTIC ILA ADJUDICATED,1,954079809,zebra,7,770,3,0.852939544774561,0.003896103896103896,0.0013258926936253902,0.011391775387498288,0.797723185961675,0.9086342865970354
NON FIBROTIC ILA ADJUDICATED,1,954079809,zebra,8,769,8,0.954900181752379,0.010403120936280884,0.005280654829476248,0.0203927334110704,0.9087665593638278,0.9864755416882522
NON FIBROTIC ILA ADJUDICATED,1,954079809,zebra,9,770,20,0.9968328162435124,0.025974025974025976,0.016876091691355087,0.03977822466888089,0.9865055123197096,1.0
NON FIBROTIC ILA ADJUDICATED,1,954079809,genomic,0,770,8,0.0031179740490501376,0.01038961038961039,0.005273784940225151,0.020366426752402144,0.0005800826223816942,0.00472856111257479
NON FIBROTIC ILA ADJUDICATED,1,954079809,genomic,1,769,4,0.006301313267479508,0.005201560468140442,0.0020245891497467933,0.013297387544882687,0.004740047593397914,0.00776267199305361
NON FIBROTIC ILA ADJUDICATED,1,954079809,genomic,2,770,5,0.009431035362144145,0.006493506493506494,0.0027767335367897463,0.01510995198893538,0.0077626950423598205,0.01117807937662734
NON FIBROTIC ILA ADJUDICATED,1,954079809,genomic,3,769,1,0.013176255874428527,0.0013003901170351106,0.0002295876800841234,0.007328830355107483,0.011178085938920564,0.015468877665312655
NON FIBROTIC ILA ADJUDICATED,1,954079809,genomic,4,770,5,0.01809667492158631,0.006493506493506494,0.0027767335367897463,0.01510995198893538,0.015475361935745934,0.020803602838039337
NON FIBROTIC ILA ADJUDICATED,1,954079809,genomic,5,769,2,0.024331049122683968,0.002600780234070221,0.0007135177289523901,0.009432753192718508,0.020828144243579472,0.028212916368835307
NON FIBROTIC ILA ADJUDICATED,1,954079809,genomic,6,769,7,0.03358659881141408,0.009102730819245773,0.004416223152723785,0.01866931220134357,0.028225833343437104,0.0397822058782885
NON FIBROTIC ILA ADJUDICATED,1,954079809,genomic,7,770,2,0.0486983470122649,0.0025974025974025974,0.0007125907061236786,0.009420568652699277,0.0397966790143233,0.0593020666020821
NON FIBROTIC ILA ADJUDICATED,1,954079809,genomic,8,769,2,0.07882294079663088,0.002600780234070221,0.0007135177289523901,0.009432753192718508,0.05937117046257437,0.10470344334309667
NON FIBROTIC ILA ADJUDICATED,1,954079809,genomic,9,770,8,0.1981552432841054,0.01038961038961039,0.005273784940225151,0.020366426752402144,0.10476135120385001,0.7366971729445905
NON FIBROTIC ILA ADJUDICATED,1,954079809,combined,0,770,0,0.001349961788993395,0.0,0.0,0.004964141914221508,0.0003766663641711636,0.0018885563821779278
NON FIBROTIC ILA ADJUDICATED,1,954079809,combined,1,769,1,0.0023094489086255094,0.0013003901170351106,0.0002295876800841234,0.007328830355107483,0.0018887833455083127,0.0027586376003725247
NON FIBROTIC ILA ADJUDICATED,1,954079809,combined,2,770,3,0.0032834337521629163,0.003896103896103896,0.0013258926936253902,0.011391775387498288,0.0027596184340385787,0.0038291962238800963
NON FIBROTIC ILA ADJUDICATED,1,954079809,combined,3,769,3,0.004511605131100174,0.0039011703511053317,0.001327618000260774,0.011406505807889416,0.0038293861494764605,0.005299780399208594
NON FIBROTIC ILA ADJUDICATED,1,954079809,combined,4,770,2,0.0064011016864394445,0.0025974025974025974,0.0007125907061236786,0.009420568652699277,0.005303245233041782,0.00759154206155021
NON FIBROTIC ILA ADJUDICATED,1,954079809,combined,5,769,5,0.009352208315827382,0.006501950585175552,0.002780348414515579,0.015129481166593194,0.007593005963671857,0.011628403132382106
NON FIBROTIC ILA ADJUDICATED,1,954079809,combined,6,769,3,0.015197055268183336,0.0039011703511053317,0.001327618000260774,0.011406505807889416,0.011633297174753605,0.019450544090167898
NON FIBROTIC ILA ADJUDICATED,1,954079809,combined,7,770,7,0.027986662699534145,0.00909090909090909,0.004410478976495486,0.01864522399383109,0.01946386774943184,0.04012535423445554
NON FIBROTIC ILA ADJUDICATED,1,954079809,combined,8,769,8,0.06380198809268711,0.010403120936280884,0.005280654829476248,0.0203927334110704,0.040256864735837054,0.09990306821608845
NON FIBROTIC ILA ADJUDICATED,1,954079809,combined,9,770,12,0.23847684808149752,0.015584415584415584,0.008937040176158829,0.027041206405671363,0.1001803340313679,0.8870728981076511
NON FIBROTIC ILA ADJUDICATED,2,982195154,zebra,0,770,0,0.23182741017428318,0.0,0.0,0.004964141914221508,0.11052533634471677,0.2610548534071459
NON FIBROTIC ILA ADJUDICATED,2,982195154,zebra,1,769,1,0.2862231758761769,0.0013003901170351106,0.0002295876800841234,0.007328830355107483,0.26115603578262536,0.31149522918890044
NON FIBROTIC ILA ADJUDICATED,2,982195154,zebra,2,770,0,0.34171549893954123,0.0,0.0,0.004964141914221508,0.3114993106107179,0.37442960866501057
NON FIBROTIC ILA ADJUDICATED,2,982195154,zebra,3,769,0,0.4092209029968285,0.0,0.0,0.004970565148712315,0.3746139423417925,0.44506558543115116
NON FIBROTIC ILA ADJUDICATED,2,982195154,zebra,4,770,3,0.4908701471245393,0.003896103896103896,0.0013258926936253902,0.011391775387498288,0.4452217382542253,0.541323502105738
NON FIBROTIC ILA ADJUDICATED,2,982195154,zebra,5,769,2,0.6036089913296282,0.002600780234070221,0.0007135177289523901,0.009432753192718508,0.5414675277818876,0.6655225574187223
NON FIBROTIC ILA ADJUDICATED,2,982195154,zebra,6,769,6,0.7333270187999064,0.007802340702210663,0.003580646807040671,0.016917035660547395,0.6659008684423973,0.7940705398672191
NON FIBROTIC ILA ADJUDICATED,2,982195154,zebra,7,770,2,0.8498177625390451,0.0025974025974025974,0.0007125907061236786,0.009420568652699277,0.7942411356369743,0.9025689321917897
NON FIBROTIC ILA ADJUDICATED,2,982195154,zebra,8,769,11,0.9526995295653341,0.014304291287386216,0.008005744470847457,0.025431202429137063,0.9026265878413079,0.9865616860169348
NON FIBROTIC ILA ADJUDICATED,2,982195154,zebra,9,770,19,0.9967582682927738,0.024675324675324677,0.015852913748522608,0.03821689388941264,0.9865848577878713,1.0
NON FIBROTIC ILA ADJUDICATED,2,982195154,genomic,0,770,2,8.312468699017139e-05,0.0025974025974025974,0.0007125907061236786,0.009420568652699277,1.110797289749366e-06,0.0002246925971419997
NON FIBROTIC ILA ADJUDICATED,2,982195154,genomic,1,769,5,0.0005089016375292363,0.006501950585175552,0.002780348414515579,0.015129481166593194,0.0002254220104450383,0.0009154407714477751
NON FIBROTIC ILA ADJUDICATED,2,982195154,genomic,2,770,2,0.0015976117177055878,0.0025974025974025974,0.0007125907061236786,0.009420568652699277,0.0009202371615898769,0.002485225901759723
NON FIBROTIC ILA ADJUDICATED,2,982195154,genomic,3,769,8,0.004122971862338107,0.010403120936280884,0.005280654829476248,0.0203927334110704,0.0024890804811302175,0.006294763936347722
NON FIBROTIC ILA ADJUDICATED,2,982195154,genomic,4,770,4,0.010103283599962033,0.005194805194805195,0.0020219574690050306,0.013280219334419372,0.0062968859564550795,0.014798487652786043
NON FIBROTIC ILA ADJUDICATED,2,982195154,genomic,5,769,7,0.02194882716330905,0.009102730819245773,0.004416223152723785,0.01866931220134357,0.01482314579416789,0.03100104752679402
NON FIBROTIC ILA ADJUDICATED,2,982195154,genomic,6,769,7,0.04491723614631294,0.009102730819245773,0.004416223152723785,0.01866931220134357,0.031003448084143556,0.06119507721128351
NON FIBROTIC ILA ADJUDICATED,2,982195154,genomic,7,770,2,0.08686879994282976,0.0025974025974025974,0.0007125907061236786,0.009420568652699277,0.06127482362183387,0.11958242666594278
NON FIBROTIC ILA ADJUDICATED,2,982195154,genomic,8,769,2,0.1762939531860549,0.002600780234070221,0.0007135177289523901,0.009432753192718508,0.1196172974740763,0.2647192529277698
NON FIBROTIC ILA ADJUDICATED,2,982195154,genomic,9,770,5,0.4826477679331402,0.006493506493506494,0.0027767335367897463,0.01510995198893538,0.2650520001891849,0.9863359656920184
NON FIBROTIC ILA ADJUDICATED,2,982195154,combined,0,770,0,0.0038365560005983192,0.0,0.0,0.004964141914221508,0.002374728525845993,0.004481640121092134
NON FIBROTIC ILA ADJUDICATED,2,982195154,combined,1,769,1,0.005023840796201362,0.0013003901170351106,0.0002295876800841234,0.007328830355107483,0.004486185314745579,0.005599701464126406
NON FIBROTIC ILA ADJUDICATED,2,982195154,combined,2,770,0,0.006202833916734578,0.0,0.0,0.004964141914221508,0.005600291322128211,0.00693747268177969
NON FIBROTIC ILA ADJUDICATED,2,982195154,combined,3,769,1,0.008006117037882995,0.0013003901170351106,0.0002295876800841234,0.007328830355107483,0.006940506061619231,0.009413252766206645
NON FIBROTIC ILA ADJUDICATED,2,982195154,combined,4,770,3,0.011965510487540321,0.003896103896103896,0.0013258926936253902,0.011391775387498288,0.009413800316795645,0.015308282934588592
NON FIBROTIC ILA ADJUDICATED,2,982195154,combined,5,769,6,0.01997505994383504,0.007802340702210663,0.003580646807040671,0.016917035660547395,0.015311836504324185,0.025403085913392118
NON FIBROTIC ILA ADJUDICATED,2,982195154,combined,6,769,11,0.03345315949892787,0.014304291287386216,0.008005744470847457,0.025431202429137063,0.025474720443036333,0.043514778419568946
NON FIBROTIC ILA ADJUDICATED,2,982195154,combined,7,770,4,0.05800320315955686,0.005194805194805195,0.0020219574690050306,0.013280219334419372,0.043535099021716026,0.07499811271565594
NON FIBROTIC ILA ADJUDICATED,2,982195154,combined,8,769,10,0.10030723047547309,0.013003901170351105,0.007078545900378475,0.023770548113126753,0.0751062205096649,0.13017512371007894
NON FIBROTIC ILA ADJUDICATED,2,982195154,combined,9,770,8,0.21084010552161417,0.01038961038961039,0.005273784940225151,0.020366426752402144,0.13019770691105068,0.593026399906322
NON FIBROTIC ILA ADJUDICATED,3,795106483,zebra,0,770,0,0.23157204066995346,0.0,0.0,0.004964141914221508,0.11052533634471677,0.260739023049146
NON FIBROTIC ILA ADJUDICATED,3,795106483,zebra,1,769,0,0.2874015149711731,0.0,0.0,0.004970565148712315,0.2607572849048813,0.3130345111677269
NON FIBROTIC ILA ADJUDICATED,3,795106483,zebra,2,770,0,0.34284472730133136,0.0,0.0,0.004964141914221508,0.3130825244935966,0.37442960866501057
NON FIBROTIC ILA ADJUDICATED,3,795106483,zebra,3,769,0,0.40904197487253985,0.0,0.0,0.004970565148712315,0.374745314783611,0.44482017852215894
NON FIBROTIC ILA ADJUDICATED,3,795106483,zebra,4,770,4,0.4902087471812923,0.005194805194805195,0.0020219574690050306,0.013280219334419372,0.44483311363301814,0.5407863218214698
NON FIBROTIC ILA ADJUDICATED,3,795106483,zebra,5,769,2,0.601252200334968,0.002600780234070221,0.0007135177289523901,0.009432753192718508,0.5408992193248753,0.6612997108028855
NON FIBROTIC ILA ADJUDICATED,3,795106483,zebra,6,769,3,0.7271383397261055,0.0039011703511053317,0.001327618000260774,0.011406505807889416,0.6614092468583902,0.7870703427693205
NON FIBROTIC ILA ADJUDICATED,3,795106483,zebra,7,770,2,0.8430634039716521,0.0025974025974025974,0.0007125907061236786,0.009420568652699277,0.7871340958773702,0.8988858359934823
NON FIBROTIC ILA ADJUDICATED,3,795106483,zebra,8,769,9,0.9509406110318188,0.011703511053315995,0.006169270449727107,0.022091970677298834,0.8989333182452957,0.9859038413093151
NON FIBROTIC ILA ADJUDICATED,3,795106483,zebra,9,770,24,0.9966662623964282,0.03116883116883117,0.021033415527337528,0.04595893572210135,0.9859102920779055,1.0
NON FIBROTIC ILA ADJUDICATED,3,795106483,genomic,0,770,7,4.230976756240882e-41,0.00909090909090909,0.004410478976495486,0.01864522399383109,4.332778000018646e-85,2.1429427262946036e-39
NON FIBROTIC ILA ADJUDICATED,3,795106483,genomic,1,769,5,5.499897373056148e-29,0.006501950585175552,0.002780348414515579,0.015129481166593194,2.17009697345815e-39,1.1352427604438289e-27
NON FIBROTIC ILA ADJUDICATED,3,795106483,genomic,2,770,3,1.2550917727963933e-22,0.003896103896103896,0.0013258926936253902,0.011391775387498288,1.158201175577149e-27,1.4814567717823117e-21
NON FIBROTIC ILA ADJUDICATED,3,795106483,genomic,3,769,1,7.439669376861117e-19,0.0013003901170351106,0.0002295876800841234,0.007328830355107483,1.491100969817452e-21,5.2975203745988115e-18
NON FIBROTIC ILA ADJUDICATED,3,795106483,genomic,4,770,3,2.3464663433424113e-16,0.003896103896103896,0.0013258926936253902,0.011391775387498288,5.339865040741134e-18,1.0883432530019177e-15
NON FIBROTIC ILA ADJUDICATED,3,795106483,genomic,5,769,6,3.605985315621372e-14,0.007802340702210663,0.003580646807040671,0.016917035660547395,1.1039801988187039e-15,1.718325568556254e-13
NON FIBROTIC ILA ADJUDICATED,3,795106483,genomic,6,769,4,2.329984681819204e-12,0.005201560468140442,0.0020245891497467933,0.013297387544882687,1.7281252262424453e-13,8.782735707397604e-12
NON FIBROTIC ILA ADJUDICATED,3,795106483,genomic,7,770,4,1.333428199370253e-10,0.005194805194805195,0.0020219574690050306,0.013280219334419372,8.849048798034854e-12,6.060678411076905e-10
NON FIBROTIC ILA ADJUDICATED,3,795106483,genomic,8,769,3,4.609830390733278e-08,0.0039011703511053317,0.001327618000260774,0.011406505807889416,6.083625630181425e-10,3.982172555765179e-07
NON FIBROTIC ILA ADJUDICATED,3,795106483,genomic,9,770,8,0.2012691217979916,0.01038961038961039,0.005273784940225151,0.020366426752402144,3.9955991798170274e-07,1.0
NON FIBROTIC ILA ADJUDICATED,3,795106483,combined,0,770,3,0.0003133817018749726,0.003896103896103896,0.0013258926936253902,0.011391775387498288,4.4702874467545725e-05,0.000491546509587069
NON FIBROTIC ILA ADJUDICATED,3,795106483,combined,1,769,2,0.0006726817722048571,0.002600780234070221,0.0007135177289523901,0.009432753192718508,0.000492316624879801,0.000867894218606057
NON FIBROTIC ILA ADJUDICATED,3,795106483,combined,2,770,2,0.0010892080566254573,0.0025974025974025974,0.0007125907061236786,0.009420568652699277,0.0008679423164959893,0.001344703406215616
NON FIBROTIC ILA ADJUDICATED,3,795106483,combined,3,769,0,0.0016504723282670794,0.0,0.0,0.004970565148712315,0.0013457432946994477,0.002020427913226608
NON FIBROTIC ILA ADJUDICATED,3,795106483,combined,4,770,0,0.0025625656253978057,0.0,0.0,0.004964141914221508,0.0020231241648809542,0.0031858574348710648
NON FIBROTIC ILA ADJUDICATED,3,795106483,combined,5,769,4,0.003982717977103705,0.005201560468140442,0.0020245891497467933,0.013297387544882687,0.003186932850553417,0.004884781066608083
NON FIBROTIC ILA ADJUDICATED,3,795106483,combined,6,769,5,0.006372515831402473,0.006501950585175552,0.002780348414515579,0.015129481166593194,0.004885289670097475,0.008304469223313526
NON FIBROTIC ILA ADJUDICATED,3,795106483,combined,7,770,3,0.011682395679080226,0.003896103896103896,0.0013258926936253902,0.011391775387498288,0.008309013208523812,0.01622457945296475
NON FIBROTIC ILA ADJUDICATED,3,795106483,combined,8,769,9,0.026238591858468427,0.011703511053315995,0.006169270449727107,0.022091970677298834,0.01624178556320665,0.04243273602768697
NON FIBROTIC ILA ADJUDICATED,3,795106483,combined,9,770,16,0.13202139965432336,0.02077922077922078,0.012830175613871217,0.033486105857161864,0.042434687789765994,0.876785889239375
NON FIBROTIC ILA ADJUDICATED,4,341467629,zebra,0,770,0,0.2316732394877581,0.0,0.0,0.004964141914221508,0.11052533634471677,0.2608829204776901
NON FIBROTIC ILA ADJUDICATED,4,341467629,zebra,1,769,1,0.28663596590056695,0.0013003901170351106,0.0002295876800841234,0.007328830355107483,0.2608962737897288,0.31390333165654505
NON FIBROTIC ILA ADJUDICATED,4,341467629,zebra,2,770,0,0.3441836120104788,0.0,0.0,0.004964141914221508,0.3139253255714429,0.37683945180767486
NON FIBROTIC ILA ADJUDICATED,4,341467629,zebra,3,769,0,0.41158196601753133,0.0,0.0,0.004970565148712315,0.3768651181988039,0.44754198002079515
NON FIBROTIC ILA ADJUDICATED,4,341467629,zebra,4,770,3,0.49171884231033175,0.003896103896103896,0.0013258926936253902,0.011391775387498288,0.4476054105974062,0.5427023175767623
NON FIBROTIC ILA ADJUDICATED,4,341467629,zebra,5,769,3,0.605422676116142,0.0039011703511053317,0.001327618000260774,0.011406505807889416,0.5428851516742825,0.6669227467367701
NON FIBROTIC ILA ADJUDICATED,4,341467629,zebra,6,769,4,0.7310881313945375,0.005201560468140442,0.0020245891497467933,0.013297387544882687,0.6671378515740566,0.7898982149974688
NON FIBROTIC ILA ADJUDICATED,4,341467629,zebra,7,770,2,0.8431343394797817,0.0025974025974025974,0.0007125907061236786,0.009420568652699277,0.7904204327474805,0.898678320073587
NON FIBROTIC ILA ADJUDICATED,4,341467629,zebra,8,769,9,0.9491318272588896,0.011703511053315995,0.006169270449727107,0.022091970677298834,0.898799002791246,0.9853504544758104
NON FIBROTIC ILA ADJUDICATED,4,341467629,zebra,9,770,22,0.9964410118458205,0.02857142857142857,0.018942666074440347,0.04288066773039707,0.9853533817341006,1.0
NON FIBROTIC ILA ADJUDICATED,4,341467629,genomic,0,770,5,1.2725842135730583e-05,0.006493506493506494,0.0027767335367897463,0.01510995198893538,4.877035941029111e-06,2.1604594761614076e-05
NON FIBROTIC ILA ADJUDICATED,4,341467629,genomic,1,769,0,5.7496629945887595e-05,0.0,0.0,0.004970565148712315,2.1620874002864463e-05,0.0002770456299318702
NON FIBROTIC ILA ADJUDICATED,4,341467629,genomic,2,770,10,0.0004203163957037292,0.012987012987012988,0.007069333631553706,0.02373989550567504,0.00027716216020264343,0.0006510615906654983
NON FIBROTIC ILA ADJUDICATED,4,341467629,genomic,3,769,2,0.001978037406418288,0.002600780234070221,0.0007135177289523901,0.009432753192718508,0.0006513277626012358,0.004712021968625308
NON FIBROTIC ILA ADJUDICATED,4,341467629,genomic,4,770,4,0.014836967016535875,0.005194805194805195,0.0020219574690050306,0.013280219334419372,0.004748006642870986,0.01944004832950995
NON FIBROTIC ILA ADJUDICATED,4,341467629,genomic,5,769,5,0.023263179991999634,0.006501950585175552,0.002780348414515579,0.015129481166593194,0.01944023240329205,0.027230280004841866
NON FIBROTIC ILA ADJUDICATED,4,341467629,genomic,6,769,3,0.03180602191602599,0.0039011703511053317,0.001327618000260774,0.011406505807889416,0.027238940563681403,0.037036163512640344
NON FIBROTIC ILA ADJUDICATED,4,341467629,genomic,7,770,5,0.04435230770394162,0.006493506493506494,0.0027767335367897463,0.01510995198893538,0.03704579240158583,0.05297169502590488
NON FIBROTIC ILA ADJUDICATED,4,341467629,genomic,8,769,4,0.06887125567493144,0.005201560468140442,0.0020245891497467933,0.013297387544882687,0.05309722822155418,0.0918149881176738
NON FIBROTIC ILA ADJUDICATED,4,341467629,genomic,9,770,6,0.18032492651046184,0.007792207792207792,0.0035759904186376326,0.016895203829388215,0.0918180700035934,0.8258345444550746
NON FIBROTIC ILA ADJUDICATED,4,341467629,combined,0,770,0,0.004952569974983131,0.0,0.0,0.004964141914221508,0.004015171756994781,0.005351411093120078
NON FIBROTIC ILA ADJUDICATED,4,341467629,combined,1,769,0,0.005607346139201901,0.0,0.0,0.004970565148712315,0.005351459784002811,0.005858218881005853
NON FIBROTIC ILA ADJUDICATED,4,341467629,combined,2,770,0,0.0061319577690493255,0.0,0.0,0.004964141914221508,0.005858281039808124,0.006425374831197097
NON FIBROTIC ILA ADJUDICATED,4,341467629,combined,3,769,1,0.006879527903347643,0.0013003901170351106,0.0002295876800841234,0.007328830355107483,0.006426066989646031,0.0075886153640928765
NON FIBROTIC ILA ADJUDICATED,4,341467629,combined,4,770,4,0.01755298348743291,0.005194805194805195,0.0020219574690050306,0.013280219334419372,0.007589861170469166,0.02661623103130703
NON FIBROTIC ILA ADJUDICATED,4,341467629,combined,5,769,7,0.03387779190409052,0.009102730819245773,0.004416223152723785,0.01866931220134357,0.02663914457625989,0.04165858541726172
NON FIBROTIC ILA ADJUDICATED,4,341467629,combined,6,769,7,0.05246402729104028,0.009102730819245773,0.004416223152723785,0.01866931220134357,0.041671727278641886,0.06486656601014501
NON FIBROTIC ILA ADJUDICATED,4,341467629,combined,7,770,5,0.08027564057609202,0.006493506493506494,0.0027767335367897463,0.01510995198893538,0.06491295001200793,0.09830822216001332
NON FIBROTIC ILA ADJUDICATED,4,341467629,combined,8,769,8,0.11915749126880743,0.010403120936280884,0.005280654829476248,0.0203927334110704,0.09831474868013225,0.14305577510198672
NON FIBROTIC ILA ADJUDICATED,4,341467629,combined,9,770,12,0.19026984171911004,0.015584415584415584,0.008937040176158829,0.027041206405671363,0.1431051180143749,0.3396814335033431
NON FIBROTIC ILA ADJUDICATED,5,1440575860,zebra,0,770,0,0.2326259222077201,0.0,0.0,0.004964141914221508,0.11052533634471677,0.2614461530736853
NON FIBROTIC ILA ADJUDICATED,5,1440575860,zebra,1,769,1,0.2870517597886437,0.0013003901170351106,0.0002295876800841234,0.007328830355107483,0.2615284007497962,0.3120190426459585
NON FIBROTIC ILA ADJUDICATED,5,1440575860,zebra,2,770,0,0.34371678193295757,0.0,0.0,0.004964141914221508,0.31213148847501915,0.37718670117353315
NON FIBROTIC ILA ADJUDICATED,5,1440575860,zebra,3,769,0,0.4108917591433829,0.0,0.0,0.004970565148712315,0.37722891098823874,0.4477151358421824
NON FIBROTIC ILA ADJUDICATED,5,1440575860,zebra,4,770,3,0.4936668013631604,0.003896103896103896,0.0013258926936253902,0.011391775387498288,0.44772454697228964,0.5464075588624596
NON FIBROTIC ILA ADJUDICATED,5,1440575860,zebra,5,769,3,0.6042789191524681,0.0039011703511053317,0.001327618000260774,0.011406505807889416,0.5464326863847097,0.6651417341531
NON FIBROTIC ILA ADJUDICATED,5,1440575860,zebra,6,769,3,0.7336646778660888,0.0039011703511053317,0.001327618000260774,0.011406505807889416,0.6653217800268115,0.7923845014767011
NON FIBROTIC ILA ADJUDICATED,5,1440575860,zebra,7,770,4,0.8466567237357151,0.005194805194805195,0.0020219574690050306,0.013280219334419372,0.7924123854559428,0.8991102436771582
NON FIBROTIC ILA ADJUDICATED,5,1440575860,zebra,8,769,6,0.9500494880353217,0.007802340702210663,0.003580646807040671,0.016917035660547395,0.8994346917346799,0.9862464078157572
NON FIBROTIC ILA ADJUDICATED,5,1440575860,zebra,9,770,24,0.9968236903451418,0.03116883116883117,0.021033415527337528,0.04595893572210135,0.9862881300854072,1.0
NON FIBROTIC ILA ADJUDICATED,5,1440575860,genomic,0,770,8,0.00016262557808470127,0.01038961038961039,0.005273784940225151,0.020366426752402144,2.218683308880933e-05,0.00023656145477104806
NON FIBROTIC ILA ADJUDICATED,5,1440575860,genomic,1,769,3,0.0002958593834777146,0.0039011703511053317,0.001327618000260774,0.011406505807889416,0.00023690552980319102,0.00035653199494181464
NON FIBROTIC ILA ADJUDICATED,5,1440575860,genomic,2,770,6,0.00042386219132900266,0.007792207792207792,0.0035759904186376326,0.016895203829388215,0.0003565359497985756,0.0004978569912466045
NON FIBROTIC ILA ADJUDICATED,5,1440575860,genomic,3,769,2,0.0005864837261406124,0.002600780234070221,0.0007135177289523901,0.009432753192718508,0.0004981396481660755,0.0006851003148332459
NON FIBROTIC ILA ADJUDICATED,5,1440575860,genomic,4,770,4,0.0008333965318202127,0.005194805194805195,0.0020219574690050306,0.013280219334419372,0.0006861235606150539,0.0009955590363584347
NON FIBROTIC ILA ADJUDICATED,5,1440575860,genomic,5,769,3,0.0012627983658233537,0.0039011703511053317,0.001327618000260774,0.011406505807889416,0.0009961649159713306,0.0016188632618614365
NON FIBROTIC ILA ADJUDICATED,5,1440575860,genomic,6,769,4,0.0027548855421833172,0.005201560468140442,0.0020245891497467933,0.013297387544882687,0.001619249132346881,0.005774334089539586
NON FIBROTIC ILA ADJUDICATED,5,1440575860,genomic,7,770,6,0.0679426944841035,0.007792207792207792,0.0035759904186376326,0.016895203829388215,0.005793030621541441,0.14746072309583272
NON FIBROTIC ILA ADJUDICATED,5,1440575860,genomic,8,769,4,0.22663914634050258,0.005201560468140442,0.0020245891497467933,0.013297387544882687,0.14746957137532352,0.322293068523351
NON FIBROTIC ILA ADJUDICATED,5,1440575860,genomic,9,770,4,0.5067278708983982,0.005194805194805195,0.0020219574690050306,0.013280219334419372,0.3228286422273772,0.9576069914311036
NON FIBROTIC ILA ADJUDICATED,5,1440575860,combined,0,770,0,0.004045647195942821,0.0,0.0,0.004964141914221508,0.0036240716552069087,0.0043420804841933286
NON FIBROTIC ILA ADJUDICATED,5,1440575860,combined,1,769,0,0.004601917420524424,0.0,0.0,0.004970565148712315,0.004342983075620969,0.004863598094489469
NON FIBROTIC ILA ADJUDICATED,5,1440575860,combined,2,770,1,0.005184731275419211,0.0012987012987012987,0.00022928946639889794,0.007319361170123334,0.004865916722286452,0.0055741951490889865
NON FIBROTIC ILA ADJUDICATED,5,1440575860,combined,3,769,2,0.0063111969576998776,0.002600780234070221,0.0007135177289523901,0.009432753192718508,0.005574452764731087,0.00768695886302235
NON FIBROTIC ILA ADJUDICATED,5,1440575860,combined,4,770,5,0.009973486758523924,0.006493506493506494,0.0027767335367897463,0.01510995198893538,0.0076882660752894,0.011806909391954582
NON FIBROTIC ILA ADJUDICATED,5,1440575860,combined,5,769,8,0.013523191497631816,0.010403120936280884,0.005280654829476248,0.0203927334110704,0.011807035550476153,0.015360361626733583
NON FIBROTIC ILA ADJUDICATED,5,1440575860,combined,6,769,3,0.0175751631869821,0.0039011703511053317,0.001327618000260774,0.011406505807889416,0.015363408963711104,0.0200592574640953
NON FIBROTIC ILA ADJUDICATED,5,1440575860,combined,7,770,8,0.023976357892718743,0.01038961038961039,0.005273784940225151,0.020366426752402144,0.020059784670493713,0.02943337995833613
NON FIBROTIC ILA ADJUDICATED,5,1440575860,combined,8,769,5,0.04247492830082669,0.006501950585175552,0.002780348414515579,0.015129481166593194,0.029437188139089604,0.0625351136939143
NON FIBROTIC ILA ADJUDICATED,5,1440575860,combined,9,770,12,0.11166724103196697,0.015584415584415584,0.008937040176158829,0.027041206405671363,0.06259004381296417,0.43516641390428296
NON FIBROTIC ILA ADJUDICATED,6,128169765,zebra,0,770,0,0.23252744473337786,0.0,0.0,0.004964141914221508,0.11052533634471677,0.26099906075218154
NON FIBROTIC ILA ADJUDICATED,6,128169765,zebra,1,769,0,0.28795746305480346,0.0,0.0,0.004970565148712315,0.2610548534071459,0.3134172517546153
NON FIBROTIC ILA ADJUDICATED,6,128169765,zebra,2,770,0,0.34403389412343016,0.0,0.0,0.004964141914221508,0.3134570424472098,0.37606160153816026
NON FIBROTIC ILA ADJUDICATED,6,128169765,zebra,3,769,0,0.41083497007700287,0.0,0.0,0.004970565148712315,0.3761338732577787,0.44772454697228964
NON FIBROTIC ILA ADJUDICATED,6,128169765,zebra,4,770,5,0.4919026545557863,0.006493506493506494,0.0027767335367897463,0.01510995198893538,0.44782601534663025,0.5418736368405029
NON FIBROTIC ILA ADJUDICATED,6,128169765,zebra,5,769,1,0.601882698402956,0.0013003901170351106,0.0002295876800841234,0.007328830355107483,0.5421931634455274,0.6644593682619329
NON FIBROTIC ILA ADJUDICATED,6,128169765,zebra,6,769,5,0.7308279601466781,0.006501950585175552,0.002780348414515579,0.015129481166593194,0.6647868754304452,0.7913670010332758
NON FIBROTIC ILA ADJUDICATED,6,128169765,zebra,7,770,2,0.8448348727288297,0.0025974025974025974,0.0007125907061236786,0.009420568652699277,0.7914864280637494,0.8977007318534571
NON FIBROTIC ILA ADJUDICATED,6,128169765,zebra,8,769,8,0.9464835170641275,0.010403120936280884,0.005280654829476248,0.0203927334110704,0.8977089528063704,0.9835839766390332
NON FIBROTIC ILA ADJUDICATED,6,128169765,zebra,9,770,23,0.9958342561402451,0.02987012987012987,0.01998520545069876,0.044422637076439384,0.9836043583075597,1.0
NON FIBROTIC ILA ADJUDICATED,6,128169765,genomic,0,770,2,0.0,0.0025974025974025974,0.0007125907061236786,0.009420568652699277,0.0,0.0
NON FIBROTIC ILA ADJUDICATED,6,128169765,genomic,1,769,7,0.0,0.009102730819245773,0.004416223152723785,0.01866931220134357,0.0,0.0
NON FIBROTIC ILA ADJUDICATED,6,128169765,genomic,2,770,6,0.0,0.007792207792207792,0.0035759904186376326,0.016895203829388215,0.0,0.0
NON FIBROTIC ILA ADJUDICATED,6,128169765,genomic,3,769,5,0.0,0.006501950585175552,0.002780348414515579,0.015129481166593194,0.0,0.0
NON FIBROTIC ILA ADJUDICATED,6,128169765,genomic,4,770,1,0.0,0.0012987012987012987,0.00022928946639889794,0.007319361170123334,0.0,0.0
NON FIBROTIC ILA ADJUDICATED,6,128169765,genomic,5,769,7,7.022581084633e-306,0.009102730819245773,0.004416223152723785,0.01866931220134357,0.0,1.0714352752448525e-303
NON FIBROTIC ILA ADJUDICATED,6,128169765,genomic,6,769,4,2.1076333427535977e-218,0.005201560468140442,0.0020245891497467933,0.013297387544882687,1.625280502591789e-303,3.8854857613770054e-216
NON FIBROTIC ILA ADJUDICATED,6,128169765,genomic,7,770,2,7.385407594879678e-135,0.0025974025974025974,0.0007125907061236786,0.009420568652699277,4.4630152185922607e-216,2.1352374049420063e-132
NON FIBROTIC ILA ADJUDICATED,6,128169765,genomic,8,769,5,3.551280332316272e-11,0.006501950585175552,0.002780348414515579,0.015129481166593194,2.5435635254719065e-132,1.2294414633679192e-08
NON FIBROTIC ILA ADJUDICATED,6,128169765,genomic,9,770,5,0.958347671874662,0.006493506493506494,0.0027767335367897463,0.01510995198893538,1.8160248924506867e-08,1.0
NON FIBROTIC ILA ADJUDICATED,6,128169765,combined,0,770,0,0.00483328064265928,0.0,0.0,0.004964141914221508,0.0028016110161484817,0.0057919506760260335
NON FIBROTIC ILA ADJUDICATED,6,128169765,combined,1,769,1,0.006548821985930352,0.0013003901170351106,0.0002295876800841234,0.007328830355107483,0.005795805283120316,0.007244866512446397
NON FIBROTIC ILA ADJUDICATED,6,128169765,combined,2,770,0,0.00807668703607791,0.0,0.0,0.004964141914221508,0.0072470152823263375,0.0089409529983027
NON FIBROTIC ILA ADJUDICATED,6,128169765,combined,3,769,2,0.009990355907888574,0.002600780234070221,0.0007135177289523901,0.009432753192718508,0.008941851631390121,0.011203803978280689
NON FIBROTIC ILA ADJUDICATED,6,128169765,combined,4,770,2,0.012868600908277253,0.0025974025974025974,0.0007125907061236786,0.009420568652699277,0.011211454196213803,0.014748401837968068
NON FIBROTIC ILA ADJUDICATED,6,128169765,combined,5,769,3,0.01771339309585202,0.0039011703511053317,0.001327618000260774,0.011406505807889416,0.014759737910343866,0.02156652762365925
NON FIBROTIC ILA ADJUDICATED,6,128169765,combined,6,769,3,0.02783519938957952,0.0039011703511053317,0.001327618000260774,0.011406505807889416,0.021574679546625487,0.03618434616808909
NON FIBROTIC ILA ADJUDICATED,6,128169765,combined,7,770,6,0.04809480095447423,0.007792207792207792,0.0035759904186376326,0.016895203829388215,0.03619410407661566,0.06144495978238454
NON FIBROTIC ILA ADJUDICATED,6,128169765,combined,8,769,10,0.08092768464094613,0.013003901170351105,0.007078545900378475,0.023770548113126753,0.06149101125770353,0.10479444785507173
NON FIBROTIC ILA ADJUDICATED,6,128169765,combined,9,770,17,0.16982574808102288,0.02207792207792208,0.01382933715277743,0.03507145304055638,0.10489417656483763,0.5635967599032103
NON FIBROTIC ILA ADJUDICATED,7,1110569852,zebra,0,770,0,0.2320949503855534,0.0,0.0,0.004964141914221508,0.11052533634471677,0.26127235839391816
NON FIBROTIC ILA ADJUDICATED,7,1110569852,zebra,1,769,1,0.28724027925078155,0.0013003901170351106,0.0002295876800841234,0.007328830355107483,0.2612877049881964,0.31321930129365705
NON FIBROTIC ILA ADJUDICATED,7,1110569852,zebra,2,770,0,0.3433899248256555,0.0,0.0,0.004964141914221508,0.3132952944842823,0.3766087127018751
NON FIBROTIC ILA ADJUDICATED,7,1110569852,zebra,3,769,0,0.4111057827019832,0.0,0.0,0.004970565148712315,0.3767025563913176,0.4462515041290735
NON FIBROTIC ILA ADJUDICATED,7,1110569852,zebra,4,770,5,0.4908449056849086,0.006493506493506494,0.0027767335367897463,0.01510995198893538,0.44631748077308125,0.5414675277818876
NON FIBROTIC ILA ADJUDICATED,7,1110569852,zebra,5,769,2,0.5999690977287582,0.002600780234070221,0.0007135177289523901,0.009432753192718508,0.5414991255093249,0.6639428631930064
NON FIBROTIC ILA ADJUDICATED,7,1110569852,zebra,6,769,6,0.7285396135284364,0.007802340702210663,0.003580646807040671,0.016917035660547395,0.6640242739721478,0.7881814628982727
NON FIBROTIC ILA ADJUDICATED,7,1110569852,zebra,7,770,3,0.844625979338506,0.003896103896103896,0.0013258926936253902,0.011391775387498288,0.7883002137996314,0.8996621190560748
NON FIBROTIC ILA ADJUDICATED,7,1110569852,zebra,8,769,9,0.9497297114123902,0.011703511053315995,0.006169270449727107,0.022091970677298834,0.8996813766473817,0.9842955966421711
NON FIBROTIC ILA ADJUDICATED,7,1110569852,zebra,9,770,18,0.9962436446859464,0.023376623376623377,0.014837136266102694,0.036648162649531836,0.9844770975162783,1.0
NON FIBROTIC ILA ADJUDICATED,7,1110569852,genomic,0,770,5,1.2124896451597771e-05,0.006493506493506494,0.0027767335367897463,0.01510995198893538,2.9065278733991946e-06,2.1161930944173383e-05
NON FIBROTIC ILA ADJUDICATED,7,1110569852,genomic,1,769,4,4.043161297711212e-05,0.005201560468140442,0.0020245891497467933,0.013297387544882687,2.1220271400770716e-05,7.892454766382731e-05
NON FIBROTIC ILA ADJUDICATED,7,1110569852,genomic,2,770,3,0.00022969854436095542,0.003896103896103896,0.0013258926936253902,0.011391775387498288,7.94511290241567e-05,0.0005129951382740177
NON FIBROTIC ILA ADJUDICATED,7,1110569852,genomic,3,769,9,0.0015899664602280004,0.011703511053315995,0.006169270449727107,0.022091970677298834,0.0005142868358474646,0.0041264492399987595
NON FIBROTIC ILA ADJUDICATED,7,1110569852,genomic,4,770,2,0.011948927035147312,0.0025974025974025974,0.0007125907061236786,0.009420568652699277,0.00413608923242969,0.018502917888816972
NON FIBROTIC ILA ADJUDICATED,7,1110569852,genomic,5,769,3,0.024355412645779922,0.0039011703511053317,0.001327618000260774,0.011406505807889416,0.01852276848777483,0.030421735318957102
NON FIBROTIC ILA ADJUDICATED,7,1110569852,genomic,6,769,7,0.03772549756839945,0.009102730819245773,0.004416223152723785,0.01866931220134357,0.03045976268129688,0.04617482730133624
NON FIBROTIC ILA ADJUDICATED,7,1110569852,genomic,7,770,6,0.05772947354388643,0.007792207792207792,0.0035759904186376326,0.016895203829388215,0.0461790033847643,0.07350702530833295
NON FIBROTIC ILA ADJUDICATED,7,1110569852,genomic,8,769,3,0.09979992042770687,0.0039011703511053317,0.001327618000260774,0.011406505807889416,0.073549600238111,0.13712851689412692
NON FIBROTIC ILA ADJUDICATED,7,1110569852,genomic,9,770,2,0.2817288395011004,0.0025974025974025974,0.0007125907061236786,0.009420568652699277,0.13723407627278827,0.9208698418486171
NON FIBROTIC ILA ADJUDICATED,7,1110569852,combined,0,770,1,0.003021665360598051,0.0012987012987012987,0.00022928946639889794,0.007319361170123334,0.0020793683784355904,0.003349889506432135
NON FIBROTIC ILA ADJUDICATED,7,1110569852,combined,1,769,0,0.003616804986192467,0.0,0.0,0.004970565148712315,0.0033511698893386337,0.003876839099426105
NON FIBROTIC ILA ADJUDICATED,7,1110569852,combined,2,770,2,0.004191369767409014,0.0025974025974025974,0.0007125907061236786,0.009420568652699277,0.0038789180733887364,0.004549751144219191
NON FIBROTIC ILA ADJUDICATED,7,1110569852,combined,3,769,0,0.005218198632710247,0.0,0.0,0.004970565148712315,0.00455019730383316,0.006192766788841901
NON FIBROTIC ILA ADJUDICATED,7,1110569852,combined,4,770,6,0.008072065057756489,0.007792207792207792,0.0035759904186376326,0.016895203829388215,0.006198625956170437,0.0102609341787231
NON FIBROTIC ILA ADJUDICATED,7,1110569852,combined,5,769,4,0.012443883476038831,0.005201560468140442,0.0020245891497467933,0.013297387544882687,0.010262669599380055,0.01461950862646822
NON FIBROTIC ILA ADJUDICATED,7,1110569852,combined,6,769,3,0.016970574187214378,0.0039011703511053317,0.001327618000260774,0.011406505807889416,0.014619913056829508,0.019849759809679766
NON FIBROTIC ILA ADJUDICATED,7,1110569852,combined,7,770,9,0.02466972977677533,0.011688311688311689,0.006161243000312308,0.022063477414615715,0.019857041570328797,0.0317677094681338
NON FIBROTIC ILA ADJUDICATED,7,1110569852,combined,8,769,9,0.04331418321257583,0.011703511053315995,0.006169270449727107,0.022091970677298834,0.03178341083328933,0.05940480975826514
NON FIBROTIC ILA ADJUDICATED,7,1110569852,combined,9,770,10,0.12113295885326304,0.012987012987012988,0.007069333631553706,0.02373989550567504,0.05949913924084065,0.6918521587844159
NON FIBROTIC ILA ADJUDICATED,8,576281321,zebra,0,770,0,0.2307395971165983,0.0,0.0,0.004964141914221508,0.11052533634471677,0.2601982884591711
NON FIBROTIC ILA ADJUDICATED,8,576281321,zebra,1,769,0,0.2847884806860568,0.0,0.0,0.004970565148712315,0.2603686869559921,0.31090527380487964
NON FIBROTIC ILA ADJUDICATED,8,576281321,zebra,2,770,0,0.3416656971515918,0.0,0.0,0.004964141914221508,0.3109067396753655,0.37432903714209376
NON FIBROTIC ILA ADJUDICATED,8,576281321,zebra,3,769,0,0.40911000984698137,0.0,0.0,0.004970565148712315,0.37435254947958724,0.44715602283742534
NON FIBROTIC ILA ADJUDICATED,8,576281321,zebra,4,770,4,0.49243528446368345,0.005194805194805195,0.0020219574690050306,0.013280219334419372,0.44729874340067893,0.5422765918315045
NON FIBROTIC ILA ADJUDICATED,8,576281321,zebra,5,769,2,0.6030246279951356,0.002600780234070221,0.0007135177289523901,0.009432753192718508,0.5425099846580176,0.6659285197485536
NON FIBROTIC ILA ADJUDICATED,8,576281321,zebra,6,769,5,0.7310893725373785,0.006501950585175552,0.002780348414515579,0.015129481166593194,0.6660719586266501,0.7898361713635328
NON FIBROTIC ILA ADJUDICATED,8,576281321,zebra,7,770,3,0.8448390528089672,0.003896103896103896,0.0013258926936253902,0.011391775387498288,0.789896992430299,0.898712194658097
NON FIBROTIC ILA ADJUDICATED,8,576281321,zebra,8,769,8,0.9483327667344374,0.010403120936280884,0.005280654829476248,0.0203927334110704,0.898799002791246,0.9842627882401059
NON FIBROTIC ILA ADJUDICATED,8,576281321,zebra,9,770,22,0.9960798021046409,0.02857142857142857,0.018942666074440347,0.04288066773039707,0.9842955966421711,1.0
NON FIBROTIC ILA ADJUDICATED,8,576281321,genomic,0,770,4,2.7282184097789066e-15,0.005194805194805195,0.0020219574690050306,0.013280219334419372,9.162271405995853e-24,1.6060826131622353e-14
NON FIBROTIC ILA ADJUDICATED,8,576281321,genomic,1,769,8,2.5788106039754783e-11,0.010403120936280884,0.005280654829476248,0.0203927334110704,1.610704643312525e-14,2.011029847476256e-10
NON FIBROTIC ILA ADJUDICATED,8,576281321,genomic,2,770,5,2.3912145191259194e-09,0.006493506493506494,0.0027767335367897463,0.01510995198893538,2.0143675671899626e-10,8.066570934536014e-09
NON FIBROTIC ILA ADJUDICATED,8,576281321,genomic,3,769,5,6.209979886808937e-08,0.006501950585175552,0.002780348414515579,0.015129481166593194,8.070764433939774e-09,2.3176543378963074e-07
NON FIBROTIC ILA ADJUDICATED,8,576281321,genomic,4,770,3,2.9300227734936036e-06,0.003896103896103896,0.0013258926936253902,0.011391775387498288,2.3290374951528224e-07,9.05928568671499e-06
NON FIBROTIC ILA ADJUDICATED,8,576281321,genomic,5,769,4,2.6096777947890242e-05,0.005201560468140442,0.0020245891497467933,0.013297387544882687,9.087918325391819e-06,5.135623591239033e-05
NON FIBROTIC ILA ADJUDICATED,8,576281321,genomic,6,769,6,0.00010082360660663482,0.007802340702210663,0.003580646807040671,0.016917035660547395,5.142393802902438e-05,0.00017562471473590892
NON FIBROTIC ILA ADJUDICATED,8,576281321,genomic,7,770,2,0.00034199916426652416,0.0025974025974025974,0.0007125907061236786,0.009420568652699277,0.00017599352708906415,0.0006336463241577641
NON FIBROTIC ILA ADJUDICATED,8,576281321,genomic,8,769,2,0.0015881647489966256,0.002600780234070221,0.0007135177289523901,0.009432753192718508,0.000634113107376085,0.0034889820471081384
NON FIBROTIC ILA ADJUDICATED,8,576281321,genomic,9,770,5,0.1054529919394259,0.006493506493506494,0.0027767335367897463,0.01510995198893538,0.0034912739928217055,0.9999620582764813
NON FIBROTIC ILA ADJUDICATED,8,576281321,combined,0,770,0,0.008203492636684132,0.0,0.0,0.004964141914221508,0.004568170835105778,0.009974721644853921
NON FIBROTIC ILA ADJUDICATED,8,576281321,combined,1,769,0,0.011586449977118817,0.0,0.0,0.004970565148712315,0.00997969144931885,0.013266002704259656
NON FIBROTIC ILA ADJUDICATED,8,576281321,combined,2,770,0,0.015035647606953903,0.0,0.0,0.004964141914221508,0.013266807170376203,0.01693511282907204
NON FIBROTIC ILA ADJUDICATED,8,576281321,combined,3,769,2,0.019124618665944004,0.002600780234070221,0.0007135177289523901,0.009432753192718508,0.01695158120766001,0.021496843705922176
NON FIBROTIC ILA ADJUDICATED,8,576281321,combined,4,770,4,0.0245220127232891,0.005194805194805195,0.0020219574690050306,0.013280219334419372,0.021507736974904292,0.027966646131465413
NON FIBROTIC ILA ADJUDICATED,8,576281321,combined,5,769,1,0.03192420109833624,0.0013003901170351106,0.0002295876800841234,0.007328830355107483,0.027966816298665476,0.03647231842907143
NON FIBROTIC ILA ADJUDICATED,8,576281321,combined,6,769,2,0.04229249902069269,0.002600780234070221,0.0007135177289523901,0.009432753192718508,0.036484059816944935,0.049249182270680654
NON FIBROTIC ILA ADJUDICATED,8,576281321,combined,7,770,5,0.05949691464124295,0.006493506493506494,0.0027767335367897463,0.01510995198893538,0.04926253308695849,0.07297128408625551
NON FIBROTIC ILA ADJUDICATED,8,576281321,combined,8,769,19,0.0952237822987479,0.0247074122236671,0.01587360135768905,0.03826616863412981,0.07299950390655398,0.12193720422581686
NON FIBROTIC ILA ADJUDICATED,8,576281321,combined,9,770,11,0.17630855420945302,0.014285714285714285,0.007995323688185082,0.025398414171344384,0.12196059181155182,0.3922711409717259
NON FIBROTIC ILA ADJUDICATED,9,471706405,zebra,0,770,0,0.23098831893077607,0.0,0.0,0.004964141914221508,0.11893743948205666,0.2603686869559921
NON FIBROTIC ILA ADJUDICATED,9,471706405,zebra,1,769,0,0.2854764417405479,0.0,0.0,0.004970565148712315,0.2603712147413345,0.31090527380487964
NON FIBROTIC ILA ADJUDICATED,9,471706405,zebra,2,770,0,0.3405629896804605,0.0,0.0,0.004964141914221508,0.3109067396753655,0.3738414017884197
NON FIBROTIC ILA ADJUDICATED,9,471706405,zebra,3,769,0,0.40815505026600024,0.0,0.0,0.004970565148712315,0.37386805041072013,0.4434837707211694
NON FIBROTIC ILA ADJUDICATED,9,471706405,zebra,4,770,4,0.4873101519798424,0.005194805194805195,0.0020219574690050306,0.013280219334419372,0.4436878011693051,0.5387979003574817
NON FIBROTIC ILA ADJUDICATED,9,471706405,zebra,5,769,2,0.6000111476685488,0.002600780234070221,0.0007135177289523901,0.009432753192718508,0.538853101911673,0.6645632245328221
NON FIBROTIC ILA ADJUDICATED,9,471706405,zebra,6,769,5,0.7314414365838671,0.006501950585175552,0.002780348414515579,0.015129481166593194,0.6647868754304452,0.7913408419573393
NON FIBROTIC ILA ADJUDICATED,9,471706405,zebra,7,770,2,0.8461614878904481,0.0025974025974025974,0.0007125907061236786,0.009420568652699277,0.7914027917352122,0.9025689321917897
NON FIBROTIC ILA ADJUDICATED,9,471706405,zebra,8,769,6,0.951207419604964,0.007802340702210663,0.003580646807040671,0.016917035660547395,0.9026412280438324,0.9852651300912427
NON FIBROTIC ILA ADJUDICATED,9,471706405,zebra,9,770,25,0.9962834067756322,0.032467532467532464,0.022086969431753586,0.04748989053998599,0.9852882260270938,1.0
NON FIBROTIC ILA ADJUDICATED,9,471706405,genomic,0,770,6,0.0,0.007792207792207792,0.0035759904186376326,0.016895203829388215,0.0,0.0
NON FIBROTIC ILA ADJUDICATED,9,471706405,genomic,1,769,6,0.0,0.007802340702210663,0.003580646807040671,0.016917035660547395,0.0,0.0
NON FIBROTIC ILA ADJUDICATED,9,471706405,genomic,2,770,6,0.0,0.007792207792207792,0.0035759904186376326,0.016895203829388215,0.0,0.0
NON FIBROTIC ILA ADJUDICATED,9,471706405,genomic,3,769,6,0.0,0.007802340702210663,0.003580646807040671,0.016917035660547395,0.0,0.0
NON FIBROTIC ILA ADJUDICATED,9,471706405,genomic,4,770,2,0.0,0.0025974025974025974,0.0007125907061236786,0.009420568652699277,0.0,0.0
NON FIBROTIC ILA ADJUDICATED,9,471706405,genomic,5,769,3,0.0,0.0039011703511053317,0.001327618000260774,0.011406505807889416,0.0,0.0
NON FIBROTIC ILA ADJUDICATED,9,471706405,genomic,6,769,3,0.0,0.0039011703511053317,0.001327618000260774,0.011406505807889416,0.0,0.0
NON FIBROTIC ILA ADJUDICATED,9,471706405,genomic,7,770,4,0.0,0.005194805194805195,0.0020219574690050306,0.013280219334419372,0.0,0.0
NON FIBROTIC ILA ADJUDICATED,9,471706405,genomic,8,769,4,5.998221477219828e-134,0.005201560468140442,0.0020245891497467933,0.013297387544882687,0.0,2.887914287814896e-131
NON FIBROTIC ILA ADJUDICATED,9,471706405,genomic,9,770,4,0.7899611719900016,0.005194805194805195,0.0020219574690050306,0.013280219334419372,1.1278496573337775e-129,1.0
NON FIBROTIC ILA ADJUDICATED,9,471706405,combined,0,770,1,0.004788092120893434,0.0012987012987012987,0.00022928946639889794,0.007319361170123334,0.0024852648021755036,0.0058888085905465576
NON FIBROTIC ILA ADJUDICATED,9,471706405,combined,1,769,0,0.006769963485199671,0.0,0.0,0.004970565148712315,0.005889124277651601,0.007664805818614356
NON FIBROTIC ILA ADJUDICATED,9,471706405,combined,2,770,2,0.008677333292508594,0.0025974025974025974,0.0007125907061236786,0.009420568652699277,0.007667773677495382,0.009755004632351258
NON FIBROTIC ILA ADJUDICATED,9,471706405,combined,3,769,1,0.01126355655001048,0.0013003901170351106,0.0002295876800841234,0.007328830355107483,0.009755764256663397,0.013008701009943821
NON FIBROTIC ILA ADJUDICATED,9,471706405,combined,4,770,1,0.015663968301850222,0.0012987012987012987,0.00022928946639889794,0.007319361170123334,0.013009324781152413,0.018928712407036943
NON FIBROTIC ILA ADJUDICATED,9,471706405,combined,5,769,7,0.024272109328205338,0.009102730819245773,0.004416223152723785,0.01866931220134357,0.018942669473784226,0.03066507327895936
NON FIBROTIC ILA ADJUDICATED,9,471706405,combined,6,769,4,0.04127223919109606,0.005201560468140442,0.0020245891497467933,0.013297387544882687,0.030670304505984406,0.05397994788516117
NON FIBROTIC ILA ADJUDICATED,9,471706405,combined,7,770,7,0.07119567890623815,0.00909090909090909,0.004410478976495486,0.01864522399383109,0.05401632211867041,0.09070592885686074
NON FIBROTIC ILA ADJUDICATED,9,471706405,combined,8,769,10,0.11569286691519018,0.013003901170351105,0.007078545900378475,0.023770548113126753,0.09071307110730291,0.1467486939141628
NON FIBROTIC ILA ADJUDICATED,9,471706405,combined,9,770,11,0.2233954960409955,0.014285714285714285,0.007995323688185082,0.025398414171344384,0.14689774515005932,0.6284359876030304
NON FIBROTIC ILA ADJUDICATED,10,1958691181,zebra,0,770,0,0.23150857707647854,0.0,0.0,0.004964141914221508,0.11693488945217027,0.26119474251243924
NON FIBROTIC ILA ADJUDICATED,10,1958691181,zebra,1,769,1,0.2871712570038565,0.0013003901170351106,0.0002295876800841234,0.007328830355107483,0.26122351629499085,0.31282001579730256
NON FIBROTIC ILA ADJUDICATED,10,1958691181,zebra,2,770,0,0.3445378314624747,0.0,0.0,0.004964141914221508,0.31284944483864957,0.3766087127018751
NON FIBROTIC ILA ADJUDICATED,10,1958691181,zebra,3,769,0,0.41195898851463275,0.0,0.0,0.004970565148712315,0.3766736141998482,0.44770346856430193
NON FIBROTIC ILA ADJUDICATED,10,1958691181,zebra,4,770,4,0.4915158931894678,0.005194805194805195,0.0020219574690050306,0.013280219334419372,0.4477058143755784,0.5405732793825522
NON FIBROTIC ILA ADJUDICATED,10,1958691181,zebra,5,769,2,0.6008139712858963,0.002600780234070221,0.0007135177289523901,0.009432753192718508,0.5406148926383858,0.6607442672405176
NON FIBROTIC ILA ADJUDICATED,10,1958691181,zebra,6,769,5,0.7282369642028306,0.006501950585175552,0.002780348414515579,0.015129481166593194,0.6608807876532565,0.7875477040043433
NON FIBROTIC ILA ADJUDICATED,10,1958691181,zebra,7,770,2,0.8452806182559858,0.0025974025974025974,0.0007125907061236786,0.009420568652699277,0.7875787267949781,0.8989748388716692
NON FIBROTIC ILA ADJUDICATED,10,1958691181,zebra,8,769,6,0.9487440524497309,0.007802340702210663,0.003580646807040671,0.016917035660547395,0.8994346917346799,0.9842261953251087
NON FIBROTIC ILA ADJUDICATED,10,1958691181,zebra,9,770,24,0.9962192473812544,0.03116883116883117,0.021033415527337528,0.04595893572210135,0.9842627882401059,1.0
NON FIBROTIC ILA ADJUDICATED,10,1958691181,genomic,0,770,4,1.4753954479530823e-32,0.005194805194805195,0.0020219574690050306,0.013280219334419372,8.769282444438391e-60,3.0503324968042733e-31
NON FIBROTIC ILA ADJUDICATED,10,1958691181,genomic,1,769,4,6.854762416025934e-27,0.005201560468140442,0.0020245891497467933,0.013297387544882687,3.0918660740471246e-31,6.811944152184852e-26
NON FIBROTIC ILA ADJUDICATED,10,1958691181,genomic,2,770,3,2.0337679587769087e-23,0.003896103896103896,0.0013258926936253902,0.011391775387498288,6.865913741965011e-26,1.3969340653443864e-22
NON FIBROTIC ILA ADJUDICATED,10,1958691181,genomic,3,769,5,8.426376770304925e-21,0.006501950585175552,0.002780348414515579,0.015129481166593194,1.3988063899597923e-22,4.42145778697875e-20
NON FIBROTIC ILA ADJUDICATED,10,1958691181,genomic,4,770,3,1.4174613174153103e-18,0.003896103896103896,0.0013258926936253902,0.011391775387498288,4.488417557488166e-20,6.809930699398413e-18
NON FIBROTIC ILA ADJUDICATED,10,1958691181,genomic,5,769,5,1.4222244876778028e-16,0.006501950585175552,0.002780348414515579,0.015129481166593194,6.8201658829047095e-18,6.570178164904721e-16
NON FIBROTIC ILA ADJUDICATED,10,1958691181,genomic,6,769,3,1.601197495728481e-14,0.0039011703511053317,0.001327618000260774,0.011406505807889416,6.570225044529626e-16,7.284765719507761e-14
NON FIBROTIC ILA ADJUDICATED,10,1958691181,genomic,7,770,4,2.823852171548554e-12,0.005194805194805195,0.0020219574690050306,0.013280219334419372,7.328616746223751e-14,1.850615509719209e-11
NON FIBROTIC ILA ADJUDICATED,10,1958691181,genomic,8,769,6,4.57614213597841e-09,0.007802340702210663,0.003580646807040671,0.016917035660547395,1.8565062401054103e-11,4.3203192246813167e-08
NON FIBROTIC ILA ADJUDICATED,10,1958691181,genomic,9,770,7,0.20000770272178164,0.00909090909090909,0.004410478976495486,0.01864522399383109,4.4116111615630496e-08,1.0
NON FIBROTIC ILA ADJUDICATED,10,1958691181,combined,0,770,0,0.008680133021683885,0.0,0.0,0.004964141914221508,0.005329127797010263,0.00997270330580831
NON FIBROTIC ILA ADJUDICATED,10,1958691181,combined,1,769,0,0.010922768552983755,0.0,0.0,0.004970565148712315,0.00997577836542399,0.011858925681731738
NON FIBROTIC ILA ADJUDICATED,10,1958691181,combined,2,770,1,0.012849551802556885,0.0012987012987012987,0.00022928946639889794,0.007319361170123334,0.011859286592810762,0.013929618642274806
NON FIBROTIC ILA ADJUDICATED,10,1958691181,combined,3,769,3,0.01540889125376327,0.0039011703511053317,0.001327618000260774,0.011406505807889416,0.01392969312808485,0.017222166984739714
NON FIBROTIC ILA ADJUDICATED,10,1958691181,combined,4,770,2,0.02114684980311069,0.0025974025974025974,0.0007125907061236786,0.009420568652699277,0.01726257332403725,0.026381170430563962
NON FIBROTIC ILA ADJUDICATED,10,1958691181,combined,5,769,3,0.03446455488017583,0.0039011703511053317,0.001327618000260774,0.011406505807889416,0.02638335752345101,0.043482823211773124
NON FIBROTIC ILA ADJUDICATED,10,1958691181,combined,6,769,6,0.056857714341202854,0.007802340702210663,0.003580646807040671,0.016917035660547395,0.043513791186221035,0.0748488007793991
NON FIBROTIC ILA ADJUDICATED,10,1958691181,combined,7,770,8,0.0954931478707582,0.01038961038961039,0.005273784940225151,0.020366426752402144,0.07499885615399204,0.11631323345892133
NON FIBROTIC ILA ADJUDICATED,10,1958691181,combined,8,769,12,0.14008189830017398,0.015604681404421327,0.008948690331271528,0.027076109455192295,0.1163504953280843,0.16698428517649003
NON FIBROTIC ILA ADJUDICATED,10,1958691181,combined,9,770,9,0.2188773636399494,0.011688311688311689,0.006161243000312308,0.022063477414615715,0.16710623375415168,0.6270337456152256
NON FIBROTIC ILA ADJUDICATED,11,311969396,zebra,0,770,0,0.23189024211806114,0.0,0.0,0.004964141914221508,0.11052533634471677,0.26079868222778724
NON FIBROTIC ILA ADJUDICATED,11,311969396,zebra,1,769,0,0.284914488178359,0.0,0.0,0.004970565148712315,0.260816983501809,0.3094015720802739
NON FIBROTIC ILA ADJUDICATED,11,311969396,zebra,2,770,0,0.33974586718861244,0.0,0.0,0.004964141914221508,0.30949990577912817,0.3724696988576875
NON FIBROTIC ILA ADJUDICATED,11,311969396,zebra,3,769,0,0.4075654428722707,0.0,0.0,0.004970565148712315,0.37247377897948036,0.44448296297374135
NON FIBROTIC ILA ADJUDICATED,11,311969396,zebra,4,770,3,0.4908201670407205,0.003896103896103896,0.0013258926936253902,0.011391775387498288,0.4445051068049796,0.5425677717168197
NON FIBROTIC ILA ADJUDICATED,11,311969396,zebra,5,769,3,0.6033915577834216,0.0039011703511053317,0.001327618000260774,0.011406505807889416,0.54256875758474,0.6660719586266501
NON FIBROTIC ILA ADJUDICATED,11,311969396,zebra,6,769,7,0.7316368724258584,0.009102730819245773,0.004416223152723785,0.01866931220134357,0.6662717204623677,0.7905015192149166
NON FIBROTIC ILA ADJUDICATED,11,311969396,zebra,7,770,2,0.8462629913951836,0.0025974025974025974,0.0007125907061236786,0.009420568652699277,0.7906546756562879,0.8995976361619833
NON FIBROTIC ILA ADJUDICATED,11,311969396,zebra,8,769,9,0.9494057379266854,0.011703511053315995,0.006169270449727107,0.022091970677298834,0.8996621190560748,0.986141626383502
NON FIBROTIC ILA ADJUDICATED,11,311969396,zebra,9,770,20,0.9966561022262113,0.025974025974025976,0.016876091691355087,0.03977822466888089,0.9861695889495969,1.0
NON FIBROTIC ILA ADJUDICATED,11,311969396,genomic,0,770,5,0.0066015461876193565,0.006493506493506494,0.0027767335367897463,0.01510995198893538,0.0038663309487172596,0.008093531572546815
NON FIBROTIC ILA ADJUDICATED,11,311969396,genomic,1,769,6,0.009330128980754035,0.007802340702210663,0.003580646807040671,0.016917035660547395,0.008093964862361344,0.010553493352546881
NON FIBROTIC ILA ADJUDICATED,11,311969396,genomic,2,770,6,0.011729132277630127,0.007792207792207792,0.0035759904186376326,0.016895203829388215,0.010555318519051945,0.01300905540580928
NON FIBROTIC ILA ADJUDICATED,11,311969396,genomic,3,769,4,0.014516976401769039,0.005201560468140442,0.0020245891497467933,0.013297387544882687,0.013010189429192501,0.016164207548769346
NON FIBROTIC ILA ADJUDICATED,11,311969396,genomic,4,770,4,0.018163995902389277,0.005194805194805195,0.0020219574690050306,0.013280219334419372,0.016164836680616884,0.02037232247856489
NON FIBROTIC ILA ADJUDICATED,11,311969396,genomic,5,769,4,0.02346074513759933,0.005201560468140442,0.0020245891497467933,0.013297387544882687,0.02038064404346519,0.02714425084710947
NON FIBROTIC ILA ADJUDICATED,11,311969396,genomic,6,769,6,0.03258067143160151,0.007802340702210663,0.003580646807040671,0.016917035660547395,0.02714638971859707,0.03975828600771937
NON FIBROTIC ILA ADJUDICATED,11,311969396,genomic,7,770,3,0.05042688145836562,0.003896103896103896,0.0013258926936253902,0.011391775387498288,0.039760142464164816,0.06299247158784434
NON FIBROTIC ILA ADJUDICATED,11,311969396,genomic,8,769,1,0.08001096232494392,0.0013003901170351106,0.0002295876800841234,0.007328830355107483,0.06299578118539198,0.09999114881187268
NON FIBROTIC ILA ADJUDICATED,11,311969396,genomic,9,770,5,0.16228363591773112,0.006493506493506494,0.0027767335367897463,0.01510995198893538,0.09999568014055447,0.5460234432271749
NON FIBROTIC ILA ADJUDICATED,11,311969396,combined,0,770,2,0.002809953525018968,0.0025974025974025974,0.0007125907061236786,0.009420568652699277,0.0009432325729099738,0.003998670895357018
NON FIBROTIC ILA ADJUDICATED,11,311969396,combined,1,769,0,0.0052911899713639085,0.0,0.0,0.004970565148712315,0.004000115841041244,0.006625853404525809
NON FIBROTIC ILA ADJUDICATED,11,311969396,combined,2,770,5,0.00849834400161681,0.006493506493506494,0.0027767335367897463,0.01510995198893538,0.0066274034492502685,0.010543887242409768
NON FIBROTIC ILA ADJUDICATED,11,311969396,combined,3,769,0,0.013160946890487846,0.0,0.0,0.004970565148712315,0.010551207494802846,0.016080090104784717
NON FIBROTIC ILA ADJUDICATED,11,311969396,combined,4,770,1,0.019834470746599577,0.0012987012987012987,0.00022928946639889794,0.007319361170123334,0.01608361792826842,0.024380115417880387
NON FIBROTIC ILA ADJUDICATED,11,311969396,combined,5,769,1,0.030449794634283087,0.0013003901170351106,0.0002295876800841234,0.007328830355107483,0.024385462203685992,0.03785893276987293
NON FIBROTIC ILA ADJUDICATED,11,311969396,combined,6,769,4,0.047579608508566115,0.005201560468140442,0.0020245891497467933,0.013297387544882687,0.03786938111958014,0.059087519190191395
NON FIBROTIC ILA ADJUDICATED,11,311969396,combined,7,770,13,0.07847274079983257,0.016883116883116882,0.009892721428977881,0.028670033875153024,0.05911291671325563,0.10695664350240254
NON FIBROTIC ILA ADJUDICATED,11,311969396,combined,8,769,10,0.15916913357405674,0.013003901170351105,0.007078545900378475,0.023770548113126753,0.10708808686710056,0.22941588075365432
NON FIBROTIC ILA ADJUDICATED,11,311969396,combined,9,770,8,0.40324910919774754,0.01038961038961039,0.005273784940225151,0.020366426752402144,0.22970587633534822,0.8215054304301156
NON FIBROTIC ILA ADJUDICATED,12,425883930,zebra,0,770,0,0.23268490433833483,0.0,0.0,0.004964141914221508,0.11693488945217027,0.26204427209140113
NON FIBROTIC ILA ADJUDICATED,12,425883930,zebra,1,769,1,0.28703974826024253,0.0013003901170351106,0.0002295876800841234,0.007328830355107483,0.2620496868382658,0.3124457080547297
NON FIBROTIC ILA ADJUDICATED,12,425883930,zebra,2,770,0,0.34200996201959244,0.0,0.0,0.004964141914221508,0.31251658157875567,0.3743705076767218
NON FIBROTIC ILA ADJUDICATED,12,425883930,zebra,3,769,0,0.4094542374088984,0.0,0.0,0.004970565148712315,0.37442960866501057,0.4476054105974062
NON FIBROTIC ILA ADJUDICATED,12,425883930,zebra,4,770,5,0.4909761115345632,0.006493506493506494,0.0027767335367897463,0.01510995198893538,0.44767399523801377,0.541323502105738
NON FIBROTIC ILA ADJUDICATED,12,425883930,zebra,5,769,3,0.6012839953909688,0.0039011703511053317,0.001327618000260774,0.011406505807889416,0.5414675277818876,0.6624211874553052
NON FIBROTIC ILA ADJUDICATED,12,425883930,zebra,6,769,6,0.7296198902015181,0.007802340702210663,0.003580646807040671,0.016917035660547395,0.6627623675653367,0.7896104572464939
NON FIBROTIC ILA ADJUDICATED,12,425883930,zebra,7,770,2,0.8441028809114074,0.0025974025974025974,0.0007125907061236786,0.009420568652699277,0.7896947460373092,0.8994346917346799
NON FIBROTIC ILA ADJUDICATED,12,425883930,zebra,8,769,9,0.9504377691604116,0.011703511053315995,0.006169270449727107,0.022091970677298834,0.8995130441101881,0.985485854363619
NON FIBROTIC ILA ADJUDICATED,12,425883930,zebra,9,770,18,0.9963770323077358,0.023376623376623377,0.014837136266102694,0.036648162649531836,0.9855166302275155,1.0
NON FIBROTIC ILA ADJUDICATED,12,425883930,genomic,0,770,5,0.0,0.006493506493506494,0.0027767335367897463,0.01510995198893538,0.0,0.0
NON FIBROTIC ILA ADJUDICATED,12,425883930,genomic,1,769,4,0.0,0.005201560468140442,0.0020245891497467933,0.013297387544882687,0.0,0.0
NON FIBROTIC ILA ADJUDICATED,12,425883930,genomic,2,770,4,0.0,0.005194805194805195,0.0020219574690050306,0.013280219334419372,0.0,0.0
NON FIBROTIC ILA ADJUDICATED,12,425883930,genomic,3,769,5,0.0,0.006501950585175552,0.002780348414515579,0.015129481166593194,0.0,0.0
NON FIBROTIC ILA ADJUDICATED,12,425883930,genomic,4,770,5,0.0,0.006493506493506494,0.0027767335367897463,0.01510995198893538,0.0,0.0
NON FIBROTIC ILA ADJUDICATED,12,425883930,genomic,5,769,4,0.0,0.005201560468140442,0.0020245891497467933,0.013297387544882687,0.0,0.0
NON FIBROTIC ILA ADJUDICATED,12,425883930,genomic,6,769,4,0.0,0.005201560468140442,0.0020245891497467933,0.013297387544882687,0.0,0.0
NON FIBROTIC ILA ADJUDICATED,12,425883930,genomic,7,770,5,1.2304503431534048e-226,0.006493506493506494,0.0027767335367897463,0.01510995198893538,0.0,2.537033903061162e-224
NON FIBROTIC ILA ADJUDICATED,12,425883930,genomic,8,769,4,0.15656435589156606,0.005201560468140442,0.0020245891497467933,0.013297387544882687,4.686267339698561e-224,1.0
NON FIBROTIC ILA ADJUDICATED,12,425883930,genomic,9,770,4,1.0,0.005194805194805195,0.0020219574690050306,0.013280219334419372,1.0,1.0
NON FIBROTIC ILA ADJUDICATED,12,425883930,combined,0,770,1,0.0059490845220753095,0.0012987012987012987,0.00022928946639889794,0.007319361170123334,0.003178382464182255,0.007193649842476462
NON FIBROTIC ILA ADJUDICATED,12,425883930,combined,1,769,4,0.008123946839773947,0.005201560468140442,0.0020245891497467933,0.013297387544882687,0.007198882129217573,0.00901036537251747
NON FIBROTIC ILA ADJUDICATED,12,425883930,combined,2,770,0,0.01003441166870527,0.0,0.0,0.004964141914221508,0.00901712668893209,0.01110427374232866
NON FIBROTIC ILA ADJUDICATED,12,425883930,combined,3,769,0,0.012326423716822866,0.0,0.0,0.004970565148712315,0.011105194492801413,0.013873009530116267
NON FIBROTIC ILA ADJUDICATED,12,425883930,combined,4,770,0,0.016640726999568298,0.0,0.0,0.004964141914221508,0.013877692008433504,0.02105264877366209
NON FIBROTIC ILA ADJUDICATED,12,425883930,combined,5,769,5,0.029784477005309874,0.006501950585175552,0.002780348414515579,0.015129481166593194,0.021064721890524586,0.04020587333419229
NON FIBROTIC ILA ADJUDICATED,12,425883930,combined,6,769,6,0.0587773883627365,0.007802340702210663,0.003580646807040671,0.016917035660547395,0.04021120431247357,0.08483973394594202
NON FIBROTIC ILA ADJUDICATED,12,425883930,combined,7,770,6,0.12206656509476096,0.007792207792207792,0.0035759904186376326,0.016895203829388215,0.08492421336923371,0.1645046338593194
NON FIBROTIC ILA ADJUDICATED,12,425883930,combined,8,769,6,0.2202053744757027,0.007802340702210663,0.003580646807040671,0.016917035660547395,0.16459984982021147,0.2918998619257163
NON FIBROTIC ILA ADJUDICATED,12,425883930,combined,9,770,16,0.4227178183617725,0.02077922077922078,0.012830175613871217,0.033486105857161864,0.29224375460434665,0.5968242101611944
NON FIBROTIC ILA ADJUDICATED,13,1669951454,zebra,0,770,0,0.2320583518886535,0.0,0.0,0.004964141914221508,0.11693488945217027,0.2606748348571001
NON FIBROTIC ILA ADJUDICATED,13,1669951454,zebra,1,769,0,0.2862726436415673,0.0,0.0,0.004970565148712315,0.260739023049146,0.31340420890218285
NON FIBROTIC ILA ADJUDICATED,13,1669951454,zebra,2,770,0,0.34519480263131536,0.0,0.0,0.004964141914221508,0.3134172517546153,0.377684433290741
NON FIBROTIC ILA ADJUDICATED,13,1669951454,zebra,3,769,0,0.4138996615763979,0.0,0.0,0.004970565148712315,0.3777576836933187,0.4510924821872229
NON FIBROTIC ILA ADJUDICATED,13,1669951454,zebra,4,770,2,0.49637181471228126,0.0025974025974025974,0.0007125907061236786,0.009420568652699277,0.4511252383076932,0.5463347825588131
NON FIBROTIC ILA ADJUDICATED,13,1669951454,zebra,5,769,3,0.6078755610829653,0.0039011703511053317,0.001327618000260774,0.011406505807889416,0.5465039430341929,0.670885500186124
NON FIBROTIC ILA ADJUDICATED,13,1669951454,zebra,6,769,5,0.7370485488172045,0.006501950585175552,0.002780348414515579,0.015129481166593194,0.6710941022044679,0.79652570780293
NON FIBROTIC ILA ADJUDICATED,13,1669951454,zebra,7,770,3,0.8485819412139926,0.003896103896103896,0.0013258926936253902,0.011391775387498288,0.7965488582068666,0.898678320073587
NON FIBROTIC ILA ADJUDICATED,13,1669951454,zebra,8,769,8,0.9491976873424204,0.010403120936280884,0.005280654829476248,0.0203927334110704,0.8988500780327903,0.9849777659955009
NON FIBROTIC ILA ADJUDICATED,13,1669951454,zebra,9,770,23,0.9964537015358574,0.02987012987012987,0.01998520545069876,0.044422637076439384,0.9850493943061087,1.0
NON FIBROTIC ILA ADJUDICATED,13,1669951454,genomic,0,770,6,4.457002618525259e-07,0.007792207792207792,0.0035759904186376326,0.016895203829388215,5.095878927712124e-10,1.2328509685663077e-06
NON FIBROTIC ILA ADJUDICATED,13,1669951454,genomic,1,769,7,3.6609509901481436e-06,0.009102730819245773,0.004416223152723785,0.01866931220134357,1.2330937534719759e-06,7.978642244484803e-06
NON FIBROTIC ILA ADJUDICATED,13,1669951454,genomic,2,770,4,3.2526767555633384e-05,0.005194805194805195,0.0020219574690050306,0.013280219334419372,8.049598029065745e-06,9.670395222962044e-05
NON FIBROTIC ILA ADJUDICATED,13,1669951454,genomic,3,769,1,0.00034221166505721815,0.0013003901170351106,0.0002295876800841234,0.007328830355107483,9.678766344935484e-05,0.000682810326026042
NON FIBROTIC ILA ADJUDICATED,13,1669951454,genomic,4,770,2,0.001279881422173391,0.0025974025974025974,0.0007125907061236786,0.009420568652699277,0.0006848168038875487,0.0020212670204928077
NON FIBROTIC ILA ADJUDICATED,13,1669951454,genomic,5,769,1,0.0031623226521291024,0.0013003901170351106,0.0002295876800841234,0.007328830355107483,0.002023451804247628,0.00469614394885753
NON FIBROTIC ILA ADJUDICATED,13,1669951454,genomic,6,769,5,0.006960260781425588,0.006501950585175552,0.002780348414515579,0.015129481166593194,0.0046974320989777866,0.01005635627207859
NON FIBROTIC ILA ADJUDICATED,13,1669951454,genomic,7,770,10,0.01538769136832021,0.012987012987012988,0.007069333631553706,0.02373989550567504,0.010068357850209498,0.022672298588433504
NON FIBROTIC ILA ADJUDICATED,13,1669951454,genomic,8,769,3,0.0374775812335642,0.0039011703511053317,0.001327618000260774,0.011406505807889416,0.022749125151051406,0.06041563693592592
NON FIBROTIC ILA ADJUDICATED,13,1669951454,genomic,9,770,5,0.1868569261499707,0.006493506493506494,0.0027767335367897463,0.01510995198893538,0.060778430721919664,0.8887979760250638
NON FIBROTIC ILA ADJUDICATED,13,1669951454,combined,0,770,0,0.0010504559007558651,0.0,0.0,0.004964141914221508,0.0008150265641051979,0.001175401456802107
NON FIBROTIC ILA ADJUDICATED,13,1669951454,combined,1,769,0,0.0012987822915610373,0.0,0.0,0.004970565148712315,0.001175656913044686,0.0014331892988321084
NON FIBROTIC ILA ADJUDICATED,13,1669951454,combined,2,770,0,0.001589315595637616,0.0,0.0,0.004964141914221508,0.00143335391279705,0.0017834536203174224
NON FIBROTIC ILA ADJUDICATED,13,1669951454,combined,3,769,0,0.0023092822160508323,0.0,0.0,0.004970565148712315,0.0017850829499629424,0.0031099531333493888
NON FIBROTIC ILA ADJUDICATED,13,1669951454,combined,4,770,4,0.004170141513512965,0.005194805194805195,0.0020219574690050306,0.013280219334419372,0.003113491383879532,0.005164842293194957
NON FIBROTIC ILA ADJUDICATED,13,1669951454,combined,5,769,5,0.006372574370916407,0.006501950585175552,0.002780348414515579,0.015129481166593194,0.005169581001555127,0.007743098357051758
NON FIBROTIC ILA ADJUDICATED,13,1669951454,combined,6,769,4,0.009607766476973423,0.005201560468140442,0.0020245891497467933,0.013297387544882687,0.007750286985885382,0.011789574300904155
NON FIBROTIC ILA ADJUDICATED,13,1669951454,combined,7,770,4,0.01547514126301569,0.005194805194805195,0.0020219574690050306,0.013280219334419372,0.01179878225965594,0.020477747543902716
NON FIBROTIC ILA ADJUDICATED,13,1669951454,combined,8,769,8,0.029712702981833,0.010403120936280884,0.005280654829476248,0.0203927334110704,0.020496655214672317,0.043859472579109375
NON FIBROTIC ILA ADJUDICATED,13,1669951454,combined,9,770,19,0.10870249178702235,0.024675324675324677,0.015852913748522608,0.03821689388941264,0.04389072721749299,0.5304097017559838
NON FIBROTIC ILA ADJUDICATED,14,921838163,zebra,0,770,0,0.23256956214210617,0.0,0.0,0.004964141914221508,0.11893743948205666,0.2612387411577535
NON FIBROTIC ILA ADJUDICATED,14,921838163,zebra,1,769,1,0.2879002089163159,0.0013003901170351106,0.0002295876800841234,0.007328830355107483,0.2612672167631389,0.31356746728511165
NON FIBROTIC ILA ADJUDICATED,14,921838163,zebra,2,770,0,0.34366769085611926,0.0,0.0,0.004964141914221508,0.3136785307331101,0.37642268181506194
NON FIBROTIC ILA ADJUDICATED,14,921838163,zebra,3,769,0,0.412050993697013,0.0,0.0,0.004970565148712315,0.3764296412545548,0.44919589166398927
NON FIBROTIC ILA ADJUDICATED,14,921838163,zebra,4,770,0,0.49550467961626987,0.0,0.0,0.004964141914221508,0.4492273624574113,0.5489087371452143
NON FIBROTIC ILA ADJUDICATED,14,921838163,zebra,5,769,2,0.6109262221964615,0.002600780234070221,0.0007135177289523901,0.009432753192718508,0.5492421374480195,0.6725739313602688
NON FIBROTIC ILA ADJUDICATED,14,921838163,zebra,6,769,6,0.7378812634093884,0.007802340702210663,0.003580646807040671,0.016917035660547395,0.6726708815268825,0.7931774164190927
NON FIBROTIC ILA ADJUDICATED,14,921838163,zebra,7,770,3,0.8469520266631039,0.003896103896103896,0.0013258926936253902,0.011391775387498288,0.7932433714207565,0.9005135956656438
NON FIBROTIC ILA ADJUDICATED,14,921838163,zebra,8,769,10,0.952769133744534,0.013003901170351105,0.007078545900378475,0.023770548113126753,0.900531782719916,0.9866507123571717
NON FIBROTIC ILA ADJUDICATED,14,921838163,zebra,9,770,22,0.9967110100372585,0.02857142857142857,0.018942666074440347,0.04288066773039707,0.9866710311229844,1.0
NON FIBROTIC ILA ADJUDICATED,14,921838163,genomic,0,770,8,6.908590361000888e-07,0.01038961038961039,0.005273784940225151,0.020366426752402144,2.2537210036245585e-09,1.6153528881815903e-06
NON FIBROTIC ILA ADJUDICATED,14,921838163,genomic,1,769,1,3.3454537845253896e-06,0.0013003901170351106,0.0002295876800841234,0.007328830355107483,1.6158904425396846e-06,5.668848856729125e-06
NON FIBROTIC ILA ADJUDICATED,14,921838163,genomic,2,770,4,9.565319066512315e-06,0.005194805194805195,0.0020219574690050306,0.013280219334419372,5.671624440983796e-06,1.4846531241034004e-05
NON FIBROTIC ILA ADJUDICATED,14,921838163,genomic,3,769,4,2.4111411693481836e-05,0.005201560468140442,0.0020245891497467933,0.013297387544882687,1.4915876887073875e-05,3.719499625227036e-05
NON FIBROTIC ILA ADJUDICATED,14,921838163,genomic,4,770,3,5.903411968934509e-05,0.003896103896103896,0.0013258926936253902,0.011391775387498288,3.72015458366656e-05,8.756379739333081e-05
NON FIBROTIC ILA ADJUDICATED,14,921838163,genomic,5,769,3,0.0001476119190974848,0.0039011703511053317,0.001327618000260774,0.011406505807889416,8.759564633997756e-05,0.000233015840485579
NON FIBROTIC ILA ADJUDICATED,14,921838163,genomic,6,769,5,0.0004320465861259181,0.006501950585175552,0.002780348414515579,0.015129481166593194,0.00023332190188096464,0.0007256147300741308
NON FIBROTIC ILA ADJUDICATED,14,921838163,genomic,7,770,5,0.0013461618795182146,0.006493506493506494,0.0027767335367897463,0.01510995198893538,0.0007262284638691899,0.0022948803265151717
NON FIBROTIC ILA ADJUDICATED,14,921838163,genomic,8,769,6,0.004970580329984179,0.007802340702210663,0.003580646807040671,0.016917035660547395,0.0022981608916759675,0.009565314220771044
NON FIBROTIC ILA ADJUDICATED,14,921838163,genomic,9,770,5,0.05988969515367682,0.006493506493506494,0.0027767335367897463,0.01510995198893538,0.009578244975194793,0.8249855421850951
NON FIBROTIC ILA ADJUDICATED,14,921838163,combined,0,770,0,0.0062924081933205585,0.0,0.0,0.004964141914221508,0.001962971640165353,0.008885440565934414
NON FIBROTIC ILA ADJUDICATED,14,921838163,combined,1,769,0,0.011210389312621973,0.0,0.0,0.004970565148712315,0.008898692577566697,0.01379063529070463
NON FIBROTIC ILA ADJUDICATED,14,921838163,combined,2,770,1,0.017283679183308018,0.0012987012987012987,0.00022928946639889794,0.007319361170123334,0.013799789266500205,0.021449060191021288
NON FIBROTIC ILA ADJUDICATED,14,921838163,combined,3,769,1,0.026998294447697427,0.0013003901170351106,0.0002295876800841234,0.007328830355107483,0.021455176923881263,0.03415285043214422
NON FIBROTIC ILA ADJUDICATED,14,921838163,combined,4,770,4,0.04498629322778194,0.005194805194805195,0.0020219574690050306,0.013280219334419372,0.034198980200501494,0.05739971304108483
NON FIBROTIC ILA ADJUDICATED,14,921838163,combined,5,769,1,0.07266375565863208,0.0013003901170351106,0.0002295876800841234,0.007328830355107483,0.05744953095855023,0.0880879311808872
NON FIBROTIC ILA ADJUDICATED,14,921838163,combined,6,769,4,0.10830887561301208,0.005201560468140442,0.0020245891497467933,0.013297387544882687,0.0881069146256688,0.1297508211492608
NON FIBROTIC ILA ADJUDICATED,14,921838163,combined,7,770,12,0.156147902853919,0.015584415584415584,0.008937040176158829,0.027041206405671363,0.12998246366444857,0.18709958934069706
NON FIBROTIC ILA ADJUDICATED,14,921838163,combined,8,769,7,0.22857352464355746,0.009102730819245773,0.004416223152723785,0.01866931220134357,0.1871106446032332,0.2812126807819499
NON FIBROTIC ILA ADJUDICATED,14,921838163,combined,9,770,14,0.383184873553229,0.01818181818181818,0.010860915582275707,0.030286348444155925,0.28123146102067603,0.7275520203151166
NON FIBROTIC ILA ADJUDICATED,15,1097924242,zebra,0,770,0,0.2322118228668816,0.0,0.0,0.004964141914221508,0.11693488945217027,0.2595342312515357
NON FIBROTIC ILA ADJUDICATED,15,1097924242,zebra,1,769,1,0.284935554404856,0.0013003901170351106,0.0002295876800841234,0.007328830355107483,0.2595377195273793,0.3103973802089924
NON FIBROTIC ILA ADJUDICATED,15,1097924242,zebra,2,770,0,0.3403666176984862,0.0,0.0,0.004964141914221508,0.31044486610500327,0.3729807235971536
NON FIBROTIC ILA ADJUDICATED,15,1097924242,zebra,3,769,0,0.4097596075531738,0.0,0.0,0.004970565148712315,0.37318045080654094,0.4467701350760617
NON FIBROTIC ILA ADJUDICATED,15,1097924242,zebra,4,770,4,0.49072570149608424,0.005194805194805195,0.0020219574690050306,0.013280219334419372,0.4469084238668026,0.5404581129876334
NON FIBROTIC ILA ADJUDICATED,15,1097924242,zebra,5,769,2,0.6008356713938291,0.002600780234070221,0.0007135177289523901,0.009432753192718508,0.5405732793825522,0.6623843890260755
NON FIBROTIC ILA ADJUDICATED,15,1097924242,zebra,6,769,3,0.7267595550242125,0.0039011703511053317,0.001327618000260774,0.011406505807889416,0.6624211874553052,0.7878936645699718
NON FIBROTIC ILA ADJUDICATED,15,1097924242,zebra,7,770,5,0.843444698041433,0.006493506493506494,0.0027767335367897463,0.01510995198893538,0.7878968031994966,0.8981981904698892
NON FIBROTIC ILA ADJUDICATED,15,1097924242,zebra,8,769,10,0.9501430057999971,0.013003901170351105,0.007078545900378475,0.023770548113126753,0.8982626651812129,0.9859988523659691
NON FIBROTIC ILA ADJUDICATED,15,1097924242,zebra,9,770,19,0.9964316202727231,0.024675324675324677,0.015852913748522608,0.03821689388941264,0.9860089016090301,1.0
NON FIBROTIC ILA ADJUDICATED,15,1097924242,genomic,0,770,7,1.447428648035406e-06,0.00909090909090909,0.004410478976495486,0.01864522399383109,3.192022541983608e-08,3.477292520539492e-06
NON FIBROTIC ILA ADJUDICATED,15,1097924242,genomic,1,769,4,7.613087816625071e-06,0.005201560468140442,0.0020245891497467933,0.013297387544882687,3.4875147426654206e-06,1.3365308929193057e-05
NON FIBROTIC ILA ADJUDICATED,15,1097924242,genomic,2,770,6,2.2798026028068875e-05,0.007792207792207792,0.0035759904186376326,0.016895203829388215,1.3375955523534585e-05,3.6226133188567205e-05
NON FIBROTIC ILA ADJUDICATED,15,1097924242,genomic,3,769,5,5.9389541980486095e-05,0.006501950585175552,0.002780348414515579,0.015129481166593194,3.622663438441763e-05,8.991304276185422e-05
NON FIBROTIC ILA ADJUDICATED,15,1097924242,genomic,4,770,5,0.0001410441363003633,0.006493506493506494,0.0027767335367897463,0.01510995198893538,9.013394226761742e-05,0.00021132608424675556
NON FIBROTIC ILA ADJUDICATED,15,1097924242,genomic,5,769,3,0.0003342325128123469,0.0039011703511053317,0.001327618000260774,0.011406505807889416,0.00021134932586124318,0.0004976296641978617
NON FIBROTIC ILA ADJUDICATED,15,1097924242,genomic,6,769,4,0.0008438046504097028,0.005201560468140442,0.0020245891497467933,0.013297387544882687,0.0004984630553852102,0.001285792105685693
NON FIBROTIC ILA ADJUDICATED,15,1097924242,genomic,7,770,1,0.002223700346108451,0.0012987012987012987,0.00022928946639889794,0.007319361170123334,0.0012882840153623518,0.0035948911747756655
NON FIBROTIC ILA ADJUDICATED,15,1097924242,genomic,8,769,5,0.0074169817511534585,0.006501950585175552,0.002780348414515579,0.015129481166593194,0.0036036971858143395,0.013930619460460916
NON FIBROTIC ILA ADJUDICATED,15,1097924242,genomic,9,770,4,0.10507520429979085,0.005194805194805195,0.0020219574690050306,0.013280219334419372,0.013936647153598452,0.9921014074826998
NON FIBROTIC ILA ADJUDICATED,15,1097924242,combined,0,770,0,0.005541709037387828,0.0,0.0,0.004964141914221508,0.0026847557249007952,0.006746733009909073
NON FIBROTIC ILA ADJUDICATED,15,1097924242,combined,1,769,2,0.007769256395923312,0.002600780234070221,0.0007135177289523901,0.009432753192718508,0.0067477726578620756,0.008750860550173404
NON FIBROTIC ILA ADJUDICATED,15,1097924242,combined,2,770,1,0.009831926739354784,0.0012987012987012987,0.00022928946639889794,0.007319361170123334,0.008752894363381745,0.010928737130759794
NON FIBROTIC ILA ADJUDICATED,15,1097924242,combined,3,769,0,0.01235884331709168,0.0,0.0,0.004970565148712315,0.010928855596535295,0.014007700175225108
NON FIBROTIC ILA ADJUDICATED,15,1097924242,combined,4,770,3,0.016208716358685715,0.003896103896103896,0.0013258926936253902,0.011391775387498288,0.014011366722380387,0.01880111399484294
NON FIBROTIC ILA ADJUDICATED,15,1097924242,combined,5,769,3,0.022942823714721033,0.0039011703511053317,0.001327618000260774,0.011406505807889416,0.018804040008222018,0.02818909514686785
NON FIBROTIC ILA ADJUDICATED,15,1097924242,combined,6,769,7,0.03683333097187846,0.009102730819245773,0.004416223152723785,0.01866931220134357,0.028201798565186512,0.04661314652532462
NON FIBROTIC ILA ADJUDICATED,15,1097924242,combined,7,770,6,0.058727531465078996,0.007792207792207792,0.0035759904186376326,0.016895203829388215,0.046630477941737414,0.0735484161173677
NON FIBROTIC ILA ADJUDICATED,15,1097924242,combined,8,769,6,0.09281216986956119,0.007802340702210663,0.003580646807040671,0.016917035660547395,0.07365858291437871,0.11732281038864663
NON FIBROTIC ILA ADJUDICATED,15,1097924242,combined,9,770,16,0.18846254902564338,0.02077922077922078,0.012830175613871217,0.033486105857161864,0.117431548134188,0.6017358941946694
NON FIBROTIC ILA ADJUDICATED,16,1277463552,zebra,0,770,0,0.23232233220246348,0.0,0.0,0.004964141914221508,0.11052533634471677,0.26325889448435086
NON FIBROTIC ILA ADJUDICATED,16,1277463552,zebra,1,769,1,0.28796758563894215,0.0013003901170351106,0.0002295876800841234,0.007328830355107483,0.2632649879309582,0.31291398691300093
NON FIBROTIC ILA ADJUDICATED,16,1277463552,zebra,2,770,0,0.342994200060135,0.0,0.0,0.004964141914221508,0.3130216655048263,0.37623856999212185
NON FIBROTIC ILA ADJUDICATED,16,1277463552,zebra,3,769,0,0.4124540592705203,0.0,0.0,0.004970565148712315,0.3762924089016528,0.4490266141978036
NON FIBROTIC ILA ADJUDICATED,16,1277463552,zebra,4,770,3,0.4933415142386981,0.003896103896103896,0.0013258926936253902,0.011391775387498288,0.44907869130306804,0.5425099846580176
NON FIBROTIC ILA ADJUDICATED,16,1277463552,zebra,5,769,3,0.6033440391185994,0.0039011703511053317,0.001327618000260774,0.011406505807889416,0.5425467058335705,0.6652446793833273
NON FIBROTIC ILA ADJUDICATED,16,1277463552,zebra,6,769,3,0.7319706034821195,0.0039011703511053317,0.001327618000260774,0.011406505807889416,0.6653217800268115,0.7921103357490558
NON FIBROTIC ILA ADJUDICATED,16,1277463552,zebra,7,770,4,0.8482522847870212,0.005194805194805195,0.0020219574690050306,0.013280219334419372,0.7921354450694238,0.9001264789018816
NON FIBROTIC ILA ADJUDICATED,16,1277463552,zebra,8,769,9,0.9509866533574708,0.011703511053315995,0.006169270449727107,0.022091970677298834,0.9001362981113881,0.9862464078157572
NON FIBROTIC ILA ADJUDICATED,16,1277463552,zebra,9,770,21,0.9967232118063246,0.02727272727272727,0.017906160074157684,0.04133266500837901,0.9863920183099711,1.0
NON FIBROTIC ILA ADJUDICATED,16,1277463552,genomic,0,770,5,0.00015328231305911,0.006493506493506494,0.0027767335367897463,0.01510995198893538,0.00012980809641898304,0.00016926993339225346
NON FIBROTIC ILA ADJUDICATED,16,1277463552,genomic,1,769,7,0.0001803042437825129,0.009102730819245773,0.004416223152723785,0.01866931220134357,0.00016927696143780046,0.00019262307836670364
NON FIBROTIC ILA ADJUDICATED,16,1277463552,genomic,2,770,5,0.00020738005324282373,0.006493506493506494,0.0027767335367897463,0.01510995198893538,0.0001926278726485566,0.00022323611098386584
NON FIBROTIC ILA ADJUDICATED,16,1277463552,genomic,3,769,5,0.0002420370918999582,0.006501950585175552,0.002780348414515579,0.015129481166593194,0.00022324349166325812,0.0002623078679276046
NON FIBROTIC ILA ADJUDICATED,16,1277463552,genomic,4,770,3,0.0002914448056057838,0.003896103896103896,0.0013258926936253902,0.011391775387498288,0.0002623195873855883,0.00032692281256269107
NON FIBROTIC ILA ADJUDICATED,16,1277463552,genomic,5,769,5,0.0004013403694410468,0.006501950585175552,0.002780348414515579,0.015129481166593194,0.00032696072216637883,0.0005308153924594828
NON FIBROTIC ILA ADJUDICATED,16,1277463552,genomic,6,769,0,0.04232975112831959,0.0,0.0,0.004970565148712315,0.0005309030860235121,0.06622384207132498
NON FIBROTIC ILA ADJUDICATED,16,1277463552,genomic,7,770,5,0.07440575869114664,0.006493506493506494,0.0027767335367897463,0.01510995198893538,0.06623519377535701,0.08266820171230059
NON FIBROTIC ILA ADJUDICATED,16,1277463552,genomic,8,769,5,0.09470085612258827,0.006501950585175552,0.002780348414515579,0.015129481166593194,0.0826793251830316,0.10983625774292703
NON FIBROTIC ILA ADJUDICATED,16,1277463552,genomic,9,770,4,0.15830090647649078,0.005194805194805195,0.0020219574690050306,0.013280219334419372,0.1098875681733642,0.4630119907684357
NON FIBROTIC ILA ADJUDICATED,16,1277463552,combined,0,770,0,0.007589310463572776,0.0,0.0,0.004964141914221508,0.00461605104227365,0.00875026482413437
NON FIBROTIC ILA ADJUDICATED,16,1277463552,combined,1,769,0,0.009605418120912326,0.0,0.0,0.004970565148712315,0.008750377701399397,0.010467768674237498
NON FIBROTIC ILA ADJUDICATED,16,1277463552,combined,2,770,1,0.011376435988056918,0.0012987012987012987,0.00022928946639889794,0.007319361170123334,0.010468030330903393,0.012474254189384219
NON FIBROTIC ILA ADJUDICATED,16,1277463552,combined,3,769,0,0.014025902529396735,0.0,0.0,0.004970565148712315,0.012474286898990277,0.016421000459405286
NON FIBROTIC ILA ADJUDICATED,16,1277463552,combined,4,770,2,0.025362009764626034,0.0025974025974025974,0.0007125907061236786,0.009420568652699277,0.016463067897962327,0.036517584286903035
NON FIBROTIC ILA ADJUDICATED,16,1277463552,combined,5,769,4,0.04569508914424427,0.005201560468140442,0.0020245891497467933,0.013297387544882687,0.03652861392848496,0.055138908207388114
NON FIBROTIC ILA ADJUDICATED,16,1277463552,combined,6,769,8,0.06549238457772122,0.010403120936280884,0.005280654829476248,0.0203927334110704,0.05516244522914486,0.07778637421333422
NON FIBROTIC ILA ADJUDICATED,16,1277463552,combined,7,770,7,0.09336700192179634,0.00909090909090909,0.004410478976495486,0.01864522399383109,0.07779784428903916,0.10967837403934053
NON FIBROTIC ILA ADJUDICATED,16,1277463552,combined,8,769,10,0.13184601948983726,0.013003901170351105,0.007078545900378475,0.023770548113126753,0.1096824507664732,0.15716070109989855
NON FIBROTIC ILA ADJUDICATED,16,1277463552,combined,9,770,12,0.20926935413985853,0.015584415584415584,0.008937040176158829,0.027041206405671363,0.15716083380827867,0.41802499450560326
NON FIBROTIC ILA ADJUDICATED,17,1489146622,zebra,0,770,0,0.2323870358168017,0.0,0.0,0.004964141914221508,0.11693488945217027,0.26192651739885753
NON FIBROTIC ILA ADJUDICATED,17,1489146622,zebra,1,769,1,0.28733795585006033,0.0013003901170351106,0.0002295876800841234,0.007328830355107483,0.2620496868382658,0.31382641006507933
NON FIBROTIC ILA ADJUDICATED,17,1489146622,zebra,2,770,0,0.3445441677225617,0.0,0.0,0.004964141914221508,0.3138532163788822,0.37661447713663365
NON FIBROTIC ILA ADJUDICATED,17,1489146622,zebra,3,769,0,0.4104947637426974,0.0,0.0,0.004970565148712315,0.3767025563913176,0.44672905390816225
NON FIBROTIC ILA ADJUDICATED,17,1489146622,zebra,4,770,3,0.49154358764570416,0.003896103896103896,0.0013258926936253902,0.011391775387498288,0.4467701350760617,0.5418524641444505
NON FIBROTIC ILA ADJUDICATED,17,1489146622,zebra,5,769,3,0.6018147580259593,0.0039011703511053317,0.001327618000260774,0.011406505807889416,0.5418736368405029,0.6609998749213049
NON FIBROTIC ILA ADJUDICATED,17,1489146622,zebra,6,769,5,0.7272403754631872,0.006501950585175552,0.002780348414515579,0.015129481166593194,0.6610983369942656,0.7883002137996314
NON FIBROTIC ILA ADJUDICATED,17,1489146622,zebra,7,770,1,0.8437398600127569,0.0012987012987012987,0.00022928946639889794,0.007319361170123334,0.7886569174016548,0.8976926765875893
NON FIBROTIC ILA ADJUDICATED,17,1489146622,zebra,8,769,10,0.9490950302632382,0.013003901170351105,0.007078545900378475,0.023770548113126753,0.8977089528063704,0.9856611905222097
NON FIBROTIC ILA ADJUDICATED,17,1489146622,zebra,9,770,21,0.9964957784524971,0.02727272727272727,0.017906160074157684,0.04133266500837901,0.9856793662718599,1.0
NON FIBROTIC ILA ADJUDICATED,17,1489146622,genomic,0,770,6,4.554542002838766e-26,0.007792207792207792,0.0035759904186376326,0.016895203829388215,2.910235207711188e-63,6.989453790530802e-25
NON FIBROTIC ILA ADJUDICATED,17,1489146622,genomic,1,769,5,3.776208055580293e-21,0.006501950585175552,0.002780348414515579,0.015129481166593194,7.151320849086178e-25,3.440056687314638e-20
NON FIBROTIC ILA ADJUDICATED,17,1489146622,genomic,2,770,2,2.8679879496590568e-18,0.0025974025974025974,0.0007125907061236786,0.009420568652699277,3.469781918287497e-20,1.600386661470713e-17
NON FIBROTIC ILA ADJUDICATED,17,1489146622,genomic,3,769,5,3.450614228852264e-16,0.006501950585175552,0.002780348414515579,0.015129481166593194,1.606999311560658e-17,1.496851268495476e-15
NON FIBROTIC ILA ADJUDICATED,17,1489146622,genomic,4,770,4,1.9873549057372837e-14,0.005194805194805195,0.0020219574690050306,0.013280219334419372,1.5050871667476068e-15,7.636051947188233e-14
NON FIBROTIC ILA ADJUDICATED,17,1489146622,genomic,5,769,4,7.985195601298022e-13,0.005201560468140442,0.0020245891497467933,0.013297387544882687,7.649368609094893e-14,2.8259239376989862e-12
NON FIBROTIC ILA ADJUDICATED,17,1489146622,genomic,6,769,3,2.1489782201288914e-11,0.0039011703511053317,0.001327618000260774,0.011406505807889416,2.854225559458452e-12,7.404474340155387e-11
NON FIBROTIC ILA ADJUDICATED,17,1489146622,genomic,7,770,3,7.069525784466992e-10,0.003896103896103896,0.0013258926936253902,0.011391775387498288,7.417014277361565e-11,2.6684601349102674e-09
NON FIBROTIC ILA ADJUDICATED,17,1489146622,genomic,8,769,6,7.942802969263437e-08,0.007802340702210663,0.003580646807040671,0.016917035660547395,2.675945219648029e-09,5.319533024389266e-07
NON FIBROTIC ILA ADJUDICATED,17,1489146622,genomic,9,770,6,0.26084644835391785,0.007792207792207792,0.0035759904186376326,0.016895203829388215,5.362589985142598e-07,1.0
NON FIBROTIC ILA ADJUDICATED,17,1489146622,combined,0,770,0,0.006169643650972332,0.0,0.0,0.004964141914221508,0.0040487892629608516,0.0069554249134842925
NON FIBROTIC ILA ADJUDICATED,17,1489146622,combined,1,769,1,0.007562540261874188,0.0013003901170351106,0.0002295876800841234,0.007328830355107483,0.006955714398396733,0.008205541244968797
NON FIBROTIC ILA ADJUDICATED,17,1489146622,combined,2,770,2,0.00894416660476027,0.0025974025974025974,0.0007125907061236786,0.009420568652699277,0.0082068440946836,0.009781176027749711
NON FIBROTIC ILA ADJUDICATED,17,1489146622,combined,3,769,0,0.011280601146966189,0.0,0.0,0.004970565148712315,0.009787371892996987,0.013680692989929223
NON FIBROTIC ILA ADJUDICATED,17,1489146622,combined,4,770,3,0.017505333312594424,0.003896103896103896,0.0013258926936253902,0.011391775387498288,0.013689843307487112,0.021667736910564495
NON FIBROTIC ILA ADJUDICATED,17,1489146622,combined,5,769,3,0.02612981358718379,0.0039011703511053317,0.001327618000260774,0.011406505807889416,0.02167404846353442,0.031544435972999336
NON FIBROTIC ILA ADJUDICATED,17,1489146622,combined,6,769,9,0.04066135761631815,0.011703511053315995,0.006169270449727107,0.022091970677298834,0.03154949759935573,0.052273950740013536
NON FIBROTIC ILA ADJUDICATED,17,1489146622,combined,7,770,10,0.06788534003151575,0.012987012987012988,0.007069333631553706,0.02373989550567504,0.05227871134075064,0.08526962423875015
NON FIBROTIC ILA ADJUDICATED,17,1489146622,combined,8,769,8,0.10714309723618523,0.010403120936280884,0.005280654829476248,0.0203927334110704,0.08546487414462917,0.13459484893598567
NON FIBROTIC ILA ADJUDICATED,17,1489146622,combined,9,770,8,0.19712183063905858,0.01038961038961039,0.005273784940225151,0.020366426752402144,0.1346264950475463,0.43190440263156243
NON FIBROTIC ILA ADJUDICATED,18,1118144485,zebra,0,770,0,0.23213460631553903,0.0,0.0,0.004964141914221508,0.11893743948205666,0.26115603578262536
NON FIBROTIC ILA ADJUDICATED,18,1118144485,zebra,1,769,0,0.2861169046857836,0.0,0.0,0.004970565148712315,0.2611638888339737,0.31121606017594466
NON FIBROTIC ILA ADJUDICATED,18,1118144485,zebra,2,770,0,0.3416170310885779,0.0,0.0,0.004964141914221508,0.31149522918890044,0.37474196822514005
NON FIBROTIC ILA ADJUDICATED,18,1118144485,zebra,3,769,0,0.41216004164660036,0.0,0.0,0.004970565148712315,0.3747569958824861,0.4490266141978036
NON FIBROTIC ILA ADJUDICATED,18,1118144485,zebra,4,770,2,0.4930848346190913,0.0025974025974025974,0.0007125907061236786,0.009420568652699277,0.44907869130306804,0.5418524641444505
NON FIBROTIC ILA ADJUDICATED,18,1118144485,zebra,5,769,2,0.6026953339859406,0.002600780234070221,0.0007135177289523901,0.009432753192718508,0.5421931634455274,0.6644660370297129
NON FIBROTIC ILA ADJUDICATED,18,1118144485,zebra,6,769,6,0.7314456652183443,0.007802340702210663,0.003580646807040671,0.016917035660547395,0.6645452526215558,0.7955217259992097
NON FIBROTIC ILA ADJUDICATED,18,1118144485,zebra,7,770,4,0.8499723581343009,0.005194805194805195,0.0020219574690050306,0.013280219334419372,0.7956201096020127,0.9025379816417298
NON FIBROTIC ILA ADJUDICATED,18,1118144485,zebra,8,769,9,0.9525367396220348,0.011703511053315995,0.006169270449727107,0.022091970677298834,0.9025689321917897,0.9859988523659691
NON FIBROTIC ILA ADJUDICATED,18,1118144485,zebra,9,770,21,0.9965666641306846,0.02727272727272727,0.017906160074157684,0.04133266500837901,0.9860089016090301,1.0
NON FIBROTIC ILA ADJUDICATED,18,1118144485,genomic,0,770,9,3.0641450083511216e-06,0.011688311688311689,0.006161243000312308,0.022063477414615715,4.552468373367501e-07,4.885340858848107e-06
NON FIBROTIC ILA ADJUDICATED,18,1118144485,genomic,1,769,3,6.726319788367266e-06,0.0039011703511053317,0.001327618000260774,0.011406505807889416,4.890238388110386e-06,8.619583573733054e-06
NON FIBROTIC ILA ADJUDICATED,18,1118144485,genomic,2,770,5,1.130465112487134e-05,0.006493506493506494,0.0027767335367897463,0.01510995198893538,8.643428935442395e-06,1.4275489651736856e-05
NON FIBROTIC ILA ADJUDICATED,18,1118144485,genomic,3,769,2,1.8132007692507173e-05,0.002600780234070221,0.0007135177289523901,0.009432753192718508,1.4292211105262667e-05,2.2591179816462377e-05
NON FIBROTIC ILA ADJUDICATED,18,1118144485,genomic,4,770,5,3.059446736868844e-05,0.006493506493506494,0.0027767335367897463,0.01510995198893538,2.2599340811020554e-05,4.1416008981499997e-05
NON FIBROTIC ILA ADJUDICATED,18,1118144485,genomic,5,769,2,6.0104097247967457e-05,0.002600780234070221,0.0007135177289523901,0.009432753192718508,4.144413581026974e-05,8.77619187198005e-05
NON FIBROTIC ILA ADJUDICATED,18,1118144485,genomic,6,769,5,0.00018817119920129123,0.006501950585175552,0.002780348414515579,0.015129481166593194,8.792022643143648e-05,0.00044417515012770003
NON FIBROTIC ILA ADJUDICATED,18,1118144485,genomic,7,770,6,0.002148302971321947,0.007792207792207792,0.0035759904186376326,0.016895203829388215,0.00044514602023721864,0.004640303635287172
NON FIBROTIC ILA ADJUDICATED,18,1118144485,genomic,8,769,6,0.009893527284340162,0.007802340702210663,0.003580646807040671,0.016917035660547395,0.004648146076032891,0.018368086302206727
NON FIBROTIC ILA ADJUDICATED,18,1118144485,genomic,9,770,1,0.0815421777845936,0.0012987012987012987,0.00022928946639889794,0.007319361170123334,0.018389589495350696,0.9759880588794536
NON FIBROTIC ILA ADJUDICATED,18,1118144485,combined,0,770,0,0.00761747201911299,0.0,0.0,0.004964141914221508,0.0029692416757858887,0.010221461663238209
NON FIBROTIC ILA ADJUDICATED,18,1118144485,combined,1,769,0,0.012674136597437642,0.0,0.0,0.004970565148712315,0.010231115515415463,0.015371353226497495
NON FIBROTIC ILA ADJUDICATED,18,1118144485,combined,2,770,0,0.018621667280859792,0.0,0.0,0.004964141914221508,0.015381223958542087,0.021951983776900358
NON FIBROTIC ILA ADJUDICATED,18,1118144485,combined,3,769,3,0.025369147443181563,0.0039011703511053317,0.001327618000260774,0.011406505807889416,0.0219537116620899,0.029145387797439918
NON FIBROTIC ILA ADJUDICATED,18,1118144485,combined,4,770,1,0.03433661033400462,0.0012987012987012987,0.00022928946639889794,0.007319361170123334,0.02914935689416744,0.04207998489581205
NON FIBROTIC ILA ADJUDICATED,18,1118144485,combined,5,769,7,0.052219670134348216,0.009102730819245773,0.004416223152723785,0.01866931220134357,0.042141576858816435,0.06455868757992968
NON FIBROTIC ILA ADJUDICATED,18,1118144485,combined,6,769,3,0.08166598264134763,0.0039011703511053317,0.001327618000260774,0.011406505807889416,0.0645854266900757,0.10040259843314037
NON FIBROTIC ILA ADJUDICATED,18,1118144485,combined,7,770,8,0.12429818282207244,0.01038961038961039,0.005273784940225151,0.020366426752402144,0.10057266293237384,0.15182412719741792
NON FIBROTIC ILA ADJUDICATED,18,1118144485,combined,8,769,8,0.18538069164406826,0.010403120936280884,0.005280654829476248,0.0203927334110704,0.15183659860876267,0.23143405953664148
NON FIBROTIC ILA ADJUDICATED,18,1118144485,combined,9,770,14,0.3706039418667635,0.01818181818181818,0.010860915582275707,0.030286348444155925,0.23164112747836776,0.7824392472458164
NON FIBROTIC ILA ADJUDICATED,19,1830295150,zebra,0,770,0,0.2312239718270975,0.0,0.0,0.004964141914221508,0.11052533634471677,0.26004792933185844
NON FIBROTIC ILA ADJUDICATED,19,1830295150,zebra,1,769,1,0.28602788235846005,0.0013003901170351106,0.0002295876800841234,0.007328830355107483,0.2601716094949649,0.3124457080547297
NON FIBROTIC ILA ADJUDICATED,19,1830295150,zebra,2,770,0,0.343701314548098,0.0,0.0,0.004964141914221508,0.31251658157875567,0.3770942218096785
NON FIBROTIC ILA ADJUDICATED,19,1830295150,zebra,3,769,0,0.4122555931941602,0.0,0.0,0.004970565148712315,0.3771495928919676,0.44870746992347377
NON FIBROTIC ILA ADJUDICATED,19,1830295150,zebra,4,770,4,0.4963274981090494,0.005194805194805195,0.0020219574690050306,0.013280219334419372,0.4488211359125135,0.5467035283462399
NON FIBROTIC ILA ADJUDICATED,19,1830295150,zebra,5,769,3,0.6076184857276206,0.0039011703511053317,0.001327618000260774,0.011406505807889416,0.5469272394072229,0.6705597758755064
NON FIBROTIC ILA ADJUDICATED,19,1830295150,zebra,6,769,7,0.7394007111917681,0.009102730819245773,0.004416223152723785,0.01866931220134357,0.6707551341419131,0.8018329527616621
NON FIBROTIC ILA ADJUDICATED,19,1830295150,zebra,7,770,3,0.8545443219978605,0.003896103896103896,0.0013258926936253902,0.011391775387498288,0.8021052968796806,0.9080599729972352
NON FIBROTIC ILA ADJUDICATED,19,1830295150,zebra,8,769,7,0.9536481883598165,0.009102730819245773,0.004416223152723785,0.01866931220134357,0.9080829364546333,0.9860235587738928
NON FIBROTIC ILA ADJUDICATED,19,1830295150,zebra,9,770,19,0.9966563297213339,0.024675324675324677,0.015852913748522608,0.03821689388941264,0.9860584996624647,1.0
NON FIBROTIC ILA ADJUDICATED,19,1830295150,genomic,0,770,6,0.0,0.007792207792207792,0.0035759904186376326,0.016895203829388215,0.0,0.0
NON FIBROTIC ILA ADJUDICATED,19,1830295150,genomic,1,769,3,0.0,0.0039011703511053317,0.001327618000260774,0.011406505807889416,0.0,0.0
NON FIBROTIC ILA ADJUDICATED,19,1830295150,genomic,2,770,5,3.0039391409736806e-277,0.006493506493506494,0.0027767335367897463,0.01510995198893538,0.0,4.912177825227179e-275
NON FIBROTIC ILA ADJUDICATED,19,1830295150,genomic,3,769,4,1.1929007460055458e-196,0.005201560468140442,0.0020245891497467933,0.013297387544882687,1.0349344428207067e-274,1.2132495832119488e-194
NON FIBROTIC ILA ADJUDICATED,19,1830295150,genomic,4,770,6,3.5633824066055504e-132,0.007792207792207792,0.0035759904186376326,0.016895203829388215,1.382162827046579e-194,3.798199647553942e-130
NON FIBROTIC ILA ADJUDICATED,19,1830295150,genomic,5,769,4,6.51373458919646e-69,0.005201560468140442,0.0020245891497467933,0.013297387544882687,5.311308597551774e-130,8.960761792972119e-67
NON FIBROTIC ILA ADJUDICATED,19,1830295150,genomic,6,769,4,0.12483837515405281,0.005201560468140442,0.0020245891497467933,0.013297387544882687,1.0566700841480866e-66,0.9999999999944185
NON FIBROTIC ILA ADJUDICATED,19,1830295150,genomic,7,770,4,0.9999999999999764,0.005194805194805195,0.0020219574690050306,0.013280219334419372,0.9999999999948694,1.0
NON FIBROTIC ILA ADJUDICATED,19,1830295150,genomic,8,769,1,1.0,0.0013003901170351106,0.0002295876800841234,0.007328830355107483,1.0,1.0
NON FIBROTIC ILA ADJUDICATED,19,1830295150,genomic,9,770,7,1.0,0.00909090909090909,0.004410478976495486,0.01864522399383109,1.0,1.0
NON FIBROTIC ILA ADJUDICATED,19,1830295150,combined,0,770,0,0.004183783280979129,0.0,0.0,0.004964141914221508,0.0036787105828757385,0.004640040216324729
NON FIBROTIC ILA ADJUDICATED,19,1830295150,combined,1,769,1,0.005167386579576287,0.0013003901170351106,0.0002295876800841234,0.007328830355107483,0.004643251131663314,0.005688563674449794
NON FIBROTIC ILA ADJUDICATED,19,1830295150,combined,2,770,2,0.006190807003762472,0.0025974025974025974,0.0007125907061236786,0.009420568652699277,0.005690898527469621,0.006715313212934442
NON FIBROTIC ILA ADJUDICATED,19,1830295150,combined,3,769,3,0.00732090035459965,0.0039011703511053317,0.001327618000260774,0.011406505807889416,0.006715361638531805,0.008039294431293541
NON FIBROTIC ILA ADJUDICATED,19,1830295150,combined,4,770,1,0.008926001158804328,0.0012987012987012987,0.00022928946639889794,0.007319361170123334,0.00804234194016365,0.009997250410503653
NON FIBROTIC ILA ADJUDICATED,19,1830295150,combined,5,769,2,0.011808701903368204,0.002600780234070221,0.0007135177289523901,0.009432753192718508,0.010009659721167753,0.014925585437509884
NON FIBROTIC ILA ADJUDICATED,19,1830295150,combined,6,769,5,0.0215197515126721,0.006501950585175552,0.002780348414515579,0.015129481166593194,0.014932806906135264,0.029842342295243057
NON FIBROTIC ILA ADJUDICATED,19,1830295150,combined,7,770,6,0.040714078136753325,0.007792207792207792,0.0035759904186376326,0.016895203829388215,0.029867631319998134,0.05491410079051665
NON FIBROTIC ILA ADJUDICATED,19,1830295150,combined,8,769,9,0.07614567316409672,0.011703511053315995,0.006169270449727107,0.022091970677298834,0.05491902532557866,0.10451644012602304
NON FIBROTIC ILA ADJUDICATED,19,1830295150,combined,9,770,15,0.17272937848493805,0.01948051948051948,0.011840409174050253,0.0318913635746821,0.10452009114215492,0.4238323587374143
NON FIBROTIC ILA ADJUDICATED,20,655458393,zebra,0,770,0,0.23113283224926157,0.0,0.0,0.004964141914221508,0.11052533634471677,0.2603278428050794
NON FIBROTIC ILA ADJUDICATED,20,655458393,zebra,1,769,0,0.28591420626061637,0.0,0.0,0.004970565148712315,0.2603664779857897,0.3119538397677216
NON FIBROTIC ILA ADJUDICATED,20,655458393,zebra,2,770,0,0.34227176583619534,0.0,0.0,0.004964141914221508,0.31197732063783695,0.37631015251636496
NON FIBROTIC ILA ADJUDICATED,20,655458393,zebra,3,769,0,0.41043825536954065,0.0,0.0,0.004970565148712315,0.37642268181506194,0.4476054105974062
NON FIBROTIC ILA ADJUDICATED,20,655458393,zebra,4,770,3,0.49266145859812643,0.003896103896103896,0.0013258926936253902,0.011391775387498288,0.44767399523801377,0.544643072869618
NON FIBROTIC ILA ADJUDICATED,20,655458393,zebra,5,769,3,0.6047881153083456,0.0039011703511053317,0.001327618000260774,0.011406505807889416,0.5450560435157227,0.6684634110766353
NON FIBROTIC ILA ADJUDICATED,20,655458393,zebra,6,769,4,0.7356299316635813,0.005201560468140442,0.0020245891497467933,0.013297387544882687,0.6687315969512554,0.7950351556109139
NON FIBROTIC ILA ADJUDICATED,20,655458393,zebra,7,770,1,0.8508715679816925,0.0012987012987012987,0.00022928946639889794,0.007319361170123334,0.7951987360641392,0.9049526949194308
NON FIBROTIC ILA ADJUDICATED,20,655458393,zebra,8,769,11,0.9541726657830717,0.014304291287386216,0.008005744470847457,0.025431202429137063,0.9052206564950446,0.9861404313023397
NON FIBROTIC ILA ADJUDICATED,20,655458393,zebra,9,770,22,0.996840710783601,0.02857142857142857,0.018942666074440347,0.04288066773039707,0.986141626383502,1.0
NON FIBROTIC ILA ADJUDICATED,20,655458393,genomic,0,770,3,2.682504516988704e-07,0.003896103896103896,0.0013258926936253902,0.011391775387498288,5.444254227675161e-08,4.2710084993377004e-07
NON FIBROTIC ILA ADJUDICATED,20,655458393,genomic,1,769,7,6.337377494045105e-07,0.009102730819245773,0.004416223152723785,0.01866931220134357,4.273001035352007e-07,8.909007888553279e-07
NON FIBROTIC ILA ADJUDICATED,20,655458393,genomic,2,770,5,1.449555126897595e-06,0.006493506493506494,0.0027767335367897463,0.01510995198893538,8.909540976906869e-07,2.4121417889483954e-06
NON FIBROTIC ILA ADJUDICATED,20,655458393,genomic,3,769,4,0.0002090127987738981,0.005201560468140442,0.0020245891497467933,0.013297387544882687,2.415838656617626e-06,0.0007104168712635111
NON FIBROTIC ILA ADJUDICATED,20,655458393,genomic,4,770,4,0.0010503545271071234,0.005194805194805195,0.0020219574690050306,0.013280219334419372,0.0007106409626170253,0.0013785986722123754
NON FIBROTIC ILA ADJUDICATED,20,655458393,genomic,5,769,6,0.0017206643867754055,0.007802340702210663,0.003580646807040671,0.016917035660547395,0.0013789613430459813,0.002079894456315824
NON FIBROTIC ILA ADJUDICATED,20,655458393,genomic,6,769,4,0.00256479724924813,0.005201560468140442,0.0020245891497467933,0.013297387544882687,0.002080098126675862,0.0031285897467026383
NON FIBROTIC ILA ADJUDICATED,20,655458393,genomic,7,770,5,0.003941399423130115,0.006493506493506494,0.0027767335367897463,0.01510995198893538,0.003130797464729577,0.004998367616934614
NON FIBROTIC ILA ADJUDICATED,20,655458393,genomic,8,769,4,0.006933611997733688,0.005201560468140442,0.0020245891497467933,0.013297387544882687,0.004998756406221778,0.00968823988659537
NON FIBROTIC ILA ADJUDICATED,20,655458393,genomic,9,770,2,0.023798812655449537,0.0025974025974025974,0.0007125907061236786,0.009420568652699277,0.009690553279689821,0.20150009764633706
NON FIBROTIC ILA ADJUDICATED,20,655458393,combined,0,770,3,4.316624737006102e-08,0.003896103896103896,0.0013258926936253902,0.011391775387498288,4.836087646690617e-11,1.7596492674643582e-07
NON FIBROTIC ILA ADJUDICATED,20,655458393,combined,1,769,1,1.7370945850177354e-06,0.0013003901170351106,0.0002295876800841234,0.007328830355107483,1.7616557334296436e-07,5.853982184198577e-06
NON FIBROTIC ILA ADJUDICATED,20,655458393,combined,2,770,4,1.5352740543259382e-05,0.005194805194805195,0.0020219574690050306,0.013280219334419372,5.889047606302844e-06,2.6814463918274694e-05
NON FIBROTIC ILA ADJUDICATED,20,655458393,combined,3,769,3,4.547657420565946e-05,0.0039011703511053317,0.001327618000260774,0.011406505807889416,2.6843582287358166e-05,6.773029362747442e-05
NON FIBROTIC ILA ADJUDICATED,20,655458393,combined,4,770,2,0.00010570799997625708,0.0025974025974025974,0.0007125907061236786,0.009420568652699277,6.775425217681802e-05,0.00015940060544008676
NON FIBROTIC ILA ADJUDICATED,20,655458393,combined,5,769,4,0.0002557922503990632,0.005201560468140442,0.0020245891497467933,0.013297387544882687,0.00015956630730250228,0.0004004576909328059
NON FIBROTIC ILA ADJUDICATED,20,655458393,combined,6,769,2,0.000889795933414056,0.002600780234070221,0.0007135177289523901,0.009432753192718508,0.00040087924941528994,0.0019303295800443684
NON FIBROTIC ILA ADJUDICATED,20,655458393,combined,7,770,5,0.01146294129529522,0.006493506493506494,0.0027767335367897463,0.01510995198893538,0.0019315225048832318,0.029150332282761694
NON FIBROTIC ILA ADJUDICATED,20,655458393,combined,8,769,10,0.07057045442142794,0.013003901170351105,0.007078545900378475,0.023770548113126753,0.029194893680842948,0.137795201901459
NON FIBROTIC ILA ADJUDICATED,20,655458393,combined,9,770,10,0.4985248665108463,0.012987012987012988,0.007069333631553706,0.02373989550567504,0.13780194159758144,0.9999999999994245
NON FIBROTIC ILA ADJUDICATED,21,505410369,zebra,0,770,0,0.23086897518625638,0.0,0.0,0.004964141914221508,0.11052533634471677,0.25960526802058226
NON FIBROTIC ILA ADJUDICATED,21,505410369,zebra,1,769,0,0.28547453839513737,0.0,0.0,0.004970565148712315,0.2596588124990275,0.31213148847501915
NON FIBROTIC ILA ADJUDICATED,21,505410369,zebra,2,770,0,0.34214204596063286,0.0,0.0,0.004964141914221508,0.3123174521796162,0.37488456575389256
NON FIBROTIC ILA ADJUDICATED,21,505410369,zebra,3,769,0,0.4098327535707241,0.0,0.0,0.004970565148712315,0.3750647308513072,0.44715602283742534
NON FIBROTIC ILA ADJUDICATED,21,505410369,zebra,4,770,4,0.4911072701782981,0.005194805194805195,0.0020219574690050306,0.013280219334419372,0.44729874340067893,0.5389318981564682
NON FIBROTIC ILA ADJUDICATED,21,505410369,zebra,5,769,1,0.6015000982088956,0.0013003901170351106,0.0002295876800841234,0.007328830355107483,0.5390876296067859,0.6659008684423973
NON FIBROTIC ILA ADJUDICATED,21,505410369,zebra,6,769,7,0.7321824004727373,0.009102730819245773,0.004416223152723785,0.01866931220134357,0.6659730227085255,0.792178099230255
NON FIBROTIC ILA ADJUDICATED,21,505410369,zebra,7,770,1,0.8502364549268824,0.0012987012987012987,0.00022928946639889794,0.007319361170123334,0.7922254832044645,0.9052206564950446
NON FIBROTIC ILA ADJUDICATED,21,505410369,zebra,8,769,9,0.9532112462515778,0.011703511053315995,0.006169270449727107,0.022091970677298834,0.9053840156617747,0.9861373515718582
NON FIBROTIC ILA ADJUDICATED,21,505410369,zebra,9,770,22,0.9967281573703834,0.02857142857142857,0.018942666074440347,0.04288066773039707,0.9861384169293421,1.0
NON FIBROTIC ILA ADJUDICATED,21,505410369,genomic,0,770,6,0.0004368858633181118,0.007792207792207792,0.0035759904186376326,0.016895203829388215,0.0001729830634148104,0.0005872711650584374
NON FIBROTIC ILA ADJUDICATED,21,505410369,genomic,1,769,3,0.0007076231117917793,0.0039011703511053317,0.001327618000260774,0.011406505807889416,0.0005877946923168797,0.000835375268138836
NON FIBROTIC ILA ADJUDICATED,21,505410369,genomic,2,770,6,0.0009793946699349796,0.007792207792207792,0.0035759904186376326,0.016895203829388215,0.000835880918000561,0.0011310391099812252
NON FIBROTIC ILA ADJUDICATED,21,505410369,genomic,3,769,4,0.0013302135733378791,0.005201560468140442,0.0020245891497467933,0.013297387544882687,0.0011312130807182416,0.001556717883813713
NON FIBROTIC ILA ADJUDICATED,21,505410369,genomic,4,770,3,0.0018578819524354404,0.003896103896103896,0.0013258926936253902,0.011391775387498288,0.001558175594917082,0.002184143320530885
NON FIBROTIC ILA ADJUDICATED,21,505410369,genomic,5,769,5,0.002653102613208916,0.006501950585175552,0.002780348414515579,0.015129481166593194,0.0021849739026844183,0.0032289963675766428
NON FIBROTIC ILA ADJUDICATED,21,505410369,genomic,6,769,6,0.004537680815265276,0.007802340702210663,0.003580646807040671,0.016917035660547395,0.0032301478823362787,0.006946322564828853
NON FIBROTIC ILA ADJUDICATED,21,505410369,genomic,7,770,2,0.01648086810325802,0.0025974025974025974,0.0007125907061236786,0.009420568652699277,0.006955840249800977,0.029636707879693445
NON FIBROTIC ILA ADJUDICATED,21,505410369,genomic,8,769,5,0.04829642268868244,0.006501950585175552,0.002780348414515579,0.015129481166593194,0.02964242348202408,0.07335846408263422
NON FIBROTIC ILA ADJUDICATED,21,505410369,genomic,9,770,4,0.16830224639144817,0.005194805194805195,0.0020219574690050306,0.013280219334419372,0.07339166376043253,0.9402146731693057
NON FIBROTIC ILA ADJUDICATED,21,505410369,combined,0,770,0,0.008111128400984205,0.0,0.0,0.004964141914221508,0.0031704079455569115,0.010230389979280592
NON FIBROTIC ILA ADJUDICATED,21,505410369,combined,1,769,3,0.011800105152861522,0.0039011703511053317,0.001327618000260774,0.011406505807889416,0.010234500676993545,0.01341359181489436
NON FIBROTIC ILA ADJUDICATED,21,505410369,combined,2,770,1,0.015010715835324763,0.0012987012987012987,0.00022928946639889794,0.007319361170123334,0.01341467861977756,0.016590570653166332
NON FIBROTIC ILA ADJUDICATED,21,505410369,combined,3,769,1,0.018551534004309672,0.0013003901170351106,0.0002295876800841234,0.007328830355107483,0.01659257813419294,0.020510711694005635
NON FIBROTIC ILA ADJUDICATED,21,505410369,combined,4,770,1,0.023014039025338773,0.0012987012987012987,0.00022928946639889794,0.007319361170123334,0.02051935151778512,0.025851160923938233
NON FIBROTIC ILA ADJUDICATED,21,505410369,combined,5,769,1,0.029701862059608414,0.0013003901170351106,0.0002295876800841234,0.007328830355107483,0.025857723944399905,0.03418556990346171
NON FIBROTIC ILA ADJUDICATED,21,505410369,combined,6,769,6,0.04150928345536646,0.007802340702210663,0.003580646807040671,0.016917035660547395,0.03419209021007766,0.050243411802176875
NON FIBROTIC ILA ADJUDICATED,21,505410369,combined,7,770,11,0.06524789737180214,0.014285714285714285,0.007995323688185082,0.025398414171344384,0.050377790241379464,0.08478920531421737
NON FIBROTIC ILA ADJUDICATED,21,505410369,combined,8,769,8,0.11759612702215727,0.010403120936280884,0.005280654829476248,0.0203927334110704,0.0847937742020385,0.15599319504409132
NON FIBROTIC ILA ADJUDICATED,21,505410369,combined,9,770,12,0.2459087083808615,0.015584415584415584,0.008937040176158829,0.027041206405671363,0.1561552721111281,0.6628155302174012
NON FIBROTIC ILA ADJUDICATED,22,1530250669,zebra,0,770,0,0.23272281922019414,0.0,0.0,0.004964141914221508,0.1267879796421734,0.2611260600445289
NON FIBROTIC ILA ADJUDICATED,22,1530250669,zebra,1,769,1,0.2860036272856615,0.0013003901170351106,0.0002295876800841234,0.007328830355107483,0.2611361694817833,0.3116554808373551
NON FIBROTIC ILA ADJUDICATED,22,1530250669,zebra,2,770,0,0.34115945560645944,0.0,0.0,0.004964141914221508,0.3117249521863337,0.3732913446163414
NON FIBROTIC ILA ADJUDICATED,22,1530250669,zebra,3,769,0,0.40690982254334934,0.0,0.0,0.004970565148712315,0.37342875421311394,0.4434837707211694
NON FIBROTIC ILA ADJUDICATED,22,1530250669,zebra,4,770,5,0.4883493726460684,0.006493506493506494,0.0027767335367897463,0.01510995198893538,0.4437147234603458,0.5385058706401249
NON FIBROTIC ILA ADJUDICATED,22,1530250669,zebra,5,769,0,0.6001048072140343,0.0,0.0,0.004970565148712315,0.5386969913392451,0.6640242739721478
NON FIBROTIC ILA ADJUDICATED,22,1530250669,zebra,6,769,3,0.7332472873438569,0.0039011703511053317,0.001327618000260774,0.011406505807889416,0.6642661211891435,0.7956201096020127
NON FIBROTIC ILA ADJUDICATED,22,1530250669,zebra,7,770,4,0.8487671062472515,0.005194805194805195,0.0020219574690050306,0.013280219334419372,0.7957256523521344,0.8998170492352966
NON FIBROTIC ILA ADJUDICATED,22,1530250669,zebra,8,769,11,0.9510487388951311,0.014304291287386216,0.008005744470847457,0.025431202429137063,0.8998307879232259,0.9855111624726878
NON FIBROTIC ILA ADJUDICATED,22,1530250669,zebra,9,770,20,0.9966192270824807,0.025974025974025976,0.016876091691355087,0.03977822466888089,0.9856611905222097,1.0
NON FIBROTIC ILA ADJUDICATED,22,1530250669,genomic,0,770,9,2.8495134419586445e-11,0.011688311688311689,0.006161243000312308,0.022063477414615715,1.9047274002117607e-20,1.003621124860584e-10
NON FIBROTIC ILA ADJUDICATED,22,1530250669,genomic,1,769,3,3.0461056704667317e-10,0.0039011703511053317,0.001327618000260774,0.011406505807889416,1.017147625453676e-10,5.760651079549815e-10
NON FIBROTIC ILA ADJUDICATED,22,1530250669,genomic,2,770,6,9.9570487213214e-10,0.007792207792207792,0.0035759904186376326,0.016895203829388215,5.769904951653973e-10,1.4847504168190187e-09
NON FIBROTIC ILA ADJUDICATED,22,1530250669,genomic,3,769,6,2.2782215296574658e-09,0.007802340702210663,0.003580646807040671,0.016917035660547395,1.4861986856863834e-09,3.3316405528094342e-09
NON FIBROTIC ILA ADJUDICATED,22,1530250669,genomic,4,770,3,4.970270395409009e-09,0.003896103896103896,0.0013258926936253902,0.011391775387498288,3.33211727810302e-09,6.899491236126174e-09
NON FIBROTIC ILA ADJUDICATED,22,1530250669,genomic,5,769,6,1.027043510149725e-08,0.007802340702210663,0.003580646807040671,0.016917035660547395,6.909205889637596e-09,1.465585840961599e-08
NON FIBROTIC ILA ADJUDICATED,22,1530250669,genomic,6,769,2,2.316407289877473e-08,0.002600780234070221,0.0007135177289523901,0.009432753192718508,1.465781553425067e-08,3.5235855089580195e-08
NON FIBROTIC ILA ADJUDICATED,22,1530250669,genomic,7,770,3,6.574425859462124e-08,0.003896103896103896,0.0013258926936253902,0.011391775387498288,3.528450073125103e-08,1.2021109479961886e-07
NON FIBROTIC ILA ADJUDICATED,22,1530250669,genomic,8,769,2,5.316399536534543e-07,0.002600780234070221,0.0007135177289523901,0.009432753192718508,1.204445652319658e-07,2.0835842498312716e-06
NON FIBROTIC ILA ADJUDICATED,22,1530250669,genomic,9,770,4,0.014489400873231173,0.005194805194805195,0.0020219574690050306,0.013280219334419372,2.1142109556658306e-06,0.9856802247100839
NON FIBROTIC ILA ADJUDICATED,22,1530250669,combined,0,770,2,3.946960679742294e-05,0.0025974025974025974,0.0007125907061236786,0.009420568652699277,9.673959059731215e-06,5.930175492545586e-05
NON FIBROTIC ILA ADJUDICATED,22,1530250669,combined,1,769,0,8.352012859705702e-05,0.0,0.0,0.004970565148712315,5.933892950678335e-05,0.00010847382585927905
NON FIBROTIC ILA ADJUDICATED,22,1530250669,combined,2,770,3,0.0001427560635813936,0.003896103896103896,0.0013258926936253902,0.011391775387498288,0.00010848077962554705,0.0001831445569163191
NON FIBROTIC ILA ADJUDICATED,22,1530250669,combined,3,769,1,0.00023789844167888027,0.0013003901170351106,0.0002295876800841234,0.007328830355107483,0.0001831462714969323,0.0003039194770166086
NON FIBROTIC ILA ADJUDICATED,22,1530250669,combined,4,770,2,0.00039832578064901423,0.0025974025974025974,0.0007125907061236786,0.009420568652699277,0.00030432074001327257,0.0005187235933381463
NON FIBROTIC ILA ADJUDICATED,22,1530250669,combined,5,769,4,0.0006994260220429503,0.005201560468140442,0.0020245891497467933,0.013297387544882687,0.0005188474294877742,0.0009304118630921031
NON FIBROTIC ILA ADJUDICATED,22,1530250669,combined,6,769,8,0.0013058930704908875,0.010403120936280884,0.005280654829476248,0.0203927334110704,0.0009306559663964669,0.0018199651335542113
NON FIBROTIC ILA ADJUDICATED,22,1530250669,combined,7,770,2,0.0027200185997219694,0.0025974025974025974,0.0007125907061236786,0.009420568652699277,0.0018206530356378204,0.0040385557084593095
NON FIBROTIC ILA ADJUDICATED,22,1530250669,combined,8,769,6,0.007100107832396739,0.007802340702210663,0.003580646807040671,0.016917035660547395,0.004040145973655022,0.012513127863327386
NON FIBROTIC ILA ADJUDICATED,22,1530250669,combined,9,770,16,0.06651268359551764,0.02077922077922078,0.012830175613871217,0.033486105857161864,0.012516157894734299,0.7224535516732081
NON FIBROTIC ILA ADJUDICATED,23,148120449,zebra,0,770,0,0.23103436000833635,0.0,0.0,0.004964141914221508,0.11052533634471677,0.2608962737897288
NON FIBROTIC ILA ADJUDICATED,23,148120449,zebra,1,769,1,0.28667307145361887,0.0013003901170351106,0.0002295876800841234,0.007328830355107483,0.26099906075218154,0.3119538397677216
NON FIBROTIC ILA ADJUDICATED,23,148120449,zebra,2,770,0,0.34404152672635147,0.0,0.0,0.004964141914221508,0.31197732063783695,0.3766087127018751
NON FIBROTIC ILA ADJUDICATED,23,148120449,zebra,3,769,0,0.411517350659833,0.0,0.0,0.004970565148712315,0.37661447713663365,0.4479285752187333
NON FIBROTIC ILA ADJUDICATED,23,148120449,zebra,4,770,4,0.4910061229234446,0.005194805194805195,0.0020219574690050306,0.013280219334419372,0.447934860440336,0.538853101911673
NON FIBROTIC ILA ADJUDICATED,23,148120449,zebra,5,769,1,0.5992713417978586,0.0013003901170351106,0.0002295876800841234,0.007328830355107483,0.5389318981564682,0.662980433012624
NON FIBROTIC ILA ADJUDICATED,23,148120449,zebra,6,769,7,0.729028809799585,0.009102730819245773,0.004416223152723785,0.01866931220134357,0.6635610066940673,0.7921103357490558
NON FIBROTIC ILA ADJUDICATED,23,148120449,zebra,7,770,1,0.8473349161302356,0.0012987012987012987,0.00022928946639889794,0.007319361170123334,0.7921354450694238,0.9004332446160401
NON FIBROTIC ILA ADJUDICATED,23,148120449,zebra,8,769,11,0.9501408089925495,0.014304291287386216,0.008005744470847457,0.025431202429137063,0.9005135956656438,0.9853504544758104
NON FIBROTIC ILA ADJUDICATED,23,148120449,zebra,9,770,19,0.9963802987403106,0.024675324675324677,0.015852913748522608,0.03821689388941264,0.9853734854622751,1.0
NON FIBROTIC ILA ADJUDICATED,23,148120449,genomic,0,770,6,2.4149685186025724e-05,0.007792207792207792,0.0035759904186376326,0.016895203829388215,7.624651692907391e-06,3.5436253606536065e-05
NON FIBROTIC ILA ADJUDICATED,23,148120449,genomic,1,769,5,4.644837712913924e-05,0.006501950585175552,0.002780348414515579,0.015129481166593194,3.546936174068574e-05,5.844028586999199e-05
NON FIBROTIC ILA ADJUDICATED,23,148120449,genomic,2,770,4,7.136123900594143e-05,0.005194805194805195,0.0020219574690050306,0.013280219334419372,5.8477971752131354e-05,8.594428533634546e-05
NON FIBROTIC ILA ADJUDICATED,23,148120449,genomic,3,769,2,0.0001049158744163438,0.002600780234070221,0.0007135177289523901,0.009432753192718508,8.600500318941599e-05,0.0001263462945867549
NON FIBROTIC ILA ADJUDICATED,23,148120449,genomic,4,770,4,0.0001554594648695999,0.005194805194805195,0.0020219574690050306,0.013280219334419372,0.00012635042963429343,0.00018643409196051431
NON FIBROTIC ILA ADJUDICATED,23,148120449,genomic,5,769,3,0.00023250531740183394,0.0039011703511053317,0.001327618000260774,0.011406505807889416,0.00018652127631053005,0.0002857287574849738
NON FIBROTIC ILA ADJUDICATED,23,148120449,genomic,6,769,4,0.0003666297745751564,0.005201560468140442,0.0020245891497467933,0.013297387544882687,0.0002858461396631917,0.0004682013467024905
NON FIBROTIC ILA ADJUDICATED,23,148120449,genomic,7,770,8,0.0006563868187167439,0.01038961038961039,0.005273784940225151,0.020366426752402144,0.00046869844383096653,0.0009404516625547458
NON FIBROTIC ILA ADJUDICATED,23,148120449,genomic,8,769,5,0.0016963820054383127,0.006501950585175552,0.002780348414515579,0.015129481166593194,0.0009422645819620451,0.0031674386147680636
NON FIBROTIC ILA ADJUDICATED,23,148120449,genomic,9,770,3,0.03897269026136818,0.003896103896103896,0.0013258926936253902,0.011391775387498288,0.003190244598034142,0.8254377180193331
NON FIBROTIC ILA ADJUDICATED,23,148120449,combined,0,770,0,0.004883121586663014,0.0,0.0,0.004964141914221508,0.0030385368700552137,0.005849941488157564
NON FIBROTIC ILA ADJUDICATED,23,148120449,combined,1,769,0,0.006606859044779387,0.0,0.0,0.004970565148712315,0.005851968361778045,0.007356791331335003
NON FIBROTIC ILA ADJUDICATED,23,148120449,combined,2,770,1,0.008128658982478408,0.0012987012987012987,0.00022928946639889794,0.007319361170123334,0.0073573755086243624,0.009043354042114017
NON FIBROTIC ILA ADJUDICATED,23,148120449,combined,3,769,4,0.010218007415780044,0.005201560468140442,0.0020245891497467933,0.013297387544882687,0.009051163369849546,0.011553932898986131
NON FIBROTIC ILA ADJUDICATED,23,148120449,combined,4,770,1,0.013481130265528999,0.0012987012987012987,0.00022928946639889794,0.007319361170123334,0.011556105405296328,0.015939410701684933
NON FIBROTIC ILA ADJUDICATED,23,148120449,combined,5,769,4,0.019410574033399706,0.005201560468140442,0.0020245891497467933,0.013297387544882687,0.015947666681975545,0.023496092589761604
NON FIBROTIC ILA ADJUDICATED,23,148120449,combined,6,769,5,0.02934894801685034,0.006501950585175552,0.002780348414515579,0.015129481166593194,0.023499745923500927,0.03614262953475746
NON FIBROTIC ILA ADJUDICATED,23,148120449,combined,7,770,5,0.047289096066735016,0.006493506493506494,0.0027767335367897463,0.01510995198893538,0.03616609772176051,0.06223111528822429
NON FIBROTIC ILA ADJUDICATED,23,148120449,combined,8,769,8,0.08762279547833395,0.010403120936280884,0.005280654829476248,0.0203927334110704,0.0622970251464463,0.12388942687648442
NON FIBROTIC ILA ADJUDICATED,23,148120449,combined,9,770,16,0.21656667064788468,0.02077922077922078,0.012830175613871217,0.033486105857161864,0.12392495083903055,0.5872077384069017
NON FIBROTIC ILA ADJUDICATED,24,82231652,zebra,0,770,0,0.23302942484270922,0.0,0.0,0.004964141914221508,0.13585441235518822,0.26099906075218154
NON FIBROTIC ILA ADJUDICATED,24,82231652,zebra,1,769,1,0.28682957876476406,0.0013003901170351106,0.0002295876800841234,0.007328830355107483,0.2611361694817833,0.31282001579730256
NON FIBROTIC ILA ADJUDICATED,24,82231652,zebra,2,770,0,0.34502186298622506,0.0,0.0,0.004964141914221508,0.31284944483864957,0.3767025563913176
NON FIBROTIC ILA ADJUDICATED,24,82231652,zebra,3,769,0,0.4116500487477901,0.0,0.0,0.004970565148712315,0.37675257434166515,0.44868642390728164
NON FIBROTIC ILA ADJUDICATED,24,82231652,zebra,4,770,3,0.4943553291603277,0.003896103896103896,0.0013258926936253902,0.011391775387498288,0.44870746992347377,0.5450020407769885
NON FIBROTIC ILA ADJUDICATED,24,82231652,zebra,5,769,1,0.6047080485057076,0.0013003901170351106,0.0002295876800841234,0.007328830355107483,0.5450560435157227,0.6659008684423973
NON FIBROTIC ILA ADJUDICATED,24,82231652,zebra,6,769,6,0.7314195608050273,0.007802340702210663,0.003580646807040671,0.016917035660547395,0.6659730227085255,0.788082102395069
NON FIBROTIC ILA ADJUDICATED,24,82231652,zebra,7,770,3,0.8451825786179477,0.003896103896103896,0.0013258926936253902,0.011391775387498288,0.7881395459198441,0.898912828622922
NON FIBROTIC ILA ADJUDICATED,24,82231652,zebra,8,769,7,0.9499543269101096,0.009102730819245773,0.004416223152723785,0.01866931220134357,0.8991102436771582,0.9851117929724045
NON FIBROTIC ILA ADJUDICATED,24,82231652,zebra,9,770,23,0.996367356102461,0.02987012987012987,0.01998520545069876,0.044422637076439384,0.9851800129514333,1.0
NON FIBROTIC ILA ADJUDICATED,24,82231652,genomic,0,770,7,7.444437747621761e-08,0.00909090909090909,0.004410478976495486,0.01864522399383109,7.411880482405728e-10,1.7412571383185462e-07
NON FIBROTIC ILA ADJUDICATED,24,82231652,genomic,1,769,3,3.0944336687607064e-07,0.0039011703511053317,0.001327618000260774,0.011406505807889416,1.7574720988715797e-07,4.705368859598988e-07
NON FIBROTIC ILA ADJUDICATED,24,82231652,genomic,2,770,5,6.944853707721753e-07,0.006493506493506494,0.0027767335367897463,0.01510995198893538,4.7100850962747716e-07,9.66832203315116e-07
NON FIBROTIC ILA ADJUDICATED,24,82231652,genomic,3,769,4,1.4478074650067197e-06,0.005201560468140442,0.0020245891497467933,0.013297387544882687,9.669719958508096e-07,2.069909948761194e-06
NON FIBROTIC ILA ADJUDICATED,24,82231652,genomic,4,770,7,3.3323912516272865e-06,0.00909090909090909,0.004410478976495486,0.01864522399383109,2.070319130513182e-06,5.319763733856258e-06
NON FIBROTIC ILA ADJUDICATED,24,82231652,genomic,5,769,5,1.3521235692426113e-05,0.006501950585175552,0.002780348414515579,0.015129481166593194,5.320795587729619e-06,3.657532785655999e-05
NON FIBROTIC ILA ADJUDICATED,24,82231652,genomic,6,769,2,0.0001739957768153089,0.002600780234070221,0.0007135177289523901,0.009432753192718508,3.680380062235273e-05,0.00036580646911339867
NON FIBROTIC ILA ADJUDICATED,24,82231652,genomic,7,770,4,0.0007454736641261394,0.005194805194805195,0.0020219574690050306,0.013280219334419372,0.00036674209820703477,0.0013881916392355143
NON FIBROTIC ILA ADJUDICATED,24,82231652,genomic,8,769,1,0.0031056907583389562,0.0013003901170351106,0.0002295876800841234,0.007328830355107483,0.0013890076455365876,0.0061589860110112474
NON FIBROTIC ILA ADJUDICATED,24,82231652,genomic,9,770,6,0.05013816037801679,0.007792207792207792,0.0035759904186376326,0.016895203829388215,0.006162331865468293,0.920258492595495
NON FIBROTIC ILA ADJUDICATED,24,82231652,combined,0,770,1,0.0007571340644764058,0.0012987012987012987,0.00022928946639889794,0.007319361170123334,0.00022938558236338977,0.0010841925586987588
NON FIBROTIC ILA ADJUDICATED,24,82231652,combined,1,769,1,0.0014010287389899926,0.0013003901170351106,0.0002295876800841234,0.007328830355107483,0.0010848387569823924,0.001724420952068856
NON FIBROTIC ILA ADJUDICATED,24,82231652,combined,2,770,1,0.0021344028898944273,0.0012987012987012987,0.00022928946639889794,0.007319361170123334,0.0017253268643882152,0.0025910823163561537
NON FIBROTIC ILA ADJUDICATED,24,82231652,combined,3,769,1,0.00316414071978996,0.0013003901170351106,0.0002295876800841234,0.007328830355107483,0.002591596483481189,0.0038070859718952036
NON FIBROTIC ILA ADJUDICATED,24,82231652,combined,4,770,5,0.0046510328391426705,0.006493506493506494,0.0027767335367897463,0.01510995198893538,0.0038073011860775365,0.005601150522132553
NON FIBROTIC ILA ADJUDICATED,24,82231652,combined,5,769,3,0.007013286041955855,0.0039011703511053317,0.001327618000260774,0.011406505807889416,0.005602543728733178,0.00859484407681035
NON FIBROTIC ILA ADJUDICATED,24,82231652,combined,6,769,2,0.011087115835493029,0.002600780234070221,0.0007135177289523901,0.009432753192718508,0.008595469560568326,0.014054438124350276
NON FIBROTIC ILA ADJUDICATED,24,82231652,combined,7,770,8,0.019748496447732435,0.01038961038961039,0.005273784940225151,0.020366426752402144,0.014060053772947261,0.027818003308172037
NON FIBROTIC ILA ADJUDICATED,24,82231652,combined,8,769,9,0.04341034827075374,0.011703511053315995,0.006169270449727107,0.022091970677298834,0.027827630005927716,0.06743593290798708
NON FIBROTIC ILA ADJUDICATED,24,82231652,combined,9,770,13,0.16766959720321845,0.016883116883116882,0.009892721428977881,0.028670033875153024,0.06752017262346235,0.749474619181552
NON FIBROTIC ILA ADJUDICATED,25,1472792031,zebra,0,770,0,0.2319524323432674,0.0,0.0,0.004964141914221508,0.11052533634471677,0.2615897480367035
NON FIBROTIC ILA ADJUDICATED,25,1472792031,zebra,1,769,1,0.28587870662209697,0.0013003901170351106,0.0002295876800841234,0.007328830355107483,0.2615951007755146,0.3116554808373551
NON FIBROTIC ILA ADJUDICATED,25,1472792031,zebra,2,770,0,0.34055320928457455,0.0,0.0,0.004964141914221508,0.3116896678000052,0.3724356674691519
NON FIBROTIC ILA ADJUDICATED,25,1472792031,zebra,3,769,0,0.4073792202088198,0.0,0.0,0.004970565148712315,0.3724470460812173,0.4434399625291291
NON FIBROTIC ILA ADJUDICATED,25,1472792031,zebra,4,770,2,0.4874241590330794,0.0025974025974025974,0.0007125907061236786,0.009420568652699277,0.4434837707211694,0.5373902336197242
NON FIBROTIC ILA ADJUDICATED,25,1472792031,zebra,5,769,2,0.5976196398405393,0.002600780234070221,0.0007135177289523901,0.009432753192718508,0.5374405249829425,0.6587472622664945
NON FIBROTIC ILA ADJUDICATED,25,1472792031,zebra,6,769,4,0.7267980160869221,0.005201560468140442,0.0020245891497467933,0.013297387544882687,0.6588226261916774,0.7878968031994966
NON FIBROTIC ILA ADJUDICATED,25,1472792031,zebra,7,770,3,0.8438320021247464,0.003896103896103896,0.0013258926936253902,0.011391775387498288,0.7879530148699121,0.8988500780327903
NON FIBROTIC ILA ADJUDICATED,25,1472792031,zebra,8,769,10,0.9507309838909391,0.013003901170351105,0.007078545900378475,0.023770548113126753,0.8988858359934823,0.9859988523659691
NON FIBROTIC ILA ADJUDICATED,25,1472792031,zebra,9,770,22,0.9966340163028808,0.02857142857142857,0.018942666074440347,0.04288066773039707,0.9860122135494251,1.0
NON FIBROTIC ILA ADJUDICATED,25,1472792031,genomic,0,770,6,0.0,0.007792207792207792,0.0035759904186376326,0.016895203829388215,0.0,0.0
NON FIBROTIC ILA ADJUDICATED,25,1472792031,genomic,1,769,6,0.0,0.007802340702210663,0.003580646807040671,0.016917035660547395,0.0,0.0
NON FIBROTIC ILA ADJUDICATED,25,1472792031,genomic,2,770,6,0.0,0.007792207792207792,0.0035759904186376326,0.016895203829388215,0.0,0.0
NON FIBROTIC ILA ADJUDICATED,25,1472792031,genomic,3,769,6,0.0,0.007802340702210663,0.003580646807040671,0.016917035660547395,0.0,0.0
NON FIBROTIC ILA ADJUDICATED,25,1472792031,genomic,4,770,1,0.0,0.0012987012987012987,0.00022928946639889794,0.007319361170123334,0.0,0.0
NON FIBROTIC ILA ADJUDICATED,25,1472792031,genomic,5,769,2,0.0,0.002600780234070221,0.0007135177289523901,0.009432753192718508,0.0,0.0
NON FIBROTIC ILA ADJUDICATED,25,1472792031,genomic,6,769,5,0.0,0.006501950585175552,0.002780348414515579,0.015129481166593194,0.0,0.0
NON FIBROTIC ILA ADJUDICATED,25,1472792031,genomic,7,770,1,1.804841255601549e-220,0.0012987012987012987,0.00022928946639889794,0.007319361170123334,0.0,5.662388711094959e-218
NON FIBROTIC ILA ADJUDICATED,25,1472792031,genomic,8,769,5,0.09797398547297914,0.006501950585175552,0.002780348414515579,0.015129481166593194,1.9800459599540334e-217,1.0
NON FIBROTIC ILA ADJUDICATED,25,1472792031,genomic,9,770,6,1.0,0.007792207792207792,0.0035759904186376326,0.016895203829388215,1.0,1.0
NON FIBROTIC ILA ADJUDICATED,25,1472792031,combined,0,770,1,0.0013990361470216375,0.0012987012987012987,0.00022928946639889794,0.007319361170123334,0.0009501081662907123,0.0016044017421637912
NON FIBROTIC ILA ADJUDICATED,25,1472792031,combined,1,769,0,0.0017867961231718237,0.0,0.0,0.004970565148712315,0.0016055058081465145,0.001976028824543011
NON FIBROTIC ILA ADJUDICATED,25,1472792031,combined,2,770,0,0.002201876580366509,0.0,0.0,0.004964141914221508,0.0019762403099762597,0.002495264823195322
NON FIBROTIC ILA ADJUDICATED,25,1472792031,combined,3,769,2,0.003041226633215104,0.002600780234070221,0.0007135177289523901,0.009432753192718508,0.0024973179114724567,0.0037853310424260907
NON FIBROTIC ILA ADJUDICATED,25,1472792031,combined,4,770,4,0.004787095992555969,0.005194805194805195,0.0020219574690050306,0.013280219334419372,0.0037883338285390087,0.00591130395232443
NON FIBROTIC ILA ADJUDICATED,25,1472792031,combined,5,769,2,0.007038866240787318,0.002600780234070221,0.0007135177289523901,0.009432753192718508,0.005914369058471379,0.00821364575647649
NON FIBROTIC ILA ADJUDICATED,25,1472792031,combined,6,769,6,0.009519066217133408,0.007802340702210663,0.003580646807040671,0.016917035660547395,0.008215607974273868,0.011025321809300034
NON FIBROTIC ILA ADJUDICATED,25,1472792031,combined,7,770,7,0.013325044347118828,0.00909090909090909,0.004410478976495486,0.01864522399383109,0.011025888858178626,0.01643753518545431
NON FIBROTIC ILA ADJUDICATED,25,1472792031,combined,8,769,4,0.022062246602980014,0.005201560468140442,0.0020245891497467933,0.013297387544882687,0.016493214370901337,0.030654209028326322
NON FIBROTIC ILA ADJUDICATED,25,1472792031,combined,9,770,18,0.07923604714294243,0.023376623376623377,0.014837136266102694,0.036648162649531836,0.030655777904242988,0.8322898435145509
NON FIBROTIC ILA ADJUDICATED,26,1129969800,zebra,0,770,0,0.2306490199268909,0.0,0.0,0.004964141914221508,0.11052533634471677,0.2606494295469696
NON FIBROTIC ILA ADJUDICATED,26,1129969800,zebra,1,769,1,0.28536046152689193,0.0013003901170351106,0.0002295876800841234,0.007328830355107483,0.2606748348571001,0.3117260491343149
NON FIBROTIC ILA ADJUDICATED,26,1129969800,zebra,2,770,0,0.34262716826418477,0.0,0.0,0.004964141914221508,0.3117422769040575,0.3762924089016528
NON FIBROTIC ILA ADJUDICATED,26,1129969800,zebra,3,769,0,0.4132101765236653,0.0,0.0,0.004970565148712315,0.37631015251636496,0.4510924821872229
NON FIBROTIC ILA ADJUDICATED,26,1129969800,zebra,4,770,3,0.4980432425037076,0.003896103896103896,0.0013258926936253902,0.011391775387498288,0.4511252383076932,0.5511058319143884
NON FIBROTIC ILA ADJUDICATED,26,1129969800,zebra,5,769,2,0.6124626294020784,0.002600780234070221,0.0007135177289523901,0.009432753192718508,0.5513841905924007,0.6737715444669334
NON FIBROTIC ILA ADJUDICATED,26,1129969800,zebra,6,769,8,0.7382836193119539,0.010403120936280884,0.005280654829476248,0.0203927334110704,0.6738995368002056,0.7949992771625009
NON FIBROTIC ILA ADJUDICATED,26,1129969800,zebra,7,770,2,0.8502517454409749,0.0025974025974025974,0.0007125907061236786,0.009420568652699277,0.7950351556109139,0.9038396687962066
NON FIBROTIC ILA ADJUDICATED,26,1129969800,zebra,8,769,7,0.952680802706426,0.009102730819245773,0.004416223152723785,0.01866931220134357,0.9041726185512803,0.9861695889495969
NON FIBROTIC ILA ADJUDICATED,26,1129969800,zebra,9,770,21,0.9967916577051775,0.02727272727272727,0.017906160074157684,0.04133266500837901,0.9861733406921771,1.0
NON FIBROTIC ILA ADJUDICATED,26,1129969800,genomic,0,770,4,1.036500248980609e-08,0.005194805194805195,0.0020219574690050306,0.013280219334419372,2.12837310574587e-10,2.2165541195237452e-08
NON FIBROTIC ILA ADJUDICATED,26,1129969800,genomic,1,769,4,3.975845656432984e-08,0.005201560468140442,0.0020245891497467933,0.013297387544882687,2.2167697801689242e-08,5.996950343788836e-08
NON FIBROTIC ILA ADJUDICATED,26,1129969800,genomic,2,770,3,9.26722242149061e-08,0.003896103896103896,0.0013258926936253902,0.011391775387498288,6.008671531988423e-08,1.3347562285226012e-07
NON FIBROTIC ILA ADJUDICATED,26,1129969800,genomic,3,769,5,2.005520076912505e-07,0.006501950585175552,0.002780348414515579,0.015129481166593194,1.3348103208575262e-07,2.7400115623238037e-07
NON FIBROTIC ILA ADJUDICATED,26,1129969800,genomic,4,770,10,4.084680067667117e-07,0.012987012987012988,0.007069333631553706,0.02373989550567504,2.7412906648040954e-07,5.836395174308337e-07
NON FIBROTIC ILA ADJUDICATED,26,1129969800,genomic,5,769,3,9.287052258937471e-07,0.0039011703511053317,0.001327618000260774,0.011406505807889416,5.836955118156126e-07,1.4204394219323458e-06
NON FIBROTIC ILA ADJUDICATED,26,1129969800,genomic,6,769,1,2.6962385176196825e-06,0.0013003901170351106,0.0002295876800841234,0.007328830355107483,1.421223774536594e-06,4.921995150155099e-06
NON FIBROTIC ILA ADJUDICATED,26,1129969800,genomic,7,770,3,0.00012238855409229746,0.003896103896103896,0.0013258926936253902,0.011391775387498288,4.923010412391283e-06,0.0006370837899501366
NON FIBROTIC ILA ADJUDICATED,26,1129969800,genomic,8,769,10,0.0030848573622449292,0.013003901170351105,0.007078545900378475,0.023770548113126753,0.0006375171170383301,0.008100011236150714
NON FIBROTIC ILA ADJUDICATED,26,1129969800,genomic,9,770,1,0.11541212685714689,0.0012987012987012987,0.00022928946639889794,0.007319361170123334,0.008131802468255301,0.9819444013138808
NON FIBROTIC ILA ADJUDICATED,26,1129969800,combined,0,770,2,0.004357014311438839,0.0025974025974025974,0.0007125907061236786,0.009420568652699277,0.001442651729230277,0.00581774278326574
NON FIBROTIC ILA ADJUDICATED,26,1129969800,combined,1,769,1,0.007005033041947906,0.0013003901170351106,0.0002295876800841234,0.007328830355107483,0.005819930921435169,0.008253850053795395
NON FIBROTIC ILA ADJUDICATED,26,1129969800,combined,2,770,1,0.009599960094665488,0.0012987012987012987,0.00022928946639889794,0.007319361170123334,0.00826017103188195,0.011118827483194768
NON FIBROTIC ILA ADJUDICATED,26,1129969800,combined,3,769,5,0.013044636969732994,0.006501950585175552,0.002780348414515579,0.015129481166593194,0.011118965303471583,0.015053155146792407
NON FIBROTIC ILA ADJUDICATED,26,1129969800,combined,4,770,3,0.017628329931380797,0.003896103896103896,0.0013258926936253902,0.011391775387498288,0.015054574869582562,0.020583673100106566
NON FIBROTIC ILA ADJUDICATED,26,1129969800,combined,5,769,1,0.025033233231865192,0.0013003901170351106,0.0002295876800841234,0.007328830355107483,0.020586912169848717,0.030120491886252196
NON FIBROTIC ILA ADJUDICATED,26,1129969800,combined,6,769,4,0.03714273083162963,0.005201560468140442,0.0020245891497467933,0.013297387544882687,0.030125309245608876,0.04581884192455728
NON FIBROTIC ILA ADJUDICATED,26,1129969800,combined,7,770,2,0.0635241298798445,0.0025974025974025974,0.0007125907061236786,0.009420568652699277,0.04586676451912989,0.087095264743008
NON FIBROTIC ILA ADJUDICATED,26,1129969800,combined,8,769,14,0.12892999979714184,0.018205461638491547,0.010875078260352153,0.030325427299070243,0.08712888482919223,0.1884807727295731
NON FIBROTIC ILA ADJUDICATED,26,1129969800,combined,9,770,11,0.33145661488172196,0.014285714285714285,0.007995323688185082,0.025398414171344384,0.1889575697988107,0.8004677057169068
NON FIBROTIC ILA ADJUDICATED,27,1470371538,zebra,0,770,0,0.2321125392860285,0.0,0.0,0.004964141914221508,0.11893743948205666,0.25972117591276184
NON FIBROTIC ILA ADJUDICATED,27,1470371538,zebra,1,769,1,0.28493771848317234,0.0013003901170351106,0.0002295876800841234,0.007328830355107483,0.2597474148447815,0.3099549946571794
NON FIBROTIC ILA ADJUDICATED,27,1470371538,zebra,2,770,0,0.3406322253506755,0.0,0.0,0.004964141914221508,0.3100218704405147,0.3743705076767218
NON FIBROTIC ILA ADJUDICATED,27,1470371538,zebra,3,769,0,0.4098049881777864,0.0,0.0,0.004970565148712315,0.37442960866501057,0.4465391774652037
NON FIBROTIC ILA ADJUDICATED,27,1470371538,zebra,4,770,3,0.4895848567171106,0.003896103896103896,0.0013258926936253902,0.011391775387498288,0.44672848628970596,0.5405732793825522
NON FIBROTIC ILA ADJUDICATED,27,1470371538,zebra,5,769,1,0.5999090425640033,0.0013003901170351106,0.0002295876800841234,0.007328830355107483,0.5406148926383858,0.6591844146637666
NON FIBROTIC ILA ADJUDICATED,27,1470371538,zebra,6,769,3,0.7265859734874816,0.0039011703511053317,0.001327618000260774,0.011406505807889416,0.6593820271538514,0.7892800059753806
NON FIBROTIC ILA ADJUDICATED,27,1470371538,zebra,7,770,3,0.8452467100349111,0.003896103896103896,0.0013258926936253902,0.011391775387498288,0.7893712027603661,0.8988500780327903
NON FIBROTIC ILA ADJUDICATED,27,1470371538,zebra,8,769,11,0.9493572960532174,0.014304291287386216,0.008005744470847457,0.025431202429137063,0.8988858359934823,0.9854116329818159
NON FIBROTIC ILA ADJUDICATED,27,1470371538,zebra,9,770,22,0.9965417899409992,0.02857142857142857,0.018942666074440347,0.04288066773039707,0.985485854363619,1.0
NON FIBROTIC ILA ADJUDICATED,27,1470371538,genomic,0,770,5,1.8482178498799678e-05,0.006493506493506494,0.0027767335367897463,0.01510995198893538,5.515405499082193e-06,2.6017156605020078e-05
NON FIBROTIC ILA ADJUDICATED,27,1470371538,genomic,1,769,5,3.3267322999445365e-05,0.006501950585175552,0.002780348414515579,0.015129481166593194,2.601932618013185e-05,4.092660567444681e-05
NON FIBROTIC ILA ADJUDICATED,27,1470371538,genomic,2,770,5,5.063881574914382e-05,0.006493506493506494,0.0027767335367897463,0.01510995198893538,4.096472929900852e-05,6.186890213687276e-05
NON FIBROTIC ILA ADJUDICATED,27,1470371538,genomic,3,769,3,7.807880067227816e-05,0.0039011703511053317,0.001327618000260774,0.011406505807889416,6.187239399645431e-05,9.7071871515513e-05
NON FIBROTIC ILA ADJUDICATED,27,1470371538,genomic,4,770,6,0.00012889083540714046,0.007792207792207792,0.0035759904186376326,0.016895203829388215,9.707948158616912e-05,0.0001697612860676627
NON FIBROTIC ILA ADJUDICATED,27,1470371538,genomic,5,769,2,0.0002679244192059965,0.002600780234070221,0.0007135177289523901,0.009432753192718508,0.00016996760818086614,0.00044844688696343523
NON FIBROTIC ILA ADJUDICATED,27,1470371538,genomic,6,769,4,0.0021754404646262887,0.005201560468140442,0.0020245891497467933,0.013297387544882687,0.0004514533402619052,0.006135795826822252
NON FIBROTIC ILA ADJUDICATED,27,1470371538,genomic,7,770,5,0.01385777681870261,0.006493506493506494,0.0027767335367897463,0.01510995198893538,0.006136153581646223,0.022528820110743735
NON FIBROTIC ILA ADJUDICATED,27,1470371538,genomic,8,769,4,0.03737488580973267,0.005201560468140442,0.0020245891497467933,0.013297387544882687,0.022537829751265306,0.05928473457267693
NON FIBROTIC ILA ADJUDICATED,27,1470371538,genomic,9,770,5,0.1519904365765384,0.006493506493506494,0.0027767335367897463,0.01510995198893538,0.059424439212150994,0.7459114629164545
NON FIBROTIC ILA ADJUDICATED,27,1470371538,combined,0,770,4,6.177615547058096e-06,0.005194805194805195,0.0020219574690050306,0.013280219334419372,3.16014361137797e-07,1.2156642668772627e-05
NON FIBROTIC ILA ADJUDICATED,27,1470371538,combined,1,769,3,2.001660026423037e-05,0.0039011703511053317,0.001327618000260774,0.011406505807889416,1.216031112134417e-05,2.9640871129718095e-05
NON FIBROTIC ILA ADJUDICATED,27,1470371538,combined,2,770,4,4.30624855844449e-05,0.005194805194805195,0.0020219574690050306,0.013280219334419372,2.9660188519488168e-05,6.0248271113076206e-05
NON FIBROTIC ILA ADJUDICATED,27,1470371538,combined,3,769,3,8.458382947324484e-05,0.0039011703511053317,0.001327618000260774,0.011406505807889416,6.0250442364294285e-05,0.00011398259385813378
NON FIBROTIC ILA ADJUDICATED,27,1470371538,combined,4,770,1,0.00016617313331032077,0.0012987012987012987,0.00022928946639889794,0.007319361170123334,0.00011399607383226877,0.0002316327859287595
NON FIBROTIC ILA ADJUDICATED,27,1470371538,combined,5,769,3,0.00033726210087065255,0.0039011703511053317,0.001327618000260774,0.011406505807889416,0.00023169706179133103,0.0004755566288946678
NON FIBROTIC ILA ADJUDICATED,27,1470371538,combined,6,769,4,0.0007764972881946563,0.005201560468140442,0.0020245891497467933,0.013297387544882687,0.00047608116799434955,0.0011931972412906639
NON FIBROTIC ILA ADJUDICATED,27,1470371538,combined,7,770,9,0.0021044150473844745,0.011688311688311689,0.006161243000312308,0.022063477414615715,0.0011961780171634215,0.0035954367026512697
NON FIBROTIC ILA ADJUDICATED,27,1470371538,combined,8,769,5,0.008220440512901085,0.006501950585175552,0.002780348414515579,0.015129481166593194,0.003602824073437693,0.016878108764093385
NON FIBROTIC ILA ADJUDICATED,27,1470371538,combined,9,770,8,0.1167809368299655,0.01038961038961039,0.005273784940225151,0.020366426752402144,0.0169259327765721,0.9334651075695581
NON FIBROTIC ILA ADJUDICATED,28,486400377,zebra,0,770,0,0.2333112919260107,0.0,0.0,0.004964141914221508,0.11052533634471677,0.26192651739885753
NON FIBROTIC ILA ADJUDICATED,28,486400377,zebra,1,769,1,0.2862741685661693,0.0013003901170351106,0.0002295876800841234,0.007328830355107483,0.261929049148748,0.3124139229420949
NON FIBROTIC ILA ADJUDICATED,28,486400377,zebra,2,770,0,0.3437645943342927,0.0,0.0,0.004964141914221508,0.3124190638873576,0.37661447713663365
NON FIBROTIC ILA ADJUDICATED,28,486400377,zebra,3,769,0,0.41075430224413484,0.0,0.0,0.004970565148712315,0.3766736141998482,0.44638399663992084
NON FIBROTIC ILA ADJUDICATED,28,486400377,zebra,4,770,4,0.4909820814724031,0.005194805194805195,0.0020219574690050306,0.013280219334419372,0.4465391774652037,0.539826777222261
NON FIBROTIC ILA ADJUDICATED,28,486400377,zebra,5,769,2,0.5991987385122703,0.002600780234070221,0.0007135177289523901,0.009432753192718508,0.5398734294247949,0.662980433012624
NON FIBROTIC ILA ADJUDICATED,28,486400377,zebra,6,769,4,0.72758718703221,0.005201560468140442,0.0020245891497467933,0.013297387544882687,0.663606189031817,0.7914864280637494
NON FIBROTIC ILA ADJUDICATED,28,486400377,zebra,7,770,3,0.8473207490149144,0.003896103896103896,0.0013258926936253902,0.011391775387498288,0.7915402246159229,0.9029687037824873
NON FIBROTIC ILA ADJUDICATED,28,486400377,zebra,8,769,11,0.9528216679191022,0.014304291287386216,0.008005744470847457,0.025431202429137063,0.903207882210036,0.9855166302275155
NON FIBROTIC ILA ADJUDICATED,28,486400377,zebra,9,770,19,0.9964018555408907,0.024675324675324677,0.015852913748522608,0.03821689388941264,0.9855998280659356,1.0
NON FIBROTIC ILA ADJUDICATED,28,486400377,genomic,0,770,5,0.0,0.006493506493506494,0.0027767335367897463,0.01510995198893538,0.0,0.0
NON FIBROTIC ILA ADJUDICATED,28,486400377,genomic,1,769,4,0.0,0.005201560468140442,0.0020245891497467933,0.013297387544882687,0.0,0.0
NON FIBROTIC ILA ADJUDICATED,28,486400377,genomic,2,770,5,0.0,0.006493506493506494,0.0027767335367897463,0.01510995198893538,0.0,0.0
NON FIBROTIC ILA ADJUDICATED,28,486400377,genomic,3,769,2,1.5445725779697302e-266,0.002600780234070221,0.0007135177289523901,0.009432753192718508,0.0,7.538498867210702e-265
NON FIBROTIC ILA ADJUDICATED,28,486400377,genomic,4,770,5,1.309856161754189e-230,0.006493506493506494,0.0027767335367897463,0.01510995198893538,8.230841060714785e-265,8.759374834070563e-229
NON FIBROTIC ILA ADJUDICATED,28,486400377,genomic,5,769,2,9.637700143798838e-196,0.002600780234070221,0.0007135177289523901,0.009432753192718508,8.902739703906238e-229,8.856633352528771e-194
NON FIBROTIC ILA ADJUDICATED,28,486400377,genomic,6,769,7,1.8414743698347638e-162,0.009102730819245773,0.004416223152723785,0.01866931220134357,9.588891266646886e-194,1.7622661824576194e-160
NON FIBROTIC ILA ADJUDICATED,28,486400377,genomic,7,770,7,6.714088635420677e-124,0.00909090909090909,0.004410478976495486,0.01864522399383109,1.796836099628588e-160,4.898881787075105e-122
NON FIBROTIC ILA ADJUDICATED,28,486400377,genomic,8,769,3,2.845507670924655e-62,0.0039011703511053317,0.001327618000260774,0.011406505807889416,5.238693525861621e-122,1.0039554411886742e-59
NON FIBROTIC ILA ADJUDICATED,28,486400377,genomic,9,770,4,0.6200429551191944,0.005194805194805195,0.0020219574690050306,0.013280219334419372,1.0774653066043795e-59,1.0
NON FIBROTIC ILA ADJUDICATED,28,486400377,combined,0,770,0,0.0008127897634608875,0.0,0.0,0.004964141914221508,0.00026281880828217524,0.0011522549101025494
NON FIBROTIC ILA ADJUDICATED,28,486400377,combined,1,769,0,0.0014995794729548504,0.0,0.0,0.004970565148712315,0.0011531936654179272,0.0018805343407855737
NON FIBROTIC ILA ADJUDICATED,28,486400377,combined,2,770,2,0.002348269780392378,0.0025974025974025974,0.0007125907061236786,0.009420568652699277,0.0018809763130141987,0.002847051607651394
NON FIBROTIC ILA ADJUDICATED,28,486400377,combined,3,769,2,0.003594692172077024,0.002600780234070221,0.0007135177289523901,0.009432753192718508,0.0028483237416791467,0.004490459354767409
NON FIBROTIC ILA ADJUDICATED,28,486400377,combined,4,770,3,0.005785632533965966,0.003896103896103896,0.0013258926936253902,0.011391775387498288,0.004490982309185038,0.007333473126576485
NON FIBROTIC ILA ADJUDICATED,28,486400377,combined,5,769,4,0.00972781318091062,0.005201560468140442,0.0020245891497467933,0.013297387544882687,0.007341247347224738,0.012397504769936875
NON FIBROTIC ILA ADJUDICATED,28,486400377,combined,6,769,4,0.01701413668297716,0.005201560468140442,0.0020245891497467933,0.013297387544882687,0.012400772303433744,0.022830914686410873
NON FIBROTIC ILA ADJUDICATED,28,486400377,combined,7,770,6,0.03294046624851354,0.007792207792207792,0.0035759904186376326,0.016895203829388215,0.02284273241539512,0.0451572850987814
NON FIBROTIC ILA ADJUDICATED,28,486400377,combined,8,769,12,0.06885521083461633,0.015604681404421327,0.008948690331271528,0.027076109455192295,0.04516036052282018,0.10223566347351415
NON FIBROTIC ILA ADJUDICATED,28,486400377,combined,9,770,11,0.24474083224586,0.014285714285714285,0.007995323688185082,0.025398414171344384,0.1023384088740855,0.8452949297489325
NON FIBROTIC ILA ADJUDICATED,29,1705249022,zebra,0,770,0,0.23180483232657034,0.0,0.0,0.004964141914221508,0.11693488945217027,0.2608962737897288
NON FIBROTIC ILA ADJUDICATED,29,1705249022,zebra,1,769,0,0.28650978776538605,0.0,0.0,0.004970565148712315,0.2610548534071459,0.3117422769040575
NON FIBROTIC ILA ADJUDICATED,29,1705249022,zebra,2,770,0,0.3418682964995386,0.0,0.0,0.004964141914221508,0.3117823339439391,0.3744961545744017
NON FIBROTIC ILA ADJUDICATED,29,1705249022,zebra,3,769,0,0.41057634119370073,0.0,0.0,0.004970565148712315,0.3746139423417925,0.44836042476870386
NON FIBROTIC ILA ADJUDICATED,29,1705249022,zebra,4,770,3,0.49675607269498256,0.003896103896103896,0.0013258926936253902,0.011391775387498288,0.4485139057574097,0.5481119570964046
NON FIBROTIC ILA ADJUDICATED,29,1705249022,zebra,5,769,1,0.6054344426692899,0.0013003901170351106,0.0002295876800841234,0.007328830355107483,0.5483671817409786,0.6665285543453549
NON FIBROTIC ILA ADJUDICATED,29,1705249022,zebra,6,769,7,0.7328471702285945,0.009102730819245773,0.004416223152723785,0.01866931220134357,0.6669227467367701,0.7940705398672191
NON FIBROTIC ILA ADJUDICATED,29,1705249022,zebra,7,770,4,0.8494825286684657,0.005194805194805195,0.0020219574690050306,0.013280219334419372,0.7943451895166777,0.9034727606056024
NON FIBROTIC ILA ADJUDICATED,29,1705249022,zebra,8,769,8,0.9516709555162483,0.010403120936280884,0.005280654829476248,0.0203927334110704,0.9035395761421238,0.9860089016090301
NON FIBROTIC ILA ADJUDICATED,29,1705249022,zebra,9,770,21,0.996643094565105,0.02727272727272727,0.017906160074157684,0.04133266500837901,0.9860610484462138,1.0
NON FIBROTIC ILA ADJUDICATED,29,1705249022,genomic,0,770,5,0.0,0.006493506493506494,0.0027767335367897463,0.01510995198893538,0.0,0.0
NON FIBROTIC ILA ADJUDICATED,29,1705249022,genomic,1,769,6,0.0,0.007802340702210663,0.003580646807040671,0.016917035660547395,0.0,0.0
NON FIBROTIC ILA ADJUDICATED,29,1705249022,genomic,2,770,4,0.0,0.005194805194805195,0.0020219574690050306,0.013280219334419372,0.0,0.0
NON FIBROTIC ILA ADJUDICATED,29,1705249022,genomic,3,769,7,0.0,0.009102730819245773,0.004416223152723785,0.01866931220134357,0.0,0.0
NON FIBROTIC ILA ADJUDICATED,29,1705249022,genomic,4,770,4,0.0,0.005194805194805195,0.0020219574690050306,0.013280219334419372,0.0,0.0
NON FIBROTIC ILA ADJUDICATED,29,1705249022,genomic,5,769,7,0.0,0.009102730819245773,0.004416223152723785,0.01866931220134357,0.0,0.0
NON FIBROTIC ILA ADJUDICATED,29,1705249022,genomic,6,769,1,5.134400674505469e-56,0.0013003901170351106,0.0002295876800841234,0.007328830355107483,0.0,3.1108607059322876e-53
NON FIBROTIC ILA ADJUDICATED,29,1705249022,genomic,7,770,4,0.9598846754682887,0.005194805194805195,0.0020219574690050306,0.013280219334419372,7.18744937772429e-50,1.0
NON FIBROTIC ILA ADJUDICATED,29,1705249022,genomic,8,769,0,1.0,0.0,0.0,0.004970565148712315,1.0,1.0
NON FIBROTIC ILA ADJUDICATED,29,1705249022,genomic,9,770,6,1.0,0.007792207792207792,0.0035759904186376326,0.016895203829388215,1.0,1.0
NON FIBROTIC ILA ADJUDICATED,29,1705249022,combined,0,770,0,0.001849958509538033,0.0,0.0,0.004964141914221508,0.0008808159574810019,0.002420694021778631
NON FIBROTIC ILA ADJUDICATED,29,1705249022,combined,1,769,1,0.002946188760114863,0.0013003901170351106,0.0002295876800841234,0.007328830355107483,0.002423306668741844,0.003560476176793457
NON FIBROTIC ILA ADJUDICATED,29,1705249022,combined,2,770,2,0.004291275780544493,0.0025974025974025974,0.0007125907061236786,0.009420568652699277,0.0035607454342901405,0.00513242995856925
NON FIBROTIC ILA ADJUDICATED,29,1705249022,combined,3,769,1,0.006165507776911562,0.0013003901170351106,0.0002295876800841234,0.007328830355107483,0.005133042695454906,0.007404465669707322
NON FIBROTIC ILA ADJUDICATED,29,1705249022,combined,4,770,3,0.009076255520656305,0.003896103896103896,0.0013258926936253902,0.011391775387498288,0.00740562001531881,0.010904941371383318
NON FIBROTIC ILA ADJUDICATED,29,1705249022,combined,5,769,2,0.013497266115474856,0.002600780234070221,0.0007135177289523901,0.009432753192718508,0.01090652099087188,0.01650883645738378
NON FIBROTIC ILA ADJUDICATED,29,1705249022,combined,6,769,6,0.021352296420801525,0.007802340702210663,0.003580646807040671,0.016917035660547395,0.016513688688079443,0.026814360916009045
NON FIBROTIC ILA ADJUDICATED,29,1705249022,combined,7,770,8,0.03475793567053974,0.01038961038961039,0.005273784940225151,0.020366426752402144,0.02682604587290989,0.04524464322736456
NON FIBROTIC ILA ADJUDICATED,29,1705249022,combined,8,769,11,0.06302856322087419,0.014304291287386216,0.008005744470847457,0.025431202429137063,0.04526785392246993,0.08980340937278335
NON FIBROTIC ILA ADJUDICATED,29,1705249022,combined,9,770,10,0.19188908093201426,0.012987012987012988,0.007069333631553706,0.02373989550567504,0.08986101469864471,0.7567585083057642
NON FIBROTIC ILA ADJUDICATED,30,62697972,zebra,0,770,0,0.23175129008844703,0.0,0.0,0.004964141914221508,0.11052533634471677,0.2603278428050794
NON FIBROTIC ILA ADJUDICATED,30,62697972,zebra,1,769,0,0.2860618989965781,0.0,0.0,0.004970565148712315,0.2603712147413345,0.31213148847501915
NON FIBROTIC ILA ADJUDICATED,30,62697972,zebra,2,770,0,0.34328505678092225,0.0,0.0,0.004964141914221508,0.3124139229420949,0.3756791677534288
NON FIBROTIC ILA ADJUDICATED,30,62697972,zebra,3,769,0,0.4115264757268096,0.0,0.0,0.004970565148712315,0.37570357674586347,0.44782601534663025
NON FIBROTIC ILA ADJUDICATED,30,62697972,zebra,4,770,1,0.4928069550759962,0.0012987012987012987,0.00022928946639889794,0.007319361170123334,0.447934860440336,0.5430503347508041
NON FIBROTIC ILA ADJUDICATED,30,62697972,zebra,5,769,2,0.6033940328868628,0.002600780234070221,0.0007135177289523901,0.009432753192718508,0.5430661623395054,0.6703025118052282
NON FIBROTIC ILA ADJUDICATED,30,62697972,zebra,6,769,7,0.735019661473407,0.009102730819245773,0.004416223152723785,0.01866931220134357,0.6704488006158001,0.7924123854559428
NON FIBROTIC ILA ADJUDICATED,30,62697972,zebra,7,770,3,0.8494230418757324,0.003896103896103896,0.0013258926936253902,0.011391775387498288,0.7927303182113955,0.9047106988493917
NON FIBROTIC ILA ADJUDICATED,30,62697972,zebra,8,769,10,0.9520865895144532,0.013003901170351105,0.007078545900378475,0.023770548113126753,0.9049526949194308,0.9860610484462138
NON FIBROTIC ILA ADJUDICATED,30,62697972,zebra,9,770,21,0.9966044391225757,0.02727272727272727,0.017906160074157684,0.04133266500837901,0.9860843461239837,1.0
NON FIBROTIC ILA ADJUDICATED,30,62697972,genomic,0,770,4,0.005134889965034133,0.005194805194805195,0.0020219574690050306,0.013280219334419372,0.0016428291063305435,0.007092051710306538
NON FIBROTIC ILA ADJUDICATED,30,62697972,genomic,1,769,4,0.00887436626156245,0.005201560468140442,0.0020245891497467933,0.013297387544882687,0.007096556564504135,0.010897779225417225
NON FIBROTIC ILA ADJUDICATED,30,62697972,genomic,2,770,4,0.014198104314630292,0.005194805194805195,0.0020219574690050306,0.013280219334419372,0.010910735622841025,0.018597994156462065
NON FIBROTIC ILA ADJUDICATED,30,62697972,genomic,3,769,3,0.02912175776018753,0.0039011703511053317,0.001327618000260774,0.011406505807889416,0.018621389005989857,0.04692699155365597
NON FIBROTIC ILA ADJUDICATED,30,62697972,genomic,4,770,5,0.07595559299268254,0.006493506493506494,0.0027767335367897463,0.01510995198893538,0.046951558911534186,0.10768153069165497
NON FIBROTIC ILA ADJUDICATED,30,62697972,genomic,5,769,5,0.1407327252428063,0.006501950585175552,0.002780348414515579,0.015129481166593194,0.10778770978459795,0.1778549538452762
NON FIBROTIC ILA ADJUDICATED,30,62697972,genomic,6,769,6,0.21947743299380115,0.007802340702210663,0.003580646807040671,0.016917035660547395,0.17798168006756326,0.25930288303753973
NON FIBROTIC ILA ADJUDICATED,30,62697972,genomic,7,770,5,0.29995446260803454,0.006493506493506494,0.0027767335367897463,0.01510995198893538,0.25936924414383616,0.34391565578060934
NON FIBROTIC ILA ADJUDICATED,30,62697972,genomic,8,769,4,0.38654240736965473,0.005201560468140442,0.0020245891497467933,0.013297387544882687,0.34399101215093525,0.43185465476621776
NON FIBROTIC ILA ADJUDICATED,30,62697972,genomic,9,770,4,0.5129979985783956,0.005194805194805195,0.0020219574690050306,0.013280219334419372,0.4320841355342707,0.8290871947184304
NON FIBROTIC ILA ADJUDICATED,30,62697972,combined,0,770,3,0.001117751569983906,0.003896103896103896,0.0013258926936253902,0.011391775387498288,0.0008066435925564361,0.001328830990301095
NON FIBROTIC ILA ADJUDICATED,30,62697972,combined,1,769,2,0.00159423957227009,0.002600780234070221,0.0007135177289523901,0.009432753192718508,0.0013291098461969365,0.001980251304281168
NON FIBROTIC ILA ADJUDICATED,30,62697972,combined,2,770,1,0.002781005723841918,0.0012987012987012987,0.00022928946639889794,0.007319361170123334,0.0019823309616465675,0.0035211546562515937
NON FIBROTIC ILA ADJUDICATED,30,62697972,combined,3,769,1,0.004281163817514597,0.0013003901170351106,0.0002295876800841234,0.007328830355107483,0.0035219942343887203,0.005065301495110346
NON FIBROTIC ILA ADJUDICATED,30,62697972,combined,4,770,0,0.006054051588205151,0.0,0.0,0.004964141914221508,0.005065504137805509,0.007222573568210479
NON FIBROTIC ILA ADJUDICATED,30,62697972,combined,5,769,2,0.008721163608541659,0.002600780234070221,0.0007135177289523901,0.009432753192718508,0.007225012326767938,0.010416143493361089
NON FIBROTIC ILA ADJUDICATED,30,62697972,combined,6,769,7,0.0130163871874316,0.009102730819245773,0.004416223152723785,0.01866931220134357,0.01042544943760085,0.01618428330708003
NON FIBROTIC ILA ADJUDICATED,30,62697972,combined,7,770,4,0.030151647281072384,0.005194805194805195,0.0020219574690050306,0.013280219334419372,0.016191767203805735,0.06195172385635296
NON FIBROTIC ILA ADJUDICATED,30,62697972,combined,8,769,13,0.12036381918533677,0.016905071521456438,0.009905619514842359,0.028707033158100748,0.0620765401572937,0.20895776709898936
NON FIBROTIC ILA ADJUDICATED,30,62697972,combined,9,770,11,0.44482120303139305,0.014285714285714285,0.007995323688185082,0.025398414171344384,0.20895886807383834,0.9383644849961258
