target_name,model,feature,n_splits,mean_importance,median_importance,max_importance,empirical_q025,empirical_q975,bootstrap_mean_ci_low,bootstrap_mean_ci_high,bootstrap_max_ci_low,bootstrap_max_ci_high
FILD or FILA ADJUDICATED,genomic,rs3131520_C_0,30,0.01183326632683298,0.005891007060226986,0.06419190739980422,0.0,0.0592075300083943,0.006774557191150747,0.0179862720780903,0.025115815731314457,0.06419190739980422
FILD or FILA ADJUDICATED,genomic,rs3131520_C_1,30,0.08981911529863505,0.04760244093706327,0.3696710836782098,0.0,0.280767813746448,0.05839131549555533,0.12629572317133864,0.2335879543461855,0.3696710836782098
FILD or FILA ADJUDICATED,genomic,rs3131520_C_2,30,0.07992419741271385,0.04104871415463208,0.5418829101731808,0.0008301193169827738,0.3834139875207919,0.04383349786056305,0.12520253220376215,0.14945782812084976,0.5418829101731808
FILD or FILA ADJUDICATED,genomic,rs55993474_A_0,30,0.00013107187188817287,0.0,0.003816945305076504,0.0,0.0011331878262833277,0.0,0.00038937525394556257,0.0,0.003816945305076504
FILD or FILA ADJUDICATED,genomic,rs55993474_A_1,30,0.005917090030252211,0.0017498252537084904,0.029441864325344725,0.0,0.02838142720824012,0.003172035591848488,0.009001558394957296,0.018909838980601543,0.029441864325344725
FILD or FILA ADJUDICATED,genomic,rs55993474_A_2,30,0.013371469794023816,0.002532713010124787,0.22839012784360468,0.0,0.08044751444996562,0.0038206080808420866,0.02929035689064712,0.02355002415673072,0.22839012784360468
FILD or FILA ADJUDICATED,genomic,rs2375892_T_0,30,0.0292123854343281,0.01354825711369751,0.18669551955183253,0.0,0.14849543736913903,0.015353662930147153,0.04639731266097146,0.08862289851057586,0.18669551955183253
FILD or FILA ADJUDICATED,genomic,rs2375892_T_1,30,0.02066102661960015,0.012735406596592922,0.08013946463253159,0.0,0.07866666043319051,0.01315432191100863,0.029145828749209818,0.04908426527914772,0.08013946463253159
FILD or FILA ADJUDICATED,genomic,rs2375892_T_2,30,0.0544955783556339,0.0255711415556763,0.3515085461937163,0.0,0.21124826022724835,0.032024611963057094,0.08314968058150152,0.11500246877089071,0.3515085461937163
FILD or FILA ADJUDICATED,genomic,rs10881263_G_0,30,0.024287785074722092,0.012493299065215537,0.0978373634207858,0.0,0.09539488189562362,0.015204594152301668,0.03490589156878881,0.05267785501332964,0.0978373634207858
FILD or FILA ADJUDICATED,genomic,rs10881263_G_1,30,0.04077150768681274,0.022204056769861612,0.20935889821984355,0.0,0.14915701177417265,0.026505042877191746,0.05809873186245637,0.0691224610618492,0.20935889821984355
FILD or FILA ADJUDICATED,genomic,rs10881263_G_2,30,0.01872032007632225,0.015378277841181218,0.05768466969715151,0.0,0.04694536432565051,0.013610473666613249,0.02412945268806949,0.039622960677512094,0.05768466969715151
FILD or FILA ADJUDICATED,genomic,rs11102362_G_0,30,0.027810390592861677,0.016990958768137956,0.12304387144491075,0.0,0.11478271906036933,0.01619637074439087,0.03979172249645445,0.07810797667840971,0.12304387144491075
FILD or FILA ADJUDICATED,genomic,rs11102362_G_1,30,0.03873699595394752,0.02631000769771165,0.15465643865162368,0.0,0.12628500015103608,0.026039709513306263,0.05255536386932878,0.08538346570731063,0.15465643865162368
FILD or FILA ADJUDICATED,genomic,rs11102362_G_2,30,0.02779290655905174,0.015678674648820026,0.12685208333206263,0.0,0.11272518270914317,0.018077399613100696,0.039363415349866995,0.054061486202063955,0.12685208333206263
FILD or FILA ADJUDICATED,genomic,rs16837903_G_0,30,0.0014441743773941805,0.0,0.017789594846646745,0.0,0.011916185662115629,0.00034883363775224815,0.002955111615320042,0.003752894793013339,0.017789594846646745
FILD or FILA ADJUDICATED,genomic,rs16837903_G_1,30,0.02234789133129021,0.01668750877504405,0.07730754005737288,0.0,0.06634677255194447,0.015458811906329624,0.02935426488835834,0.047453021104738306,0.07730754005737288
FILD or FILA ADJUDICATED,genomic,rs16837903_G_2,30,0.13318979576934073,0.09542144551546164,0.6861567321800967,0.0022166206828704424,0.4586351659804073,0.08653749722704904,0.18453588514088778,0.27350003818109386,0.6861567321800967
FILD or FILA ADJUDICATED,genomic,rs11264306_A_0,30,0.0485032764518746,0.023495375870795556,0.2367427264698314,0.0,0.21182435605481095,0.02848994376460497,0.07206537045530295,0.12015753719177721,0.2367427264698314
FILD or FILA ADJUDICATED,genomic,rs11264306_A_1,30,0.030416405148148296,0.015674636125671507,0.13274764519733723,0.0,0.12177863522563839,0.018914193031394418,0.04418095262339775,0.06420918874838596,0.13274764519733723
FILD or FILA ADJUDICATED,genomic,rs11264306_A_2,30,0.02920164798290282,0.011326667176950944,0.24285128360650904,0.0,0.1757454363348016,0.013753442099537126,0.05024278751831973,0.08268277039453231,0.24285128360650904
FILD or FILA ADJUDICATED,genomic,rs7547997_G_0,30,0.015940945831107795,0.00843826564169177,0.08966208244959727,0.0,0.07783924072172316,0.009503977865576047,0.023422607224816986,0.03200015706259793,0.08966208244959727
FILD or FILA ADJUDICATED,genomic,rs7547997_G_1,30,0.02055053679959865,0.008874536617905349,0.09663178676850327,0.0,0.07409432582105706,0.012761224616384053,0.029684186181749592,0.0453706129926458,0.09663178676850327
FILD or FILA ADJUDICATED,genomic,rs7547997_G_2,30,0.05650348732890414,0.0395694249787428,0.20982558672623416,0.0,0.19363681779303601,0.0387311180364484,0.0779738893751792,0.12330773813034801,0.20982558672623416
FILD or FILA ADJUDICATED,genomic,rs699240_T_0,30,0.06197018990133149,0.019866781788704962,0.4147632430323676,0.0,0.27036349228612305,0.032278857439485414,0.09676925083530467,0.14704106179796053,0.4147632430323676
FILD or FILA ADJUDICATED,genomic,rs699240_T_1,30,0.07250875283528142,0.05189660533860697,0.31389799716425704,0.0,0.23710450756360005,0.04546164128693426,0.1021139320589016,0.19622717392154354,0.31389799716425704
FILD or FILA ADJUDICATED,genomic,rs699240_T_2,30,0.027581765777752218,0.017998840713395706,0.10606435666767608,0.0,0.09746186706134961,0.017600491908685085,0.03896732460096077,0.07565948353094004,0.10606435666767608
FILD or FILA ADJUDICATED,genomic,rs114064385_G_0,30,0.0,0.0,0.0,0.0,0.0,0.0,0.0,0.0,0.0
FILD or FILA ADJUDICATED,genomic,rs114064385_G_1,30,0.003139024168862806,0.0008012227043679963,0.022038768636374752,0.0,0.019423966767593264,0.0013880179005733538,0.005061734794499919,0.007975061899639141,0.022038768636374752
FILD or FILA ADJUDICATED,genomic,rs114064385_G_2,30,0.0023552318941993207,0.0,0.01703423683466501,0.0,0.012651296112974249,0.0009653056002395301,0.0038617502429862884,0.008137620995054107,0.01703423683466501
FILD or FILA ADJUDICATED,genomic,rs55682827_C_0,30,0.0001656617515704866,0.0,0.004628450435908654,0.0,0.0015203404004991829,0.0,0.0004856051843379283,0.0,0.004628450435908654
FILD or FILA ADJUDICATED,genomic,rs55682827_C_1,30,0.01889332171753783,0.005096870108731843,0.3034025940126632,0.0,0.12527051941475437,0.006313375158874965,0.04320100140314138,0.02295657733166308,0.3034025940126632
FILD or FILA ADJUDICATED,genomic,rs55682827_C_2,30,0.0340953990955456,0.02095744080955424,0.14728336980048856,0.0,0.11460851469113065,0.021265585913214008,0.04927814134563855,0.08671166700470867,0.14728336980048856
FILD or FILA ADJUDICATED,genomic,rs17019820_A_0,30,0.001945356645983616,0.0,0.018276871227021662,0.0,0.013665023940300015,0.0005852133909585684,0.0036598331710274486,0.005323322456165596,0.018276871227021662
FILD or FILA ADJUDICATED,genomic,rs17019820_A_1,30,0.04821170500100134,0.01737356399791106,0.4119164825543764,0.0,0.2288574470208412,0.023941638801331083,0.07950820132949551,0.15515064891936273,0.4119164825543764
FILD or FILA ADJUDICATED,genomic,rs17019820_A_2,30,0.010294941585543877,0.005810930985145733,0.051661675840885914,0.0,0.045865862840240655,0.006010103489676044,0.015478991179502927,0.02656071371748325,0.051661675840885914
FILD or FILA ADJUDICATED,genomic,rs2577254_T_0,30,0.025412256992317483,0.01900975229409463,0.12343141955899091,0.0,0.07493843954566301,0.0172894073288092,0.03516141162302229,0.04994042400559638,0.12343141955899091
FILD or FILA ADJUDICATED,genomic,rs2577254_T_1,30,0.033171033509466624,0.021756581139739103,0.18146583849912346,0.0,0.12895458688854816,0.020518045835650738,0.05101795201419448,0.07158073098795115,0.18146583849912346
FILD or FILA ADJUDICATED,genomic,rs2577254_T_2,30,0.021327007353236553,0.019040780393421858,0.08557665676946075,0.0,0.07782457980301766,0.014834199033070346,0.028991901478580724,0.040781434498154974,0.08557665676946075
FILD or FILA ADJUDICATED,genomic,rs12710674_C_0,30,6.105874645612788e-06,0.0,0.00018317623936838366,0.0,5.0373465826305244e-05,0.0,1.8317623936838364e-05,0.0,0.00018317623936838366
FILD or FILA ADJUDICATED,genomic,rs12710674_C_1,30,0.015025925276688288,0.00961061371764995,0.07992370686947659,0.0,0.05722427452114127,0.00942156710316512,0.021322925053224598,0.03674775029316103,0.07992370686947659
FILD or FILA ADJUDICATED,genomic,rs12710674_C_2,30,0.01564601095466805,0.0075412091641227,0.09674100175866007,0.0,0.07651379083185997,0.008912351186339462,0.023490259161823054,0.037047677437675786,0.09674100175866007
FILD or FILA ADJUDICATED,genomic,rs77998999_A_0,30,0.0,0.0,0.0,0.0,0.0,0.0,0.0,0.0,0.0
FILD or FILA ADJUDICATED,genomic,rs77998999_A_1,30,0.008326489446155747,0.0017817357562760175,0.08150289946643183,0.0,0.041705527457146147,0.003412546725396613,0.015114940592091279,0.02203088973751925,0.08150289946643183
FILD or FILA ADJUDICATED,genomic,rs77998999_A_2,30,0.005785924467412868,0.0013735668408993394,0.03131693910361288,0.0,0.021826501826721217,0.003114723532039104,0.008854820132095443,0.014901887861769875,0.03131693910361288
FILD or FILA ADJUDICATED,genomic,rs6736148_C_0,30,0.0,0.0,0.0,0.0,0.0,0.0,0.0,0.0,0.0
FILD or FILA ADJUDICATED,genomic,rs6736148_C_1,30,0.017241900746431706,0.0038020230284170945,0.2124886508049932,0.0,0.10746815839244825,0.006351210904761873,0.03137194590740672,0.04287415275152073,0.2124886508049932
FILD or FILA ADJUDICATED,genomic,rs6736148_C_2,30,0.01927651646037524,0.0037349450180810674,0.14744571648301533,0.0,0.07643664304449703,0.010126991126635568,0.03085903374405342,0.04652114306689674,0.14744571648301533
FILD or FILA ADJUDICATED,genomic,rs4672388_T_0,30,0.005189032418367334,0.0008423398083377974,0.036144237965325454,0.0,0.028292433848432007,0.0025607163576342627,0.008685209594825091,0.015729480427519683,0.036144237965325454
FILD or FILA ADJUDICATED,genomic,rs4672388_T_1,30,0.02283982179474903,0.011019016136162633,0.12905369125599497,0.0,0.08714278579872854,0.012926246358237754,0.035184424793596826,0.06642361728191792,0.12905369125599497
FILD or FILA ADJUDICATED,genomic,rs4672388_T_2,30,0.022063309923263108,0.01210087483529157,0.10515041256842693,0.0,0.09971082568987541,0.013470146739308159,0.03251699658364523,0.056287071010888555,0.10515041256842693
FILD or FILA ADJUDICATED,genomic,rs1123573_A_0,30,0.08110566474724248,0.057860647299735994,0.21907943348178532,0.0,0.2098983138474895,0.05978536478747151,0.10215274922920461,0.2058880439612416,0.21907943348178532
FILD or FILA ADJUDICATED,genomic,rs1123573_A_1,30,0.02155462972984207,0.01720306797448576,0.12399857921998168,0.0,0.07637873479791363,0.014453406423720042,0.03095155049613321,0.04231046672964175,0.12399857921998168
FILD or FILA ADJUDICATED,genomic,rs1123573_A_2,30,0.04372391832512696,0.024637398946755353,0.21508521561691543,0.0,0.1694061404642735,0.025723070074963994,0.06554508895790433,0.13160198254669483,0.21508521561691543
FILD or FILA ADJUDICATED,genomic,rs17007563_C_0,30,3.0205798508056483e-05,0.0,0.0003821760902841307,0.0,0.00036516279888038517,0.0,6.765201210845016e-05,0.0,0.0003821760902841307
FILD or FILA ADJUDICATED,genomic,rs17007563_C_1,30,0.008594310456013334,0.0011732053606632261,0.05324590730940747,0.0,0.03809709489628133,0.004522411056951083,0.013550050910583361,0.027813390596890166,0.05324590730940747
FILD or FILA ADJUDICATED,genomic,rs17007563_C_2,30,0.008513265035747185,0.0037906930025763926,0.06262650048138109,0.0,0.05064653026738032,0.004103109502183038,0.013854036939240928,0.018874275428899242,0.06262650048138109
FILD or FILA ADJUDICATED,genomic,rs12713927_G_0,30,0.021030274433785655,0.00838562731698858,0.121492436392554,0.0,0.09052163513386732,0.012599806993941077,0.031576750243585514,0.055794554320932555,0.121492436392554
FILD or FILA ADJUDICATED,genomic,rs12713927_G_1,30,0.02718333100481898,0.013986479596946318,0.22792994254506488,0.0,0.11405396826099418,0.014994345423835823,0.045068414656224846,0.05368937842573554,0.22792994254506488
FILD or FILA ADJUDICATED,genomic,rs12713927_G_2,30,0.020801999598747616,0.010813851457442564,0.09548257922285992,0.0,0.08452033254988592,0.012497629897147281,0.030617849965941166,0.053088115083592353,0.09548257922285992
FILD or FILA ADJUDICATED,genomic,rs11680126_C_0,30,0.008771174174254685,0.005311760744324049,0.04183469330390603,0.0,0.03982774107198173,0.005558751827245123,0.012963995230566051,0.023078791533007265,0.04183469330390603
FILD or FILA ADJUDICATED,genomic,rs11680126_C_1,30,0.024402972177614606,0.01224471432674562,0.21987836069907984,0.0,0.12365984773370584,0.011998345159355767,0.04141674587966726,0.04332683757503065,0.21987836069907984
FILD or FILA ADJUDICATED,genomic,rs11680126_C_2,30,0.02269198429621467,0.010740852442554946,0.2050423854667878,0.0,0.12258069939979696,0.010689823806776631,0.03972299544080337,0.0605208695620996,0.2050423854667878
FILD or FILA ADJUDICATED,genomic,rs1669778_T_0,30,0.002266408118034783,0.0,0.015135176034143232,0.0,0.01493307194100512,0.0007859084820261053,0.004049693422162419,0.012017042110720109,0.015135176034143232
FILD or FILA ADJUDICATED,genomic,rs1669778_T_1,30,0.017734057898383098,0.013347331824890524,0.06093592879956158,0.0,0.05395814154832902,0.011351207693720264,0.024242687025686774,0.04819194966983633,0.06093592879956158
FILD or FILA ADJUDICATED,genomic,rs1669778_T_2,30,0.024759272568357405,0.01491000740384095,0.1610926681530952,0.0,0.0884243802679403,0.014896450108436293,0.036470044166151266,0.05461128009552169,0.1610926681530952
FILD or FILA ADJUDICATED,genomic,rs1488496_C_0,30,0.00010339369431683951,0.0,0.0009852380222214194,0.0,0.0009804619962974137,1.6549582659062407e-05,0.0002147025493803656,0.0002506987046122115,0.0009852380222214194
FILD or FILA ADJUDICATED,genomic,rs1488496_C_1,30,0.022199345441354382,0.010652057568567862,0.1454697241143949,0.0,0.13463390445893622,0.011199411358055598,0.03531815513128932,0.046154406325948076,0.1454697241143949
FILD or FILA ADJUDICATED,genomic,rs1488496_C_2,30,0.011598192953147487,0.009563866795432365,0.06382996836405201,0.0,0.05267021832821685,0.007181579068070169,0.017320174992493963,0.022046437334983997,0.06382996836405201
FILD or FILA ADJUDICATED,genomic,rs56387623_T_0,30,0.0029994156719108543,0.0,0.036311596659526754,0.0,0.019098566207600604,0.0009441067714993696,0.00592479116341219,0.007167574417204664,0.036311596659526754
FILD or FILA ADJUDICATED,genomic,rs56387623_T_1,30,0.026691577397565832,0.019602945649270693,0.12445623077754042,0.0,0.10190191152346863,0.01682950698813686,0.03735884457009739,0.05638336551279472,0.12445623077754042
FILD or FILA ADJUDICATED,genomic,rs56387623_T_2,30,0.021667524518769764,0.008858851907993265,0.15775737189526728,0.0,0.10915230182325396,0.0117336393776425,0.03442581934962746,0.04632649548845588,0.15775737189526728
FILD or FILA ADJUDICATED,genomic,rs2361278_T_0,30,0.006013342963504156,0.0022633217704461214,0.03902565390039696,0.0,0.028111158775312558,0.003441415726222948,0.009244496831780693,0.01470982139936529,0.03902565390039696
FILD or FILA ADJUDICATED,genomic,rs2361278_T_1,30,0.021162077600625755,0.012674205279280551,0.10221011406709499,0.0,0.08411215815170334,0.013476385965491208,0.029857060830604135,0.04663221138314288,0.10221011406709499
FILD or FILA ADJUDICATED,genomic,rs2361278_T_2,30,0.01996363208538575,0.008959994025247569,0.12482758813713285,0.0,0.10619327274385008,0.010933194166680794,0.03181497946939025,0.04378257704639455,0.12482758813713285
FILD or FILA ADJUDICATED,genomic,rs79252367_G_0,30,0.00011066780591672158,0.0,0.0016335905910495692,0.0,0.0010749834297013605,1.1593921201990283e-05,0.0002478039053535629,0.00031459475667280885,0.0016335905910495692
FILD or FILA ADJUDICATED,genomic,rs79252367_G_1,30,0.060978692078168646,0.043587837113329475,0.2855054508290839,0.001870804654052475,0.2169761456579424,0.03997521501925497,0.0854605236778485,0.1315348108355689,0.2855054508290839
FILD or FILA ADJUDICATED,genomic,rs79252367_G_2,30,0.062311524933243816,0.04125101947365244,0.163952616008403,0.004169639265264275,0.1584804468805452,0.044896650025347644,0.07996140511021828,0.13933407823349728,0.163952616008403
FILD or FILA ADJUDICATED,genomic,rs1479945_C_0,30,0.010416037604806075,0.0041623897170982565,0.09731187092342661,0.0,0.05580248281332921,0.0050661279995091735,0.018553075863961037,0.021045353642051113,0.09731187092342661
FILD or FILA ADJUDICATED,genomic,rs1479945_C_1,30,0.0339234948512633,0.017326765867040905,0.29620572921291405,0.0,0.20151735479455757,0.016121067658081346,0.058639095796588915,0.07204837693107412,0.29620572921291405
FILD or FILA ADJUDICATED,genomic,rs1479945_C_2,30,0.03249112072720714,0.015854236184827553,0.12091459123923529,0.0,0.11730117128338673,0.019421184343175052,0.04531934376809293,0.08538247913764715,0.12091459123923529
FILD or FILA ADJUDICATED,genomic,rs1015097_A_0,30,0.04303341464447298,0.018794991305138155,0.25723607060821,0.0,0.17641392433773942,0.02460189318363284,0.0626920487136504,0.10680496742884439,0.25723607060821
FILD or FILA ADJUDICATED,genomic,rs1015097_A_1,30,0.029154142227150372,0.015216261175306712,0.11188282510298003,0.0,0.11007981853397417,0.01767326343004782,0.04141866825881416,0.07292830226962305,0.11188282510298003
FILD or FILA ADJUDICATED,genomic,rs1015097_A_2,30,0.02104706193840529,0.015192600783018737,0.1149106884056079,0.0,0.08330900487816699,0.012168278703774882,0.030911727921921955,0.042218412481915296,0.1149106884056079
FILD or FILA ADJUDICATED,genomic,rs4680134_C_0,30,0.010385028587438973,0.005036351749636191,0.052253204472452554,0.0,0.043589766972972455,0.006086656896732846,0.0158721837252711,0.027505575821901076,0.052253204472452554
FILD or FILA ADJUDICATED,genomic,rs4680134_C_1,30,0.03669434962374084,0.009673150582191911,0.6304760271280434,0.0,0.2342093027167246,0.01174892206269549,0.08065736150548672,0.037362406133625486,0.6304760271280434
FILD or FILA ADJUDICATED,genomic,rs4680134_C_2,30,0.03740726147878922,0.01205072077539605,0.3877276903360133,0.0,0.18831365091580266,0.01861627362975507,0.06729502056479196,0.08024576671738337,0.3877276903360133
FILD or FILA ADJUDICATED,genomic,rs76160568_A_0,30,0.0,0.0,0.0,0.0,0.0,0.0,0.0,0.0,0.0
FILD or FILA ADJUDICATED,genomic,rs76160568_A_1,30,0.004684618625170333,0.0,0.037627274884551316,0.0,0.030613434524015735,0.0020138582160945605,0.008085894909058717,0.01399313874052609,0.037627274884551316
FILD or FILA ADJUDICATED,genomic,rs76160568_A_2,30,0.014014651538769003,0.007979644708892033,0.07627023150066894,0.0,0.06795627916230922,0.007418813413467547,0.020819310700964305,0.030373918179049823,0.07627023150066894
FILD or FILA ADJUDICATED,genomic,rs10776482_A_0,30,0.04673640722931991,0.026152715642111433,0.21638550233971776,0.0,0.18015898391156399,0.030202853690957102,0.06708269194263938,0.10987011581702766,0.21638550233971776
FILD or FILA ADJUDICATED,genomic,rs10776482_A_1,30,0.05579120588503383,0.027409211637216435,0.39129153007443,0.0,0.26551902884971457,0.028999538795706128,0.0885914717515387,0.16777749018542537,0.39129153007443
FILD or FILA ADJUDICATED,genomic,rs10776482_A_2,30,0.023279324993581922,0.010175771725675454,0.14570388281431934,0.0,0.13081741647607792,0.012109972703173042,0.03777834030783109,0.048024518506811324,0.14570388281431934
FILD or FILA ADJUDICATED,genomic,rs56111559_G_0,30,0.011456226612796029,0.0027441661492605663,0.07763888540414265,0.0,0.07568563258310097,0.005331356845066187,0.01992968905157562,0.035166373682524815,0.07763888540414265
FILD or FILA ADJUDICATED,genomic,rs56111559_G_1,30,0.02504297152590816,0.008147979084078893,0.14025776661842934,0.0,0.1388783259169119,0.012584912281865462,0.03963811839835212,0.047177211762843195,0.14025776661842934
FILD or FILA ADJUDICATED,genomic,rs56111559_G_2,30,0.019139986150777662,0.010662178711944517,0.07954738875147742,0.0,0.07198003216153975,0.011577040431719409,0.02747843214635746,0.04655963641247643,0.07954738875147742
FILD or FILA ADJUDICATED,genomic,rs146764446_A_0,30,0.0,0.0,0.0,0.0,0.0,0.0,0.0,0.0,0.0
FILD or FILA ADJUDICATED,genomic,rs146764446_A_1,30,0.0033721098030229405,0.0013589510561738643,0.015420637954785281,0.0,0.01325836998726904,0.0017582936360461693,0.005081334925412073,0.010722058368845563,0.015420637954785281
FILD or FILA ADJUDICATED,genomic,rs146764446_A_2,30,0.0036905980245225457,0.0003484818367598227,0.029969973910405737,0.0,0.023043099205182306,0.0017105204937545142,0.006115796319810375,0.009207581010376395,0.029969973910405737
FILD or FILA ADJUDICATED,genomic,rs2609255_T_0,30,0.01673100528822879,0.007370416194865152,0.18910702117250125,0.0,0.08495584498280784,0.007658887298732922,0.030395197966808323,0.03159850645680422,0.18910702117250125
FILD or FILA ADJUDICATED,genomic,rs2609255_T_1,30,0.03818923360436415,0.021815243936959064,0.1645211018495984,0.0,0.14305320981474984,0.024918890401512746,0.055480703730315065,0.10473867164430838,0.1645211018495984
FILD or FILA ADJUDICATED,genomic,rs2609255_T_2,30,0.01590609750164921,0.008145824388871327,0.09268148665932201,0.0,0.05916128744707981,0.008954581779310104,0.023336451753135555,0.0403216451891519,0.09268148665932201
FILD or FILA ADJUDICATED,genomic,rs2609260_T_0,30,0.0019248403542270088,0.0003242747763455529,0.011481306446409063,0.0,0.010780884345636307,0.0009658987073111789,0.003121670258222032,0.005492376406749375,0.011481306446409063
FILD or FILA ADJUDICATED,genomic,rs2609260_T_1,30,0.020897492791766815,0.015691057824814024,0.09227204959831556,0.0,0.06333822119841093,0.014219763613497015,0.029610419339012452,0.04871530516104406,0.09227204959831556
FILD or FILA ADJUDICATED,genomic,rs2609260_T_2,30,0.019847991170083856,0.010822048113329832,0.12514787675146086,0.0,0.07305843883704581,0.011345038192545374,0.030732869207786492,0.05176530929093742,0.12514787675146086
FILD or FILA ADJUDICATED,genomic,rs756345_G_0,30,0.034904149265475894,0.020869813036195162,0.16038633364671254,0.0,0.14097974431985086,0.021897615562590473,0.051746347090742266,0.0749233407028636,0.16038633364671254
FILD or FILA ADJUDICATED,genomic,rs756345_G_1,30,0.02858336661703293,0.018302059889616296,0.20726190471742456,0.0,0.15042605032241887,0.01610541535270979,0.04607161222868098,0.049377382436582136,0.20726190471742456
FILD or FILA ADJUDICATED,genomic,rs756345_G_2,30,0.038079914330240064,0.017381805587099758,0.18120353798834984,0.0,0.14892397034095659,0.023902714051458687,0.054001388643885935,0.08517647207691627,0.18120353798834984
FILD or FILA ADJUDICATED,genomic,rs6532150_G_0,30,3.925399907504126e-06,0.0,6.107358629225921e-05,0.0,5.789433415669809e-05,0.0,9.886586024750228e-06,0.0,6.107358629225921e-05
FILD or FILA ADJUDICATED,genomic,rs6532150_G_1,30,0.004497791974810612,0.0024094171873966534,0.015765154793669488,0.0,0.015342541209582873,0.0028500774292044306,0.006508862665490961,0.01207081916338114,0.015765154793669488
FILD or FILA ADJUDICATED,genomic,rs6532150_G_2,30,0.014723081145041419,0.0030245275347525573,0.16725422433035547,0.0,0.10277116220630146,0.005049110080875567,0.028733613909122775,0.03830061319737215,0.16725422433035547
FILD or FILA ADJUDICATED,genomic,rs144128391_T_0,30,0.0,0.0,0.0,0.0,0.0,0.0,0.0,0.0,0.0
FILD or FILA ADJUDICATED,genomic,rs144128391_T_1,30,0.007343330058068518,0.0015557710150659585,0.07904335254195208,0.0,0.043858307052701384,0.002915042311916555,0.013687583153513911,0.017727144378899613,0.07904335254195208
FILD or FILA ADJUDICATED,genomic,rs144128391_T_2,30,0.01215484484196167,0.0008331349735529507,0.07535976301171728,0.0,0.05906041764416099,0.005972256650998816,0.019616526643712988,0.0412366559838143,0.07535976301171728
FILD or FILA ADJUDICATED,genomic,rs148877274_T_0,30,0.0,0.0,0.0,0.0,0.0,0.0,0.0,0.0,0.0
FILD or FILA ADJUDICATED,genomic,rs148877274_T_1,30,0.00552187437318242,0.0015466584741908565,0.05739779714865032,0.0,0.029665545692634028,0.002289849738135309,0.00979083284240452,0.013494540992662464,0.05739779714865032
FILD or FILA ADJUDICATED,genomic,rs148877274_T_2,30,0.004968644783596162,0.00029243598680392776,0.0554620964086084,0.0,0.032821376901628035,0.0015903496320765196,0.009460286796316142,0.013779889550035018,0.0554620964086084
FILD or FILA ADJUDICATED,genomic,rs145802912_A_0,30,0.0,0.0,0.0,0.0,0.0,0.0,0.0,0.0,0.0
FILD or FILA ADJUDICATED,genomic,rs145802912_A_1,30,0.0,0.0,0.0,0.0,0.0,0.0,0.0,0.0,0.0
FILD or FILA ADJUDICATED,genomic,rs145802912_A_2,30,0.0,0.0,0.0,0.0,0.0,0.0,0.0,0.0,0.0
FILD or FILA ADJUDICATED,genomic,rs151036604_T_0,30,0.0,0.0,0.0,0.0,0.0,0.0,0.0,0.0,0.0
FILD or FILA ADJUDICATED,genomic,rs151036604_T_1,30,0.0013139782964581943,0.0,0.015280203231487864,0.0,0.012061968116773366,0.00029570986365558277,0.0026150311835151487,0.0026006107442762137,0.015280203231487864
FILD or FILA ADJUDICATED,genomic,rs151036604_T_2,30,0.004219634551480622,0.0007082890181560255,0.02322451678724098,0.0,0.023185981327962485,0.0021980376900770826,0.006727433513918115,0.01192416548329176,0.02322451678724098
FILD or FILA ADJUDICATED,genomic,rs1422506_G_0,30,0.03240438675886471,0.018577521253611055,0.1544733489727383,0.0,0.15092107909907426,0.019046268055216857,0.04918288767170679,0.0816406699107408,0.1544733489727383
FILD or FILA ADJUDICATED,genomic,rs1422506_G_1,30,0.06053531534587477,0.029302514738891873,0.5888628702751696,0.0,0.3026934518343607,0.030900471365337533,0.10750294296415676,0.11165847906566119,0.5888628702751696
FILD or FILA ADJUDICATED,genomic,rs1422506_G_2,30,0.06452157735341195,0.035068843253064495,0.2196403453550489,0.0008913537471247459,0.18655198691617225,0.04135357414656759,0.08757441503226239,0.1435080986737955,0.2196403453550489
FILD or FILA ADJUDICATED,genomic,rs34625679_T_0,30,0.0,0.0,0.0,0.0,0.0,0.0,0.0,0.0,0.0
FILD or FILA ADJUDICATED,genomic,rs34625679_T_1,30,0.004205436513495683,0.0020814971381961055,0.033074068599574055,0.0,0.020844785554588796,0.0022593375886692086,0.00685057778729257,0.008644221898928071,0.033074068599574055
FILD or FILA ADJUDICATED,genomic,rs34625679_T_2,30,0.005165447417591232,0.0010287839819493505,0.03976414280775748,0.0,0.03147344118165265,0.002485561985691112,0.008598301895773786,0.010577857448700266,0.03976414280775748
FILD or FILA ADJUDICATED,genomic,rs7730878_A_0,30,0.022916588510317647,0.019352683782645118,0.06389122806596365,0.0,0.061062050423076754,0.016207401333481045,0.02991040255619622,0.0583040781814976,0.06389122806596365
FILD or FILA ADJUDICATED,genomic,rs7730878_A_1,30,0.02426421269871631,0.01658175612355913,0.1572122896607206,0.0,0.1012394734051088,0.014217583237008292,0.035146157128954,0.05171275740808197,0.1572122896607206
FILD or FILA ADJUDICATED,genomic,rs7730878_A_2,30,0.05204525262473972,0.040907267818148504,0.17922237733516175,0.0006774704883086704,0.1764075763609068,0.035009243647753714,0.06943217248644233,0.11846475082951813,0.17922237733516175
FILD or FILA ADJUDICATED,genomic,rs7725218_G_0,30,0.021621436197071787,0.009772792383431962,0.09799694421849134,0.0,0.07961363675868427,0.01311643561075616,0.0311097400358115,0.057254785599728984,0.09799694421849134
FILD or FILA ADJUDICATED,genomic,rs7725218_G_1,30,0.02659126843224666,0.011165273048922737,0.19284303704771769,0.0,0.16457468305083073,0.01364259982748559,0.0445423593559276,0.05204651118360733,0.19284303704771769
FILD or FILA ADJUDICATED,genomic,rs7725218_G_2,30,0.03237324044791669,0.019065202480608494,0.19266073079081406,0.0,0.13367835298708816,0.019594997574388234,0.048087153538128875,0.08846137739836922,0.19266073079081406
FILD or FILA ADJUDICATED,genomic,rs2736100_A_0,30,0.033653358641511956,0.015518563900462653,0.4707624057334407,0.0,0.2010033759521329,0.012798594719079005,0.0674592127436414,0.05166875058013331,0.4707624057334407
FILD or FILA ADJUDICATED,genomic,rs2736100_A_1,30,0.058162975917205394,0.03705501080953555,0.2041693139379542,0.0007476814565809078,0.19018209798537336,0.03809439669745108,0.08028096427975755,0.15312329310265604,0.2041693139379542
FILD or FILA ADJUDICATED,genomic,rs2736100_A_2,30,0.030063972074615853,0.013300139718794417,0.21341301874874202,0.0,0.1337502620444863,0.017003572342202383,0.04728168566871983,0.05363190706504678,0.21341301874874202
FILD or FILA ADJUDICATED,genomic,rs72722911_G_0,30,0.002624711000693611,0.0,0.03376984114970098,0.0,0.03089638290902798,0.0003531059099712735,0.005815356452151133,0.0036661196776546635,0.03376984114970098
FILD or FILA ADJUDICATED,genomic,rs72722911_G_1,30,0.02837614640964403,0.009668144826287275,0.18607768410465658,0.0,0.15823227396293849,0.013521848597309486,0.0439395817095305,0.07608540300266572,0.18607768410465658
FILD or FILA ADJUDICATED,genomic,rs72722911_G_2,30,0.021977133585277,0.014845470473936917,0.15319410546825352,0.0,0.09515667705361527,0.012180518874236195,0.03305495091078858,0.04476377850402111,0.15319410546825352
FILD or FILA ADJUDICATED,genomic,rs77144736_C_0,30,0.0,0.0,0.0,0.0,0.0,0.0,0.0,0.0,0.0
FILD or FILA ADJUDICATED,genomic,rs77144736_C_1,30,0.0023439726613727154,0.00013953920778694005,0.017845772233332956,0.0,0.011718319532813208,0.0011739538257956995,0.003801548728043146,0.006735461967094766,0.017845772233332956
FILD or FILA ADJUDICATED,genomic,rs77144736_C_2,30,0.0013636365756864261,0.0,0.009900377075591375,0.0,0.008294495584800684,0.0005755858633065464,0.002349186508347333,0.0037333989953395558,0.009900377075591375
FILD or FILA ADJUDICATED,genomic,rs62354543_A_0,30,0.0005057774537549819,0.0,0.009143658858682903,0.0,0.004230728656641555,8.151104751800413e-05,0.0012457812167908074,0.0011397504220850045,0.009143658858682903
FILD or FILA ADJUDICATED,genomic,rs62354543_A_1,30,0.017453944190686483,0.005758877238767777,0.08530158737033622,0.0,0.08180581766410892,0.009498031659340645,0.026048504066290838,0.05679735597422336,0.08530158737033622
FILD or FILA ADJUDICATED,genomic,rs62354543_A_2,30,0.01127220547326745,0.002442014193722728,0.05054243696816554,0.0,0.049157960923821006,0.005905373687370056,0.016747738869606107,0.03445564970525689,0.05054243696816554
FILD or FILA ADJUDICATED,genomic,rs72755986_C_0,30,0.0,0.0,0.0,0.0,0.0,0.0,0.0,0.0,0.0
FILD or FILA ADJUDICATED,genomic,rs72755986_C_1,30,0.0019081483950284576,0.0003994626589344277,0.01410897225342367,0.0,0.01049285771227252,0.0009123722681141805,0.003065675451488603,0.0059647153721934685,0.01410897225342367
FILD or FILA ADJUDICATED,genomic,rs72755986_C_2,30,0.004150311291582756,0.0,0.05243219143795149,0.0,0.03365225130781101,0.0011112968656050925,0.008354419028650986,0.007730738956255747,0.05243219143795149
FILD or FILA ADJUDICATED,genomic,rs72762052_C_0,30,0.003950708019492031,0.0,0.044835398785149395,0.0,0.02868842637364002,0.0009860213993998677,0.007857962081616638,0.016415343400814412,0.044835398785149395
FILD or FILA ADJUDICATED,genomic,rs72762052_C_1,30,0.02273338273467698,0.010536272011593021,0.09239071323608845,0.0,0.0894781871641996,0.01280005849951253,0.03404354279658206,0.07346994429658425,0.09239071323608845
FILD or FILA ADJUDICATED,genomic,rs72762052_C_2,30,0.027116258661314452,0.01354924341301408,0.27125011986669595,0.0,0.14163079349402807,0.012837901532717268,0.049858254861519354,0.06089646986925892,0.27125011986669595
FILD or FILA ADJUDICATED,genomic,rs116575227_A_0,30,0.0,0.0,0.0,0.0,0.0,0.0,0.0,0.0,0.0
FILD or FILA ADJUDICATED,genomic,rs116575227_A_1,30,0.0011768520224080818,0.0,0.006901136587837872,0.0,0.00588450753541909,0.0005876547846656087,0.0018706421731754625,0.0041934014915594175,0.006901136587837872
FILD or FILA ADJUDICATED,genomic,rs116575227_A_2,30,0.0037689494492579327,0.0001064414634360824,0.02335967224345157,0.0,0.023071231177349542,0.0014574476056568,0.006376021763634237,0.01714297776016146,0.02335967224345157
FILD or FILA ADJUDICATED,genomic,rs469942_C_0,30,0.023244284937526775,0.01177637202701695,0.16691094012548258,0.0,0.10009701529723095,0.012954768254492753,0.03591515016936367,0.05422996250914589,0.16691094012548258
FILD or FILA ADJUDICATED,genomic,rs469942_C_1,30,0.028511032556270723,0.02489751570338394,0.07613991035786376,0.0,0.07279720191676697,0.01988093485865017,0.03692962495361958,0.06631425111683768,0.07613991035786376
FILD or FILA ADJUDICATED,genomic,rs469942_C_2,30,0.02468143781323522,0.011282703684960602,0.10432344508503646,0.0,0.0858904907182867,0.01508897004556321,0.03525998953212565,0.07295061767959791,0.10432344508503646
FILD or FILA ADJUDICATED,genomic,rs2228972_G_0,30,0.00858411518003665,0.003035179656979403,0.07778576516385781,0.0,0.060490706192968084,0.0036139153117475385,0.015431937352326638,0.01554716700481334,0.07778576516385781
FILD or FILA ADJUDICATED,genomic,rs2228972_G_1,30,0.053424104044154756,0.028131420895842744,0.22933416226490252,0.0006105392910429612,0.22748016995357773,0.03193028258136832,0.07940237149984399,0.14861618488451353,0.22933416226490252
FILD or FILA ADJUDICATED,genomic,rs2228972_G_2,30,0.05176976680481582,0.045280114986808555,0.26482377443775995,0.0,0.18375604927379954,0.03435496315329075,0.07177342726192594,0.0919988208034372,0.26482377443775995
FILD or FILA ADJUDICATED,genomic,rs12658068_G_0,30,0.0003491423695779629,0.0,0.007625140881322658,0.0,0.002847175912306124,4.006347151617651e-05,0.0008812968449462276,0.0003264674438748468,0.007625140881322658
FILD or FILA ADJUDICATED,genomic,rs12658068_G_1,30,0.035421884372386324,0.014349303842197288,0.2902293100183045,0.0,0.14935962673077097,0.01889602453090365,0.05713551043502698,0.08918366949120099,0.2902293100183045
FILD or FILA ADJUDICATED,genomic,rs12658068_G_2,30,0.0318774630344769,0.02022441515032473,0.16806775644457667,0.0,0.12131551382312361,0.01950478642025337,0.04525211036551603,0.07083154982335763,0.16806775644457667
FILD or FILA ADJUDICATED,genomic,rs1423029_A_0,30,0.04769252079217434,0.030783018944319562,0.20149594712225377,0.0,0.16952502110141837,0.03005555128263553,0.06702385039639869,0.10133981488214165,0.20149594712225377
FILD or FILA ADJUDICATED,genomic,rs1423029_A_1,30,0.043280269287285525,0.030058754347309244,0.16544597936102123,0.0,0.14470399442818482,0.02931845438478605,0.06018491505367544,0.10194203547653664,0.16544597936102123
FILD or FILA ADJUDICATED,genomic,rs1423029_A_2,30,0.017970858372160566,0.01133587284406742,0.07617300376419515,0.0,0.0733520465421054,0.01064235431155638,0.025876067767073473,0.045610452361035086,0.07617300376419515
FILD or FILA ADJUDICATED,genomic,rs13183751_G_0,30,0.04293056817742083,0.02352662192296269,0.20175777764835448,0.0,0.14739956620904954,0.025862089880262857,0.0611072129848802,0.11458246962628388,0.20175777764835448
FILD or FILA ADJUDICATED,genomic,rs13183751_G_1,30,0.13660240240872465,0.11048488207631305,0.5090620771903528,0.0,0.4004135621144658,0.098343273582299,0.18210060525240876,0.32765137636436215,0.5090620771903528
FILD or FILA ADJUDICATED,genomic,rs13183751_G_2,30,0.02280851459258322,0.011359334850506872,0.1779999920599909,0.0,0.10314786108314342,0.012406344434936935,0.03675343371899928,0.05233647628429787,0.1779999920599909
FILD or FILA ADJUDICATED,genomic,rs6899532_G_0,30,8.065384355130684e-05,0.0,0.002419615306539205,0.0,0.000665394209298278,0.0,0.00024196153065392047,0.0,0.002419615306539205
FILD or FILA ADJUDICATED,genomic,rs6899532_G_1,30,0.024312302636586344,0.013580063767088698,0.11039955869471633,0.0,0.0949833298979903,0.014969922899054404,0.034785740530580304,0.06353795617920906,0.11039955869471633
FILD or FILA ADJUDICATED,genomic,rs6899532_G_2,30,0.011688655069957254,0.0018438606265168212,0.11944836361268212,0.0,0.07772566716713639,0.005020614885102348,0.021193295325193068,0.021380749862218953,0.11944836361268212
FILD or FILA ADJUDICATED,genomic,rs10484326_T_0,30,0.015860228506441847,0.006218535726790612,0.08959882301185616,0.0,0.07174334777254185,0.009042622181114665,0.024845289236643812,0.05112215049820327,0.08959882301185616
FILD or FILA ADJUDICATED,genomic,rs10484326_T_1,30,0.03223440153500911,0.015407592864639205,0.19637904754390853,0.0,0.13096370028472012,0.01779696652047164,0.05009209919047622,0.08779145187772733,0.19637904754390853
FILD or FILA ADJUDICATED,genomic,rs10484326_T_2,30,0.029358141547064374,0.01575995890606431,0.13641770315468849,0.0,0.129616284938901,0.0175952719562971,0.044255416972017375,0.07328516160778883,0.13641770315468849
FILD or FILA ADJUDICATED,genomic,rs2076295_T_0,30,0.055006831773244724,0.049749251176819956,0.24821843829734438,0.0,0.15110031380460337,0.03720019165264508,0.07579598858188481,0.11056342171553141,0.24821843829734438
FILD or FILA ADJUDICATED,genomic,rs2076295_T_1,30,0.04462637878422988,0.0308261003274648,0.16144039989181724,0.0,0.15680538628617913,0.028429380542624578,0.0627318490363534,0.11583445566920045,0.16144039989181724
FILD or FILA ADJUDICATED,genomic,rs2076295_T_2,30,0.0313112794863846,0.013513856283048162,0.22313949951627088,0.0,0.20837231959688865,0.014808937015868632,0.05039641045891739,0.05765875487902514,0.22313949951627088
FILD or FILA ADJUDICATED,genomic,rs3778337_G_0,30,0.009566293813819253,0.0020801360958412948,0.08461865364819506,0.0,0.05212483048073161,0.0043478786233008175,0.015939097128983695,0.025036140473529398,0.08461865364819506
FILD or FILA ADJUDICATED,genomic,rs3778337_G_1,30,0.022245374666873683,0.008324119415873736,0.13092178224980627,0.0,0.09175320078953536,0.01264664800630756,0.03432831885031063,0.06630801206762052,0.13092178224980627
FILD or FILA ADJUDICATED,genomic,rs3778337_G_2,30,0.026863110072029538,0.015766967687602856,0.24635557568307165,0.0,0.11608056386605217,0.014510028729198831,0.04409135275926487,0.05240289749091473,0.24635557568307165
FILD or FILA ADJUDICATED,genomic,rs4960330_T_0,30,0.026470468626364797,0.012856174355855305,0.11632969988202671,0.0,0.11413263616279887,0.015739680140138226,0.039530037841169305,0.06158071280702116,0.11632969988202671
FILD or FILA ADJUDICATED,genomic,rs4960330_T_1,30,0.0283225468265359,0.014688351892946892,0.19507453793022025,0.0,0.13812696421422044,0.01690556216079169,0.04365821963358835,0.05450615486007306,0.19507453793022025
FILD or FILA ADJUDICATED,genomic,rs4960330_T_2,30,0.01907660712309805,0.010389496834591096,0.1145112233073506,0.0,0.08241231480906666,0.011216265570585719,0.02844790598716064,0.0370327682583683,0.1145112233073506
FILD or FILA ADJUDICATED,genomic,rs148106529_G_0,30,0.0,0.0,0.0,0.0,0.0,0.0,0.0,0.0,0.0
FILD or FILA ADJUDICATED,genomic,rs148106529_G_1,30,0.006701907896091772,0.0022649016068948674,0.027926255336604994,0.0,0.02757844927794031,0.003952138450688915,0.009775771287585597,0.022626749088171885,0.027926255336604994
FILD or FILA ADJUDICATED,genomic,rs148106529_G_2,30,0.007682647003767027,0.0011479265302293767,0.056450967646649516,0.0,0.04036911203362184,0.003749060905132602,0.012932958633042361,0.025417824550242156,0.056450967646649516
FILD or FILA ADJUDICATED,genomic,rs2071627_C_0,30,0.0557279422941394,0.023923154105382646,0.23495001913473687,0.0,0.2056002513584875,0.03513885073580586,0.08170957956718435,0.14396453971283135,0.23495001913473687
FILD or FILA ADJUDICATED,genomic,rs2071627_C_1,30,0.02779384051123391,0.016362503275602656,0.12027596989126285,0.0,0.11261199731227015,0.01724575920367608,0.04101783403275485,0.060035931308486876,0.12027596989126285
FILD or FILA ADJUDICATED,genomic,rs2071627_C_2,30,0.027367059511682047,0.014158412687107214,0.10907904480919224,0.0,0.10803099892168072,0.016192900312364013,0.03998640078300818,0.07369344981586583,0.10907904480919224
FILD or FILA ADJUDICATED,genomic,rs3130157_G_0,30,0.002683724703454802,0.0004318082914408748,0.018146871391443168,0.0,0.018054709390270228,0.0011384608362411109,0.004653619911356914,0.008361471966941834,0.018146871391443168
FILD or FILA ADJUDICATED,genomic,rs3130157_G_1,30,0.03325987526109603,0.024414465514926917,0.10127099913215183,0.0,0.09256481056230295,0.023525939026505273,0.04415187805186029,0.08176099755919676,0.10127099913215183
FILD or FILA ADJUDICATED,genomic,rs3130157_G_2,30,0.0237076086382026,0.00817770471877642,0.16579865070114683,0.0,0.10439548929155089,0.012803581513681356,0.03736262117622981,0.07103481287360285,0.16579865070114683
FILD or FILA ADJUDICATED,genomic,rs56184452_G_0,30,7.209378002423437e-05,0.0,0.0016079343677927753,0.0,0.0007030856381792081,3.598455070010723e-06,0.00020544931622091818,8.650834667495782e-05,0.0016079343677927753
FILD or FILA ADJUDICATED,genomic,rs56184452_G_1,30,0.007682146735930482,0.005619815890704172,0.04825246033215109,0.0,0.027997567632183407,0.004451724064556051,0.01182887558353821,0.0181835824654972,0.04825246033215109
FILD or FILA ADJUDICATED,genomic,rs56184452_G_2,30,0.012020744078709436,0.00484392832726364,0.046111853427900744,0.0,0.04362395250696553,0.007317222823719463,0.017968028703900418,0.03453132624685421,0.046111853427900744
FILD or FILA ADJUDICATED,genomic,rs75714781_G_0,30,0.0,0.0,0.0,0.0,0.0,0.0,0.0,0.0,0.0
FILD or FILA ADJUDICATED,genomic,rs75714781_G_1,30,0.011360249696823822,0.0036628970433108224,0.08085633520714633,0.0,0.06791669085863998,0.005437592590071048,0.018185825318617316,0.025478751782693498,0.08085633520714633
FILD or FILA ADJUDICATED,genomic,rs75714781_G_2,30,0.01596220520098013,0.008518306380953406,0.08882651398114655,0.0,0.06292439690101004,0.009564316813657445,0.023335424851417562,0.04384506187084395,0.08882651398114655
FILD or FILA ADJUDICATED,genomic,rs11154034_T_0,30,0.034219766062243084,0.019487456568869826,0.14416764166824078,0.0,0.1376459860612935,0.020302736876150158,0.050784624946443944,0.11844303098931952,0.14416764166824078
FILD or FILA ADJUDICATED,genomic,rs11154034_T_1,30,0.02845358839435325,0.008721300568479279,0.20879694989406247,0.0,0.17942593582433947,0.012749642746719806,0.05024126675492522,0.04659064799456674,0.20879694989406247
FILD or FILA ADJUDICATED,genomic,rs11154034_T_2,30,0.05730852095222539,0.02694423400863275,0.20878762352134222,0.0,0.20797602394820647,0.03596700082788629,0.08158633747782172,0.14548055229082163,0.20878762352134222
FILD or FILA ADJUDICATED,genomic,rs76931164_T_0,30,0.0,0.0,0.0,0.0,0.0,0.0,0.0,0.0,0.0
FILD or FILA ADJUDICATED,genomic,rs76931164_T_1,30,0.002846693023587027,0.001368326654882751,0.023812143854081858,0.0,0.016247672060145373,0.0013566149015994198,0.004931677401448556,0.0062409818337850025,0.023812143854081858
FILD or FILA ADJUDICATED,genomic,rs76931164_T_2,30,0.0017161139231508873,0.0007478278479574648,0.017353206771674994,0.0,0.009632525125816329,0.0008288040634474343,0.0031675776639063964,0.003133615931296227,0.017353206771674994
FILD or FILA ADJUDICATED,genomic,rs79242376_G_0,30,0.002946053885711348,0.0,0.03264435100068032,0.0,0.032085446371741,0.0005118969082262703,0.006063940045850111,0.004863055154985713,0.03264435100068032
FILD or FILA ADJUDICATED,genomic,rs79242376_G_1,30,0.019017539601001148,0.007343703999353678,0.11236112675654063,0.0,0.08828987398228513,0.010902562816798482,0.02908299234080322,0.04294468872134042,0.11236112675654063
FILD or FILA ADJUDICATED,genomic,rs79242376_G_2,30,0.051419625154713905,0.018013149059278963,0.2565418431931048,0.0,0.24001284006150772,0.026879673383435873,0.07874825110840883,0.15025855460492663,0.2565418431931048
FILD or FILA ADJUDICATED,genomic,rs9397724_G_0,30,0.0009643016213142445,0.0,0.021748656228135245,0.0,0.007476102465856624,0.00010459945126262637,0.002474950196132228,0.001289278077320433,0.021748656228135245
FILD or FILA ADJUDICATED,genomic,rs9397724_G_1,30,0.020333350073759197,0.011424268926944675,0.15181960160268684,0.0,0.0792012835060797,0.011600455518123777,0.03241089609505306,0.04495171837785441,0.15181960160268684
FILD or FILA ADJUDICATED,genomic,rs9397724_G_2,30,0.028408394243910583,0.011140525521802506,0.15695233485132581,0.0,0.156808907443127,0.015022279221955688,0.04562921943192707,0.07840511604759053,0.15695233485132581
FILD or FILA ADJUDICATED,genomic,rs35677769_G_0,30,5.845296162103976e-06,0.0,0.00012521243162965897,0.0,7.078959729241482e-05,0.0,1.669499088395453e-05,0.0,0.00012521243162965897
FILD or FILA ADJUDICATED,genomic,rs35677769_G_1,30,0.03560677382941963,0.02090974301734142,0.18480872708267249,0.0,0.16358508621252488,0.020332639752412,0.05135852942617162,0.07970816815639889,0.18480872708267249
FILD or FILA ADJUDICATED,genomic,rs35677769_G_2,30,0.014157724291334947,0.0038814836640699117,0.09532324153362155,0.0,0.08294736029373953,0.006738698968132128,0.02338986187106532,0.04313663671825976,0.09532324153362155
FILD or FILA ADJUDICATED,genomic,rs12665063_A_0,30,4.555100582783141e-06,0.0,6.434238178320594e-05,0.0,5.5675896491454576e-05,0.0,1.0438828600022526e-05,0.0,6.434238178320594e-05
FILD or FILA ADJUDICATED,genomic,rs12665063_A_1,30,0.009020680022295231,0.0036190886756092356,0.05551118956527287,0.0,0.04340172723991455,0.004847990106189338,0.01389894246548409,0.0243390896784002,0.05551118956527287
FILD or FILA ADJUDICATED,genomic,rs12665063_A_2,30,0.011144022857133553,0.005212082358568773,0.08947050308684945,0.0,0.07059784073647733,0.005357919412675099,0.018676277783921003,0.02025068325444165,0.08947050308684945
FILD or FILA ADJUDICATED,genomic,rs6970647_T_0,30,0.031072423414180494,0.014377289906824155,0.22355441055020836,0.0,0.19558245296884685,0.01662572369727087,0.05109573833484746,0.0472388479887875,0.22355441055020836
FILD or FILA ADJUDICATED,genomic,rs6970647_T_1,30,0.02607479687725436,0.012468226350193814,0.18931280660820246,0.0,0.11548110629969832,0.014224741411562315,0.04080862176035474,0.06925608561658489,0.18931280660820246
FILD or FILA ADJUDICATED,genomic,rs6970647_T_2,30,0.022391655609808214,0.012398758647603828,0.22382139159875458,0.0,0.12501106142064936,0.010656634971189256,0.039254210113154483,0.03020306924985131,0.22382139159875458
FILD or FILA ADJUDICATED,genomic,rs2726049_A_0,30,0.03308070009481803,0.020266359057735953,0.22665866478677568,0.0,0.1304751987418703,0.019573768650601873,0.049412454861393014,0.07503750602365308,0.22665866478677568
FILD or FILA ADJUDICATED,genomic,rs2726049_A_1,30,0.0933514403855496,0.089438279229162,0.267372345600368,0.0,0.2504572068706173,0.06725667148859077,0.12126979525322722,0.19972923784079052,0.267372345600368
FILD or FILA ADJUDICATED,genomic,rs2726049_A_2,30,0.07446750203294432,0.07802316117740526,0.1913197486283387,0.0007343076660098367,0.17967955115221007,0.05510260167736367,0.095534211738222,0.15946396050033423,0.1913197486283387
FILD or FILA ADJUDICATED,genomic,rs34262641_A_0,30,0.0,0.0,0.0,0.0,0.0,0.0,0.0,0.0,0.0
FILD or FILA ADJUDICATED,genomic,rs34262641_A_1,30,0.0032011018137835575,0.00018032180529496672,0.018968860492730964,0.0,0.01748003274540213,0.0013740157521053965,0.005281908250921248,0.013669929703511262,0.018968860492730964
FILD or FILA ADJUDICATED,genomic,rs34262641_A_2,30,0.002282540734034549,8.121440304150455e-05,0.026895947967591708,0.0,0.017474115030230573,0.0006615214851176094,0.004815056797439499,0.007154178998464839,0.026895947967591708
FILD or FILA ADJUDICATED,genomic,rs2353082_C_0,30,0.022687483474233914,0.012737499496729195,0.08439423545721361,0.0,0.08269723207755234,0.015393014896504662,0.03265606825443608,0.050134789714970256,0.08439423545721361
FILD or FILA ADJUDICATED,genomic,rs2353082_C_1,30,0.032734528909337084,0.013633061447052562,0.1572374519907238,0.0,0.1438452447058546,0.02041260703974642,0.04959151348746884,0.08263867069215523,0.1572374519907238
FILD or FILA ADJUDICATED,genomic,rs2353082_C_2,30,0.025367847009283108,0.01417326008009253,0.09248936027546249,0.0,0.09075233687552713,0.01595277012701662,0.03588333508556952,0.06954082381738452,0.09248936027546249
FILD or FILA ADJUDICATED,genomic,rs4727443_C_0,30,0.07129872108967189,0.05842207908528148,0.2805041196729108,0.0,0.2289293900514086,0.04946633512933943,0.09496889223398035,0.12639590347212715,0.2805041196729108
FILD or FILA ADJUDICATED,genomic,rs4727443_C_1,30,0.03736808548616264,0.021359455662058106,0.25251439191196484,0.0,0.19534318318707355,0.020336401082635906,0.059105033318149765,0.07333132297408887,0.25251439191196484
FILD or FILA ADJUDICATED,genomic,rs4727443_C_2,30,0.04869471787536715,0.021035421378753708,0.2957437168913834,0.0,0.23959406633746216,0.02780064200833151,0.0763835806226393,0.09935695032416456,0.2957437168913834
FILD or FILA ADJUDICATED,genomic,rs62505367_T_0,30,0.017552530387741027,0.010303737817324457,0.07750521554199158,0.0,0.06544430257497794,0.010808988319271818,0.025789720778253547,0.05046765574831452,0.07750521554199158
FILD or FILA ADJUDICATED,genomic,rs62505367_T_1,30,0.023997267684543275,0.01474655010251696,0.09410566195553634,0.0,0.08208776272523889,0.01503327450465752,0.033858166055631446,0.06764268390928273,0.09410566195553634
FILD or FILA ADJUDICATED,genomic,rs62505367_T_2,30,0.02745999890003004,0.014096715713978532,0.13568989680193047,0.0,0.12562083351845849,0.01540441416002667,0.04031821421709713,0.06270979013889563,0.13568989680193047
FILD or FILA ADJUDICATED,genomic,rs3887876_C_0,30,0.0019374911972784737,8.00496785874236e-05,0.017977679513271696,0.0,0.012181791578795112,0.000748908522443336,0.0035066734442242235,0.005172120684778734,0.017977679513271696
FILD or FILA ADJUDICATED,genomic,rs3887876_C_1,30,0.015442514496014668,0.00971708524121135,0.08770942030867294,0.0,0.055489718241946547,0.009588512149261912,0.023026876326443017,0.0421041947209595,0.08770942030867294
FILD or FILA ADJUDICATED,genomic,rs3887876_C_2,30,0.02107076510301268,0.00864950244517099,0.14766997286985106,0.0,0.13728814673107553,0.010771918668430223,0.035514863197622565,0.042088404845529115,0.14766997286985106
FILD or FILA ADJUDICATED,genomic,rs68170294_G_0,30,0.006422178568066119,0.003604351223900229,0.03463848591665,0.0,0.029211218905030097,0.003857911939165795,0.009521978446407285,0.011067308965912523,0.03463848591665
FILD or FILA ADJUDICATED,genomic,rs68170294_G_1,30,0.021716727614876776,0.009701061618897357,0.09847794456934739,0.0,0.08993562676059569,0.01278380342863218,0.03204476705205824,0.06491468962994572,0.09847794456934739
FILD or FILA ADJUDICATED,genomic,rs68170294_G_2,30,0.03514042333555763,0.02810311490647864,0.13671675703238895,0.0,0.13405468548356772,0.021854408633040976,0.049764875668992306,0.08828652858621165,0.13671675703238895
FILD or FILA ADJUDICATED,genomic,rs74987898_C_0,30,0.00010467390363095848,0.0,0.0014440121438274226,0.0,0.0008405536335974679,1.6262364798258537e-05,0.00022868788005040697,0.00044237334028444903,0.0014440121438274226
FILD or FILA ADJUDICATED,genomic,rs74987898_C_1,30,0.019163651137752577,0.006762159983795745,0.15632945212620916,0.0,0.10358396082290085,0.009195387516990646,0.032425438727507624,0.03887380311288148,0.15632945212620916
FILD or FILA ADJUDICATED,genomic,rs74987898_C_2,30,0.017485968752294682,0.010512579035132225,0.11852063403216437,0.0,0.08484706767547362,0.00933894772044851,0.027159973370735023,0.043567871394491295,0.11852063403216437
FILD or FILA ADJUDICATED,genomic,rs10976897_G_0,30,0.0,0.0,0.0,0.0,0.0,0.0,0.0,0.0,0.0
FILD or FILA ADJUDICATED,genomic,rs10976897_G_1,30,0.0022296041470633698,0.00039350508786793845,0.02336457327320599,0.0,0.012293854708060893,0.0008344894801241363,0.004079154931001894,0.006448859695963344,0.02336457327320599
FILD or FILA ADJUDICATED,genomic,rs10976897_G_2,30,0.00336066916794349,0.0,0.030812360864808243,0.0,0.027937437424332426,0.0010832703315865168,0.006515590015600051,0.021525837746873062,0.030812360864808243
FILD or FILA ADJUDICATED,genomic,rs62530710_G_0,30,4.1854959960318806e-05,0.0,0.001035602294108759,0.0,0.0004037446915546466,0.0,0.00011636426511583327,0.0,0.001035602294108759
FILD or FILA ADJUDICATED,genomic,rs62530710_G_1,30,0.031108478928239196,0.008377146081476253,0.24663361272208856,0.0,0.14988248945568894,0.014687174115431823,0.051482061440049534,0.09556832111955398,0.24663361272208856
FILD or FILA ADJUDICATED,genomic,rs62530710_G_2,30,0.05260735117252534,0.030082657009178455,0.25353247942060747,0.0,0.1993646255927165,0.034021484254646406,0.07577527168276903,0.1339089375010223,0.25353247942060747
FILD or FILA ADJUDICATED,genomic,rs10869195_A_0,30,0.00014343622086258157,0.0,0.003025126437664093,0.0,0.0011666482277330147,1.5390273902316907e-05,0.00036290089952469495,0.00027140956715125577,0.003025126437664093
FILD or FILA ADJUDICATED,genomic,rs10869195_A_1,30,0.01431631067986899,0.004298134505777745,0.13129675974264168,0.0,0.12977603448191782,0.004909641362670443,0.02738938705104551,0.017848190155900306,0.13129675974264168
FILD or FILA ADJUDICATED,genomic,rs10869195_A_2,30,0.021498280731098687,0.00480833139304946,0.28860599247220164,0.0,0.1772826446646737,0.006283195480398403,0.04373158303294633,0.029036808871584344,0.28860599247220164
FILD or FILA ADJUDICATED,genomic,rs56744128_A_0,30,0.0189119217841604,0.011722190265247004,0.0828281370189873,0.0,0.07050444061032109,0.011824974828775042,0.026483115397093842,0.05761146839321809,0.0828281370189873
FILD or FILA ADJUDICATED,genomic,rs56744128_A_1,30,0.017734823571579735,0.011746524050814866,0.059687083286404846,0.0,0.05533154024074938,0.011553496636595478,0.02369129699931678,0.04330628163948293,0.059687083286404846
FILD or FILA ADJUDICATED,genomic,rs56744128_A_2,30,0.030708955906073043,0.022453817281131903,0.11440214373956939,0.0,0.09919901698834509,0.02029270206443578,0.04298123776094713,0.07455181551428504,0.11440214373956939
FILD or FILA ADJUDICATED,genomic,rs1923802_T_0,30,0.0,0.0,0.0,0.0,0.0,0.0,0.0,0.0,0.0
FILD or FILA ADJUDICATED,genomic,rs1923802_T_1,30,0.008590269362407152,0.0026930835330154575,0.0584926011610806,0.0,0.04633675939403437,0.003888732625874392,0.014060211251848528,0.026374540418368626,0.0584926011610806
FILD or FILA ADJUDICATED,genomic,rs1923802_T_2,30,0.01029829472123869,0.0037109170115470344,0.05505725990061596,0.0,0.04372804653982147,0.0054915489019177885,0.015763214986559276,0.030703880414381508,0.05505725990061596
FILD or FILA ADJUDICATED,genomic,rs1851741_G_0,30,0.0321446183540039,0.023149127996833538,0.16997491416066687,0.0,0.12525261660981346,0.019439350616085673,0.04506703428018322,0.07840522720574232,0.16997491416066687
FILD or FILA ADJUDICATED,genomic,rs1851741_G_1,30,0.04274798955066628,0.01831445895416592,0.27238547019686926,0.0,0.20270939139823502,0.023820939583409223,0.06492693499422057,0.08439999724169898,0.27238547019686926
FILD or FILA ADJUDICATED,genomic,rs1851741_G_2,30,0.033749292550106516,0.020609868150857216,0.13967049832737416,0.0,0.11568942591891923,0.021624859441058256,0.04779628944649312,0.10447256886777499,0.13967049832737416
FILD or FILA ADJUDICATED,genomic,rs7041597_T_0,30,0.018321424736971133,0.0059748776661042455,0.17760084868435425,0.0,0.10261571962953195,0.008403788089805431,0.03183727007327992,0.041254596092600834,0.17760084868435425
FILD or FILA ADJUDICATED,genomic,rs7041597_T_1,30,0.031656587071037974,0.017798278949361063,0.16006659743898202,0.00032323342063556764,0.1415415302660369,0.018731969108313186,0.047231138527418684,0.07610572155814158,0.16006659743898202
FILD or FILA ADJUDICATED,genomic,rs7041597_T_2,30,0.021903921301694728,0.017870366716474198,0.06701886618097858,0.0,0.06373442668554745,0.014322832435809415,0.029485296720737134,0.05684087975223269,0.06701886618097858
FILD or FILA ADJUDICATED,genomic,rs13299670_C_0,30,0.0,0.0,0.0,0.0,0.0,0.0,0.0,0.0,0.0
FILD or FILA ADJUDICATED,genomic,rs13299670_C_1,30,0.003311909400807239,0.0007067287465720652,0.01958067507180514,0.0,0.01595286216323723,0.0014754688163437497,0.005245451307898252,0.012620940290567427,0.01958067507180514
FILD or FILA ADJUDICATED,genomic,rs13299670_C_2,30,0.004829834262737095,0.0,0.045675072979510595,0.0,0.03456954900721503,0.0016763899991736712,0.00887195295973065,0.01169242431487573,0.045675072979510595
FILD or FILA ADJUDICATED,genomic,rs61829240_G_0,30,0.0,0.0,0.0,0.0,0.0,0.0,0.0,0.0,0.0
FILD or FILA ADJUDICATED,genomic,rs61829240_G_1,30,0.00532017717738699,0.0013369205248170734,0.03818179224547278,0.0,0.03175690508996536,0.0025394185885106477,0.009034189742784816,0.01331904234500318,0.03818179224547278
FILD or FILA ADJUDICATED,genomic,rs61829240_G_2,30,0.009926532406520468,0.0019268024989169852,0.06885868273814741,0.0,0.04904025023627959,0.004737322077927402,0.01567748316290655,0.030216156456188067,0.06885868273814741
FILD or FILA ADJUDICATED,genomic,rs1189320_G_0,30,0.021852955226344613,0.010781484785041033,0.11949476615560256,0.0,0.08853394247738375,0.012710333524551701,0.033346604242905,0.06971171471337126,0.11949476615560256
FILD or FILA ADJUDICATED,genomic,rs1189320_G_1,30,0.026519209527928415,0.01650615145689019,0.15034690087252245,0.0,0.09773001886032015,0.01577702159452881,0.03950103711621071,0.06949208759039034,0.15034690087252245
FILD or FILA ADJUDICATED,genomic,rs1189320_G_2,30,0.02366629068416378,0.00837012961199167,0.20522479018848228,0.0,0.11953982088799847,0.011871531294466798,0.04060331696260638,0.05760129505124205,0.20522479018848228
FILD or FILA ADJUDICATED,genomic,rs55672765_C_0,30,0.007076921441860374,0.000488635763547724,0.061358687416765915,0.0,0.04552780003286382,0.0026776282006739627,0.012732505038054752,0.01872618608585419,0.061358687416765915
FILD or FILA ADJUDICATED,genomic,rs55672765_C_1,30,0.043352258730984104,0.03161066683097917,0.16366498387459955,0.0,0.16268606679906636,0.02893046054095049,0.06130382107946213,0.09583037866381017,0.16366498387459955
FILD or FILA ADJUDICATED,genomic,rs55672765_C_2,30,0.0395659035999761,0.019661526631095057,0.2914662661911241,0.0,0.1591095766379807,0.022199166786124325,0.06230788666740276,0.09575704137450687,0.2914662661911241
FILD or FILA ADJUDICATED,genomic,rs34547036_C_0,30,0.0002076195816546053,0.0,0.0013553667131256171,0.0,0.001190134631413124,9.04182148572785e-05,0.0003550967702283833,0.0005640918260009537,0.0013553667131256171
FILD or FILA ADJUDICATED,genomic,rs34547036_C_1,30,0.05494341184760941,0.041678390859229475,0.16310660192284937,0.0,0.1598367664532385,0.039138566402022366,0.07341770721753024,0.11307695386232154,0.16310660192284937
FILD or FILA ADJUDICATED,genomic,rs34547036_C_2,30,0.04724915253042132,0.02701952318354473,0.2665834888188637,0.0,0.17818451890245576,0.02983955596119613,0.07002364787758229,0.12962896581452665,0.2665834888188637
FILD or FILA ADJUDICATED,genomic,rs10748858_T_0,30,0.030303513379104283,0.011710812074619353,0.22708100925531394,0.0,0.18269676840717405,0.01500882205852309,0.05000703569873543,0.06264973307269031,0.22708100925531394
FILD or FILA ADJUDICATED,genomic,rs10748858_T_1,30,0.02180455601296636,0.016864271668239485,0.08763189889747977,0.0,0.07591457837251264,0.01407615805647869,0.030547962488532802,0.049604055728601056,0.08763189889747977
FILD or FILA ADJUDICATED,genomic,rs10748858_T_2,30,0.015827466442388534,0.004365302187494376,0.1027036326746567,0.0,0.08915151675293602,0.007106770626842631,0.026084735443682925,0.067105705087889,0.1027036326746567
FILD or FILA ADJUDICATED,genomic,rs2067832_G_0,30,0.022586197881709534,0.014171884292287785,0.19057313476901264,0.0,0.10943718143012175,0.012121871825170228,0.036401625808305665,0.04254153235421852,0.19057313476901264
FILD or FILA ADJUDICATED,genomic,rs2067832_G_1,30,0.01564461596248069,0.006864770870500712,0.06291488180954731,0.0,0.05932178534012358,0.009147494705280179,0.022604425263599532,0.040468229733216246,0.06291488180954731
FILD or FILA ADJUDICATED,genomic,rs2067832_G_2,30,0.014009665792900935,0.008466366670839123,0.08156809993424446,0.0,0.05962025768410806,0.008439018202222771,0.020544917730878763,0.03309255011200148,0.08156809993424446
FILD or FILA ADJUDICATED,genomic,rs11191865_G_0,30,0.016674156815237783,0.0027306038656739486,0.18022184071219138,0.0,0.14565208092472207,0.005168953779082331,0.03265560638878832,0.028624489505816482,0.18022184071219138
FILD or FILA ADJUDICATED,genomic,rs11191865_G_1,30,0.019224692394695632,0.005487849072611949,0.1373783459118071,0.0,0.09977413610463269,0.009749681913910655,0.031540073970455586,0.04709165806547673,0.1373783459118071
FILD or FILA ADJUDICATED,genomic,rs11191865_G_2,30,0.023239036086536078,0.00732486069386962,0.11605437794542053,0.0,0.10777691097805736,0.01251971826785911,0.037122683204846706,0.0910865255854671,0.11605437794542053
FILD or FILA ADJUDICATED,genomic,rs4918072_G_0,30,0.0094520872457135,0.004430513621931953,0.051662236663328455,0.0,0.04483228042081076,0.005315465287214273,0.014663016967034911,0.02280544142101333,0.051662236663328455
FILD or FILA ADJUDICATED,genomic,rs4918072_G_1,30,0.03059139545667281,0.019661695015969892,0.14031325969066014,0.0,0.11566847756732482,0.01877903054621166,0.04421891127481132,0.08149159342323006,0.14031325969066014
FILD or FILA ADJUDICATED,genomic,rs4918072_G_2,30,0.03596454398370488,0.015491091855942073,0.16654772071601237,0.0,0.151250387990737,0.019802638998451038,0.05344238746526271,0.10886332732436067,0.16654772071601237
FILD or FILA ADJUDICATED,genomic,rs10886437_C_0,30,0.005042518827403713,0.0,0.049456163986876696,0.0,0.04700392794920961,0.0013690870677476018,0.010018898118559182,0.013563992305813637,0.049456163986876696
FILD or FILA ADJUDICATED,genomic,rs10886437_C_1,30,0.028300682770129298,0.02220180711039628,0.112509280614071,0.0,0.08577285101945559,0.0185506813195947,0.03920190687010236,0.06699899687392004,0.112509280614071
FILD or FILA ADJUDICATED,genomic,rs10886437_C_2,30,0.023917284949277324,0.009638179759006497,0.2234958556397705,0.0,0.11449169040005897,0.012147992887890287,0.04042517056085389,0.051149367555025534,0.2234958556397705
FILD or FILA ADJUDICATED,genomic,rs616768_G_0,30,0.018223776993603582,0.008411174057209677,0.10841537473795698,0.0,0.09192008548095444,0.00919335740457697,0.027843101330276194,0.03886310753388732,0.10841537473795698
FILD or FILA ADJUDICATED,genomic,rs616768_G_1,30,0.03062374615554987,0.021828757123745827,0.12451338222414188,0.0012477673740712862,0.1114944125448557,0.021163151787637294,0.041890467779378854,0.055502635662950536,0.12451338222414188
FILD or FILA ADJUDICATED,genomic,rs616768_G_2,30,0.03742728032181506,0.0370784661410317,0.14385031570493426,0.0,0.10664081978765999,0.02662126540001315,0.049948909976494114,0.075259592568202,0.14385031570493426
FILD or FILA ADJUDICATED,genomic,rs7942850_T_0,30,0.039726015083944924,0.01053744389965525,0.18528161982261543,0.0,0.1733354204205291,0.021417785578616268,0.060877664918940685,0.15216615763182229,0.18528161982261543
FILD or FILA ADJUDICATED,genomic,rs7942850_T_1,30,0.025410999625328057,0.015179673222606674,0.11250130588227705,0.0,0.09632719103403431,0.0159388073537622,0.0365855949554442,0.05072966349356158,0.11250130588227705
FILD or FILA ADJUDICATED,genomic,rs7942850_T_2,30,0.024119649632286733,0.010580388774146427,0.15631638482999527,0.0,0.1130128458305687,0.013091755244981114,0.03754256007926163,0.06057489802725781,0.15631638482999527
FILD or FILA ADJUDICATED,genomic,rs7934606_C_0,30,0.032048937831226046,0.017591010085739368,0.16900022906266707,0.0,0.12366692375323723,0.019688389054559045,0.04725572538739401,0.08867006548514576,0.16900022906266707
FILD or FILA ADJUDICATED,genomic,rs7934606_C_1,30,0.020087494845812834,0.008158102645931593,0.11846755729977983,0.0,0.08036108551476545,0.0107199060187173,0.030801922855306155,0.05467430593022969,0.11846755729977983
FILD or FILA ADJUDICATED,genomic,rs7934606_C_2,30,0.04941815616446898,0.020874202907686913,0.3165012253295438,0.0,0.24378031644295903,0.026385675975502478,0.07572704536502686,0.1261827882636819,0.3165012253295438
FILD or FILA ADJUDICATED,genomic,rs4077759_T_0,30,0.03377088057881628,0.018891529081724104,0.10709538374665067,0.0,0.10116077742010879,0.022516288347969746,0.046125139239308416,0.09116700274828934,0.10709538374665067
FILD or FILA ADJUDICATED,genomic,rs4077759_T_1,30,0.02322490149562662,0.018228481483273773,0.09269920225576617,0.0,0.08353138440937108,0.015034060955302804,0.03218262858950853,0.05884607289612328,0.09269920225576617
FILD or FILA ADJUDICATED,genomic,rs4077759_T_2,30,0.10698286782484569,0.050414894201500735,0.5380713774256481,0.0,0.49479661531321545,0.05564400427042766,0.16483129166572658,0.21062052465488496,0.5380713774256481
FILD or FILA ADJUDICATED,genomic,rs7952154_C_0,30,0.011595900926084037,0.000625245063884447,0.13048182595213176,0.0,0.07861153873387051,0.004136459568441005,0.022742804745335153,0.02903886037443076,0.13048182595213176
FILD or FILA ADJUDICATED,genomic,rs7952154_C_1,30,0.02611600307218716,0.014738343549500581,0.15580249459606096,0.0,0.11256448068127205,0.01549106371807436,0.03990096775804019,0.04472750029434374,0.15580249459606096
FILD or FILA ADJUDICATED,genomic,rs7952154_C_2,30,0.034823436112439814,0.017865291219746317,0.25452528253660006,0.0,0.15709076423786442,0.019191747205071875,0.054515556665107864,0.07740582899737845,0.25452528253660006
FILD or FILA ADJUDICATED,genomic,rs34425120_G_0,30,0.00294009660460592,0.0,0.046735616410403975,0.0,0.02024559629404625,0.0007924694133703444,0.006277079342121041,0.006663945409890539,0.046735616410403975
FILD or FILA ADJUDICATED,genomic,rs34425120_G_1,30,0.02024872212298242,0.008544625398855702,0.17084300986955142,0.0,0.11034245925700177,0.009480665124275403,0.03500321711662955,0.03088456618823555,0.17084300986955142
FILD or FILA ADJUDICATED,genomic,rs34425120_G_2,30,0.01993329384100822,0.004252530962644869,0.21112363483016625,0.0,0.1204581945607004,0.007993502132550921,0.034779824041861904,0.04738033326511885,0.21112363483016625
FILD or FILA ADJUDICATED,genomic,rs35705950.1_G_0,30,0.002501196591453315,0.00014097982060296878,0.024722296181591056,0.0,0.020115098765282096,0.0007513528437920184,0.004698592863866035,0.007058019351229018,0.024722296181591056
FILD or FILA ADJUDICATED,genomic,rs35705950.1_G_1,30,0.060901384939151315,0.023326704462626288,0.42806115643058795,0.0024055969704477537,0.3736047503327817,0.029891808801141426,0.10322077336084058,0.0985094140611656,0.42806115643058795
FILD or FILA ADJUDICATED,genomic,rs35705950.1_G_2,30,0.24967240430464516,0.2261587829660757,0.7668356088708568,0.04796257742071124,0.5847227066033682,0.198151189863579,0.31616080359977394,0.4285613896107372,0.7668356088708568
FILD or FILA ADJUDICATED,genomic,rs2857476_C_0,30,0.011593657375708702,0.00570686323629065,0.05895492446803593,0.0,0.05843967074695917,0.006541781950999158,0.01764641003312546,0.025798815861868836,0.05895492446803593
FILD or FILA ADJUDICATED,genomic,rs2857476_C_1,30,0.023318281525234796,0.005752928148664441,0.1717689788785935,0.0,0.10927424251111126,0.011744880265821529,0.036855633528279245,0.05806802382723158,0.1717689788785935
FILD or FILA ADJUDICATED,genomic,rs2857476_C_2,30,0.015357390521287524,0.009256836915302803,0.09823531324829317,0.0,0.07341983838981993,0.00891676778048609,0.02410491202260697,0.02909572265835258,0.09823531324829317
FILD or FILA ADJUDICATED,genomic,rs3829223_C_0,30,0.020338629115943876,0.01009234394890952,0.10127109968865337,0.0,0.08857737075027262,0.012017318196531472,0.030073186957166063,0.05201554962622146,0.10127109968865337
FILD or FILA ADJUDICATED,genomic,rs3829223_C_1,30,0.02426559137452835,0.013888266310353458,0.09994692038785416,0.0,0.09148279232274542,0.015596267238047152,0.03396067527123096,0.049111049525998755,0.09994692038785416
FILD or FILA ADJUDICATED,genomic,rs3829223_C_2,30,0.03616572132197433,0.014441760263012417,0.3303176428395734,0.0,0.19899739318905013,0.017269736709214105,0.06376309548704963,0.06558861300009435,0.3303176428395734
FILD or FILA ADJUDICATED,genomic,rs3750920_C_0,30,0.017526888351135923,0.00846484732206625,0.10994351863499212,0.0,0.08793725539162697,0.009615500165074977,0.027407118608463746,0.03649022581511818,0.10994351863499212
FILD or FILA ADJUDICATED,genomic,rs3750920_C_1,30,0.04207576386522258,0.012085254406528845,0.3176483287548155,0.0,0.24513436282573028,0.019791376759866766,0.07038616648377947,0.1076420453273892,0.3176483287548155
FILD or FILA ADJUDICATED,genomic,rs3750920_C_2,30,0.01837741027578623,0.007872292822741066,0.15453290603766706,0.0,0.08813473953650759,0.009377588190670754,0.02991278882767953,0.03169564656548337,0.15453290603766706
FILD or FILA ADJUDICATED,genomic,rs5743894_T_0,30,0.002983721674126039,0.0006867455161787511,0.01842884151933437,0.0,0.013019277316447692,0.0015489832317154755,0.004712240552682211,0.010703522122626076,0.01842884151933437
FILD or FILA ADJUDICATED,genomic,rs5743894_T_1,30,0.022570907145105294,0.007346320707018468,0.13693544052621937,0.0,0.12121042868763995,0.01144920887356892,0.03455709969030848,0.05706019500645721,0.13693544052621937
FILD or FILA ADJUDICATED,genomic,rs5743894_T_2,30,0.02956654887006075,0.013339147842935418,0.16061453803354236,0.0,0.13327158162510389,0.015538094640198915,0.04530028303285915,0.10045209326819203,0.16061453803354236
FILD or FILA ADJUDICATED,genomic,rs5743890_T_0,30,0.0014060384544975217,0.0,0.014173818450439794,0.0,0.011222440232433883,0.00041799827242783576,0.0026707794527491037,0.0036998396717123246,0.014173818450439794
FILD or FILA ADJUDICATED,genomic,rs5743890_T_1,30,0.020822670112699927,0.017659493962108183,0.07038601024908375,0.0,0.054155971756916575,0.015271995866898203,0.02766993580282123,0.04486800522646816,0.07038601024908375
FILD or FILA ADJUDICATED,genomic,rs5743890_T_2,30,0.04690174117529269,0.026422130610806296,0.18986562317608768,0.0,0.1868741738780458,0.029499166776507782,0.06713559073411364,0.11566678518179853,0.18986562317608768
FILD or FILA ADJUDICATED,genomic,rs7122936_A_0,30,0.022099636918705142,0.006505151738548027,0.13233228216422502,0.0,0.11591275330036772,0.01095500284654222,0.035276450901403536,0.06716449363320619,0.13233228216422502
FILD or FILA ADJUDICATED,genomic,rs7122936_A_1,30,0.026871697123141913,0.021467953203262675,0.06532265251777095,0.0,0.06522446114185619,0.01896934938762962,0.03539019731515323,0.06499937803778558,0.06532265251777095
FILD or FILA ADJUDICATED,genomic,rs7122936_A_2,30,0.03354590288286719,0.011302380624904112,0.22310704541537887,0.0,0.17236059221492703,0.01830617441698907,0.05260459858882526,0.08312091578186324,0.22310704541537887
FILD or FILA ADJUDICATED,genomic,rs61867586_C_0,30,9.143633462364717e-05,0.0,0.0013796319286727534,0.0,0.0008851814882501198,1.2030569728904541e-05,0.0002028787350097439,0.00024188754105606926,0.0013796319286727534
FILD or FILA ADJUDICATED,genomic,rs61867586_C_1,30,0.01647142577796145,0.008838598218082451,0.11434633849088323,0.0,0.08236018593318516,0.009268944435277598,0.026623694642633394,0.0393406318393534,0.11434633849088323
FILD or FILA ADJUDICATED,genomic,rs61867586_C_2,30,0.015827714563684377,0.007288335739977491,0.07514014457718098,0.0,0.07132851888046862,0.009193194694798016,0.023484085871348856,0.04802923255378951,0.07514014457718098
FILD or FILA ADJUDICATED,genomic,rs73409602_C_0,30,0.0006371133521959429,0.0,0.011286509242236484,0.0,0.00524564411608767,9.978299470718666e-05,0.0014265250228489114,0.0013602114341617368,0.011286509242236484
FILD or FILA ADJUDICATED,genomic,rs73409602_C_1,30,0.018511652869899805,0.008905283241052369,0.12625110773662127,0.0,0.0943995788427412,0.009957589520639633,0.028897171411053305,0.05084875244652132,0.12625110773662127
FILD or FILA ADJUDICATED,genomic,rs73409602_C_2,30,0.024622591641444806,0.012233615929253424,0.13556913897075706,0.0,0.11680080048777292,0.01304663864222667,0.037852505255510434,0.07344377344562492,0.13556913897075706
FILD or FILA ADJUDICATED,genomic,rs74760554_C_0,30,0.0,0.0,0.0,0.0,0.0,0.0,0.0,0.0,0.0
FILD or FILA ADJUDICATED,genomic,rs74760554_C_1,30,0.004595424402669932,0.0012073944377980666,0.027573767260638052,0.0,0.01875207080463218,0.0025050518571969067,0.007216343549425001,0.010999160695016094,0.027573767260638052
FILD or FILA ADJUDICATED,genomic,rs74760554_C_2,30,0.029335555579484283,0.012085212480920128,0.15531100103410586,0.0,0.10138436174187355,0.017311726846620808,0.04291953813079806,0.07099689713521887,0.15531100103410586
FILD or FILA ADJUDICATED,genomic,rs12275748_C_0,30,0.0001519655508889226,0.0,0.00161796613356918,0.0,0.0011289948982751965,3.516183521204053e-05,0.00028938315349805454,0.0006942754294287786,0.00161796613356918
FILD or FILA ADJUDICATED,genomic,rs12275748_C_1,30,0.015406299363536487,0.009412385523074277,0.09350880349133558,0.0,0.07724158878863607,0.008298124787566271,0.02413683135221521,0.02821945550305301,0.09350880349133558
FILD or FILA ADJUDICATED,genomic,rs12275748_C_2,30,0.02226072669229745,0.00477039043125954,0.19745842128245922,0.0,0.12863000755626106,0.010002224762026337,0.03834693709202178,0.05739689643198435,0.19745842128245922
FILD or FILA ADJUDICATED,genomic,rs664034_T_0,30,0.042612459066466504,0.024951884999093045,0.28390756504195075,0.0,0.18137094631828737,0.024909989791495956,0.06387391807860067,0.09516045192303121,0.28390756504195075
FILD or FILA ADJUDICATED,genomic,rs664034_T_1,30,0.02852434863801997,0.019108592822897234,0.13468036921224244,0.0,0.10609094900926098,0.017890127717612746,0.040699517144329386,0.07367514900133562,0.13468036921224244
FILD or FILA ADJUDICATED,genomic,rs664034_T_2,30,0.020567321863925885,0.011364583954586869,0.09501946589651053,0.0,0.0784541671659134,0.012049368895856057,0.02916790004853565,0.04504225929653699,0.09501946589651053
FILD or FILA ADJUDICATED,genomic,rs10842996_T_0,30,0.02073269199071926,0.013519308928466148,0.1257031531249414,0.0,0.07870780604387287,0.012762016977988322,0.02982796724620082,0.04638337000223829,0.1257031531249414
FILD or FILA ADJUDICATED,genomic,rs10842996_T_1,30,0.021476589849123498,0.017570245928007943,0.09099981384205465,0.0,0.07781504283118684,0.013609760531042991,0.030222190154725073,0.04821023891296984,0.09099981384205465
FILD or FILA ADJUDICATED,genomic,rs10842996_T_2,30,0.026270350644560105,0.012665144300110268,0.11324769336192052,0.0,0.09775575753736312,0.015516146237933659,0.038433523133276956,0.06206914773959592,0.11324769336192052
FILD or FILA ADJUDICATED,genomic,rs10783497_A_0,30,0.002657603347553434,0.0,0.027938248382145345,0.0,0.02690544260906736,0.0006984280194892691,0.005346289072610493,0.005177030773239146,0.027938248382145345
FILD or FILA ADJUDICATED,genomic,rs10783497_A_1,30,0.01780182957742601,0.009878723108869631,0.06764108110251409,0.0,0.06373381501951639,0.010571450218707394,0.024947135362723832,0.04874550910455971,0.06764108110251409
FILD or FILA ADJUDICATED,genomic,rs10783497_A_2,30,0.032349773511719214,0.017358498052486585,0.18428312734955266,0.0,0.1620984467861493,0.01926651683206416,0.04893419866707476,0.0588183034572717,0.18428312734955266
FILD or FILA ADJUDICATED,genomic,rs117427783_T_0,30,2.001285739133679e-05,0.0,0.0005772557644581602,0.0,0.00017551455425540225,0.0,6.0038572174010364e-05,0.0,0.0005772557644581602
FILD or FILA ADJUDICATED,genomic,rs117427783_T_1,30,0.011836485864306487,0.004397920886364045,0.06391385894306162,0.0,0.05632633077702161,0.006776902840197942,0.01850049448279381,0.031200640383064297,0.06391385894306162
FILD or FILA ADJUDICATED,genomic,rs117427783_T_2,30,0.016730429176280197,0.005880145469427545,0.12746709796298172,0.0,0.09191515311670982,0.008832113301758461,0.027800090251091338,0.04344600308955085,0.12746709796298172
FILD or FILA ADJUDICATED,genomic,rs76739551_C_0,30,2.0487945063931323e-05,0.0,0.00045192010014405816,0.0,0.00023666372759528184,0.0,5.57831103634509e-05,0.0,0.00045192010014405816
FILD or FILA ADJUDICATED,genomic,rs76739551_C_1,30,0.00822370025106815,0.005107558038108414,0.05413710314510892,0.0,0.04987968191353684,0.004127472200491711,0.01315766323756248,0.017786167327183102,0.05413710314510892
FILD or FILA ADJUDICATED,genomic,rs76739551_C_2,30,0.015495736395145406,0.004135545278150806,0.15783041791155836,0.0,0.09802302097892304,0.006252796740069034,0.028118616324890995,0.04092389830411853,0.15783041791155836
FILD or FILA ADJUDICATED,genomic,rs78288787_C_0,30,0.0002564980889290539,0.0,0.004263805044493098,0.0,0.0021711022561519827,3.342949930942908e-05,0.0005947561458103918,0.0006044083249297005,0.004263805044493098
FILD or FILA ADJUDICATED,genomic,rs78288787_C_1,30,0.011848030316324974,0.005573052158882916,0.10807532086647763,0.0,0.05752947168942868,0.006000045216058332,0.020268302985441158,0.02460970264335082,0.10807532086647763
FILD or FILA ADJUDICATED,genomic,rs78288787_C_2,30,0.008807411548816674,0.0036896154337297963,0.0430612439845218,0.0,0.03973093396159541,0.004889346532644501,0.01336250873652959,0.026025369940549777,0.0430612439845218
FILD or FILA ADJUDICATED,genomic,rs12422371_C_0,30,0.005866676841562496,0.0028714297497602972,0.028170477120630765,0.0,0.024518983030796485,0.003437672481721013,0.008738624271278465,0.01716120406886943,0.028170477120630765
FILD or FILA ADJUDICATED,genomic,rs12422371_C_1,30,0.026661241480772358,0.016094620695296016,0.17281879490169985,0.0,0.14199317827940533,0.014679482144866945,0.040512926592925505,0.05105293534819478,0.17281879490169985
FILD or FILA ADJUDICATED,genomic,rs12422371_C_2,30,0.033107755958979336,0.016856588244937135,0.24724557239692832,0.0,0.1679353076905098,0.01762522643607514,0.05216050478661019,0.08884233607080042,0.24724557239692832
FILD or FILA ADJUDICATED,genomic,rs325093_T_0,30,0.00055692177130121,0.0,0.008353353721402825,0.0,0.004634001698408794,0.0001080261365276203,0.0012254403345912767,0.0010132913027147987,0.008353353721402825
FILD or FILA ADJUDICATED,genomic,rs325093_T_1,30,0.011507487895338335,0.008143838321170927,0.06354027790219904,0.0,0.04039930127868869,0.0070291477241428224,0.016271517120431924,0.0258481307516944,0.06354027790219904
FILD or FILA ADJUDICATED,genomic,rs325093_T_2,30,0.012195025374299099,0.008450199234713483,0.057403023413106644,0.0,0.04401519162324037,0.007636424559183933,0.017502688574054247,0.03763051569217884,0.057403023413106644
FILD or FILA ADJUDICATED,genomic,rs923077_A_0,30,0.0005923919586149056,0.0,0.0044626056575241945,0.0,0.0039167200495225625,0.00019838060018821557,0.0011130733746667902,0.002751239562568217,0.0044626056575241945
FILD or FILA ADJUDICATED,genomic,rs923077_A_1,30,0.02481000276024779,0.012543006881535078,0.10169121317755851,0.0,0.08961411844730857,0.015953115695107094,0.035386635883847585,0.06655091100680287,0.10169121317755851
FILD or FILA ADJUDICATED,genomic,rs923077_A_2,30,0.01928911838913986,0.01411357150229103,0.09430031111901742,0.0,0.07011110124765188,0.011938573699816248,0.027290811364357202,0.044271875510301505,0.09430031111901742
FILD or FILA ADJUDICATED,genomic,rs6491201_C_0,30,0.02445187133017001,0.00944911963787642,0.2582788915911654,0.0,0.13671137363309474,0.010543131800776597,0.044444299893326406,0.0533517527661912,0.2582788915911654
FILD or FILA ADJUDICATED,genomic,rs6491201_C_1,30,0.03026107584549437,0.013794260067201554,0.18537431711794428,0.0,0.13315924194869921,0.016592495214366204,0.0462352598553148,0.07817862619269328,0.18537431711794428
FILD or FILA ADJUDICATED,genomic,rs6491201_C_2,30,0.025206866783654063,0.02174193473841912,0.11348886443876943,0.0,0.09537624914420052,0.016316246040119498,0.03554673703401342,0.04347473526445083,0.11348886443876943
FILD or FILA ADJUDICATED,genomic,rs117750427_A_0,30,0.0,0.0,0.0,0.0,0.0,0.0,0.0,0.0,0.0
FILD or FILA ADJUDICATED,genomic,rs117750427_A_1,30,0.0036507997910637485,0.0009726439932195589,0.02614179464488249,0.0,0.017254547110495254,0.0017864445601450808,0.0058002832834174725,0.00702088728198491,0.02614179464488249
FILD or FILA ADJUDICATED,genomic,rs117750427_A_2,30,0.0025123895003690065,0.00012508308541681805,0.01850466509563705,0.0,0.014639253508769462,0.0010883810574938456,0.004172524969476495,0.006864402713110401,0.01850466509563705
FILD or FILA ADJUDICATED,genomic,rs17372089_A_0,30,0.0,0.0,0.0,0.0,0.0,0.0,0.0,0.0,0.0
FILD or FILA ADJUDICATED,genomic,rs17372089_A_1,30,0.007622407332850472,0.002472446866365322,0.05046886900777798,0.0,0.03217685152809134,0.004260787944633235,0.011880880583663843,0.019868165978218316,0.05046886900777798
FILD or FILA ADJUDICATED,genomic,rs17372089_A_2,30,0.004837202068573175,0.0020944932145241795,0.024216398897635803,0.0,0.023786300711953923,0.002751435111463728,0.007280761380593565,0.012037300639762941,0.024216398897635803
FILD or FILA ADJUDICATED,genomic,rs9577395_C_0,30,0.009148248061891661,0.0010725913165516524,0.1628789099420372,0.0,0.07371222119976983,0.0019949333734322547,0.020624014731379568,0.011591266431091436,0.1628789099420372
FILD or FILA ADJUDICATED,genomic,rs9577395_C_1,30,0.016007826208609015,0.008511131389198588,0.08981609892920085,0.0,0.06979765122811403,0.009567447610562238,0.02364410533434119,0.03220647625586731,0.08981609892920085
FILD or FILA ADJUDICATED,genomic,rs9577395_C_2,30,0.01843931900782048,0.015776559362566833,0.0601075576749457,0.0,0.05308900356955741,0.012389232150007546,0.02517776191726163,0.04504824422750317,0.0601075576749457
FILD or FILA ADJUDICATED,genomic,rs1278769_G_0,30,0.0127634495300943,0.002450943541927642,0.1367053424845079,0.0,0.10966302532041841,0.0033392082198333895,0.024633775479706358,0.023992339810389365,0.1367053424845079
FILD or FILA ADJUDICATED,genomic,rs1278769_G_1,30,0.02875121823463779,0.021554341678931284,0.19747281092617833,0.0,0.13954949856608673,0.015592782318021033,0.04407432125629333,0.041470600950364554,0.19747281092617833
FILD or FILA ADJUDICATED,genomic,rs1278769_G_2,30,0.039680734472374704,0.01586015981985582,0.42876803312417466,0.0,0.24445284814119517,0.016478527672139826,0.0718988815631788,0.0709491701995243,0.42876803312417466
FILD or FILA ADJUDICATED,genomic,rs17616659_G_0,30,0.01869756475185142,0.003527738435909645,0.2734304286862143,0.0,0.13397055098723942,0.006284349054531908,0.04069902051091877,0.033945470363414346,0.2734304286862143
FILD or FILA ADJUDICATED,genomic,rs17616659_G_1,30,0.056344099697685765,0.027812065081242225,0.3177604865834333,0.0,0.23513588033201477,0.03443040812594632,0.08381532227296652,0.12829632408253885,0.3177604865834333
FILD or FILA ADJUDICATED,genomic,rs17616659_G_2,30,0.029511262524171897,0.015763417773786512,0.13898102062304413,0.0,0.10300075621498592,0.018703109770625184,0.041644355616921064,0.07459709124849044,0.13898102062304413
FILD or FILA ADJUDICATED,genomic,rs34825924_G_0,30,0.015325527671941704,0.007351285706844836,0.14996690431313736,0.0,0.07744973300454279,0.007838432408184905,0.026101813259112414,0.028466430023681454,0.14996690431313736
FILD or FILA ADJUDICATED,genomic,rs34825924_G_1,30,0.03082548397631578,0.016239546188953895,0.25360962600182446,0.0,0.15039744795898732,0.0173070078613633,0.05057719637694098,0.0599006493052465,0.25360962600182446
FILD or FILA ADJUDICATED,genomic,rs34825924_G_2,30,0.045432014055676324,0.031952645616753164,0.14913457596431287,0.0,0.13946825208928754,0.03164966544095701,0.06185814442623709,0.10471917726279148,0.14913457596431287
FILD or FILA ADJUDICATED,genomic,rs10518693_C_0,30,0.01631726156685735,0.009562758990893058,0.14001899744425475,0.0,0.09241782172122227,0.008156222431836354,0.026757028133118914,0.02782339998149811,0.14001899744425475
FILD or FILA ADJUDICATED,genomic,rs10518693_C_1,30,0.022159879607401116,0.010227724589968436,0.09564333484400579,0.0,0.07765479023703334,0.012848515397729543,0.03236892100546686,0.06548693423302417,0.09564333484400579
FILD or FILA ADJUDICATED,genomic,rs10518693_C_2,30,0.022700814239443097,0.013881744551391371,0.14965121388061123,0.0,0.09558257388528044,0.013515739814785892,0.035133336210233526,0.05938897707578566,0.14965121388061123
FILD or FILA ADJUDICATED,genomic,rs2034650_A_0,30,0.03994219251575924,0.027090034744064184,0.1903369024176098,0.0,0.17053423224326927,0.025515815859269975,0.057952453313251356,0.07331337366256004,0.1903369024176098
FILD or FILA ADJUDICATED,genomic,rs2034650_A_1,30,0.028966308808297345,0.013844621687960603,0.11869690575049908,0.0,0.11390139365083125,0.017056097068854095,0.04214535279859836,0.08517362439712538,0.11869690575049908
FILD or FILA ADJUDICATED,genomic,rs2034650_A_2,30,0.026057761137587416,0.015479588053193931,0.13902145010816414,0.0,0.09741063096191283,0.01636417555344378,0.03839864784883617,0.0560295236154881,0.13902145010816414
FILD or FILA ADJUDICATED,genomic,rs144948432_A_0,30,0.0,0.0,0.0,0.0,0.0,0.0,0.0,0.0,0.0
FILD or FILA ADJUDICATED,genomic,rs144948432_A_1,30,0.00041696533722025117,0.0,0.004503459841020066,0.0,0.002465526561564746,0.00013778787260783273,0.000807458020412274,0.0015992081975978371,0.004503459841020066
FILD or FILA ADJUDICATED,genomic,rs144948432_A_2,30,0.0006645625342057195,0.0,0.006813393045627155,0.0,0.004845886533689216,0.00023292124966376365,0.001239129478967403,0.002269107466318862,0.006813393045627155
FILD or FILA ADJUDICATED,genomic,rs1496725_A_0,30,0.02106018944900503,0.012749142110544419,0.08063347337849276,0.0,0.06788591566162082,0.01405365672518929,0.029532039207427013,0.0529888156139523,0.08063347337849276
FILD or FILA ADJUDICATED,genomic,rs1496725_A_1,30,0.029772475900659217,0.015283760904685733,0.1575284547621449,0.0003181831844033901,0.14306915015822347,0.01729607506803208,0.044288465288798554,0.07550964433293766,0.1575284547621449
FILD or FILA ADJUDICATED,genomic,rs1496725_A_2,30,0.02862250899599455,0.012308929550377922,0.18340883241588601,0.0,0.10112294399285825,0.01751195840695894,0.04301506790901443,0.06559005793031249,0.18340883241588601
FILD or FILA ADJUDICATED,genomic,rs12928193_G_0,30,0.00404404875991985,8.166377949732089e-05,0.045742470508151854,0.0,0.037653144516494444,0.0011252277404072645,0.008370271729035783,0.010210431883140065,0.045742470508151854
FILD or FILA ADJUDICATED,genomic,rs12928193_G_1,30,0.017646386063100487,0.011590669588470354,0.08411514761603595,0.0,0.07107552040538762,0.011101180315119313,0.025098971058068884,0.045616431449357814,0.08411514761603595
FILD or FILA ADJUDICATED,genomic,rs12928193_G_2,30,0.037841854354607116,0.017966277833054253,0.5238063302953638,0.0,0.19199659423909599,0.0157177113846911,0.0761301864847905,0.06564794985298743,0.5238063302953638
FILD or FILA ADJUDICATED,genomic,rs9931202_G_0,30,0.025657626699527546,0.009583640638588062,0.14202117317039337,0.0,0.1264102816120985,0.013801089985288393,0.03919385446416976,0.06161244178222919,0.14202117317039337
FILD or FILA ADJUDICATED,genomic,rs9931202_G_1,30,0.036906400931637,0.019730078522634895,0.19928301812900995,0.0,0.15606106156682795,0.022498109778275197,0.052749705720155554,0.06812519580346285,0.19928301812900995
FILD or FILA ADJUDICATED,genomic,rs9931202_G_2,30,0.023022423072002147,0.013142799008534451,0.10525211722972934,0.0,0.09041602442675882,0.013115350611176382,0.03383564696363948,0.07585575157919792,0.10525211722972934
FILD or FILA ADJUDICATED,genomic,rs1273431_A_0,30,0.0,0.0,0.0,0.0,0.0,0.0,0.0,0.0,0.0
FILD or FILA ADJUDICATED,genomic,rs1273431_A_1,30,0.0,0.0,0.0,0.0,0.0,0.0,0.0,0.0,0.0
FILD or FILA ADJUDICATED,genomic,rs1273431_A_2,30,0.0,0.0,0.0,0.0,0.0,0.0,0.0,0.0,0.0
FILD or FILA ADJUDICATED,genomic,rs71389435_C_0,30,0.0,0.0,0.0,0.0,0.0,0.0,0.0,0.0,0.0
FILD or FILA ADJUDICATED,genomic,rs71389435_C_1,30,0.016588647833900055,0.0043732399165682685,0.09856866281258944,0.0,0.0788745057303221,0.008253875135341527,0.026257106542191804,0.050776698074233025,0.09856866281258944
FILD or FILA ADJUDICATED,genomic,rs71389435_C_2,30,0.005613358627519484,0.0017631376274726957,0.031783056956469956,0.0,0.029797691530951527,0.0029089246240999794,0.009176919354677618,0.01741629059401056,0.031783056956469956
FILD or FILA ADJUDICATED,genomic,rs6499642_C_0,30,0.0,0.0,0.0,0.0,0.0,0.0,0.0,0.0,0.0
FILD or FILA ADJUDICATED,genomic,rs6499642_C_1,30,0.01110302886171555,0.005785240405506984,0.07265560687654221,0.0,0.0553767451208103,0.006037071615155549,0.017157233802334203,0.029560920216002328,0.07265560687654221
FILD or FILA ADJUDICATED,genomic,rs6499642_C_2,30,0.029014938226117833,0.011504394834013791,0.16030517180403775,0.0,0.10853179595680053,0.01708467674483076,0.0430168710842024,0.08123352261367328,0.16030517180403775
FILD or FILA ADJUDICATED,genomic,rs12446021_G_0,30,0.002498946965909557,0.0,0.056236166720018674,0.0,0.02027197670131333,0.00030942746365180497,0.006445071915456335,0.0024194091655969593,0.056236166720018674
FILD or FILA ADJUDICATED,genomic,rs12446021_G_1,30,0.06636954836926494,0.03504138691362448,0.38039574475221377,0.0,0.2526139605314306,0.03974821888336293,0.1002828029688217,0.18203382923720285,0.38039574475221377
FILD or FILA ADJUDICATED,genomic,rs12446021_G_2,30,0.07522568370650379,0.03681073118547201,0.34175713555528403,0.0,0.3278908914844415,0.04336876781730385,0.10892661620163281,0.24111951780270627,0.34175713555528403
FILD or FILA ADJUDICATED,genomic,rs28703652_G_0,30,0.014956270968710276,0.0071152561967338275,0.07879375422946136,0.0,0.06443272086685059,0.00821856342887139,0.02246522788751012,0.05080827392758228,0.07879375422946136
FILD or FILA ADJUDICATED,genomic,rs28703652_G_1,30,0.060217081810718415,0.026264083596691308,0.43377638116748146,0.0,0.3409479334001566,0.029055692682203232,0.10017017742274245,0.15884619952852158,0.43377638116748146
FILD or FILA ADJUDICATED,genomic,rs28703652_G_2,30,0.020400204367390706,0.012139045157050311,0.14055960971148374,0.0,0.10174821828016899,0.011688633188928871,0.032640996871528216,0.03937065168789715,0.14055960971148374
FILD or FILA ADJUDICATED,genomic,rs169889_A_0,30,0.0558041057561536,0.022670218024614233,0.34335267647636686,0.0,0.2657478290027966,0.029825549733392076,0.08567313601699064,0.14982833406538767,0.34335267647636686
FILD or FILA ADJUDICATED,genomic,rs169889_A_1,30,0.03354819738241358,0.017549014809871564,0.1761936574665996,0.0,0.14737031315934893,0.019304653641067034,0.0499439410376843,0.12298985498431338,0.1761936574665996
FILD or FILA ADJUDICATED,genomic,rs169889_A_2,30,0.023265117105649213,0.00973170508216424,0.16860683121971218,0.0,0.11157366920195567,0.012174788629067236,0.037302557848226614,0.06484486597110613,0.16860683121971218
FILD or FILA ADJUDICATED,genomic,rs3744761_C_0,30,0.0,0.0,0.0,0.0,0.0,0.0,0.0,0.0,0.0
FILD or FILA ADJUDICATED,genomic,rs3744761_C_1,30,0.008046284385391506,0.0063646179864197735,0.04533043428067151,0.0,0.031296317984324716,0.0047942699423371,0.011761485921530925,0.015321908397377262,0.04533043428067151
FILD or FILA ADJUDICATED,genomic,rs3744761_C_2,30,0.018365949442281957,0.004830716331817109,0.21240401011392876,0.0,0.1016500806961978,0.006840148825987473,0.03393658380489243,0.05206188917065617,0.21240401011392876
FILD or FILA ADJUDICATED,genomic,rs17690703_C_0,30,0.06772541367187798,0.06343867489676688,0.2540862817084163,0.0,0.18901930184699695,0.04827428460500001,0.0906685064869008,0.13158054109417588,0.2540862817084163
FILD or FILA ADJUDICATED,genomic,rs17690703_C_1,30,0.024103603931567002,0.006861736719996587,0.18587458109857152,0.0,0.09668149957406337,0.013209830273074766,0.03998475309260698,0.04955950553435116,0.18587458109857152
FILD or FILA ADJUDICATED,genomic,rs17690703_C_2,30,0.02031956341295085,0.011926655926694472,0.1514870501803004,0.0,0.0841703375044755,0.011636334156727782,0.03172573578470236,0.03876744793324512,0.1514870501803004
FILD or FILA ADJUDICATED,genomic,rs1981997_G_0,30,0.014669761864575727,0.0,0.18029872474457845,0.0,0.0913904492401928,0.004965917877369707,0.028953450940751954,0.03702712186953246,0.18029872474457845
FILD or FILA ADJUDICATED,genomic,rs1981997_G_1,30,0.01489171828633854,0.0069074710451183935,0.05588118673881647,0.0,0.05175796864562421,0.00922697278401049,0.02100648619774324,0.037718260258442694,0.05588118673881647
FILD or FILA ADJUDICATED,genomic,rs1981997_G_2,30,0.07087783027923016,0.06028800624510744,0.27002911664617785,0.0,0.21620009968110698,0.04767316660847634,0.09654016599641872,0.1499846705251557,0.27002911664617785
FILD or FILA ADJUDICATED,genomic,rs415430_T_0,30,0.003007074998131663,0.0,0.019561448974312997,0.0,0.01933609196754734,0.0013478954579290298,0.004972210825500658,0.008057442385713343,0.019561448974312997
FILD or FILA ADJUDICATED,genomic,rs415430_T_1,30,0.01362307459472459,0.00543746748204657,0.059190269198615836,0.0,0.050670162406032865,0.008132474275465667,0.02004300252567285,0.03838344245921384,0.059190269198615836
FILD or FILA ADJUDICATED,genomic,rs415430_T_2,30,0.03955055951440115,0.013559446181716188,0.3418633554965552,0.0,0.31719012981206407,0.015758873277103853,0.0700780992212845,0.06163993567489577,0.3418633554965552
FILD or FILA ADJUDICATED,genomic,rs73997403_C_0,30,1.4189121449269364e-05,0.0,0.0002407423377030086,0.0,0.00013745784971820892,0.0,3.351464312831507e-05,0.0,0.0002407423377030086
FILD or FILA ADJUDICATED,genomic,rs73997403_C_1,30,0.03364924310414774,0.018318135128038385,0.13195625159497798,0.0,0.13012947338655517,0.019517085696211554,0.049466849736909235,0.11040745051361424,0.13195625159497798
FILD or FILA ADJUDICATED,genomic,rs73997403_C_2,30,0.015208880526218004,0.007622388216071616,0.12380777560565805,0.0,0.08920688007817407,0.007978076568361008,0.025182139999909516,0.025338280041447274,0.12380777560565805
FILD or FILA ADJUDICATED,genomic,rs918174_T_0,30,0.022616732884580423,0.008179752383556164,0.1490147851198111,0.0,0.10155058516508549,0.011808212020413395,0.03533304033657791,0.07412365675136177,0.1490147851198111
FILD or FILA ADJUDICATED,genomic,rs918174_T_1,30,0.025549234834528995,0.020968711533802878,0.08846087575932661,0.0,0.07883686282017341,0.017798532078007145,0.0340043947747324,0.060975718407517025,0.08846087575932661
FILD or FILA ADJUDICATED,genomic,rs918174_T_2,30,0.027250821620279007,0.014726091009587099,0.16666221852620539,0.0,0.15900436353734324,0.014535242261531406,0.04343605789496836,0.06352072304435039,0.16666221852620539
FILD or FILA ADJUDICATED,genomic,rs75291377_G_0,30,0.0,0.0,0.0,0.0,0.0,0.0,0.0,0.0,0.0
FILD or FILA ADJUDICATED,genomic,rs75291377_G_1,30,0.010681441178207617,0.0038580629930792957,0.07098111068221175,0.0,0.060966619166941176,0.005515857932670559,0.017206445510118705,0.02340773825824066,0.07098111068221175
FILD or FILA ADJUDICATED,genomic,rs75291377_G_2,30,0.009512706739526621,0.0003765442793377311,0.08585724846161155,0.0,0.05945627205809782,0.0034253553066486793,0.01715717150901422,0.028551954257107364,0.08585724846161155
FILD or FILA ADJUDICATED,genomic,rs11083093_G_0,30,0.0002972815289977851,0.0,0.005559161639770455,0.0,0.003159643920501297,1.7779419410374154e-05,0.0007468031536036338,0.0004497714392080043,0.005559161639770455
FILD or FILA ADJUDICATED,genomic,rs11083093_G_1,30,0.00923136141362861,0.0013259268780630154,0.09755830863240048,0.0,0.06618651444749096,0.003603816963508817,0.017505468320681672,0.01778850393949885,0.09755830863240048
FILD or FILA ADJUDICATED,genomic,rs11083093_G_2,30,0.005915449604802353,0.003680696030748636,0.051432054158006474,0.0,0.028403030604288716,0.0029758616908421884,0.010175742233546163,0.011841585378394167,0.051432054158006474
FILD or FILA ADJUDICATED,genomic,rs66884960_C_0,30,0.003363596142620237,0.00012894215921045577,0.04971504455276652,0.0,0.019418156522335035,0.0011275339669666554,0.007408205842028343,0.007034029123877345,0.04971504455276652
FILD or FILA ADJUDICATED,genomic,rs66884960_C_1,30,0.04671666475109954,0.02809693512042529,0.2897278679490651,0.0,0.21841565566978471,0.026104560058769464,0.07081957422604251,0.09793067160416619,0.2897278679490651
FILD or FILA ADJUDICATED,genomic,rs66884960_C_2,30,0.027139701646520707,0.016271730322538,0.113302624957054,0.0,0.0982962349308685,0.01700056837848347,0.03887491577225428,0.08557314666945567,0.113302624957054
FILD or FILA ADJUDICATED,genomic,rs76475316_T_0,30,0.0,0.0,0.0,0.0,0.0,0.0,0.0,0.0,0.0
FILD or FILA ADJUDICATED,genomic,rs76475316_T_1,30,0.0034578100049035073,0.0,0.023136158489932165,0.0,0.021422682641496753,0.0015701717058885425,0.005855696609415719,0.015377461951617735,0.023136158489932165
FILD or FILA ADJUDICATED,genomic,rs76475316_T_2,30,0.009013045767581154,0.0,0.09686944800914045,0.0,0.0584196148447847,0.002863366498197341,0.016822973267230173,0.03363758525203985,0.09686944800914045
FILD or FILA ADJUDICATED,genomic,rs893889_G_0,30,0.0006738099293120101,0.0,0.007300479773745791,0.0,0.006584260568983004,6.463328807444145e-05,0.001375626392455202,0.0017717840500474928,0.007300479773745791
FILD or FILA ADJUDICATED,genomic,rs893889_G_1,30,0.017211678657998854,0.01126095641018253,0.07198686055235462,0.0,0.06493250870991552,0.010714319147853757,0.024442949985194244,0.03883629023231497,0.07198686055235462
FILD or FILA ADJUDICATED,genomic,rs893889_G_2,30,0.019764842961294358,0.009397797457561896,0.11588188658326483,0.0,0.08641469457870306,0.010921463325052866,0.028955586550917723,0.05236954965425391,0.11588188658326483
FILD or FILA ADJUDICATED,genomic,rs12610495_A_0,30,0.009704836945818673,0.003911505867758898,0.060807439287274036,0.0,0.05389238324820507,0.00492074992871928,0.015547367125827242,0.022838539459596824,0.060807439287274036
FILD or FILA ADJUDICATED,genomic,rs12610495_A_1,30,0.02289170556712209,0.014698872963894747,0.11194533183157138,0.0,0.09310644416019986,0.01428651072147392,0.033130609147063665,0.04509793280581254,0.11194533183157138
FILD or FILA ADJUDICATED,genomic,rs12610495_A_2,30,0.01666098544663907,0.004563535987774113,0.12524117582527322,0.0,0.08176299124811126,0.007994038589912258,0.02778430931261652,0.059032276010738335,0.12524117582527322
FILD or FILA ADJUDICATED,genomic,rs2109069_G_0,30,0.01599403104612052,0.0044671769086166175,0.09605199072871488,0.0,0.07327487320388104,0.008287438655625593,0.025048024703974645,0.04835473786758297,0.09605199072871488
FILD or FILA ADJUDICATED,genomic,rs2109069_G_1,30,0.03518544967876498,0.012029186663188567,0.3928796127028842,0.0,0.2223263020863302,0.014798536880112286,0.06547342895872761,0.07298836931281447,0.3928796127028842
FILD or FILA ADJUDICATED,genomic,rs2109069_G_2,30,0.016141268357449327,0.011133285314943047,0.07667887504280992,0.0,0.0648333096098418,0.010138752367875948,0.022914985659588393,0.03524952311826267,0.07667887504280992
FILD or FILA ADJUDICATED,genomic,rs708686_C_0,30,0.016114017627407124,0.007070644095389777,0.07741632362185887,0.0,0.07686869125083272,0.009274339984380571,0.023805106114685327,0.04166763616535411,0.07741632362185887
FILD or FILA ADJUDICATED,genomic,rs708686_C_1,30,0.034066383825968945,0.018251376910546766,0.12192802475926195,0.0,0.11677718422386922,0.020700775137731445,0.048748710573915395,0.10826602680011019,0.12192802475926195
FILD or FILA ADJUDICATED,genomic,rs708686_C_2,30,0.030039843568444014,0.020297023627850984,0.12504697397909625,0.0,0.10638063663133183,0.01952326375801527,0.04213597871727849,0.06832767147318428,0.12504697397909625
FILD or FILA ADJUDICATED,genomic,rs62112917_C_0,30,0.0024740095621628494,0.0,0.02577587857256493,0.0,0.014488503172668015,0.0008743995293665419,0.004678103881740015,0.007872163326346986,0.02577587857256493
FILD or FILA ADJUDICATED,genomic,rs62112917_C_1,30,0.020931196233462075,0.011452396448443977,0.11374132150218572,0.0,0.0795944083652116,0.012726548257295162,0.031187026805378697,0.06155668830148682,0.11374132150218572
FILD or FILA ADJUDICATED,genomic,rs62112917_C_2,30,0.019561799560725686,0.007505002167001312,0.10703917115251711,0.0,0.08026035431458997,0.011053367564613482,0.029557793508514466,0.05876749717227951,0.10703917115251711
FILD or FILA ADJUDICATED,genomic,rs73008477_C_0,30,0.0,0.0,0.0,0.0,0.0,0.0,0.0,0.0,0.0
FILD or FILA ADJUDICATED,genomic,rs73008477_C_1,30,0.004991919037929267,0.001091314382595809,0.02549004375043266,0.0,0.019829054728446458,0.002808692294134575,0.007377182443536202,0.015758896655192374,0.02549004375043266
FILD or FILA ADJUDICATED,genomic,rs73008477_C_2,30,0.0019809848181935883,0.0,0.019134299086659055,0.0,0.014600677458625986,0.0006876832439795216,0.003656602824959132,0.0032785927867681596,0.019134299086659055
FILD or FILA ADJUDICATED,genomic,rs10422762_A_0,30,0.017494645081147443,0.006019174630596105,0.07388591220358826,0.0,0.0738426809982852,0.010270674596762668,0.026123938022086825,0.05513095243864931,0.07388591220358826
FILD or FILA ADJUDICATED,genomic,rs10422762_A_1,30,0.0352354537900964,0.009105907276712046,0.28477384686075263,0.0,0.1947539679186986,0.01720981622962074,0.06028857907612945,0.09570491469639915,0.28477384686075263
FILD or FILA ADJUDICATED,genomic,rs10422762_A_2,30,0.02576843829385446,0.019551179228787494,0.10350100572714793,0.0,0.09494254974965895,0.017070609926864752,0.036030107061752234,0.06373280975267316,0.10350100572714793
FILD or FILA ADJUDICATED,genomic,rs41482151_C_0,30,0.008696817323414518,0.0001773174018385083,0.11720293295223874,0.0,0.0639169079610505,0.002306109495080847,0.01827491926527948,0.01750269115885239,0.11720293295223874
FILD or FILA ADJUDICATED,genomic,rs41482151_C_1,30,0.03199906312614561,0.01658575141668154,0.1650325190466366,0.0,0.15928296273032516,0.017621150310444103,0.048942033753358004,0.07247091718203434,0.1650325190466366
FILD or FILA ADJUDICATED,genomic,rs41482151_C_2,30,0.01595877763151544,0.00675977429115872,0.09015553581859279,0.0,0.06766965628751699,0.008862930478540197,0.02482371703512222,0.03716462956372959,0.09015553581859279
FILD or FILA ADJUDICATED,genomic,rs12975986_C_0,30,0.008854259236214893,0.0005024060017333479,0.07646041118461405,0.0,0.07610359711682957,0.0029397855157845326,0.016672034460034124,0.026392952162768216,0.07646041118461405
FILD or FILA ADJUDICATED,genomic,rs12975986_C_1,30,0.030277664712539305,0.016511650069480095,0.14898593755274936,0.0,0.14113533717383803,0.018403778535162545,0.043872979413610916,0.0779012919588371,0.14898593755274936
FILD or FILA ADJUDICATED,genomic,rs12975986_C_2,30,0.014537659797648126,0.011870910209960311,0.04771613794313933,0.0,0.04103151744600992,0.009926076454526716,0.01975750836785702,0.035168064979205445,0.04771613794313933
FILD or FILA ADJUDICATED,genomic,rs74490361_T_0,30,0.0,0.0,0.0,0.0,0.0,0.0,0.0,0.0,0.0
FILD or FILA ADJUDICATED,genomic,rs74490361_T_1,30,0.007434950857905478,0.00116240959983314,0.07623556373368738,0.0,0.037718432579424525,0.0031554343123973727,0.013361035375356626,0.014818764648583376,0.07623556373368738
FILD or FILA ADJUDICATED,genomic,rs74490361_T_2,30,0.011549571218700472,0.0034858184735455187,0.09891575588404208,0.0,0.06641595872646713,0.005045318563511217,0.019747902838092458,0.02881167729261854,0.09891575588404208
FILD or FILA ADJUDICATED,genomic,rs57625989_A_0,30,0.00042453752855409346,0.0,0.0060355007157135085,0.0,0.005806652386624615,6.13054177354456e-06,0.0010175658378684838,0.0001839162532063368,0.0060355007157135085
FILD or FILA ADJUDICATED,genomic,rs57625989_A_1,30,0.009685859290610145,0.0032658140469696596,0.08018638919184756,0.0,0.05719916017172974,0.004570881259870246,0.0173416133984936,0.02275094154763044,0.08018638919184756
FILD or FILA ADJUDICATED,genomic,rs57625989_A_2,30,0.008994289425957518,0.0036407854646161118,0.03986267103209694,0.0,0.0347548232165534,0.005185500903146727,0.013263681952831936,0.0238798427053471,0.03986267103209694
FILD or FILA ADJUDICATED,genomic,rs302837_A_0,30,0.03312157313743565,0.03157301266559512,0.10285960631207774,0.0,0.0949267416055563,0.023255855465784823,0.04264115601897278,0.07029059748798747,0.10285960631207774
FILD or FILA ADJUDICATED,genomic,rs302837_A_1,30,0.08718396731344087,0.06312692653467036,0.41222171033951105,0.0034978087744489492,0.26437330111780394,0.059162897709654265,0.12076885074114217,0.19028085753119134,0.41222171033951105
FILD or FILA ADJUDICATED,genomic,rs302837_A_2,30,0.0259129954869086,0.019962881509563893,0.10938799847448662,0.0,0.09595265534253922,0.016412054927065926,0.035452515360114525,0.05309519881863344,0.10938799847448662
FILD or FILA ADJUDICATED,genomic,rs601878_C_0,30,0.010014047831085364,0.0012502494245454554,0.06161322446454964,0.0,0.0603145259988717,0.00437979740462459,0.016761068604595326,0.03509140195058454,0.06161322446454964
FILD or FILA ADJUDICATED,genomic,rs601878_C_1,30,0.022197962193357346,0.016940102694266344,0.06853244656344239,0.0,0.06734793937193166,0.014985685659588018,0.030620110111543076,0.05583354820985847,0.06853244656344239
FILD or FILA ADJUDICATED,genomic,rs601878_C_2,30,0.055324605532565324,0.026625312564286935,0.22341731657763916,0.0,0.2050327977154841,0.033980868825780934,0.07781096946127723,0.13753419812967307,0.22341731657763916
FILD or FILA ADJUDICATED,genomic,rs4811028_G_0,30,0.0011770799647466412,0.0,0.014323459355423123,0.0,0.012589280381369146,0.0002057055353128353,0.002505901968360123,0.0025543725527447966,0.014323459355423123
FILD or FILA ADJUDICATED,genomic,rs4811028_G_1,30,0.017945013406714415,0.011324400916967483,0.11109643742176756,0.0,0.08165675285525081,0.010699133503132828,0.027448305041924782,0.03444095669392784,0.11109643742176756
FILD or FILA ADJUDICATED,genomic,rs4811028_G_2,30,0.016097604459195065,0.0055078431583062675,0.09492719923079254,0.0,0.08807217806363475,0.008068626350225412,0.025586792920998743,0.045797821251333845,0.09492719923079254
FILD or FILA ADJUDICATED,genomic,rs12626788_C_0,30,0.006620004688930126,0.000949033210273899,0.04216456446274398,0.0,0.027947991738763563,0.0033187351570421355,0.010282829922754356,0.0190040360787081,0.04216456446274398
FILD or FILA ADJUDICATED,genomic,rs12626788_C_1,30,0.022832798543079316,0.010990061058505982,0.11080920673167474,0.0,0.08045829829723754,0.013509273436505377,0.033695896286948725,0.05846103669347484,0.11080920673167474
FILD or FILA ADJUDICATED,genomic,rs12626788_C_2,30,0.02235275496493004,0.012428905739546033,0.16267370545957371,0.0,0.08996372759382228,0.012197142014620962,0.035377858187107175,0.053278731341160866,0.16267370545957371
FILD or FILA ADJUDICATED,genomic,rs75764565_C_0,30,0.0,0.0,0.0,0.0,0.0,0.0,0.0,0.0,0.0
FILD or FILA ADJUDICATED,genomic,rs75764565_C_1,30,0.011879368991735752,0.004725208242601886,0.055607801198976646,0.0,0.04589028317544858,0.007354793762031061,0.0174804531159671,0.03114052332025,0.055607801198976646
FILD or FILA ADJUDICATED,genomic,rs75764565_C_2,30,0.014516345771043444,0.0033474279694696166,0.10608282685638881,0.0,0.08929525463303536,0.006464865334572364,0.024346763394138122,0.05208641858818221,0.10608282685638881
FILD or FILA ADJUDICATED,genomic,rs45619034_G_0,30,0.0,0.0,0.0,0.0,0.0,0.0,0.0,0.0,0.0
FILD or FILA ADJUDICATED,genomic,rs45619034_G_1,30,0.0072394919122639075,0.003515959833877899,0.05515706475525747,0.0,0.039671583587275475,0.0038332411136167725,0.011669563727941982,0.014615985298488671,0.05515706475525747
FILD or FILA ADJUDICATED,genomic,rs45619034_G_2,30,0.009105138775653662,0.0036490835125402637,0.03574065449326106,0.0,0.03393283254901881,0.00537369610527919,0.013345259218516058,0.025287210655083995,0.03574065449326106
FILD or FILA ADJUDICATED,combined,rs3131520_C_0,30,0.0049615384244972825,0.0011980104170301559,0.08466392746898675,0.0,0.03028487067864661,0.0014270016725072322,0.01139752023100905,0.008506211241880479,0.08466392746898675
FILD or FILA ADJUDICATED,combined,rs3131520_C_1,30,0.043196725158980716,0.020112407322935247,0.23596501655237814,0.0,0.21138143021086991,0.024431139700571872,0.06420764468925241,0.10756260204573373,0.23596501655237814
FILD or FILA ADJUDICATED,combined,rs3131520_C_2,30,0.03606155972965037,0.02041793182033306,0.15459167248298541,0.0,0.1542089523323291,0.022489182714217168,0.05123594630483949,0.08025545734595597,0.15459167248298541
FILD or FILA ADJUDICATED,combined,rs55993474_A_0,30,0.0,0.0,0.0,0.0,0.0,0.0,0.0,0.0,0.0
FILD or FILA ADJUDICATED,combined,rs55993474_A_1,30,0.002599233223171854,0.0,0.010642155675005151,0.0,0.010185302189568153,0.0014487855030214916,0.003932061360679547,0.008266433596732441,0.010642155675005151
FILD or FILA ADJUDICATED,combined,rs55993474_A_2,30,0.0046715605240101096,0.0,0.07231918721841071,0.0,0.03289785098870479,0.0011913857833907447,0.010025607549207628,0.009141818932062881,0.07231918721841071
FILD or FILA ADJUDICATED,combined,rs2375892_T_0,30,0.007556737889495814,0.004816424325980182,0.035156986759737,0.0,0.034295702060858704,0.004310057957944887,0.011469540819203925,0.011178726879578492,0.035156986759737
FILD or FILA ADJUDICATED,combined,rs2375892_T_1,30,0.008674672493684477,0.004684010414027578,0.061215195954364005,0.0,0.039209593932438815,0.0047248811740100965,0.013367543660960471,0.020159516889410835,0.061215195954364005
FILD or FILA ADJUDICATED,combined,rs2375892_T_2,30,0.014449372879888891,0.005056795963939532,0.06444995537650607,0.0,0.06366791681342632,0.007974497697274048,0.021699307281547838,0.040109102627273005,0.06444995537650607
FILD or FILA ADJUDICATED,combined,rs10881263_G_0,30,0.01479117874655908,0.007522123355836318,0.07239837935514463,0.0,0.06980190360519521,0.008689261058811407,0.022174926195262495,0.033100675571212164,0.07239837935514463
FILD or FILA ADJUDICATED,combined,rs10881263_G_1,30,0.01726845349996299,0.009831212109943099,0.0833480773695518,0.0,0.07208470770011852,0.010551338955682943,0.02540264913234986,0.03323351996072095,0.0833480773695518
FILD or FILA ADJUDICATED,combined,rs10881263_G_2,30,0.01593005877889154,0.005154242218241473,0.07573684063711936,0.0,0.06915759467803992,0.008143867968501632,0.024019257404445486,0.055643037211340646,0.07573684063711936
FILD or FILA ADJUDICATED,combined,rs11102362_G_0,30,0.00705038837129535,0.0026406689207402237,0.040106156562942745,0.0,0.03087047951990557,0.0038417268633491306,0.010599808357492873,0.02368393186325115,0.040106156562942745
FILD or FILA ADJUDICATED,combined,rs11102362_G_1,30,0.01689717768472078,0.007775363469759731,0.09462040016713508,0.0,0.08675737526316034,0.009232647131096786,0.026066967702901588,0.039699541169888455,0.09462040016713508
FILD or FILA ADJUDICATED,combined,rs11102362_G_2,30,0.013503177432017606,0.004377868262044325,0.06664625409074898,0.0,0.06374092386338881,0.007552246554201191,0.020553075027473635,0.0360114099947849,0.06664625409074898
FILD or FILA ADJUDICATED,combined,rs16837903_G_0,30,0.0010999209763434908,0.0,0.019846237988034005,0.0,0.009760646783351676,5.026077538483903e-05,0.0026180714711507434,0.0008791044441524066,0.019846237988034005
FILD or FILA ADJUDICATED,combined,rs16837903_G_1,30,0.018216082469522207,0.007791093954425078,0.10732722451056671,0.0,0.10183612109837839,0.008896852338330463,0.028851885853497374,0.0638165201700962,0.10732722451056671
FILD or FILA ADJUDICATED,combined,rs16837903_G_2,30,0.038529278510282136,0.021151763765301892,0.25389196012549653,0.0,0.1747860880510855,0.02280206150761793,0.056942837096784,0.07017483822352243,0.25389196012549653
FILD or FILA ADJUDICATED,combined,rs11264306_A_0,30,0.014693514252875206,0.007138007561028173,0.1110708980412395,0.0,0.07364339874691549,0.007404872908057131,0.02413811368882438,0.029075382051562678,0.1110708980412395
FILD or FILA ADJUDICATED,combined,rs11264306_A_1,30,0.021514996870952027,0.006746487014330636,0.15165969046693376,0.0,0.09184272791134908,0.01172752319568726,0.034216035069651096,0.04878669720896429,0.15165969046693376
FILD or FILA ADJUDICATED,combined,rs11264306_A_2,30,0.015094435414556722,0.00438007432181878,0.0866536927700786,0.0,0.06946827742225822,0.007827976209268643,0.023425266352505834,0.05017099295813024,0.0866536927700786
FILD or FILA ADJUDICATED,combined,rs7547997_G_0,30,0.0082444773971808,0.001533988047444357,0.05837588367449556,0.0,0.039672054988068334,0.0037599515226094046,0.013109778046899938,0.024206598669005465,0.05837588367449556
FILD or FILA ADJUDICATED,combined,rs7547997_G_1,30,0.007460102988931475,0.004711371594583619,0.05336845955189666,0.0,0.04559063369252353,0.003964588590449905,0.011874542149138814,0.010636347396486891,0.05336845955189666
FILD or FILA ADJUDICATED,combined,rs7547997_G_2,30,0.03411649289792766,0.015384383997114042,0.15789908107629907,0.0,0.12405590387199152,0.021342779092658703,0.04770133864607056,0.0773896417379784,0.15789908107629907
FILD or FILA ADJUDICATED,combined,rs699240_T_0,30,0.031451653327277444,0.014070572441420385,0.1976985824210418,0.0,0.1361539881931478,0.017419247065412247,0.047936899914146444,0.08864174484619869,0.1976985824210418
FILD or FILA ADJUDICATED,combined,rs699240_T_1,30,0.028685319354699167,0.015391565968855166,0.12828522009167914,0.0,0.10881515417594032,0.017277901080465275,0.04110022754018216,0.0797122828655343,0.12828522009167914
FILD or FILA ADJUDICATED,combined,rs699240_T_2,30,0.015420789163213848,0.005079526558613043,0.11150568790701056,0.0,0.08365558354330292,0.00773272956634871,0.024768403514475543,0.043152425079039124,0.11150568790701056
FILD or FILA ADJUDICATED,combined,rs114064385_G_0,30,0.0,0.0,0.0,0.0,0.0,0.0,0.0,0.0,0.0
FILD or FILA ADJUDICATED,combined,rs114064385_G_1,30,0.0010237359989620635,0.00040979976537136565,0.006163032279195874,0.0,0.004857910175409113,0.0005224918745627998,0.0015747155377885235,0.0028938364914494244,0.006163032279195874
FILD or FILA ADJUDICATED,combined,rs114064385_G_2,30,0.00036979119547945067,0.0,0.003467986040856008,0.0,0.003006173837835415,0.00011947980305571267,0.0007000673238280452,0.0009229939057425687,0.003467986040856008
FILD or FILA ADJUDICATED,combined,rs55682827_C_0,30,0.0,0.0,0.0,0.0,0.0,0.0,0.0,0.0,0.0
FILD or FILA ADJUDICATED,combined,rs55682827_C_1,30,0.0065286223012377366,0.0016078798533340917,0.04862474732636336,0.0,0.03403812539000864,0.003214595040330527,0.010932592464484532,0.016482891290646996,0.04862474732636336
FILD or FILA ADJUDICATED,combined,rs55682827_C_2,30,0.012604500644046862,0.004971246136331726,0.07744958381222344,0.0,0.07647325208032202,0.005614451670486679,0.02039395965422552,0.04448654454265987,0.07744958381222344
FILD or FILA ADJUDICATED,combined,rs17019820_A_0,30,0.0008606758816066663,0.0,0.009411693480342383,0.0,0.006160504761647338,0.0002633566960088665,0.001662907690599712,0.0027803356332237517,0.009411693480342383
FILD or FILA ADJUDICATED,combined,rs17019820_A_1,30,0.024728183838852124,0.004663378638174975,0.26885372145938446,0.0,0.15305978481322297,0.009330533719513796,0.04662930053929193,0.054499681386520504,0.26885372145938446
FILD or FILA ADJUDICATED,combined,rs17019820_A_2,30,0.0071087940012292,0.0010070856825769347,0.06260052445077324,0.0,0.038742336963901225,0.003000012357302349,0.012980588200058147,0.02362831408481991,0.06260052445077324
FILD or FILA ADJUDICATED,combined,rs2577254_T_0,30,0.009580896833318819,0.004494148994328028,0.04837618013474857,0.0,0.03931567867450615,0.005385799027953725,0.014003484527018922,0.02145167526015971,0.04837618013474857
FILD or FILA ADJUDICATED,combined,rs2577254_T_1,30,0.00864805940065936,0.00248545338183598,0.050185515992701185,0.0,0.03728372509288761,0.004327156632401709,0.013398747649820682,0.025945331701047892,0.050185515992701185
FILD or FILA ADJUDICATED,combined,rs2577254_T_2,30,0.013730839232384901,0.006130993657176981,0.09791171407127308,0.0,0.07383465175712933,0.006681545309988129,0.022232588607308205,0.027497728204172216,0.09791171407127308
FILD or FILA ADJUDICATED,combined,rs12710674_C_0,30,0.0,0.0,0.0,0.0,0.0,0.0,0.0,0.0,0.0
FILD or FILA ADJUDICATED,combined,rs12710674_C_1,30,0.008191476162244358,0.001650944117616036,0.09703394520270797,0.0,0.05922611614198099,0.0024606145637561406,0.016384257525512043,0.01473555943296188,0.09703394520270797
FILD or FILA ADJUDICATED,combined,rs12710674_C_2,30,0.004888641694249035,0.0009522509716887667,0.033362988123903425,0.0,0.030455424585721567,0.0018841059563888098,0.008707801651737391,0.022644243422290666,0.033362988123903425
FILD or FILA ADJUDICATED,combined,rs77998999_A_0,30,0.0,0.0,0.0,0.0,0.0,0.0,0.0,0.0,0.0
FILD or FILA ADJUDICATED,combined,rs77998999_A_1,30,0.002374144686710429,0.0,0.024211984591263853,0.0,0.015662960140319444,0.0008108292066557639,0.00462129845144831,0.009385009616622197,0.024211984591263853
FILD or FILA ADJUDICATED,combined,rs77998999_A_2,30,0.006086635668105802,0.0,0.04772130504549305,0.0,0.04119406606543684,0.001889524249177148,0.010736805954675592,0.02061796536047849,0.04772130504549305
FILD or FILA ADJUDICATED,combined,rs6736148_C_0,30,2.8075143467776543e-05,0.0,0.0008422543040332963,0.0,0.00023161993360915528,0.0,8.422543040332962e-05,0.0,0.0008422543040332963
FILD or FILA ADJUDICATED,combined,rs6736148_C_1,30,0.004089991871558721,0.0,0.037492974752988115,0.0,0.037227617785402525,0.0010422958045413439,0.007753260815177892,0.01205031277620292,0.037492974752988115
FILD or FILA ADJUDICATED,combined,rs6736148_C_2,30,0.00797108563065108,6.341323404915295e-05,0.05258586263795153,0.0,0.04674311765061493,0.0032865296677056094,0.013380223590493859,0.03377012307059108,0.05258586263795153
FILD or FILA ADJUDICATED,combined,rs4672388_T_0,30,0.004259924876739718,0.00033482669671457745,0.03534074729861365,0.0,0.03516738457836298,0.0011572781200609136,0.008043267886757258,0.010617777327428307,0.03534074729861365
FILD or FILA ADJUDICATED,combined,rs4672388_T_1,30,0.011281665799803707,0.003503361176356719,0.07136513964387582,0.0,0.06877340005127021,0.00527673073124575,0.01839131926072135,0.025806047980600124,0.07136513964387582
FILD or FILA ADJUDICATED,combined,rs4672388_T_2,30,0.0048211600572416365,0.0018344863396051218,0.028661239881976622,0.0,0.021937966762834524,0.0025327254084293294,0.007646984207894868,0.012271170229401782,0.028661239881976622
FILD or FILA ADJUDICATED,combined,rs1123573_A_0,30,0.030623816465120208,0.023555236248438634,0.16584279877913322,0.0,0.11580411630381876,0.02075708617337006,0.04360315713691439,0.05293468052206595,0.16584279877913322
FILD or FILA ADJUDICATED,combined,rs1123573_A_1,30,0.0087274647073054,0.0025795307700665297,0.10148834444089151,0.0,0.05472729718426158,0.003473271392067434,0.017280264217670368,0.024932616594431502,0.10148834444089151
FILD or FILA ADJUDICATED,combined,rs1123573_A_2,30,0.008754010471864375,0.004730437562529135,0.06124135906676936,0.0,0.04112604731237482,0.004782218468208232,0.013650762429425393,0.019982569018995484,0.06124135906676936
FILD or FILA ADJUDICATED,combined,rs17007563_C_0,30,0.0002626106436470277,0.0,0.005602257878825179,0.0,0.003112443922869694,1.4490092570342807e-06,0.00070984638448587,4.3470277711028424e-05,0.005602257878825179
FILD or FILA ADJUDICATED,combined,rs17007563_C_1,30,0.002417516961790844,0.0,0.018776567675818125,0.0,0.015046643836711565,0.0010770400894023445,0.00407210135943669,0.007341648633481848,0.018776567675818125
FILD or FILA ADJUDICATED,combined,rs17007563_C_2,30,0.005108265914850199,0.0011177585195093671,0.04812680679429545,0.0,0.02946848824057197,0.002001153934620262,0.009193577968571542,0.013217147723110667,0.04812680679429545
FILD or FILA ADJUDICATED,combined,rs12713927_G_0,30,0.007815708412929272,0.0010140898047046026,0.07813824597588673,0.0,0.04259390922069013,0.003231965017752649,0.013797902213752973,0.015864947161856983,0.07813824597588673
FILD or FILA ADJUDICATED,combined,rs12713927_G_1,30,0.0132498487586416,0.004671694613208011,0.06467205501791207,0.0,0.06081693006179555,0.007006040027682956,0.021730283282383116,0.053240576727745785,0.06467205501791207
FILD or FILA ADJUDICATED,combined,rs12713927_G_2,30,0.010312024745068895,0.005663379383532542,0.07457562229712009,0.0,0.050705772778922534,0.005579890853862499,0.016201176410423998,0.023103193783527733,0.07457562229712009
FILD or FILA ADJUDICATED,combined,rs11680126_C_0,30,0.004768203605466962,0.0007743861293423354,0.049858918697269716,0.0,0.027394011546264238,0.0017082114171818347,0.008925080955574682,0.013546545744688384,0.049858918697269716
FILD or FILA ADJUDICATED,combined,rs11680126_C_1,30,0.013699264115578324,0.004312383567787965,0.06173100816093715,0.0,0.059137940656773746,0.007459738380686974,0.02030514792237511,0.04717342055244414,0.06173100816093715
FILD or FILA ADJUDICATED,combined,rs11680126_C_2,30,0.01017272865857093,0.004027291059461592,0.048135900997852726,0.0,0.0454170524283088,0.00544528380136517,0.01559232539656622,0.04208794436578425,0.048135900997852726
FILD or FILA ADJUDICATED,combined,rs1669778_T_0,30,0.0,0.0,0.0,0.0,0.0,0.0,0.0,0.0,0.0
FILD or FILA ADJUDICATED,combined,rs1669778_T_1,30,0.00772390166054555,0.0038053824008498147,0.06350716889259435,0.0,0.04139064690141578,0.003964049415031193,0.012494846276989028,0.012883688904180656,0.06350716889259435
FILD or FILA ADJUDICATED,combined,rs1669778_T_2,30,0.0073931107361329945,0.002739015738364479,0.044161676908203884,0.0,0.03487325511197101,0.0036825409182392474,0.011908889965843524,0.030360041762571385,0.044161676908203884
FILD or FILA ADJUDICATED,combined,rs1488496_C_0,30,5.182935922401027e-05,0.0,0.001554880776720308,0.0,0.0004275922135980825,0.0,0.00015548807767203082,0.0,0.001554880776720308
FILD or FILA ADJUDICATED,combined,rs1488496_C_1,30,0.007708803687555151,0.00376212741533832,0.05113547158130979,0.0,0.03338275936754943,0.004337178082447891,0.011572436426039504,0.017899808813345734,0.05113547158130979
FILD or FILA ADJUDICATED,combined,rs1488496_C_2,30,0.006041677194031309,0.0028698485421725416,0.039424421343017324,0.0,0.0354100682423324,0.0031490200044311484,0.009705767378752995,0.013774027415470999,0.039424421343017324
FILD or FILA ADJUDICATED,combined,rs56387623_T_0,30,0.0010717366155792098,0.0,0.01927404915527744,0.0,0.009597458817224304,0.00011601639743624365,0.002461775361109352,0.0009271878176309524,0.01927404915527744
FILD or FILA ADJUDICATED,combined,rs56387623_T_1,30,0.009818306852263493,0.0028318688251050615,0.05161902802454609,0.0,0.04251921346488897,0.005332687879040482,0.014941760777167912,0.022608277043741888,0.05161902802454609
FILD or FILA ADJUDICATED,combined,rs56387623_T_2,30,0.010641671039725194,0.004036288398580402,0.09297353612234806,0.0,0.04776130943767731,0.005211771362270224,0.01820975112007113,0.02583289097908396,0.09297353612234806
FILD or FILA ADJUDICATED,combined,rs2361278_T_0,30,0.002243270779148748,0.0009096582147576832,0.02439166097794469,0.0,0.015224416469617712,0.0009143589130785191,0.004358674893055969,0.004292032593943178,0.02439166097794469
FILD or FILA ADJUDICATED,combined,rs2361278_T_1,30,0.015020434216007515,0.0037126217419701565,0.08409347740501963,0.0,0.07953546739534391,0.006618989763264813,0.024307958591574603,0.06824900977969342,0.08409347740501963
FILD or FILA ADJUDICATED,combined,rs2361278_T_2,30,0.010175375599335434,0.004847822912552152,0.04043174925632461,0.0,0.038696307999970134,0.0061942729281885605,0.014851905785978352,0.028115271157631478,0.04043174925632461
FILD or FILA ADJUDICATED,combined,rs79252367_G_0,30,1.857370045280634e-06,0.0,5.572110135841902e-05,0.0,1.532330287356515e-05,0.0,5.572110135841902e-06,0.0,5.572110135841902e-05
FILD or FILA ADJUDICATED,combined,rs79252367_G_1,30,0.03422783672933282,0.02045974502310345,0.1522192384675283,0.0,0.13830063069497672,0.021990482793202783,0.04865950374003632,0.08058249438104859,0.1522192384675283
FILD or FILA ADJUDICATED,combined,rs79252367_G_2,30,0.03633836563195589,0.021933476203335762,0.16639910150622056,0.0,0.12287130258975759,0.022378177563810678,0.050392036183693596,0.0822877687152441,0.16639910150622056
FILD or FILA ADJUDICATED,combined,rs1479945_C_0,30,0.006754492474643734,0.0008367023756810088,0.05893679562286065,0.0,0.04055215377050642,0.0027261664378121753,0.012024485068928911,0.025662565756197832,0.05893679562286065
FILD or FILA ADJUDICATED,combined,rs1479945_C_1,30,0.007383693876292567,0.0027454837540212156,0.03699773640686748,0.0,0.0322245801647865,0.004320236421908317,0.010776940839736553,0.019553254763397143,0.03699773640686748
FILD or FILA ADJUDICATED,combined,rs1479945_C_2,30,0.01216435108308684,0.004122862456599912,0.11352516482339577,0.0,0.10131437129523917,0.004779086065103098,0.02253337352714287,0.01621926929377499,0.11352516482339577
FILD or FILA ADJUDICATED,combined,rs1015097_A_0,30,0.016914553748912486,0.0067530876556217406,0.12265308277865801,0.0,0.06448927372905269,0.009422290841781278,0.026622054217644187,0.03754987151355806,0.12265308277865801
FILD or FILA ADJUDICATED,combined,rs1015097_A_1,30,0.012645247491333729,0.004817249828375744,0.05178412600677531,0.0,0.04991241240903242,0.007466822216460681,0.018502194597591386,0.03410211393974371,0.05178412600677531
FILD or FILA ADJUDICATED,combined,rs1015097_A_2,30,0.006248369992024211,0.0031194944779437757,0.06477047616418491,0.0,0.031717082273162216,0.0030226749001091894,0.011171093069900372,0.011419206993346425,0.06477047616418491
FILD or FILA ADJUDICATED,combined,rs4680134_C_0,30,0.007620197455941271,0.0014057411927926615,0.11702755582054127,0.0,0.059137612431777606,0.0020250189655218343,0.017655260207363695,0.013366432261847127,0.11702755582054127
FILD or FILA ADJUDICATED,combined,rs4680134_C_1,30,0.024429390152238648,0.006544097836467901,0.2682540899668256,0.0,0.1658242490974433,0.008469483587475693,0.04693951234637594,0.05074319506322091,0.2682540899668256
FILD or FILA ADJUDICATED,combined,rs4680134_C_2,30,0.007339813926984157,0.005018893619000311,0.03454045738927668,0.0,0.028174248147059183,0.004549234938224909,0.010548466603626747,0.016722421347121534,0.03454045738927668
FILD or FILA ADJUDICATED,combined,rs76160568_A_0,30,0.0,0.0,0.0,0.0,0.0,0.0,0.0,0.0,0.0
FILD or FILA ADJUDICATED,combined,rs76160568_A_1,30,0.000874243345188362,0.0,0.009061252213628884,0.0,0.006900222887331183,0.0002047850746638162,0.0017736951385613358,0.0019296688350975797,0.009061252213628884
FILD or FILA ADJUDICATED,combined,rs76160568_A_2,30,0.008050938665881418,0.002316672608355206,0.04266901195494219,0.0,0.039347838144439096,0.0041226645489709736,0.012456858950723888,0.019897455547745257,0.04266901195494219
FILD or FILA ADJUDICATED,combined,rs10776482_A_0,30,0.023528812645904954,0.009481865728080723,0.09821843878750977,0.0,0.08173906557461919,0.013891743949496486,0.03391512560696404,0.07387020866723193,0.09821843878750977
FILD or FILA ADJUDICATED,combined,rs10776482_A_1,30,0.014488449808174049,0.006896465798541184,0.11830364139532884,0.0,0.089311182089501,0.0068896441500284206,0.02443190075396148,0.02515884671382551,0.11830364139532884
FILD or FILA ADJUDICATED,combined,rs10776482_A_2,30,0.009293070887967625,0.0026531433727624535,0.05881603835439756,0.0,0.0427946224449958,0.004937911357280633,0.014690913586259043,0.02413317902843897,0.05881603835439756
FILD or FILA ADJUDICATED,combined,rs56111559_G_0,30,0.0023688941834540175,0.0007328949320426466,0.01537871335311888,0.0,0.011094686284974608,0.0012711240005019867,0.0035509466860318534,0.005855664144800211,0.01537871335311888
FILD or FILA ADJUDICATED,combined,rs56111559_G_1,30,0.0077955875369604645,0.003855259577295706,0.03953938430823327,0.0,0.03821146453708817,0.004123177172043338,0.01192264208331714,0.022502052646845447,0.03953938430823327
FILD or FILA ADJUDICATED,combined,rs56111559_G_2,30,0.00694301520909753,0.0022189969538840017,0.03872732013956539,0.0,0.029512154933664676,0.003922862737071616,0.010680633761543115,0.021233654217811582,0.03872732013956539
FILD or FILA ADJUDICATED,combined,rs146764446_A_0,30,0.0,0.0,0.0,0.0,0.0,0.0,0.0,0.0,0.0
FILD or FILA ADJUDICATED,combined,rs146764446_A_1,30,0.001140068842019005,2.296332511940356e-05,0.011796390498962911,0.0,0.007939701657333374,0.00044769828645525015,0.00217612073113414,0.002559960516366147,0.011796390498962911
FILD or FILA ADJUDICATED,combined,rs146764446_A_2,30,0.0011865436337712297,0.0,0.022242388759221444,0.0,0.008882533513748143,0.00018264442963259231,0.002963775627866207,0.002573166362899696,0.022242388759221444
FILD or FILA ADJUDICATED,combined,rs2609255_T_0,30,0.0036248317592689097,0.001378061880612914,0.03745599646543814,0.0,0.022560988529096323,0.001481466475560956,0.00636462445669833,0.0064492041700528364,0.03745599646543814
FILD or FILA ADJUDICATED,combined,rs2609255_T_1,30,0.008089823194600996,0.002325617541745219,0.04224799497773723,0.0,0.033153744800236,0.004473186381659227,0.011974029452205588,0.023556142756634434,0.04224799497773723
FILD or FILA ADJUDICATED,combined,rs2609255_T_2,30,0.00489796869789296,0.003131481336070928,0.020050873937213755,0.0,0.017869517394536526,0.0031087970080304135,0.00713604879695316,0.011971115376178202,0.020050873937213755
FILD or FILA ADJUDICATED,combined,rs2609260_T_0,30,0.002672188764814631,0.001219220883545332,0.018514650472276125,0.0,0.01286789518205287,0.0013527747673744656,0.004203174855002228,0.008173593692158391,0.018514650472276125
FILD or FILA ADJUDICATED,combined,rs2609260_T_1,30,0.006445070715902621,0.0031072169445429156,0.030349197271475083,0.0,0.02972206396017302,0.0035419463460718667,0.009705632653358385,0.016634957217568535,0.030349197271475083
FILD or FILA ADJUDICATED,combined,rs2609260_T_2,30,0.007322310600840889,0.0029747086111365333,0.03680322118523355,0.0,0.028096959549886745,0.004422688633769122,0.010994239101848218,0.02281623862137939,0.03680322118523355
FILD or FILA ADJUDICATED,combined,rs756345_G_0,30,0.01906514164744975,0.007904675795589386,0.12268863470843352,0.0,0.10227846481131535,0.009761547338740005,0.03133616676746514,0.03733627995857508,0.12268863470843352
FILD or FILA ADJUDICATED,combined,rs756345_G_1,30,0.010871550839024448,0.004809500121477808,0.05633932063910743,0.0,0.04502632886546047,0.006249448339812493,0.016180412791813883,0.02766497043334736,0.05633932063910743
FILD or FILA ADJUDICATED,combined,rs756345_G_2,30,0.012984294907133266,0.004786897004997336,0.08273894549705106,0.0,0.07429090142081388,0.006702712527254179,0.020991527489586822,0.026734590632955857,0.08273894549705106
FILD or FILA ADJUDICATED,combined,rs6532150_G_0,30,0.0,0.0,0.0,0.0,0.0,0.0,0.0,0.0,0.0
FILD or FILA ADJUDICATED,combined,rs6532150_G_1,30,0.0030197409367429826,0.001970661913830909,0.01662912722873792,0.0,0.01500947779068425,0.0017591381646656192,0.004477649696611788,0.006518583754819598,0.01662912722873792
FILD or FILA ADJUDICATED,combined,rs6532150_G_2,30,0.0041341184677288765,0.00033199200302321024,0.030434188106833012,0.0,0.024900412744637574,0.0019141817747826495,0.007392878001046008,0.015191535714307017,0.030434188106833012
FILD or FILA ADJUDICATED,combined,rs144128391_T_0,30,0.0,0.0,0.0,0.0,0.0,0.0,0.0,0.0,0.0
FILD or FILA ADJUDICATED,combined,rs144128391_T_1,30,0.0016314235658496518,0.0,0.011479682304320551,0.0,0.011033937825771046,0.0006189916034544414,0.0028575551817946188,0.005953581352710681,0.011479682304320551
FILD or FILA ADJUDICATED,combined,rs144128391_T_2,30,0.0067558755845030325,0.0,0.05000107977385727,0.0,0.03731137549205526,0.0027500918448542435,0.01074056376462579,0.018809064663112184,0.05000107977385727
FILD or FILA ADJUDICATED,combined,rs148877274_T_0,30,0.0,0.0,0.0,0.0,0.0,0.0,0.0,0.0,0.0
FILD or FILA ADJUDICATED,combined,rs148877274_T_1,30,0.00027739489410785046,4.167096918887244e-05,0.002388442744221133,0.0,0.0014351939098438398,0.0001235784919237064,0.0004771961435443859,0.0005646208702544627,0.002388442744221133
FILD or FILA ADJUDICATED,combined,rs148877274_T_2,30,8.950870290686592e-05,0.0,0.000772691427313824,0.0,0.0004937196184739471,3.1254532421138416e-05,0.00015342527611056662,0.00032922609749635193,0.000772691427313824
FILD or FILA ADJUDICATED,combined,rs145802912_A_0,30,0.0,0.0,0.0,0.0,0.0,0.0,0.0,0.0,0.0
FILD or FILA ADJUDICATED,combined,rs145802912_A_1,30,0.0,0.0,0.0,0.0,0.0,0.0,0.0,0.0,0.0
FILD or FILA ADJUDICATED,combined,rs145802912_A_2,30,0.0,0.0,0.0,0.0,0.0,0.0,0.0,0.0,0.0
FILD or FILA ADJUDICATED,combined,rs151036604_T_0,30,0.0,0.0,0.0,0.0,0.0,0.0,0.0,0.0,0.0
FILD or FILA ADJUDICATED,combined,rs151036604_T_1,30,0.0008882054552824271,0.0,0.010477732869543495,0.0,0.006147775290970553,0.0002617976112362119,0.0017850569013116366,0.002799190027441137,0.010477732869543495
FILD or FILA ADJUDICATED,combined,rs151036604_T_2,30,0.0027628314552833938,0.0,0.01832353212961621,0.0,0.01611478528864581,0.0011707708614685476,0.004684518971757353,0.010420354188117478,0.01832353212961621
FILD or FILA ADJUDICATED,combined,rs1422506_G_0,30,0.007644840123068737,0.0034094133595187373,0.10116803732563538,0.0,0.04422602504531563,0.00309900865933123,0.015094720977195593,0.010513315629730539,0.10116803732563538
FILD or FILA ADJUDICATED,combined,rs1422506_G_1,30,0.016522167957137873,0.010866399796822137,0.06910172000143064,0.0,0.052051369254385596,0.010256637953227263,0.02262510817483508,0.03867627684465838,0.06910172000143064
FILD or FILA ADJUDICATED,combined,rs1422506_G_2,30,0.05586480124827661,0.045203176454398857,0.21969973542757606,0.004027172415350935,0.1611240791506563,0.03908581027682179,0.07434593246900568,0.13121206209936215,0.21969973542757606
FILD or FILA ADJUDICATED,combined,rs34625679_T_0,30,0.0,0.0,0.0,0.0,0.0,0.0,0.0,0.0,0.0
FILD or FILA ADJUDICATED,combined,rs34625679_T_1,30,0.0019760408490739167,0.0,0.023850389133935862,0.0,0.014512869085165674,0.0005994380280078239,0.0038621862388601067,0.005297964324516407,0.023850389133935862
FILD or FILA ADJUDICATED,combined,rs34625679_T_2,30,0.002927220820301295,0.0,0.03463296162927461,0.0,0.02219126542920247,0.0009518189726896519,0.0057187813811998035,0.007017275527363612,0.03463296162927461
FILD or FILA ADJUDICATED,combined,rs7730878_A_0,30,0.009636580854201493,0.005341356319156974,0.07728360747322059,0.0,0.053679170539043364,0.0046387880232223455,0.015807004426947352,0.01889660380067788,0.07728360747322059
FILD or FILA ADJUDICATED,combined,rs7730878_A_1,30,0.01474330494558621,0.006492359428585112,0.06143436976180258,0.0,0.05597931002796609,0.008846888309230933,0.021254113424294317,0.043325144357695265,0.06143436976180258
FILD or FILA ADJUDICATED,combined,rs7730878_A_2,30,0.01645902187453187,0.007495649788581341,0.06882614712331413,0.0,0.06140647985092742,0.010235387091762844,0.024653035080542594,0.05638240967641619,0.06882614712331413
FILD or FILA ADJUDICATED,combined,rs7725218_G_0,30,0.008342739755148208,0.002367801616494491,0.061491294103579966,0.0,0.040974748185178926,0.004377672459325684,0.013061688019168417,0.019938350798873898,0.061491294103579966
FILD or FILA ADJUDICATED,combined,rs7725218_G_1,30,0.006557215552119148,0.003188862996538669,0.03704701401188869,0.0,0.03488534306432624,0.003253232825777718,0.010426120493718497,0.018379155084231272,0.03704701401188869
FILD or FILA ADJUDICATED,combined,rs7725218_G_2,30,0.012381871627025025,0.0037068395977213637,0.06395158514502672,0.0,0.0561596378305978,0.006825870767509653,0.01870928291661493,0.030600410725860686,0.06395158514502672
FILD or FILA ADJUDICATED,combined,rs2736100_A_0,30,0.006474338557346486,0.004320863546828889,0.033847102448552,0.0,0.02451818687465004,0.004001284171411149,0.009533265139339886,0.012355367559748144,0.033847102448552
FILD or FILA ADJUDICATED,combined,rs2736100_A_1,30,0.033012709388293954,0.015846919999802665,0.113797655267019,0.0010198852222638344,0.1110737728050415,0.021165380018463617,0.0463472906919821,0.10650652761423561,0.113797655267019
FILD or FILA ADJUDICATED,combined,rs2736100_A_2,30,0.016906211933073637,0.006627085965604662,0.08573187795952811,0.0,0.06010174735561921,0.009853707382984349,0.024513461682656223,0.04306178214754958,0.08573187795952811
FILD or FILA ADJUDICATED,combined,rs72722911_G_0,30,9.806420440088045e-05,0.0,0.0029419261320264133,0.0,0.0008090296863072595,0.0,0.0002941926132026413,0.0,0.0029419261320264133
FILD or FILA ADJUDICATED,combined,rs72722911_G_1,30,0.007304935774901996,0.0049941973530677995,0.06365923848725141,0.0,0.029644400479434938,0.004118363596606048,0.012071380927867968,0.014126259780026336,0.06365923848725141
FILD or FILA ADJUDICATED,combined,rs72722911_G_2,30,0.009193692661912858,0.002754681419895994,0.0604475015044984,0.0,0.039253158192786915,0.0051428583916763885,0.014467999910766057,0.020700205409279096,0.0604475015044984
FILD or FILA ADJUDICATED,combined,rs77144736_C_0,30,0.0,0.0,0.0,0.0,0.0,0.0,0.0,0.0,0.0
FILD or FILA ADJUDICATED,combined,rs77144736_C_1,30,0.0015554816159704565,9.323379416597631e-06,0.017181878877263825,0.0,0.012259382971889249,0.00044188785955158786,0.0030640226502568384,0.004094887605066297,0.017181878877263825
FILD or FILA ADJUDICATED,combined,rs77144736_C_2,30,0.0006504862813182556,0.0,0.006801140630244084,0.0,0.005938661699172299,0.00017115946667763227,0.0012619619330625053,0.0016734818750124482,0.006801140630244084
FILD or FILA ADJUDICATED,combined,rs62354543_A_0,30,0.0004371923496715067,0.0,0.005784023832888607,0.0,0.005186855533590188,2.0881156169256325e-05,0.0009463842112677962,0.0003546640943427919,0.005784023832888607
FILD or FILA ADJUDICATED,combined,rs62354543_A_1,30,0.0051616852291424915,0.00286166324984831,0.02955901635935523,0.0,0.025643684212259717,0.0029218244122360473,0.007879505562546478,0.01673147859922479,0.02955901635935523
FILD or FILA ADJUDICATED,combined,rs62354543_A_2,30,0.0032486964921148746,0.003160397122404463,0.009945724312377903,0.0,0.009338491621768457,0.0021088711891569484,0.004371956288673627,0.007952313781127514,0.009945724312377903
FILD or FILA ADJUDICATED,combined,rs72755986_C_0,30,0.0,0.0,0.0,0.0,0.0,0.0,0.0,0.0,0.0
FILD or FILA ADJUDICATED,combined,rs72755986_C_1,30,0.0006083322404933328,0.0,0.014024244471802108,0.0,0.0044860792229564845,7.921402920553425e-05,0.0015763572144643512,0.0006419546887795453,0.014024244471802108
FILD or FILA ADJUDICATED,combined,rs72755986_C_2,30,0.00022558153236188933,0.0,0.0022865792700685066,0.0,0.00197152238091345,4.1661154932871044e-05,0.0004554635753014803,0.0008615583355329908,0.0022865792700685066
FILD or FILA ADJUDICATED,combined,rs72762052_C_0,30,0.0001340597130165195,0.0,0.003415371297690704,0.0,0.0012063522739049267,4.687847218231629e-06,0.00039778892746519324,7.031770827347444e-05,0.003415371297690704
FILD or FILA ADJUDICATED,combined,rs72762052_C_1,30,0.00691747211861525,0.0032124911296177853,0.05861154902750805,0.0,0.029438415327804536,0.003558412038509547,0.01151286279349711,0.01675444398498187,0.05861154902750805
FILD or FILA ADJUDICATED,combined,rs72762052_C_2,30,0.006072542678919062,0.0020958949345890993,0.03652921161582276,0.0,0.023229513806216497,0.0033825403878863735,0.009107122750220603,0.014480295022734844,0.03652921161582276
FILD or FILA ADJUDICATED,combined,rs116575227_A_0,30,0.0,0.0,0.0,0.0,0.0,0.0,0.0,0.0,0.0
FILD or FILA ADJUDICATED,combined,rs116575227_A_1,30,0.0016479348734394488,0.0,0.017615857339241495,0.0,0.015984545613054745,0.0003512540213889727,0.003329467808450923,0.003942364119520877,0.017615857339241495
FILD or FILA ADJUDICATED,combined,rs116575227_A_2,30,0.005913291730306382,0.0,0.0605318622808755,0.0,0.043948222900620997,0.0015947765191661747,0.011480876261957297,0.013626605819939692,0.0605318622808755
FILD or FILA ADJUDICATED,combined,rs469942_C_0,30,0.01322272424221141,0.0031519937364607306,0.10370870684735935,0.0,0.08850406588148418,0.005723928144390824,0.02275550350452621,0.03929754911146402,0.10370870684735935
FILD or FILA ADJUDICATED,combined,rs469942_C_1,30,0.01124313790518569,0.005741039055934414,0.10720347241576002,0.0,0.05503756005907916,0.005719085407774504,0.01981413694640275,0.022247712828473723,0.10720347241576002
FILD or FILA ADJUDICATED,combined,rs469942_C_2,30,0.011856619153272397,0.006642590349954555,0.05211955466718285,0.0,0.05031064514200166,0.006918792157775395,0.01746872330703219,0.03155795736546262,0.05211955466718285
FILD or FILA ADJUDICATED,combined,rs2228972_G_0,30,0.002910987544440798,0.000453620085760642,0.022089625042504314,0.0,0.016457218565670367,0.0013521364560326035,0.004879491217365867,0.009418025373537722,0.022089625042504314
FILD or FILA ADJUDICATED,combined,rs2228972_G_1,30,0.01866476953099273,0.01339686042086476,0.0799336955865114,0.0,0.06374679704969405,0.011756448561001838,0.025829718679186663,0.045972820938541575,0.0799336955865114
FILD or FILA ADJUDICATED,combined,rs2228972_G_2,30,0.029366397161768452,0.014479560278365743,0.11602185733502045,0.0,0.1016637363062016,0.019131915835307323,0.03961317646207619,0.06644266187075758,0.11602185733502045
FILD or FILA ADJUDICATED,combined,rs12658068_G_0,30,0.000280105663855683,0.0,0.006534790571099038,0.0,0.0026111960594355807,1.8477072112257073e-05,0.0007378185552719677,0.0001885931762638648,0.006534790571099038
FILD or FILA ADJUDICATED,combined,rs12658068_G_1,30,0.01545948918755196,0.008010412040904205,0.06794004353767137,0.0,0.06163884277443134,0.009324417906921305,0.022025753410916046,0.04376684634032657,0.06794004353767137
FILD or FILA ADJUDICATED,combined,rs12658068_G_2,30,0.009860353273358675,0.004243762190882763,0.05659460510017371,0.0,0.04562961472276782,0.005735800461848228,0.015212061147564558,0.02697785406114469,0.05659460510017371
FILD or FILA ADJUDICATED,combined,rs1423029_A_0,30,0.01917519884951081,0.01187317518069014,0.07530146124215717,0.0,0.06776358938697108,0.011634577782107932,0.02742412821372635,0.053531442440533226,0.07530146124215717
FILD or FILA ADJUDICATED,combined,rs1423029_A_1,30,0.013425559695272229,0.006562913212594333,0.05038324921419448,0.0,0.047208428088102966,0.008106012959513123,0.019206195604552584,0.041160901115233337,0.05038324921419448
FILD or FILA ADJUDICATED,combined,rs1423029_A_2,30,0.013647043732488654,0.005577124378195946,0.09512935691237887,0.0,0.0803448449834528,0.006826374525362205,0.022238522891259778,0.03160249662988463,0.09512935691237887
FILD or FILA ADJUDICATED,combined,rs13183751_G_0,30,0.017569686228123826,0.005247144850160595,0.07560619963254642,0.0,0.07490415612111759,0.009479076299889753,0.02700407024182191,0.05112525199674853,0.07560619963254642
FILD or FILA ADJUDICATED,combined,rs13183751_G_1,30,0.07782124740711735,0.05645643074974445,0.30654492471844647,0.002832337974237205,0.30569464492756493,0.053452283407873745,0.10826736960076166,0.17769440125715272,0.30654492471844647
FILD or FILA ADJUDICATED,combined,rs13183751_G_2,30,0.006313378599648172,0.0034682929083792685,0.03913144169629816,0.0,0.03136107191324951,0.00360876570803186,0.009810944731850593,0.012062706999340509,0.03913144169629816
FILD or FILA ADJUDICATED,combined,rs6899532_G_0,30,2.1692835577108723e-05,0.0,0.0006507850673132617,0.0,0.00017896589351114604,0.0,6.507850673132617e-05,0.0,0.0006507850673132617
FILD or FILA ADJUDICATED,combined,rs6899532_G_1,30,0.010862742989785104,0.0013028786645750347,0.07966105296710768,0.0,0.06583400476294814,0.004902766199755983,0.01819955179845477,0.0341269844659386,0.07966105296710768
FILD or FILA ADJUDICATED,combined,rs6899532_G_2,30,0.0041765110068033495,0.0,0.08619218862276992,0.0,0.030007354026266142,0.0006951854608886849,0.010281023233156217,0.005624319828549187,0.08619218862276992
FILD or FILA ADJUDICATED,combined,rs10484326_T_0,30,0.005565260161892081,0.001697822037448169,0.04171937909968877,0.0,0.028087723279301573,0.002562087494444438,0.008810401819283106,0.014483185179710822,0.04171937909968877
FILD or FILA ADJUDICATED,combined,rs10484326_T_1,30,0.009384584611382465,0.004539229101427291,0.057874072513210195,0.0,0.04827796301699165,0.004879232332560079,0.014372353172079744,0.02559488720367137,0.057874072513210195
FILD or FILA ADJUDICATED,combined,rs10484326_T_2,30,0.008454369040719873,0.004397731281317364,0.061768900668167544,0.0,0.05835077696734217,0.003925693579340697,0.014433327419898489,0.015945374904108096,0.061768900668167544
FILD or FILA ADJUDICATED,combined,rs2076295_T_0,30,0.03915047107198733,0.021396625924964933,0.20313327125374336,0.0,0.18091598076316334,0.022675260848577877,0.05983589256685811,0.07026807179828437,0.20313327125374336
FILD or FILA ADJUDICATED,combined,rs2076295_T_1,30,0.026513277588196337,0.004530644023888428,0.19284525145919595,0.0,0.13279331689901247,0.012889091549524037,0.04422007505829432,0.09130866507847506,0.19284525145919595
FILD or FILA ADJUDICATED,combined,rs2076295_T_2,30,0.0077866472851084246,0.0032884549765201474,0.04720420982167034,0.0,0.038050660645380104,0.004217443295842604,0.011840300270136503,0.01727445225645692,0.04720420982167034
FILD or FILA ADJUDICATED,combined,rs3778337_G_0,30,0.0037554744869340525,0.0013136660564371369,0.02265773895640629,0.0,0.016731481476077215,0.0022366936451756266,0.005716254974521266,0.010704959997420336,0.02265773895640629
FILD or FILA ADJUDICATED,combined,rs3778337_G_1,30,0.01616011678881547,0.002875037398295039,0.07175723869709005,0.0,0.07112272423228153,0.00841540606696504,0.024642531495440635,0.06126122523162349,0.07175723869709005
FILD or FILA ADJUDICATED,combined,rs3778337_G_2,30,0.0285248484542126,0.019574635232571795,0.12593874008271885,0.0,0.12010377746665246,0.01683710949749513,0.041456081897460896,0.09278214377855214,0.12593874008271885
FILD or FILA ADJUDICATED,combined,rs4960330_T_0,30,0.013494179548119664,0.008528244884963168,0.06486881418625555,0.0,0.06205858357483458,0.007620314262856991,0.02022676998225062,0.037649748720742816,0.06486881418625555
FILD or FILA ADJUDICATED,combined,rs4960330_T_1,30,0.01030617243101318,0.004285513970709301,0.04443001306170262,0.0,0.04174092723349313,0.005518988209444507,0.015805544454662233,0.039246130033994533,0.04443001306170262
FILD or FILA ADJUDICATED,combined,rs4960330_T_2,30,0.014298895434906114,0.004801580133992442,0.13122179963718097,0.0,0.06386098087769083,0.007542407270783934,0.023818342643287246,0.03328178003673326,0.13122179963718097
FILD or FILA ADJUDICATED,combined,rs148106529_G_0,30,0.0,0.0,0.0,0.0,0.0,0.0,0.0,0.0,0.0
FILD or FILA ADJUDICATED,combined,rs148106529_G_1,30,0.00101209273571125,0.0004909008716253628,0.006686707824041379,0.0,0.005167479546207253,0.0005540189635811118,0.0015831581126119713,0.0021281790715284776,0.006686707824041379
FILD or FILA ADJUDICATED,combined,rs148106529_G_2,30,0.002191838800239079,0.0,0.016271909972817217,0.0,0.014153971104172791,0.0008448432876166103,0.003724720756238811,0.007244675698563813,0.016271909972817217
FILD or FILA ADJUDICATED,combined,rs2071627_C_0,30,0.016498251854890452,0.006367832954433,0.09289336817591169,0.0,0.07936346371530406,0.009225975606575421,0.02435739799345694,0.0483546909707171,0.09289336817591169
FILD or FILA ADJUDICATED,combined,rs2071627_C_1,30,0.011812273379726153,0.005008596373924262,0.05902238838454011,0.0,0.05506528072602082,0.00664898708807654,0.017564872797599485,0.036378292812311475,0.05902238838454011
FILD or FILA ADJUDICATED,combined,rs2071627_C_2,30,0.016877841379080064,0.007468036608907977,0.1236771137277819,0.0,0.10946976238192967,0.0075606791465969774,0.027865558268456218,0.04965868427213862,0.1236771137277819
FILD or FILA ADJUDICATED,combined,rs3130157_G_0,30,0.0005627241440772879,0.0,0.004231302979017306,0.0,0.0030182968136843384,0.0002553641702417714,0.0009351296701869621,0.0015324609955339476,0.004231302979017306
FILD or FILA ADJUDICATED,combined,rs3130157_G_1,30,0.014229698762177351,0.006768643938273275,0.07906868518262516,0.0,0.060924371646488104,0.00799856802774901,0.02173326219346524,0.04341017264675852,0.07906868518262516
FILD or FILA ADJUDICATED,combined,rs3130157_G_2,30,0.01127939150668884,0.0023427911152596424,0.056995701423296095,0.0,0.05025508028897409,0.006281927574959154,0.01707755760423217,0.02630616863757434,0.056995701423296095
FILD or FILA ADJUDICATED,combined,rs56184452_G_0,30,2.3998347722311496e-07,0.0,7.199504316693449e-06,0.0,1.9798636870906884e-06,0.0,7.199504316693449e-07,0.0,7.199504316693449e-06
FILD or FILA ADJUDICATED,combined,rs56184452_G_1,30,0.0035042722731567434,0.0008606674607392387,0.020425076727642516,0.0,0.01690267469705108,0.001636942671844118,0.005490820508902419,0.009729768208219636,0.020425076727642516
FILD or FILA ADJUDICATED,combined,rs56184452_G_2,30,0.006141599502466582,0.0011591210621043342,0.046301806405218984,0.0,0.03051377764325846,0.0031534624387108932,0.010261845676676337,0.01736442103121029,0.046301806405218984
FILD or FILA ADJUDICATED,combined,rs75714781_G_0,30,0.0,0.0,0.0,0.0,0.0,0.0,0.0,0.0,0.0
FILD or FILA ADJUDICATED,combined,rs75714781_G_1,30,0.0030885986750931404,0.0,0.034701808496722164,0.0,0.02257510914945883,0.00095259466767389,0.005852292742409567,0.0071797122575485125,0.034701808496722164
FILD or FILA ADJUDICATED,combined,rs75714781_G_2,30,0.004610175143622797,0.0014463348693867359,0.025407419132051537,0.0,0.023768104148514525,0.0022381715663939957,0.007331957246264776,0.01815327756570895,0.025407419132051537
FILD or FILA ADJUDICATED,combined,rs11154034_T_0,30,0.013886764529273067,0.005299463842119043,0.07181270604136955,0.0,0.06604057095475119,0.006701105107915801,0.022423528730614053,0.03972729563902831,0.07181270604136955
FILD or FILA ADJUDICATED,combined,rs11154034_T_1,30,0.008278424821635226,0.003266336576618274,0.04143308237835837,0.0,0.03636418743843606,0.004716454026184917,0.012322645735395937,0.025986645190018427,0.04143308237835837
FILD or FILA ADJUDICATED,combined,rs11154034_T_2,30,0.040388816982981655,0.0185658704310996,0.20811547240119643,0.0,0.17907463818471325,0.022984017631888832,0.05967913657371513,0.0969251059041508,0.20811547240119643
FILD or FILA ADJUDICATED,combined,rs76931164_T_0,30,0.0,0.0,0.0,0.0,0.0,0.0,0.0,0.0,0.0
FILD or FILA ADJUDICATED,combined,rs76931164_T_1,30,0.001560118268141645,0.0,0.010380839343963898,0.0,0.008640440738961546,0.0006126954611575951,0.0027506238520816273,0.005688415351900306,0.010380839343963898
FILD or FILA ADJUDICATED,combined,rs76931164_T_2,30,0.0008127302282774564,0.0,0.013623561595401885,0.0,0.0053987309197357745,0.00019770591613152644,0.0018139717423164793,0.0020321610653378825,0.013623561595401885
FILD or FILA ADJUDICATED,combined,rs79242376_G_0,30,0.0004530965848921013,0.0,0.005482187935574105,0.0,0.0040772603755935485,0.00010462050390508327,0.0009319068814947902,0.0015201174124705068,0.005482187935574105
FILD or FILA ADJUDICATED,combined,rs79242376_G_1,30,0.01292005080853431,0.0018978621864065566,0.07284752105972085,0.0,0.0708104423408991,0.006219697698846204,0.02138032667749591,0.04756059966973455,0.07284752105972085
FILD or FILA ADJUDICATED,combined,rs79242376_G_2,30,0.012217887014645618,0.007782106353526631,0.05520863851424619,0.0,0.05478397535060497,0.007166268301063852,0.018075624755782786,0.03854371845354109,0.05520863851424619
FILD or FILA ADJUDICATED,combined,rs9397724_G_0,30,0.00010293108976740731,0.0,0.0017820749363476336,0.0,0.001145450766975514,0.0,0.00023872373816492503,0.0,0.0017820749363476336
FILD or FILA ADJUDICATED,combined,rs9397724_G_1,30,0.0032408065601479824,0.0002949401039769417,0.016936188684784456,0.0,0.014197352764597345,0.0017672804576850149,0.004870202189886366,0.010607006456340662,0.016936188684784456
FILD or FILA ADJUDICATED,combined,rs9397724_G_2,30,0.012294802382989693,0.003063836949169045,0.1518818365248144,0.0,0.0787233468253472,0.004382773876393626,0.02373618776588051,0.017025907373266244,0.1518818365248144
FILD or FILA ADJUDICATED,combined,rs35677769_G_0,30,7.725548601010516e-05,0.0,0.0017003371473931466,0.0,0.0006349570409949927,6.4239160818204935e-06,0.00019954323630304804,0.0001927174824546148,0.0017003371473931466
FILD or FILA ADJUDICATED,combined,rs35677769_G_1,30,0.01371763175096993,0.004681903091885816,0.08832571079565289,0.0,0.07209418600874297,0.006710448470661657,0.021986573177147105,0.04222414096579028,0.08832571079565289
FILD or FILA ADJUDICATED,combined,rs35677769_G_2,30,0.006984030814647586,0.0002941496636876416,0.04726760423080548,0.0,0.043491287212827925,0.0029589936302928718,0.01186913879592267,0.024949719807629032,0.04726760423080548
FILD or FILA ADJUDICATED,combined,rs12665063_A_0,30,0.0,0.0,0.0,0.0,0.0,0.0,0.0,0.0,0.0
FILD or FILA ADJUDICATED,combined,rs12665063_A_1,30,0.0014946877774818423,0.0004419403761940475,0.009184336250046495,0.0,0.007355005736040096,0.0008465328330926898,0.0023342922817707248,0.0034350252966821107,0.009184336250046495
FILD or FILA ADJUDICATED,combined,rs12665063_A_2,30,0.006406345390242375,0.0006562883796765038,0.07202632197925661,0.0,0.05840830546138658,0.0016883578489675438,0.013283602616413568,0.010711622331561532,0.07202632197925661
FILD or FILA ADJUDICATED,combined,rs6970647_T_0,30,0.014568122600875505,0.008654622992409381,0.08340372078753595,0.0,0.0595321450739692,0.008910720649128586,0.021067103734636262,0.02947151797238669,0.08340372078753595
FILD or FILA ADJUDICATED,combined,rs6970647_T_1,30,0.009953652805457906,0.00672851249073258,0.03610799325554591,0.0,0.033744375537216965,0.006552560046412946,0.013902613139402484,0.024408514580972217,0.03610799325554591
FILD or FILA ADJUDICATED,combined,rs6970647_T_2,30,0.009467513026682632,0.004656770408972972,0.04351366506628926,0.0,0.04027681631078967,0.005427870686877502,0.013798372040842609,0.02227717277535122,0.04351366506628926
FILD or FILA ADJUDICATED,combined,rs2726049_A_0,30,0.015189372389110672,0.008319821631461515,0.11185293099095656,0.0,0.06167289387978195,0.008532808667134916,0.024177785953043523,0.03715212452014698,0.11185293099095656
FILD or FILA ADJUDICATED,combined,rs2726049_A_1,30,0.05128427849178079,0.03651382418429129,0.19453254758322022,0.0,0.18399065051428096,0.03343465691687451,0.0714349680433986,0.11782087230130651,0.19453254758322022
FILD or FILA ADJUDICATED,combined,rs2726049_A_2,30,0.034098179785853756,0.024834433093868957,0.16150172496057674,0.0,0.1134954367946716,0.023103324532226955,0.0475942600647085,0.06779042604478558,0.16150172496057674
FILD or FILA ADJUDICATED,combined,rs34262641_A_0,30,0.0,0.0,0.0,0.0,0.0,0.0,0.0,0.0,0.0
FILD or FILA ADJUDICATED,combined,rs34262641_A_1,30,0.0006785691648887732,0.0,0.008947154809093354,0.0,0.004618889561722302,0.00022377742721730454,0.0013643555252968898,0.0013540802454283516,0.008947154809093354
FILD or FILA ADJUDICATED,combined,rs34262641_A_2,30,0.001501318300422929,0.0,0.036468634488529876,0.0,0.012008782881791297,0.000155357814998864,0.003995425440219023,0.0009224935218439893,0.036468634488529876
FILD or FILA ADJUDICATED,combined,rs2353082_C_0,30,0.005778320967231624,0.003315953169670503,0.040855629426402314,0.0,0.03737468508578696,0.002859306102890122,0.009199254423506322,0.010552192854834365,0.040855629426402314
FILD or FILA ADJUDICATED,combined,rs2353082_C_1,30,0.009906304593992351,0.0034861227874121888,0.12133082878917409,0.0,0.06084875668186431,0.003835885923615274,0.019157577912349958,0.016973427154512433,0.12133082878917409
FILD or FILA ADJUDICATED,combined,rs2353082_C_2,30,0.010115270141199758,0.004537432040257496,0.07431886031187632,0.0,0.05757807188696379,0.005063989839328917,0.01685294399112223,0.020101421749393854,0.07431886031187632
FILD or FILA ADJUDICATED,combined,rs4727443_C_0,30,0.01980184887529209,0.018784740171017448,0.0629268236566918,0.0,0.05348218498238567,0.014073885229835006,0.025767853452328567,0.038924030166796075,0.0629268236566918
FILD or FILA ADJUDICATED,combined,rs4727443_C_1,30,0.0200396197178987,0.005600919989918048,0.17498675489337412,0.0,0.13725006270994516,0.008401548257527152,0.034764597764318686,0.03430804554009114,0.17498675489337412
FILD or FILA ADJUDICATED,combined,rs4727443_C_2,30,0.022508591401127407,0.008832539731657742,0.14369272464432403,0.0,0.13106089861420725,0.010871362919852818,0.036487610667023114,0.07356534357057248,0.14369272464432403
FILD or FILA ADJUDICATED,combined,rs62505367_T_0,30,0.008120146873799682,0.002067080275865027,0.07690183055446329,0.0,0.04293619525373759,0.0036653921743985923,0.014814991993262956,0.0203686540025746,0.07690183055446329
FILD or FILA ADJUDICATED,combined,rs62505367_T_1,30,0.007085552954883185,0.003973613227217386,0.039638077376185306,0.0,0.03217596453131384,0.004148805306767768,0.010747500063119505,0.016134336262504365,0.039638077376185306
FILD or FILA ADJUDICATED,combined,rs62505367_T_2,30,0.011012518994238992,0.003606341363459654,0.03488352268009266,0.0,0.032720732082012774,0.00662572077291954,0.015520803600856429,0.029163541767112378,0.03488352268009266
FILD or FILA ADJUDICATED,combined,rs3887876_C_0,30,0.0002315958808792897,0.0,0.00427332229102861,0.0,0.0028388490130224556,7.050943003276762e-07,0.0005803147930559268,2.1152829009830286e-05,0.00427332229102861
FILD or FILA ADJUDICATED,combined,rs3887876_C_1,30,0.009676053686624561,0.004272661960978576,0.059504023108602505,0.0,0.052012627361430586,0.005352206408302677,0.015315840453642572,0.022754168939853048,0.059504023108602505
FILD or FILA ADJUDICATED,combined,rs3887876_C_2,30,0.00909813034311146,0.005186521883952341,0.04106712022324462,0.0,0.032437813366906036,0.005797993367875285,0.012911269528641592,0.024233664014097614,0.04106712022324462
FILD or FILA ADJUDICATED,combined,rs68170294_G_0,30,0.0033078340292090505,0.00027139717267845226,0.03418628059817686,0.0,0.020558434509533874,0.0012965199414846711,0.005923645512401843,0.00783636022298299,0.03418628059817686
FILD or FILA ADJUDICATED,combined,rs68170294_G_1,30,0.010268825491101445,0.005301632277835953,0.05025912621698059,0.0,0.04479121157646238,0.0062641972595803225,0.015369146809735557,0.035432958704570805,0.05025912621698059
FILD or FILA ADJUDICATED,combined,rs68170294_G_2,30,0.013921219234714675,0.007842467226251423,0.06964824074591416,0.0,0.06818199396660873,0.008164813561449095,0.0212894125841404,0.02868677806559277,0.06964824074591416
FILD or FILA ADJUDICATED,combined,rs74987898_C_0,30,0.00011219116544250903,0.0,0.0016446500790107,0.0,0.0014081165287746264,5.722958422715803e-06,0.00026379113533640667,8.617534354155955e-05,0.0016446500790107
FILD or FILA ADJUDICATED,combined,rs74987898_C_1,30,0.00597886193985092,0.002912005370574687,0.027880827941197003,0.0,0.025647008165109744,0.003548928714637474,0.008738647740862077,0.013331142110629914,0.027880827941197003
FILD or FILA ADJUDICATED,combined,rs74987898_C_2,30,0.005702442352523882,0.002080101032136933,0.06504008798657068,0.0,0.02645097713421446,0.002596455647889225,0.010695303808635552,0.010359830203306348,0.06504008798657068
FILD or FILA ADJUDICATED,combined,rs10976897_G_0,30,0.0,0.0,0.0,0.0,0.0,0.0,0.0,0.0,0.0
FILD or FILA ADJUDICATED,combined,rs10976897_G_1,30,0.00021292691804447762,0.0,0.005438719232611259,0.0,0.0017351590041366604,1.109874450067717e-05,0.0005865202101113694,0.00016648116751015755,0.005438719232611259
FILD or FILA ADJUDICATED,combined,rs10976897_G_2,30,0.001025832304452374,0.0,0.01975107550182367,0.0,0.008946906350393895,9.57392673681961e-05,0.0026026376545942253,0.0016160898684317384,0.01975107550182367
FILD or FILA ADJUDICATED,combined,rs62530710_G_0,30,9.411247205139816e-07,0.0,2.8233741615419448e-05,0.0,7.764278944240308e-06,0.0,2.8233741615419445e-06,0.0,2.8233741615419448e-05
FILD or FILA ADJUDICATED,combined,rs62530710_G_1,30,0.006761603333779321,0.0019557136748961906,0.034326620950984495,0.0,0.0330660945918223,0.003420964658803154,0.010660233736605936,0.02078406850611397,0.034326620950984495
FILD or FILA ADJUDICATED,combined,rs62530710_G_2,30,0.012966327560539092,0.008321493342497627,0.05498936046671286,0.0,0.04299782029313512,0.008394103656133342,0.018218048927975926,0.03455091537460193,0.05498936046671286
FILD or FILA ADJUDICATED,combined,rs10869195_A_0,30,4.5591814833786925e-06,0.0,9.20590344317902e-05,0.0,5.77356317691809e-05,0.0,1.2186997447817057e-05,0.0,9.20590344317902e-05
FILD or FILA ADJUDICATED,combined,rs10869195_A_1,30,0.005289017273569138,0.0008608689274956891,0.04405403937878633,0.0,0.03763315781774656,0.002132728933082468,0.009810052939497738,0.010853313010693167,0.04405403937878633
FILD or FILA ADJUDICATED,combined,rs10869195_A_2,30,0.006374464017572508,0.0023393726526285373,0.06911208377460508,0.0,0.035955120010075385,0.0027701566606781257,0.012124329326442624,0.014486801198946802,0.06911208377460508
FILD or FILA ADJUDICATED,combined,rs56744128_A_0,30,0.008609502996461108,0.0010142973753434555,0.07719809058941826,0.0,0.06095217170295824,0.0029154740293437383,0.01574066122495531,0.019126191663991775,0.07719809058941826
FILD or FILA ADJUDICATED,combined,rs56744128_A_1,30,0.010560652052748337,0.002813419896710281,0.09250580677292655,0.0,0.05628580394116167,0.004874404176116471,0.018267536084324677,0.025117141183983175,0.09250580677292655
FILD or FILA ADJUDICATED,combined,rs56744128_A_2,30,0.008488249183546338,0.002694605518039627,0.033620784774241616,0.0,0.030546700678441695,0.004923891959868288,0.012389828626772237,0.025204657957639015,0.033620784774241616
FILD or FILA ADJUDICATED,combined,rs1923802_T_0,30,0.0,0.0,0.0,0.0,0.0,0.0,0.0,0.0,0.0
FILD or FILA ADJUDICATED,combined,rs1923802_T_1,30,0.0037800503935226147,8.058372064295319e-05,0.049979520531193276,0.0,0.02561963553848391,0.0012383119972483776,0.007285211110245186,0.008265142358832824,0.049979520531193276
FILD or FILA ADJUDICATED,combined,rs1923802_T_2,30,0.0052175861636992674,0.0014022637665819233,0.031904084187812265,0.0,0.024322247406556828,0.0027725963555704828,0.008220466422896278,0.015240107379899129,0.031904084187812265
FILD or FILA ADJUDICATED,combined,rs1851741_G_0,30,0.02142551387341123,0.005704972570481909,0.19214021794848152,0.0,0.11553146466817737,0.009974714699157276,0.035846545448542703,0.05227299535935264,0.19214021794848152
FILD or FILA ADJUDICATED,combined,rs1851741_G_1,30,0.02740397670189436,0.008750608797443063,0.32116076789568654,0.0,0.1387671846263522,0.012211261794821616,0.0514158699283464,0.05592349430637754,0.32116076789568654
FILD or FILA ADJUDICATED,combined,rs1851741_G_2,30,0.012709240773610008,0.006402089589902311,0.08239563053463914,0.0,0.0614914878203788,0.006830386876686876,0.020137396477228727,0.02728875760028696,0.08239563053463914
FILD or FILA ADJUDICATED,combined,rs7041597_T_0,30,0.0035608576950213237,0.0021368400533316005,0.02804093938445831,0.0,0.016397387604546163,0.0019322151199502298,0.005761372180663099,0.007278897766998335,0.02804093938445831
FILD or FILA ADJUDICATED,combined,rs7041597_T_1,30,0.01686723172332171,0.008175641981943881,0.07942933768195753,0.0,0.07701270519707705,0.009766494904535105,0.02428321097655248,0.04010559864984424,0.07942933768195753
FILD or FILA ADJUDICATED,combined,rs7041597_T_2,30,0.018203459461213878,0.010572777971674368,0.14194857359912455,0.0,0.10346283493150368,0.009679207941357461,0.02971023404756841,0.026457684552336165,0.14194857359912455
FILD or FILA ADJUDICATED,combined,rs13299670_C_0,30,0.0,0.0,0.0,0.0,0.0,0.0,0.0,0.0,0.0
FILD or FILA ADJUDICATED,combined,rs13299670_C_1,30,0.0015312622602355213,0.0,0.030550450483710426,0.0,0.010817992396382611,0.0002966888648502915,0.003695054425125542,0.0018922935828092958,0.030550450483710426
FILD or FILA ADJUDICATED,combined,rs13299670_C_2,30,0.0018541650005530748,0.0,0.017452636851525465,0.0,0.01464347473962707,0.0005763589553809382,0.003573691947840077,0.006437061843265399,0.017452636851525465
FILD or FILA ADJUDICATED,combined,rs61829240_G_0,30,0.0,0.0,0.0,0.0,0.0,0.0,0.0,0.0,0.0
FILD or FILA ADJUDICATED,combined,rs61829240_G_1,30,0.0014748338280533122,0.0,0.009994303242107969,0.0,0.009360185616910235,0.0004948371926962327,0.0026454229101567496,0.007525379198594749,0.009994303242107969
FILD or FILA ADJUDICATED,combined,rs61829240_G_2,30,0.00652541735870048,0.0,0.06910664868315147,0.0,0.04368217446348973,0.001971239445982366,0.01240698118807196,0.020646748712549585,0.06910664868315147
FILD or FILA ADJUDICATED,combined,rs1189320_G_0,30,0.013029646752797394,0.006392584469842628,0.1251856107888112,0.0,0.06233919831111461,0.0069495020739165905,0.0222279552972983,0.021642192898485825,0.1251856107888112
FILD or FILA ADJUDICATED,combined,rs1189320_G_1,30,0.009774798026964017,0.004312943933821706,0.046882923135242886,0.0,0.04481049003640949,0.005802859709467523,0.0143901521738331,0.028591877167959495,0.046882923135242886
FILD or FILA ADJUDICATED,combined,rs1189320_G_2,30,0.017545214950698638,0.006484906818817322,0.13364767358491697,0.0,0.08133185079773901,0.00856305726270421,0.028623000911622405,0.049417926655888345,0.13364767358491697
FILD or FILA ADJUDICATED,combined,rs55672765_C_0,30,0.001655425589476211,0.000513539458428388,0.008197288720146589,0.0,0.0074735875711610935,0.0008421549893112034,0.002536213348816387,0.006664714888247644,0.008197288720146589
FILD or FILA ADJUDICATED,combined,rs55672765_C_1,30,0.023008117476078924,0.0101467159985386,0.12218732427100455,0.0,0.10507501503844761,0.01272563067065279,0.034108066615116873,0.06773899962183311,0.12218732427100455
FILD or FILA ADJUDICATED,combined,rs55672765_C_2,30,0.012948449749796465,0.003161802152085658,0.16540705790221136,0.0,0.0768717906655489,0.005389431040879393,0.025451689226259077,0.01951262085342007,0.16540705790221136
FILD or FILA ADJUDICATED,combined,rs34547036_C_0,30,1.7428536816321473e-05,0.0,0.00040558609727780624,0.0,0.00019655693197997878,0.0,5.228561044896441e-05,0.0,0.00040558609727780624
FILD or FILA ADJUDICATED,combined,rs34547036_C_1,30,0.030210088235866888,0.018629556773592695,0.10203468266585687,0.0,0.1014276771369092,0.020646784634651395,0.0414768110971608,0.07024695117627472,0.10203468266585687
FILD or FILA ADJUDICATED,combined,rs34547036_C_2,30,0.057991094775273824,0.029340306681002667,0.28751171265031966,0.0,0.2530737922147837,0.03442313013815213,0.0853455576615274,0.13662633453563897,0.28751171265031966
FILD or FILA ADJUDICATED,combined,rs10748858_T_0,30,0.01633623942081489,0.004161861878074399,0.16542251228139582,0.0,0.15096216178172361,0.005676088468948574,0.03161352845639519,0.025258026931519125,0.16542251228139582
FILD or FILA ADJUDICATED,combined,rs10748858_T_1,30,0.008741069597017549,0.004310955356846491,0.05058688937045052,0.0,0.03918207600203681,0.005224304711190223,0.012824117068548375,0.017896451485453522,0.05058688937045052
FILD or FILA ADJUDICATED,combined,rs10748858_T_2,30,0.009866109872134892,0.002960056139536824,0.0812788354578701,0.0,0.05104472068277267,0.005098779571174017,0.016028980538758585,0.024307263263683737,0.0812788354578701
FILD or FILA ADJUDICATED,combined,rs2067832_G_0,30,0.005274626815883975,0.0019452536989948148,0.024701955816970416,0.0,0.023753304406054478,0.0030942745431670545,0.007901550079926496,0.014297069906439877,0.024701955816970416
FILD or FILA ADJUDICATED,combined,rs2067832_G_1,30,0.010670815882530839,0.002129485580006747,0.10356409488980446,0.0,0.07820605032959008,0.0037514626655204067,0.019440902236020054,0.02428554920168536,0.10356409488980446
FILD or FILA ADJUDICATED,combined,rs2067832_G_2,30,0.004141578625893184,0.0011010103882224099,0.018393823207276262,0.0,0.01591056688135987,0.0022135585445477324,0.006216226094168099,0.013063895869892516,0.018393823207276262
FILD or FILA ADJUDICATED,combined,rs11191865_G_0,30,0.004000656597455444,0.0,0.042194193456472066,0.0,0.04123715601829326,0.0009638191535601131,0.008230663783769644,0.006548745314185738,0.042194193456472066
FILD or FILA ADJUDICATED,combined,rs11191865_G_1,30,0.005484309293960084,0.002784082839027929,0.04110248589244194,0.0,0.03838631980033846,0.0025199021864257235,0.009338289846535393,0.00750315396916942,0.04110248589244194
FILD or FILA ADJUDICATED,combined,rs11191865_G_2,30,0.0068804957286386125,0.001455818910718794,0.061595613174466206,0.0,0.05200916503490495,0.002468688429473403,0.012159495015076818,0.015512291909902507,0.061595613174466206
FILD or FILA ADJUDICATED,combined,rs4918072_G_0,30,0.004959097590646087,0.0013818156982875235,0.04959459171191896,0.0,0.0303971876140545,0.0019349874270868652,0.00920350089059831,0.013308292787887076,0.04959459171191896
FILD or FILA ADJUDICATED,combined,rs4918072_G_1,30,0.008724425440470583,0.003783997963459866,0.04506670091940522,0.0,0.036418820974382746,0.004718402599778169,0.01333374073454204,0.023014474461911405,0.04506670091940522
FILD or FILA ADJUDICATED,combined,rs4918072_G_2,30,0.018318871470839368,0.0055875696527862805,0.10266938513116206,0.0,0.07914071936545694,0.010115139864801136,0.028938907057492035,0.05984579876532261,0.10266938513116206
FILD or FILA ADJUDICATED,combined,rs10886437_C_0,30,0.0019528205285294054,0.0,0.02781223371169495,0.0,0.0140571295619236,0.00045543028236319266,0.0042181836673477234,0.005237902235414884,0.02781223371169495
FILD or FILA ADJUDICATED,combined,rs10886437_C_1,30,0.008007975499378126,0.003075239180785945,0.0641861033020597,0.0,0.03940762347317537,0.0041240570657596065,0.013586584823016765,0.017299863766548965,0.0641861033020597
FILD or FILA ADJUDICATED,combined,rs10886437_C_2,30,0.006826292514291978,0.002398800532049011,0.03598657203474997,0.0,0.031643023338764516,0.0037381963186447317,0.010278280490862903,0.016902412461367946,0.03598657203474997
FILD or FILA ADJUDICATED,combined,rs616768_G_0,30,0.006592098195863995,0.0031053762296042774,0.04064357717234195,0.0,0.036717813255629346,0.003516248963987471,0.010303515411673242,0.013209279363364971,0.04064357717234195
FILD or FILA ADJUDICATED,combined,rs616768_G_1,30,0.015692718285501717,0.0038948801157499113,0.10882887879821107,0.0,0.08498847299114748,0.007889144102015355,0.024946973356249093,0.04185002654777962,0.10882887879821107
FILD or FILA ADJUDICATED,combined,rs616768_G_2,30,0.021395301137984993,0.007033189656754781,0.18004626235683843,0.0,0.10571327300296775,0.010083737206110903,0.036169986175467746,0.05482841955662157,0.18004626235683843
FILD or FILA ADJUDICATED,combined,rs7942850_T_0,30,0.03378157411884411,0.013047485187811955,0.2127099721224184,0.0,0.18710706301885405,0.017174464881270723,0.05395629563411512,0.06462567364405361,0.2127099721224184
FILD or FILA ADJUDICATED,combined,rs7942850_T_1,30,0.01495896865127931,0.008561871909387123,0.10729349086298486,0.0,0.06865550764254306,0.008696212805258985,0.023852633473755668,0.033482031888851724,0.10729349086298486
FILD or FILA ADJUDICATED,combined,rs7942850_T_2,30,0.012254757307064611,0.005140190693114392,0.05306371366779324,0.0,0.0449272825715505,0.007190023054694033,0.01752927687787667,0.038559560331670524,0.05306371366779324
FILD or FILA ADJUDICATED,combined,rs7934606_C_0,30,0.020108423680003425,0.008271139811195025,0.12864073335170678,0.0,0.10091443649167334,0.010876383489890512,0.03136806125043468,0.05228218628838854,0.12864073335170678
FILD or FILA ADJUDICATED,combined,rs7934606_C_1,30,0.008888986085357825,0.005364044946828699,0.053168943523567824,0.0,0.03868565191879763,0.004987841404152515,0.013818384096196835,0.026175353674848544,0.053168943523567824
FILD or FILA ADJUDICATED,combined,rs7934606_C_2,30,0.015028254258039981,0.0061355753977894965,0.13076121170223517,0.0,0.07927262064424005,0.007052305384766259,0.025357796985578603,0.02518441601899709,0.13076121170223517
FILD or FILA ADJUDICATED,combined,rs4077759_T_0,30,0.0160005673529583,0.013782561059681874,0.06222948905198468,0.0,0.061637107753814105,0.010362084036725712,0.022321606364756035,0.02894202771682396,0.06222948905198468
FILD or FILA ADJUDICATED,combined,rs4077759_T_1,30,0.009204777455892288,0.004151400996503282,0.035611676189120645,0.0,0.03352768712043681,0.005479548754137496,0.01337629315476655,0.031084350309758813,0.035611676189120645
FILD or FILA ADJUDICATED,combined,rs4077759_T_2,30,0.04067669837416533,0.019511415943726844,0.17527174380084112,0.0,0.15689820810795774,0.025532471719468992,0.058143017779410874,0.10020244473421379,0.17527174380084112
FILD or FILA ADJUDICATED,combined,rs7952154_C_0,30,0.0032198891219636047,0.002225103216177129,0.01947962951006792,0.0,0.013917628002992646,0.0018780389280172198,0.004968906519444218,0.008534835684724705,0.01947962951006792
FILD or FILA ADJUDICATED,combined,rs7952154_C_1,30,0.014576780425855905,0.003170256952600284,0.09891087920329684,0.0,0.09086723429774077,0.006658126582034979,0.02468395822503373,0.04214622386735056,0.09891087920329684
FILD or FILA ADJUDICATED,combined,rs7952154_C_2,30,0.006395607352315693,0.0027987667635010465,0.04045696161689627,0.0,0.03205950026582738,0.0033219263797985375,0.010188020535596204,0.01789186474060187,0.04045696161689627
FILD or FILA ADJUDICATED,combined,rs34425120_G_0,30,9.123037512035196e-05,0.0,0.0020638147064243016,0.0,0.0010555440409767173,0.0,0.0002512545737881806,0.0,0.0020638147064243016
FILD or FILA ADJUDICATED,combined,rs34425120_G_1,30,0.006805216704894202,0.0023512085674006694,0.06000274911753859,0.0,0.03385811770123098,0.0032698088579692507,0.011614795607979261,0.019294387572852054,0.06000274911753859
FILD or FILA ADJUDICATED,combined,rs34425120_G_2,30,0.0030296056881558564,0.0,0.017434908068595937,0.0,0.013227005095560254,0.0015912056290695183,0.0046201400972550434,0.009255584452840278,0.017434908068595937
FILD or FILA ADJUDICATED,combined,rs35705950.1_G_0,30,0.0015895351283868502,5.2439872425191074e-05,0.014338032505243275,0.0,0.014180932862572713,0.0004293251405023351,0.0030443839890341557,0.004557953335200142,0.014338032505243275
FILD or FILA ADJUDICATED,combined,rs35705950.1_G_1,30,0.04886790954164513,0.027750173118170976,0.2502243242358342,0.0,0.18199386733072512,0.03279328552157208,0.06954907291404722,0.11129670956988325,0.2502243242358342
FILD or FILA ADJUDICATED,combined,rs35705950.1_G_2,30,0.1286541942792218,0.11749057557339472,0.3301776756490044,0.016969729547111366,0.2935711777851371,0.10119463343408461,0.15787268949663782,0.24413670204169363,0.3301776756490044
FILD or FILA ADJUDICATED,combined,rs2857476_C_0,30,0.004664854523738422,0.0006462049635990422,0.04434795546834343,0.0,0.03174538160870514,0.001910081060407753,0.008523500823993436,0.01134376457172995,0.04434795546834343
FILD or FILA ADJUDICATED,combined,rs2857476_C_1,30,0.004206070855089726,0.0024282465213267745,0.018851549635777787,0.0,0.018205129079937616,0.002524205146131644,0.006266349191973398,0.012332514168950356,0.018851549635777787
FILD or FILA ADJUDICATED,combined,rs2857476_C_2,30,0.007098880684106514,0.003624153301968098,0.038738371065003725,0.0,0.03300788567386206,0.003956125888350699,0.010267808367900004,0.016062988587473553,0.038738371065003725
FILD or FILA ADJUDICATED,combined,rs3829223_C_0,30,0.010628436683589957,0.0049488210784568495,0.049151467219121704,0.0,0.04060263030632019,0.006152393463974242,0.01563080233974636,0.026977572219759518,0.049151467219121704
FILD or FILA ADJUDICATED,combined,rs3829223_C_1,30,0.009458431410873009,0.005595202773174792,0.08794719636687932,0.0,0.04571545288943425,0.004668737806261893,0.015872017706594424,0.018929137773694264,0.08794719636687932
FILD or FILA ADJUDICATED,combined,rs3829223_C_2,30,0.008631670975690885,0.004782978686236132,0.03821091258253239,0.0,0.03588856243452492,0.005212286967316678,0.012687478388007482,0.0221652127655644,0.03821091258253239
FILD or FILA ADJUDICATED,combined,rs3750920_C_0,30,0.006692097591409576,0.00435967580218131,0.035523635961990485,0.0,0.026614702794925393,0.00405537724916079,0.009749507139784798,0.016991942395272804,0.035523635961990485
FILD or FILA ADJUDICATED,combined,rs3750920_C_1,30,0.006429998288917275,0.0014977384192510763,0.048475004423475423,0.0,0.03732331932880636,0.002996947087149117,0.010590088112453521,0.019175723295626522,0.048475004423475423
FILD or FILA ADJUDICATED,combined,rs3750920_C_2,30,0.015227607227893172,0.005714501179819127,0.07226470387509244,0.0,0.06194771087846403,0.008957824253202601,0.022496997075183735,0.039168800878729954,0.07226470387509244
FILD or FILA ADJUDICATED,combined,rs5743894_T_0,30,0.0010235427957614315,0.00044438669813474225,0.007150750762972198,0.0,0.005458727679229569,0.0005182317022824086,0.0016345615244126692,0.0026258454999782866,0.007150750762972198
FILD or FILA ADJUDICATED,combined,rs5743894_T_1,30,0.011082783922631022,0.0055322690488349285,0.05686731071883021,0.0,0.04064642787006649,0.00651813558665673,0.016703827642113117,0.03281506440852314,0.05686731071883021
FILD or FILA ADJUDICATED,combined,rs5743894_T_2,30,0.005684344463727334,0.002310281559669559,0.035036217164607565,0.0,0.02826437239912702,0.0031143210667244937,0.008854879264512262,0.015320827516947565,0.035036217164607565
FILD or FILA ADJUDICATED,combined,rs5743890_T_0,30,8.788016912185658e-05,0.0,0.0025797993035644004,0.0,0.0007504839917963968,0.0,0.00025991396083455934,0.0,0.0025797993035644004
FILD or FILA ADJUDICATED,combined,rs5743890_T_1,30,0.022661119655769838,0.009986640461852641,0.10248801356256977,0.0,0.10138337176633833,0.013716786301295945,0.03203413833706584,0.051865911892792826,0.10248801356256977
FILD or FILA ADJUDICATED,combined,rs5743890_T_2,30,0.04317822588670571,0.025720234183624402,0.1693792642255179,0.0,0.13738837603262335,0.028796809073763318,0.060147214549829166,0.10348937003697521,0.1693792642255179
FILD or FILA ADJUDICATED,combined,rs7122936_A_0,30,0.007832494469447828,0.0016688777136586231,0.05379383056716598,0.0,0.04713354281067662,0.0035464879002640812,0.01296992381135072,0.020146097309233876,0.05379383056716598
FILD or FILA ADJUDICATED,combined,rs7122936_A_1,30,0.01079289907059205,0.006842620013187466,0.08618657780361105,0.0,0.054508019534363183,0.005665569183872508,0.017281757057458505,0.017975390635378678,0.08618657780361105
FILD or FILA ADJUDICATED,combined,rs7122936_A_2,30,0.02074995534796845,0.004188132073545272,0.23465772498342266,0.0,0.12877860889974896,0.007847850816511376,0.040258107245088326,0.050935431692875746,0.23465772498342266
FILD or FILA ADJUDICATED,combined,rs61867586_C_0,30,0.0,0.0,0.0,0.0,0.0,0.0,0.0,0.0,0.0
FILD or FILA ADJUDICATED,combined,rs61867586_C_1,30,0.009036795179172257,0.001691930471357594,0.0931090428037896,0.0,0.06390107864475568,0.0031921531449827225,0.016453085298148335,0.019167371228787675,0.0931090428037896
FILD or FILA ADJUDICATED,combined,rs61867586_C_2,30,0.004522248015991422,0.00044432313975455075,0.04507317920306802,0.0,0.033302152485167894,0.0016879302223118445,0.0085617677298597,0.009649097524859386,0.04507317920306802
FILD or FILA ADJUDICATED,combined,rs73409602_C_0,30,0.00018850361696479828,0.0,0.004441324522498986,0.0,0.0017057753173407482,1.005435342863957e-05,0.000506583841297306,0.00016788462455771252,0.004441324522498986
FILD or FILA ADJUDICATED,combined,rs73409602_C_1,30,0.006115335568188798,0.0010886672246316256,0.03369029832091242,0.0,0.027013718719324304,0.0030382653806522377,0.009660016941075402,0.018843790932651334,0.03369029832091242
FILD or FILA ADJUDICATED,combined,rs73409602_C_2,30,0.008560460754025353,0.0010766086621334732,0.10908589103392168,0.0,0.06231301693784293,0.0024181418785473334,0.016473653351746567,0.026598793322613737,0.10908589103392168
FILD or FILA ADJUDICATED,combined,rs74760554_C_0,30,0.0,0.0,0.0,0.0,0.0,0.0,0.0,0.0,0.0
FILD or FILA ADJUDICATED,combined,rs74760554_C_1,30,0.0016057402304070136,6.766564666968266e-05,0.007900760808070234,0.0,0.0076347176240760565,0.000881905310196734,0.0024670164389131357,0.004467994754572935,0.007900760808070234
FILD or FILA ADJUDICATED,combined,rs74760554_C_2,30,0.009246371358179028,0.0008808128561290171,0.08633185792958857,0.0,0.047602070358797606,0.004070324879014135,0.016210636163346972,0.02175013426100076,0.08633185792958857
FILD or FILA ADJUDICATED,combined,rs12275748_C_0,30,7.797983777093759e-05,0.0,0.001967448712687829,0.0,0.0007940789968274715,0.0,0.0002207766761266007,0.0,0.001967448712687829
FILD or FILA ADJUDICATED,combined,rs12275748_C_1,30,0.003032587477932477,0.0012490254695662292,0.017059917432484355,0.0,0.016218005631014245,0.0015335601134277856,0.004821664403512911,0.006078821240068666,0.017059917432484355
FILD or FILA ADJUDICATED,combined,rs12275748_C_2,30,0.0040098825123963495,0.0006661967785727711,0.03652459826269509,0.0,0.020708001279784314,0.0018545679775655284,0.006921754854010234,0.011952019456268533,0.03652459826269509
FILD or FILA ADJUDICATED,combined,rs664034_T_0,30,0.020796401786160486,0.00982461053820341,0.08677414406927765,0.0,0.07691579406255568,0.012537443495355438,0.029733527981280036,0.06376372261611131,0.08677414406927765
FILD or FILA ADJUDICATED,combined,rs664034_T_1,30,0.011271488778927566,0.005107856203385393,0.058225118465774224,0.0,0.04667625726848129,0.006971360149802651,0.0166158720005019,0.03300463198958456,0.058225118465774224
FILD or FILA ADJUDICATED,combined,rs664034_T_2,30,0.008808859636807245,0.0031759919215319276,0.03755808744824391,0.0,0.032212461175827205,0.004923985812534992,0.013161082343857535,0.028010637199654135,0.03755808744824391
FILD or FILA ADJUDICATED,combined,rs10842996_T_0,30,0.009574203038257848,0.003473427221538243,0.06186644135113776,0.0,0.04909401907110772,0.0050336410858837595,0.014755346629978908,0.022784595738108496,0.06186644135113776
FILD or FILA ADJUDICATED,combined,rs10842996_T_1,30,0.01612533501680344,0.006119725775535206,0.0792012836490539,0.0,0.07102037428259114,0.00815091229687344,0.02451453994590189,0.05050332948113649,0.0792012836490539
FILD or FILA ADJUDICATED,combined,rs10842996_T_2,30,0.014381384171735156,0.0037065481306927453,0.09693953248263368,0.0,0.0746306687639534,0.006800391399095233,0.023228568226814083,0.042756522275043105,0.09693953248263368
FILD or FILA ADJUDICATED,combined,rs10783497_A_0,30,0.0005368207259037833,0.0,0.010402128586810635,0.0,0.004436090384738867,7.316859417254615e-05,0.0012763089846604383,0.001287281573666344,0.010402128586810635
FILD or FILA ADJUDICATED,combined,rs10783497_A_1,30,0.009473756320510802,0.0027654117472144437,0.0704391261120563,0.0,0.052510661301459954,0.004672986148809688,0.015559689234779362,0.023961173992131015,0.0704391261120563
FILD or FILA ADJUDICATED,combined,rs10783497_A_2,30,0.030487281643469435,0.015859079634857845,0.15894553113671045,0.0,0.13946378307316143,0.01779885442982615,0.044193632962971914,0.0773256404592641,0.15894553113671045
FILD or FILA ADJUDICATED,combined,rs117427783_T_0,30,0.0,0.0,0.0,0.0,0.0,0.0,0.0,0.0,0.0
FILD or FILA ADJUDICATED,combined,rs117427783_T_1,30,0.004631414881050796,0.0025256954262574192,0.01808961934577327,0.0,0.015952636723769842,0.0028328911234413337,0.006599463058896147,0.013173093937680222,0.01808961934577327
FILD or FILA ADJUDICATED,combined,rs117427783_T_2,30,0.009119974024883503,0.001615541084354152,0.12864265795470547,0.0,0.04983345096962938,0.003334722377883217,0.01799247016802847,0.01814313490930446,0.12864265795470547
FILD or FILA ADJUDICATED,combined,rs76739551_C_0,30,0.0,0.0,0.0,0.0,0.0,0.0,0.0,0.0,0.0
FILD or FILA ADJUDICATED,combined,rs76739551_C_1,30,0.0021500295853559962,0.0,0.033763617059992736,0.0,0.014764265477283737,0.0006568774219231465,0.004646925198126625,0.003029049164011087,0.033763617059992736
FILD or FILA ADJUDICATED,combined,rs76739551_C_2,30,0.005174191979249811,0.00013203301180842516,0.06944479010258116,0.0,0.03951898541037073,0.0014362604091033467,0.010349224892554224,0.007120891476414137,0.06944479010258116
FILD or FILA ADJUDICATED,combined,rs78288787_C_0,30,5.7599812976893815e-05,0.0,0.0014209457759597546,0.0,0.0005302448028653597,1.0092634054170199e-06,0.00016528621547617307,1.812605158070704e-05,0.0014209457759597546
FILD or FILA ADJUDICATED,combined,rs78288787_C_1,30,0.004676068354460531,0.002424915019706389,0.023449157475030954,0.0,0.020182719545332385,0.0026831774403319776,0.007061727768055966,0.013818524090270108,0.023449157475030954
FILD or FILA ADJUDICATED,combined,rs78288787_C_2,30,0.002566467290421277,0.0013705862180655155,0.011564252285617107,0.0,0.011373373631285535,0.0014571064148741226,0.0038872908163107775,0.008946009659722759,0.011564252285617107
FILD or FILA ADJUDICATED,combined,rs12422371_C_0,30,0.0018807245299347192,0.0004242856929235467,0.010069269378607401,0.0,0.008299523372490585,0.000986520833402356,0.002932470953761296,0.005611176479342604,0.010069269378607401
FILD or FILA ADJUDICATED,combined,rs12422371_C_1,30,0.011394762741191129,0.006205127491933103,0.058319015178206465,0.0,0.05199522408884094,0.006498092426898923,0.016776007713396993,0.02789431494870194,0.058319015178206465
FILD or FILA ADJUDICATED,combined,rs12422371_C_2,30,0.008922922713016066,0.004583522250156949,0.047232943877362175,0.0,0.04209325170274368,0.00518231477513913,0.013482604809573301,0.027535339770290646,0.047232943877362175
FILD or FILA ADJUDICATED,combined,rs325093_T_0,30,0.00040364324462762536,0.0,0.006983078923140091,0.0,0.003925270166141748,2.1868857307245402e-05,0.0009264063850690266,0.000656065719217362,0.006983078923140091
FILD or FILA ADJUDICATED,combined,rs325093_T_1,30,0.005300710939793913,0.00040804743382316894,0.03346904156381997,0.0,0.03210282877812697,0.0024475077017002875,0.008874069542570868,0.010890679586803488,0.03346904156381997
FILD or FILA ADJUDICATED,combined,rs325093_T_2,30,0.013790966592444966,0.004942404954149727,0.1127271648165599,0.0,0.07985406927331633,0.006339001040506263,0.023687309243306302,0.03001531429056029,0.1127271648165599
FILD or FILA ADJUDICATED,combined,rs923077_A_0,30,0.00013976846103264546,0.0,0.0015632957854853885,0.0,0.0010198113678928802,3.884505139887036e-05,0.00028016599302373114,0.00044990246970012045,0.0015632957854853885
FILD or FILA ADJUDICATED,combined,rs923077_A_1,30,0.013788575654696492,0.002923408985218836,0.07874548533724612,0.0,0.07818332515565447,0.006353915018694983,0.022604183973070364,0.055829670567040385,0.07874548533724612
FILD or FILA ADJUDICATED,combined,rs923077_A_2,30,0.007093653030291681,0.00355739065946781,0.03029829506284723,0.0,0.02613745412929352,0.004173682819274935,0.010577649156089889,0.02365350171299292,0.03029829506284723
FILD or FILA ADJUDICATED,combined,rs6491201_C_0,30,0.005742616901546078,0.0012525170887185927,0.05980083610873567,0.0,0.045238959990781605,0.001695852153274159,0.011135097234805531,0.009765007295698385,0.05980083610873567
FILD or FILA ADJUDICATED,combined,rs6491201_C_1,30,0.020604977922077508,0.007687153504607236,0.1095780233472152,0.0,0.0875666840123637,0.012051568200547627,0.03089540660712122,0.05266635431623957,0.1095780233472152
FILD or FILA ADJUDICATED,combined,rs6491201_C_2,30,0.011304827944355274,0.004899041613601566,0.0727391091017133,0.0,0.0722075740170672,0.006028208250409615,0.018561188208471153,0.029762274244163136,0.0727391091017133
FILD or FILA ADJUDICATED,combined,rs117750427_A_0,30,0.0,0.0,0.0,0.0,0.0,0.0,0.0,0.0,0.0
FILD or FILA ADJUDICATED,combined,rs117750427_A_1,30,0.00043064862736754133,0.0,0.005138729429787164,0.0,0.004449341943492018,8.140225445863643e-05,0.0009287365807180157,0.0007204408736105954,0.005138729429787164
FILD or FILA ADJUDICATED,combined,rs117750427_A_2,30,0.0019059752532312247,0.0,0.04212559062764887,0.0,0.015841679990158983,0.0001686406903758728,0.004852705710539307,0.0018368271567253188,0.04212559062764887
FILD or FILA ADJUDICATED,combined,rs17372089_A_0,30,0.0,0.0,0.0,0.0,0.0,0.0,0.0,0.0,0.0
FILD or FILA ADJUDICATED,combined,rs17372089_A_1,30,0.001152430408683724,0.0,0.011147758132175344,0.0,0.008522301005103174,0.0004037744018313773,0.002160929291876753,0.0025654240059609615,0.011147758132175344
FILD or FILA ADJUDICATED,combined,rs17372089_A_2,30,0.002702840377597273,0.0,0.03222590743974571,0.0,0.018521612236838396,0.0007742495801264265,0.005370121386631231,0.007105965192848413,0.03222590743974571
FILD or FILA ADJUDICATED,combined,rs9577395_C_0,30,0.0018401746764760292,0.0003862081334991595,0.012140352143713624,0.0,0.008948339556284057,0.000818426333923569,0.0029905725870583775,0.007099114939402123,0.012140352143713624
FILD or FILA ADJUDICATED,combined,rs9577395_C_1,30,0.004983160577929037,0.001833321830021851,0.03438012949591669,0.0,0.02088759530303754,0.0025505695902287694,0.008034571940647507,0.014595029710321719,0.03438012949591669
FILD or FILA ADJUDICATED,combined,rs9577395_C_2,30,0.008412197585362716,0.004283629051155652,0.06422522716300234,0.0,0.03949646989163508,0.004558972436191363,0.013781710699220394,0.019620540248390314,0.06422522716300234
FILD or FILA ADJUDICATED,combined,rs1278769_G_0,30,0.0031254695303895557,0.0,0.03511030938120097,0.0,0.03239598083104102,0.000534211192794711,0.006607352829022021,0.003613202298665385,0.03511030938120097
FILD or FILA ADJUDICATED,combined,rs1278769_G_1,30,0.0068081912960517715,0.0020751264067324776,0.050990676793387826,0.0,0.02982692106570474,0.0034874948021066457,0.010734008722787142,0.017414352788698795,0.050990676793387826
FILD or FILA ADJUDICATED,combined,rs1278769_G_2,30,0.005105502158316547,0.0022893490861003,0.038537350608397816,0.0,0.027492708395175577,0.0023914530830850813,0.008226931070454248,0.013870120785601276,0.038537350608397816
FILD or FILA ADJUDICATED,combined,rs17616659_G_0,30,0.003950491590273247,0.002511638010357565,0.01933244129249457,0.0,0.013920186565617046,0.0025749144853830304,0.005441713739314288,0.00923295371266783,0.01933244129249457
FILD or FILA ADJUDICATED,combined,rs17616659_G_1,30,0.022869889051240887,0.01353301090181366,0.10494100827880946,0.0,0.10436146737945738,0.01333180717189812,0.033368028802703335,0.06682558527008023,0.10494100827880946
FILD or FILA ADJUDICATED,combined,rs17616659_G_2,30,0.011653797824503797,0.0037718333622189983,0.05905320279808869,0.0,0.05822819608145965,0.00590649512506687,0.017792959432999165,0.047241586737025464,0.05905320279808869
FILD or FILA ADJUDICATED,combined,rs34825924_G_0,30,0.008330210060070889,0.0015764217620280394,0.12807101753903108,0.0,0.050078786309006244,0.002689611911875557,0.017321597537925643,0.016931019944505476,0.12807101753903108
FILD or FILA ADJUDICATED,combined,rs34825924_G_1,30,0.017039691152448678,0.012776471703047241,0.08382202337888853,0.0,0.07946694408281513,0.010060968853970575,0.02538923899933929,0.036671888303691016,0.08382202337888853
FILD or FILA ADJUDICATED,combined,rs34825924_G_2,30,0.025910465342927833,0.012137439272242562,0.1327304344790509,0.0,0.1252627199894575,0.013516922171090292,0.04080024009358547,0.09572214410177982,0.1327304344790509
FILD or FILA ADJUDICATED,combined,rs10518693_C_0,30,0.012317865925257031,0.005413852949832964,0.07454330373957886,0.0,0.059029630304542974,0.006796469856521682,0.019542199791953617,0.037155039532824986,0.07454330373957886
FILD or FILA ADJUDICATED,combined,rs10518693_C_1,30,0.007554410208403663,0.0030460758403884625,0.029635964984972073,0.0,0.028227174666946762,0.0043519101248434685,0.010663468645745541,0.020835174604006707,0.029635964984972073
FILD or FILA ADJUDICATED,combined,rs10518693_C_2,30,0.0089858504886404,0.005000224347310615,0.05032150085472244,0.0,0.03674069927965528,0.005377901258419885,0.013339410136989936,0.020858687371225912,0.05032150085472244
FILD or FILA ADJUDICATED,combined,rs2034650_A_0,30,0.014969063322465453,0.005734262864374923,0.07817309089349538,0.0,0.06676493169150034,0.008209412002640923,0.02271688331254774,0.0582324393226935,0.07817309089349538
FILD or FILA ADJUDICATED,combined,rs2034650_A_1,30,0.011726999168175658,0.0057668091178643575,0.0785459340704672,0.0,0.06575125903772369,0.006005037742732065,0.018206159450324534,0.031038266128911557,0.0785459340704672
FILD or FILA ADJUDICATED,combined,rs2034650_A_2,30,0.008126572469275386,0.005816013938372536,0.04456282086115091,0.0,0.038132388105083806,0.004934059504487902,0.012094894653994222,0.018379750433639663,0.04456282086115091
FILD or FILA ADJUDICATED,combined,rs144948432_A_0,30,0.0,0.0,0.0,0.0,0.0,0.0,0.0,0.0,0.0
FILD or FILA ADJUDICATED,combined,rs144948432_A_1,30,0.0005595448760459381,0.0,0.00770184228293396,0.0,0.005208980772617988,0.00010854005814533332,0.0012591778365204688,0.0012524650450871345,0.00770184228293396
FILD or FILA ADJUDICATED,combined,rs144948432_A_2,30,0.0010203112199723941,0.0,0.013088776232015823,0.0,0.00772050480721424,0.00024087657097549692,0.0020555201516092984,0.002261929086975366,0.013088776232015823
FILD or FILA ADJUDICATED,combined,rs1496725_A_0,30,0.008353161925641766,0.003651812477184699,0.044403989759591166,0.0,0.03207666186947458,0.004814788522912075,0.01222991212395912,0.026285800247851602,0.044403989759591166
FILD or FILA ADJUDICATED,combined,rs1496725_A_1,30,0.008355550169154959,0.0034996462113041932,0.047253994161294145,0.0,0.03818967021415166,0.00442522962061264,0.013190550551460307,0.028170542854409255,0.047253994161294145
FILD or FILA ADJUDICATED,combined,rs1496725_A_2,30,0.013402302462312773,0.004732661149106403,0.087606796258964,0.0,0.059516358737967345,0.007358785801481091,0.02123860936163819,0.0312658268988015,0.087606796258964
FILD or FILA ADJUDICATED,combined,rs12928193_G_0,30,0.0012109697951443567,0.0,0.010428037550821879,0.0,0.00735869426283102,0.0004181153083244312,0.0021130512062614757,0.00481420307846492,0.010428037550821879
FILD or FILA ADJUDICATED,combined,rs12928193_G_1,30,0.006692730069463807,0.001921921807387066,0.048123620691641236,0.0,0.04082723449775919,0.0032873244325895717,0.011094246567868673,0.018515279511079404,0.048123620691641236
FILD or FILA ADJUDICATED,combined,rs12928193_G_2,30,0.011254986857607079,0.005502574526741185,0.05425046086868995,0.0,0.05301697456009461,0.006303562973208675,0.017153151302065225,0.03568731272606095,0.05425046086868995
FILD or FILA ADJUDICATED,combined,rs9931202_G_0,30,0.005756812194634508,0.0023476242714801096,0.023388185652584905,0.0,0.022139750250770418,0.00330430443827741,0.008604169401788386,0.019640026452893124,0.023388185652584905
FILD or FILA ADJUDICATED,combined,rs9931202_G_1,30,0.009117326878889612,0.004945318176199693,0.030271355623721307,0.0,0.02858162693650484,0.005941146782889269,0.012710543301381166,0.026057692296738107,0.030271355623721307
FILD or FILA ADJUDICATED,combined,rs9931202_G_2,30,0.01228331578453693,0.00688796440766975,0.05994269391019031,0.0,0.04836477500341668,0.007838393666683433,0.018179504616751177,0.02702962127715621,0.05994269391019031
FILD or FILA ADJUDICATED,combined,rs1273431_A_0,30,0.0,0.0,0.0,0.0,0.0,0.0,0.0,0.0,0.0
FILD or FILA ADJUDICATED,combined,rs1273431_A_1,30,0.0,0.0,0.0,0.0,0.0,0.0,0.0,0.0,0.0
FILD or FILA ADJUDICATED,combined,rs1273431_A_2,30,0.0,0.0,0.0,0.0,0.0,0.0,0.0,0.0,0.0
FILD or FILA ADJUDICATED,combined,rs71389435_C_0,30,0.0,0.0,0.0,0.0,0.0,0.0,0.0,0.0,0.0
FILD or FILA ADJUDICATED,combined,rs71389435_C_1,30,0.004389865700121757,0.0010938115141087869,0.030360487237120058,0.0,0.030152462532413608,0.002100286111815752,0.007561994645389012,0.00870035316539829,0.030360487237120058
FILD or FILA ADJUDICATED,combined,rs71389435_C_2,30,0.003683447275927185,0.0016272912540656694,0.023222420704414916,0.0,0.015492942453372068,0.0019503214270884678,0.005763686526844072,0.010085407983834704,0.023222420704414916
FILD or FILA ADJUDICATED,combined,rs6499642_C_0,30,0.0,0.0,0.0,0.0,0.0,0.0,0.0,0.0,0.0
FILD or FILA ADJUDICATED,combined,rs6499642_C_1,30,0.0036456972327601257,0.00033972761599131206,0.02745752939873038,0.0,0.0184607752329256,0.0016489747952709755,0.006015507225306674,0.0124064032639952,0.02745752939873038
FILD or FILA ADJUDICATED,combined,rs6499642_C_2,30,0.013697030768851958,0.00692233329070828,0.0533583756365542,0.0,0.04806381745574994,0.008680068509767814,0.019776543237474558,0.03825866895607909,0.0533583756365542
FILD or FILA ADJUDICATED,combined,rs12446021_G_0,30,7.252090380412174e-05,0.0,0.001102580310194499,0.0,0.000930294197769519,0.0,0.00016806979139372884,0.0,0.001102580310194499
FILD or FILA ADJUDICATED,combined,rs12446021_G_1,30,0.050690778623521004,0.03878207633152271,0.20290750122054846,0.0,0.1800347257111138,0.03408511951596938,0.06916491389143799,0.11401146336595039,0.20290750122054846
FILD or FILA ADJUDICATED,combined,rs12446021_G_2,30,0.053666724524331064,0.03713175799299905,0.1594215550257217,0.0,0.15045376358442944,0.035752273922489364,0.072314388887784,0.1337302561321942,0.1594215550257217
FILD or FILA ADJUDICATED,combined,rs28703652_G_0,30,0.00422701354196679,0.0024195383991135752,0.03649701805268934,0.0,0.019892632612644748,0.002252374581644926,0.006843115937827242,0.010776650097004455,0.03649701805268934
FILD or FILA ADJUDICATED,combined,rs28703652_G_1,30,0.010655317863008834,0.0028509640143230762,0.11775766707653948,0.0,0.060105409908873,0.004779504163399741,0.019938897249960372,0.020810745566740205,0.11775766707653948
FILD or FILA ADJUDICATED,combined,rs28703652_G_2,30,0.012425572451678505,0.005477651473778133,0.06554865346223629,0.0,0.05797326122130834,0.0067449196679644835,0.018727761734083255,0.028985131964823448,0.06554865346223629
FILD or FILA ADJUDICATED,combined,rs169889_A_0,30,0.030441400862214342,0.01350299014620423,0.17790731122193404,0.0,0.11099134528299834,0.017880326596176666,0.04562818933550254,0.0797582353234643,0.17790731122193404
FILD or FILA ADJUDICATED,combined,rs169889_A_1,30,0.018084747680763593,0.005511751515653186,0.16245325177379,0.0,0.11004289829810183,0.0081686682280836,0.031098951154133365,0.03542755923008105,0.16245325177379
FILD or FILA ADJUDICATED,combined,rs169889_A_2,30,0.007900678846030613,0.004242852131471333,0.06053556374460925,0.0,0.03753139750774289,0.004129214666036416,0.013157621525115607,0.01960354913037775,0.06053556374460925
FILD or FILA ADJUDICATED,combined,rs3744761_C_0,30,0.0,0.0,0.0,0.0,0.0,0.0,0.0,0.0,0.0
FILD or FILA ADJUDICATED,combined,rs3744761_C_1,30,0.0017891345967838046,0.0,0.020855172669913703,0.0,0.011833998033564934,0.000585309833811602,0.0034396556326804074,0.0033655210240007196,0.020855172669913703
FILD or FILA ADJUDICATED,combined,rs3744761_C_2,30,0.010772736576146458,0.0003335303165676512,0.1736620775594645,0.0,0.08263477740066877,0.0024385086303990336,0.023161278935995358,0.02708901024169469,0.1736620775594645
FILD or FILA ADJUDICATED,combined,rs17690703_C_0,30,0.028002070206260107,0.018815033380454503,0.07731889469016176,0.0,0.07726904994319529,0.018715790217238796,0.036987390718433884,0.06364186235360397,0.07731889469016176
FILD or FILA ADJUDICATED,combined,rs17690703_C_1,30,0.004091150624113591,0.002161409455996662,0.019658157162905483,0.0,0.015156624718530385,0.002329240922518628,0.005985259636938991,0.012909939741016988,0.019658157162905483
FILD or FILA ADJUDICATED,combined,rs17690703_C_2,30,0.00976740922962915,0.004835068418957811,0.05060196891307857,0.0,0.046546457544976515,0.005745913816497195,0.014433699839064073,0.022736949980746882,0.05060196891307857
FILD or FILA ADJUDICATED,combined,rs1981997_G_0,30,0.0059200544138157864,0.0016648185935242254,0.037935366073779585,0.0,0.027105871678025653,0.0030443740208357037,0.009598886564167757,0.013567436103277711,0.037935366073779585
FILD or FILA ADJUDICATED,combined,rs1981997_G_1,30,0.007930679596173062,0.0028907737742071976,0.047369993930647246,0.0,0.03681030377468174,0.004163248860294276,0.012486413770588834,0.023684783853025224,0.047369993930647246
FILD or FILA ADJUDICATED,combined,rs1981997_G_2,30,0.027757993760729995,0.014684889289582777,0.19132655097395806,0.0,0.12452939863461494,0.015985527006290395,0.044040588529989134,0.07500485286136041,0.19132655097395806
FILD or FILA ADJUDICATED,combined,rs415430_T_0,30,0.0021545935412836817,0.0,0.02051319303148202,0.0,0.01816681223881946,0.0007238280623888326,0.004198620770806788,0.00504431894200362,0.02051319303148202
FILD or FILA ADJUDICATED,combined,rs415430_T_1,30,0.003806717547050959,0.0008548829936983226,0.018575258041466536,0.0,0.018316486238612956,0.0019342242619968502,0.005856806379692375,0.013003110297620354,0.018575258041466536
FILD or FILA ADJUDICATED,combined,rs415430_T_2,30,0.008444599618166097,0.0013676811575974888,0.062236575193167054,0.0,0.056203195485965855,0.003687587771234891,0.014467941855996718,0.02370308386731093,0.062236575193167054
FILD or FILA ADJUDICATED,combined,rs73997403_C_0,30,0.0,0.0,0.0,0.0,0.0,0.0,0.0,0.0,0.0
FILD or FILA ADJUDICATED,combined,rs73997403_C_1,30,0.008498683093527302,0.0030959225654250758,0.04535376293107611,0.0,0.034997662360040996,0.004994974744207085,0.012684773277747089,0.01976649280758885,0.04535376293107611
FILD or FILA ADJUDICATED,combined,rs73997403_C_2,30,0.006301139094202203,0.0036716775465180204,0.03132246859003812,0.0,0.025978320504759768,0.0037848776082256216,0.009272403898257167,0.01822811488957486,0.03132246859003812
FILD or FILA ADJUDICATED,combined,rs918174_T_0,30,0.011681173571327929,0.002603813821388372,0.0698429628623382,0.0,0.06835634292872766,0.004940959435195928,0.01918873602836625,0.04284708625391487,0.0698429628623382
FILD or FILA ADJUDICATED,combined,rs918174_T_1,30,0.011211680085280503,0.005338072734758955,0.0898656048508629,0.0,0.05006407866050806,0.005967993816894401,0.01797891633289308,0.02402788759226641,0.0898656048508629
FILD or FILA ADJUDICATED,combined,rs918174_T_2,30,0.010294176488381396,0.003406420958296434,0.12095438754708256,0.0,0.05838943984113232,0.004004156813166494,0.018844006881152196,0.025932167076110603,0.12095438754708256
FILD or FILA ADJUDICATED,combined,rs75291377_G_0,30,0.0,0.0,0.0,0.0,0.0,0.0,0.0,0.0,0.0
FILD or FILA ADJUDICATED,combined,rs75291377_G_1,30,0.003955946458132454,5.136261790057127e-06,0.053144895469943,0.0,0.022914419407548556,0.0013292883939254074,0.007960262972175386,0.0090180785559637,0.053144895469943
FILD or FILA ADJUDICATED,combined,rs75291377_G_2,30,0.0035447969884886557,0.0,0.05300531307385342,0.0,0.030290525012377945,0.0006962224477838964,0.007590430435979463,0.0048197118347010305,0.05300531307385342
FILD or FILA ADJUDICATED,combined,rs11083093_G_0,30,0.00017351907177992076,0.0,0.002861954954904932,0.0,0.0015749765979320382,2.4587960889997694e-05,0.0003955260257087957,0.00037240461344961154,0.002861954954904932
FILD or FILA ADJUDICATED,combined,rs11083093_G_1,30,0.005281465673268603,0.0031862704424785223,0.03078270613370675,0.0,0.029919822838253503,0.0029725185393117476,0.007978786183145781,0.010209201930576445,0.03078270613370675
FILD or FILA ADJUDICATED,combined,rs11083093_G_2,30,0.004471554085684208,0.00121289234612736,0.0292032168397457,0.0,0.027807486949996043,0.0022075616251052985,0.006932085834186844,0.009974592559897525,0.0292032168397457
FILD or FILA ADJUDICATED,combined,rs66884960_C_0,30,0.0007209625468297516,0.0,0.010970420544481642,0.0,0.005181403993229439,0.0001833251167689274,0.0015955421528579547,0.0019744472291743447,0.010970420544481642
FILD or FILA ADJUDICATED,combined,rs66884960_C_1,30,0.011860079223682698,0.005569610565222224,0.07217440657870072,0.0,0.056133919755552014,0.006689426718572102,0.01838317432846236,0.030841408765960344,0.07217440657870072
FILD or FILA ADJUDICATED,combined,rs66884960_C_2,30,0.01260477245535899,0.00450743700062803,0.09951467467827563,0.0,0.062012654723619845,0.005711233111469966,0.020405719793122595,0.033039714685423466,0.09951467467827563
FILD or FILA ADJUDICATED,combined,rs76475316_T_0,30,0.0,0.0,0.0,0.0,0.0,0.0,0.0,0.0,0.0
FILD or FILA ADJUDICATED,combined,rs76475316_T_1,30,0.0010623870661535966,0.0,0.019757872480352275,0.0,0.00807252412926271,0.00022508850038602398,0.002501987644486883,0.0018567050840535178,0.019757872480352275
FILD or FILA ADJUDICATED,combined,rs76475316_T_2,30,0.002425279458458433,0.0,0.022959080350447834,0.0,0.015861561341843924,0.0009905110085124827,0.004240989862105004,0.007891353518793514,0.022959080350447834
FILD or FILA ADJUDICATED,combined,rs893889_G_0,30,0.00039120001944740443,0.0,0.004217397034514991,0.0,0.0038351088649494075,2.55160243753504e-05,0.0008277103301452462,0.0005811945100714577,0.004217397034514991
FILD or FILA ADJUDICATED,combined,rs893889_G_1,30,0.007253705008499256,0.002071779951415914,0.056223304983846215,0.0,0.04840183120515505,0.003134231680624442,0.012003866558683438,0.01956931698539122,0.056223304983846215
FILD or FILA ADJUDICATED,combined,rs893889_G_2,30,0.01174712575703666,0.007267589864234101,0.05442969147079702,0.0,0.04998210250966865,0.007129940420078445,0.017568841183835168,0.02976325283657793,0.05442969147079702
FILD or FILA ADJUDICATED,combined,rs12610495_A_0,30,0.00707759980405087,0.002718597180638706,0.045159018870237475,0.0,0.035976750774476825,0.003448374593148823,0.01132994042870048,0.02040382856879928,0.045159018870237475
FILD or FILA ADJUDICATED,combined,rs12610495_A_1,30,0.005446691112428815,0.004284716874584781,0.02716283646851685,0.0,0.023261126029113902,0.003265287080784427,0.007993067247191924,0.012692057509100971,0.02716283646851685
FILD or FILA ADJUDICATED,combined,rs12610495_A_2,30,0.011079800516480911,0.0033060472630655298,0.07172018029876305,0.0,0.05472498951757025,0.005310266663926532,0.017662312175787388,0.03978726316785254,0.07172018029876305
FILD or FILA ADJUDICATED,combined,rs2109069_G_0,30,0.00556772297406563,0.0020235287677568986,0.04518792747193679,0.0,0.03324177569985126,0.0026207584135994606,0.009669836501669991,0.011020684241381168,0.04518792747193679
FILD or FILA ADJUDICATED,combined,rs2109069_G_1,30,0.01195172027754498,0.00680818184183303,0.05968475834380771,0.0,0.05141165737557202,0.007420513800903901,0.01764114498030979,0.03085199649150494,0.05968475834380771
FILD or FILA ADJUDICATED,combined,rs2109069_G_2,30,0.011147467123066834,0.0035520130425645176,0.1192014905822311,0.0,0.074298922444212,0.004621622666532691,0.020911542767644984,0.021554055942260026,0.1192014905822311
FILD or FILA ADJUDICATED,combined,rs708686_C_0,30,0.009114354874504963,0.00251357802480126,0.043581433427223516,0.0,0.042473813883572915,0.0051712731918977075,0.013855724673544853,0.029591115042817362,0.043581433427223516
FILD or FILA ADJUDICATED,combined,rs708686_C_1,30,0.014343050932287339,0.0067855240171665904,0.08509600707406803,0.0,0.057881778209531186,0.008232525878103109,0.02177058072943371,0.03297716765791426,0.08509600707406803
FILD or FILA ADJUDICATED,combined,rs708686_C_2,30,0.008229115126778062,0.0011518484010568579,0.05579942115803709,0.0,0.04786433422537507,0.0037036370287692835,0.014084690861410691,0.022005611518710912,0.05579942115803709
FILD or FILA ADJUDICATED,combined,rs62112917_C_0,30,0.0005923509963323853,0.0,0.013175925938260984,0.0,0.004951853280435627,4.905177621901548e-05,0.001624797122426,0.0006434589041804114,0.013175925938260984
FILD or FILA ADJUDICATED,combined,rs62112917_C_1,30,0.009059322316052226,0.0033029208349291844,0.04731490815064709,0.0,0.0446079520883463,0.005028121271425514,0.01371723689442694,0.024069154981431865,0.04731490815064709
FILD or FILA ADJUDICATED,combined,rs62112917_C_2,30,0.011859600586171304,0.003890595041816082,0.13841858656808867,0.0,0.06339128471534669,0.005153830252974325,0.022308881492912738,0.021999641086702847,0.13841858656808867
FILD or FILA ADJUDICATED,combined,rs73008477_C_0,30,0.0,0.0,0.0,0.0,0.0,0.0,0.0,0.0,0.0
FILD or FILA ADJUDICATED,combined,rs73008477_C_1,30,0.0008732769959115357,0.0,0.007843471666839229,0.0,0.004037563646495631,0.00040513546939123816,0.001550828253333607,0.0024467783598432066,0.007843471666839229
FILD or FILA ADJUDICATED,combined,rs73008477_C_2,30,0.0010816174106242661,0.0,0.01766717682916591,0.0,0.008186042188928943,0.0002296113457416518,0.002459516445394672,0.0025519987713146252,0.01766717682916591
FILD or FILA ADJUDICATED,combined,rs10422762_A_0,30,0.009192991719994518,0.0042182121961752035,0.052449599024688515,0.0,0.04601135240673936,0.004825649091577082,0.015105182620785727,0.027125340169698583,0.052449599024688515
FILD or FILA ADJUDICATED,combined,rs10422762_A_1,30,0.013194422430977123,0.003947436359600778,0.06726490338441518,0.0,0.05989211329189166,0.007255777587069277,0.020513327469918817,0.04014569421388777,0.06726490338441518
FILD or FILA ADJUDICATED,combined,rs10422762_A_2,30,0.022074241755863647,0.0031407914326557805,0.2601007527849577,0.0,0.13994144334179517,0.007420366744092323,0.04234378267312445,0.06453877992982739,0.2601007527849577
FILD or FILA ADJUDICATED,combined,rs41482151_C_0,30,0.005330910976081457,0.0,0.06680335591008198,0.0,0.03398721189256339,0.001933773300371423,0.010431425735102706,0.012188791683994902,0.06680335591008198
FILD or FILA ADJUDICATED,combined,rs41482151_C_1,30,0.014891006656571015,0.0039964762988521745,0.09637341547281933,0.0,0.09119311342235259,0.006357345149077365,0.024352801168233174,0.041342014925033164,0.09637341547281933
FILD or FILA ADJUDICATED,combined,rs41482151_C_2,30,0.007661929865624185,0.002826113926454517,0.05405377256081569,0.0,0.05006388267614407,0.003516089839263698,0.013178755062188071,0.025750106476591338,0.05405377256081569
FILD or FILA ADJUDICATED,combined,rs12975986_C_0,30,0.0016858971515179523,0.0,0.027052267606739483,0.0,0.021221894418282827,6.39751441119559e-05,0.003920216978514664,0.0018796093253886951,0.027052267606739483
FILD or FILA ADJUDICATED,combined,rs12975986_C_1,30,0.011546753293442848,0.006254269444507221,0.08923922917507651,0.0,0.07260450366687923,0.005591316568508122,0.018954840628124987,0.021409539841929812,0.08923922917507651
FILD or FILA ADJUDICATED,combined,rs12975986_C_2,30,0.004256591495263447,0.0028536556485769973,0.025637514566192426,0.0,0.017747508610529844,0.0023715810361106325,0.006506046671049531,0.012091101203777991,0.025637514566192426
FILD or FILA ADJUDICATED,combined,rs74490361_T_0,30,0.0,0.0,0.0,0.0,0.0,0.0,0.0,0.0,0.0
FILD or FILA ADJUDICATED,combined,rs74490361_T_1,30,0.002420452131711355,0.0006358926827673287,0.03055236028224788,0.0,0.015310955761004514,0.0008803968323087566,0.004885928051890311,0.004937816146091231,0.03055236028224788
FILD or FILA ADJUDICATED,combined,rs74490361_T_2,30,0.003924297149898732,0.0016221974288054889,0.03357252380746163,0.0,0.017465869600139745,0.002081484289763445,0.006505516250087448,0.008796648281190103,0.03357252380746163
FILD or FILA ADJUDICATED,combined,rs57625989_A_0,30,3.5043483180000286e-05,0.0,0.0008091843450180863,0.0,0.0003716132011568451,0.0,9.584370417094728e-05,0.0,0.0008091843450180863
FILD or FILA ADJUDICATED,combined,rs57625989_A_1,30,0.0035869036363677174,0.000334890442212905,0.07210423861776029,0.0,0.024059223975802315,0.000699297279244298,0.008496504335204635,0.004726150965678013,0.07210423861776029
FILD or FILA ADJUDICATED,combined,rs57625989_A_2,30,0.002963193174236645,0.0007103949194385318,0.02810237857262627,0.0,0.01789234917248602,0.001377211151995224,0.005018835204666092,0.006728013402884969,0.02810237857262627
FILD or FILA ADJUDICATED,combined,rs302837_A_0,30,0.02181985059124651,0.007314453255434264,0.15005188664162422,0.0,0.10253081434793201,0.011482197625811312,0.034166617463845333,0.06232453049863523,0.15005188664162422
FILD or FILA ADJUDICATED,combined,rs302837_A_1,30,0.05253342903155324,0.03688499983505221,0.17746797312814847,0.0,0.17651948201571402,0.03438335793630569,0.07201237085703169,0.12461959913404624,0.17746797312814847
FILD or FILA ADJUDICATED,combined,rs302837_A_2,30,0.011816987858387142,0.003516281552926957,0.06405849563986872,0.0,0.05579747440943064,0.006103462341622928,0.01920231016942575,0.03329690172228939,0.06405849563986872
FILD or FILA ADJUDICATED,combined,rs601878_C_0,30,0.00417462213751538,0.0002707153494562408,0.031449237176490716,0.0,0.022619645671471473,0.0019389286674412435,0.007122318204589142,0.012712603805271889,0.031449237176490716
FILD or FILA ADJUDICATED,combined,rs601878_C_1,30,0.01903624165470736,0.009750120567118917,0.1581059206794975,0.0,0.10502932824744862,0.009204701257610087,0.03208674891268661,0.039138080730305495,0.1581059206794975
FILD or FILA ADJUDICATED,combined,rs601878_C_2,30,0.013148119692781254,0.006115709204243424,0.1082229913095128,0.0,0.06420979112156061,0.006987861843145194,0.021354619350610067,0.026222778323125587,0.1082229913095128
FILD or FILA ADJUDICATED,combined,rs4811028_G_0,30,0.00014696991846567772,0.0,0.0033662815445814095,0.0,0.0015832651709837124,0.0,0.00042732301600625515,0.0,0.0033662815445814095
FILD or FILA ADJUDICATED,combined,rs4811028_G_1,30,0.012916310112856688,0.0038216563777870027,0.08330514141114857,0.0,0.050890750817649405,0.006336994948493115,0.02039192266853893,0.03591881977949514,0.08330514141114857
FILD or FILA ADJUDICATED,combined,rs4811028_G_2,30,0.012630395007834704,0.001951582287622742,0.14295214909356788,0.0,0.07702483236219429,0.00506817996259998,0.023954927543347087,0.027702763034859603,0.14295214909356788
FILD or FILA ADJUDICATED,combined,rs12626788_C_0,30,0.002555396561499912,0.0,0.020282450009200287,0.0,0.01504371604519428,0.0009648444750172096,0.004583561993153543,0.011359999067005177,0.020282450009200287
FILD or FILA ADJUDICATED,combined,rs12626788_C_1,30,0.013601678396701651,0.005526800257571211,0.07501362388551412,0.0,0.07391680217577071,0.0073064355243150966,0.021158770277330194,0.030759043962679675,0.07501362388551412
FILD or FILA ADJUDICATED,combined,rs12626788_C_2,30,0.015339798051871086,0.006061214012976923,0.08727362171380203,0.0,0.0688736440230057,0.008614887854403574,0.024230058099599015,0.03983630467822332,0.08727362171380203
FILD or FILA ADJUDICATED,combined,rs75764565_C_0,30,0.0,0.0,0.0,0.0,0.0,0.0,0.0,0.0,0.0
FILD or FILA ADJUDICATED,combined,rs75764565_C_1,30,0.003051589772488766,0.0010217620082094512,0.01918387012296254,0.0,0.017800280100155455,0.0015005766141758996,0.004885221176086414,0.007996475846046418,0.01918387012296254
FILD or FILA ADJUDICATED,combined,rs75764565_C_2,30,0.0024022497293741518,0.0,0.0378794267784566,0.0,0.016980392436262225,0.0005231738849092885,0.005128191605588239,0.0060149866098292174,0.0378794267784566
FILD or FILA ADJUDICATED,combined,rs45619034_G_0,30,0.0,0.0,0.0,0.0,0.0,0.0,0.0,0.0,0.0
FILD or FILA ADJUDICATED,combined,rs45619034_G_1,30,0.0024271624153006668,0.0008387601930642111,0.012831879105128587,0.0,0.012113788981097561,0.001264857196041865,0.00392217380157408,0.0087858480243831,0.012831879105128587
FILD or FILA ADJUDICATED,combined,rs45619034_G_2,30,0.004107297731953286,0.0008229823198858735,0.05681927729068846,0.0,0.02294817671316482,0.0015627181382583198,0.008123714439267838,0.008636121914694596,0.05681927729068846
FILD or FILA ADJUDICATED,combined,predicted_risk,30,0.7959610887957194,0.8135815078212334,1.2153690497731988,0.37051532638134216,1.1735782420925873,0.7232410236708413,0.8686018576148196,1.0933289455925206,1.2153690497731988
NONFIBROTIC ILD ADJUDICATED,genomic,rs3131520_C_0,30,0.9624709135631953,0.00676731779409134,23.378600520986005,0.0,8.09884757711939,0.047867601175969075,2.6082119501096392,0.5407873171702299,23.378600520986005
NONFIBROTIC ILD ADJUDICATED,genomic,rs3131520_C_1,30,1.4227129553266677,0.3080139059512997,18.24478721230915,0.0,11.226991628439793,0.41432905497814276,2.93945490228829,1.3642088548457962,18.24478721230915
NONFIBROTIC ILD ADJUDICATED,genomic,rs3131520_C_2,30,0.2568773055216781,0.01022561371790345,4.76898378136113,0.0,2.25188149031914,0.030667851585793122,0.6780744458780383,0.3206793692835655,4.76898378136113
NONFIBROTIC ILD ADJUDICATED,genomic,rs55993474_A_0,30,2.2108185335609724e-06,0.0,6.632455600682917e-05,0.0,1.8239252901877926e-05,0.0,6.632455600682917e-06,0.0,6.632455600682917e-05
NONFIBROTIC ILD ADJUDICATED,genomic,rs55993474_A_1,30,0.9050302766590811,0.0,25.148297499387667,0.0,7.965528854811714,0.00763915325049268,3.3554477903268767,0.17142222806547475,25.148297499387667
NONFIBROTIC ILD ADJUDICATED,genomic,rs55993474_A_2,30,0.04354748483261882,0.0,0.832839264128369,0.0,0.4105777706202934,0.0024003061271983773,0.11363373215531185,0.023475152823596416,0.832839264128369
NONFIBROTIC ILD ADJUDICATED,genomic,rs2375892_T_0,30,0.16150735822910545,0.0002192305185157198,2.136064384899746,0.0,1.519497683295061,0.02672411312636638,0.33331708820523087,0.3171796799192718,2.136064384899746
NONFIBROTIC ILD ADJUDICATED,genomic,rs2375892_T_1,30,0.35608230155549775,0.008324868680821189,7.245166200129558,0.0,3.0707457718159827,0.04173288152642003,0.884935081955998,0.4754963671852273,7.245166200129558
NONFIBROTIC ILD ADJUDICATED,genomic,rs2375892_T_2,30,0.47882957675787025,0.023179398516590354,6.9289825800795635,0.0,3.3718593918379343,0.12524579129738,0.9929990336974085,0.9919961308999632,6.9289825800795635
NONFIBROTIC ILD ADJUDICATED,genomic,rs10881263_G_0,30,0.8485464031397469,0.004738623122112774,17.855639025611563,0.0,8.071330233042055,0.06700868825863139,2.1856864947285257,0.635425709073527,17.855639025611563
NONFIBROTIC ILD ADJUDICATED,genomic,rs10881263_G_1,30,0.13071214386844038,0.0022684004432560524,2.410618162096555,0.0,1.3015071409775891,0.012833309275803376,0.3246486256920708,0.14752744128861084,2.410618162096555
NONFIBROTIC ILD ADJUDICATED,genomic,rs10881263_G_2,30,0.3120365274197435,0.009255337747846187,7.414498451187342,0.0,2.462870359781031,0.0331889713582596,0.810328646842614,0.24051500922364216,7.414498451187342
NONFIBROTIC ILD ADJUDICATED,genomic,rs11102362_G_0,30,0.16699373143013324,0.0007683639716141849,3.102694771420579,0.0,1.4758964031079578,0.011822174107668526,0.3992323127935514,0.1462146376992924,3.102694771420579
NONFIBROTIC ILD ADJUDICATED,genomic,rs11102362_G_1,30,0.09337567692938964,0.009423326620532562,1.3650344110786725,0.0,0.7798815226248208,0.023541696775501116,0.20965439783678175,0.13381838000150126,1.3650344110786725
NONFIBROTIC ILD ADJUDICATED,genomic,rs11102362_G_2,30,20.075266149601767,0.012500107905532416,589.2588746334375,0.0,166.94669832351266,0.10189293049117945,59.43673066320277,0.7474106520605287,589.2588746334375
NONFIBROTIC ILD ADJUDICATED,genomic,rs16837903_G_0,30,0.0006119403037959882,0.0,0.018358209113879646,0.0,0.005048507506316876,0.0,0.0018358209113879646,0.0,0.018358209113879646
NONFIBROTIC ILD ADJUDICATED,genomic,rs16837903_G_1,30,0.34622153695590085,0.004530303674633092,6.642765265814802,0.0,2.7914232928968765,0.05321277015175081,0.8322196996848118,0.7961796327455307,6.642765265814802
NONFIBROTIC ILD ADJUDICATED,genomic,rs16837903_G_2,30,0.3360390412697803,0.0005948203978959147,8.252135235060884,0.0,2.864637674815275,0.020444442370339405,0.9890389990248671,0.22244047652988458,8.252135235060884
NONFIBROTIC ILD ADJUDICATED,genomic,rs11264306_A_0,30,1.183206399273106,0.0,33.028363828384634,0.0,10.333155286691493,0.01607753732943449,3.4551667407831794,0.1490151222568344,33.028363828384634
NONFIBROTIC ILD ADJUDICATED,genomic,rs11264306_A_1,30,1.182306982319571,0.0033393251005129658,22.118409478179235,0.0,10.7231412510524,0.07998784811269644,3.0171628760410383,0.7460857110065838,22.118409478179235
NONFIBROTIC ILD ADJUDICATED,genomic,rs11264306_A_2,30,4.088796855254566,0.043325228168646264,51.90591088622663,0.0,49.17647508250248,0.16960186948308653,8.872443984742564,1.7015018386850127,51.90591088622663
NONFIBROTIC ILD ADJUDICATED,genomic,rs7547997_G_0,30,0.13492174650253735,0.0,3.7486645313033997,0.0,1.141409894055674,0.003436903971904709,0.3863833431628944,0.04029740310434663,3.7486645313033997
NONFIBROTIC ILD ADJUDICATED,genomic,rs7547997_G_1,30,3.4385529793167775,0.010634533760938114,97.52435028642141,0.0,29.117803547832096,0.06394441690458302,10.021281167024922,0.4576604650537581,97.52435028642141
NONFIBROTIC ILD ADJUDICATED,genomic,rs7547997_G_2,30,0.8283545611629547,0.002683782257892451,18.4190004438775,0.0,8.61886927938415,0.01680408437926497,2.1323618447476678,0.0940544555086217,18.4190004438775
NONFIBROTIC ILD ADJUDICATED,genomic,rs699240_T_0,30,2.531052455138602,0.008597852772718389,56.305538049315444,0.0,26.61729481749818,0.06256188308510764,7.646832355169458,0.6089329175339288,56.305538049315444
NONFIBROTIC ILD ADJUDICATED,genomic,rs699240_T_1,30,21.293389916806987,0.00943035880043325,633.8026194426029,0.0,175.72120859963482,0.06568514108980494,63.58446800317168,0.6940116551692663,633.8026194426029
NONFIBROTIC ILD ADJUDICATED,genomic,rs699240_T_2,30,28.554681915519332,0.0,794.4652585594232,0.0,253.77806623158793,0.10238345348865477,85.14524581421152,1.1847218140123452,794.4652585594232
NONFIBROTIC ILD ADJUDICATED,genomic,rs114064385_G_0,30,0.0,0.0,0.0,0.0,0.0,0.0,0.0,0.0,0.0
NONFIBROTIC ILD ADJUDICATED,genomic,rs114064385_G_1,30,1.2376830211771541,0.0,35.66210646439052,0.0,10.323158170525378,0.014114746339069714,3.6545698482742455,0.27553070374637273,35.66210646439052
NONFIBROTIC ILD ADJUDICATED,genomic,rs114064385_G_2,30,0.06690825013103383,0.0,1.3898979374835647,0.0,0.5140870839806715,0.0077106680128787705,0.16477783106020635,0.10243020075554718,1.3898979374835647
NONFIBROTIC ILD ADJUDICATED,genomic,rs55682827_C_0,30,0.0033752076230064987,0.0,0.10125622869019496,0.0,0.027845462889803472,0.0,0.010125622869019496,0.0,0.10125622869019496
NONFIBROTIC ILD ADJUDICATED,genomic,rs55682827_C_1,30,0.443695393894782,0.0,9.994688422355363,0.0,3.8736754672674443,0.03730409517065181,1.147733148984856,0.5652768221903152,9.994688422355363
NONFIBROTIC ILD ADJUDICATED,genomic,rs55682827_C_2,30,4.3976935055966155,0.0,124.15313252307348,0.0,37.981697504732274,0.05401168556031653,12.801456876208364,0.705119101308444,124.15313252307348
NONFIBROTIC ILD ADJUDICATED,genomic,rs17019820_A_0,30,0.014760418801302523,0.0,0.43739507111472165,0.0,0.12421132692670456,0.0,0.043920090208950636,0.0,0.43739507111472165
NONFIBROTIC ILD ADJUDICATED,genomic,rs17019820_A_1,30,2.320775301863436,0.04907402597447641,43.18147673671844,0.0,19.936031818060318,0.36253450697608663,5.908305089118635,3.6830390511168587,43.18147673671844
NONFIBROTIC ILD ADJUDICATED,genomic,rs17019820_A_2,30,7.061086897297456,0.0008765350305392832,171.97290727224285,0.0,60.16145093080467,0.17437502634757662,19.666066027425966,2.044107181041045,171.97290727224285
NONFIBROTIC ILD ADJUDICATED,genomic,rs2577254_T_0,30,0.2409352948895343,0.002602209570000389,4.554098262529232,0.0,2.243863119540728,0.029115069901507744,0.614276295114051,0.39684535578039665,4.554098262529232
NONFIBROTIC ILD ADJUDICATED,genomic,rs2577254_T_1,30,11.167088279264819,0.0059507119934293804,310.6096870532573,0.0,96.07705538682467,0.20605006035311904,32.442173640956234,2.77101836376039,310.6096870532573
NONFIBROTIC ILD ADJUDICATED,genomic,rs2577254_T_2,30,11.248006010653443,0.006956963862407117,257.37301829279056,0.0,126.36599118115683,0.06852126332849862,34.36428860530562,0.935038766260795,257.37301829279056
NONFIBROTIC ILD ADJUDICATED,genomic,rs12710674_C_0,30,0.0,0.0,0.0,0.0,0.0,0.0,0.0,0.0,0.0
NONFIBROTIC ILD ADJUDICATED,genomic,rs12710674_C_1,30,4.486179429671998,0.0,133.40882726759517,0.0,37.350561718303176,0.005921516632679407,13.418078073623285,0.03777056959093191,133.40882726759517
NONFIBROTIC ILD ADJUDICATED,genomic,rs12710674_C_2,30,0.0401761248236288,0.0,0.9507289846493054,0.0,0.3804894026919783,0.0019439682958973144,0.10891335159527843,0.023018279645819106,0.9507289846493054
NONFIBROTIC ILD ADJUDICATED,genomic,rs77998999_A_0,30,0.0,0.0,0.0,0.0,0.0,0.0,0.0,0.0,0.0
NONFIBROTIC ILD ADJUDICATED,genomic,rs77998999_A_1,30,0.13744896786820698,0.0,2.7549656927146615,0.0,1.7497804894119025,0.0,0.36673012549356937,0.0,2.7549656927146615
NONFIBROTIC ILD ADJUDICATED,genomic,rs77998999_A_2,30,0.012691411964500939,0.0,0.38074235893502817,0.0,0.10470414870713221,0.0,0.03807423589350282,0.0,0.38074235893502817
NONFIBROTIC ILD ADJUDICATED,genomic,rs6736148_C_0,30,0.0,0.0,0.0,0.0,0.0,0.0,0.0,0.0,0.0
NONFIBROTIC ILD ADJUDICATED,genomic,rs6736148_C_1,30,1.7967666783841687,0.0,53.18287707655108,0.0,14.886277224533764,0.0033364104931130722,5.351468760132472,0.03709171206328257,53.18287707655108
NONFIBROTIC ILD ADJUDICATED,genomic,rs6736148_C_2,30,0.0628229345141909,0.0,1.2974633507637598,0.0,0.6209451756859239,0.0011238656693918245,0.1668077093470523,0.029875839912539344,1.2974633507637598
NONFIBROTIC ILD ADJUDICATED,genomic,rs4672388_T_0,30,5.544586178996628,0.0,149.79862724287526,0.0,47.43350133044723,0.07755527404721978,16.02914676247853,0.7692825811175513,149.79862724287526
NONFIBROTIC ILD ADJUDICATED,genomic,rs4672388_T_1,30,1.404042242519725,0.003836094722650789,35.277922278440855,0.0,11.559646207344276,0.07907714525416959,4.778124769455211,0.9400834091900958,35.277922278440855
NONFIBROTIC ILD ADJUDICATED,genomic,rs4672388_T_2,30,0.4712689825492596,0.036385110525275786,8.74915202766119,0.0,3.997865715326478,0.08956881679755116,1.0763541211076975,0.6225126965682146,8.74915202766119
NONFIBROTIC ILD ADJUDICATED,genomic,rs1123573_A_0,30,26.24827004824089,0.008211183261790822,410.598012640435,0.0,374.91945200166305,0.2681353446209065,64.35411929410584,6.005427003546463,410.598012640435
NONFIBROTIC ILD ADJUDICATED,genomic,rs1123573_A_1,30,0.10210325013328375,0.0037789857842490237,1.833220094529929,0.0,0.752969457992479,0.019987884774392502,0.240827704648118,0.13876852416732652,1.833220094529929
NONFIBROTIC ILD ADJUDICATED,genomic,rs1123573_A_2,30,0.661214023740195,0.005521800392782493,11.529956740617733,0.0,7.350907121383357,0.049338803930004296,1.6162637658856307,0.8492245065434482,11.529956740617733
NONFIBROTIC ILD ADJUDICATED,genomic,rs17007563_C_0,30,0.0,0.0,0.0,0.0,0.0,0.0,0.0,0.0,0.0
NONFIBROTIC ILD ADJUDICATED,genomic,rs17007563_C_1,30,0.12307330449746298,0.0,2.2091742505673087,0.0,1.1089638489782934,0.012279916595184737,0.28539841962309553,0.30692828049967286,2.2091742505673087
NONFIBROTIC ILD ADJUDICATED,genomic,rs17007563_C_2,30,0.12547148842073566,0.0,1.2352382056253575,0.0,1.1718695451997687,0.012257982206693092,0.24581569985609977,0.3565994532388145,1.2352382056253575
NONFIBROTIC ILD ADJUDICATED,genomic,rs12713927_G_0,30,5.289347621276137,0.00620250863631472,128.39070953149223,0.0,56.42035309832903,0.013110737752892003,14.788070908357124,0.10491229750580452,128.39070953149223
NONFIBROTIC ILD ADJUDICATED,genomic,rs12713927_G_1,30,171.8921002017305,0.0022450471871121973,5155.281676274642,0.0,1418.1322005366346,0.018377197801131895,515.5958232291368,0.17534116938805144,5155.281676274642
NONFIBROTIC ILD ADJUDICATED,genomic,rs12713927_G_2,30,117.1307177183311,0.006780625928766904,3509.4960014336098,0.0,967.3075854919695,0.03398287881437096,351.16977386300704,0.2627820411497337,3509.4960014336098
NONFIBROTIC ILD ADJUDICATED,genomic,rs11680126_C_0,30,0.015895044915048555,0.0,0.25647810048023223,0.0,0.2231198778526992,0.000159412909508669,0.038663673510053634,0.0018093444256696517,0.25647810048023223
NONFIBROTIC ILD ADJUDICATED,genomic,rs11680126_C_1,30,0.8895311516938005,0.0005801395051940165,15.171405460125449,0.0,9.366001928897909,0.07706063799495555,2.139595229921496,1.3022784126959173,15.171405460125449
NONFIBROTIC ILD ADJUDICATED,genomic,rs11680126_C_2,30,0.36709356664826903,0.0,7.306041821825174,0.0,3.3491150281976134,0.00986120666588283,0.9014056825531321,0.12606744754668767,7.306041821825174
NONFIBROTIC ILD ADJUDICATED,genomic,rs1669778_T_0,30,0.004010671478406957,0.0,0.1135291984291369,0.0,0.033904357890492745,2.5853661715303067e-05,0.01175124734448755,0.00038780492572954603,0.1135291984291369
NONFIBROTIC ILD ADJUDICATED,genomic,rs1669778_T_1,30,1.1073707184367516,0.0021133438174195484,26.430367716283854,0.0,9.950932710333102,0.07606152042625333,3.010603732048793,0.6727922440142678,26.430367716283854
NONFIBROTIC ILD ADJUDICATED,genomic,rs1669778_T_2,30,3.4256923324002617,0.0,100.79535350163164,0.0,28.308761750156794,0.024024404683602008,10.154179475561659,0.21601098111533615,100.79535350163164
NONFIBROTIC ILD ADJUDICATED,genomic,rs1488496_C_0,30,0.0,0.0,0.0,0.0,0.0,0.0,0.0,0.0,0.0
NONFIBROTIC ILD ADJUDICATED,genomic,rs1488496_C_1,30,1.267760650901481,0.0012531094449651763,35.33274073925276,0.0,11.256988425664154,0.01366000190631847,3.6874611977358613,0.10445236649537963,35.33274073925276
NONFIBROTIC ILD ADJUDICATED,genomic,rs1488496_C_2,30,16.46613821990278,0.0026466918604407448,350.06565330205683,0.0,177.52638757784842,0.5321899158497962,44.11967069298834,14.71318566773133,350.06565330205683
NONFIBROTIC ILD ADJUDICATED,genomic,rs56387623_T_0,30,0.05207140163828952,0.0,0.8797567677854103,0.0,0.7105517264053801,0.000362860769336167,0.1314299044687409,0.01088582308008501,0.8797567677854103
NONFIBROTIC ILD ADJUDICATED,genomic,rs56387623_T_1,30,189.71757516613428,0.0014090699760337944,5409.550121328045,0.0,1660.6019373232684,0.1476153644369285,556.9204327598792,1.0553285314022407,5409.550121328045
NONFIBROTIC ILD ADJUDICATED,genomic,rs56387623_T_2,30,0.538319896347787,5.9359290606514397e-05,12.72689625815585,0.0,4.988818785119731,0.02794210363583356,1.4449779545288586,0.3382495821826415,12.72689625815585
NONFIBROTIC ILD ADJUDICATED,genomic,rs2361278_T_0,30,0.04767473388398972,0.0,0.7360349315297164,0.0,0.6014414746796481,0.0034622313266081434,0.11504501877892125,0.02872654385342937,0.7360349315297164
NONFIBROTIC ILD ADJUDICATED,genomic,rs2361278_T_1,30,75.19541970015499,0.0009760098700452459,1430.4804120311067,0.0,985.6051644765814,0.07404534928554875,204.29373629780133,0.720969716099686,1430.4804120311067
NONFIBROTIC ILD ADJUDICATED,genomic,rs2361278_T_2,30,46.902502304598706,0.008007368261351936,1176.9612047965607,0.0,487.7304909407476,0.08524030114837829,132.92668840736042,1.114358121770088,1176.9612047965607
NONFIBROTIC ILD ADJUDICATED,genomic,rs79252367_G_0,30,6.8812153665927675e-06,0.0,0.00020643646099778302,0.0,5.677002677439004e-05,0.0,2.0643646099778302e-05,0.0,0.00020643646099778302
NONFIBROTIC ILD ADJUDICATED,genomic,rs79252367_G_1,30,3.4203541290173542,4.883999115700222e-05,58.30890846598238,0.0,47.55520694118547,0.013137725281538972,8.756366737288188,0.3354069942066743,58.30890846598238
NONFIBROTIC ILD ADJUDICATED,genomic,rs79252367_G_2,30,0.0992610047369422,0.0,0.9641523169843922,0.0,0.8916637864142992,0.024396919218630058,0.19516958288482153,0.19604319608240586,0.9641523169843922
NONFIBROTIC ILD ADJUDICATED,genomic,rs1479945_C_0,30,0.7923715297597899,0.0,22.494538710763592,0.0,6.8931228413351775,0.00403114712587421,2.3205777075210863,0.0482817378245945,22.494538710763592
NONFIBROTIC ILD ADJUDICATED,genomic,rs1479945_C_1,30,0.41123274386188136,0.0031109525757954514,11.736424570955814,0.0,3.496441689396777,0.0066650279550938725,1.2060719960194712,0.03221738787058719,11.736424570955814
NONFIBROTIC ILD ADJUDICATED,genomic,rs1479945_C_2,30,432.15442269454644,0.0022783620108439437,8807.017490962919,0.0,5417.412473951514,0.01757031286004624,1157.859281305544,0.11421822329442693,8807.017490962919
NONFIBROTIC ILD ADJUDICATED,genomic,rs1015097_A_0,30,4.212001104710295,0.0,113.66069673376187,0.0,37.470556445559794,0.04043370280332179,11.983020587728397,0.5381610535996529,113.66069673376187
NONFIBROTIC ILD ADJUDICATED,genomic,rs1015097_A_1,30,2.1399896927926565,0.00046933172770187025,53.99170808730679,0.0,18.64400465058183,0.07273592581531556,5.948604089738767,1.7923146823876126,53.99170808730679
NONFIBROTIC ILD ADJUDICATED,genomic,rs1015097_A_2,30,2.0881376142403707,0.011775277590569747,31.74815712966513,0.0,23.93334416573645,0.09535524541096498,4.804898935840575,2.3988248762814215,31.74815712966513
NONFIBROTIC ILD ADJUDICATED,genomic,rs4680134_C_0,30,0.13235247197407796,0.0,1.627852994456552,0.0,0.9142423054136306,0.03296295029505381,0.26440978893182054,0.4731126423241346,1.627852994456552
NONFIBROTIC ILD ADJUDICATED,genomic,rs4680134_C_1,30,1.152857007279971,0.005743853895529999,23.39896059867884,0.0,10.128773269331678,0.06648615673990195,2.975947108606844,1.48634705882769,23.39896059867884
NONFIBROTIC ILD ADJUDICATED,genomic,rs4680134_C_2,30,84.12967436065045,0.052622385945111004,2457.9127953455486,0.0,692.8878680989592,0.756244311356752,248.88852602121023,19.303562465830336,2457.9127953455486
NONFIBROTIC ILD ADJUDICATED,genomic,rs76160568_A_0,30,0.0,0.0,0.0,0.0,0.0,0.0,0.0,0.0,0.0
NONFIBROTIC ILD ADJUDICATED,genomic,rs76160568_A_1,30,0.048043941491986666,0.0,0.615772678587228,0.0,0.3835700657264671,0.010268788609420747,0.10208860563727136,0.12258905866936251,0.615772678587228
NONFIBROTIC ILD ADJUDICATED,genomic,rs76160568_A_2,30,0.7720650204763787,0.0,22.34633837961197,0.0,6.555597263184446,0.00551826629872712,2.2815826459362283,0.044483482064596826,22.34633837961197
NONFIBROTIC ILD ADJUDICATED,genomic,rs10776482_A_0,30,0.06682930819701147,0.0,1.2877142312766314,0.0,0.6937581806682989,0.0010064244145944836,0.16029668730397714,0.018916723012481915,1.2877142312766314
NONFIBROTIC ILD ADJUDICATED,genomic,rs10776482_A_1,30,0.2250029191211003,0.00016439029253430826,3.5552062724957203,0.0,1.7449507491186824,0.03904121823279394,0.49807815886167434,0.5373554658911925,3.5552062724957203
NONFIBROTIC ILD ADJUDICATED,genomic,rs10776482_A_2,30,1.8496683423264433,0.001952214647745297,41.8852202487147,0.0,17.22469891858381,0.1361223060080817,5.053998630059795,1.1062102002521494,41.8852202487147
NONFIBROTIC ILD ADJUDICATED,genomic,rs56111559_G_0,30,0.9047768961690742,0.0,12.717013508134556,0.0,11.383501724157712,0.04012529216836052,2.115425548679341,0.5992706900759436,12.717013508134556
NONFIBROTIC ILD ADJUDICATED,genomic,rs56111559_G_1,30,8.57407678034134,0.017802333491243015,149.66029813655044,0.0,106.04672482209361,0.328885610419601,21.428579268840945,5.247785493063812,149.66029813655044
NONFIBROTIC ILD ADJUDICATED,genomic,rs56111559_G_2,30,10.122175567206812,0.23056296227042627,152.29133075805788,0.0,92.593757646665,1.5364630268271546,21.805449611006665,23.051044773063136,152.29133075805788
NONFIBROTIC ILD ADJUDICATED,genomic,rs146764446_A_0,30,0.0,0.0,0.0,0.0,0.0,0.0,0.0,0.0,0.0
NONFIBROTIC ILD ADJUDICATED,genomic,rs146764446_A_1,30,0.016238924246782874,0.0,0.4712936923622407,0.0,0.14111444080451857,0.0,0.04871677274034862,0.0,0.4712936923622407
NONFIBROTIC ILD ADJUDICATED,genomic,rs146764446_A_2,30,0.16653539956727847,0.0,4.765624989113004,0.0,1.3992523583447964,5.103186178535952e-05,0.6354676970768526,0.0015309558535607855,4.765624989113004
NONFIBROTIC ILD ADJUDICATED,genomic,rs2609255_T_0,30,0.5234664018110831,0.0,15.18166528829991,0.0,4.484595402073165,0.0015911803296102514,1.5494648016335193,0.015003256064460553,15.18166528829991
NONFIBROTIC ILD ADJUDICATED,genomic,rs2609255_T_1,30,0.4302620478079083,0.001074639862090153,6.098586864891622,0.0,4.805196258449513,0.02758778508581015,0.9188887639600125,0.31191331933532507,6.098586864891622
NONFIBROTIC ILD ADJUDICATED,genomic,rs2609255_T_2,30,5.027106837599336,0.012511775244039836,104.64141874386742,0.0,55.17223151729644,0.19286983778158748,13.214254816284246,2.4484756812785693,104.64141874386742
NONFIBROTIC ILD ADJUDICATED,genomic,rs2609260_T_0,30,0.12994513913755065,0.0,2.831009667107368,0.0,1.3877650647093618,0.004493006017101292,0.32215360562101947,0.09539572404675078,2.831009667107368
NONFIBROTIC ILD ADJUDICATED,genomic,rs2609260_T_1,30,0.10324127863707956,0.0,2.2361205697961544,0.0,0.762896901504083,0.012849937571454424,0.2621883293564706,0.16043994362236297,2.2361205697961544
NONFIBROTIC ILD ADJUDICATED,genomic,rs2609260_T_2,30,0.9903438480638665,0.005065557659263529,12.464940264141097,0.0,10.582271788349122,0.07340139048469146,2.162908867748769,0.8324865342574806,12.464940264141097
NONFIBROTIC ILD ADJUDICATED,genomic,rs756345_G_0,30,0.5933287390785893,0.0002822470039336091,16.036581180258285,0.0,5.353908579471437,0.00940006318123845,1.6991792124074143,0.10263885335235869,16.036581180258285
NONFIBROTIC ILD ADJUDICATED,genomic,rs756345_G_1,30,28.015476903520582,0.006841531250792884,804.5815566746477,0.0,245.96751411498835,0.046806419961732106,83.90602973254911,0.29720764740526195,804.5815566746477
NONFIBROTIC ILD ADJUDICATED,genomic,rs756345_G_2,30,3.4961508626267133,0.0353255729806187,101.9804405855792,0.0,28.67458429597227,0.04459634207350067,10.306035632878043,0.18127160507130483,101.9804405855792
NONFIBROTIC ILD ADJUDICATED,genomic,rs6532150_G_0,30,0.0,0.0,0.0,0.0,0.0,0.0,0.0,0.0,0.0
NONFIBROTIC ILD ADJUDICATED,genomic,rs6532150_G_1,30,0.5541709608285728,0.0,16.350859907697714,0.0,4.602040826611996,0.001523118930638212,1.6507036546988012,0.028871067451806717,16.350859907697714
NONFIBROTIC ILD ADJUDICATED,genomic,rs6532150_G_2,30,0.521044016571256,0.0,12.61423516393896,0.0,4.704875675320508,0.02418349822001115,1.6819196564823529,0.3615018865083397,12.61423516393896
NONFIBROTIC ILD ADJUDICATED,genomic,rs144128391_T_0,30,0.0,0.0,0.0,0.0,0.0,0.0,0.0,0.0,0.0
NONFIBROTIC ILD ADJUDICATED,genomic,rs144128391_T_1,30,0.2514995419741447,0.0,6.1526535032242275,0.0,2.680532449864099,0.0004103362630377944,0.7077626807472915,0.007331243401216926,6.1526535032242275
NONFIBROTIC ILD ADJUDICATED,genomic,rs144128391_T_2,30,0.06287508100868486,0.0,1.8598137130052432,0.0,0.5235368752749225,7.728621340987432e-05,0.18694959148316914,0.0020965889216164224,1.8598137130052432
NONFIBROTIC ILD ADJUDICATED,genomic,rs148877274_T_0,30,0.0,0.0,0.0,0.0,0.0,0.0,0.0,0.0,0.0
NONFIBROTIC ILD ADJUDICATED,genomic,rs148877274_T_1,30,0.17349654540570755,0.0,4.616806433084782,0.0,1.6849838480762784,8.871122349236442e-06,0.4998925997120703,0.0002661336704770933,4.616806433084782
NONFIBROTIC ILD ADJUDICATED,genomic,rs148877274_T_2,30,0.054073105468493504,0.0,1.622193164054805,0.0,0.4461031201150691,0.0,0.1622193164054805,0.0,1.622193164054805
NONFIBROTIC ILD ADJUDICATED,genomic,rs145802912_A_0,30,0.0,0.0,0.0,0.0,0.0,0.0,0.0,0.0,0.0
NONFIBROTIC ILD ADJUDICATED,genomic,rs145802912_A_1,30,0.0,0.0,0.0,0.0,0.0,0.0,0.0,0.0,0.0
NONFIBROTIC ILD ADJUDICATED,genomic,rs145802912_A_2,30,0.0,0.0,0.0,0.0,0.0,0.0,0.0,0.0,0.0
NONFIBROTIC ILD ADJUDICATED,genomic,rs151036604_T_0,30,0.0,0.0,0.0,0.0,0.0,0.0,0.0,0.0,0.0
NONFIBROTIC ILD ADJUDICATED,genomic,rs151036604_T_1,30,0.040672438542881946,0.00275239751519361,0.582272010716635,0.0,0.28819969188247063,0.011660020385690651,0.08651861992445564,0.07494984601526167,0.582272010716635
NONFIBROTIC ILD ADJUDICATED,genomic,rs151036604_T_2,30,2.568620641969677,0.0007083579362159587,76.3832775210153,0.0,21.21715059247955,0.007264813882247706,7.669982402478441,0.12544255189070352,76.3832775210153
NONFIBROTIC ILD ADJUDICATED,genomic,rs1422506_G_0,30,4.360500817128957,0.0034855728816892105,84.46732517492914,0.0,55.38088244070083,0.045243197193490264,11.448978443664714,0.5533746065975453,84.46732517492914
NONFIBROTIC ILD ADJUDICATED,genomic,rs1422506_G_1,30,1.540928898953345,0.002176358992191596,42.1117567537204,0.0,13.225863283036018,0.04113551431133262,4.427952083065509,0.3597214922205678,42.1117567537204
NONFIBROTIC ILD ADJUDICATED,genomic,rs1422506_G_2,30,5.261274004862132,0.017794222171912035,139.142168807191,0.0,43.49522473037462,0.20832852705666133,14.751862503518232,5.014726079324294,139.142168807191
NONFIBROTIC ILD ADJUDICATED,genomic,rs34625679_T_0,30,0.0,0.0,0.0,0.0,0.0,0.0,0.0,0.0,0.0
NONFIBROTIC ILD ADJUDICATED,genomic,rs34625679_T_1,30,0.059199286354091406,0.0,0.6905402572507422,0.0,0.6786061654236604,0.00870384994239382,0.12141037562502416,0.12140440923532202,0.6905402572507422
NONFIBROTIC ILD ADJUDICATED,genomic,rs34625679_T_2,30,0.18219931064035486,0.0,4.6944108739816786,0.0,1.771571267231434,0.0025188642544452114,0.5175962321862956,0.023791224415489882,4.6944108739816786
NONFIBROTIC ILD ADJUDICATED,genomic,rs7730878_A_0,30,0.21639427266765857,0.0071210923524291396,3.1159529551314247,0.0,2.393827775250018,0.020681882047157932,0.46389532747386375,0.16301851029666917,3.1159529551314247
NONFIBROTIC ILD ADJUDICATED,genomic,rs7730878_A_1,30,1.8460163585923344,0.001462328003093591,30.97486453868662,0.0,24.96852037376187,0.028088773330534663,4.641720970750292,0.23918240222251172,30.97486453868662
NONFIBROTIC ILD ADJUDICATED,genomic,rs7730878_A_2,30,14.326153811484623,0.005719217832353939,197.38256789402385,0.0,197.15086280281741,0.2914177985074737,34.05015303336851,6.62099421409725,197.38256789402385
NONFIBROTIC ILD ADJUDICATED,genomic,rs7725218_G_0,30,0.2548212434673411,0.0,4.369109745728144,0.0,2.9922338578452634,0.01801745547100601,0.6117231732168158,0.26248446631596417,4.369109745728144
NONFIBROTIC ILD ADJUDICATED,genomic,rs7725218_G_1,30,12.471407841482755,0.009278883805955068,194.69063385006407,0.0,152.71780756906196,0.039668798864767235,28.750943005734886,0.26514679257899193,194.69063385006407
NONFIBROTIC ILD ADJUDICATED,genomic,rs7725218_G_2,30,16.218851869409168,0.013382969154180396,480.627957758465,0.0,134.7352497006378,0.049437423124763374,48.344699669398715,0.37449353724663487,480.627957758465
NONFIBROTIC ILD ADJUDICATED,genomic,rs2736100_A_0,30,6.372773147347707,0.014918356522123317,149.85795916257032,0.0,62.49861732414628,0.13474421223177732,17.35690269434264,0.8888826860967084,149.85795916257032
NONFIBROTIC ILD ADJUDICATED,genomic,rs2736100_A_1,30,18.484605301020288,0.0012044796654286146,549.1180465807413,0.0,152.49371741087197,0.06773996701171013,55.1166191631577,0.940004164596846,549.1180465807413
NONFIBROTIC ILD ADJUDICATED,genomic,rs2736100_A_2,30,7.3946272777415185,0.00035818690351578696,207.24429259502486,0.0,63.26186951234568,0.08309223681935318,21.53387098256501,0.8064463175222174,207.24429259502486
NONFIBROTIC ILD ADJUDICATED,genomic,rs72722911_G_0,30,0.0,0.0,0.0,0.0,0.0,0.0,0.0,0.0,0.0
NONFIBROTIC ILD ADJUDICATED,genomic,rs72722911_G_1,30,0.16852308054941048,0.009036714723591462,2.9079687204437357,0.0,1.602018663842316,0.025043244362756626,0.38413050450444675,0.2664116871645483,2.9079687204437357
NONFIBROTIC ILD ADJUDICATED,genomic,rs72722911_G_2,30,2.8005947125771806,0.00430313997147258,82.81856026673513,0.0,22.998156919880437,0.022244811944473704,8.338855726620015,0.2618381885482156,82.81856026673513
NONFIBROTIC ILD ADJUDICATED,genomic,rs77144736_C_0,30,0.0,0.0,0.0,0.0,0.0,0.0,0.0,0.0,0.0
NONFIBROTIC ILD ADJUDICATED,genomic,rs77144736_C_1,30,0.008558167954828218,0.0,0.22524102056789902,0.0,0.08478169376195893,0.0,0.024624369928586402,0.0,0.22524102056789902
NONFIBROTIC ILD ADJUDICATED,genomic,rs77144736_C_2,30,0.0,0.0,0.0,0.0,0.0,0.0,0.0,0.0,0.0
NONFIBROTIC ILD ADJUDICATED,genomic,rs62354543_A_0,30,3.949339933582132,0.0,115.54812716256663,0.0,33.83748227564685,0.00040014438757723415,11.652498045253866,0.005595897672982842,115.54812716256663
NONFIBROTIC ILD ADJUDICATED,genomic,rs62354543_A_1,30,0.08085479986498995,0.0,1.956978731166156,0.0,0.7190984897378956,0.0037033705398125377,0.22027718620738446,0.03495473706212185,1.956978731166156
NONFIBROTIC ILD ADJUDICATED,genomic,rs62354543_A_2,30,0.952627585332282,0.0,25.889278371371166,0.0,8.048057661752706,0.01544519665303668,2.687604513737355,0.10494007997537595,25.889278371371166
NONFIBROTIC ILD ADJUDICATED,genomic,rs72755986_C_0,30,0.0,0.0,0.0,0.0,0.0,0.0,0.0,0.0,0.0
NONFIBROTIC ILD ADJUDICATED,genomic,rs72755986_C_1,30,0.021006760215465402,0.0,0.6302028064639621,0.0,0.17330577177758869,0.0,0.06302028064639621,0.0,0.6302028064639621
NONFIBROTIC ILD ADJUDICATED,genomic,rs72755986_C_2,30,0.0,0.0,0.0,0.0,0.0,0.0,0.0,0.0,0.0
NONFIBROTIC ILD ADJUDICATED,genomic,rs72762052_C_0,30,0.07007516963752454,0.0,2.084952953568056,0.0,0.5788893493844697,0.0001451739232040377,0.2095699608027156,0.0025266410399862756,2.084952953568056
NONFIBROTIC ILD ADJUDICATED,genomic,rs72762052_C_1,30,0.7537029317962443,0.0026733225798692304,17.18725670120993,0.0,7.791941248194995,0.02230597703714909,2.02770331616239,0.22071972972549317,17.18725670120993
NONFIBROTIC ILD ADJUDICATED,genomic,rs72762052_C_2,30,1.5456517049876124,0.0027872283561660707,35.98995022692488,0.0,16.110860364427005,0.030521046150553413,4.463892459397358,0.278799288021264,35.98995022692488
NONFIBROTIC ILD ADJUDICATED,genomic,rs116575227_A_0,30,0.0,0.0,0.0,0.0,0.0,0.0,0.0,0.0,0.0
NONFIBROTIC ILD ADJUDICATED,genomic,rs116575227_A_1,30,1.1799427780540952,0.0,18.430837716539497,0.0,17.28930607459294,0.0026696949542991876,2.9683548505559134,0.03507517394045761,18.430837716539497
NONFIBROTIC ILD ADJUDICATED,genomic,rs116575227_A_2,30,0.15925467253289705,0.0,4.72881549608224,0.0,1.3111017700703698,0.0007450903764861645,0.47488417896113394,0.008561150796099936,4.72881549608224
NONFIBROTIC ILD ADJUDICATED,genomic,rs469942_C_0,30,4.321395235878699,0.0,128.81567017679697,0.0,35.76210329818072,0.003029621100999188,12.916710599837451,0.034651173978684155,128.81567017679697
NONFIBROTIC ILD ADJUDICATED,genomic,rs469942_C_1,30,1.839465416958619,0.004080297489996386,46.054803478632486,0.0,15.50251255197882,0.11513788003059665,4.99934531323611,1.52001963932263,46.054803478632486
NONFIBROTIC ILD ADJUDICATED,genomic,rs469942_C_2,30,0.07838840241702809,0.00028495114142984356,1.859288098638513,0.0,0.6652935101434956,0.007009191414886544,0.21886665124649837,0.04983432642670939,1.859288098638513
NONFIBROTIC ILD ADJUDICATED,genomic,rs2228972_G_0,30,0.05425845636276906,0.0,0.8305984441396081,0.0,0.609813277477167,0.0033507784136828558,0.12255281170606164,0.033694568733987004,0.8305984441396081
NONFIBROTIC ILD ADJUDICATED,genomic,rs2228972_G_1,30,1.2834259265291585,0.00896306118151136,34.48590095310345,0.0,10.040184268696821,0.08960218807200342,3.5855179673676996,0.4474624612624803,34.48590095310345
NONFIBROTIC ILD ADJUDICATED,genomic,rs2228972_G_2,30,15.510695030533805,0.004937014096517639,447.6321596665771,0.0,129.38462541126904,0.07939511801939995,45.681926838950574,0.8598736304721709,447.6321596665771
NONFIBROTIC ILD ADJUDICATED,genomic,rs12658068_G_0,30,0.13067886462038678,0.0,3.901275490184898,0.0,1.0864628893306965,0.0,0.3907851663705753,0.0,3.901275490184898
NONFIBROTIC ILD ADJUDICATED,genomic,rs12658068_G_1,30,0.12791670259583868,0.0,1.4391776578951196,0.0,1.2547385589066105,0.02052098856818759,0.2612253838014419,0.4016452133494283,1.4391776578951196
NONFIBROTIC ILD ADJUDICATED,genomic,rs12658068_G_2,30,1.0888641796341263,0.0,30.30995992801079,0.0,9.564788957694878,0.0061589712049973195,3.2027512452194493,0.05101407799592277,30.30995992801079
NONFIBROTIC ILD ADJUDICATED,genomic,rs1423029_A_0,30,0.8166748082415002,0.005273196109686543,20.032161629777676,0.0,7.90297192288814,0.023865960852858727,2.2542831558023684,0.28073157350355105,20.032161629777676
NONFIBROTIC ILD ADJUDICATED,genomic,rs1423029_A_1,30,1.1075130665951363,0.007585396183314313,18.491996087137935,0.0,12.879121233184351,0.05932616606657754,2.691686538431488,0.9674091969613212,18.491996087137935
NONFIBROTIC ILD ADJUDICATED,genomic,rs1423029_A_2,30,7.216970133800332,0.006804901678089305,192.42440238361226,0.0,64.58880594600537,0.1396600609429393,20.559393480283696,1.7620431969066064,192.42440238361226
NONFIBROTIC ILD ADJUDICATED,genomic,rs13183751_G_0,30,0.014542862130719944,0.0,0.29968410360187214,0.0,0.18144940472231608,0.0,0.03819250828275496,0.0,0.29968410360187214
NONFIBROTIC ILD ADJUDICATED,genomic,rs13183751_G_1,30,0.061267512233818204,0.0009324549986324328,1.109369726773942,0.0,0.4610229992836246,0.011016302173768332,0.1463637909444756,0.09824828462055761,1.109369726773942
NONFIBROTIC ILD ADJUDICATED,genomic,rs13183751_G_2,30,19.082860016696895,0.008075198946435564,556.513932443528,0.0,162.50154202627508,0.02828050014461361,56.624203398995185,0.21011363209384354,556.513932443528
NONFIBROTIC ILD ADJUDICATED,genomic,rs6899532_G_0,30,0.0003436955014838729,0.0,0.010310865044516187,0.0,0.002835487887241937,0.0,0.0010310865044516188,0.0,0.010310865044516187
NONFIBROTIC ILD ADJUDICATED,genomic,rs6899532_G_1,30,0.08330013736313348,0.004601831280895739,1.6600377853366812,0.0,0.7920447285371879,0.0096754674689465,0.21794972308755944,0.0507441957314831,1.6600377853366812
NONFIBROTIC ILD ADJUDICATED,genomic,rs6899532_G_2,30,3.1548521418065882,0.0,85.19986153414516,0.0,29.88329578438566,0.011587782352435039,9.13467876408722,0.1167890320657607,85.19986153414516
NONFIBROTIC ILD ADJUDICATED,genomic,rs10484326_T_0,30,5.866511452313984,0.0,162.054210616928,0.0,54.14589299997663,0.014265674460919791,17.106809349281374,0.2745536332215922,162.054210616928
NONFIBROTIC ILD ADJUDICATED,genomic,rs10484326_T_1,30,0.23565905419155278,0.0034197152958932034,3.1863414163969743,0.0,2.1384303008537975,0.044198691850590235,0.5251582480111696,0.2981433720030107,3.1863414163969743
NONFIBROTIC ILD ADJUDICATED,genomic,rs10484326_T_2,30,0.052874300120155704,0.0004093857521648966,0.36121100729194877,0.0,0.35790872334789825,0.018489529139142185,0.09174321903748912,0.1673142391245976,0.36121100729194877
NONFIBROTIC ILD ADJUDICATED,genomic,rs2076295_T_0,30,1.3527387651033453,0.001419025339605238,27.810976379601374,0.0,13.63851911189155,0.0865067889075705,3.4992499541667557,1.1492904987246129,27.810976379601374
NONFIBROTIC ILD ADJUDICATED,genomic,rs2076295_T_1,30,3.009688176155443,0.05377708554691082,62.003312031215856,0.0,25.88077279366759,0.22954072233951373,7.523487184939452,3.2437620968305954,62.003312031215856
NONFIBROTIC ILD ADJUDICATED,genomic,rs2076295_T_2,30,3.7578370099355003,0.007774087359905445,101.51242196396548,0.0,34.333587533966806,0.054399355723682465,10.83197080648586,0.4518891925764198,101.51242196396548
NONFIBROTIC ILD ADJUDICATED,genomic,rs3778337_G_0,30,0.08514332358905506,0.0,0.8908170453296429,0.0,0.7972056013747189,0.009732897565607537,0.17487328834222218,0.14094042175483937,0.8908170453296429
NONFIBROTIC ILD ADJUDICATED,genomic,rs3778337_G_1,30,13.764660366862557,0.00811880882316652,283.3514152632889,0.0,166.93089887122161,0.06868952889434014,36.89333616396879,0.8367630261520851,283.3514152632889
NONFIBROTIC ILD ADJUDICATED,genomic,rs3778337_G_2,30,2.705150798081271,0.023295208254401626,57.024484489248024,0.0,24.117992838591814,0.07968515995253118,6.930404011438726,0.7980021122672994,57.024484489248024
NONFIBROTIC ILD ADJUDICATED,genomic,rs4960330_T_0,30,3.848732155284074,0.0012053252157710975,56.56213585322987,0.0,38.163572774729694,0.028183964084342625,9.266747225879088,0.42621480028756814,56.56213585322987
NONFIBROTIC ILD ADJUDICATED,genomic,rs4960330_T_1,30,0.6068394148446992,0.00039920316543527376,13.85478886270272,0.0,5.31184666616692,0.030575023177901846,1.5962410501576962,0.4095113334901312,13.85478886270272
NONFIBROTIC ILD ADJUDICATED,genomic,rs4960330_T_2,30,0.20675713291024428,0.0032729613435610394,3.5663180806381938,0.0,1.6316571855356288,0.03946476572221915,0.495689612487228,0.28377732501321823,3.5663180806381938
NONFIBROTIC ILD ADJUDICATED,genomic,rs148106529_G_0,30,0.0,0.0,0.0,0.0,0.0,0.0,0.0,0.0,0.0
NONFIBROTIC ILD ADJUDICATED,genomic,rs148106529_G_1,30,0.5946488452411635,0.0,11.289351559206192,0.0,7.527751369679377,0.010148155480425641,1.5509588964245995,0.14387046704341572,11.289351559206192
NONFIBROTIC ILD ADJUDICATED,genomic,rs148106529_G_2,30,0.003470501157127237,0.0,0.05533844226261579,0.0,0.024575353899607074,0.0009085565048591307,0.007574751252577818,0.007339615377034984,0.05533844226261579
NONFIBROTIC ILD ADJUDICATED,genomic,rs2071627_C_0,30,1.4718624669883884,0.00132156276538059,36.469839785218305,0.0,13.002617182138827,0.02153388892336238,4.04008806611828,0.1441817981260005,36.469839785218305
NONFIBROTIC ILD ADJUDICATED,genomic,rs2071627_C_1,30,0.8110178106043708,0.011504660161775598,20.158226282148934,0.0,7.111962644162643,0.04831700234363702,2.2581034895235894,0.4800143306745446,20.158226282148934
NONFIBROTIC ILD ADJUDICATED,genomic,rs2071627_C_2,30,2.268838921874723,0.004839571307808771,39.12130362518543,0.0,28.541952985110115,0.08446283405952217,5.749070462158138,1.2430362859391375,39.12130362518543
NONFIBROTIC ILD ADJUDICATED,genomic,rs3130157_G_0,30,0.05287168216445778,0.0,1.0036466137861177,0.0,0.6078647225471442,0.0007645745297159671,0.14046123577150538,0.013427603244553254,1.0036466137861177
NONFIBROTIC ILD ADJUDICATED,genomic,rs3130157_G_1,30,0.7312258761373418,0.0009751447682852321,21.525506451367118,0.0,6.006407394866013,0.007029485653463701,2.170196805519462,0.05550823022111609,21.525506451367118
NONFIBROTIC ILD ADJUDICATED,genomic,rs3130157_G_2,30,1.5295260108049886,0.0008504747308094222,33.00257446531414,0.0,17.37320522117283,0.021079760680939485,4.0774471491631195,0.20720026857624885,33.00257446531414
NONFIBROTIC ILD ADJUDICATED,genomic,rs56184452_G_0,30,0.0,0.0,0.0,0.0,0.0,0.0,0.0,0.0,0.0
NONFIBROTIC ILD ADJUDICATED,genomic,rs56184452_G_1,30,0.21347480968447055,0.0,3.6451916212593933,0.0,2.54856476153658,0.00319926715031577,0.4894663538292021,0.04653903971230399,3.6451916212593933
NONFIBROTIC ILD ADJUDICATED,genomic,rs56184452_G_2,30,4.6462225166694635,0.0,53.33979011494843,0.0,48.20291668846748,0.05597187140759273,10.76777036171,0.9162415730796584,53.33979011494843
NONFIBROTIC ILD ADJUDICATED,genomic,rs75714781_G_0,30,0.0,0.0,0.0,0.0,0.0,0.0,0.0,0.0,0.0
NONFIBROTIC ILD ADJUDICATED,genomic,rs75714781_G_1,30,0.07883586836283112,0.0,1.1353338044558317,0.0,0.862658464467532,0.007157556534952144,0.1671028517247835,0.07740257244847351,1.1353338044558317
NONFIBROTIC ILD ADJUDICATED,genomic,rs75714781_G_2,30,0.040008978375079426,0.0,0.8722596585952396,0.0,0.3516739977013128,0.003746458951159226,0.10853864866749421,0.04816113889611728,0.8722596585952396
NONFIBROTIC ILD ADJUDICATED,genomic,rs11154034_T_0,30,1.468312551004654,0.006941179842434307,36.73528862914989,0.0,12.992184148514788,0.040387520301689545,4.0131037464376815,0.4114781743192516,36.73528862914989
NONFIBROTIC ILD ADJUDICATED,genomic,rs11154034_T_1,30,13.031169509957213,0.02814357441844209,343.97848003788835,0.0,123.02200875095954,0.16976038147405204,36.359882395902716,2.400210273244521,343.97848003788835
NONFIBROTIC ILD ADJUDICATED,genomic,rs11154034_T_2,30,434.9417256826615,0.02053003335289099,12842.917030786242,0.0,3621.2924738192837,1.6238066849186092,1294.1096348139956,33.03671016724982,12842.917030786242
NONFIBROTIC ILD ADJUDICATED,genomic,rs76931164_T_0,30,0.0,0.0,0.0,0.0,0.0,0.0,0.0,0.0,0.0
NONFIBROTIC ILD ADJUDICATED,genomic,rs76931164_T_1,30,0.004210025896833196,0.0,0.1263007769049959,0.0,0.03473271364887369,0.0,0.016840103587332785,0.0,0.1263007769049959
NONFIBROTIC ILD ADJUDICATED,genomic,rs76931164_T_2,30,0.0006855479210727725,0.0,0.020566437632183177,0.0,0.0056557703488503445,0.0,0.002056643763218318,0.0,0.020566437632183177
NONFIBROTIC ILD ADJUDICATED,genomic,rs79242376_G_0,30,0.027981969206929174,0.0,0.6819692750320071,0.0,0.294846664405333,0.0,0.07838015599166213,0.0,0.6819692750320071
NONFIBROTIC ILD ADJUDICATED,genomic,rs79242376_G_1,30,132.5120826131333,0.0003304688994534492,3967.693111359176,0.0,1094.771352439657,0.058475081831406026,397.20110552244915,0.5575274738665716,3967.693111359176
NONFIBROTIC ILD ADJUDICATED,genomic,rs79242376_G_2,30,1.4614212564359763,0.0,42.233635058282616,0.0,12.186052037311228,0.00896700108109728,4.303767815756417,0.17391622737401288,42.233635058282616
NONFIBROTIC ILD ADJUDICATED,genomic,rs9397724_G_0,30,0.16241194831921227,0.0,3.3747228959133513,0.0,1.4955417888582097,0.0021217462035416747,0.4527629319478298,0.023141384669880135,3.3747228959133513
NONFIBROTIC ILD ADJUDICATED,genomic,rs9397724_G_1,30,2.829433616132837,0.005330921144363362,48.916540887710475,0.0,38.313219693124516,0.030488882826353345,6.7574529642526855,0.3326924190288482,48.916540887710475
NONFIBROTIC ILD ADJUDICATED,genomic,rs9397724_G_2,30,4.305603167960331,0.002305436545259508,57.69640088866708,0.0,41.037747604047716,0.2067359618546257,9.509550965606236,4.127697083572752,57.69640088866708
NONFIBROTIC ILD ADJUDICATED,genomic,rs35677769_G_0,30,0.0,0.0,0.0,0.0,0.0,0.0,0.0,0.0,0.0
NONFIBROTIC ILD ADJUDICATED,genomic,rs35677769_G_1,30,12.992642220486097,0.0002198253703334035,316.238953802648,0.0,137.36498617101918,0.030289383582403018,36.401659794254144,0.3759206508610538,316.238953802648
NONFIBROTIC ILD ADJUDICATED,genomic,rs35677769_G_2,30,0.7489802892378068,0.0,22.32059433095928,0.0,6.165105097995223,0.0024820340508067244,2.238440268199016,0.026109438498161875,22.32059433095928
NONFIBROTIC ILD ADJUDICATED,genomic,rs12665063_A_0,30,0.0,0.0,0.0,0.0,0.0,0.0,0.0,0.0,0.0
NONFIBROTIC ILD ADJUDICATED,genomic,rs12665063_A_1,30,0.42955638093156456,0.0,10.52879832245789,0.0,3.8352536674868785,0.018977784244640555,1.174156420715449,0.4753875982274559,10.52879832245789
NONFIBROTIC ILD ADJUDICATED,genomic,rs12665063_A_2,30,0.2073488914297269,0.0,5.2164356629829225,0.0,1.7799272082063882,0.007952217280648011,0.5674471263176426,0.1153085372393114,5.2164356629829225
NONFIBROTIC ILD ADJUDICATED,genomic,rs6970647_T_0,30,1.2376725343256751,0.004130070025809185,35.83455680844599,0.0,10.203450784986101,0.017942472023576538,3.641199730933736,0.11042056844530715,35.83455680844599
NONFIBROTIC ILD ADJUDICATED,genomic,rs6970647_T_1,30,0.11007368488026138,0.002909854150654729,0.9942536477372035,0.0,0.9303896015556455,0.03661207494450845,0.2105119296000858,0.2682317882754802,0.9942536477372035
NONFIBROTIC ILD ADJUDICATED,genomic,rs6970647_T_2,30,1.289560364428641,0.009792705729658138,21.457400145896525,0.0,12.227647559029776,0.16419995297917514,2.8459037840181027,2.413751182955095,21.457400145896525
NONFIBROTIC ILD ADJUDICATED,genomic,rs2726049_A_0,30,46.695445014291764,0.004226144701839103,1386.756428701836,0.0,387.6329118295947,0.09534231464337248,139.35088988068767,1.3258671881037147,1386.756428701836
NONFIBROTIC ILD ADJUDICATED,genomic,rs2726049_A_1,30,1.5607491185301403,0.0019420270943139592,16.477701081805847,0.0,13.408528821918521,0.3789156490688139,3.272769510999602,5.66981579061165,16.477701081805847
NONFIBROTIC ILD ADJUDICATED,genomic,rs2726049_A_2,30,2.0853423307182157,0.005108457841707055,43.32632932686378,0.0,22.913285469268352,0.07835827857181436,5.405044522684991,0.8755308325322471,43.32632932686378
NONFIBROTIC ILD ADJUDICATED,genomic,rs34262641_A_0,30,0.0,0.0,0.0,0.0,0.0,0.0,0.0,0.0,0.0
NONFIBROTIC ILD ADJUDICATED,genomic,rs34262641_A_1,30,0.36023524367200005,0.0,10.715823393972753,0.0,2.987484077187766,0.0002929153068087148,1.0762133679284982,0.008787459204261444,10.715823393972753
NONFIBROTIC ILD ADJUDICATED,genomic,rs34262641_A_2,30,0.0,0.0,0.0,0.0,0.0,0.0,0.0,0.0,0.0
NONFIBROTIC ILD ADJUDICATED,genomic,rs2353082_C_0,30,0.2384314282299679,0.0,3.6336685105019813,0.0,2.5143265020187493,0.012980742230934721,0.5683680947542575,0.24835068828108406,3.6336685105019813
NONFIBROTIC ILD ADJUDICATED,genomic,rs2353082_C_1,30,205.1823267064972,0.03511731923048381,6145.756463134726,0.0,1692.6243389749884,0.12629777898817857,615.1743533206396,2.279230050870372,6145.756463134726
NONFIBROTIC ILD ADJUDICATED,genomic,rs2353082_C_2,30,269.99924371886505,0.001153075442197937,8096.372838355079,0.0,2227.4681245147367,0.0400024349524014,809.7922624338049,0.46957143428501413,8096.372838355079
NONFIBROTIC ILD ADJUDICATED,genomic,rs4727443_C_0,30,0.27161001699449244,0.0,5.848729669746311,0.0,2.2394941054880944,0.03022686206890537,0.736019448151565,0.5024812989626037,5.848729669746311
NONFIBROTIC ILD ADJUDICATED,genomic,rs4727443_C_1,30,0.19835007723125203,0.011435182538827623,3.1053673342488985,0.0,1.4967534868264372,0.05386973868718092,0.4331467947384931,0.5498761927701039,3.1053673342488985
NONFIBROTIC ILD ADJUDICATED,genomic,rs4727443_C_2,30,3.0509846922331496,0.004720785167387516,87.20830973644378,0.0,25.92455109290452,0.035761110512988824,8.946964600912738,0.47847659925183883,87.20830973644378
NONFIBROTIC ILD ADJUDICATED,genomic,rs62505367_T_0,30,1.1041551637246199,0.005881767443106024,17.379888512044257,0.0,8.866434320833115,0.18301878440175828,2.48565724693609,2.5696816896485597,17.379888512044257
NONFIBROTIC ILD ADJUDICATED,genomic,rs62505367_T_1,30,0.24809313511110037,0.014137188627887216,2.8735241083929646,0.0,2.4625113847740705,0.05790453953177965,0.5076415910955007,0.34252044897212386,2.8735241083929646
NONFIBROTIC ILD ADJUDICATED,genomic,rs62505367_T_2,30,0.8103834084375467,0.010764055846079746,12.634557865534246,0.0,8.311892807787945,0.0487667303976967,1.9241649777571854,0.26031948273385297,12.634557865534246
NONFIBROTIC ILD ADJUDICATED,genomic,rs3887876_C_0,30,0.17291182436440816,0.0,3.6617039652362826,0.0,2.0956089035689547,0.0004996234115863135,0.46677864915402967,0.008346735316653624,3.6617039652362826
NONFIBROTIC ILD ADJUDICATED,genomic,rs3887876_C_1,30,156.57490873730526,0.026473942020092477,4643.264245024667,0.0,1298.7823424282174,0.20149419226162518,467.2659534839946,1.3412211321557392,4643.264245024667
NONFIBROTIC ILD ADJUDICATED,genomic,rs3887876_C_2,30,32.33181652173299,0.007033554561512865,966.4442308278565,0.0,266.8313397638398,0.050373521812675695,96.80355276724461,0.45516768859540013,966.4442308278565
NONFIBROTIC ILD ADJUDICATED,genomic,rs68170294_G_0,30,0.23919015730712548,0.0,6.518905512937466,0.0,2.0906914873490727,0.0011125944021998784,0.6808637673655401,0.016688916032998175,6.518905512937466
NONFIBROTIC ILD ADJUDICATED,genomic,rs68170294_G_1,30,1.1189887040537059,0.0,25.189499110476262,0.0,9.401615475513607,0.09460295903269725,2.9530590704817277,1.9596526043568847,25.189499110476262
NONFIBROTIC ILD ADJUDICATED,genomic,rs68170294_G_2,30,43.621036695794515,0.016042974707870142,1292.5409828025986,0.0,365.7570203272412,0.042998814985279285,130.28877775269115,0.31440714149655946,1292.5409828025986
NONFIBROTIC ILD ADJUDICATED,genomic,rs74987898_C_0,30,0.0,0.0,0.0,0.0,0.0,0.0,0.0,0.0,0.0
NONFIBROTIC ILD ADJUDICATED,genomic,rs74987898_C_1,30,1.468801127861789,0.0,39.8669805094269,0.0,12.25728586872761,0.05345486735305719,4.158988497219481,0.8665347734462476,39.8669805094269
NONFIBROTIC ILD ADJUDICATED,genomic,rs74987898_C_2,30,3.564127381587668,0.0,94.01962359740392,0.0,33.02267251809605,0.05829814878772837,11.144533675064189,0.8032954676630987,94.01962359740392
NONFIBROTIC ILD ADJUDICATED,genomic,rs10976897_G_0,30,0.0,0.0,0.0,0.0,0.0,0.0,0.0,0.0,0.0
NONFIBROTIC ILD ADJUDICATED,genomic,rs10976897_G_1,30,0.5354313948162549,0.0,11.854373325807115,0.0,6.304659222144087,0.00016530415710273814,1.4656202216804144,0.002771167750671168,11.854373325807115
NONFIBROTIC ILD ADJUDICATED,genomic,rs10976897_G_2,30,0.013453043683825218,0.0,0.39991212117427355,0.0,0.11233544796169986,0.0,0.04022233979147909,0.0,0.39991212117427355
NONFIBROTIC ILD ADJUDICATED,genomic,rs62530710_G_0,30,0.0,0.0,0.0,0.0,0.0,0.0,0.0,0.0,0.0
NONFIBROTIC ILD ADJUDICATED,genomic,rs62530710_G_1,30,0.013147996900185014,0.0,0.21936643129556788,0.0,0.14838843973435148,0.001429717320307869,0.03194870056699778,0.009963767606047402,0.21936643129556788
NONFIBROTIC ILD ADJUDICATED,genomic,rs62530710_G_2,30,0.038428328723878906,0.0,0.7611355792570311,0.0,0.42856242353409846,0.0022823750253940967,0.09798183418712814,0.024117136055575385,0.7611355792570311
NONFIBROTIC ILD ADJUDICATED,genomic,rs10869195_A_0,30,0.002350107661844938,0.0,0.06266764147545283,0.0,0.022914402981173556,0.0,0.00678913670620497,0.0,0.06266764147545283
NONFIBROTIC ILD ADJUDICATED,genomic,rs10869195_A_1,30,0.031920263297303984,0.0,0.7508169236032365,0.0,0.342369269396713,0.000406816639222114,0.08781824274870861,0.0071438477438256435,0.7508169236032365
NONFIBROTIC ILD ADJUDICATED,genomic,rs10869195_A_2,30,0.014660339820491164,0.0,0.228793272314422,0.0,0.1767864807672581,0.0011538248121121253,0.0366675979597684,0.017314496173545538,0.228793272314422
NONFIBROTIC ILD ADJUDICATED,genomic,rs56744128_A_0,30,0.06597920265907466,0.0,1.316507979233838,0.0,0.6580434347531783,0.0020791242619539875,0.15461653051063262,0.024640866724423994,1.316507979233838
NONFIBROTIC ILD ADJUDICATED,genomic,rs56744128_A_1,30,6.6721138135622,0.0,198.00957625909953,0.0,55.0295765535953,0.02240084612081419,19.902067604864893,0.5622294221894846,198.00957625909953
NONFIBROTIC ILD ADJUDICATED,genomic,rs56744128_A_2,30,1.2550126726543553,0.006954844960532499,35.11891121737506,0.0,10.416625163763634,0.03174449064280632,3.640048146319212,0.326635576252454,35.11891121737506
NONFIBROTIC ILD ADJUDICATED,genomic,rs1923802_T_0,30,0.0,0.0,0.0,0.0,0.0,0.0,0.0,0.0,0.0
NONFIBROTIC ILD ADJUDICATED,genomic,rs1923802_T_1,30,0.09732552520073276,0.0,2.317801513734446,0.0,1.0054207470400844,0.0015023629722982796,0.2827745041024316,0.019632774101032962,2.317801513734446
NONFIBROTIC ILD ADJUDICATED,genomic,rs1923802_T_2,30,1.1061517484886232,0.0,29.055255215423575,0.0,10.945883055439685,0.0010505884167356565,3.1783378839446756,0.017329679907972895,29.055255215423575
NONFIBROTIC ILD ADJUDICATED,genomic,rs1851741_G_0,30,0.3631791891901867,0.0033564386570214266,6.501899141333722,0.0,3.443453713236507,0.04866140853485618,0.8089454427675415,0.533786545313413,6.501899141333722
NONFIBROTIC ILD ADJUDICATED,genomic,rs1851741_G_1,30,2.0309765915489555,0.007129739175000326,29.864514050469353,0.0,21.054085203232606,0.2775237944577783,4.62593368453501,5.15934672922093,29.864514050469353
NONFIBROTIC ILD ADJUDICATED,genomic,rs1851741_G_2,30,399.0174180008585,0.014092518563350483,11845.911923295089,0.0,3340.579335670214,0.23133465083523735,1192.4373556030982,3.0069573298524106,11845.911923295089
NONFIBROTIC ILD ADJUDICATED,genomic,rs7041597_T_0,30,0.029521227452795964,0.0,0.48700644005343235,0.0,0.3657254900000019,0.001458342015033055,0.07412612841854274,0.024582782906684728,0.48700644005343235
NONFIBROTIC ILD ADJUDICATED,genomic,rs7041597_T_1,30,0.2062689408422229,0.01261741284408896,3.2166311431258174,0.0,1.8151247082707356,0.03355536886832464,0.455300157801579,0.26778280322594944,3.2166311431258174
NONFIBROTIC ILD ADJUDICATED,genomic,rs7041597_T_2,30,6.3427768003911975,0.010834078175962197,161.26707885030487,0.0,61.26267717504648,0.10979657520598299,17.788298096338146,2.0670801816992386,161.26707885030487
NONFIBROTIC ILD ADJUDICATED,genomic,rs13299670_C_0,30,0.0,0.0,0.0,0.0,0.0,0.0,0.0,0.0,0.0
NONFIBROTIC ILD ADJUDICATED,genomic,rs13299670_C_1,30,0.0034059180283236143,0.0,0.06759768330843877,0.0,0.03923774908481201,0.0001244849474032751,0.008923284811885148,0.002364776464010853,0.06759768330843877
NONFIBROTIC ILD ADJUDICATED,genomic,rs13299670_C_2,30,0.03729582670665081,0.0,1.0937952778085414,0.0,0.30794407726092826,0.00021851744110635684,0.1104367852217973,0.006555523233190705,1.0937952778085414
NONFIBROTIC ILD ADJUDICATED,genomic,rs61829240_G_0,30,0.0,0.0,0.0,0.0,0.0,0.0,0.0,0.0,0.0
NONFIBROTIC ILD ADJUDICATED,genomic,rs61829240_G_1,30,1.209746770542455,0.0,26.090480863496268,0.0,10.682155967821432,0.04021513485535905,3.1096424854798475,0.5162011653230297,26.090480863496268
NONFIBROTIC ILD ADJUDICATED,genomic,rs61829240_G_2,30,0.6782889816723418,0.0,12.111499885098578,0.0,8.527145685571607,0.0012957617231225944,1.7258964224342301,0.017787255974908833,12.111499885098578
NONFIBROTIC ILD ADJUDICATED,genomic,rs1189320_G_0,30,2.454304866284196,0.0040042630036834954,62.217300828237775,0.0,22.528834361462177,0.07039061850834595,6.942200076609552,0.9540628013270377,62.217300828237775
NONFIBROTIC ILD ADJUDICATED,genomic,rs1189320_G_1,30,0.11787571047970609,0.008071049838854961,1.5008746188196054,0.0,0.8925461491392274,0.029352934439317618,0.2297854627809516,0.30597478679204027,1.5008746188196054
NONFIBROTIC ILD ADJUDICATED,genomic,rs1189320_G_2,30,0.21060452387116083,0.0,5.133876692084101,0.0,2.1303130459273754,0.004601187989861748,0.584348439629588,0.036449168212709056,5.133876692084101
NONFIBROTIC ILD ADJUDICATED,genomic,rs55672765_C_0,30,0.2989851296907516,0.0,5.053471932656455,0.0,4.142843082052594,0.0,0.7625632046746401,0.0,5.053471932656455
NONFIBROTIC ILD ADJUDICATED,genomic,rs55672765_C_1,30,4.339558605958564,0.00038830415024795293,121.90015513033394,0.0,37.07179270502303,0.04796403357456602,12.651833712806127,0.6443607771068259,121.90015513033394
NONFIBROTIC ILD ADJUDICATED,genomic,rs55672765_C_2,30,0.08028235959422325,0.0,1.9838547138750617,0.0,0.6995392265437556,0.005304692814625575,0.21996451910877315,0.05052721842634063,1.9838547138750617
NONFIBROTIC ILD ADJUDICATED,genomic,rs34547036_C_0,30,0.03285122792345569,0.0,0.9855368377036707,0.0,0.27102263036850804,0.0,0.09855368377036708,0.0,0.9855368377036707
NONFIBROTIC ILD ADJUDICATED,genomic,rs34547036_C_1,30,2.7929215239345226,0.0,48.009122248813114,0.0,22.4478503058695,0.4301818353901069,6.2979402509513855,8.893612126487376,48.009122248813114
NONFIBROTIC ILD ADJUDICATED,genomic,rs34547036_C_2,30,0.3315551252353409,0.0,6.633125326486081,0.0,2.5718181549545536,0.0477423844061514,0.7957078061069268,0.7580393404938433,6.633125326486081
NONFIBROTIC ILD ADJUDICATED,genomic,rs10748858_T_0,30,17.576028048862263,0.06214884141236607,436.51271979822627,0.0,177.0355103717037,0.26430898539061365,49.31195295490041,1.6820287412440322,436.51271979822627
NONFIBROTIC ILD ADJUDICATED,genomic,rs10748858_T_1,30,0.4556953121284304,0.011953400334377667,5.2540038679630445,0.0,3.956563376661409,0.12963487780345095,0.9261632819874993,1.1437781781969825,5.2540038679630445
NONFIBROTIC ILD ADJUDICATED,genomic,rs10748858_T_2,30,1.1624821889784218,0.001292238631906309,32.72368878683501,0.0,9.669734075998619,0.023224874696666457,3.365982866516972,0.28621514890831473,32.72368878683501
NONFIBROTIC ILD ADJUDICATED,genomic,rs2067832_G_0,30,0.9520810675801867,0.0003572936644829711,21.590150170809068,0.0,9.735941285662197,0.007726600093584738,2.517136108472841,0.048793842444800374,21.590150170809068
NONFIBROTIC ILD ADJUDICATED,genomic,rs2067832_G_1,30,0.7222473140215204,0.008381665459483972,11.516636580037789,0.0,8.471631500916997,0.05080188613862437,1.6663875662955125,0.3134586922685577,11.516636580037789
NONFIBROTIC ILD ADJUDICATED,genomic,rs2067832_G_2,30,4.848611386380972,0.0031942356486657506,90.7387704264797,0.0,62.99819676896581,0.019785301164322623,12.592143356315653,0.11227803088330572,90.7387704264797
NONFIBROTIC ILD ADJUDICATED,genomic,rs11191865_G_0,30,0.01982842009607637,0.0,0.34221681237496226,0.0,0.17201650714041922,0.0027249979317535695,0.04434777607083142,0.03687384317902306,0.34221681237496226
NONFIBROTIC ILD ADJUDICATED,genomic,rs11191865_G_1,30,0.3240232942433249,0.0034808030124904715,8.674169488210548,0.0,2.6027756500410155,0.01388285926627356,0.9173475171757334,0.18387984346488453,8.674169488210548
NONFIBROTIC ILD ADJUDICATED,genomic,rs11191865_G_2,30,0.39651259846104936,0.0,9.30630969689773,0.0,3.925480386143679,0.013685922034535936,1.098801896496452,0.18954533954737615,9.30630969689773
NONFIBROTIC ILD ADJUDICATED,genomic,rs4918072_G_0,30,4.161097580992304,0.0,113.0092268402563,0.0,37.745348292217045,0.04153006072678891,12.01461104243287,0.675942245693563,113.0092268402563
NONFIBROTIC ILD ADJUDICATED,genomic,rs4918072_G_1,30,0.383110110848805,0.023035342780673373,9.079583926174458,0.0,3.0571362122934502,0.0476361989649503,1.0116812844262761,0.2921071340581322,9.079583926174458
NONFIBROTIC ILD ADJUDICATED,genomic,rs4918072_G_2,30,103.20506659577845,0.01078706843216339,2999.035695836513,0.0,876.5721432542989,0.14834014347880367,304.55516110247135,2.0572636223628673,2999.035695836513
NONFIBROTIC ILD ADJUDICATED,genomic,rs10886437_C_0,30,0.14069032280018995,0.00178827108821781,2.8095757093184877,0.0,1.082185232148822,0.021383335962059852,0.34239411084465343,0.2627806264398028,2.8095757093184877
NONFIBROTIC ILD ADJUDICATED,genomic,rs10886437_C_1,30,16.02892876039856,0.03072678251634066,433.82285667678457,0.0,138.33237655603887,0.2981886232497779,46.09462335150265,5.12069686400127,433.82285667678457
NONFIBROTIC ILD ADJUDICATED,genomic,rs10886437_C_2,30,26.018949878350504,0.03451897966965925,671.747135104862,0.0,242.18737078722478,0.5258010717592911,73.5794663435067,9.67901033508787,671.747135104862
NONFIBROTIC ILD ADJUDICATED,genomic,rs616768_G_0,30,0.7979116792854429,0.0236794849525949,11.253520195387315,0.0,5.915790709126227,0.16533331637048002,1.730580900217617,2.326904002582729,11.253520195387315
NONFIBROTIC ILD ADJUDICATED,genomic,rs616768_G_1,30,0.28437394245569597,0.03712252413598088,1.9891374320943171,0.0,1.5302972061931812,0.1336995717395021,0.4754903171661365,0.9298418674783343,1.9891374320943171
NONFIBROTIC ILD ADJUDICATED,genomic,rs616768_G_2,30,1.078683411105112,0.0022773509467324286,15.975804629147063,0.0,13.293892214806382,0.0626069965156897,2.4782350447886428,1.2116256320771899,15.975804629147063
NONFIBROTIC ILD ADJUDICATED,genomic,rs7942850_T_0,30,0.32985792588660395,0.0016243856659154394,4.620289098222672,0.0,4.617299020103346,0.014759383489264349,0.7884596923948078,0.13225143636975317,4.620289098222672
NONFIBROTIC ILD ADJUDICATED,genomic,rs7942850_T_1,30,7.058516863963628,0.012609753870649096,205.50956152006137,0.0,57.56040669859566,0.1216467783636505,20.79945445151821,0.9443332318842168,205.50956152006137
NONFIBROTIC ILD ADJUDICATED,genomic,rs7942850_T_2,30,3.5232466056963014,0.004901530614854256,61.913351277915886,0.0,34.20319219383509,0.4801770664985211,8.487766743637245,5.164037280914592,61.913351277915886
NONFIBROTIC ILD ADJUDICATED,genomic,rs7934606_C_0,30,0.6365431616964566,0.012316699783872126,8.606323967312111,0.0,7.764491521421615,0.06760724542611384,1.46092040954541,0.8196102502682701,8.606323967312111
NONFIBROTIC ILD ADJUDICATED,genomic,rs7934606_C_1,30,2.589561187314932,0.00632919930869202,57.634286842280666,0.0,28.955124031442303,0.04851792148196864,6.466929513135665,0.35512312228687976,57.634286842280666
NONFIBROTIC ILD ADJUDICATED,genomic,rs7934606_C_2,30,5.467152231060165,0.0003449404849710328,161.8854120767078,0.0,45.29702257191327,0.013168117125771168,16.266923817817425,0.10269482105575886,161.8854120767078
NONFIBROTIC ILD ADJUDICATED,genomic,rs4077759_T_0,30,5.466634939412859,0.0,158.1908761403742,0.0,46.81911418350542,0.019120931940133732,16.135032891114466,0.1800872136614193,158.1908761403742
NONFIBROTIC ILD ADJUDICATED,genomic,rs4077759_T_1,30,17.549693504320793,0.019335834388424185,459.11085490556434,0.0,157.44474495451948,0.15005211156220785,48.97343951572623,2.085581787619116,459.11085490556434
NONFIBROTIC ILD ADJUDICATED,genomic,rs4077759_T_2,30,3.1082106104674145,0.010401298972638275,65.88643100675812,0.0,35.21798915612573,0.03866006688093501,7.601590414735686,0.2143495040048294,65.88643100675812
NONFIBROTIC ILD ADJUDICATED,genomic,rs7952154_C_0,30,0.0034873661161948363,0.0,0.05845019202367556,0.0,0.04954762661658367,0.0,0.008923071966512191,0.0,0.05845019202367556
NONFIBROTIC ILD ADJUDICATED,genomic,rs7952154_C_1,30,2.4248046151202396,0.0063019974290692785,29.960126018901097,0.0,24.747893702419336,0.17339209205717307,5.183222587541265,3.859925311909598,29.960126018901097
NONFIBROTIC ILD ADJUDICATED,genomic,rs7952154_C_2,30,8.979166957116577,0.009480667691135881,214.00544138458517,0.0,92.20469228869126,0.19329761730945927,24.559179123665103,2.8026229751602703,214.00544138458517
NONFIBROTIC ILD ADJUDICATED,genomic,rs34425120_G_0,30,0.018956140418109453,0.0,0.5237570093190775,0.0,0.176605399900295,0.0,0.05540828714954163,0.0,0.5237570093190775
NONFIBROTIC ILD ADJUDICATED,genomic,rs34425120_G_1,30,1.2143160751791617,0.0,34.2082832576843,0.0,10.592532081035738,0.010587482495322204,3.513252887638848,0.17453545525837158,34.2082832576843
NONFIBROTIC ILD ADJUDICATED,genomic,rs34425120_G_2,30,0.2917430391251555,0.0017702518426230254,7.085818795080857,0.0,2.2605781534366036,0.029487344008056,0.7745270458627936,0.24479127523886385,7.085818795080857
NONFIBROTIC ILD ADJUDICATED,genomic,rs35705950.1_G_0,30,0.0004906139337014218,0.0,0.014718418011042655,0.0,0.0040475649530367095,0.0,0.0014718418011042654,0.0,0.014718418011042655
NONFIBROTIC ILD ADJUDICATED,genomic,rs35705950.1_G_1,30,0.30206100541822667,0.0030660920069871317,6.375963502639438,0.0,2.7904234122779386,0.0321599486290562,0.842621224499614,0.3052303315317549,6.375963502639438
NONFIBROTIC ILD ADJUDICATED,genomic,rs35705950.1_G_2,30,6.097731052165371,0.0005184218268477128,174.66964114370614,0.0,53.1680909268311,0.009973390904229834,17.770973726177584,0.0893587961291506,174.66964114370614
NONFIBROTIC ILD ADJUDICATED,genomic,rs2857476_C_0,30,0.9835065422314112,0.00010251402940473913,18.004950596712884,0.0,12.658234515114568,0.012389495352845739,2.5248462483533562,0.09228132282488441,18.004950596712884
NONFIBROTIC ILD ADJUDICATED,genomic,rs2857476_C_1,30,0.5971971920461147,0.0,9.232040275459221,0.0,8.757162609502236,0.0026819750014818984,1.4801781714913556,0.02370826036982529,9.232040275459221
NONFIBROTIC ILD ADJUDICATED,genomic,rs2857476_C_2,30,1.783534798362111,0.0,28.77400645998219,0.0,20.518139540035943,0.06264531530028529,4.465885444281649,1.3163793794488947,28.77400645998219
NONFIBROTIC ILD ADJUDICATED,genomic,rs3829223_C_0,30,2.359421686479244,0.0,68.46408472019438,0.0,20.31299523396512,0.0060972691515856995,6.933430857871825,0.07343527141236005,68.46408472019438
NONFIBROTIC ILD ADJUDICATED,genomic,rs3829223_C_1,30,0.09519925233275292,0.0,1.9643191421430526,0.0,0.8884258777099696,0.006824860083843194,0.23143817827394486,0.050214377873838034,1.9643191421430526
NONFIBROTIC ILD ADJUDICATED,genomic,rs3829223_C_2,30,7.277830524141191,0.004109305149911739,99.48026168751748,0.0,91.8698538617791,0.5182378959318218,16.975396626154,8.147778990010101,99.48026168751748
NONFIBROTIC ILD ADJUDICATED,genomic,rs3750920_C_0,30,1.640281705124311,0.003435492330080992,43.339808714012236,0.0,14.26701501617637,0.03966169783775487,4.7563294408151044,0.9324883006131316,43.339808714012236
NONFIBROTIC ILD ADJUDICATED,genomic,rs3750920_C_1,30,7.899812671067866,0.00040783756949440083,177.64305509611413,0.0,91.32839144965536,0.01779930174919263,21.705085378861753,0.154205179566763,177.64305509611413
NONFIBROTIC ILD ADJUDICATED,genomic,rs3750920_C_2,30,8.85930498878997,0.0013646692894356285,162.22860143911151,0.0,102.32350508667457,0.35423992558547024,22.41790344387321,4.857795104159837,162.22860143911151
NONFIBROTIC ILD ADJUDICATED,genomic,rs5743894_T_0,30,1.115013203048286,0.0,28.347183073227935,0.0,11.064543568348938,0.007978642689570768,3.1703439176972092,0.13930236555630066,28.347183073227935
NONFIBROTIC ILD ADJUDICATED,genomic,rs5743894_T_1,30,1.4142400130572794,0.009901619222217599,29.840663038013833,0.0,11.977285059121467,0.15382983598508218,3.596677387930533,1.5609835966991406,29.840663038013833
NONFIBROTIC ILD ADJUDICATED,genomic,rs5743894_T_2,30,2.7547487426197548,0.0061367911620297585,80.2058121087919,0.0,22.480907072563436,0.04642012384161848,8.11780298873447,0.31694494774756005,80.2058121087919
NONFIBROTIC ILD ADJUDICATED,genomic,rs5743890_T_0,30,0.004493821532866659,0.0,0.12136674983901534,0.0,0.043125580912292766,0.0,0.013033201393700495,0.0,0.12136674983901534
NONFIBROTIC ILD ADJUDICATED,genomic,rs5743890_T_1,30,1.4426754456101905,0.0006346401071997787,22.98809392615181,0.0,16.19356126864737,0.08703125944251182,3.357847496760902,2.2952123069058716,22.98809392615181
NONFIBROTIC ILD ADJUDICATED,genomic,rs5743890_T_2,30,7.522790463422053,0.0002717661977888828,221.47797286638792,0.0,63.34195392388133,0.015613502554869341,29.534755263245756,0.14322876192985867,221.47797286638792
NONFIBROTIC ILD ADJUDICATED,genomic,rs7122936_A_0,30,8.935818685212828,0.006918362872048013,256.53345916393357,0.0,77.92897337722671,0.03732161070309731,26.760467909666442,0.38473525811617454,256.53345916393357
NONFIBROTIC ILD ADJUDICATED,genomic,rs7122936_A_1,30,3.928864277487315,0.006706467028199138,84.80160375733786,0.0,40.107471850282096,0.15696685699388627,10.48279970533457,1.8578442056542117,84.80160375733786
NONFIBROTIC ILD ADJUDICATED,genomic,rs7122936_A_2,30,0.06321112821734512,0.0068543992068332334,1.0403875725575538,0.0,0.5043426700661721,0.013644291755319265,0.13823505332869906,0.10886382392700046,1.0403875725575538
NONFIBROTIC ILD ADJUDICATED,genomic,rs61867586_C_0,30,0.0006483569315249078,0.0,0.01945070794574723,0.0,0.005348944685080461,0.0,0.0019450707945747232,0.0,0.01945070794574723
NONFIBROTIC ILD ADJUDICATED,genomic,rs61867586_C_1,30,2.0207416123000317,0.0,57.963106280725434,0.0,17.529481423494342,0.009768607137031614,5.955734946563858,0.13575278137765287,57.963106280725434
NONFIBROTIC ILD ADJUDICATED,genomic,rs61867586_C_2,30,0.15684498528819713,0.0012395890633856133,3.5260076067097272,0.0,1.3656055911097993,0.015455183122049678,0.4139415512805172,0.16693054080021497,3.5260076067097272
NONFIBROTIC ILD ADJUDICATED,genomic,rs73409602_C_0,30,0.001463938942738523,0.0,0.03824202565125614,0.0,0.013034119599969632,0.0,0.0041299363091580705,0.0,0.03824202565125614
NONFIBROTIC ILD ADJUDICATED,genomic,rs73409602_C_1,30,6.638148000306235,0.0030952365938535257,196.76834931271452,0.0,54.45403618121202,0.04460218037088242,19.768234767074212,0.40609349166583925,196.76834931271452
NONFIBROTIC ILD ADJUDICATED,genomic,rs73409602_C_2,30,0.09720801994592466,0.0010471395025119085,1.8135538158562774,0.0,0.8240313995181976,0.014559393031406362,0.22983021377073815,0.10146127960533481,1.8135538158562774
NONFIBROTIC ILD ADJUDICATED,genomic,rs74760554_C_0,30,0.0,0.0,0.0,0.0,0.0,0.0,0.0,0.0,0.0
NONFIBROTIC ILD ADJUDICATED,genomic,rs74760554_C_1,30,1.7188364324542431,0.0006058332956711608,46.88468642858754,0.0,14.243916308889965,0.06676774996925686,4.885949135338752,0.6446518858343729,46.88468642858754
NONFIBROTIC ILD ADJUDICATED,genomic,rs74760554_C_2,30,0.27775296032712843,0.0,7.632108406205317,0.0,2.3306695224578404,0.0026914038592855552,0.795967061494212,0.04721629429750457,7.632108406205317
NONFIBROTIC ILD ADJUDICATED,genomic,rs12275748_C_0,30,0.0007517317359902011,0.0,0.022551952079706034,0.0,0.006201786821919127,0.0,0.002255195207970603,0.0,0.022551952079706034
NONFIBROTIC ILD ADJUDICATED,genomic,rs12275748_C_1,30,0.7587816835672665,0.0,11.478190466046183,0.0,9.722597963620654,0.026779172046946614,1.8133634301632608,0.3978185865645263,11.478190466046183
NONFIBROTIC ILD ADJUDICATED,genomic,rs12275748_C_2,30,0.4718539784787284,0.0,12.142021219569866,0.0,4.029773833480648,0.009714922323373561,1.3143458132183565,0.13136425684885614,12.142021219569866
NONFIBROTIC ILD ADJUDICATED,genomic,rs664034_T_0,30,2.052580313021084,0.007434807477574091,49.424007400910526,0.0,18.14597678865834,0.061742375101656956,5.6578778930147005,0.4960920298220247,49.424007400910526
NONFIBROTIC ILD ADJUDICATED,genomic,rs664034_T_1,30,2.382081091710145,0.027479887856778372,47.04847686002165,0.0,22.16160302000779,0.306463906771057,5.8477027723428225,2.8285172144059305,47.04847686002165
NONFIBROTIC ILD ADJUDICATED,genomic,rs664034_T_2,30,150.214738728372,0.01533722856382205,4452.237708216656,0.0,1257.1331237224372,0.10681047802652205,448.48577974198224,0.708875589213363,4452.237708216656
NONFIBROTIC ILD ADJUDICATED,genomic,rs10842996_T_0,30,0.07110552414660498,0.003156782709826031,0.5770655989572301,0.0,0.5516436303424924,0.01884620799029644,0.1322806586080071,0.2028443518436773,0.5770655989572301
NONFIBROTIC ILD ADJUDICATED,genomic,rs10842996_T_1,30,302.50462296975707,0.015389799340171251,7537.00023078095,0.0,3179.3657752632516,0.05964453190085688,906.418381621202,0.5039038191232874,7537.00023078095
NONFIBROTIC ILD ADJUDICATED,genomic,rs10842996_T_2,30,2.301694893242692,0.06516411461349328,46.58530625546492,0.0,25.81719312987807,0.10661513736857747,6.058065582592062,1.0742671634574095,46.58530625546492
NONFIBROTIC ILD ADJUDICATED,genomic,rs10783497_A_0,30,0.04596724459297089,0.0,1.3788296074265582,0.0,0.37931424655516377,0.0,0.1378892184214081,0.0,1.3788296074265582
NONFIBROTIC ILD ADJUDICATED,genomic,rs10783497_A_1,30,3.9670340539221836,0.0,55.570786916031494,0.0,32.13895968112587,0.7155617473330723,8.228944468236742,18.46752146879841,55.570786916031494
NONFIBROTIC ILD ADJUDICATED,genomic,rs10783497_A_2,30,3.445446476387323,0.03145292238809555,40.136122659589,0.0,28.888084758812482,0.5870367985308387,6.948722411808152,7.97843856076132,40.136122659589
NONFIBROTIC ILD ADJUDICATED,genomic,rs117427783_T_0,30,0.0003536357099211786,0.0,0.006739292163314745,0.0,0.004658895217293994,0.0,0.0009319144919528487,0.0,0.006739292163314745
NONFIBROTIC ILD ADJUDICATED,genomic,rs117427783_T_1,30,0.223641809516647,0.0,4.841771578972621,0.0,2.027897127992854,0.005669986510053048,0.5758683248310829,0.05732144067547782,4.841771578972621
NONFIBROTIC ILD ADJUDICATED,genomic,rs117427783_T_2,30,0.03639521826013379,0.0,0.9403148565522244,0.0,0.2913187048111956,0.0020601740243178716,0.10050089078540762,0.024368189998895878,0.9403148565522244
NONFIBROTIC ILD ADJUDICATED,genomic,rs76739551_C_0,30,0.0,0.0,0.0,0.0,0.0,0.0,0.0,0.0,0.0
NONFIBROTIC ILD ADJUDICATED,genomic,rs76739551_C_1,30,0.3218486606307477,0.0,5.571706608080305,0.0,3.0305638400688304,0.011053724881352579,0.8245760609437371,0.1571604570251794,5.571706608080305
NONFIBROTIC ILD ADJUDICATED,genomic,rs76739551_C_2,30,0.00632597065358195,0.0,0.1848366220254215,0.0,0.053031327492927084,0.0,0.01877549757583215,0.0,0.1848366220254215
NONFIBROTIC ILD ADJUDICATED,genomic,rs78288787_C_0,30,0.0,0.0,0.0,0.0,0.0,0.0,0.0,0.0,0.0
NONFIBROTIC ILD ADJUDICATED,genomic,rs78288787_C_1,30,0.002971031363861511,0.0,0.06506516374114217,0.0,0.03137772319273979,1.3050667344651413e-05,0.007928699896669876,0.0003915200203395424,0.06506516374114217
NONFIBROTIC ILD ADJUDICATED,genomic,rs78288787_C_2,30,0.14500742126618274,0.0,2.0961828695787856,0.0,1.453738904431352,0.01470897309163733,0.32599070663843327,0.23453971215397237,2.0961828695787856
NONFIBROTIC ILD ADJUDICATED,genomic,rs12422371_C_0,30,0.08770198293680162,0.0,1.6680097149076738,0.0,0.9332399932096613,0.005307428424582371,0.21999432315178205,0.05423809581524117,1.6680097149076738
NONFIBROTIC ILD ADJUDICATED,genomic,rs12422371_C_1,30,0.9458661995585947,0.003947158434317669,21.341259330215966,0.0,7.9114806036162655,0.08264742995507601,2.427750389274425,1.3485180765136733,21.341259330215966
NONFIBROTIC ILD ADJUDICATED,genomic,rs12422371_C_2,30,0.2726425447357351,0.004105119592978894,4.458152976227111,0.0,2.4328740579566355,0.041529441229696706,0.6454208384231906,0.7353618963337579,4.458152976227111
NONFIBROTIC ILD ADJUDICATED,genomic,rs325093_T_0,30,0.0,0.0,0.0,0.0,0.0,0.0,0.0,0.0,0.0
NONFIBROTIC ILD ADJUDICATED,genomic,rs325093_T_1,30,0.01976045623389169,0.0,0.30619863697854116,0.0,0.2409572899250052,0.001600889798205632,0.04918066341052298,0.010408553686180004,0.30619863697854116
NONFIBROTIC ILD ADJUDICATED,genomic,rs325093_T_2,30,0.6689036890649227,1.5568877986159694e-05,17.051148424753695,0.0,6.67144130372381,0.005726795886245159,1.8963733760339756,0.08772101347213825,17.051148424753695
NONFIBROTIC ILD ADJUDICATED,genomic,rs923077_A_0,30,0.00966510356894659,0.0,0.2899531070683977,0.0,0.07973710444380896,0.0,0.02899531070683977,0.0,0.2899531070683977
NONFIBROTIC ILD ADJUDICATED,genomic,rs923077_A_1,30,0.24410959466167487,0.0,6.389850534143216,0.0,1.9940162729106399,0.01347109343307884,0.6919806402861931,0.18126123707213915,6.389850534143216
NONFIBROTIC ILD ADJUDICATED,genomic,rs923077_A_2,30,1.5211426944368618,0.0003494983166733096,43.60433688864721,0.0,12.453199084812146,0.027266875507156847,4.448259360249787,0.30966119078248006,43.60433688864721
NONFIBROTIC ILD ADJUDICATED,genomic,rs6491201_C_0,30,0.30377927342429345,0.0,8.145301250849247,0.0,2.59906672271065,0.011032642304156706,1.0891184359313022,0.1545644631305487,8.145301250849247
NONFIBROTIC ILD ADJUDICATED,genomic,rs6491201_C_1,30,23.84126410945216,0.0011587818253715083,676.4116030525175,0.0,204.45966769328544,0.041980757450636584,69.3391780554655,0.4880147119081076,676.4116030525175
NONFIBROTIC ILD ADJUDICATED,genomic,rs6491201_C_2,30,4.214458647563635,0.0037251392810657294,100.0536940710143,0.0,45.75980884996663,0.008981067897723785,11.6900007543838,0.04754214227520479,100.0536940710143
NONFIBROTIC ILD ADJUDICATED,genomic,rs117750427_A_0,30,0.0,0.0,0.0,0.0,0.0,0.0,0.0,0.0,0.0
NONFIBROTIC ILD ADJUDICATED,genomic,rs117750427_A_1,30,0.02971656819165314,0.0,0.868372564716695,0.0,0.24785298199759714,0.0,0.08838042394817561,0.0,0.868372564716695
NONFIBROTIC ILD ADJUDICATED,genomic,rs117750427_A_2,30,0.034187201551516416,0.0,0.8431940492758919,0.0,0.3397145527672589,0.0,0.09423537634978593,0.0,0.8431940492758919
NONFIBROTIC ILD ADJUDICATED,genomic,rs17372089_A_0,30,0.0,0.0,0.0,0.0,0.0,0.0,0.0,0.0,0.0
NONFIBROTIC ILD ADJUDICATED,genomic,rs17372089_A_1,30,3.070708963146487,0.0,80.66942194914895,0.0,28.148821113389324,0.013424714739675471,8.821545145218881,0.1506829641732581,80.66942194914895
NONFIBROTIC ILD ADJUDICATED,genomic,rs17372089_A_2,30,0.006718144428221593,0.0,0.11439426676267685,0.0,0.07627159025927861,0.00025666010122508867,0.016432494567363252,0.00384990151837633,0.11439426676267685
NONFIBROTIC ILD ADJUDICATED,genomic,rs9577395_C_0,30,1.707598873787176,0.002964842176813228,49.47409750870802,0.0,14.036585137441849,0.025660000293480378,5.026494305083957,0.36013330093573737,49.47409750870802
NONFIBROTIC ILD ADJUDICATED,genomic,rs9577395_C_1,30,0.6058180517314509,0.01942045926087344,7.711461485770949,0.0,6.097675037788843,0.09788105522458519,1.2655283516393034,0.9408685077317908,7.711461485770949
NONFIBROTIC ILD ADJUDICATED,genomic,rs9577395_C_2,30,94.20245132285598,0.003673055534241257,2799.2776041287457,0.0,786.3179363651232,0.09835839951551983,281.53908842251,0.8893382975660971,2799.2776041287457
NONFIBROTIC ILD ADJUDICATED,genomic,rs1278769_G_0,30,0.06890777874774869,0.0,1.174286738406769,0.0,0.8767707987887244,0.0023255974227095965,0.17205655690640242,0.028798753310630757,1.174286738406769
NONFIBROTIC ILD ADJUDICATED,genomic,rs1278769_G_1,30,0.9453283553887014,0.001336442397258864,18.40762045756673,0.0,9.294425004411245,0.015456408967426973,2.598171364821485,0.072151923814059,18.40762045756673
NONFIBROTIC ILD ADJUDICATED,genomic,rs1278769_G_2,30,0.19962471288613232,5.0427636577474825e-05,2.731229159083444,0.0,1.6579691743902187,0.035431723239512,0.3915708758130325,0.36260886934946945,2.731229159083444
NONFIBROTIC ILD ADJUDICATED,genomic,rs17616659_G_0,30,2.0357905750854934,0.0,50.265287962582235,0.0,19.696391007873316,0.012523225956892203,5.578613585136057,0.3037043388891548,50.265287962582235
NONFIBROTIC ILD ADJUDICATED,genomic,rs17616659_G_1,30,0.8585634092748364,0.0002698593028399398,11.741782750032344,0.0,10.472096846096965,0.09078982999228835,1.990153551261076,1.184557690196362,11.741782750032344
NONFIBROTIC ILD ADJUDICATED,genomic,rs17616659_G_2,30,0.2994674978770595,0.008917641200288986,3.094847719473465,0.0,1.8058611443278216,0.09902757311750636,0.5611751373365964,0.8700925091042032,3.094847719473465
NONFIBROTIC ILD ADJUDICATED,genomic,rs34825924_G_0,30,0.5892024044085133,0.0031282739820343445,16.413467252576915,0.0,4.945120657504582,0.015315555582111444,1.7050589131144238,0.1734692077555454,16.413467252576915
NONFIBROTIC ILD ADJUDICATED,genomic,rs34825924_G_1,30,2.887586859461732,0.002724594950091099,62.58613239373814,0.0,34.22260521205832,0.010099030919965635,8.362048725930322,0.07767755963168664,62.58613239373814
NONFIBROTIC ILD ADJUDICATED,genomic,rs34825924_G_2,30,0.4959165238970758,0.00630871308717547,11.936875063720269,0.0,3.874833607749414,0.04856502541819393,1.3336693619297337,0.37832667558822675,11.936875063720269
NONFIBROTIC ILD ADJUDICATED,genomic,rs10518693_C_0,30,2.563204111878526,0.015776088986272783,53.29175496140992,0.0,25.068984230255765,0.15994394040420065,6.7614294766691465,3.4247054571801794,53.29175496140992
NONFIBROTIC ILD ADJUDICATED,genomic,rs10518693_C_1,30,3.1158852388886316,0.0059861467427730864,66.37600795492514,0.0,25.969946669917228,0.3629583089759294,7.675702876947267,5.716857444030291,66.37600795492514
NONFIBROTIC ILD ADJUDICATED,genomic,rs10518693_C_2,30,2.0603969316614377,0.005946204504881468,47.83004976457608,0.0,20.191021480863895,0.08020809368306987,5.539052892376777,1.2712017030708116,47.83004976457608
NONFIBROTIC ILD ADJUDICATED,genomic,rs2034650_A_0,30,2.423823404310411,0.012455718393178997,65.83392931725439,0.0,19.988195168489902,0.0780166683882057,7.085757428200942,1.4296850779990131,65.83392931725439
NONFIBROTIC ILD ADJUDICATED,genomic,rs2034650_A_1,30,0.3967496234011172,0.01127708721928097,5.85755221440759,0.0,2.787395985990705,0.11032253832415595,0.8394444781077591,1.1220577329447434,5.85755221440759
NONFIBROTIC ILD ADJUDICATED,genomic,rs2034650_A_2,30,0.41046426615881215,0.004116098643615002,7.721418721180611,0.0,3.990542104394404,0.04868847830763409,1.030449736281133,0.27502685147286493,7.721418721180611
NONFIBROTIC ILD ADJUDICATED,genomic,rs144948432_A_0,30,0.0,0.0,0.0,0.0,0.0,0.0,0.0,0.0,0.0
NONFIBROTIC ILD ADJUDICATED,genomic,rs144948432_A_1,30,0.0013634169949405832,0.0,0.03427904181382447,0.0,0.012793327694699076,0.0,0.003737475785602897,0.0,0.03427904181382447
NONFIBROTIC ILD ADJUDICATED,genomic,rs144948432_A_2,30,1.615166086981496e-05,0.0,0.0004845498260944488,0.0,0.00013325120217597272,0.0,4.8454982609444875e-05,0.0,0.0004845498260944488
NONFIBROTIC ILD ADJUDICATED,genomic,rs1496725_A_0,30,0.7872045902281197,0.002091591934381909,14.161894223346305,0.0,9.671790388344313,0.037055658609698595,1.9460422372467905,0.29914022050299127,14.161894223346305
NONFIBROTIC ILD ADJUDICATED,genomic,rs1496725_A_1,30,20.115403712120955,0.011310450416118771,588.370690796941,0.0,167.6478354982118,0.06782936364709924,59.93342385321775,0.7074346862644969,588.370690796941
NONFIBROTIC ILD ADJUDICATED,genomic,rs1496725_A_2,30,0.4697172897634994,0.0,10.554039324652663,0.0,4.054464419977468,0.02239735169086844,1.206030180536013,0.38376875223616475,10.554039324652663
NONFIBROTIC ILD ADJUDICATED,genomic,rs12928193_G_0,30,0.014342671827636662,0.0,0.3805481514202336,0.0,0.1407064441119918,0.0,0.04141172537212179,0.0,0.3805481514202336
NONFIBROTIC ILD ADJUDICATED,genomic,rs12928193_G_1,30,27.63440263357032,0.03093607238997594,789.5191439137179,0.0,233.5485906582137,0.37873858152102247,80.91415770669445,4.322497498103421,789.5191439137179
NONFIBROTIC ILD ADJUDICATED,genomic,rs12928193_G_2,30,6.103044799904103,0.0,157.50516779358097,0.0,55.70824625412553,0.1686469861076655,17.118146970931857,3.223204183865596,157.50516779358097
NONFIBROTIC ILD ADJUDICATED,genomic,rs9931202_G_0,30,0.02561332471709222,0.0,0.6025456091036075,0.0,0.250106427844138,0.0,0.0719380139006292,0.0,0.6025456091036075
NONFIBROTIC ILD ADJUDICATED,genomic,rs9931202_G_1,30,0.15955428161091975,0.0,2.278425505779229,0.0,1.495866647971427,0.021844894697363972,0.3573649956389287,0.22987280297698873,2.278425505779229
NONFIBROTIC ILD ADJUDICATED,genomic,rs9931202_G_2,30,0.2784393819942242,0.001985867468227786,4.515092102453196,0.0,3.0301573752836903,0.030251914989402412,0.6625219043473124,0.2862869394328441,4.515092102453196
NONFIBROTIC ILD ADJUDICATED,genomic,rs1273431_A_0,30,0.0,0.0,0.0,0.0,0.0,0.0,0.0,0.0,0.0
NONFIBROTIC ILD ADJUDICATED,genomic,rs1273431_A_1,30,0.0,0.0,0.0,0.0,0.0,0.0,0.0,0.0,0.0
NONFIBROTIC ILD ADJUDICATED,genomic,rs1273431_A_2,30,0.0,0.0,0.0,0.0,0.0,0.0,0.0,0.0,0.0
NONFIBROTIC ILD ADJUDICATED,genomic,rs71389435_C_0,30,0.0,0.0,0.0,0.0,0.0,0.0,0.0,0.0,0.0
NONFIBROTIC ILD ADJUDICATED,genomic,rs71389435_C_1,30,0.7391393864291148,0.0,16.848225130142712,0.0,8.215959955976455,0.00866403127172568,2.040636277898193,0.10539597522637315,16.848225130142712
NONFIBROTIC ILD ADJUDICATED,genomic,rs71389435_C_2,30,0.8710028772903846,0.0,17.068453321908965,0.0,8.603090073798164,0.044440665915768646,2.2775937493146956,0.9439821448692041,17.068453321908965
NONFIBROTIC ILD ADJUDICATED,genomic,rs6499642_C_0,30,4.444209392099692e-05,0.0,0.0013332628176299076,0.0,0.0003666472748482227,0.0,0.00013332628176299075,0.0,0.0013332628176299076
NONFIBROTIC ILD ADJUDICATED,genomic,rs6499642_C_1,30,3.0875699047722525,0.002849029928331278,79.37093649457249,0.0,27.084789330450068,0.05727209806084604,8.631962675962148,0.500206106679428,79.37093649457249
NONFIBROTIC ILD ADJUDICATED,genomic,rs6499642_C_2,30,0.322801024043014,0.0,5.288252716747004,0.0,3.3931476619094436,0.0050889342121018385,0.7590378437138243,0.06333141603592171,5.288252716747004
NONFIBROTIC ILD ADJUDICATED,genomic,rs12446021_G_0,30,0.09598803689591791,0.0,2.13988595576816,0.0,1.1247911223905407,0.0,0.2633056056507745,0.0,2.13988595576816
NONFIBROTIC ILD ADJUDICATED,genomic,rs12446021_G_1,30,2.802377733532751,0.0027751090794144867,70.73940349247329,0.0,26.047285611631494,0.058264308908422255,7.648113948937223,0.6218135257281838,70.73940349247329
NONFIBROTIC ILD ADJUDICATED,genomic,rs12446021_G_2,30,12.21746438063992,0.00010791404621744572,304.76161750025204,0.0,124.34127406661851,0.11949607973660675,34.264076653487095,1.8313008170843932,304.76161750025204
NONFIBROTIC ILD ADJUDICATED,genomic,rs28703652_G_0,30,0.7697235409048512,0.0002258109580897556,20.682202042333387,0.0,6.958146879585837,0.0066333195984491986,2.405887845133721,0.04463687252677385,20.682202042333387
NONFIBROTIC ILD ADJUDICATED,genomic,rs28703652_G_1,30,1.141045914742352,0.006451658242904695,14.780529329497803,0.0,11.738339556982272,0.09848872104291208,2.47485652392432,2.0643354942535543,14.780529329497803
NONFIBROTIC ILD ADJUDICATED,genomic,rs28703652_G_2,30,0.8136166382016231,0.007649650148498884,12.33192844689759,0.0,7.459819033519077,0.13959897758250553,1.858344900576811,2.0415812889524068,12.33192844689759
NONFIBROTIC ILD ADJUDICATED,genomic,rs169889_A_0,30,4.648403384625474,0.004098980792744564,134.21000721015676,0.0,39.210246952385994,0.04277385071520745,13.730427591988951,0.6200642319537774,134.21000721015676
NONFIBROTIC ILD ADJUDICATED,genomic,rs169889_A_1,30,10.493612339263702,0.0036934557523573184,303.81179090699794,0.0,86.84160374054429,0.058748470640983055,30.777792393598702,0.6677736114764325,303.81179090699794
NONFIBROTIC ILD ADJUDICATED,genomic,rs169889_A_2,30,1.308586653880983,0.004540866165588495,25.20654980193307,0.0,16.395447185758893,0.02246667757688473,3.440539758999794,0.1336667969459547,25.20654980193307
NONFIBROTIC ILD ADJUDICATED,genomic,rs3744761_C_0,30,0.0,0.0,0.0,0.0,0.0,0.0,0.0,0.0,0.0
NONFIBROTIC ILD ADJUDICATED,genomic,rs3744761_C_1,30,8.912017818787552,0.0,265.41460435737145,0.0,73.57508747325622,0.018182394553886875,26.648644535368113,0.23217866335510856,265.41460435737145
NONFIBROTIC ILD ADJUDICATED,genomic,rs3744761_C_2,30,2.0315891755057534,0.0,60.38308975334021,0.0,16.75244578265713,0.007989693189307609,6.0635252341420225,0.09046851677652826,60.38308975334021
NONFIBROTIC ILD ADJUDICATED,genomic,rs17690703_C_0,30,0.04281134027756104,0.0,1.0389021082112353,0.0,0.3633749028118007,0.001445839651895889,0.11816381454306825,0.013235884862230514,1.0389021082112353
NONFIBROTIC ILD ADJUDICATED,genomic,rs17690703_C_1,30,0.707920450645257,0.0,20.773110563732903,0.0,5.937183075422036,0.0030549283489263116,2.105086518527745,0.0611917913332577,20.773110563732903
NONFIBROTIC ILD ADJUDICATED,genomic,rs17690703_C_2,30,2.6111980968177066,0.0,38.89576239620337,0.0,29.44867029938779,0.13972697585541158,6.053376536720063,3.9534831230697938,38.89576239620337
NONFIBROTIC ILD ADJUDICATED,genomic,rs1981997_G_0,30,0.10254691579224318,0.0,1.6406956319521984,0.0,1.3798353829497108,0.003237732055238788,0.2581495887307383,0.0451067816617136,1.6406956319521984
NONFIBROTIC ILD ADJUDICATED,genomic,rs1981997_G_1,30,2.649338414715664,0.001440573868068611,67.1348054143794,0.0,26.43367594367802,0.029321581462952905,7.4663603477723015,0.4399827294435541,67.1348054143794
NONFIBROTIC ILD ADJUDICATED,genomic,rs1981997_G_2,30,69.19849176175211,0.0,1994.5487048201514,0.0,606.5465180494331,0.029994618486548844,204.84060342722972,0.22095049324353225,1994.5487048201514
NONFIBROTIC ILD ADJUDICATED,genomic,rs415430_T_0,30,0.09005820703524442,0.0,2.060593710123301,0.0,0.9235758224385715,0.0035612528290909877,0.22865106922061007,0.032975300256676957,2.060593710123301
NONFIBROTIC ILD ADJUDICATED,genomic,rs415430_T_1,30,0.7261632227373193,0.0002584877140296472,16.39605593636528,0.0,6.595774016433069,0.04581182724914573,1.9328706704166532,0.4489107375275359,16.39605593636528
NONFIBROTIC ILD ADJUDICATED,genomic,rs415430_T_2,30,65.0852722258068,0.0011084318304407613,1688.1474691549474,0.0,637.8829097087976,0.06339486110360429,194.39027084996602,0.7205114731260265,1688.1474691549474
NONFIBROTIC ILD ADJUDICATED,genomic,rs73997403_C_0,30,0.0,0.0,0.0,0.0,0.0,0.0,0.0,0.0,0.0
NONFIBROTIC ILD ADJUDICATED,genomic,rs73997403_C_1,30,0.15889593245778455,0.00041887251573220595,4.341743005696918,0.0,1.2878857425528363,0.0071871716091130656,0.46200095348821174,0.09244839740062596,4.341743005696918
NONFIBROTIC ILD ADJUDICATED,genomic,rs73997403_C_2,30,0.3850886598172103,0.0,10.089528319577242,0.0,3.2713961787905084,0.005698444646813374,1.1046770597141111,0.13698006413359354,10.089528319577242
NONFIBROTIC ILD ADJUDICATED,genomic,rs918174_T_0,30,1.8148933212665619,0.0,52.22207135146514,0.0,15.27279505707365,0.02093739905656581,5.372645407059348,0.2271439711556643,52.22207135146514
NONFIBROTIC ILD ADJUDICATED,genomic,rs918174_T_1,30,1.4774139275034568,0.0016904531379403403,43.1492757596138,0.0,12.390613111053623,0.01031655995965508,4.383278526834974,0.09916058706749244,43.1492757596138
NONFIBROTIC ILD ADJUDICATED,genomic,rs918174_T_2,30,4.832532972259569,0.0036605520033048387,139.09818273075928,0.0,40.460283406719036,0.04924923023627917,14.190210875810644,0.4150134411485687,139.09818273075928
NONFIBROTIC ILD ADJUDICATED,genomic,rs75291377_G_0,30,0.0,0.0,0.0,0.0,0.0,0.0,0.0,0.0,0.0
NONFIBROTIC ILD ADJUDICATED,genomic,rs75291377_G_1,30,0.02485235453134567,0.0,0.6189766440402283,0.0,0.24274647822104822,0.0006600089962404901,0.06968443197641971,0.006796298375614611,0.6189766440402283
NONFIBROTIC ILD ADJUDICATED,genomic,rs75291377_G_2,30,0.013723816146181449,0.0,0.37477048708028043,0.0,0.11561034495228953,0.0003471075412410546,0.039326826133410694,0.006014826358122352,0.37477048708028043
NONFIBROTIC ILD ADJUDICATED,genomic,rs11083093_G_0,30,0.002600407909584201,0.0,0.07801223728752603,0.0,0.02145336525406955,0.0,0.007801223728752602,0.0,0.07801223728752603
NONFIBROTIC ILD ADJUDICATED,genomic,rs11083093_G_1,30,0.42443859831249525,0.0,9.773278232610318,0.0,4.722078204653604,0.0021965043716694827,1.1761155524895819,0.020191926284705005,9.773278232610318
NONFIBROTIC ILD ADJUDICATED,genomic,rs11083093_G_2,30,1.4130404566589831,0.0,31.01367512128345,0.0,15.04500624761406,0.0038513615908527714,3.7044211746716247,0.10156872737509305,31.01367512128345
NONFIBROTIC ILD ADJUDICATED,genomic,rs66884960_C_0,30,0.0018124330029385116,0.0,0.04310178997292969,0.0,0.0161758225177714,0.0,0.005040342248412811,0.0,0.04310178997292969
NONFIBROTIC ILD ADJUDICATED,genomic,rs66884960_C_1,30,3.242446927142774,0.001993039978983062,86.4385380149615,0.0,30.94484856766232,0.022320395015561646,9.341129352708519,0.1663993159828391,86.4385380149615
NONFIBROTIC ILD ADJUDICATED,genomic,rs66884960_C_2,30,1.0435211804182627,0.006523586561736714,28.38637311364669,0.0,8.829865893907563,0.03791030716819621,3.0400383484235975,0.35030743197810116,28.38637311364669
NONFIBROTIC ILD ADJUDICATED,genomic,rs76475316_T_0,30,0.0,0.0,0.0,0.0,0.0,0.0,0.0,0.0,0.0
NONFIBROTIC ILD ADJUDICATED,genomic,rs76475316_T_1,30,0.07439678062513103,0.0,2.2319034187539306,0.0,0.6137734401573277,0.0,0.22319034187539308,0.0,2.2319034187539306
NONFIBROTIC ILD ADJUDICATED,genomic,rs76475316_T_2,30,0.005774030059858109,0.0,0.10964825364978974,0.0,0.07624343965950844,0.0,0.014619767153305298,0.0,0.10964825364978974
NONFIBROTIC ILD ADJUDICATED,genomic,rs893889_G_0,30,0.002612065137845581,0.0,0.07836195413536744,0.0,0.021549537387225932,0.0,0.007836195413536744,0.0,0.07836195413536744
NONFIBROTIC ILD ADJUDICATED,genomic,rs893889_G_1,30,0.5087651159826,0.00010174349125578558,11.664244903252786,0.0,5.686740246366128,0.004497239287428332,1.3975055360364317,0.023052347420594286,11.664244903252786
NONFIBROTIC ILD ADJUDICATED,genomic,rs893889_G_2,30,1.1319648273335468,0.0,23.430535580677073,0.0,11.850863078438824,0.008699734121039065,2.8485461324272796,0.1542914282394075,23.430535580677073
NONFIBROTIC ILD ADJUDICATED,genomic,rs12610495_A_0,30,0.9377675653876462,0.0023817955828157257,27.391950324812587,0.0,7.7576147731555345,0.008372483203176925,2.7798030911868006,0.04496309617512105,27.391950324812587
NONFIBROTIC ILD ADJUDICATED,genomic,rs12610495_A_1,30,0.8694260655333411,0.0017192623325226679,14.906558287919703,0.0,9.66341205354456,0.03375960044154314,2.0841984385498975,0.6040991241208528,14.906558287919703
NONFIBROTIC ILD ADJUDICATED,genomic,rs12610495_A_2,30,0.1397872324897284,0.0,2.699619984128308,0.0,1.1540738870049847,0.023284263267730764,0.3435061784783846,0.17849915954291992,2.699619984128308
NONFIBROTIC ILD ADJUDICATED,genomic,rs2109069_G_0,30,4.592275525273923,0.0,91.91334882736128,0.0,55.88570144675585,0.014927783327541898,12.267703828388901,0.3623883588029697,91.91334882736128
NONFIBROTIC ILD ADJUDICATED,genomic,rs2109069_G_1,30,34.17929327645051,0.0073558035227798664,1019.6530932940337,0.0,282.26650975591116,0.07307709846247934,102.22084486612589,0.6926912135414905,1019.6530932940337
NONFIBROTIC ILD ADJUDICATED,genomic,rs2109069_G_2,30,6.261269850395632,0.0007900247574365746,183.54117310158884,0.0,51.83040700452428,0.04302234410157267,18.536433407171643,0.365885607765731,183.54117310158884
NONFIBROTIC ILD ADJUDICATED,genomic,rs708686_C_0,30,3.4674470186755637,0.0,103.76230522830704,0.0,28.658443304403903,0.0021194121761859094,10.387405302941742,0.038249422192169855,103.76230522830704
NONFIBROTIC ILD ADJUDICATED,genomic,rs708686_C_1,30,0.5359390727773273,0.00352805943559417,8.024393331811588,0.0,4.799723292984726,0.051613144294973795,1.1774402193313716,0.8127969531943228,8.024393331811588
NONFIBROTIC ILD ADJUDICATED,genomic,rs708686_C_2,30,68.08897819059665,0.0196427437114417,1994.2678395947287,0.0,574.3438862579975,0.21175652876013587,202.3923752628486,5.292874127112183,1994.2678395947287
NONFIBROTIC ILD ADJUDICATED,genomic,rs62112917_C_0,30,0.0030069083574705722,0.0,0.04856384476109585,0.0,0.04354652663249181,0.0,0.007632611540311006,0.0,0.04856384476109585
NONFIBROTIC ILD ADJUDICATED,genomic,rs62112917_C_1,30,0.7509290317438648,0.0053261838359379724,12.504476565797294,0.0,7.699433275806236,0.06631754002318044,1.7816012622957964,1.28148217803854,12.504476565797294
NONFIBROTIC ILD ADJUDICATED,genomic,rs62112917_C_2,30,4.267437078938755,0.016487691938791703,75.02969204851709,0.0,54.873823470978934,0.10039763529410226,10.73866110939814,0.49250959486435153,75.02969204851709
NONFIBROTIC ILD ADJUDICATED,genomic,rs73008477_C_0,30,0.0,0.0,0.0,0.0,0.0,0.0,0.0,0.0,0.0
NONFIBROTIC ILD ADJUDICATED,genomic,rs73008477_C_1,30,0.005682703393922041,0.0,0.1429975209380152,0.0,0.04606662047013766,0.00036950102155863226,0.015459582745108438,0.007074092472328582,0.1429975209380152
NONFIBROTIC ILD ADJUDICATED,genomic,rs73008477_C_2,30,0.0045670352718782704,0.0,0.11779804172969642,0.0,0.0403076748240821,0.00016157983419946335,0.012824598415494616,0.002426150590413011,0.11779804172969642
NONFIBROTIC ILD ADJUDICATED,genomic,rs10422762_A_0,30,0.370385387197828,0.004084135312931098,4.853782116577283,0.0,3.723182544339038,0.05304802536579425,0.789283067815501,0.9615060306753722,4.853782116577283
NONFIBROTIC ILD ADJUDICATED,genomic,rs10422762_A_1,30,1.9162585420071816,0.00895416900216366,40.41944742976902,0.0,19.275196761539718,0.062445837634481416,4.905738304867182,0.6185711206123405,40.41944742976902
NONFIBROTIC ILD ADJUDICATED,genomic,rs10422762_A_2,30,0.6105926260924954,0.00033866258251712535,11.358217134128278,0.0,5.41059808026096,0.04856107299944764,1.5389876354090328,0.5004461902902244,11.358217134128278
NONFIBROTIC ILD ADJUDICATED,genomic,rs41482151_C_0,30,0.14761423956064898,0.0,3.513294259472792,0.0,1.3543815124014218,0.0023362451025110624,0.393265045374032,0.01699140724589726,3.513294259472792
NONFIBROTIC ILD ADJUDICATED,genomic,rs41482151_C_1,30,3.234249695679534,0.0774204130038936,51.7664897505098,0.0,33.7812209167839,0.14853362320544894,7.164099910410021,1.1908610418169265,51.7664897505098
NONFIBROTIC ILD ADJUDICATED,genomic,rs41482151_C_2,30,0.5716553482583006,0.019412893055535854,9.546560923425979,0.0,6.950445565544585,0.047267677852645774,1.3706945391431864,0.21549948584501744,9.546560923425979
NONFIBROTIC ILD ADJUDICATED,genomic,rs12975986_C_0,30,0.030271910690393464,0.0,0.7407429278013044,0.0,0.27743971893327185,0.000827992187929788,0.08358862142275965,0.008951841194345252,0.7407429278013044
NONFIBROTIC ILD ADJUDICATED,genomic,rs12975986_C_1,30,16.99837167680364,0.0030606940097912664,455.4267221507676,0.0,161.45654365753572,0.05287349725438447,47.47014456488652,0.7718593158524782,455.4267221507676
NONFIBROTIC ILD ADJUDICATED,genomic,rs12975986_C_2,30,4.3679493236819065,0.005166782445269856,76.13729036384463,0.0,56.888020917092376,0.11125974212430192,10.935206136787455,1.1218242499342057,76.13729036384463
NONFIBROTIC ILD ADJUDICATED,genomic,rs74490361_T_0,30,0.0,0.0,0.0,0.0,0.0,0.0,0.0,0.0,0.0
NONFIBROTIC ILD ADJUDICATED,genomic,rs74490361_T_1,30,17.782013989132786,0.0,380.916226825175,0.0,213.95626412863942,0.030439419982719568,48.17881582183436,0.4732425773591263,380.916226825175
NONFIBROTIC ILD ADJUDICATED,genomic,rs74490361_T_2,30,0.6902471058797545,0.0,19.71483087438564,0.0,5.938170428441529,0.006220432502848634,2.04474927698381,0.06945641133463559,19.71483087438564
NONFIBROTIC ILD ADJUDICATED,genomic,rs57625989_A_0,30,0.0,0.0,0.0,0.0,0.0,0.0,0.0,0.0,0.0
NONFIBROTIC ILD ADJUDICATED,genomic,rs57625989_A_1,30,0.033494459766554414,0.0,0.5499548994325985,0.0,0.46562651108315783,0.0003308716726771648,0.08438802960194176,0.006879914890828215,0.5499548994325985
NONFIBROTIC ILD ADJUDICATED,genomic,rs57625989_A_2,30,0.742037264091859,0.0,22.01520339555059,0.0,6.229272701194693,3.7346095062513414e-05,2.2177303405699766,0.0011203828518754025,22.01520339555059
NONFIBROTIC ILD ADJUDICATED,genomic,rs302837_A_0,30,0.8745345817535666,0.0012316997597392606,25.077076581136694,0.0,7.093543421117649,0.02320556545495053,2.5677986392810515,0.17259315637528383,25.077076581136694
NONFIBROTIC ILD ADJUDICATED,genomic,rs302837_A_1,30,0.2996692325282472,0.0084455016110052,5.162984622162987,0.0,2.4250565877213415,0.06390671060384807,0.6792172798673659,0.4706081626027563,5.162984622162987
NONFIBROTIC ILD ADJUDICATED,genomic,rs302837_A_2,30,1.4292832369844313,0.021880610184040215,32.45816411605567,0.0,11.1964981580942,0.18792591334250752,3.7736851854962996,1.701592280016708,32.45816411605567
NONFIBROTIC ILD ADJUDICATED,genomic,rs601878_C_0,30,0.003834321716303112,0.0,0.08078628940986782,0.0,0.031935357111575136,0.00034792856231630166,0.009369998975584125,0.007178522973624903,0.08078628940986782
NONFIBROTIC ILD ADJUDICATED,genomic,rs601878_C_1,30,0.733645083786374,0.002717041195147429,20.946690471167727,0.0,6.012922597172598,0.017061785416847327,2.1378799539940867,0.14936983497379394,20.946690471167727
NONFIBROTIC ILD ADJUDICATED,genomic,rs601878_C_2,30,0.042247308311992776,0.0014324074372037408,0.6428566153594412,0.0,0.2913464283282467,0.010431603715840202,0.08739513795868285,0.07742373960995445,0.6428566153594412
NONFIBROTIC ILD ADJUDICATED,genomic,rs4811028_G_0,30,0.003010001458712191,0.0,0.08743298966482534,0.0,0.026122686377818637,0.0,0.008934435906251894,0.0,0.08743298966482534
NONFIBROTIC ILD ADJUDICATED,genomic,rs4811028_G_1,30,6.0695111183772115,0.0,160.0470454869071,0.0,59.85924157186434,0.0025439834467703656,17.473239816959808,0.022730612608430508,160.0470454869071
NONFIBROTIC ILD ADJUDICATED,genomic,rs4811028_G_2,30,0.2090797992421873,0.0,3.489462724367455,0.0,2.3410334900503336,0.015749226738433056,0.49440986384952934,0.24515745415329182,3.489462724367455
NONFIBROTIC ILD ADJUDICATED,genomic,rs12626788_C_0,30,0.3755414795231256,0.0,11.015831929844945,0.0,3.0824435920957782,0.003715496440605501,1.1122564197065954,0.03462911016402811,11.015831929844945
NONFIBROTIC ILD ADJUDICATED,genomic,rs12626788_C_1,30,8.629368717589193,0.005184014709823482,243.45561260315708,0.0,73.80960741995746,0.1098578781940622,25.213980806200063,1.402351697005638,243.45561260315708
NONFIBROTIC ILD ADJUDICATED,genomic,rs12626788_C_2,30,1.531750496013003,0.0009335282489441816,27.969949358995635,0.0,18.5114499377801,0.033370030012757276,3.8915605832886033,0.4663369009269723,27.969949358995635
NONFIBROTIC ILD ADJUDICATED,genomic,rs75764565_C_0,30,0.0,0.0,0.0,0.0,0.0,0.0,0.0,0.0,0.0
NONFIBROTIC ILD ADJUDICATED,genomic,rs75764565_C_1,30,0.3116583448792857,0.0018535711142882944,3.3590161682093025,0.0,2.8477095296000217,0.05722953633429984,0.6149565832304805,1.092747241804456,3.3590161682093025
NONFIBROTIC ILD ADJUDICATED,genomic,rs75764565_C_2,30,0.129168128495554,0.0,1.7255218525208984,0.0,1.707894062591528,0.005426826366305091,0.3016401481378012,0.07028474348598819,1.7255218525208984
NONFIBROTIC ILD ADJUDICATED,genomic,rs45619034_G_0,30,0.0,0.0,0.0,0.0,0.0,0.0,0.0,0.0,0.0
NONFIBROTIC ILD ADJUDICATED,genomic,rs45619034_G_1,30,1.4343628155295802,0.0,41.4165872142129,0.0,12.017733837632997,0.0008364998026110853,4.224285400055252,0.010216180122544553,41.4165872142129
NONFIBROTIC ILD ADJUDICATED,genomic,rs45619034_G_2,30,0.023408384821650634,0.0,0.5641364751377631,0.0,0.19281396857417862,0.0017210903136685115,0.06242952315137534,0.021788754533392716,0.5641364751377631
NONFIBROTIC ILD ADJUDICATED,combined,rs3131520_C_0,30,1.7753259385741667,0.001150174129733617,46.08557344265057,0.0,15.122745977698452,0.05454118206597114,4.953332807598954,0.4528057473451465,46.08557344265057
NONFIBROTIC ILD ADJUDICATED,combined,rs3131520_C_1,30,15.502508453786346,0.0960615796930971,412.166865837702,0.0,145.83834302084563,0.21565755542901863,44.63467346072521,1.59465526475175,412.166865837702
NONFIBROTIC ILD ADJUDICATED,combined,rs3131520_C_2,30,0.775296544139572,0.007618450785044888,17.964192164719336,0.0,6.404953312618131,0.06259965089632034,2.0088696912463067,0.6272764174231585,17.964192164719336
NONFIBROTIC ILD ADJUDICATED,combined,rs55993474_A_0,30,0.0,0.0,0.0,0.0,0.0,0.0,0.0,0.0,0.0
NONFIBROTIC ILD ADJUDICATED,combined,rs55993474_A_1,30,0.04782428169674728,0.0,1.3491760313515124,0.0,0.41955483511647335,0.00016014536472641405,0.13974370956050444,0.0031932682937236166,1.3491760313515124
NONFIBROTIC ILD ADJUDICATED,combined,rs55993474_A_2,30,0.31093611232427704,0.0,3.905926275844056,0.0,3.554969425522765,0.006586161827121657,0.7304526795715803,0.07053342472616217,3.905926275844056
NONFIBROTIC ILD ADJUDICATED,combined,rs2375892_T_0,30,0.20079543455210358,0.0005059819466542998,3.503123405237598,0.0,2.0594545267702533,0.028109600142046186,0.4756064146090844,0.24001221025784567,3.503123405237598
NONFIBROTIC ILD ADJUDICATED,combined,rs2375892_T_1,30,0.6648537099710011,0.0,12.252834098625838,0.0,8.557502917556334,0.013234970281899495,1.718063059674344,0.10056796455444211,12.252834098625838
NONFIBROTIC ILD ADJUDICATED,combined,rs2375892_T_2,30,0.39434388746206805,0.005276205913436771,8.030512923704952,0.0,3.1674943239836812,0.04664915674289952,0.9857225412188994,0.9264857589134747,8.030512923704952
NONFIBROTIC ILD ADJUDICATED,combined,rs10881263_G_0,30,0.43572066231418416,0.00131217456036954,9.959029570994437,0.0,3.6970057947596477,0.0394356209595687,1.1510373005820147,0.4100840740425623,9.959029570994437
NONFIBROTIC ILD ADJUDICATED,combined,rs10881263_G_1,30,0.09693429999626989,0.006852332764251193,1.2174062203735143,0.0,0.8262108349339329,0.025388259984029347,0.20883335247395388,0.09887431837442304,1.2174062203735143
NONFIBROTIC ILD ADJUDICATED,combined,rs10881263_G_2,30,0.27174731969984917,0.005088366938333554,5.6713039742786755,0.0,2.5498195838481936,0.01902325887364636,0.714505701017742,0.13200552648416594,5.6713039742786755
NONFIBROTIC ILD ADJUDICATED,combined,rs11102362_G_0,30,0.6645591020493646,5.620441570622025e-05,18.39223727940102,0.0,5.418837885299974,0.020631094873436458,1.9093633226900757,0.39458519204144016,18.39223727940102
NONFIBROTIC ILD ADJUDICATED,combined,rs11102362_G_1,30,1.3727953373227497,0.00031427960373889556,35.93146017901934,0.0,12.83897643801956,0.0219719264325077,3.917795054588206,0.3554428846298014,35.93146017901934
NONFIBROTIC ILD ADJUDICATED,combined,rs11102362_G_2,30,0.7726519864717766,0.0060217188131868275,20.72541988520298,0.0,6.291003460678828,0.03659904644246438,2.197859305618693,0.2906495270359491,20.72541988520298
NONFIBROTIC ILD ADJUDICATED,combined,rs16837903_G_0,30,0.0017903715059149955,0.0,0.031615192579887236,0.0,0.024713743592701877,0.0,0.004319822658942837,0.0,0.031615192579887236
NONFIBROTIC ILD ADJUDICATED,combined,rs16837903_G_1,30,0.5078035673210025,0.005638263403720286,12.57794672253523,0.0,4.25430151552434,0.024814924792276052,1.3981731396251524,0.28120653366556,12.57794672253523
NONFIBROTIC ILD ADJUDICATED,combined,rs16837903_G_2,30,0.045202935807943025,0.0013506831255634566,0.7804090590728676,0.0,0.4029142135866864,0.00755055876066553,0.10174775677252952,0.08356650824012807,0.7804090590728676
NONFIBROTIC ILD ADJUDICATED,combined,rs11264306_A_0,30,0.3275079743259959,0.0,7.016570955719347,0.0,3.6975476151675237,0.008492751388615404,0.8757231434845055,0.07093548730195162,7.016570955719347
NONFIBROTIC ILD ADJUDICATED,combined,rs11264306_A_1,30,0.12809162815045225,0.007214370875257781,2.13166467983191,0.0,0.9497296026286359,0.025904306696033344,0.28297353881521276,0.32239825503499336,2.13166467983191
NONFIBROTIC ILD ADJUDICATED,combined,rs11264306_A_2,30,0.7395996998418468,0.022823780710986487,19.556003559107882,0.0,5.981302963272684,0.04302133133430855,2.055184488218236,0.3949373542211497,19.556003559107882
NONFIBROTIC ILD ADJUDICATED,combined,rs7547997_G_0,30,0.0852693375944873,0.0,1.1364703274824686,0.0,0.9293132100193406,0.0032265072104539784,0.18353616119424002,0.05200681127488884,1.1364703274824686
NONFIBROTIC ILD ADJUDICATED,combined,rs7547997_G_1,30,0.2224506574632476,0.003253064893213579,5.951096897901096,0.0,1.825854539347705,0.009032769780703252,0.6310426074935581,0.10813778103660364,5.951096897901096
NONFIBROTIC ILD ADJUDICATED,combined,rs7547997_G_2,30,0.3892486330470613,0.005584409453727958,10.047134150185315,0.0,3.449027607331447,0.01760900991860276,1.0932293489006515,0.15003478552636085,10.047134150185315
NONFIBROTIC ILD ADJUDICATED,combined,rs699240_T_0,30,0.04618457326377536,0.0,1.1190577044428736,0.0,0.42446398835968113,0.0022385202993341086,0.12341773259582053,0.019604652278810135,1.1190577044428736
NONFIBROTIC ILD ADJUDICATED,combined,rs699240_T_1,30,1.0709278019135635,0.0004921942109718593,20.421459341880038,0.0,11.731166501348099,0.01469200149518319,2.495826595704552,0.10745469265876201,20.421459341880038
NONFIBROTIC ILD ADJUDICATED,combined,rs699240_T_2,30,0.7462211026164589,0.0,11.490948709243591,0.0,10.531198424428482,0.011224725652419939,1.8370246172223201,0.08379455687038745,11.490948709243591
NONFIBROTIC ILD ADJUDICATED,combined,rs114064385_G_0,30,0.0,0.0,0.0,0.0,0.0,0.0,0.0,0.0,0.0
NONFIBROTIC ILD ADJUDICATED,combined,rs114064385_G_1,30,0.057349327666334285,0.0,0.7888904110872488,0.0,0.6945856152243407,0.005192813898738333,0.1294013637268062,0.06532899015120422,0.7888904110872488
NONFIBROTIC ILD ADJUDICATED,combined,rs114064385_G_2,30,0.08823361732846893,0.0,2.4834670483346484,0.0,0.7533631639188808,0.00016203806648959818,0.25896791163630506,0.0036258067048998317,2.4834670483346484
NONFIBROTIC ILD ADJUDICATED,combined,rs55682827_C_0,30,0.004370002068796147,0.0,0.13110006206388441,0.0,0.03605251706756803,0.0,0.013110006206388441,0.0,0.13110006206388441
NONFIBROTIC ILD ADJUDICATED,combined,rs55682827_C_1,30,0.01523515915150234,0.0,0.4206761619000185,0.0,0.12207309730110472,0.0006195400548359576,0.043626630752499444,0.007016788495466596,0.4206761619000185
NONFIBROTIC ILD ADJUDICATED,combined,rs55682827_C_2,30,0.024772791331659123,0.0,0.20909811682906385,0.0,0.194706709027818,0.006758942763544486,0.0451481942067552,0.08362186293351946,0.20909811682906385
NONFIBROTIC ILD ADJUDICATED,combined,rs17019820_A_0,30,1.632397566731437e-06,0.0,4.897192700194311e-05,0.0,1.3467279925534287e-05,0.0,4.897192700194311e-06,0.0,4.897192700194311e-05
NONFIBROTIC ILD ADJUDICATED,combined,rs17019820_A_1,30,0.7363010213394324,0.05764180340017573,14.784265138342562,0.0,6.218914359676569,0.11890596994484928,1.8075635253964502,0.566923109917095,14.784265138342562
NONFIBROTIC ILD ADJUDICATED,combined,rs17019820_A_2,30,0.09963108075408898,0.0018014221783244108,1.1791676923893115,0.0,0.7481025327287251,0.02781087423657376,0.19746057688599764,0.27425203685263844,1.1791676923893115
NONFIBROTIC ILD ADJUDICATED,combined,rs2577254_T_0,30,0.6417240335745845,0.0030787101737196234,15.367763150623734,0.0,5.455364636083095,0.042753646144802426,1.728813337867926,0.7314152792986457,15.367763150623734
NONFIBROTIC ILD ADJUDICATED,combined,rs2577254_T_1,30,0.1289476642260365,0.00035335160517330834,2.8662107490307602,0.0,1.1597467560823427,0.01249582744494894,0.3405394633731056,0.09964739508508044,2.8662107490307602
NONFIBROTIC ILD ADJUDICATED,combined,rs2577254_T_2,30,2.9000257681809587,0.0019434871901998928,82.27105388113065,0.0,25.02516818694623,0.031101150124718067,8.567385113692268,0.40460664387605233,82.27105388113065
NONFIBROTIC ILD ADJUDICATED,combined,rs12710674_C_0,30,0.0,0.0,0.0,0.0,0.0,0.0,0.0,0.0,0.0
NONFIBROTIC ILD ADJUDICATED,combined,rs12710674_C_1,30,0.24587054237354597,0.0,2.814892852618123,0.0,2.5901602168093225,0.04133004695385603,0.5295933205286042,0.7464527070706302,2.814892852618123
NONFIBROTIC ILD ADJUDICATED,combined,rs12710674_C_2,30,0.08193307584060575,0.0,2.183285006719703,0.0,0.6717882981873391,0.0034544473141385383,0.23101418964320775,0.02734695345698367,2.183285006719703
NONFIBROTIC ILD ADJUDICATED,combined,rs77998999_A_0,30,0.00034554450486096487,0.0,0.010366335145828945,0.0,0.002850742165102945,0.0,0.0010366335145828947,0.0,0.010366335145828945
NONFIBROTIC ILD ADJUDICATED,combined,rs77998999_A_1,30,0.06936202677716334,0.0,1.2641330002677909,0.0,0.9397642322827962,0.0,0.1808618202299197,0.0,1.2641330002677909
NONFIBROTIC ILD ADJUDICATED,combined,rs77998999_A_2,30,0.0020712127027608163,0.0,0.03003636303528074,0.0,0.023943260928561236,7.5098508964394e-05,0.004728130192155362,0.001998904420900956,0.03003636303528074
NONFIBROTIC ILD ADJUDICATED,combined,rs6736148_C_0,30,0.0,0.0,0.0,0.0,0.0,0.0,0.0,0.0,0.0
NONFIBROTIC ILD ADJUDICATED,combined,rs6736148_C_1,30,0.2901544414534639,0.0,7.320896769838551,0.0,2.889899887342973,0.003536836887183068,0.8159792453677032,0.06790044412258704,7.320896769838551
NONFIBROTIC ILD ADJUDICATED,combined,rs6736148_C_2,30,0.09472838696765042,0.0,2.4847690815725993,0.0,0.8933386732379296,1.7905545383881406e-05,0.2678255630002546,0.0005371663615164422,2.4847690815725993
NONFIBROTIC ILD ADJUDICATED,combined,rs4672388_T_0,30,0.029674133971408553,0.0,0.7314864559024062,0.0,0.2872651053029951,0.0008276092957411282,0.08218270261884604,0.009754154539012877,0.7314864559024062
NONFIBROTIC ILD ADJUDICATED,combined,rs4672388_T_1,30,0.12677368471672928,0.0,3.1760989008872915,0.0,0.9992212035183812,0.010904761716857699,0.3520240944574372,0.11122362743821682,3.1760989008872915
NONFIBROTIC ILD ADJUDICATED,combined,rs4672388_T_2,30,0.11054897688845673,0.0009548814434105411,2.712190049760707,0.0,0.8705705881107452,0.010927799767577743,0.3024465951959719,0.07472264149000445,2.712190049760707
NONFIBROTIC ILD ADJUDICATED,combined,rs1123573_A_0,30,0.8787037410200753,0.002099406973206433,20.58847097846231,0.0,8.586507751848632,0.039589100400785955,2.363252381482277,0.636289995100679,20.58847097846231
NONFIBROTIC ILD ADJUDICATED,combined,rs1123573_A_1,30,0.21383983850437757,0.007354637665917392,4.022683412497865,0.0,2.288314986231895,0.017613885563725878,0.5426922266217789,0.17590003862188905,4.022683412497865
NONFIBROTIC ILD ADJUDICATED,combined,rs1123573_A_2,30,0.784363502367857,0.0,11.690584330620325,0.0,10.930430054160771,0.020309061774178693,1.9189367282929222,0.30367347192562727,11.690584330620325
NONFIBROTIC ILD ADJUDICATED,combined,rs17007563_C_0,30,0.0,0.0,0.0,0.0,0.0,0.0,0.0,0.0,0.0
NONFIBROTIC ILD ADJUDICATED,combined,rs17007563_C_1,30,0.06460825317333732,0.0,1.5839746794435186,0.0,0.6145662009209296,0.000758750728999358,0.1789787991213491,0.021193423176297674,1.5839746794435186
NONFIBROTIC ILD ADJUDICATED,combined,rs17007563_C_2,30,0.08447624104353584,0.0,2.2313083251846995,0.0,0.7069652633847264,0.003605939908949958,0.23776672444063932,0.04825384345246346,2.2313083251846995
NONFIBROTIC ILD ADJUDICATED,combined,rs12713927_G_0,30,0.14629383940006485,0.0024311238211817206,1.5280498823916528,0.0,1.4611949326214142,0.024255128066359544,0.2811093862331746,0.227309015073996,1.5280498823916528
NONFIBROTIC ILD ADJUDICATED,combined,rs12713927_G_1,30,0.24512587426912152,0.007602711851849354,6.080455012510294,0.0,2.1527471844099777,0.017809207107925582,0.6689434175419785,0.08861884858121856,6.080455012510294
NONFIBROTIC ILD ADJUDICATED,combined,rs12713927_G_2,30,0.1956486341293748,0.004248802239612977,3.491206133746502,0.0,1.6035654838610829,0.02523729501752515,0.4612116754759925,0.27112170028052496,3.491206133746502
NONFIBROTIC ILD ADJUDICATED,combined,rs11680126_C_0,30,0.09570621057208387,0.0,2.75864400007074,0.0,0.8385867434194303,2.45567025883482e-05,0.2796969302226754,0.0004331450147268483,2.75864400007074
NONFIBROTIC ILD ADJUDICATED,combined,rs11680126_C_1,30,0.48326334061853526,0.0021633524930958553,11.619354826275368,0.0,3.8488945148473537,0.03601703760580164,1.5891123679266173,0.7305602149421123,11.619354826275368
NONFIBROTIC ILD ADJUDICATED,combined,rs11680126_C_2,30,0.9530883717699573,0.0009132350296263789,27.450380109988227,0.0,7.892407395508516,0.014608304660083195,2.798531998194612,0.12045054693116973,27.450380109988227
NONFIBROTIC ILD ADJUDICATED,combined,rs1669778_T_0,30,0.007687689178970081,0.0,0.19323952797046076,0.0,0.07577065518824846,0.0,0.02140485256682741,0.0,0.19323952797046076
NONFIBROTIC ILD ADJUDICATED,combined,rs1669778_T_1,30,0.18600531670823756,0.0,4.823663529351972,0.0,1.7607511341714415,0.003783217392884205,0.527540885544538,0.027256367182881717,4.823663529351972
NONFIBROTIC ILD ADJUDICATED,combined,rs1669778_T_2,30,0.020943115663600124,0.0,0.3615496237546256,0.0,0.15090911101981835,0.004343084390194194,0.047371828697975835,0.05021251768388766,0.3615496237546256
NONFIBROTIC ILD ADJUDICATED,combined,rs1488496_C_0,30,0.0,0.0,0.0,0.0,0.0,0.0,0.0,0.0,0.0
NONFIBROTIC ILD ADJUDICATED,combined,rs1488496_C_1,30,0.14472372622391563,0.0,3.8155012921812745,0.0,1.2425220197551174,0.007061369584603131,0.40466955824827555,0.06886674084447693,3.8155012921812745
NONFIBROTIC ILD ADJUDICATED,combined,rs1488496_C_2,30,0.019928840967494425,0.0,0.2645433238712001,0.0,0.190893089683475,0.00396883091820387,0.04070173839078668,0.04122902547288253,0.2645433238712001
NONFIBROTIC ILD ADJUDICATED,combined,rs56387623_T_0,30,0.011366218784513164,0.0,0.15630637414890358,0.0,0.1533645260378713,7.149975374876813e-06,0.026726341430572967,0.0002144992612463044,0.15630637414890358
NONFIBROTIC ILD ADJUDICATED,combined,rs56387623_T_1,30,0.20614318470883408,0.0,5.461963775446163,0.0,1.6975117972466338,0.00833329998303231,0.580343596341262,0.17687911761581454,5.461963775446163
NONFIBROTIC ILD ADJUDICATED,combined,rs56387623_T_2,30,0.6861144757067363,9.225176416539198e-05,12.976634207355549,0.0,6.512172438669975,0.026522434910787207,1.7888116964745095,0.33459475275633616,12.976634207355549
NONFIBROTIC ILD ADJUDICATED,combined,rs2361278_T_0,30,0.06617881323379209,0.0,1.8600610872406458,0.0,0.5580859260730805,0.0009593825944476252,0.19239560979640802,0.008787186743871411,1.8600610872406458
NONFIBROTIC ILD ADJUDICATED,combined,rs2361278_T_1,30,0.04312214411140178,0.0005229224217157213,0.5259201671898845,0.0,0.35485207181175094,0.010275380321778937,0.08840019841754661,0.11112393517129347,0.5259201671898845
NONFIBROTIC ILD ADJUDICATED,combined,rs2361278_T_2,30,0.03645406059903945,0.0,0.46721034962427954,0.0,0.23487560752662953,0.012231275706253266,0.07373889562219255,0.07951181709776414,0.46721034962427954
NONFIBROTIC ILD ADJUDICATED,combined,rs79252367_G_0,30,0.0036475124809434143,0.0,0.0920538487330311,0.0,0.03790916453065516,0.0,0.010363486586321198,0.0,0.0920538487330311
NONFIBROTIC ILD ADJUDICATED,combined,rs79252367_G_1,30,0.2565493834631423,0.0,6.246415847384189,0.0,2.6371994447317006,0.0033814784599343873,0.7702451003358569,0.023278674801292285,6.246415847384189
NONFIBROTIC ILD ADJUDICATED,combined,rs79252367_G_2,30,0.5558118906194262,0.0,14.562954653671241,0.0,5.033917297294547,0.00526111874594404,1.57450095028806,0.05269647488741661,14.562954653671241
NONFIBROTIC ILD ADJUDICATED,combined,rs1479945_C_0,30,0.012533671291475755,0.0,0.2986176533356687,0.0,0.0998390147204426,0.0010621919935348923,0.033258906781482946,0.013161389977737034,0.2986176533356687
NONFIBROTIC ILD ADJUDICATED,combined,rs1479945_C_1,30,2.1903523009573407,0.0016284532353325447,63.54782838024383,0.0,18.195551808624117,0.021899228954451615,6.467471892209907,0.3101664019927098,63.54782838024383
NONFIBROTIC ILD ADJUDICATED,combined,rs1479945_C_2,30,1.06454483890674,0.0036274342639901315,23.762227845777314,0.0,11.421320815380104,0.029529453179509613,2.882688440874812,0.3747135599142665,23.762227845777314
NONFIBROTIC ILD ADJUDICATED,combined,rs1015097_A_0,30,0.03240822088598958,0.0,0.6054654679462784,0.0,0.23812779028419556,0.004992557719894152,0.0748242403018679,0.08455538954793916,0.6054654679462784
NONFIBROTIC ILD ADJUDICATED,combined,rs1015097_A_1,30,0.06152004402041767,0.0,1.5325001006251957,0.0,0.5706478728597801,0.002917545431942181,0.1697166573366867,0.023107578943760927,1.5325001006251957
NONFIBROTIC ILD ADJUDICATED,combined,rs1015097_A_2,30,0.6897259758329065,0.0007781532142283481,18.740842977629505,0.0,5.871059217468068,0.006950787667465929,1.9570030944655055,0.04416842278470119,18.740842977629505
NONFIBROTIC ILD ADJUDICATED,combined,rs4680134_C_0,30,0.060350671152370014,0.0,1.029439907730596,0.0,0.6541965342213454,0.005008418835033029,0.1431844276369834,0.05714616540431606,1.029439907730596
NONFIBROTIC ILD ADJUDICATED,combined,rs4680134_C_1,30,0.052734570489320495,0.0,0.48507848177199436,0.0,0.36668561461557175,0.0198353560537524,0.1012595614366162,0.21767904868917098,0.48507848177199436
NONFIBROTIC ILD ADJUDICATED,combined,rs4680134_C_2,30,0.18352378507742267,0.0010352765897344066,2.3231842503923894,0.0,1.702814649122246,0.03190029056945867,0.3804529470035135,0.26062629272748283,2.3231842503923894
NONFIBROTIC ILD ADJUDICATED,combined,rs76160568_A_0,30,0.0,0.0,0.0,0.0,0.0,0.0,0.0,0.0,0.0
NONFIBROTIC ILD ADJUDICATED,combined,rs76160568_A_1,30,0.06546104852282508,0.0,0.7876646800451099,0.0,0.664467403137567,0.01360083791506115,0.13784451449421384,0.111430771651192,0.7876646800451099
NONFIBROTIC ILD ADJUDICATED,combined,rs76160568_A_2,30,0.06680136469829988,0.0,0.9897449697407147,0.0,0.6396273446050881,0.009876649117827789,0.14110272200167917,0.14656215318044782,0.9897449697407147
NONFIBROTIC ILD ADJUDICATED,combined,rs10776482_A_0,30,0.10389362545798567,0.0,1.3751876002264753,0.0,1.1791700626207156,0.007235099990485777,0.2380344130600014,0.09570852141512123,1.3751876002264753
NONFIBROTIC ILD ADJUDICATED,combined,rs10776482_A_1,30,0.4570434467608125,0.0031360460600622165,7.691958317106808,0.0,6.21424079056326,0.008525426061733616,1.1518342210852814,0.04505494848796537,7.691958317106808
NONFIBROTIC ILD ADJUDICATED,combined,rs10776482_A_2,30,0.46819008198252,0.0,13.56895932253565,0.0,3.8160638439608827,0.007649295501254608,1.3789436338915018,0.09330972285332045,13.56895932253565
NONFIBROTIC ILD ADJUDICATED,combined,rs56111559_G_0,30,0.04425064270121273,0.0,0.824482677015031,0.0,0.42685336910085925,0.0,0.10845495115378691,0.0,0.824482677015031
NONFIBROTIC ILD ADJUDICATED,combined,rs56111559_G_1,30,2.0269015523426686,0.0017058942462869178,53.63756148499562,0.0,18.439841635015597,0.019129267051711658,5.719386480583584,0.11474301513869162,53.63756148499562
NONFIBROTIC ILD ADJUDICATED,combined,rs56111559_G_2,30,5.671772937361406,0.20376995848854176,137.173370305656,0.0,55.303010285152176,0.22890905843439235,15.562317846067465,1.5299253257720586,137.173370305656
NONFIBROTIC ILD ADJUDICATED,combined,rs146764446_A_0,30,0.0,0.0,0.0,0.0,0.0,0.0,0.0,0.0,0.0
NONFIBROTIC ILD ADJUDICATED,combined,rs146764446_A_1,30,0.005945619854285802,0.0,0.1518258429355853,0.0,0.06099560250970262,0.0,0.01695210113975778,0.0,0.1518258429355853
NONFIBROTIC ILD ADJUDICATED,combined,rs146764446_A_2,30,0.0008350559215228854,0.0,0.01999019721924514,0.0,0.009166877544462423,0.0,0.002336451750353942,0.0,0.01999019721924514
NONFIBROTIC ILD ADJUDICATED,combined,rs2609255_T_0,30,0.016984065331418326,0.0,0.23806499877911613,0.0,0.1804484060758788,0.0004318167712138175,0.03887076371438841,0.004236574567787047,0.23806499877911613
NONFIBROTIC ILD ADJUDICATED,combined,rs2609255_T_1,30,0.24484405013474858,0.0,3.860549385827882,0.0,2.6838869307522404,0.01297521613563175,0.60161669833858,0.21631618091127144,3.860549385827882
NONFIBROTIC ILD ADJUDICATED,combined,rs2609255_T_2,30,0.07229424246331301,0.0,0.935516075705199,0.0,0.6955775182007484,0.007523818553094517,0.15761933742706966,0.06750319284188201,0.935516075705199
NONFIBROTIC ILD ADJUDICATED,combined,rs2609260_T_0,30,0.005262969674717542,0.0,0.06913761465521819,0.0,0.0459608468250225,0.00048757702152347733,0.011340116894202416,0.010130988234544336,0.06913761465521819
NONFIBROTIC ILD ADJUDICATED,combined,rs2609260_T_1,30,0.2887079864917176,0.0024635818011552388,4.952733236961054,0.0,3.0043729727175137,0.02888535029521399,0.6919708634912295,0.589339979713746,4.952733236961054
NONFIBROTIC ILD ADJUDICATED,combined,rs2609260_T_2,30,0.22747451739447772,3.303036907259119e-05,4.773970814606962,0.0,2.395682865867803,0.013144633550006462,0.5896215624602449,0.15581646966274906,4.773970814606962
NONFIBROTIC ILD ADJUDICATED,combined,rs756345_G_0,30,0.1482772695558996,0.0,2.6848862620376326,0.0,1.450024093208036,0.014711815148954336,0.3540749102811232,0.0880862763787816,2.6848862620376326
NONFIBROTIC ILD ADJUDICATED,combined,rs756345_G_1,30,0.1474099236271618,0.0005034367140300845,2.5068665359446496,0.0,1.729464536846336,0.011999540557705047,0.36141086238590514,0.11048328189335364,2.5068665359446496
NONFIBROTIC ILD ADJUDICATED,combined,rs756345_G_2,30,0.38930469399198164,0.020267823023434658,8.141282781291602,0.0,3.377604755192044,0.043555110266988224,0.9588232963627054,0.5113891091732855,8.141282781291602
NONFIBROTIC ILD ADJUDICATED,combined,rs6532150_G_0,30,0.0,0.0,0.0,0.0,0.0,0.0,0.0,0.0,0.0
NONFIBROTIC ILD ADJUDICATED,combined,rs6532150_G_1,30,0.042966783579921584,0.0,1.2492925450665093,0.0,0.3633123493829497,9.497827299082858e-06,0.1275578937864778,0.00028493481897248573,1.2492925450665093
NONFIBROTIC ILD ADJUDICATED,combined,rs6532150_G_2,30,0.0003786336569469219,0.0,0.00946436934403516,0.0,0.003692562209502719,0.0,0.0010095916132159327,0.0,0.00946436934403516
NONFIBROTIC ILD ADJUDICATED,combined,rs144128391_T_0,30,0.0,0.0,0.0,0.0,0.0,0.0,0.0,0.0,0.0
NONFIBROTIC ILD ADJUDICATED,combined,rs144128391_T_1,30,0.03654393207276323,0.0,0.7895122150454441,0.0,0.3471112177577713,0.0024862701481833237,0.09077648644415744,0.052917668691001306,0.7895122150454441
NONFIBROTIC ILD ADJUDICATED,combined,rs144128391_T_2,30,0.07139401161989187,0.0,1.951806236421896,0.0,0.6262483079109773,0.00028702662139687445,0.21167597914398126,0.007810040167630291,1.951806236421896
NONFIBROTIC ILD ADJUDICATED,combined,rs148877274_T_0,30,0.0,0.0,0.0,0.0,0.0,0.0,0.0,0.0,0.0
NONFIBROTIC ILD ADJUDICATED,combined,rs148877274_T_1,30,0.0004813594153818899,0.0,0.013667098123115588,0.0,0.004319373129154072,0.0,0.001418288768200966,0.0,0.013667098123115588
NONFIBROTIC ILD ADJUDICATED,combined,rs148877274_T_2,30,0.001299495404917338,0.0,0.03817849093313239,0.0,0.011083704137042471,0.0,0.0038716071742724224,0.0,0.03817849093313239
NONFIBROTIC ILD ADJUDICATED,combined,rs145802912_A_0,30,0.0,0.0,0.0,0.0,0.0,0.0,0.0,0.0,0.0
NONFIBROTIC ILD ADJUDICATED,combined,rs145802912_A_1,30,0.0,0.0,0.0,0.0,0.0,0.0,0.0,0.0,0.0
NONFIBROTIC ILD ADJUDICATED,combined,rs145802912_A_2,30,0.0,0.0,0.0,0.0,0.0,0.0,0.0,0.0,0.0
NONFIBROTIC ILD ADJUDICATED,combined,rs151036604_T_0,30,0.0,0.0,0.0,0.0,0.0,0.0,0.0,0.0,0.0
NONFIBROTIC ILD ADJUDICATED,combined,rs151036604_T_1,30,0.687020971114704,0.0017697596879246763,10.586191689412937,0.0,8.61839248935742,0.01703797354434083,1.6597668511227834,0.11047218109888847,10.586191689412937
NONFIBROTIC ILD ADJUDICATED,combined,rs151036604_T_2,30,0.03134499115672593,0.0,0.6844589420418111,0.0,0.33999100892229683,0.0007752737327550696,0.09277795257908665,0.006202981199708203,0.6844589420418111
NONFIBROTIC ILD ADJUDICATED,combined,rs1422506_G_0,30,0.6040158828927363,0.0,12.649974455539704,0.0,6.351612115404879,0.035345367697215836,1.5569914806704754,0.45744336796105195,12.649974455539704
NONFIBROTIC ILD ADJUDICATED,combined,rs1422506_G_1,30,1.4471984052368623,0.006185703480481888,41.64191137437914,0.0,12.060877145789808,0.026239547750482674,4.287313390978763,0.17620878285101235,41.64191137437914
NONFIBROTIC ILD ADJUDICATED,combined,rs1422506_G_2,30,2.8613904954199056,0.021531670014340042,80.16233709673557,0.0,23.653800227055687,0.052275647223262785,8.331151541003779,0.4557127180890469,80.16233709673557
NONFIBROTIC ILD ADJUDICATED,combined,rs34625679_T_0,30,0.0,0.0,0.0,0.0,0.0,0.0,0.0,0.0,0.0
NONFIBROTIC ILD ADJUDICATED,combined,rs34625679_T_1,30,0.11560936794517643,0.0,2.959974353494252,0.0,1.0510893829013894,0.005026297641319568,0.32955660397772557,0.05737191387087004,2.959974353494252
NONFIBROTIC ILD ADJUDICATED,combined,rs34625679_T_2,30,0.09579680240333097,0.0,2.7676909472306455,0.0,0.8262898302060874,0.0002504132396520883,0.2830698799821756,0.006952104334798447,2.7676909472306455
NONFIBROTIC ILD ADJUDICATED,combined,rs7730878_A_0,30,0.3406758990015808,0.0020105661159109524,4.236884648139886,0.0,3.567637124642702,0.015770346879358566,0.7457688375857546,0.20814084132731683,4.236884648139886
NONFIBROTIC ILD ADJUDICATED,combined,rs7730878_A_1,30,0.5003900787279061,0.01052224450165501,6.903533233701172,0.0,5.522614451781891,0.07183395986006733,1.055121099420832,0.624587629769129,6.903533233701172
NONFIBROTIC ILD ADJUDICATED,combined,rs7730878_A_2,30,0.40013295112477393,0.0023059166139105624,9.565988938684432,0.0,3.465186310254847,0.02898250280592983,1.0517305268880395,0.24425518398940238,9.565988938684432
NONFIBROTIC ILD ADJUDICATED,combined,rs7725218_G_0,30,0.1145387053998103,0.0,3.3795205619035498,0.0,0.9481956264917636,0.00017728821330691938,0.3405950802498601,0.005318646399207582,3.3795205619035498
NONFIBROTIC ILD ADJUDICATED,combined,rs7725218_G_1,30,0.5394677406210017,0.0002818571608706327,13.867653675645162,0.0,4.706199393735247,0.019716120934081958,1.4651405166463078,0.2687611728594839,13.867653675645162
NONFIBROTIC ILD ADJUDICATED,combined,rs7725218_G_2,30,0.6244788253155954,0.008924125384293881,11.229989004355263,0.0,6.851699487772498,0.05249872724312859,1.5644643352680425,0.6766072825961704,11.229989004355263
NONFIBROTIC ILD ADJUDICATED,combined,rs2736100_A_0,30,0.24888204573861053,0.0027755631783713897,5.475727706532203,0.0,1.875333847486524,0.03451164646764089,0.6361917747613919,0.3541448221439317,5.475727706532203
NONFIBROTIC ILD ADJUDICATED,combined,rs2736100_A_1,30,0.21621799223975,0.0021734009320063625,1.9168077579106437,0.0,1.6715933468948208,0.05772710996640158,0.4159375401099178,1.1200163465022108,1.9168077579106437
NONFIBROTIC ILD ADJUDICATED,combined,rs2736100_A_2,30,0.29752400046176175,0.005702652956957376,2.9207734560268532,0.0,2.6408831223049796,0.06568328624671116,0.5845916236132322,1.416657073259095,2.9207734560268532
NONFIBROTIC ILD ADJUDICATED,combined,rs72722911_G_0,30,0.00964156949395556,0.0,0.2572959497772016,0.0,0.08794929849255949,9.721194437242816e-05,0.028101031157558697,0.0029163583311728448,0.2572959497772016
NONFIBROTIC ILD ADJUDICATED,combined,rs72722911_G_1,30,0.2503253420033274,0.00036854378730432556,3.575665365730732,0.0,3.4189895991571597,0.01412097545224895,0.6055844719208393,0.0981791939001932,3.575665365730732
NONFIBROTIC ILD ADJUDICATED,combined,rs72722911_G_2,30,0.18190538090940764,0.0,5.010032964458153,0.0,1.500224643634085,0.005657370576141765,0.5224489558843227,0.04987101594009048,5.010032964458153
NONFIBROTIC ILD ADJUDICATED,combined,rs77144736_C_0,30,0.0,0.0,0.0,0.0,0.0,0.0,0.0,0.0,0.0
NONFIBROTIC ILD ADJUDICATED,combined,rs77144736_C_1,30,0.0463904160408792,0.0,0.6405004984061141,0.0,0.5354987699830188,0.0,0.10448836099699409,0.0,0.6405004984061141
NONFIBROTIC ILD ADJUDICATED,combined,rs77144736_C_2,30,0.021051529138148548,0.0,0.6312330434587481,0.0,0.17381588919829333,0.0,0.06314415972492203,0.0,0.6312330434587481
NONFIBROTIC ILD ADJUDICATED,combined,rs62354543_A_0,30,0.005984724674101921,0.0,0.1096861829502132,0.0,0.055044574884862627,0.0006509364301443471,0.013913488295611827,0.012856801314376543,0.1096861829502132
NONFIBROTIC ILD ADJUDICATED,combined,rs62354543_A_1,30,0.022246287046256925,0.0,0.3170036415556339,0.0,0.17920774621116264,0.004262015421675016,0.05035436708952945,0.07512111676192555,0.3170036415556339
NONFIBROTIC ILD ADJUDICATED,combined,rs62354543_A_2,30,10.197487014383048,0.0,302.3627134474948,0.0,84.77812852768668,0.0262493232024334,30.41868478297524,0.3089222906920131,302.3627134474948
NONFIBROTIC ILD ADJUDICATED,combined,rs72755986_C_0,30,0.0,0.0,0.0,0.0,0.0,0.0,0.0,0.0,0.0
NONFIBROTIC ILD ADJUDICATED,combined,rs72755986_C_1,30,0.00018267562318305863,0.0,0.005480268695491759,0.0,0.0015070738912602258,0.0,0.0005480268695491759,0.0,0.005480268695491759
NONFIBROTIC ILD ADJUDICATED,combined,rs72755986_C_2,30,2.8435567688726314e-05,0.0,0.0008530670306617894,0.0,0.00023459343343199088,0.0,8.530670306617894e-05,0.0,0.0008530670306617894
NONFIBROTIC ILD ADJUDICATED,combined,rs72762052_C_0,30,0.03391537277636261,0.0,0.3776422785341565,0.0,0.3754061268846278,0.00041513372430300753,0.07185025663110384,0.009681621782454214,0.3776422785341565
NONFIBROTIC ILD ADJUDICATED,combined,rs72762052_C_1,30,0.7649583586201699,0.0,22.58904456475186,0.0,6.382545742823114,0.0030105587193238067,2.280039233341504,0.0239841780560819,22.58904456475186
NONFIBROTIC ILD ADJUDICATED,combined,rs72762052_C_2,30,0.1513506887274939,1.8877444434718142e-05,2.27293368760596,0.0,1.6426650522833746,0.01614505354523496,0.3533226727780224,0.11320035836950088,2.27293368760596
NONFIBROTIC ILD ADJUDICATED,combined,rs116575227_A_0,30,0.0,0.0,0.0,0.0,0.0,0.0,0.0,0.0,0.0
NONFIBROTIC ILD ADJUDICATED,combined,rs116575227_A_1,30,0.13505120423088454,0.0,3.328431331566773,0.0,1.3362986480130359,0.0007507194694678853,0.364895138698984,0.014422557817006715,3.328431331566773
NONFIBROTIC ILD ADJUDICATED,combined,rs116575227_A_2,30,0.0025642021474856377,0.0,0.025868452273646484,0.0,0.025284466701003754,0.0004317605935516447,0.005181630356925754,0.006479285347102735,0.025868452273646484
NONFIBROTIC ILD ADJUDICATED,combined,rs469942_C_0,30,0.03641776159930689,0.0,0.3572604154462458,0.0,0.3451785985434456,0.0092892639652327,0.0708221129387047,0.0654632605592046,0.3572604154462458
NONFIBROTIC ILD ADJUDICATED,combined,rs469942_C_1,30,0.17763662088629045,0.001992565231816808,3.2764523265988017,0.0,1.7134223114093283,0.02386014127118847,0.44147557206624194,0.19529522257375817,3.2764523265988017
NONFIBROTIC ILD ADJUDICATED,combined,rs469942_C_2,30,0.5588395771391202,0.014321040230115427,14.025425987244189,0.0,5.199553261824467,0.02402313068322705,1.5737098404170398,0.18556748225695102,14.025425987244189
NONFIBROTIC ILD ADJUDICATED,combined,rs2228972_G_0,30,0.06923066071115595,0.0,1.5660437392085083,0.0,0.6967384237138601,0.0014036191959745652,0.18340974041808847,0.030482449079698045,1.5660437392085083
NONFIBROTIC ILD ADJUDICATED,combined,rs2228972_G_1,30,0.8213951183729392,0.05650338192025105,13.147404564877554,0.0,9.165079246219923,0.10616362217831006,1.9191208401171738,0.39650627103372665,13.147404564877554
NONFIBROTIC ILD ADJUDICATED,combined,rs2228972_G_2,30,0.5406484144673406,0.009410194697006291,9.65770700594068,0.0,5.576688944000924,0.048946310420139166,1.3053539903611244,0.20596474757346228,9.65770700594068
NONFIBROTIC ILD ADJUDICATED,combined,rs12658068_G_0,30,0.0,0.0,0.0,0.0,0.0,0.0,0.0,0.0,0.0
NONFIBROTIC ILD ADJUDICATED,combined,rs12658068_G_1,30,12.756466562320583,0.0015409575276845071,324.717668907797,0.0,131.1027655263362,0.004599967208224949,36.319126403290454,0.02716607695282816,324.717668907797
NONFIBROTIC ILD ADJUDICATED,combined,rs12658068_G_2,30,15.857592869556012,1.6295673762558816e-05,474.80874543564454,0.0,130.87430784431177,0.005307834106521603,47.56236596488481,0.058846615320271106,474.80874543564454
NONFIBROTIC ILD ADJUDICATED,combined,rs1423029_A_0,30,0.013478337429863287,0.00347637968399552,0.11153469694163787,0.0,0.08176892695723834,0.0060825674478804815,0.023038174667776048,0.04029368085990884,0.11153469694163787
NONFIBROTIC ILD ADJUDICATED,combined,rs1423029_A_1,30,0.038269730013596195,0.0,0.4352875013700279,0.0,0.2578926602546011,0.0135584442771573,0.07007925885317938,0.10879026200372076,0.4352875013700279
NONFIBROTIC ILD ADJUDICATED,combined,rs1423029_A_2,30,0.11246390879972593,0.0010402416170717523,1.7311402112907932,0.0,1.1878778817989315,0.01297532259825579,0.2565357727442965,0.09512229655675794,1.7311402112907932
NONFIBROTIC ILD ADJUDICATED,combined,rs13183751_G_0,30,0.876712016716478,0.0,26.247875662560116,0.0,7.237332884241366,0.0005013769989865415,2.627240794300892,0.0057259298841896,26.247875662560116
NONFIBROTIC ILD ADJUDICATED,combined,rs13183751_G_1,30,1.057675141490473,0.011539279056924865,27.243085497797267,0.0,10.133599361423041,0.02072022008328495,2.986884097684091,0.12570770714855775,27.243085497797267
NONFIBROTIC ILD ADJUDICATED,combined,rs13183751_G_2,30,0.24676484331950796,0.0,6.248244992275213,0.0,2.0324987036910476,0.014386770161495728,0.6796296558803389,0.1391910234643086,6.248244992275213
NONFIBROTIC ILD ADJUDICATED,combined,rs6899532_G_0,30,0.0,0.0,0.0,0.0,0.0,0.0,0.0,0.0,0.0
NONFIBROTIC ILD ADJUDICATED,combined,rs6899532_G_1,30,0.12838430846315493,1.2005134205710507e-05,3.4711172475937113,0.0,1.0686892350122608,0.004263622939040604,0.3685421798832851,0.024609254953106247,3.4711172475937113
NONFIBROTIC ILD ADJUDICATED,combined,rs6899532_G_2,30,0.019467374215957668,0.0,0.2603891324439638,0.0,0.1817076504874455,0.00491501461860314,0.0415873703745284,0.02951884066066889,0.2603891324439638
NONFIBROTIC ILD ADJUDICATED,combined,rs10484326_T_0,30,0.6400485581089186,0.0,15.282351568427277,0.0,6.24892635848002,0.0189100158485604,1.7320121765608,0.1301873295405012,15.282351568427277
NONFIBROTIC ILD ADJUDICATED,combined,rs10484326_T_1,30,0.36212625244653196,0.01231252308702798,6.411901791921907,0.0,2.978361311267575,0.05442398193962259,0.8713846292266366,0.49215460881771905,6.411901791921907
NONFIBROTIC ILD ADJUDICATED,combined,rs10484326_T_2,30,0.4448432042898167,0.0016381260166731465,11.718223789607833,0.0,3.543152105852684,0.024114040349942686,1.2760249813738582,0.3417701104510191,11.718223789607833
NONFIBROTIC ILD ADJUDICATED,combined,rs2076295_T_0,30,0.46178767703805446,0.0,12.421814252571926,0.0,3.9272831254820595,0.017925717078230975,1.3073302171457588,0.16714978039581715,12.421814252571926
NONFIBROTIC ILD ADJUDICATED,combined,rs2076295_T_1,30,0.5086315274776474,0.04364230265330144,9.071855013541805,0.0,5.193043360006046,0.06773266590295224,1.20510495277772,0.3867144398760806,9.071855013541805
NONFIBROTIC ILD ADJUDICATED,combined,rs2076295_T_2,30,0.08563097511960126,0.0031311545228502155,0.7773451428992297,0.0,0.6607393838961602,0.027864584235193127,0.1612677374423052,0.36605674103501806,0.7773451428992297
NONFIBROTIC ILD ADJUDICATED,combined,rs3778337_G_0,30,0.7636825085577229,0.0,22.082058252252928,0.0,6.503969024861379,0.0035580315803626656,2.2522718060740052,0.09706630988521389,22.082058252252928
NONFIBROTIC ILD ADJUDICATED,combined,rs3778337_G_1,30,0.11043433999820058,0.019637302789010568,0.7842266526559788,0.0,0.7023478234098924,0.04829823912029817,0.19312462738698735,0.3782548656521288,0.7842266526559788
NONFIBROTIC ILD ADJUDICATED,combined,rs3778337_G_2,30,0.04849418369589127,0.0015257249287705674,0.5141268262377384,0.0,0.34039387377779995,0.016113734592151516,0.09083824327697121,0.14695413828951728,0.5141268262377384
NONFIBROTIC ILD ADJUDICATED,combined,rs4960330_T_0,30,1.6660318216196794,0.0,48.41161269165727,0.0,13.752505209389192,0.01321931794796927,4.900484787709384,0.10554935893326588,48.41161269165727
NONFIBROTIC ILD ADJUDICATED,combined,rs4960330_T_1,30,2.5485557054325634,0.0003154315219391602,74.94947966092198,0.0,21.12371021332823,0.007309553169686836,7.592375013869188,0.040525115125355345,74.94947966092198
NONFIBROTIC ILD ADJUDICATED,combined,rs4960330_T_2,30,1.8320460118422905,0.0009762731453032222,52.1954093857461,0.0,15.852657636673252,0.010020770504551635,5.372348309463421,0.15758806327611122,52.1954093857461
NONFIBROTIC ILD ADJUDICATED,combined,rs148106529_G_0,30,0.0,0.0,0.0,0.0,0.0,0.0,0.0,0.0,0.0
NONFIBROTIC ILD ADJUDICATED,combined,rs148106529_G_1,30,0.6065822031346555,0.0,15.898168097738205,0.0,5.623715373323197,0.002972727068465871,1.7226705679014955,0.03771595549347019,15.898168097738205
NONFIBROTIC ILD ADJUDICATED,combined,rs148106529_G_2,30,0.013079204839150926,0.0,0.24437107299140018,0.0,0.09867713716334245,0.002359929562735886,0.03346483264484142,0.0232549936900907,0.24437107299140018
NONFIBROTIC ILD ADJUDICATED,combined,rs2071627_C_0,30,1.056039795310525,0.0,30.734735315731065,0.0,8.975369097742778,0.005434916616701944,3.126004294725039,0.05595652062707526,30.734735315731065
NONFIBROTIC ILD ADJUDICATED,combined,rs2071627_C_1,30,0.1630128074154801,0.004819778664135015,4.2324809059655015,0.0,1.2788329457541858,0.013023860009617099,0.4527327970091371,0.060816490565535536,4.2324809059655015
NONFIBROTIC ILD ADJUDICATED,combined,rs2071627_C_2,30,0.03033305624159123,0.0035974432648106,0.24853668572542237,0.0,0.16933024954329104,0.013870639560060355,0.052198661004774216,0.09020323036240122,0.24853668572542237
NONFIBROTIC ILD ADJUDICATED,combined,rs3130157_G_0,30,0.011263329041900435,0.0,0.3357286567615252,0.0,0.0938067200586259,0.0,0.03370908079791868,0.0,0.3357286567615252
NONFIBROTIC ILD ADJUDICATED,combined,rs3130157_G_1,30,1.40872540567992,0.0,27.618504266776817,0.0,17.718556736121595,0.01393236611173526,3.706367035282657,0.2602114083617574,27.618504266776817
NONFIBROTIC ILD ADJUDICATED,combined,rs3130157_G_2,30,0.11759162677781641,0.0,2.5521916690004205,0.0,1.0208473553210906,0.009536378576202419,0.3018582130534794,0.1946150749710267,2.5521916690004205
NONFIBROTIC ILD ADJUDICATED,combined,rs56184452_G_0,30,0.0,0.0,0.0,0.0,0.0,0.0,0.0,0.0,0.0
NONFIBROTIC ILD ADJUDICATED,combined,rs56184452_G_1,30,0.06063848633563116,0.0,0.7871997635594726,0.0,0.6554688837248454,0.01207466371377822,0.1331524938531958,0.35832468303115445,0.7871997635594726
NONFIBROTIC ILD ADJUDICATED,combined,rs56184452_G_2,30,0.04150284839892406,0.0,1.0799114133962762,0.0,0.35827770881610077,0.0018901723224500728,0.11488133621374863,0.030986607120305886,1.0799114133962762
NONFIBROTIC ILD ADJUDICATED,combined,rs75714781_G_0,30,0.0,0.0,0.0,0.0,0.0,0.0,0.0,0.0,0.0
NONFIBROTIC ILD ADJUDICATED,combined,rs75714781_G_1,30,0.11121872050485765,0.0,3.1611267826217313,0.0,0.956619238533475,0.0011736932714053463,0.32475746496083,0.012417343736598734,3.1611267826217313
NONFIBROTIC ILD ADJUDICATED,combined,rs75714781_G_2,30,0.0026602556863127586,0.0,0.04675802972239033,0.0,0.026155876576710632,0.00016837028786554901,0.006236508591583694,0.0025255543179832354,0.04675802972239033
NONFIBROTIC ILD ADJUDICATED,combined,rs11154034_T_0,30,0.293106799030757,0.00041749756875152517,8.10424881507875,0.0,2.4309176708077,0.010200935335582983,0.8407939152233359,0.06145820822673447,8.10424881507875
NONFIBROTIC ILD ADJUDICATED,combined,rs11154034_T_1,30,0.11859995988312301,0.005780439531074956,1.9768925119596727,0.0,0.9549280044403754,0.027387908072912196,0.264402932674451,0.18129585940716164,1.9768925119596727
NONFIBROTIC ILD ADJUDICATED,combined,rs11154034_T_2,30,0.4611460412334992,0.0034559870920690544,10.337987135098796,0.0,4.3170130731578915,0.0353177253938879,1.396171945816521,0.3175658933234041,10.337987135098796
NONFIBROTIC ILD ADJUDICATED,combined,rs76931164_T_0,30,0.0,0.0,0.0,0.0,0.0,0.0,0.0,0.0,0.0
NONFIBROTIC ILD ADJUDICATED,combined,rs76931164_T_1,30,0.0517506298257274,0.0,0.8651751852826054,0.0,0.7160402934080009,0.00017865768261862106,0.12588121002863825,0.005359730478558632,0.8651751852826054
NONFIBROTIC ILD ADJUDICATED,combined,rs76931164_T_2,30,0.003097681115437761,0.0,0.09293043346313283,0.0,0.025555869202361397,0.0,0.009293043346313283,0.0,0.09293043346313283
NONFIBROTIC ILD ADJUDICATED,combined,rs79242376_G_0,30,0.011205317496248141,0.0,0.32304249165051907,0.0,0.09834653430066302,0.0,0.0342786655622274,0.0,0.32304249165051907
NONFIBROTIC ILD ADJUDICATED,combined,rs79242376_G_1,30,2.8617700315006673,0.002000146590530642,83.42814655436715,0.0,23.48225470791503,0.035988261115943394,8.457334937656414,0.4525149007018294,83.42814655436715
NONFIBROTIC ILD ADJUDICATED,combined,rs79242376_G_2,30,0.8216925225093361,0.0,21.094252445937425,0.0,7.660515423164645,0.02456874451918111,2.3092234974779307,0.24587730421370915,21.094252445937425
NONFIBROTIC ILD ADJUDICATED,combined,rs9397724_G_0,30,0.015211826124240655,0.0,0.4315091878440895,0.0,0.12688802884167596,0.00013180042604477965,0.05762218977090597,0.002844552340559506,0.4315091878440895
NONFIBROTIC ILD ADJUDICATED,combined,rs9397724_G_1,30,1.748005579087186,0.00175857924039113,51.22937613596058,0.0,14.71208569660149,0.0075872102411026175,5.22018637947411,0.0763122643910203,51.22937613596058
NONFIBROTIC ILD ADJUDICATED,combined,rs9397724_G_2,30,0.3320550236850327,0.0019630048321305155,7.632661962199338,0.0,3.2822452135275606,0.01361457662166727,0.8838257469418361,0.25986930767397054,7.632661962199338
NONFIBROTIC ILD ADJUDICATED,combined,rs35677769_G_0,30,0.00031624282603777583,0.0,0.006742235202231276,0.0,0.0038442756253175437,0.0,0.0008572268254832608,0.0,0.006742235202231276
NONFIBROTIC ILD ADJUDICATED,combined,rs35677769_G_1,30,0.4755878856047481,0.004096357887892873,11.524303633222832,0.0,4.652929611846401,0.016345018874374152,1.3174258405605688,0.1831373985477349,11.524303633222832
NONFIBROTIC ILD ADJUDICATED,combined,rs35677769_G_2,30,0.10120890085846143,0.0,2.851662995215517,0.0,0.8289139891014571,0.0024485432861741864,0.38272592011379525,0.030691541502705092,2.851662995215517
NONFIBROTIC ILD ADJUDICATED,combined,rs12665063_A_0,30,0.0,0.0,0.0,0.0,0.0,0.0,0.0,0.0,0.0
NONFIBROTIC ILD ADJUDICATED,combined,rs12665063_A_1,30,0.07940919813094603,0.0,1.9532782631106027,0.0,0.8120497215394067,5.670162814152794e-05,0.23562084512851653,0.001458036560761896,1.9532782631106027
NONFIBROTIC ILD ADJUDICATED,combined,rs12665063_A_2,30,0.18194329961504624,0.0,4.067910644972176,0.0,2.113852305706956,6.538719020358242e-05,0.498302078203305,0.0009808078530537364,4.067910644972176
NONFIBROTIC ILD ADJUDICATED,combined,rs6970647_T_0,30,0.06168725007042491,0.007596311357643777,0.8408372063864733,0.0,0.5376451012585106,0.014879812097884495,0.13143142261083235,0.15667865789038346,0.8408372063864733
NONFIBROTIC ILD ADJUDICATED,combined,rs6970647_T_1,30,0.06374496101885026,0.0005176806295218739,1.3828539308152814,0.0,0.47393414805020617,0.009946399331261692,0.1616003597724723,0.0785303082934179,1.3828539308152814
NONFIBROTIC ILD ADJUDICATED,combined,rs6970647_T_2,30,0.5382543895394954,0.012843597617918848,8.366795748923671,0.0,6.269296042363385,0.03880973883231256,1.2633108497712071,0.33674265454013186,8.366795748923671
NONFIBROTIC ILD ADJUDICATED,combined,rs2726049_A_0,30,0.36389573578711687,0.03827715546301254,3.096844231900546,0.0,2.7928001487488823,0.12203621249530848,0.6747282579374666,1.3765041698638996,3.096844231900546
NONFIBROTIC ILD ADJUDICATED,combined,rs2726049_A_1,30,0.3474108871327669,0.0024969482569441085,5.600431945077325,0.0,4.132721511026732,0.027308428197414306,0.8941091215395134,0.22918588142339094,5.600431945077325
NONFIBROTIC ILD ADJUDICATED,combined,rs2726049_A_2,30,0.5283467298136437,0.0036191652122307847,8.785893629582503,0.0,6.9286058086739315,0.017593913020451744,1.3246612385835324,0.17676214440682916,8.785893629582503
NONFIBROTIC ILD ADJUDICATED,combined,rs34262641_A_0,30,0.0,0.0,0.0,0.0,0.0,0.0,0.0,0.0,0.0
NONFIBROTIC ILD ADJUDICATED,combined,rs34262641_A_1,30,0.009060840326691959,0.0,0.2259333007100054,0.0,0.09540329178604742,0.0,0.024123060374025652,0.0,0.2259333007100054
NONFIBROTIC ILD ADJUDICATED,combined,rs34262641_A_2,30,0.012275190971216881,0.0,0.30954502541543455,0.0,0.1021358823654023,0.0004449637482957036,0.033648165630265243,0.013348912448871108,0.30954502541543455
NONFIBROTIC ILD ADJUDICATED,combined,rs2353082_C_0,30,0.019025505059096563,0.0,0.45262530279556423,0.0,0.18662332928496922,0.0006024843450410115,0.05210156056327115,0.01334017799148959,0.45262530279556423
NONFIBROTIC ILD ADJUDICATED,combined,rs2353082_C_1,30,0.3273707184377084,0.008391682043175013,4.79163939157945,0.0,2.9946018339734937,0.06407372660443246,0.7191738407879554,0.413769328700133,4.79163939157945
NONFIBROTIC ILD ADJUDICATED,combined,rs2353082_C_2,30,0.3089943094152465,0.0,9.072070608473014,0.0,2.5716911065120867,0.0020993349434179076,0.9211464179996282,0.014649633681095361,9.072070608473014
NONFIBROTIC ILD ADJUDICATED,combined,rs4727443_C_0,30,0.09661129931898543,0.0,0.8294698538995512,0.0,0.7582643718996384,0.02674655700744303,0.18491677946605778,0.367525648034695,0.8294698538995512
NONFIBROTIC ILD ADJUDICATED,combined,rs4727443_C_1,30,0.7605579848502576,0.009467514456690113,21.75361624308105,0.0,6.1489211273928355,0.020952119439964882,2.2202171790715886,0.1672374935358714,21.75361624308105
NONFIBROTIC ILD ADJUDICATED,combined,rs4727443_C_2,30,0.05957979409313551,0.003095538869066569,1.5422465628132775,0.0,0.4565080815668344,0.005237843556363237,0.16316754166517294,0.03303260997162777,1.5422465628132775
NONFIBROTIC ILD ADJUDICATED,combined,rs62505367_T_0,30,0.20760636517922862,0.0033833139098062934,4.1435599769702485,0.0,1.874015539741495,0.023366153706187796,0.506299058167852,0.23358423281945842,4.1435599769702485
NONFIBROTIC ILD ADJUDICATED,combined,rs62505367_T_1,30,0.1284712455889646,0.004420209893213348,1.9620577296513733,0.0,1.1735357294638187,0.021663941683597254,0.2864752293697387,0.11091197602607193,1.9620577296513733
NONFIBROTIC ILD ADJUDICATED,combined,rs62505367_T_2,30,0.04791470831250052,0.0029997614391909207,0.9294325868766259,0.0,0.38465559610018174,0.007972315796743505,0.11722360805477106,0.05083514000246853,0.9294325868766259
NONFIBROTIC ILD ADJUDICATED,combined,rs3887876_C_0,30,0.01155080732092736,0.0,0.16778722996610948,0.0,0.14998647364784104,0.000662200733069227,0.027495622057832094,0.006646192506461546,0.16778722996610948
NONFIBROTIC ILD ADJUDICATED,combined,rs3887876_C_1,30,0.024838488635884445,0.0,0.2868208964852105,0.0,0.20304180745675926,0.006168009971328896,0.05019613246141111,0.06139933370001065,0.2868208964852105
NONFIBROTIC ILD ADJUDICATED,combined,rs3887876_C_2,30,0.03854760828339407,0.0,0.7823301323091896,0.0,0.3458802544677709,0.0034816947240639867,0.10243147745888138,0.07061668365170305,0.7823301323091896
NONFIBROTIC ILD ADJUDICATED,combined,rs68170294_G_0,30,0.0679513873076026,0.0,1.9638716612180962,0.0,0.5913641921788018,3.4011887477903934e-05,0.20121775580570583,0.000510178312168559,1.9638716612180962
NONFIBROTIC ILD ADJUDICATED,combined,rs68170294_G_1,30,0.0422257562772722,0.0,0.8181103785152705,0.0,0.35170684161267274,0.005641188151349884,0.1007960799507694,0.04240280528378544,0.8181103785152705
NONFIBROTIC ILD ADJUDICATED,combined,rs68170294_G_2,30,0.19004654405124582,0.002099981933587366,2.921958590209179,0.0,2.411877881099689,0.01528643958592682,0.4814023333875989,0.10882778940845714,2.921958590209179
NONFIBROTIC ILD ADJUDICATED,combined,rs74987898_C_0,30,7.099058671524229e-05,0.0,0.0021297176014572687,0.0,0.0005856723404007459,0.0,0.00021297176014572686,0.0,0.0021297176014572687
NONFIBROTIC ILD ADJUDICATED,combined,rs74987898_C_1,30,1.0880986892393119,0.0,29.513258162183725,0.0,9.556275242137152,0.0010643834309260899,3.1510920783413434,0.010292379081791139,29.513258162183725
NONFIBROTIC ILD ADJUDICATED,combined,rs74987898_C_2,30,0.2879643533722607,0.0,6.963682313589618,0.0,2.8855334506382277,0.006911252651865675,0.7908474925136803,0.10355457253187496,6.963682313589618
NONFIBROTIC ILD ADJUDICATED,combined,rs10976897_G_0,30,0.0,0.0,0.0,0.0,0.0,0.0,0.0,0.0,0.0
NONFIBROTIC ILD ADJUDICATED,combined,rs10976897_G_1,30,1.8191229083751225e-05,0.0,0.0005457368725125367,0.0,0.0001500776399409468,0.0,5.457368725125367e-05,0.0,0.0005457368725125367
NONFIBROTIC ILD ADJUDICATED,combined,rs10976897_G_2,30,5.837281761443774e-06,0.0,0.00017511845284331324,0.0,4.815757453191089e-05,0.0,1.7511845284331322e-05,0.0,0.00017511845284331324
NONFIBROTIC ILD ADJUDICATED,combined,rs62530710_G_0,30,0.0002452440525440312,0.0,0.0073573215763209346,0.0,0.0020232634334882466,0.0,0.0007357321576320935,0.0,0.0073573215763209346
NONFIBROTIC ILD ADJUDICATED,combined,rs62530710_G_1,30,0.4895777579692861,0.0,14.480985156581125,0.0,4.114088857373377,0.0004554164189720852,1.4605519432445837,0.005088119311493513,14.480985156581125
NONFIBROTIC ILD ADJUDICATED,combined,rs62530710_G_2,30,0.3871246753700488,0.0,11.418919071352484,0.0,3.217097002807796,0.002003526078550243,1.152860711444565,0.020774259661574368,11.418919071352484
NONFIBROTIC ILD ADJUDICATED,combined,rs10869195_A_0,30,0.0,0.0,0.0,0.0,0.0,0.0,0.0,0.0,0.0
NONFIBROTIC ILD ADJUDICATED,combined,rs10869195_A_1,30,0.012612783951152323,0.0,0.2232957094023627,0.0,0.16866177030975263,0.00014281643075948804,0.034712291944643224,0.0021422464613923206,0.2232957094023627
NONFIBROTIC ILD ADJUDICATED,combined,rs10869195_A_2,30,0.01724923202842832,0.0,0.1992672542303716,0.0,0.17843464380170734,0.002971102670090873,0.03621625770128066,0.044447495077039434,0.1992672542303716
NONFIBROTIC ILD ADJUDICATED,combined,rs56744128_A_0,30,0.9307362502923624,0.0,22.358465560341692,0.0,10.025169579825448,0.0016961565137520727,2.600795667498179,0.04427399742946321,22.358465560341692
NONFIBROTIC ILD ADJUDICATED,combined,rs56744128_A_1,30,0.017780872328665834,0.0,0.3482255505781619,0.0,0.14497815570261868,0.0024964503858306837,0.0428599885540919,0.02703690337006173,0.3482255505781619
NONFIBROTIC ILD ADJUDICATED,combined,rs56744128_A_2,30,0.1941860979036371,0.0009514212056812168,4.56691135077141,0.0,1.908025196044345,0.00920657789979538,0.5065051240199507,0.08475724599290843,4.56691135077141
NONFIBROTIC ILD ADJUDICATED,combined,rs1923802_T_0,30,0.0,0.0,0.0,0.0,0.0,0.0,0.0,0.0,0.0
NONFIBROTIC ILD ADJUDICATED,combined,rs1923802_T_1,30,0.818901580725983,0.0,23.060162963765457,0.0,7.359885318863591,0.0015595367260433648,2.4002020723300204,0.02162448382334436,23.060162963765457
NONFIBROTIC ILD ADJUDICATED,combined,rs1923802_T_2,30,0.2152752591366834,0.0,5.4514649786186755,0.0,1.9588160110037167,0.006063005415912212,0.608948881428087,0.12683911850897914,5.4514649786186755
NONFIBROTIC ILD ADJUDICATED,combined,rs1851741_G_0,30,6.62883323803365,0.0017670474556096315,111.98107410099367,0.0,93.02703617311658,0.015988279052251527,16.98009926898623,0.1822907966475856,111.98107410099367
NONFIBROTIC ILD ADJUDICATED,combined,rs1851741_G_1,30,0.1250001108257775,0.003189383107689988,2.6401976031639,0.0,1.0004964573468778,0.01721379906589447,0.31035150794592964,0.14313087618204223,2.6401976031639
NONFIBROTIC ILD ADJUDICATED,combined,rs1851741_G_2,30,0.9208204879312571,0.005942410737272454,25.927245085351252,0.0,7.59319998290936,0.030378824784189868,2.667908024490248,0.17459050868170845,25.927245085351252
NONFIBROTIC ILD ADJUDICATED,combined,rs7041597_T_0,30,0.9258858502914145,0.0,26.576604244393568,0.0,7.800757115138705,0.002434370819564097,2.7199692236513533,0.06250190328369573,26.576604244393568
NONFIBROTIC ILD ADJUDICATED,combined,rs7041597_T_1,30,0.33479829450397225,0.005365157151808698,5.807054785133291,0.0,4.040008008566917,0.020974668066698007,0.8270130317458769,0.1644296704970896,5.807054785133291
NONFIBROTIC ILD ADJUDICATED,combined,rs7041597_T_2,30,0.7608574793379594,0.0,14.24506700848546,0.0,8.952621450186154,0.028967085749299796,1.9421337861622001,0.29207140874857795,14.24506700848546
NONFIBROTIC ILD ADJUDICATED,combined,rs13299670_C_0,30,0.0,0.0,0.0,0.0,0.0,0.0,0.0,0.0,0.0
NONFIBROTIC ILD ADJUDICATED,combined,rs13299670_C_1,30,0.11631148841738287,0.0,3.256107895492138,0.0,1.042594822502151,0.0007375015526449764,0.34087820114756057,0.0069459561137948855,3.256107895492138
NONFIBROTIC ILD ADJUDICATED,combined,rs13299670_C_2,30,0.049941678822798034,0.0,1.331687436545114,0.0,0.4411004018203889,0.0006059472063626282,0.1407397350586605,0.008036446688978066,1.331687436545114
NONFIBROTIC ILD ADJUDICATED,combined,rs61829240_G_0,30,0.0,0.0,0.0,0.0,0.0,0.0,0.0,0.0,0.0
NONFIBROTIC ILD ADJUDICATED,combined,rs61829240_G_1,30,0.2591260757352262,0.0,6.047404982180307,0.0,2.452643682685562,0.007717050355259219,0.7199606860430487,0.06972548669811425,6.047404982180307
NONFIBROTIC ILD ADJUDICATED,combined,rs61829240_G_2,30,0.6934109648341521,0.0,20.423184753883454,0.0,5.6867670024866195,0.0054877721592474565,2.057500981467307,0.08685408285714422,20.423184753883454
NONFIBROTIC ILD ADJUDICATED,combined,rs1189320_G_0,30,0.27088469870894477,0.0012652899043608646,4.466124778217641,0.0,2.903118452628979,0.019690927045739798,0.641736102079963,0.20382304922518812,4.466124778217641
NONFIBROTIC ILD ADJUDICATED,combined,rs1189320_G_1,30,0.15828263823009936,0.0005341707068693128,2.60061985785736,0.0,1.2086976392576743,0.02928029615813211,0.35000416315620614,0.40320962729192195,2.60061985785736
NONFIBROTIC ILD ADJUDICATED,combined,rs1189320_G_2,30,0.30969027058659165,0.0011870278025860259,7.690981953641887,0.0,2.479044772166734,0.023344678835133532,0.8302844994380896,0.12493613527342337,7.690981953641887
NONFIBROTIC ILD ADJUDICATED,combined,rs55672765_C_0,30,0.1105365429872442,0.0,2.6571727929893427,0.0,1.0934501379421686,6.513164742044157e-05,0.3043999469880066,0.001589142335460653,2.6571727929893427
NONFIBROTIC ILD ADJUDICATED,combined,rs55672765_C_1,30,0.03184728551423718,0.0,0.27550440350732575,0.0,0.25259264736762305,0.00832874460742142,0.06090310946149231,0.08722803706199946,0.27550440350732575
NONFIBROTIC ILD ADJUDICATED,combined,rs55672765_C_2,30,0.4355047929419708,0.0,12.350591017053377,0.0,3.7059733114227793,0.006658096760558135,1.2731624817451677,0.04494688541258927,12.350591017053377
NONFIBROTIC ILD ADJUDICATED,combined,rs34547036_C_0,30,0.0014922761998010193,0.0,0.04476828599403058,0.0,0.012311278648358345,0.0,0.005969104799204077,0.0,0.04476828599403058
NONFIBROTIC ILD ADJUDICATED,combined,rs34547036_C_1,30,0.26719148383598473,0.00431778485846191,3.862981331680846,0.0,2.307209295210222,0.026822222340178135,0.5920904055605566,0.23572026525360246,3.862981331680846
NONFIBROTIC ILD ADJUDICATED,combined,rs34547036_C_2,30,0.02023969784326327,0.0,0.40483418654387576,0.0,0.1793291576237847,0.0020922882832601977,0.04904000252094476,0.01604863956398708,0.40483418654387576
NONFIBROTIC ILD ADJUDICATED,combined,rs10748858_T_0,30,0.7261915740482365,0.03458146546278832,16.033724202738288,0.0,5.7218657408479565,0.08734023356041389,1.9201063830296476,0.9210586028248244,16.033724202738288
NONFIBROTIC ILD ADJUDICATED,combined,rs10748858_T_1,30,1.2840502187742262,0.013261976347762137,20.90090835277803,0.0,15.686606324412743,0.07175345235708486,3.140655299601622,0.41865672411234006,20.90090835277803
NONFIBROTIC ILD ADJUDICATED,combined,rs10748858_T_2,30,3.519515030527332,0.0006035611541673149,104.67797906323989,0.0,29.00549190115266,0.016169419710922776,10.502279455059027,0.09826475050617613,104.67797906323989
NONFIBROTIC ILD ADJUDICATED,combined,rs2067832_G_0,30,1.6810159436419991,0.0,49.295534040567574,0.0,13.9067349545857,0.009728905994891061,4.9855484839710416,0.04573359187733043,49.295534040567574
NONFIBROTIC ILD ADJUDICATED,combined,rs2067832_G_1,30,3.4745444990340504,0.007166373168705336,83.7852792336962,0.0,35.62624673973494,0.04292440164708477,9.626934047378274,0.17393363078985238,83.7852792336962
NONFIBROTIC ILD ADJUDICATED,combined,rs2067832_G_2,30,0.9645632465893876,0.0,27.16805239841174,0.0,8.246221873664805,0.01822632587658665,2.810214887600217,0.1729888107646857,27.16805239841174
NONFIBROTIC ILD ADJUDICATED,combined,rs11191865_G_0,30,0.37490572268395644,0.0,10.451600748125536,0.0,3.253858268433494,0.004207943472794335,1.0927901858081908,0.051400977315316204,10.451600748125536
NONFIBROTIC ILD ADJUDICATED,combined,rs11191865_G_1,30,20.187301740813464,0.0,539.2765538073598,0.0,196.1075697420889,0.005036112935777978,58.33609505083477,0.03745440024182763,539.2765538073598
NONFIBROTIC ILD ADJUDICATED,combined,rs11191865_G_2,30,0.04194638631651841,0.0,0.3349829712015174,0.0,0.2821927094218348,0.011814878501956321,0.07545045488378194,0.20009816147338902,0.3349829712015174
NONFIBROTIC ILD ADJUDICATED,combined,rs4918072_G_0,30,0.9046204446172107,0.0,21.303162314829375,0.0,9.474420162056447,0.00518191555670116,2.329170793313407,0.12763492980973046,21.303162314829375
NONFIBROTIC ILD ADJUDICATED,combined,rs4918072_G_1,30,0.08914646731454291,0.0,1.1858615102489025,0.0,0.933843131910809,0.014451705818815632,0.19116127566891353,0.13221765627582285,1.1858615102489025
NONFIBROTIC ILD ADJUDICATED,combined,rs4918072_G_2,30,0.27861557758163075,0.013960725485556172,5.257026512895064,0.0,2.8583859354088315,0.021995647207086914,0.681498902531003,0.12627315229431224,5.257026512895064
NONFIBROTIC ILD ADJUDICATED,combined,rs10886437_C_0,30,0.03547502335246642,0.0011975670826405386,0.5616567196822762,0.0,0.23507851344135375,0.009611230970568157,0.07647138980636133,0.05633900444826448,0.5616567196822762
NONFIBROTIC ILD ADJUDICATED,combined,rs10886437_C_1,30,0.2782852133551789,0.00045377881468879386,7.486872888860726,0.0,2.3225986577968047,0.013873500181668559,0.7882055040147914,0.10449658533785885,7.486872888860726
NONFIBROTIC ILD ADJUDICATED,combined,rs10886437_C_2,30,0.08224177730582635,0.004215174663947914,0.48783461683464624,0.0,0.48685047558802935,0.033961381717366484,0.13945550991121317,0.3256756047935807,0.48783461683464624
NONFIBROTIC ILD ADJUDICATED,combined,rs616768_G_0,30,0.4049278817427693,0.002684717043967813,7.722061242448385,0.0,3.3178069040166314,0.0562672596102476,0.9514761109634358,0.6974888615587941,7.722061242448385
NONFIBROTIC ILD ADJUDICATED,combined,rs616768_G_1,30,0.4411324593903206,0.03752892733095569,8.678217131665592,0.0,4.553972900875176,0.04675436696062888,1.1097535012577313,0.18591247516424916,8.678217131665592
NONFIBROTIC ILD ADJUDICATED,combined,rs616768_G_2,30,0.1357626229473248,0.0008737072289060568,3.013874544937786,0.0,1.1251802808612068,0.01656274777241802,0.3525819718556563,0.1357619896373329,3.013874544937786
NONFIBROTIC ILD ADJUDICATED,combined,rs7942850_T_0,30,1.0162322066512801,0.0,22.185318323662866,0.0,11.979465328643094,0.003938174001329179,2.7664805949587716,0.05864061245040018,22.185318323662866
NONFIBROTIC ILD ADJUDICATED,combined,rs7942850_T_1,30,0.05162819462358257,0.0007454292739328958,0.6409611644086743,0.0,0.4552169887262702,0.013549848441757396,0.10433669774638574,0.09455946319441277,0.6409611644086743
NONFIBROTIC ILD ADJUDICATED,combined,rs7942850_T_2,30,0.18931699400893764,0.0028903162713862143,3.775096437793369,0.0,1.7707612812953761,0.020437841585015683,0.5084923835729918,0.20978582250496156,3.775096437793369
NONFIBROTIC ILD ADJUDICATED,combined,rs7934606_C_0,30,0.13607875883042517,2.3701886057525527e-05,2.6978727403876155,0.0,1.3070036060802757,0.007783011353315287,0.3389428074822534,0.11654361563992395,2.6978727403876155
NONFIBROTIC ILD ADJUDICATED,combined,rs7934606_C_1,30,0.8433993452688902,0.0011362348626208837,22.4637524106708,0.0,7.904740249794497,0.009174314814022007,2.427325391736553,0.08449468279949471,22.4637524106708
NONFIBROTIC ILD ADJUDICATED,combined,rs7934606_C_2,30,0.13068172721459106,0.004207696896224097,2.5558907989568094,0.0,1.0663570530199378,0.01765909327179128,0.307035808477471,0.12146262394108401,2.5558907989568094
NONFIBROTIC ILD ADJUDICATED,combined,rs4077759_T_0,30,0.04301971087269069,0.0,0.9043784954053857,0.0,0.3449961239166901,0.005685296485357711,0.11170286459848013,0.07506029601499861,0.9043784954053857
NONFIBROTIC ILD ADJUDICATED,combined,rs4077759_T_1,30,0.8379069546940704,0.0,23.889153579726123,0.0,7.160358436551503,0.010142929084651508,2.4580762795467366,0.10011159519426253,23.889153579726123
NONFIBROTIC ILD ADJUDICATED,combined,rs4077759_T_2,30,0.1576937801162005,0.0,2.2509284449444,0.0,1.631038419955617,0.028127736403073256,0.34844133752560996,0.21090899990949194,2.2509284449444
NONFIBROTIC ILD ADJUDICATED,combined,rs7952154_C_0,30,0.02784869486400381,0.0,0.49938595993009455,0.0,0.38098543132354007,0.0,0.07778729085701326,0.0,0.49938595993009455
NONFIBROTIC ILD ADJUDICATED,combined,rs7952154_C_1,30,0.2268424413745126,0.0,5.2776246482477465,0.0,2.1242053567186057,0.008656599336949716,0.6296316141089002,0.14295550570516377,5.2776246482477465
NONFIBROTIC ILD ADJUDICATED,combined,rs7952154_C_2,30,0.5561412902528642,0.0,16.221241812959487,0.0,4.6760555157464045,0.00434073479098683,1.646688123223055,0.04185736051252291,16.221241812959487
NONFIBROTIC ILD ADJUDICATED,combined,rs34425120_G_0,30,8.802998613345244e-06,0.0,0.0002640899584003573,0.0,7.262473856009789e-05,0.0,2.640899584003573e-05,0.0,0.0002640899584003573
NONFIBROTIC ILD ADJUDICATED,combined,rs34425120_G_1,30,0.4551115480196323,0.0,12.16673023998601,0.0,4.360340622164687,0.0020808476570015224,1.3138022829077494,0.016326931052352188,12.16673023998601
NONFIBROTIC ILD ADJUDICATED,combined,rs34425120_G_2,30,0.015147134612622064,0.0,0.19510262562945693,0.0,0.13675896805233173,0.002398564862035436,0.03168087163507202,0.01619662271403478,0.19510262562945693
NONFIBROTIC ILD ADJUDICATED,combined,rs35705950.1_G_0,30,0.004336076851541716,0.0,0.07314395128644256,0.0,0.061328949108706565,0.0,0.011104221565879648,0.0,0.07314395128644256
NONFIBROTIC ILD ADJUDICATED,combined,rs35705950.1_G_1,30,0.4129873752501343,0.0,11.24910079894319,0.0,3.8036864736103677,0.0029830426659471494,1.2256536827519977,0.019989463485644707,11.24910079894319
NONFIBROTIC ILD ADJUDICATED,combined,rs35705950.1_G_2,30,0.2635544143291712,0.0,6.4216203353824985,0.0,2.6137131301245793,0.003634012944755411,0.7223502619418943,0.04394905612818154,6.4216203353824985
NONFIBROTIC ILD ADJUDICATED,combined,rs2857476_C_0,30,0.41415617920824205,0.0,5.605742846905475,0.0,3.9061059142370986,0.03935107316432366,0.9436056653649105,1.0359401075698875,5.605742846905475
NONFIBROTIC ILD ADJUDICATED,combined,rs2857476_C_1,30,0.1699586258134977,0.0,2.752324659259829,0.0,1.6866659344563848,0.017632141220482837,0.40666398765684936,0.35844267092732224,2.752324659259829
NONFIBROTIC ILD ADJUDICATED,combined,rs2857476_C_2,30,0.1009016559267768,0.0,2.2796592023451048,0.0,0.775374643933532,0.012403781220618219,0.26282009596769695,0.14356170864940754,2.2796592023451048
NONFIBROTIC ILD ADJUDICATED,combined,rs3829223_C_0,30,1.2965909323622256,0.0,37.6831657934573,0.0,11.045978555400522,0.0041600462397193535,3.8488414359759484,0.029384405058059972,37.6831657934573
NONFIBROTIC ILD ADJUDICATED,combined,rs3829223_C_1,30,0.7477899312212941,0.005220602969957022,21.608581904642435,0.0,6.076808572081019,0.015545168641658062,2.190653156862898,0.13612672286604904,21.608581904642435
NONFIBROTIC ILD ADJUDICATED,combined,rs3829223_C_2,30,3.5043326099249246,0.002146889522432263,100.40526567926689,0.0,29.12823729319278,0.05808249217956999,10.287798878806353,0.6524348062489154,100.40526567926689
NONFIBROTIC ILD ADJUDICATED,combined,rs3750920_C_0,30,0.049676742156170434,0.0,1.257862328917063,0.0,0.44299604054198133,0.00226836975309407,0.1414877863588002,0.019538128835848236,1.257862328917063
NONFIBROTIC ILD ADJUDICATED,combined,rs3750920_C_1,30,0.11572846090299853,0.0012152001015757457,1.6343263088564135,0.0,1.3063668407983833,0.01051905645750456,0.2509948226116932,0.0685581178970589,1.6343263088564135
NONFIBROTIC ILD ADJUDICATED,combined,rs3750920_C_2,30,0.21034961377512326,0.0009882592063590514,5.406382543685953,0.0,1.6857026835454623,0.012947569352775924,0.5813738533165875,0.18261730207773144,5.406382543685953
NONFIBROTIC ILD ADJUDICATED,combined,rs5743894_T_0,30,0.15165170340181217,0.0,3.1581037800496032,0.0,1.4734790861066747,0.009440787232318917,0.3833388299789384,0.17927243637520254,3.1581037800496032
NONFIBROTIC ILD ADJUDICATED,combined,rs5743894_T_1,30,0.5292143664377323,0.004268807446426855,6.880081160356657,0.0,6.010547640906935,0.06458747291586599,1.1672001709122513,1.1355383588053665,6.880081160356657
NONFIBROTIC ILD ADJUDICATED,combined,rs5743894_T_2,30,0.8722976568642034,0.0,24.193836299813757,0.0,7.363283688636941,0.013330637251680216,2.542466966035812,0.18053009242750928,24.193836299813757
NONFIBROTIC ILD ADJUDICATED,combined,rs5743890_T_0,30,0.007745487982815268,0.0,0.23094854086463934,0.0,0.06453752023714404,0.0,0.03079313878195191,0.0,0.23094854086463934
NONFIBROTIC ILD ADJUDICATED,combined,rs5743890_T_1,30,0.08647319801851866,0.0,1.8492434248373024,0.0,0.7418221871489235,0.007363767528723476,0.2210931283382208,0.1830842486431979,1.8492434248373024
NONFIBROTIC ILD ADJUDICATED,combined,rs5743890_T_2,30,17.77518545494114,0.002435431658175923,531.8147889961908,0.0,146.81168514804597,0.015052965449421146,53.252456383914584,0.1254879307355294,531.8147889961908
NONFIBROTIC ILD ADJUDICATED,combined,rs7122936_A_0,30,0.2107940472790417,0.0016745469633942685,3.033521438878863,0.0,2.1134014348534196,0.0304696633128487,0.45518236152208524,0.30522426083760074,3.033521438878863
NONFIBROTIC ILD ADJUDICATED,combined,rs7122936_A_1,30,0.05370051153748088,0.00184277013083263,0.8217628942246434,0.0,0.4640763750662065,0.008813252171924479,0.1150055500926232,0.0835246865195923,0.8217628942246434
NONFIBROTIC ILD ADJUDICATED,combined,rs7122936_A_2,30,0.028163046748018214,0.0,0.24384433130900482,0.0,0.2341402782086928,0.00827401028472919,0.053892515619655676,0.07693741012291073,0.24384433130900482
NONFIBROTIC ILD ADJUDICATED,combined,rs61867586_C_0,30,0.0,0.0,0.0,0.0,0.0,0.0,0.0,0.0,0.0
NONFIBROTIC ILD ADJUDICATED,combined,rs61867586_C_1,30,0.13058824162777052,0.0003921089456969191,3.2314287156450128,0.0,1.0609530646934988,0.010248706166898523,0.3576623037607855,0.1538524630591949,3.2314287156450128
NONFIBROTIC ILD ADJUDICATED,combined,rs61867586_C_2,30,0.12111659388993763,0.0,2.304551107694521,0.0,1.4956539649780678,0.0019053412717405323,0.31113244992713696,0.031146262299951287,2.304551107694521
NONFIBROTIC ILD ADJUDICATED,combined,rs73409602_C_0,30,0.011485913160156564,0.0,0.3405591362319168,0.0,0.09656699992904222,0.0,0.03432379752804369,0.0,0.3405591362319168
NONFIBROTIC ILD ADJUDICATED,combined,rs73409602_C_1,30,0.2652364161389324,0.0003144843393419727,5.735847669393321,0.0,2.534148510343635,0.01278586966664401,0.6994202198851106,0.23763772027875282,5.735847669393321
NONFIBROTIC ILD ADJUDICATED,combined,rs73409602_C_2,30,1.0676836712916642,0.0,22.3564188564743,0.0,9.741287645838334,0.08658087245324243,2.8066619823329884,1.7002043966892058,22.3564188564743
NONFIBROTIC ILD ADJUDICATED,combined,rs74760554_C_0,30,0.0,0.0,0.0,0.0,0.0,0.0,0.0,0.0,0.0
NONFIBROTIC ILD ADJUDICATED,combined,rs74760554_C_1,30,0.1438036060446603,0.0,3.918482702977617,0.0,1.194638647654716,0.0034596016219199813,0.40852443033310276,0.02567816050180203,3.918482702977617
NONFIBROTIC ILD ADJUDICATED,combined,rs74760554_C_2,30,0.0317601757253886,0.0,0.7453668791808855,0.0,0.3438674513598955,0.0002788816091026097,0.08799844833394813,0.006510901975453892,0.7453668791808855
NONFIBROTIC ILD ADJUDICATED,combined,rs12275748_C_0,30,0.0,0.0,0.0,0.0,0.0,0.0,0.0,0.0,0.0
NONFIBROTIC ILD ADJUDICATED,combined,rs12275748_C_1,30,0.027909407798122357,0.0,0.8195084084246335,0.0,0.22951562550975693,0.0002572704525807675,0.0826204249714734,0.0029385501230049984,0.8195084084246335
NONFIBROTIC ILD ADJUDICATED,combined,rs12275748_C_2,30,0.42610112098395775,0.0,12.167909666001234,0.0,3.5953849153281787,0.005833816339858884,1.2503624764385985,0.043489028263847575,12.167909666001234
NONFIBROTIC ILD ADJUDICATED,combined,rs664034_T_0,30,0.2123968659799781,3.691474913193193e-05,6.173391295964159,0.0,1.7314502662311575,0.003919135214702387,0.6254994064803189,0.024634134869433895,6.173391295964159
NONFIBROTIC ILD ADJUDICATED,combined,rs664034_T_1,30,0.05816274389710148,0.004477142857409111,0.5816156959581033,0.0,0.3119454082631818,0.023512708160700026,0.10450471473997278,0.20057473541919255,0.5816156959581033
NONFIBROTIC ILD ADJUDICATED,combined,rs664034_T_2,30,0.2051471844250302,0.00038984823750891763,4.945686474879614,0.0,1.9047381732936612,0.009997902445758936,0.5608405676381025,0.07395079785983807,4.945686474879614
NONFIBROTIC ILD ADJUDICATED,combined,rs10842996_T_0,30,0.22560538560971594,0.0011023845618329977,3.6187065663373073,0.0,2.540301176096253,0.02161497008903551,0.5238624122872995,0.24314305396902666,3.6187065663373073
NONFIBROTIC ILD ADJUDICATED,combined,rs10842996_T_1,30,0.11761552192056571,0.00025379577597643276,1.9953581726847993,0.0,1.371938476215917,0.009984918618032862,0.2884533619880373,0.06949188440154051,1.9953581726847993
NONFIBROTIC ILD ADJUDICATED,combined,rs10842996_T_2,30,0.49161936508220855,0.014841238435670378,10.262012134897954,0.0,4.641977213405012,0.04640196428156498,1.2742661493329839,0.3926385927744666,10.262012134897954
NONFIBROTIC ILD ADJUDICATED,combined,rs10783497_A_0,30,0.005904451618684932,0.0,0.17433866997287698,0.0,0.04996942121860239,0.0,0.017527029616876733,0.0,0.17433866997287698
NONFIBROTIC ILD ADJUDICATED,combined,rs10783497_A_1,30,0.12075060214210688,0.0,3.42782766356997,0.0,1.0409432992020624,0.0004381876220718192,0.3526591067927009,0.004598917859330912,3.42782766356997
NONFIBROTIC ILD ADJUDICATED,combined,rs10783497_A_2,30,0.025017142491864285,0.004779110210692531,0.1867541827154094,0.0,0.1568953595034347,0.009862212670306559,0.041943227783852115,0.036967807833888075,0.1867541827154094
NONFIBROTIC ILD ADJUDICATED,combined,rs117427783_T_0,30,0.00020869000340389046,0.0,0.005836963952597762,0.0,0.001912373795365617,0.0,0.000611945471894373,0.0,0.005836963952597762
NONFIBROTIC ILD ADJUDICATED,combined,rs117427783_T_1,30,0.03631013026358371,0.0,0.9456134103773733,0.0,0.3101772834996576,0.0013406900666828971,0.10078552286188823,0.018112715554370096,0.9456134103773733
NONFIBROTIC ILD ADJUDICATED,combined,rs117427783_T_2,30,0.09256163670439972,0.0,1.9646461511418822,0.0,1.0837702775268103,0.0012175107319599263,0.2471935225660194,0.02058699589305092,1.9646461511418822
NONFIBROTIC ILD ADJUDICATED,combined,rs76739551_C_0,30,0.0,0.0,0.0,0.0,0.0,0.0,0.0,0.0,0.0
NONFIBROTIC ILD ADJUDICATED,combined,rs76739551_C_1,30,1.3589053230366548,0.0,36.45605819691892,0.0,13.0932634449554,0.00013861349516970943,3.930283002521613,0.00236952495560209,36.45605819691892
NONFIBROTIC ILD ADJUDICATED,combined,rs76739551_C_2,30,0.07315579588408665,0.0,2.1345255016048994,0.0,0.6166961663150197,0.00010739667797563805,0.21754942554596132,0.002880573381706666,2.1345255016048994
NONFIBROTIC ILD ADJUDICATED,combined,rs78288787_C_0,30,0.0,0.0,0.0,0.0,0.0,0.0,0.0,0.0,0.0
NONFIBROTIC ILD ADJUDICATED,combined,rs78288787_C_1,30,0.08173313323320282,0.0,2.228843060435962,0.0,0.7225456750314929,0.0006247469478282279,0.23395820841262574,0.014815998686060834,2.228843060435962
NONFIBROTIC ILD ADJUDICATED,combined,rs78288787_C_2,30,0.006444848356980696,0.0,0.09591389907751771,0.0,0.06203130552623794,0.00044339364435717427,0.014469256103483286,0.012476458838965764,0.09591389907751771
NONFIBROTIC ILD ADJUDICATED,combined,rs12422371_C_0,30,0.15122769544583112,0.0,4.387851586415708,0.0,1.2400703269777318,0.0021433483868132978,0.4463282515295111,0.02187640793540112,4.387851586415708
NONFIBROTIC ILD ADJUDICATED,combined,rs12422371_C_1,30,0.37309554670765877,0.005639266119862874,7.20344589502938,0.0,3.1681126734812333,0.052983350941372506,0.9523461189477858,0.5254247067898383,7.20344589502938
NONFIBROTIC ILD ADJUDICATED,combined,rs12422371_C_2,30,0.14276058865219862,0.004690756627508558,2.248445378295758,0.0,1.5811039267565843,0.01739385985937881,0.3306422854645237,0.13574356666674642,2.248445378295758
NONFIBROTIC ILD ADJUDICATED,combined,rs325093_T_0,30,9.110153226293197e-05,0.0,0.002733045967887959,0.0,0.0007515876411691849,0.0,0.0002733045967887959,0.0,0.002733045967887959
NONFIBROTIC ILD ADJUDICATED,combined,rs325093_T_1,30,2.3864508089641054,0.0,42.80028828584213,0.0,28.073365641351323,0.040963042880371725,5.805370307812768,0.4050636055359712,42.80028828584213
NONFIBROTIC ILD ADJUDICATED,combined,rs325093_T_2,30,0.04640019686491402,0.0,1.2465601552041154,0.0,0.3784341523706191,0.0017484809195610562,0.1316022421639888,0.02758276095891469,1.2465601552041154
NONFIBROTIC ILD ADJUDICATED,combined,rs923077_A_0,30,0.00023746707556828903,0.0,0.004921769044493336,0.0,0.0029501128235882813,0.0,0.000638993119286356,0.0,0.004921769044493336
NONFIBROTIC ILD ADJUDICATED,combined,rs923077_A_1,30,0.019480284807794835,0.0,0.25869850906399666,0.0,0.2462942322081664,0.001552387795657089,0.044212757787694734,0.02632778154409632,0.25869850906399666
NONFIBROTIC ILD ADJUDICATED,combined,rs923077_A_2,30,0.5365018943968288,0.005082453343631339,11.719299537618472,0.0,4.541308816683548,0.043517581049783156,1.3313987833597762,0.4799537241017988,11.719299537618472
NONFIBROTIC ILD ADJUDICATED,combined,rs6491201_C_0,30,0.809883880300039,0.0,20.92667700334747,0.0,7.501587949120389,0.02063714427304909,2.2412396818753866,0.28595589024425117,20.92667700334747
NONFIBROTIC ILD ADJUDICATED,combined,rs6491201_C_1,30,1.4006584578377292,0.0013394731473336805,40.10469337782766,0.0,11.457011555028938,0.02868938133549563,4.103597746946604,0.20587915349829805,40.10469337782766
NONFIBROTIC ILD ADJUDICATED,combined,rs6491201_C_2,30,0.3039219194865852,0.007213078285387845,5.405923838054907,0.0,3.6282408685828758,0.01674501296111803,0.7502626160696829,0.1632312334763372,5.405923838054907
NONFIBROTIC ILD ADJUDICATED,combined,rs117750427_A_0,30,0.0,0.0,0.0,0.0,0.0,0.0,0.0,0.0,0.0
NONFIBROTIC ILD ADJUDICATED,combined,rs117750427_A_1,30,0.10388617281305731,0.0,3.1057870715553664,0.0,0.8618366650245255,0.0,0.31165477930477825,0.0,3.1057870715553664
NONFIBROTIC ILD ADJUDICATED,combined,rs117750427_A_2,30,0.06727105246466132,0.0,2.012538149475522,0.0,0.5570561997876865,4.931668155292252e-06,0.20159053591979215,0.00014795004465876756,2.012538149475522
NONFIBROTIC ILD ADJUDICATED,combined,rs17372089_A_0,30,0.0,0.0,0.0,0.0,0.0,0.0,0.0,0.0,0.0
NONFIBROTIC ILD ADJUDICATED,combined,rs17372089_A_1,30,0.2274774153166062,0.0,4.643438378170617,0.0,2.6540857249080805,0.0034680494492957585,0.5986424257450131,0.04292369125639737,4.643438378170617
NONFIBROTIC ILD ADJUDICATED,combined,rs17372089_A_2,30,0.16828515893839258,0.0,4.918032795527438,0.0,1.409240730691591,0.0010129676422734864,0.4986615386554844,0.018719538513181568,4.918032795527438
NONFIBROTIC ILD ADJUDICATED,combined,rs9577395_C_0,30,0.1938488140575796,2.6667957443959934e-05,4.220280720340902,0.0,1.8062270728771528,0.014942772987949634,0.5238808514605288,0.22373685004989272,4.220280720340902
NONFIBROTIC ILD ADJUDICATED,combined,rs9577395_C_1,30,0.04412514745370408,0.004090776273250663,0.7454153186192638,0.0,0.3479696449045893,0.009602729863418695,0.10591863702672132,0.07115573943113081,0.7454153186192638
NONFIBROTIC ILD ADJUDICATED,combined,rs9577395_C_2,30,0.14053825961188157,5.5071664711563144e-05,3.1441254344433234,0.0,1.0805306327827253,0.017896094099248035,0.355113817441267,0.21151075298505798,3.1441254344433234
NONFIBROTIC ILD ADJUDICATED,combined,rs1278769_G_0,30,0.02438841154946185,0.0,0.3451140922108942,0.0,0.19476617306436309,0.004500485850228234,0.054298245562334785,0.08986787813221017,0.3451140922108942
NONFIBROTIC ILD ADJUDICATED,combined,rs1278769_G_1,30,0.02565399657632773,0.0,0.30389700517698964,0.0,0.15871741645294365,0.009590322811581519,0.04729114103871347,0.048302423708522314,0.30389700517698964
NONFIBROTIC ILD ADJUDICATED,combined,rs1278769_G_2,30,0.29216485360341865,0.0,6.368532211515785,0.0,3.1687806944732007,0.011208022242703066,0.7847218019760804,0.09325882807356718,6.368532211515785
NONFIBROTIC ILD ADJUDICATED,combined,rs17616659_G_0,30,0.13328826085160114,0.0,1.3591547244429159,0.0,0.9479907079173011,0.03036797681468606,0.2680008390561341,0.7635161386076653,1.3591547244429159
NONFIBROTIC ILD ADJUDICATED,combined,rs17616659_G_1,30,0.08185656380954588,0.003718960325931758,1.92384465156082,0.0,0.6174259956125554,0.010314962610430299,0.21385574239607524,0.08335976965055486,1.92384465156082
NONFIBROTIC ILD ADJUDICATED,combined,rs17616659_G_2,30,0.4161537251513619,0.0,8.705867615543074,0.0,4.834765590917221,0.009433873286315644,1.1023943848492939,0.12205668996343419,8.705867615543074
NONFIBROTIC ILD ADJUDICATED,combined,rs34825924_G_0,30,0.12247734987861157,0.0,3.44947373050625,0.0,0.9999543554012018,0.0036808516142826787,0.3543257497153992,0.03264786860227331,3.44947373050625
NONFIBROTIC ILD ADJUDICATED,combined,rs34825924_G_1,30,0.3703999186442388,0.013170631674658595,9.70064550856871,0.0,3.1122277180636493,0.020594262845658046,1.0270985328863802,0.13945434323332248,9.70064550856871
NONFIBROTIC ILD ADJUDICATED,combined,rs34825924_G_2,30,0.5975462318929413,0.0,16.38237581376333,0.0,5.230738815113033,0.013479666730843977,1.7616656672396147,0.09642359408183554,16.38237581376333
NONFIBROTIC ILD ADJUDICATED,combined,rs10518693_C_0,30,0.8339110651800464,0.003283707656714613,21.43236186656129,0.0,7.4412564301134125,0.030436176493298453,2.3310957006087283,0.2351738281638893,21.43236186656129
NONFIBROTIC ILD ADJUDICATED,combined,rs10518693_C_1,30,0.05304978476581173,0.0,0.9236851956364232,0.0,0.3576848789256477,0.012776136122648381,0.12483554438649877,0.10860750677062983,0.9236851956364232
NONFIBROTIC ILD ADJUDICATED,combined,rs10518693_C_2,30,0.9506701875073745,0.00035852849630819056,26.00029875346889,0.0,8.47668750863532,0.01789331984106471,2.689665910430509,0.14063388831024318,26.00029875346889
NONFIBROTIC ILD ADJUDICATED,combined,rs2034650_A_0,30,1.0295433555500142,0.0,25.825875605464763,0.0,10.50160320280975,0.009446934365721592,2.917011060648787,0.08382838287890118,25.825875605464763
NONFIBROTIC ILD ADJUDICATED,combined,rs2034650_A_1,30,3.5981985513141366,0.007638460486966867,91.45292522920575,0.0,34.31651544775078,0.08639468459803307,9.796065664945994,1.0978243075372858,91.45292522920575
NONFIBROTIC ILD ADJUDICATED,combined,rs2034650_A_2,30,0.37720343120841826,0.02155257103765098,4.780003523341583,0.0,3.694637171470576,0.08719436627454769,0.7746814398809833,0.7315546073269434,4.780003523341583
NONFIBROTIC ILD ADJUDICATED,combined,rs144948432_A_0,30,0.0,0.0,0.0,0.0,0.0,0.0,0.0,0.0,0.0
NONFIBROTIC ILD ADJUDICATED,combined,rs144948432_A_1,30,0.006749151827959111,0.0,0.20239365306054663,0.0,0.055716908380864384,0.0,0.020244758757936444,0.0,0.20239365306054663
NONFIBROTIC ILD ADJUDICATED,combined,rs144948432_A_2,30,0.000641203783611777,0.0,0.011072985073660847,0.0,0.008728261370785775,0.0,0.0016876708860004202,0.0,0.011072985073660847
NONFIBROTIC ILD ADJUDICATED,combined,rs1496725_A_0,30,0.2782429555308716,0.0,6.202982645958499,0.0,2.713943901575214,0.008480290926646233,0.7553635892061813,0.06330439435921667,6.202982645958499
NONFIBROTIC ILD ADJUDICATED,combined,rs1496725_A_1,30,0.43787252016207046,0.008849724683052727,10.277877475358006,0.0,4.334097393979647,0.01753534466817582,1.1863639276411708,0.06736480785884862,10.277877475358006
NONFIBROTIC ILD ADJUDICATED,combined,rs1496725_A_2,30,0.14758606225524862,0.0012782182330939647,3.3000040745813033,0.0,1.2456558421166355,0.01399752169887625,0.37222440877727836,0.16279407165213164,3.3000040745813033
NONFIBROTIC ILD ADJUDICATED,combined,rs12928193_G_0,30,0.0008284312443260859,0.0,0.021923985720944686,0.0,0.00815258598966723,0.0,0.002387662012683661,0.0,0.021923985720944686
NONFIBROTIC ILD ADJUDICATED,combined,rs12928193_G_1,30,0.09185121685377416,0.01003194869710519,0.5483933602335048,0.0,0.5106239270654855,0.04619184522637678,0.1460294283332904,0.2052632339902733,0.5483933602335048
NONFIBROTIC ILD ADJUDICATED,combined,rs12928193_G_2,30,0.3928208408299032,0.0,9.319143272893582,0.0,3.7065996561760555,0.017274045906167337,1.0782271952543854,0.3411470114500905,9.319143272893582
NONFIBROTIC ILD ADJUDICATED,combined,rs9931202_G_0,30,0.05562969596684795,0.0,0.8847845820792369,0.0,0.8117928253432862,0.0,0.14075221133633714,0.0,0.8847845820792369
NONFIBROTIC ILD ADJUDICATED,combined,rs9931202_G_1,30,0.1501479247599011,0.0021673720420743382,4.2240606560782865,0.0,1.2113243085202703,0.005231011624147177,0.4328471299469524,0.04022791741109317,4.2240606560782865
NONFIBROTIC ILD ADJUDICATED,combined,rs9931202_G_2,30,0.28200757492203077,0.0,6.459100373746513,0.0,2.9471509464670156,0.008814481925762431,0.7680033605489741,0.09705862858839506,6.459100373746513
NONFIBROTIC ILD ADJUDICATED,combined,rs1273431_A_0,30,0.0,0.0,0.0,0.0,0.0,0.0,0.0,0.0,0.0
NONFIBROTIC ILD ADJUDICATED,combined,rs1273431_A_1,30,0.0,0.0,0.0,0.0,0.0,0.0,0.0,0.0,0.0
NONFIBROTIC ILD ADJUDICATED,combined,rs1273431_A_2,30,0.0,0.0,0.0,0.0,0.0,0.0,0.0,0.0,0.0
NONFIBROTIC ILD ADJUDICATED,combined,rs71389435_C_0,30,0.0,0.0,0.0,0.0,0.0,0.0,0.0,0.0,0.0
NONFIBROTIC ILD ADJUDICATED,combined,rs71389435_C_1,30,0.017824794405621795,0.0,0.2888049289870714,0.0,0.19196924092515158,0.0010106803889555257,0.04143262566498978,0.018874413097646456,0.2888049289870714
NONFIBROTIC ILD ADJUDICATED,combined,rs71389435_C_2,30,0.050953807125512764,0.0,1.2592324721712556,0.0,0.44875452601146737,0.0019225738155087349,0.13865229563068723,0.028847170865332096,1.2592324721712556
NONFIBROTIC ILD ADJUDICATED,combined,rs6499642_C_0,30,0.00015173700451280654,0.0,0.004552110135384196,0.0,0.0012518302872306475,0.0,0.00045521101353841964,0.0,0.004552110135384196
NONFIBROTIC ILD ADJUDICATED,combined,rs6499642_C_1,30,0.7203051649883073,0.0015565952213932898,18.10750312917876,0.0,6.578765171696572,0.026739601471081044,2.438286501693263,0.3517117967321534,18.10750312917876
NONFIBROTIC ILD ADJUDICATED,combined,rs6499642_C_2,30,2.4030354893065753,0.0,71.06951252500068,0.0,19.897038393179027,0.011337629799478529,7.1494942259684935,0.1422609600974523,71.06951252500068
NONFIBROTIC ILD ADJUDICATED,combined,rs12446021_G_0,30,0.008799071773492742,0.0,0.2639721532047823,0.0,0.07259234213131475,0.0,0.02639721532047823,0.0,0.2639721532047823
NONFIBROTIC ILD ADJUDICATED,combined,rs12446021_G_1,30,0.5322770947228398,0.0037967300075648844,14.584969392424608,0.0,4.4797038886681255,0.01330428805272558,1.513387734203378,0.0961215278690991,14.584969392424608
NONFIBROTIC ILD ADJUDICATED,combined,rs12446021_G_2,30,0.040294282648635986,0.0,0.6119594899616201,0.0,0.3394713207922268,0.008632276815679404,0.08818698744419193,0.12140304426022692,0.6119594899616201
NONFIBROTIC ILD ADJUDICATED,combined,rs28703652_G_0,30,0.12603949165649672,0.0,2.51560658250681,0.0,1.1119361899455384,0.008005615132602773,0.3245931348293353,0.1753167849541235,2.51560658250681
NONFIBROTIC ILD ADJUDICATED,combined,rs28703652_G_1,30,0.4104621107060925,0.0007475229045411422,8.36358462160657,0.0,3.578934692782111,0.04814749954676242,1.0200809334156853,0.5425706547335132,8.36358462160657
NONFIBROTIC ILD ADJUDICATED,combined,rs28703652_G_2,30,0.8370823821317747,0.0031476153908543214,15.380835312780308,0.0,10.929528708455441,0.010382452862266602,2.18036856609353,0.13871216745025053,15.380835312780308
NONFIBROTIC ILD ADJUDICATED,combined,rs169889_A_0,30,1.9776203813095197,0.0032999518280898785,53.66337817769758,0.0,17.0597145925032,0.022976119158722583,5.75798603732609,0.15364949251237187,53.66337817769758
NONFIBROTIC ILD ADJUDICATED,combined,rs169889_A_1,30,3.2483702251379083,0.004227010407165604,95.51538608425098,0.0,27.250908278924335,0.014421106888723478,9.661481168376486,0.07707708415237764,95.51538608425098
NONFIBROTIC ILD ADJUDICATED,combined,rs169889_A_2,30,0.1912781329170247,0.0,3.957890934497289,0.0,1.6393898016743074,0.012363276071572723,0.47838990591897157,0.12158851913532102,3.957890934497289
NONFIBROTIC ILD ADJUDICATED,combined,rs3744761_C_0,30,0.0,0.0,0.0,0.0,0.0,0.0,0.0,0.0,0.0
NONFIBROTIC ILD ADJUDICATED,combined,rs3744761_C_1,30,0.3415227535360239,0.0,9.784480148709797,0.0,2.7885353268107966,0.006624315679254646,1.004776988379267,0.10832810142733029,9.784480148709797
NONFIBROTIC ILD ADJUDICATED,combined,rs3744761_C_2,30,0.18670318376272993,0.0,5.022243860421193,0.0,1.7633275833563122,0.0010160368937630131,0.5407719959290037,0.013654383460408528,5.022243860421193
NONFIBROTIC ILD ADJUDICATED,combined,rs17690703_C_0,30,0.16460303809672436,0.0,4.829906273967373,0.0,1.3769049186517461,0.0003345396152028949,0.48896685055671785,0.005878928445442335,4.829906273967373
NONFIBROTIC ILD ADJUDICATED,combined,rs17690703_C_1,30,0.04275400062627373,0.0,1.1737969148523466,0.0,0.3555394431406148,0.0009911461656406206,0.12239134459804296,0.015936965230616166,1.1737969148523466
NONFIBROTIC ILD ADJUDICATED,combined,rs17690703_C_2,30,0.19645763607092534,0.0,5.389189306020289,0.0,1.6100769603818934,0.006059373212058876,0.5579513578548275,0.12000542716916908,5.389189306020289
NONFIBROTIC ILD ADJUDICATED,combined,rs1981997_G_0,30,0.04560366037525051,0.0,1.0682070152369085,0.0,0.36362108719180547,0.003593539851621729,0.12132080834616847,0.07117209460762304,1.0682070152369085
NONFIBROTIC ILD ADJUDICATED,combined,rs1981997_G_1,30,5.218620202520428,0.0,124.83333951322844,0.0,55.83662254481994,0.03576672136493969,14.51613688549355,0.5258641334264869,124.83333951322844
NONFIBROTIC ILD ADJUDICATED,combined,rs1981997_G_2,30,0.03065397052288853,0.0,0.5315054982912637,0.0,0.20768991704904027,0.007010120763197504,0.078503593619922,0.058874324351845204,0.5315054982912637
NONFIBROTIC ILD ADJUDICATED,combined,rs415430_T_0,30,0.0618692494045392,0.0,1.321193503547139,0.0,0.46810986517596487,0.008319400224660732,0.15317392961097942,0.11732979241668434,1.321193503547139
NONFIBROTIC ILD ADJUDICATED,combined,rs415430_T_1,30,0.036311247674494306,0.0,0.6790607900279424,0.0,0.2979959695207192,0.0060592938285110535,0.0894524275741875,0.04660308148910002,0.6790607900279424
NONFIBROTIC ILD ADJUDICATED,combined,rs415430_T_2,30,0.01939486620210056,0.0,0.12212062964638326,0.0,0.12086542103561268,0.008658777784755553,0.032908753649498815,0.06429936399851287,0.12212062964638326
NONFIBROTIC ILD ADJUDICATED,combined,rs73997403_C_0,30,0.0,0.0,0.0,0.0,0.0,0.0,0.0,0.0,0.0
NONFIBROTIC ILD ADJUDICATED,combined,rs73997403_C_1,30,0.0660423642551275,0.0,0.9522855692420682,0.0,0.5764680936038462,0.013075841093831754,0.13466907112588747,0.1869435519018803,0.9522855692420682
NONFIBROTIC ILD ADJUDICATED,combined,rs73997403_C_2,30,0.06288627394003526,0.0,1.192862249871999,0.0,0.5577962486957541,0.005711582957547069,0.14914828088908233,0.05483021666615838,1.192862249871999
NONFIBROTIC ILD ADJUDICATED,combined,rs918174_T_0,30,0.2325415596676371,0.0016252161009852775,2.8789761449082683,0.0,2.5233653812082926,0.036927496523793735,0.5021059825774555,0.6149358478982677,2.8789761449082683
NONFIBROTIC ILD ADJUDICATED,combined,rs918174_T_1,30,0.44626711006767195,0.008432205087560582,10.372398252909687,0.0,4.06472648036341,0.031695885181595364,1.2118872244459278,0.3112857794207329,10.372398252909687
NONFIBROTIC ILD ADJUDICATED,combined,rs918174_T_2,30,1.0022059959257597,0.007118425405719142,28.344633002209008,0.0,8.471937398963632,0.008604642663581005,2.9211202654967225,0.041505661691981124,28.344633002209008
NONFIBROTIC ILD ADJUDICATED,combined,rs75291377_G_0,30,0.0,0.0,0.0,0.0,0.0,0.0,0.0,0.0,0.0
NONFIBROTIC ILD ADJUDICATED,combined,rs75291377_G_1,30,0.1359210424094294,0.0,2.171077391658484,0.0,1.399942811065977,0.0024784231130585014,0.3173438461951093,0.04980346660981145,2.171077391658484
NONFIBROTIC ILD ADJUDICATED,combined,rs75291377_G_2,30,0.021765211598605453,0.0,0.6217679913038665,0.0,0.19003487799205923,1.6915586513480866e-05,0.0648042033212138,0.000507467595404426,0.6217679913038665
NONFIBROTIC ILD ADJUDICATED,combined,rs11083093_G_0,30,0.010937153908901707,0.0,0.24851008254945797,0.0,0.12168161854290542,0.0,0.029956968416419812,0.0,0.24851008254945797
NONFIBROTIC ILD ADJUDICATED,combined,rs11083093_G_1,30,0.021105284598728458,0.0,0.5398437834146591,0.0,0.17343567604278862,0.0010126422913061244,0.05854539434132502,0.017308698875816826,0.5398437834146591
NONFIBROTIC ILD ADJUDICATED,combined,rs11083093_G_2,30,0.027586696285351923,0.0,0.4357548288020381,0.0,0.2751872974362354,0.0012480552551275537,0.06421683367909062,0.032211515575040955,0.4357548288020381
NONFIBROTIC ILD ADJUDICATED,combined,rs66884960_C_0,30,0.021859083594302366,0.0,0.6063562685062313,0.0,0.20257474734827155,0.0,0.0639300428054791,0.0,0.6063562685062313
NONFIBROTIC ILD ADJUDICATED,combined,rs66884960_C_1,30,0.12274800014127699,0.0024894633935397563,1.8928125173030732,0.0,0.9947753163454391,0.02070003428966139,0.2623185806833876,0.4563447263621697,1.8928125173030732
NONFIBROTIC ILD ADJUDICATED,combined,rs66884960_C_2,30,5.341463528558828,0.0,158.15159483070624,0.0,44.28162976594113,0.012548128293503739,15.916658274864819,0.33472649996808096,158.15159483070624
NONFIBROTIC ILD ADJUDICATED,combined,rs76475316_T_0,30,0.0,0.0,0.0,0.0,0.0,0.0,0.0,0.0,0.0
NONFIBROTIC ILD ADJUDICATED,combined,rs76475316_T_1,30,0.06998353106503759,0.0,1.9307236489202477,0.0,0.6532806706905581,0.0,0.20432125383340338,0.0,1.9307236489202477
NONFIBROTIC ILD ADJUDICATED,combined,rs76475316_T_2,30,0.00468005984594885,0.0,0.12395982612231166,0.0,0.04213493798871574,3.6470870254015865e-05,0.01327750776569171,0.0010941261076204759,0.12395982612231166
NONFIBROTIC ILD ADJUDICATED,combined,rs893889_G_0,30,0.0035707769204138,0.0,0.051381292741324,0.0,0.04388788888700822,0.0,0.008364381879405245,0.0,0.051381292741324
NONFIBROTIC ILD ADJUDICATED,combined,rs893889_G_1,30,0.3484198032084092,0.0,9.681665635951635,0.0,2.956097197552024,0.006518702124856587,1.0086491085652833,0.11866170058136673,9.681665635951635
NONFIBROTIC ILD ADJUDICATED,combined,rs893889_G_2,30,0.4183472591272853,0.0,11.518201537056184,0.0,3.685236897687121,0.0050767959624242395,1.207571382588517,0.058327307524181526,11.518201537056184
NONFIBROTIC ILD ADJUDICATED,combined,rs12610495_A_0,30,0.42622021421199296,0.0018898181051826136,7.196131782142241,0.0,5.185529687200514,0.013543180018114142,1.0799271555072028,0.18218689186185788,7.196131782142241
NONFIBROTIC ILD ADJUDICATED,combined,rs12610495_A_1,30,0.1102335027371376,1.1877727239353134e-05,3.1645966897486293,0.0,0.9090922626966407,0.002309718218356813,0.3226668491437457,0.015518405655417873,3.1645966897486293
NONFIBROTIC ILD ADJUDICATED,combined,rs12610495_A_2,30,0.14553444480774583,0.0,1.497023965042592,0.0,1.4530868999316457,0.01325619689433104,0.2908976979870491,0.20764264016721085,1.497023965042592
NONFIBROTIC ILD ADJUDICATED,combined,rs2109069_G_0,30,0.08083059950598112,0.0,1.291767669098915,0.0,0.735597226826284,0.01254575373719888,0.19152658777783124,0.18747960016654958,1.291767669098915
NONFIBROTIC ILD ADJUDICATED,combined,rs2109069_G_1,30,0.3981016163541213,0.0,7.638187066714161,0.0,3.884549743787168,0.021264553088385797,0.98140779417643,0.2510876122189127,7.638187066714161
NONFIBROTIC ILD ADJUDICATED,combined,rs2109069_G_2,30,0.30932036150748277,0.001321011168687034,7.223146271750566,0.0,3.140051921451227,0.008251179064635432,0.8511871380387154,0.11924684700964441,7.223146271750566
NONFIBROTIC ILD ADJUDICATED,combined,rs708686_C_0,30,0.05984298147493825,0.0,1.1073318033018553,0.0,0.7958237314992815,0.00015342495659388824,0.16448346691044555,0.0023565776419311106,1.1073318033018553
NONFIBROTIC ILD ADJUDICATED,combined,rs708686_C_1,30,0.26726873736073453,0.0030552315571565295,2.8716497238635705,0.0,1.9461550323183692,0.07235618877379539,0.5204910499899348,0.9279907156826963,2.8716497238635705
NONFIBROTIC ILD ADJUDICATED,combined,rs708686_C_2,30,0.1819376876408529,0.004571157368433724,4.336744595624475,0.0,1.400208993217856,0.02038458335407116,0.48315362361748615,0.11544181790290653,4.336744595624475
NONFIBROTIC ILD ADJUDICATED,combined,rs62112917_C_0,30,0.0,0.0,0.0,0.0,0.0,0.0,0.0,0.0,0.0
NONFIBROTIC ILD ADJUDICATED,combined,rs62112917_C_1,30,0.24278175209620317,0.0,7.072582574014972,0.0,1.9975652513980378,0.0030077375381680886,0.7185558072469592,0.027973211260701833,7.072582574014972
NONFIBROTIC ILD ADJUDICATED,combined,rs62112917_C_2,30,0.1677188795589091,0.0,4.273206205106779,0.0,1.3231489026387289,0.011253265851650266,0.45619240544635786,0.1292048477252909,4.273206205106779
NONFIBROTIC ILD ADJUDICATED,combined,rs73008477_C_0,30,0.0,0.0,0.0,0.0,0.0,0.0,0.0,0.0,0.0
NONFIBROTIC ILD ADJUDICATED,combined,rs73008477_C_1,30,0.020771565219095536,0.0,0.465663570689283,0.0,0.20139969284185202,0.00028685236727229985,0.053675442376463246,0.007325660122257042,0.465663570689283
NONFIBROTIC ILD ADJUDICATED,combined,rs73008477_C_2,30,0.010870130596542297,0.0,0.296723907975955,0.0,0.09434296519128485,0.000181333633688236,0.031014530298069314,0.004056922036097614,0.296723907975955
NONFIBROTIC ILD ADJUDICATED,combined,rs10422762_A_0,30,0.12883795354374253,0.00668166477308865,0.9995792157988327,0.0,0.9146755740580301,0.03949388355463647,0.23876276752741638,0.7228037163975978,0.9995792157988327
NONFIBROTIC ILD ADJUDICATED,combined,rs10422762_A_1,30,0.058725039608248694,0.003141639566654236,0.7421876450836673,0.0,0.4951656323963683,0.014492546453614205,0.12272765399830238,0.12665569554781983,0.7421876450836673
NONFIBROTIC ILD ADJUDICATED,combined,rs10422762_A_2,30,1.3454289651446942,0.0,39.195468825057276,0.0,11.467797136597595,0.0056226786883830015,3.987079037939015,0.036895513388902325,39.195468825057276
NONFIBROTIC ILD ADJUDICATED,combined,rs41482151_C_0,30,0.3446659878993151,0.0,7.655596758025911,0.0,3.1407932986786298,0.015297074352913467,0.8889034746469122,0.30035049030613054,7.655596758025911
NONFIBROTIC ILD ADJUDICATED,combined,rs41482151_C_1,30,0.48816536220931667,0.02078786664477681,11.736824597546548,0.0,4.059641086327003,0.049987895747058524,1.3436861547205505,0.229588431768847,11.736824597546548
NONFIBROTIC ILD ADJUDICATED,combined,rs41482151_C_2,30,0.19565831018713933,0.017995375639599943,1.4957571353747663,0.0,1.3958856251170162,0.07844636389988019,0.3339493535176076,0.3852362375967247,1.4957571353747663
NONFIBROTIC ILD ADJUDICATED,combined,rs12975986_C_0,30,0.00916945997071028,0.0,0.1718099679556462,0.0,0.11885903922629167,4.410152756538005e-06,0.024057168991129325,6.51359828622874e-05,0.1718099679556462
NONFIBROTIC ILD ADJUDICATED,combined,rs12975986_C_1,30,0.4542780905797109,0.0,13.458927349451134,0.0,3.729101931732196,0.0030050477705790926,1.352847795506917,0.031273876812094654,13.458927349451134
NONFIBROTIC ILD ADJUDICATED,combined,rs12975986_C_2,30,1.8104099271664225,0.007629201633429354,52.80487209814865,0.0,14.95791129684509,0.02117886164853947,5.358678686174595,0.14351746349752886,52.80487209814865
NONFIBROTIC ILD ADJUDICATED,combined,rs74490361_T_0,30,0.0,0.0,0.0,0.0,0.0,0.0,0.0,0.0,0.0
NONFIBROTIC ILD ADJUDICATED,combined,rs74490361_T_1,30,0.08806796634357851,0.0,1.2945878034147627,0.0,1.1410113501629984,0.0042179146413477255,0.20513788273399414,0.030747667057278032,1.2945878034147627
NONFIBROTIC ILD ADJUDICATED,combined,rs74490361_T_2,30,0.15846259076213315,0.0,4.050125446942899,0.0,1.4507150939097317,0.0014393957085123258,0.4450797924859222,0.032443505859314624,4.050125446942899
NONFIBROTIC ILD ADJUDICATED,combined,rs57625989_A_0,30,0.0,0.0,0.0,0.0,0.0,0.0,0.0,0.0,0.0
NONFIBROTIC ILD ADJUDICATED,combined,rs57625989_A_1,30,0.12678607721015317,0.0,2.7245697386115815,0.0,1.5276083908857687,0.0,0.34402954515013157,0.0,2.7245697386115815
NONFIBROTIC ILD ADJUDICATED,combined,rs57625989_A_2,30,0.061087199754677766,0.0,0.9695693981299676,0.0,0.638540573062917,0.0036146550967169045,0.14287089529373762,0.10781940579365763,0.9695693981299676
NONFIBROTIC ILD ADJUDICATED,combined,rs302837_A_0,30,0.6197010717741882,0.0035539961798955657,17.736596021023225,0.0,5.277339163104394,0.007208255191805237,1.8352750689173642,0.08884162007246482,17.736596021023225
NONFIBROTIC ILD ADJUDICATED,combined,rs302837_A_1,30,1.4152397741961553,0.01323493283229405,32.48393920807061,0.0,12.752729941342864,0.10072267869384388,3.7420401234057525,1.3922455673680287,32.48393920807061
NONFIBROTIC ILD ADJUDICATED,combined,rs302837_A_2,30,1.3473040055074474,0.0065181602189885906,21.23681972471356,0.0,16.69839702710225,0.07731145743014113,3.3456419270489683,0.6726916856820603,21.23681972471356
NONFIBROTIC ILD ADJUDICATED,combined,rs601878_C_0,30,0.008998485635897576,0.0,0.15854790703260566,0.0,0.07369956721308377,0.0012611849229305554,0.021164640442709843,0.009185891232304925,0.15854790703260566
NONFIBROTIC ILD ADJUDICATED,combined,rs601878_C_1,30,0.2184825885277313,0.00042638908500313696,4.990488230466595,0.0,1.9583526060779826,0.005602997382071625,0.5957825889124135,0.06169748628144876,4.990488230466595
NONFIBROTIC ILD ADJUDICATED,combined,rs601878_C_2,30,0.038473761843340754,0.0002837703873943687,0.709949407956175,0.0,0.2721414995977584,0.00709971669771773,0.09322260536313144,0.09089812088160874,0.709949407956175
NONFIBROTIC ILD ADJUDICATED,combined,rs4811028_G_0,30,0.01635775685626298,0.0,0.2727138850013631,0.0,0.22251746517664422,0.0,0.04083655142439098,0.0,0.2727138850013631
NONFIBROTIC ILD ADJUDICATED,combined,rs4811028_G_1,30,0.3841912993211084,0.0,8.755729688556748,0.0,4.119300402273215,0.0032255684212011953,1.0459711179212452,0.05814392071380413,8.755729688556748
NONFIBROTIC ILD ADJUDICATED,combined,rs4811028_G_2,30,0.42269609301023775,0.0,12.322581743478398,0.0,3.5335578875204074,0.0025747645539001755,1.2532999772796554,0.029633903441053943,12.322581743478398
NONFIBROTIC ILD ADJUDICATED,combined,rs12626788_C_0,30,0.15306240396744114,0.0,4.08176353771346,0.0,1.3857261900941023,0.0032330500036742925,0.43577925658886696,0.03804152350023024,4.08176353771346
NONFIBROTIC ILD ADJUDICATED,combined,rs12626788_C_1,30,1.7537754685291957,0.006538267778301984,50.2950346569957,0.0,14.702535063489432,0.023479629736841968,5.149515628405022,0.28727249619949796,50.2950346569957
NONFIBROTIC ILD ADJUDICATED,combined,rs12626788_C_2,30,0.13340694324906013,0.0,3.6610575884124943,0.0,1.0924415024815828,0.004900117093006094,0.38228216806537724,0.02473344927736658,3.6610575884124943
NONFIBROTIC ILD ADJUDICATED,combined,rs75764565_C_0,30,0.0,0.0,0.0,0.0,0.0,0.0,0.0,0.0,0.0
NONFIBROTIC ILD ADJUDICATED,combined,rs75764565_C_1,30,0.10009716788778932,0.0016592378538789919,1.3985853071137706,0.0,1.1384775492542476,0.015179154443159966,0.24344898407812932,0.11287165524917277,1.3985853071137706
NONFIBROTIC ILD ADJUDICATED,combined,rs75764565_C_2,30,0.1203191304103157,0.0,3.151001529883769,0.0,1.0267477033242949,0.0057210733501225665,0.33592283000980483,0.04724126061588501,3.151001529883769
NONFIBROTIC ILD ADJUDICATED,combined,rs45619034_G_0,30,0.0,0.0,0.0,0.0,0.0,0.0,0.0,0.0,0.0
NONFIBROTIC ILD ADJUDICATED,combined,rs45619034_G_1,30,0.0175092345662406,0.0,0.26998183129337705,0.0,0.24024701340756197,0.0005274387944715457,0.04260589040086121,0.00731345836358395,0.26998183129337705
NONFIBROTIC ILD ADJUDICATED,combined,rs45619034_G_2,30,0.00357131237861304,0.0,0.03697064793200283,0.0,0.03679608792222175,6.575957304815386e-05,0.007260748106234517,0.0019727871914446155,0.03697064793200283
NONFIBROTIC ILD ADJUDICATED,combined,predicted_risk,30,22.53780397080688,0.9387291828365918,353.12013546311243,0.3196425719105958,262.2943053424411,2.7179146359697235,53.45401401190639,14.600412853164144,353.12013546311243
NON FIBROTIC ILA ADJUDICATED,genomic,rs3131520_C_0,30,3.6475636956802915,0.00962158219393552,71.30039421571654,0.0,46.19214400569331,0.03226062395289856,9.661133414060943,0.3160300157487906,71.30039421571654
NON FIBROTIC ILA ADJUDICATED,genomic,rs3131520_C_1,30,7.54012418048676,0.019549963656738747,139.7962615711638,0.0,69.3045573204979,0.07077434415468885,18.28701132460523,0.45771217727440877,139.7962615711638
NON FIBROTIC ILA ADJUDICATED,genomic,rs3131520_C_2,30,9.210641271141261,0.04500984648083742,131.03325341520326,0.0,130.30181615643485,0.23530821670870283,22.46732414128098,2.6999641759527027,131.03325341520326
NON FIBROTIC ILA ADJUDICATED,genomic,rs55993474_A_0,30,0.0,0.0,0.0,0.0,0.0,0.0,0.0,0.0,0.0
NON FIBROTIC ILA ADJUDICATED,genomic,rs55993474_A_1,30,32.968841908887335,0.004088076128563298,925.9451271584942,0.0,300.2122498501709,0.00727671484108835,96.79592180213312,0.04057238334295809,925.9451271584942
NON FIBROTIC ILA ADJUDICATED,genomic,rs55993474_A_2,30,0.01799737051414112,0.003073126052403949,0.34469669526576985,0.0,0.1446792962053099,0.0033429518659129783,0.0436599385726791,0.016147749816755326,0.34469669526576985
NON FIBROTIC ILA ADJUDICATED,genomic,rs2375892_T_0,30,1.1668935845064081,0.017129726015152134,13.96211398328557,0.0,12.468138946505523,0.10211189154181524,2.4916184836063446,1.8201210184805425,13.96211398328557
NON FIBROTIC ILA ADJUDICATED,genomic,rs2375892_T_1,30,7.692682447827509,0.01457623754728368,130.76427387256834,0.0,100.7380969642939,0.10571566945299486,19.41443654219024,1.3670392146095516,130.76427387256834
NON FIBROTIC ILA ADJUDICATED,genomic,rs2375892_T_2,30,7.206638203166748,0.02319019283148144,175.89451037323525,0.0,69.51533982142065,0.06571423074099346,19.91709119354903,0.4084230296553892,175.89451037323525
NON FIBROTIC ILA ADJUDICATED,genomic,rs10881263_G_0,30,0.42316890713231625,0.011488937297886172,10.389796769963136,0.0,3.2911643977056455,0.03245593039681013,1.136150881752851,0.5373151993812307,10.389796769963136
NON FIBROTIC ILA ADJUDICATED,genomic,rs10881263_G_1,30,0.40002293220250046,0.015014475313082446,6.632528487636284,0.0,3.9229999421984187,0.06104368319738525,0.9411802906490406,0.5184005368255655,6.632528487636284
NON FIBROTIC ILA ADJUDICATED,genomic,rs10881263_G_2,30,8.148513942267193,0.017800451327914003,137.87876483543565,0.0,86.23119419149043,0.24571497666052178,19.461322311131322,2.3835451004486976,137.87876483543565
NON FIBROTIC ILA ADJUDICATED,genomic,rs11102362_G_0,30,6.778766537626325,0.022633179893519036,193.14730371088095,0.0,59.244752996113625,0.04137091019842642,19.93569915917139,0.31465258922416284,193.14730371088095
NON FIBROTIC ILA ADJUDICATED,genomic,rs11102362_G_1,30,10.194840511267376,0.017105804180776014,299.9545192531518,0.0,84.70112171495856,0.07930838739203369,30.27022732000598,0.523740962703375,299.9545192531518
NON FIBROTIC ILA ADJUDICATED,genomic,rs11102362_G_2,30,72.7579157850976,0.03997585546019102,1846.1707295135304,0.0,596.8453048959653,3.6987589886655288,199.16106216513015,94.54931482529256,1846.1707295135304
NON FIBROTIC ILA ADJUDICATED,genomic,rs16837903_G_0,30,0.0073198304540643125,0.0,0.202920788200275,0.0,0.06741412073214556,0.0,0.021359748151252345,0.0,0.202920788200275
NON FIBROTIC ILA ADJUDICATED,genomic,rs16837903_G_1,30,3.279847031217351,0.00937927442338774,41.94359955876853,0.0,35.174178956142185,0.08093842187059262,7.179612302612819,0.9583647779603737,41.94359955876853
NON FIBROTIC ILA ADJUDICATED,genomic,rs16837903_G_2,30,0.11105677303772234,0.04032690943737943,1.203908237207826,0.0,0.5693180149266224,0.048336735396850176,0.19828589206640462,0.21755587286613287,1.203908237207826
NON FIBROTIC ILA ADJUDICATED,genomic,rs11264306_A_0,30,37.88192911889233,0.03224453918656131,1082.2130734884547,0.0,333.0789505488069,0.13989917201701663,111.71994248183043,0.6979017277476401,1082.2130734884547
NON FIBROTIC ILA ADJUDICATED,genomic,rs11264306_A_1,30,1.2679002842573661,0.039349259597782356,34.30413930333301,0.0,10.122712632840319,0.06957912064091014,3.5706135873405085,0.6032482525296765,34.30413930333301
NON FIBROTIC ILA ADJUDICATED,genomic,rs11264306_A_2,30,4.528128940441063,0.02997184547914495,128.86298472509412,0.0,38.05674252064824,0.08342972342585958,13.239219929834944,0.7163198248037933,128.86298472509412
NON FIBROTIC ILA ADJUDICATED,genomic,rs7547997_G_0,30,0.8219642510109874,0.0,21.416837162377202,0.0,6.960903888423615,0.03137409615761682,2.298240927593984,0.7219831612558192,21.416837162377202
NON FIBROTIC ILA ADJUDICATED,genomic,rs7547997_G_1,30,5.226368235617864,0.1401391948049422,116.12451574087946,0.0,54.02956749175934,0.27878709971766996,13.867222333965632,1.6818061047179294,116.12451574087946
NON FIBROTIC ILA ADJUDICATED,genomic,rs7547997_G_2,30,8.29791359287263,0.07567226847309523,195.96214374843254,0.0,80.34994540830381,0.18185103186187543,22.61445100991465,1.0430318110093029,195.96214374843254
NON FIBROTIC ILA ADJUDICATED,genomic,rs699240_T_0,30,109.0810529148712,0.015733279481118325,3010.670491048301,0.0,999.6530044240377,0.14508055560143718,317.78219586591496,1.2335327604863755,3010.670491048301
NON FIBROTIC ILA ADJUDICATED,genomic,rs699240_T_1,30,333.4978577088704,0.04483602557373238,5364.686643922203,0.0,4794.688132579855,0.7732450553656955,842.3791505912974,17.302472546971238,5364.686643922203
NON FIBROTIC ILA ADJUDICATED,genomic,rs699240_T_2,30,9.613842775381464,0.021809757622843748,197.10781674688573,0.0,96.96152008976648,0.3113749551318494,25.65894865195733,3.2931531500378917,197.10781674688573
NON FIBROTIC ILA ADJUDICATED,genomic,rs114064385_G_0,30,0.0,0.0,0.0,0.0,0.0,0.0,0.0,0.0,0.0
NON FIBROTIC ILA ADJUDICATED,genomic,rs114064385_G_1,30,0.21197037895417634,0.0005926332879527898,2.591343023098122,0.0,2.121844290103292,0.02479991839361623,0.4408138925174852,0.5661565628657304,2.591343023098122
NON FIBROTIC ILA ADJUDICATED,genomic,rs114064385_G_2,30,0.35454613937755863,0.0,10.39467435124559,0.0,2.9449063815391305,0.002499232784780943,1.052654131867239,0.029596563110258305,10.39467435124559
NON FIBROTIC ILA ADJUDICATED,genomic,rs55682827_C_0,30,0.014635972323398328,0.0,0.43771590331991583,0.0,0.12106419698465168,0.0,0.04383064378864786,0.0,0.43771590331991583
NON FIBROTIC ILA ADJUDICATED,genomic,rs55682827_C_1,30,0.20446331112383107,0.014699369350270088,3.432945507354254,0.0,1.9833827056933382,0.03314990211239302,0.4685024542260702,0.26103251058581667,3.432945507354254
NON FIBROTIC ILA ADJUDICATED,genomic,rs55682827_C_2,30,0.1564194971519631,0.0416988255152035,1.9172701140389063,0.0,1.0275066722669177,0.053649514283771654,0.3069796982120619,0.18097618497950987,1.9172701140389063
NON FIBROTIC ILA ADJUDICATED,genomic,rs17019820_A_0,30,0.2709660202123914,0.0,4.89370655293611,0.0,3.2161791455403526,0.002173609936386046,0.6732563249933252,0.03172359538262186,4.89370655293611
NON FIBROTIC ILA ADJUDICATED,genomic,rs17019820_A_1,30,8.532485798132146,0.017371016155367285,250.21987455040252,0.0,70.06685391770384,0.10945156436465002,25.24366003950755,0.8494196808632036,250.21987455040252
NON FIBROTIC ILA ADJUDICATED,genomic,rs17019820_A_2,30,201.76996024455337,0.014064805651653038,5910.883358477616,0.0,1716.3313621999378,0.2739133070787468,599.4903360984267,3.4133249152505556,5910.883358477616
NON FIBROTIC ILA ADJUDICATED,genomic,rs2577254_T_0,30,2.572197868251299,0.04552139326378493,71.21819030526953,0.0,22.319197788316185,0.062117278905834905,7.432226965343615,0.3560223415734998,71.21819030526953
NON FIBROTIC ILA ADJUDICATED,genomic,rs2577254_T_1,30,0.4175889919931181,0.02857933525348009,5.484690477928313,0.0,3.9726456573052262,0.0901236221625092,0.8663131979756709,0.6458800388107194,5.484690477928313
NON FIBROTIC ILA ADJUDICATED,genomic,rs2577254_T_2,30,6.682023062172276,0.01683138048801327,195.65122675134984,0.0,55.287582755826385,0.056988870718553616,19.754267697163893,0.7679248770908517,195.65122675134984
NON FIBROTIC ILA ADJUDICATED,genomic,rs12710674_C_0,30,0.0,0.0,0.0,0.0,0.0,0.0,0.0,0.0,0.0
NON FIBROTIC ILA ADJUDICATED,genomic,rs12710674_C_1,30,2.0701885971607323,0.01262860969288519,59.87492422115369,0.0,17.08224248174291,0.03293414323207366,6.096322334546517,0.32643683478709373,59.87492422115369
NON FIBROTIC ILA ADJUDICATED,genomic,rs12710674_C_2,30,0.7286142997214029,0.01663726373584227,19.782549244247967,0.0,5.997756194620157,0.03215798928943596,2.073568990578519,0.2084634763027545,19.782549244247967
NON FIBROTIC ILA ADJUDICATED,genomic,rs77998999_A_0,30,0.0,0.0,0.0,0.0,0.0,0.0,0.0,0.0,0.0
NON FIBROTIC ILA ADJUDICATED,genomic,rs77998999_A_1,30,0.42473517787138737,0.0,11.352638065066651,0.0,3.595028841548595,0.006169998667375937,1.2430681562170707,0.061046799783620195,11.352638065066651
NON FIBROTIC ILA ADJUDICATED,genomic,rs77998999_A_2,30,0.5585691314887506,0.00036778706325703726,8.323947645176377,0.0,5.253534249226208,0.016508790775098096,1.2410677594593467,0.29422883779374875,8.323947645176377
NON FIBROTIC ILA ADJUDICATED,genomic,rs6736148_C_0,30,0.0,0.0,0.0,0.0,0.0,0.0,0.0,0.0,0.0
NON FIBROTIC ILA ADJUDICATED,genomic,rs6736148_C_1,30,0.31491974895307284,0.0026612221883342557,7.116052427204445,0.0,2.8805045771103206,0.013045542338156746,0.8323514487038063,0.20031121824701065,7.116052427204445
NON FIBROTIC ILA ADJUDICATED,genomic,rs6736148_C_2,30,0.027133324192553057,0.006613023569674032,0.3314511736488122,0.0,0.23535535795182405,0.00863761503570801,0.05684830826353263,0.02987012355255286,0.3314511736488122
NON FIBROTIC ILA ADJUDICATED,genomic,rs4672388_T_0,30,0.5754453952848976,0.00048772650597286946,16.746476860458326,0.0,4.7897043943202195,0.0057967740432014825,1.6969714713259694,0.04820663341671625,16.746476860458326
NON FIBROTIC ILA ADJUDICATED,genomic,rs4672388_T_1,30,141.41039530711734,0.02505491618179876,4124.846653393986,0.0,1195.8896304633201,0.09398463119798435,419.2327418755408,1.4383218722662579,4124.846653393986
NON FIBROTIC ILA ADJUDICATED,genomic,rs4672388_T_2,30,1.3891262317974573,0.024903310166579255,35.96531034268545,0.0,11.929249208711163,0.059135479686713094,3.914121656142685,0.45397004138469815,35.96531034268545
NON FIBROTIC ILA ADJUDICATED,genomic,rs1123573_A_0,30,0.4550096201687656,0.02440805600593337,11.0782320423733,0.0,3.46921885376033,0.049516119377597256,1.2208536759654423,0.4855825771728412,11.0782320423733
NON FIBROTIC ILA ADJUDICATED,genomic,rs1123573_A_1,30,92.92171906266657,0.018025640296522198,2118.6324333963207,0.0,1042.8891237325834,0.030528592650474154,254.24956639337745,0.19483360378923875,2118.6324333963207
NON FIBROTIC ILA ADJUDICATED,genomic,rs1123573_A_2,30,89.29148400638115,0.028133648240394212,2552.1777484480854,0.0,787.173818897605,0.0809897317140572,263.53403861155465,0.7034345863843058,2552.1777484480854
NON FIBROTIC ILA ADJUDICATED,genomic,rs17007563_C_0,30,4.3234417108892517e-05,0.0,0.0012337548620680167,0.0,0.0003851588841878031,0.0,0.00013057318625040321,0.0,0.0012337548620680167
NON FIBROTIC ILA ADJUDICATED,genomic,rs17007563_C_1,30,2.084046177026645,0.009848635715611316,57.625502456462115,0.0,18.420981385946018,0.024241665855683197,6.04172770913782,0.2826131611863697,57.625502456462115
NON FIBROTIC ILA ADJUDICATED,genomic,rs17007563_C_2,30,1.2438420965673838,0.004977947099655916,35.96125687666874,0.0,10.239387781692047,0.0213165340151477,4.809577249000641,0.1372888293700423,35.96125687666874
NON FIBROTIC ILA ADJUDICATED,genomic,rs12713927_G_0,30,4.18724990811388,0.0,117.65860447047802,0.0,37.98482530051468,0.004169389857385913,12.286470561581028,0.03369267463278654,117.65860447047802
NON FIBROTIC ILA ADJUDICATED,genomic,rs12713927_G_1,30,5.109861915388195,0.015333076310207082,115.46840276140637,0.0,55.74086380300857,0.11398042982503548,13.976536651988877,0.9795781794920518,115.46840276140637
NON FIBROTIC ILA ADJUDICATED,genomic,rs12713927_G_2,30,202.53399488904068,0.039465593557374876,4887.834714576999,0.0,2188.414255727732,0.31539002935995986,567.1587513658279,5.320738947661904,4887.834714576999
NON FIBROTIC ILA ADJUDICATED,genomic,rs11680126_C_0,30,0.17255208161821362,0.0,4.516197644443915,0.0,1.523540693484328,0.005145385590142753,0.4919066141975669,0.03247198106712098,4.516197644443915
NON FIBROTIC ILA ADJUDICATED,genomic,rs11680126_C_1,30,18.17386791055709,0.025116647118931835,439.5997519636255,0.0,190.92214253538737,0.16921387934079485,50.49983800157547,2.0349048769745135,439.5997519636255
NON FIBROTIC ILA ADJUDICATED,genomic,rs11680126_C_2,30,3.9255719580914485,0.012727658753419493,115.36563075217897,0.0,32.16519777468673,0.04211690351598615,11.635246116330045,0.2715449367215509,115.36563075217897
NON FIBROTIC ILA ADJUDICATED,genomic,rs1669778_T_0,30,0.0008686288535829776,0.0,0.018772748700064467,0.0,0.008517982218187399,6.024285499705545e-05,0.0022751361441653776,0.0008505880496929343,0.018772748700064467
NON FIBROTIC ILA ADJUDICATED,genomic,rs1669778_T_1,30,44.75915731116608,0.017675245504911584,1208.115061665587,0.0,400.83336514196344,0.0533660565316334,129.71836171477636,0.37336243150284254,1208.115061665587
NON FIBROTIC ILA ADJUDICATED,genomic,rs1669778_T_2,30,183.10928705549566,0.023317015537026933,5483.357711727026,0.0,1511.5822644011637,0.13199961804708743,549.0233476239472,1.2080765599882113,5483.357711727026
NON FIBROTIC ILA ADJUDICATED,genomic,rs1488496_C_0,30,0.0,0.0,0.0,0.0,0.0,0.0,0.0,0.0,0.0
NON FIBROTIC ILA ADJUDICATED,genomic,rs1488496_C_1,30,4.409666217836418,0.005337622826491856,131.6455729846223,0.0,36.333063450447575,0.01073127912014521,13.189681290414658,0.05348118846645962,131.6455729846223
NON FIBROTIC ILA ADJUDICATED,genomic,rs1488496_C_2,30,0.1279546611949241,0.016130965513944752,0.7114186821817614,0.0,0.6745009244839334,0.05736177853938002,0.21162944579362614,0.5493665954621124,0.7114186821817614
NON FIBROTIC ILA ADJUDICATED,genomic,rs56387623_T_0,30,0.6456606897974783,7.905174198973554e-05,19.265768474477877,0.0,5.3296003826344585,0.0016215472129191427,1.9311756845262869,0.013746451977663495,19.265768474477877
NON FIBROTIC ILA ADJUDICATED,genomic,rs56387623_T_1,30,5.045060616420375,0.016534289392819413,102.16830673689027,0.0,58.58190831655372,0.11044685127486875,13.098054976570884,0.9039004558834098,102.16830673689027
NON FIBROTIC ILA ADJUDICATED,genomic,rs56387623_T_2,30,3.5974616478064263,0.02809131477320985,100.12186267047787,0.0,30.945265494317177,0.0676841726317473,10.371651858984956,0.6373187866367488,100.12186267047787
NON FIBROTIC ILA ADJUDICATED,genomic,rs2361278_T_0,30,3.5605791509116935,0.012275955855404058,48.07796484862033,0.0,46.21672704430099,0.24690153193763795,8.118132958538247,5.213596658373544,48.07796484862033
NON FIBROTIC ILA ADJUDICATED,genomic,rs2361278_T_1,30,4.947208537063992,0.06315098560313923,118.08288862716451,0.0,50.609269260361785,0.1414995165125062,14.48873892309525,1.059642084725889,118.08288862716451
NON FIBROTIC ILA ADJUDICATED,genomic,rs2361278_T_2,30,0.14011750638894485,0.014521611476434677,1.0064640266805032,0.0,0.9506574233379402,0.05893267197117394,0.23915866746411185,0.3964997313641983,1.0064640266805032
NON FIBROTIC ILA ADJUDICATED,genomic,rs79252367_G_0,30,0.0009898711278632443,0.0,0.028536469776458892,0.0,0.00854333526971749,0.0,0.0028991334403604607,0.0,0.028536469776458892
NON FIBROTIC ILA ADJUDICATED,genomic,rs79252367_G_1,30,5.865373274616356,0.007709625897177734,170.85309088447676,0.0,48.63058881941616,0.07229374372752903,17.289318354637622,0.644967654349164,170.85309088447676
NON FIBROTIC ILA ADJUDICATED,genomic,rs79252367_G_2,30,2.219877302487105,0.010892718952768112,63.13526307349898,0.0,18.5285836015681,0.04234141525284372,6.494896192867906,0.2806681601050927,63.13526307349898
NON FIBROTIC ILA ADJUDICATED,genomic,rs1479945_C_0,30,11.06952982305481,0.005296251706779111,331.3157597669654,0.0,91.39181417150375,0.010499021204844876,33.16468016614262,0.06013664450602185,331.3157597669654
NON FIBROTIC ILA ADJUDICATED,genomic,rs1479945_C_1,30,171.60334527811256,0.0223882652325672,5083.031844631034,0.0,1437.1083573426704,0.08778579295773405,512.536240768536,0.5519918209615027,5083.031844631034
NON FIBROTIC ILA ADJUDICATED,genomic,rs1479945_C_2,30,28.48629924295665,0.07238388569172183,728.3311309031404,0.0,285.3412005430891,0.23026925287305078,80.9191767360042,2.048015414799654,728.3311309031404
NON FIBROTIC ILA ADJUDICATED,genomic,rs1015097_A_0,30,5.987578819625755,0.03570392590143405,176.0286089960211,0.0,48.87626310588124,0.07688647493424815,17.736587943777906,0.4857685609320663,176.0286089960211
NON FIBROTIC ILA ADJUDICATED,genomic,rs1015097_A_1,30,17.201822427961414,0.006824152205847776,263.81793749245264,0.0,251.82766862152727,0.09278814997025515,42.946910835276405,1.664800436114982,263.81793749245264
NON FIBROTIC ILA ADJUDICATED,genomic,rs1015097_A_2,30,12.133990990199408,0.016043637210170353,182.04286795986226,0.0,180.93728868958812,0.03815427034147989,30.269900212146233,0.2675401518850993,182.04286795986226
NON FIBROTIC ILA ADJUDICATED,genomic,rs4680134_C_0,30,1.3559345452973135,0.010709763664876935,34.90358249255532,0.0,13.06821485089273,0.02524666399284025,3.852254946679237,0.21130561594821956,34.90358249255532
NON FIBROTIC ILA ADJUDICATED,genomic,rs4680134_C_1,30,4.188648906519695,0.025477964950848628,120.49092734121439,0.0,34.80303698542822,0.07731945824259247,12.26323261557414,0.48576190059174773,120.49092734121439
NON FIBROTIC ILA ADJUDICATED,genomic,rs4680134_C_2,30,3.421531291892575,0.016468600281455047,99.46980893817475,0.0,28.179387526943962,0.05714382404989664,10.099012759416317,0.40105022758923686,99.46980893817475
NON FIBROTIC ILA ADJUDICATED,genomic,rs76160568_A_0,30,0.0,0.0,0.0,0.0,0.0,0.0,0.0,0.0,0.0
NON FIBROTIC ILA ADJUDICATED,genomic,rs76160568_A_1,30,0.12924517502461288,0.0,2.8073320610789474,0.0,1.4003208841247932,0.00046070523051150604,0.3583877304303164,0.0043596399378001095,2.8073320610789474
NON FIBROTIC ILA ADJUDICATED,genomic,rs76160568_A_2,30,0.0025710235153219804,0.0,0.03809699713183096,0.0,0.025586319325517054,0.00024226176453161596,0.005469109073345735,0.00424685363074651,0.03809699713183096
NON FIBROTIC ILA ADJUDICATED,genomic,rs10776482_A_0,30,0.15843548856286924,0.0,3.555220993785621,0.0,1.2313764083556031,0.018932154594929692,0.4027762401722294,0.23130578460183088,3.555220993785621
NON FIBROTIC ILA ADJUDICATED,genomic,rs10776482_A_1,30,1.0364019719845092,0.028884459731229443,27.637890226340303,0.0,9.074430972736254,0.042308139419421534,2.9388756561745044,0.16905433952462084,27.637890226340303
NON FIBROTIC ILA ADJUDICATED,genomic,rs10776482_A_2,30,3.519470746690215,0.0334797358001348,41.22393285822785,0.0,35.74952244616782,0.07841988467691748,7.679462157017387,0.3925533030187301,41.22393285822785
NON FIBROTIC ILA ADJUDICATED,genomic,rs56111559_G_0,30,24.704201635839905,0.0,739.8680992320357,0.0,203.9366192460961,0.011482683480867407,74.06399521946385,0.1465026268546551,739.8680992320357
NON FIBROTIC ILA ADJUDICATED,genomic,rs56111559_G_1,30,13.138731534170487,0.022619687904048707,251.1489954971495,0.0,136.3127191057465,0.09122370901901096,35.14733317354836,1.0071362016904222,251.1489954971495
NON FIBROTIC ILA ADJUDICATED,genomic,rs56111559_G_2,30,16.993568457102494,0.023536310369192643,493.36757672423306,0.0,145.78261667775672,0.06314046148549075,50.320193036461745,0.33729963441321703,493.36757672423306
NON FIBROTIC ILA ADJUDICATED,genomic,rs146764446_A_0,30,0.0,0.0,0.0,0.0,0.0,0.0,0.0,0.0,0.0
NON FIBROTIC ILA ADJUDICATED,genomic,rs146764446_A_1,30,0.30714226207493056,0.0,8.597853984841036,0.0,2.79223174508163,0.0006275088153105109,0.8994810812901611,0.007907776534667217,8.597853984841036
NON FIBROTIC ILA ADJUDICATED,genomic,rs146764446_A_2,30,2.1516678420053807,0.0,64.46386055393373,0.0,17.765158309087234,0.0007966889663800832,6.449635607428427,0.005446717368876513,64.46386055393373
NON FIBROTIC ILA ADJUDICATED,genomic,rs2609255_T_0,30,0.023997959973558892,0.0002639932517187706,0.15099867559084107,0.0,0.14084433311145106,0.008832254213882097,0.0407355630296619,0.08181685258344744,0.15099867559084107
NON FIBROTIC ILA ADJUDICATED,genomic,rs2609255_T_1,30,28.21124789486112,0.016726001202269112,566.5171422124702,0.0,357.034385569991,0.051615736460322637,75.23685327515297,0.604861482434798,566.5171422124702
NON FIBROTIC ILA ADJUDICATED,genomic,rs2609255_T_2,30,3.2020362857953946,0.005903266108081463,93.54121785314621,0.0,26.39945481521456,0.034962848082217446,9.469023590075091,0.3001817552206709,93.54121785314621
NON FIBROTIC ILA ADJUDICATED,genomic,rs2609260_T_0,30,0.3505682207406883,0.0,10.448534730090294,0.0,2.8916682182984994,0.0007997579793286246,1.0477201749910523,0.009550247290935985,10.448534730090294
NON FIBROTIC ILA ADJUDICATED,genomic,rs2609260_T_1,30,17.54187167245503,0.014784629535423888,349.3245352240964,0.0,223.4907650301036,0.030376236903110993,40.884659624517866,0.15840509231045738,349.3245352240964
NON FIBROTIC ILA ADJUDICATED,genomic,rs2609260_T_2,30,0.09463305333903717,0.01226932540969243,1.9133146509428318,0.0,0.6847365918708352,0.019145668078944363,0.23334902763046073,0.11353244759417062,1.9133146509428318
NON FIBROTIC ILA ADJUDICATED,genomic,rs756345_G_0,30,3.402114894766287,0.021771292435861532,67.09523529215969,0.0,39.360540099457275,0.08931469050888619,9.12633613540376,0.7866921592741193,67.09523529215969
NON FIBROTIC ILA ADJUDICATED,genomic,rs756345_G_1,30,12.395667832509389,0.0748068875901914,176.1623589843522,0.0,160.81971126041282,0.9559401095450414,28.31732663995337,10.232066085051585,176.1623589843522
NON FIBROTIC ILA ADJUDICATED,genomic,rs756345_G_2,30,3.4253467943087426,0.040676895158363466,46.3941679074979,0.0,42.28628430594245,0.3045186857633539,7.859005477045537,5.866225115899628,46.3941679074979
NON FIBROTIC ILA ADJUDICATED,genomic,rs6532150_G_0,30,0.0,0.0,0.0,0.0,0.0,0.0,0.0,0.0,0.0
NON FIBROTIC ILA ADJUDICATED,genomic,rs6532150_G_1,30,2.591742642412359,0.0032553539597930834,51.15270759017164,0.0,32.70840085959012,0.022217326242045535,6.860924711495652,0.16321378778374968,51.15270759017164
NON FIBROTIC ILA ADJUDICATED,genomic,rs6532150_G_2,30,0.036428549185065336,0.0028506032783767576,0.7753302547174157,0.0,0.2576230975101894,0.006786586734998403,0.09122336625864702,0.0457023226402866,0.7753302547174157
NON FIBROTIC ILA ADJUDICATED,genomic,rs144128391_T_0,30,0.0,0.0,0.0,0.0,0.0,0.0,0.0,0.0,0.0
NON FIBROTIC ILA ADJUDICATED,genomic,rs144128391_T_1,30,0.010801425951520772,0.0,0.19732903518825415,0.0,0.10957031670596865,0.0008648043241512766,0.026297431946815535,0.004635038999042489,0.19732903518825415
NON FIBROTIC ILA ADJUDICATED,genomic,rs144128391_T_2,30,0.008020514001791303,0.0,0.14164377911100992,0.0,0.06167204670368613,0.0017491289728621003,0.018132586702494586,0.012244190473271556,0.14164377911100992
NON FIBROTIC ILA ADJUDICATED,genomic,rs148877274_T_0,30,0.0,0.0,0.0,0.0,0.0,0.0,0.0,0.0,0.0
NON FIBROTIC ILA ADJUDICATED,genomic,rs148877274_T_1,30,0.005748347120254683,0.0,0.10500155948458592,0.0,0.056168464941563995,0.0005224674353710516,0.013580603045607282,0.012683585739055496,0.10500155948458592
NON FIBROTIC ILA ADJUDICATED,genomic,rs148877274_T_2,30,0.006455885394102997,0.0,0.13038524906140891,0.0,0.07009897549967278,0.0003281281526810641,0.016636160859295677,0.006084222671279076,0.13038524906140891
NON FIBROTIC ILA ADJUDICATED,genomic,rs145802912_A_0,30,0.0,0.0,0.0,0.0,0.0,0.0,0.0,0.0,0.0
NON FIBROTIC ILA ADJUDICATED,genomic,rs145802912_A_1,30,0.0,0.0,0.0,0.0,0.0,0.0,0.0,0.0,0.0
NON FIBROTIC ILA ADJUDICATED,genomic,rs145802912_A_2,30,0.0,0.0,0.0,0.0,0.0,0.0,0.0,0.0,0.0
NON FIBROTIC ILA ADJUDICATED,genomic,rs151036604_T_0,30,0.0,0.0,0.0,0.0,0.0,0.0,0.0,0.0,0.0
NON FIBROTIC ILA ADJUDICATED,genomic,rs151036604_T_1,30,0.012818662217981709,0.0,0.2842026390917462,0.0,0.10502467861129036,0.0016388104502138643,0.034795230055953495,0.01797172528241602,0.2842026390917462
NON FIBROTIC ILA ADJUDICATED,genomic,rs151036604_T_2,30,0.003923633050659065,0.0,0.09189963824493093,0.0,0.03225560037156226,0.0002580789314423732,0.010571932395724981,0.00281503226160295,0.09189963824493093
NON FIBROTIC ILA ADJUDICATED,genomic,rs1422506_G_0,30,4.651494050414844,0.05594166802848084,92.30168695953135,0.0,39.48994456099213,0.5377141232483884,10.807428831754489,11.520538974540479,92.30168695953135
NON FIBROTIC ILA ADJUDICATED,genomic,rs1422506_G_1,30,3.657111244822853,0.013369176721902291,80.54676639666701,0.0,41.505814919445854,0.04577570320681988,9.915667644301482,0.34465436926497883,80.54676639666701
NON FIBROTIC ILA ADJUDICATED,genomic,rs1422506_G_2,30,10.464411875164066,0.03125074750063962,145.20829295396777,0.0,114.46304079945223,0.7480226936863792,23.480425796647534,9.525187556152279,145.20829295396777
NON FIBROTIC ILA ADJUDICATED,genomic,rs34625679_T_0,30,0.0,0.0,0.0,0.0,0.0,0.0,0.0,0.0,0.0
NON FIBROTIC ILA ADJUDICATED,genomic,rs34625679_T_1,30,0.5670408135489994,0.006045562872706125,14.86817181392352,0.0,4.899857805041375,0.02393254111320005,1.6008333285479472,0.206241202986261,14.86817181392352
NON FIBROTIC ILA ADJUDICATED,genomic,rs34625679_T_2,30,0.021327121038667095,0.0,0.20238984113077155,0.0,0.19810990847836374,0.005086123486515038,0.04176268072683789,0.0660839999694501,0.20238984113077155
NON FIBROTIC ILA ADJUDICATED,genomic,rs7730878_A_0,30,1.5471683718305884,0.012468269919588465,45.1036322951356,0.0,12.809821948351955,0.019719830308066063,4.568118465369406,0.14395034694823144,45.1036322951356
NON FIBROTIC ILA ADJUDICATED,genomic,rs7730878_A_1,30,3.664639542642897,0.03683806628124026,62.48738641453891,0.0,48.111870974463,0.105873632827669,9.879022401534254,1.0713215225656074,62.48738641453891
NON FIBROTIC ILA ADJUDICATED,genomic,rs7730878_A_2,30,136.33207147634965,0.07215153198376117,4052.8637410197275,0.0,1137.693065044819,0.12959695695236192,406.7077960083596,0.7729672214121674,4052.8637410197275
NON FIBROTIC ILA ADJUDICATED,genomic,rs7725218_G_0,30,1.4343508799200357,0.01556506376900975,27.479721785576643,0.0,11.781043022784782,0.1990259995336004,3.370393022372644,3.2415272907647776,27.479721785576643
NON FIBROTIC ILA ADJUDICATED,genomic,rs7725218_G_1,30,6.869363654884092,0.04848614129945893,183.6493172124065,0.0,64.21197414088711,0.10300687465685711,19.12606499197153,0.6538696461334438,183.6493172124065
NON FIBROTIC ILA ADJUDICATED,genomic,rs7725218_G_2,30,316.53519517931335,0.013716314777359316,9282.889333860412,0.0,2668.937966704929,0.06628357680919628,940.7946555974723,0.7124775605063667,9282.889333860412
NON FIBROTIC ILA ADJUDICATED,genomic,rs2736100_A_0,30,19.764860238667733,0.01757358085062368,433.619729032047,0.0,231.84181011501204,0.06699582407545879,57.95119329343323,0.3817693279700052,433.619729032047
NON FIBROTIC ILA ADJUDICATED,genomic,rs2736100_A_1,30,0.07899618476503485,0.008773559653910069,0.8038183800155456,0.0,0.6665170916466553,0.02579693700491018,0.15399537935437602,0.1518755188352242,0.8038183800155456
NON FIBROTIC ILA ADJUDICATED,genomic,rs2736100_A_2,30,4.243415313986836,0.04202395355845375,110.54264669098087,0.0,40.53811868025919,0.08139241432601273,12.509949499627933,0.3760741594321586,110.54264669098087
NON FIBROTIC ILA ADJUDICATED,genomic,rs72722911_G_0,30,7.916355705638164,0.0,234.70360430530988,0.0,66.20075913320424,0.004825289257031944,23.654054740639385,0.051576114095554015,234.70360430530988
NON FIBROTIC ILA ADJUDICATED,genomic,rs72722911_G_1,30,4.582429871728737,0.03749875236790424,134.44990870886366,0.0,37.60301140345637,0.051008063532098,13.57769023298442,0.5654617191944575,134.44990870886366
NON FIBROTIC ILA ADJUDICATED,genomic,rs72722911_G_2,30,2.5328948300109775,0.015517974217799432,65.91238052300943,0.0,23.971458164510242,0.042266442733111274,7.18390949314352,0.3044871739402988,65.91238052300943
NON FIBROTIC ILA ADJUDICATED,genomic,rs77144736_C_0,30,0.0,0.0,0.0,0.0,0.0,0.0,0.0,0.0,0.0
NON FIBROTIC ILA ADJUDICATED,genomic,rs77144736_C_1,30,0.00321860992784471,0.0,0.05638384528905607,0.0,0.02596550145059709,0.0005475175869432943,0.007502819594502563,0.00801291827102716,0.05638384528905607
NON FIBROTIC ILA ADJUDICATED,genomic,rs77144736_C_2,30,2.5320715655047557,0.0,73.06175053588301,0.0,22.092529416823012,0.00310672651204896,7.405688533933077,0.04123819067793154,73.06175053588301
NON FIBROTIC ILA ADJUDICATED,genomic,rs62354543_A_0,30,0.005729146660345953,0.0,0.1273127875341163,0.0,0.06025758809249223,4.375646541956664e-05,0.015404753730136566,0.00045187854438322314,0.1273127875341163
NON FIBROTIC ILA ADJUDICATED,genomic,rs62354543_A_1,30,0.5996006135861409,0.006619134653680648,15.966532311683244,0.0,4.879653525088157,0.024838803545597123,1.6850279692342092,0.20499164367279366,15.966532311683244
NON FIBROTIC ILA ADJUDICATED,genomic,rs62354543_A_2,30,3.460516567636861,0.010802444601115608,68.48052156102247,0.0,42.461085439111706,0.06196287902814579,9.111128516214844,0.516748039960197,68.48052156102247
NON FIBROTIC ILA ADJUDICATED,genomic,rs72755986_C_0,30,0.0,0.0,0.0,0.0,0.0,0.0,0.0,0.0,0.0
NON FIBROTIC ILA ADJUDICATED,genomic,rs72755986_C_1,30,0.3003325831022311,0.0,8.632165909532445,0.0,2.601728547769667,0.0013847763290887798,0.8872541790664119,0.024208727990229315,8.632165909532445
NON FIBROTIC ILA ADJUDICATED,genomic,rs72755986_C_2,30,0.007523360479778805,0.0,0.14872293614996038,0.0,0.07095406823624911,0.0006328370038799293,0.019959590339169712,0.012861010243071925,0.14872293614996038
NON FIBROTIC ILA ADJUDICATED,genomic,rs72762052_C_0,30,0.02137394545450093,0.0,0.36763452035075744,0.0,0.20285509414888211,0.002939543264325921,0.04799801531372549,0.038669874393179024,0.36763452035075744
NON FIBROTIC ILA ADJUDICATED,genomic,rs72762052_C_1,30,3.241997700372535,0.01067398189349336,59.713682296911955,0.0,42.17485753646448,0.05659518278516042,8.032188758368607,0.375124595884914,59.713682296911955
NON FIBROTIC ILA ADJUDICATED,genomic,rs72762052_C_2,30,2.8936543093988285,0.009230386732265637,72.21297404058048,0.0,27.59191539335392,0.09966025170809853,8.67575428236241,0.5881949653659296,72.21297404058048
NON FIBROTIC ILA ADJUDICATED,genomic,rs116575227_A_0,30,0.0,0.0,0.0,0.0,0.0,0.0,0.0,0.0,0.0
NON FIBROTIC ILA ADJUDICATED,genomic,rs116575227_A_1,30,0.5115389316977913,0.0,15.188907034793205,0.0,4.2415305643179035,0.001780102325164126,1.5245889958679442,0.00798529792487059,15.188907034793205
NON FIBROTIC ILA ADJUDICATED,genomic,rs116575227_A_2,30,0.008747923009782376,0.0,0.19843513353932776,0.0,0.07167073866487664,0.0008152436622750512,0.02262447316976164,0.007913729970619659,0.19843513353932776
NON FIBROTIC ILA ADJUDICATED,genomic,rs469942_C_0,30,1.9499290411197177,0.008528276796180224,47.985216453500875,0.0,19.803925169683804,0.032027726124883825,5.749922744137198,0.19495320784582298,47.985216453500875
NON FIBROTIC ILA ADJUDICATED,genomic,rs469942_C_1,30,6.771935733618745,0.03362999397934678,177.63637103738722,0.0,62.98448267825937,0.11242892582780438,18.64368782181314,1.3576311455225183,177.63637103738722
NON FIBROTIC ILA ADJUDICATED,genomic,rs469942_C_2,30,4.048813383284591,0.03285309691296254,77.60358735768303,0.0,50.48521858632466,0.08747375094729197,10.477283166169498,0.7367845240499539,77.60358735768303
NON FIBROTIC ILA ADJUDICATED,genomic,rs2228972_G_0,30,0.014424619138389251,0.0,0.14221878449949757,0.0,0.11320210999705035,0.00421685926196221,0.026417242119081374,0.04101703009079917,0.14221878449949757
NON FIBROTIC ILA ADJUDICATED,genomic,rs2228972_G_1,30,0.1651583694300679,0.012651938969339457,2.3561817106649867,0.0,1.1416897301727935,0.04128432495994379,0.34125971233595903,0.5591100356272104,2.3561817106649867
NON FIBROTIC ILA ADJUDICATED,genomic,rs2228972_G_2,30,99.80169560620605,0.02829251706621034,2896.9601727749578,0.0,864.7107482510548,0.06534998611076963,295.9939827754806,0.8433871289714675,2896.9601727749578
NON FIBROTIC ILA ADJUDICATED,genomic,rs12658068_G_0,30,0.14627839165488168,0.0,4.274718475789299,0.0,1.2471158895746175,0.0002560878309879233,0.43850441563055403,0.002984222108089591,4.274718475789299
NON FIBROTIC ILA ADJUDICATED,genomic,rs12658068_G_1,30,102.0937956829135,0.01687850889962576,3007.8945337314944,0.0,864.8235002553132,0.062317293770643295,304.2957912901803,0.5332627333110199,3007.8945337314944
NON FIBROTIC ILA ADJUDICATED,genomic,rs12658068_G_2,30,4.096643678664457,0.01423400833797962,120.74707667780446,0.0,33.650280951157306,0.04156120288784134,12.17958057354747,0.1992888906690829,120.74707667780446
NON FIBROTIC ILA ADJUDICATED,genomic,rs1423029_A_0,30,10.165457206083497,0.027108616882919663,300.55614109746335,0.0,83.32797609451605,0.0897617073634815,30.237892352537056,0.6977228031908327,300.55614109746335
NON FIBROTIC ILA ADJUDICATED,genomic,rs1423029_A_1,30,23.250801690078656,0.023232475593499606,552.156984795816,0.0,248.11898306695514,0.26296121903460784,64.48859602607352,4.14650821219775,552.156984795816
NON FIBROTIC ILA ADJUDICATED,genomic,rs1423029_A_2,30,2.479866954494085,0.027997620164611197,64.50884988913882,0.0,20.719683061973306,0.15544405584149654,6.837584037624337,1.5187063667876906,64.50884988913882
NON FIBROTIC ILA ADJUDICATED,genomic,rs13183751_G_0,30,0.11273596040825927,0.000977788832185752,1.612047697791433,0.0,1.4380538345629528,0.010207299835846848,0.26204625948601123,0.05982499359964383,1.612047697791433
NON FIBROTIC ILA ADJUDICATED,genomic,rs13183751_G_1,30,8.434089009961987,0.022821739534894324,245.53803233622148,0.0,71.47484418072528,0.052345246181610856,24.82631484499323,0.28787621553212484,245.53803233622148
NON FIBROTIC ILA ADJUDICATED,genomic,rs13183751_G_2,30,10.84730146783869,0.010155374847248195,321.7850987027281,0.0,89.37911335783652,0.05442488823025548,32.34746993435036,0.40764104053156747,321.7850987027281
NON FIBROTIC ILA ADJUDICATED,genomic,rs6899532_G_0,30,0.12073511485840896,0.0,3.111862467120289,0.0,1.2255921654274697,0.0,0.34519360183565134,0.0,3.111862467120289
NON FIBROTIC ILA ADJUDICATED,genomic,rs6899532_G_1,30,0.39551504557838346,0.01624725779626892,8.471381321598265,0.0,3.4803835869255932,0.04849731412200225,1.0890188989544678,0.36341018409881426,8.471381321598265
NON FIBROTIC ILA ADJUDICATED,genomic,rs6899532_G_2,30,29.1180459942848,0.013821564117396023,869.7894436590525,0.0,241.04899948630538,0.03057178328275096,87.18294478039297,0.18315766379671874,869.7894436590525
NON FIBROTIC ILA ADJUDICATED,genomic,rs10484326_T_0,30,2.8614295877226708,0.0,85.38875004014757,0.0,23.65065587922642,0.003397013168698971,8.559261763305447,0.022517089767412426,85.38875004014757
NON FIBROTIC ILA ADJUDICATED,genomic,rs10484326_T_1,30,6.753455851272755,0.023130968329945947,176.20342924038667,0.0,66.15642705964363,0.05090875664533314,19.305143976503043,0.17835574191107345,176.20342924038667
NON FIBROTIC ILA ADJUDICATED,genomic,rs10484326_T_2,30,46.03695724114927,0.061562594706519716,1280.2287195977026,0.0,393.52699975138046,0.26425506417894706,133.29636721467708,3.7453918207815478,1280.2287195977026
NON FIBROTIC ILA ADJUDICATED,genomic,rs2076295_T_0,30,37.6577201165673,0.011245146927546433,993.6589704368251,0.0,370.90651049708174,0.037429723305561914,108.5238583918269,0.28082769794854845,993.6589704368251
NON FIBROTIC ILA ADJUDICATED,genomic,rs2076295_T_1,30,19.660787335225205,0.026182512738069742,571.51777635616,0.0,164.51435885436385,0.11958319926798844,57.89804609433718,1.1404667111295375,571.51777635616
NON FIBROTIC ILA ADJUDICATED,genomic,rs2076295_T_2,30,3.399477777775401,0.028413775208097476,95.84403854328087,0.0,28.443451255196372,0.047901787528042646,9.858245768128132,0.20199601671662473,95.84403854328087
NON FIBROTIC ILA ADJUDICATED,genomic,rs3778337_G_0,30,0.03868144631843465,0.010526625285387177,0.4081801853544617,0.0,0.2784733567087919,0.014104453014498471,0.06966337540497372,0.05730972206417042,0.4081801853544617
NON FIBROTIC ILA ADJUDICATED,genomic,rs3778337_G_1,30,205.9665855727928,0.0255470464430414,3435.125761871258,0.0,2718.2256508654737,0.05963217246591827,487.7808010045259,0.795955255359873,3435.125761871258
NON FIBROTIC ILA ADJUDICATED,genomic,rs3778337_G_2,30,110.03352449127648,0.015868573046880434,3213.05661792254,0.0,946.0774212810121,0.03598632933546696,327.10879090523525,0.2049436366363101,3213.05661792254
NON FIBROTIC ILA ADJUDICATED,genomic,rs4960330_T_0,30,4.615267220516316,0.020319476284620552,129.81394818717385,0.0,39.756994755263655,0.06599475775036436,13.44744729840264,0.5973592168775592,129.81394818717385
NON FIBROTIC ILA ADJUDICATED,genomic,rs4960330_T_1,30,11.237572781362092,0.015358778096595437,205.16656467372772,0.0,149.2083733973049,0.08750304906563344,29.196912128642488,1.025904968923095,205.16656467372772
NON FIBROTIC ILA ADJUDICATED,genomic,rs4960330_T_2,30,30.268401131519987,0.018140557901023282,796.2738767710879,0.0,297.19470440293946,0.049974064844978454,86.94291494371885,0.356312584051355,796.2738767710879
NON FIBROTIC ILA ADJUDICATED,genomic,rs148106529_G_0,30,0.0,0.0,0.0,0.0,0.0,0.0,0.0,0.0,0.0
NON FIBROTIC ILA ADJUDICATED,genomic,rs148106529_G_1,30,1.5157095785181622,0.0,43.98852235068682,0.0,12.882559450073169,0.008753545775635996,4.5227786676713375,0.06348170965684767,43.98852235068682
NON FIBROTIC ILA ADJUDICATED,genomic,rs148106529_G_2,30,0.3528843410532029,0.0006225555314343944,9.42968100813507,0.0,3.054075868032561,0.010174843973402946,1.002166921325684,0.15714957197485066,9.42968100813507
NON FIBROTIC ILA ADJUDICATED,genomic,rs2071627_C_0,30,10.506773121047138,0.010150093923008818,170.7640107892071,0.0,149.1292246626007,0.06954513008451615,26.566167687599226,0.8730810211664697,170.7640107892071
NON FIBROTIC ILA ADJUDICATED,genomic,rs2071627_C_1,30,9.985190465790515,0.026711245550794495,176.17628659877928,0.0,132.09292383849052,0.17158445741450085,25.578196262124813,2.4610383976557038,176.17628659877928
NON FIBROTIC ILA ADJUDICATED,genomic,rs2071627_C_2,30,2.446067133580496,0.040337322246297436,53.48689200054247,0.0,24.32767643410738,0.09778520611122878,6.0063413350309265,0.6014181534956533,53.48689200054247
NON FIBROTIC ILA ADJUDICATED,genomic,rs3130157_G_0,30,1.5065249210248388,0.0005748868723653142,34.48376085136186,0.0,15.735684483061238,0.02293357306588773,4.325073045664802,0.27874899160967453,34.48376085136186
NON FIBROTIC ILA ADJUDICATED,genomic,rs3130157_G_1,30,15.862233606114911,0.015796295454789708,248.44928371899093,0.0,129.90028132146557,2.7692049457655386,36.93791768760076,55.263997734565116,248.44928371899093
NON FIBROTIC ILA ADJUDICATED,genomic,rs3130157_G_2,30,12.11083057258874,0.02220107548272056,290.4535686895997,0.0,123.16329211668972,0.1372565713345711,33.4449810033626,0.9189013340694989,290.4535686895997
NON FIBROTIC ILA ADJUDICATED,genomic,rs56184452_G_0,30,0.08161067395730806,0.0,2.4483202187192417,0.0,0.673288060147788,0.0,0.24483202187192415,0.0,2.4483202187192417
NON FIBROTIC ILA ADJUDICATED,genomic,rs56184452_G_1,30,0.06469490530103092,0.006720471569837055,0.9074326657297246,0.0,0.4645042772542951,0.01889873560756567,0.13608863888112055,0.1626029170376587,0.9074326657297246
NON FIBROTIC ILA ADJUDICATED,genomic,rs56184452_G_2,30,0.15989270707548717,0.014569902254767394,1.6559327802697577,0.0,1.1610272597546598,0.05079590193045186,0.300732862135238,0.44927592218043844,1.6559327802697577
NON FIBROTIC ILA ADJUDICATED,genomic,rs75714781_G_0,30,0.0,0.0,0.0,0.0,0.0,0.0,0.0,0.0,0.0
NON FIBROTIC ILA ADJUDICATED,genomic,rs75714781_G_1,30,1.2861260447448417,0.004419098917142534,32.530672901372434,0.0,11.255521955774832,0.05828868566743404,3.601650716178749,0.9341324170740521,32.530672901372434
NON FIBROTIC ILA ADJUDICATED,genomic,rs75714781_G_2,30,1.2441426651252094,0.0023145612147254897,34.89131909277119,0.0,10.75502585082871,0.020982442150503832,3.5847414925048953,0.20645889443590063,34.89131909277119
NON FIBROTIC ILA ADJUDICATED,genomic,rs11154034_T_0,30,12.626866289169733,0.016778072551954706,243.17647747292338,0.0,156.26420699477865,0.15900338744743187,32.75093478201344,1.119540800871292,243.17647747292338
NON FIBROTIC ILA ADJUDICATED,genomic,rs11154034_T_1,30,119.24028193273179,0.011497970362899419,3574.2703838936154,0.0,983.5335766835324,0.043337090839106966,357.5431645901769,0.694969566572458,3574.2703838936154
NON FIBROTIC ILA ADJUDICATED,genomic,rs11154034_T_2,30,51.14815540478539,0.02014254567002491,1170.1886216173066,0.0,566.2767234597039,0.10703180934827071,139.58175610870424,1.8531545227917527,1170.1886216173066
NON FIBROTIC ILA ADJUDICATED,genomic,rs76931164_T_0,30,0.0,0.0,0.0,0.0,0.0,0.0,0.0,0.0,0.0
NON FIBROTIC ILA ADJUDICATED,genomic,rs76931164_T_1,30,0.191681393928323,0.0,5.528827044596456,0.0,1.6163888863728755,0.0018437586002593375,0.5627499582677579,0.02626042982721756,5.528827044596456
NON FIBROTIC ILA ADJUDICATED,genomic,rs76931164_T_2,30,0.012174291455733987,0.0,0.31750013135018695,0.0,0.09927153324326128,0.0006310869369997469,0.03386520373795454,0.009066119898527989,0.31750013135018695
NON FIBROTIC ILA ADJUDICATED,genomic,rs79242376_G_0,30,0.1150929734629806,0.0,3.204657359778267,0.0,0.963365532786317,0.0011143034204143326,0.33198753178674006,0.011084800396870797,3.204657359778267
NON FIBROTIC ILA ADJUDICATED,genomic,rs79242376_G_1,30,21.548036680655272,0.016165154701377214,642.9596028275757,0.0,178.4744633101891,0.029029589420910943,64.47151612314174,0.12933788488429468,642.9596028275757
NON FIBROTIC ILA ADJUDICATED,genomic,rs79242376_G_2,30,21.895324996038433,0.014028741572253128,649.6897532670672,0.0,182.24058768551384,0.05302931015645243,65.37011406182133,0.7281313038458701,649.6897532670672
NON FIBROTIC ILA ADJUDICATED,genomic,rs9397724_G_0,30,0.04897970373598955,0.0,1.413171784802815,0.0,0.4092298056236451,4.888573991331226e-05,0.14499580125322797,0.0014665721973993677,1.413171784802815
NON FIBROTIC ILA ADJUDICATED,genomic,rs9397724_G_1,30,42.37854248236718,0.0052631221842570925,1250.7334337222833,0.0,357.4878838082766,0.05128796680634081,126.35371399849798,0.4481413229318445,1250.7334337222833
NON FIBROTIC ILA ADJUDICATED,genomic,rs9397724_G_2,30,0.6476425235282851,0.0026355271173923453,16.174812727988172,0.0,5.0492014687105815,0.048368155429872536,1.7548926238686338,0.7137114343079599,16.174812727988172
NON FIBROTIC ILA ADJUDICATED,genomic,rs35677769_G_0,30,0.0008081065520190677,0.0,0.020962242260564447,0.0,0.007379041739596117,1.2238055805851024e-05,0.0028533109325900334,0.0003572100452518937,0.020962242260564447
NON FIBROTIC ILA ADJUDICATED,genomic,rs35677769_G_1,30,6.548918759210301,0.018964869719865045,134.67833910615,0.0,58.39813604292712,0.1874447459779837,17.325568529670758,2.1548357554741147,134.67833910615
NON FIBROTIC ILA ADJUDICATED,genomic,rs35677769_G_2,30,5.174952320254487,0.009508480575995813,147.88290250929157,0.0,44.344137577053985,0.027112946838591688,15.179521848178391,0.2508804433282405,147.88290250929157
NON FIBROTIC ILA ADJUDICATED,genomic,rs12665063_A_0,30,0.05842669558631959,0.0,1.7523843165294992,0.0,0.48209953198760597,0.0,0.1752612549203448,0.0,1.7523843165294992
NON FIBROTIC ILA ADJUDICATED,genomic,rs12665063_A_1,30,1.1705596885012426,0.0424804877953608,32.01920693850738,0.0,9.864766409097824,0.0455267273378498,3.3778888308928736,0.24664784235940043,32.01920693850738
NON FIBROTIC ILA ADJUDICATED,genomic,rs12665063_A_2,30,1.5241286315237632,0.019871674526913526,22.051385599446082,0.0,21.7472616058158,0.04570494609016784,3.691573599959456,0.27737854671185835,22.051385599446082
NON FIBROTIC ILA ADJUDICATED,genomic,rs6970647_T_0,30,0.315635154897616,0.01724821113391905,3.907172283373756,0.0,2.8086473161650023,0.07765095423704423,0.6494598134973907,0.7655620962104949,3.907172283373756
NON FIBROTIC ILA ADJUDICATED,genomic,rs6970647_T_1,30,14.389912406656187,0.02121878147060452,248.40735487856497,0.0,135.8860923462176,0.09786266081590132,33.888816040156016,0.638921602039259,248.40735487856497
NON FIBROTIC ILA ADJUDICATED,genomic,rs6970647_T_2,30,14.895874953012326,0.022213825727303856,407.85446327749275,0.0,137.78418038022485,0.06650668798837094,54.4462976228895,0.6068409275162656,407.85446327749275
NON FIBROTIC ILA ADJUDICATED,genomic,rs2726049_A_0,30,53.21938630378331,0.023495072096290096,1188.6102885774224,0.0,508.56577929418177,0.49259491748632345,141.07037121342555,8.825439556867346,1188.6102885774224
NON FIBROTIC ILA ADJUDICATED,genomic,rs2726049_A_1,30,9.494077735212734,0.03611857446646974,154.58248979185203,0.0,88.33925558960736,0.5137587692076844,21.431151729870894,14.076149307378124,154.58248979185203
NON FIBROTIC ILA ADJUDICATED,genomic,rs2726049_A_2,30,5.881698154307026,0.0255928135128937,166.27779821528958,0.0,47.91390106409859,0.14822944384874737,17.162898896125117,2.585579044082573,166.27779821528958
NON FIBROTIC ILA ADJUDICATED,genomic,rs34262641_A_0,30,0.0,0.0,0.0,0.0,0.0,0.0,0.0,0.0,0.0
NON FIBROTIC ILA ADJUDICATED,genomic,rs34262641_A_1,30,0.9610957836825614,0.0,28.167589215958767,0.0,8.066500047929692,0.004345297920778228,2.8541206364214236,0.05836363164954416,28.167589215958767
NON FIBROTIC ILA ADJUDICATED,genomic,rs34262641_A_2,30,0.012750066810532642,0.0,0.29010583319069144,0.0,0.10834925870922577,0.0007491974992194691,0.034362832344388784,0.01221695902432024,0.29010583319069144
NON FIBROTIC ILA ADJUDICATED,genomic,rs2353082_C_0,30,0.6982245573244761,0.00606896249318974,19.396491131684606,0.0,5.718215015381941,0.02419391958375942,1.996789218466282,0.23586643204857552,19.396491131684606
NON FIBROTIC ILA ADJUDICATED,genomic,rs2353082_C_1,30,5.66573184853647,0.015413162702353086,161.97633949040838,0.0,49.410157623229416,0.029726039862896157,16.683087257782937,0.18029190804783196,161.97633949040838
NON FIBROTIC ILA ADJUDICATED,genomic,rs2353082_C_2,30,2.3376418015117504,0.014643873281299725,63.84347951970866,0.0,18.80459676677638,0.09576922148166421,6.662021752907926,1.337558202068777,63.84347951970866
NON FIBROTIC ILA ADJUDICATED,genomic,rs4727443_C_0,30,73.11795366465103,0.06294985832522228,1168.1654535079795,0.0,977.6822556900441,1.3515919065110207,173.80912713035107,38.138034869810035,1168.1654535079795
NON FIBROTIC ILA ADJUDICATED,genomic,rs4727443_C_1,30,1.2421982550715842,0.01893604340024622,25.047280941620667,0.0,13.367889772482748,0.03160339311046267,3.2065749206418697,0.2548942724528503,25.047280941620667
NON FIBROTIC ILA ADJUDICATED,genomic,rs4727443_C_2,30,66.85064389877562,0.02255991063227792,1746.7142103698975,0.0,664.0574813947429,0.10240579370821584,191.69782136297727,1.131590864497343,1746.7142103698975
NON FIBROTIC ILA ADJUDICATED,genomic,rs62505367_T_0,30,3.3224836884393167,0.02058407460710555,79.01768151262286,0.0,33.397022654281294,0.047461452679992716,9.121120724371124,0.36509081493693457,79.01768151262286
NON FIBROTIC ILA ADJUDICATED,genomic,rs62505367_T_1,30,15.48526067870045,0.022071608101206147,255.23695741926608,0.0,216.71958505474294,0.14581672330220102,39.50526226559936,2.17985051674171,255.23695741926608
NON FIBROTIC ILA ADJUDICATED,genomic,rs62505367_T_2,30,7.431438824377616,0.03868280583744478,71.29146240705782,0.0,59.66734338838526,1.4684238422980114,15.646642638629842,35.15782962853263,71.29146240705782
NON FIBROTIC ILA ADJUDICATED,genomic,rs3887876_C_0,30,0.3023868687454068,0.0,8.591936785386169,0.0,2.6984948805975515,0.00013642255260876582,0.8906118549114029,0.0038149744004999674,8.591936785386169
NON FIBROTIC ILA ADJUDICATED,genomic,rs3887876_C_1,30,13.185031605770256,0.03535635077967186,333.57685446899995,0.0,112.69194142333681,0.29590279958746446,35.424023003055716,5.875290336990338,333.57685446899995
NON FIBROTIC ILA ADJUDICATED,genomic,rs3887876_C_2,30,31.19128574919973,0.03375701255059417,916.7754056900848,0.0,258.66927163093055,0.10865645194981663,92.62760961663753,0.6912961349248499,916.7754056900848
NON FIBROTIC ILA ADJUDICATED,genomic,rs68170294_G_0,30,0.09438637357860415,0.0,2.46438382657124,0.0,0.791159336874991,0.0048931465641281835,0.266994839665105,0.03232486615431921,2.46438382657124
NON FIBROTIC ILA ADJUDICATED,genomic,rs68170294_G_1,30,11.738316850710232,0.040667619522519155,210.2724749974276,0.0,157.81460848363525,0.07933232245594496,30.278567589772777,0.5179248233095518,210.2724749974276
NON FIBROTIC ILA ADJUDICATED,genomic,rs68170294_G_2,30,3.093454430511616,0.010601588038794876,91.10902445065732,0.0,25.77664682882649,0.0167077260684357,9.193889212648289,0.10931377204298894,91.10902445065732
NON FIBROTIC ILA ADJUDICATED,genomic,rs74987898_C_0,30,0.0,0.0,0.0,0.0,0.0,0.0,0.0,0.0,0.0
NON FIBROTIC ILA ADJUDICATED,genomic,rs74987898_C_1,30,1.3239280115264864,0.016453532581124843,24.294399392318983,0.0,12.984552551923972,0.06107222982766564,3.2897615168132037,0.7002462062589989,24.294399392318983
NON FIBROTIC ILA ADJUDICATED,genomic,rs74987898_C_2,30,0.6363451349790462,0.05859856223407898,15.264166841293711,0.0,4.6959141984968324,0.08719792998307534,1.6797868296852099,0.5488002696108667,15.264166841293711
NON FIBROTIC ILA ADJUDICATED,genomic,rs10976897_G_0,30,0.0,0.0,0.0,0.0,0.0,0.0,0.0,0.0,0.0
NON FIBROTIC ILA ADJUDICATED,genomic,rs10976897_G_1,30,0.2419910957064086,0.0,7.205981007650417,0.0,2.0006053253988654,0.0007122086557113858,0.7232890320008316,0.003011559875577755,7.205981007650417
NON FIBROTIC ILA ADJUDICATED,genomic,rs10976897_G_2,30,0.001677827741740664,0.0,0.023780419320933187,0.0,0.015157432547812185,0.00032031283181613323,0.0034736749492276986,0.002675355087191041,0.023780419320933187
NON FIBROTIC ILA ADJUDICATED,genomic,rs62530710_G_0,30,0.005352211038287548,0.0,0.15736157689043032,0.0,0.04447701817984804,1.4806724406954282e-05,0.015865273449231457,0.00044420173220862844,0.15736157689043032
NON FIBROTIC ILA ADJUDICATED,genomic,rs62530710_G_1,30,2.72548230333113,0.009078943406161324,62.753884596941795,0.0,29.949061871356967,0.03926658155516154,7.500166650007539,0.21575939287428866,62.753884596941795
NON FIBROTIC ILA ADJUDICATED,genomic,rs62530710_G_2,30,0.06069327590060684,0.006973767886913748,0.7467831368690269,0.0,0.6285709818717903,0.011810318184651586,0.12521187888810167,0.07094191018328148,0.7467831368690269
NON FIBROTIC ILA ADJUDICATED,genomic,rs10869195_A_0,30,0.0925422181204139,0.0,2.7651646853726595,0.0,0.7643121771577731,8.484885115822249e-05,0.27706062701353384,0.0022799426347298317,2.7651646853726595
NON FIBROTIC ILA ADJUDICATED,genomic,rs10869195_A_1,30,1.8982372537953545,0.005704630239459925,52.99366147660807,0.0,15.896495585288108,0.03858322364044034,5.597444722798452,0.3929958725765836,52.99366147660807
NON FIBROTIC ILA ADJUDICATED,genomic,rs10869195_A_2,30,1.5610981321768873,0.010772931472665273,44.81381369086865,0.0,12.690188755158749,0.034689712849481386,4.5640010896912635,0.37089116790450916,44.81381369086865
NON FIBROTIC ILA ADJUDICATED,genomic,rs56744128_A_0,30,0.0416575349791153,0.0019245843085014373,0.42493966876169353,0.0,0.30148785549350793,0.01369201908377493,0.08072454559823397,0.1115629936403131,0.42493966876169353
NON FIBROTIC ILA ADJUDICATED,genomic,rs56744128_A_1,30,8.737816194272002,0.018032541696895207,254.65637978743806,0.0,73.07190271518807,0.04101782597920929,26.19810723747633,0.6495936243141955,254.65637978743806
NON FIBROTIC ILA ADJUDICATED,genomic,rs56744128_A_2,30,6.445880601941962,0.012780721645227635,187.18643926607714,0.0,54.96983322098823,0.03729952661014425,18.935290983351926,0.23556228845513,187.18643926607714
NON FIBROTIC ILA ADJUDICATED,genomic,rs1923802_T_0,30,0.0,0.0,0.0,0.0,0.0,0.0,0.0,0.0,0.0
NON FIBROTIC ILA ADJUDICATED,genomic,rs1923802_T_1,30,0.029178096927302666,0.005397685898332519,0.4387264345401052,0.0,0.181638877147985,0.009094670539602922,0.06100940061573673,0.05226777450260013,0.4387264345401052
NON FIBROTIC ILA ADJUDICATED,genomic,rs1923802_T_2,30,0.026076794603421646,0.005596563219905885,0.2375628529484303,0.0,0.18614958768646012,0.010002538696836217,0.049021580092655656,0.07415438549356272,0.2375628529484303
NON FIBROTIC ILA ADJUDICATED,genomic,rs1851741_G_0,30,47.858214494200304,0.033458726586358796,1230.7523853554364,0.0,413.95626058373483,1.1469421829857167,132.3278717659363,30.74620203879642,1230.7523853554364
NON FIBROTIC ILA ADJUDICATED,genomic,rs1851741_G_1,30,29.53198049692198,0.023111908564594944,466.645433190538,0.0,430.08044149691665,0.07719962860798761,74.56066688468367,0.380602854527535,466.645433190538
NON FIBROTIC ILA ADJUDICATED,genomic,rs1851741_G_2,30,40.13838372824713,0.049943779160697484,1158.0853521013055,0.0,344.21713079207257,0.2023956048282088,118.74544048783685,1.250343020753528,1158.0853521013055
NON FIBROTIC ILA ADJUDICATED,genomic,rs7041597_T_0,30,2.669607766479158,0.005175715997754091,79.28641988249836,0.0,22.17518142339607,0.007374036319670836,7.970157456494146,0.046858448290568566,79.28641988249836
NON FIBROTIC ILA ADJUDICATED,genomic,rs7041597_T_1,30,8.229427345824098,0.03535232100072001,126.2852451098374,0.0,89.61732146793585,0.13021436340554068,18.32219422635708,1.5174990638513692,126.2852451098374
NON FIBROTIC ILA ADJUDICATED,genomic,rs7041597_T_2,30,0.12122296196840497,0.06750526585888614,0.6845109202040723,0.0,0.47232116360570875,0.06936577792769685,0.17960739109480564,0.36074312213045484,0.6845109202040723
NON FIBROTIC ILA ADJUDICATED,genomic,rs13299670_C_0,30,0.0,0.0,0.0,0.0,0.0,0.0,0.0,0.0,0.0
NON FIBROTIC ILA ADJUDICATED,genomic,rs13299670_C_1,30,1.3632665952375544,0.0005085244060709243,39.62901984786325,0.0,11.214064632734692,0.01692335896294793,4.012632338785859,0.19282056033175085,39.62901984786325
NON FIBROTIC ILA ADJUDICATED,genomic,rs13299670_C_2,30,0.0050071793425407055,0.0,0.07816791819560075,0.0,0.050312493953520276,0.0007345704753412272,0.010793798928369203,0.005492830990726122,0.07816791819560075
NON FIBROTIC ILA ADJUDICATED,genomic,rs61829240_G_0,30,0.0,0.0,0.0,0.0,0.0,0.0,0.0,0.0,0.0
NON FIBROTIC ILA ADJUDICATED,genomic,rs61829240_G_1,30,0.013123200294741844,0.0,0.22436104258362405,0.0,0.10450457329597218,0.0026350538360805174,0.029447000756515993,0.03423344943081235,0.22436104258362405
NON FIBROTIC ILA ADJUDICATED,genomic,rs61829240_G_2,30,0.11383380480423971,0.0,2.0490846696238862,0.0,1.4903400560329891,0.0022257530034006973,0.2932294840678912,0.016229812860716866,2.0490846696238862
NON FIBROTIC ILA ADJUDICATED,genomic,rs1189320_G_0,30,1.0511543137407238,0.005887321744333675,20.779860913216307,0.0,8.947917655170901,0.11883699096085022,2.5961198068872453,1.9952868468963265,20.779860913216307
NON FIBROTIC ILA ADJUDICATED,genomic,rs1189320_G_1,30,3.9412848854252096,0.041490818053774664,105.18331572308274,0.0,34.9849263466175,0.11681803089385384,11.246139522449477,0.9138670945704422,105.18331572308274
NON FIBROTIC ILA ADJUDICATED,genomic,rs1189320_G_2,30,4.443559020921708,0.021537163177591155,70.66868600628494,0.0,62.936917685181605,0.06577897989726286,11.211215905650798,0.6245169264525271,70.66868600628494
NON FIBROTIC ILA ADJUDICATED,genomic,rs55672765_C_0,30,1.5429652589840217,0.005310436970278134,38.311015301937715,0.0,12.53788289716263,0.09776406004228705,4.159364051987331,2.0067669495935347,38.311015301937715
NON FIBROTIC ILA ADJUDICATED,genomic,rs55672765_C_1,30,1.414584844226128,0.04958081424730926,22.992647355479313,0.0,13.554107695398645,0.14542549699923393,3.216459930425171,2.021615159248658,22.992647355479313
NON FIBROTIC ILA ADJUDICATED,genomic,rs55672765_C_2,30,84.60751899208036,0.008592287043153173,2522.1086920037887,0.0,698.8782167464809,0.1712409875284251,252.97669841936374,3.493256738209175,2522.1086920037887
NON FIBROTIC ILA ADJUDICATED,genomic,rs34547036_C_0,30,0.0,0.0,0.0,0.0,0.0,0.0,0.0,0.0,0.0
NON FIBROTIC ILA ADJUDICATED,genomic,rs34547036_C_1,30,5.096056399311442,0.015395682108099253,140.69277524243518,0.0,43.407022451479406,0.0663755383558022,14.627977925011265,0.675306661106149,140.69277524243518
NON FIBROTIC ILA ADJUDICATED,genomic,rs34547036_C_2,30,32.12848435806071,0.026220944808457596,952.7271638008101,0.0,268.8577900828372,0.03922070856007693,95.95648866549084,0.21582537967047444,952.7271638008101
NON FIBROTIC ILA ADJUDICATED,genomic,rs10748858_T_0,30,35.97442464516084,0.008372942150800523,1076.668825682739,0.0,296.99866734990906,0.02840951516730696,107.78040953041798,0.21054453818844382,1076.668825682739
NON FIBROTIC ILA ADJUDICATED,genomic,rs10748858_T_1,30,92.44381095942033,0.03138047632289167,2447.1674650035698,0.0,907.0009187837475,0.09860327682162255,266.3183765620803,0.6549465386319235,2447.1674650035698
NON FIBROTIC ILA ADJUDICATED,genomic,rs10748858_T_2,30,20.9701008304721,0.035764775402494994,335.1229793327076,0.0,291.44108409176465,0.3359036599401368,50.476389837269515,8.890503221290167,335.1229793327076
NON FIBROTIC ILA ADJUDICATED,genomic,rs2067832_G_0,30,7.45147281648975,0.04503599100813037,201.06704780295217,0.0,69.3048551366058,0.06282494040129204,21.541496443718515,0.704457047477533,201.06704780295217
NON FIBROTIC ILA ADJUDICATED,genomic,rs2067832_G_1,30,4.3850140173871335,0.004160426212251502,123.12725133752173,0.0,39.233186197698785,0.017348290307317726,12.837170014624,0.08433143297598168,123.12725133752173
NON FIBROTIC ILA ADJUDICATED,genomic,rs2067832_G_2,30,3.3053462648652623,0.0072123881444624465,91.98843199090135,0.0,29.11145534908148,0.037010091575725004,9.590209484715698,0.6553336262038167,91.98843199090135
NON FIBROTIC ILA ADJUDICATED,genomic,rs11191865_G_0,30,1.2903069735033816,0.005721738938157897,37.71799958281045,0.0,10.725248233619238,0.014070070140702714,3.8307020732356505,0.07678746870117555,37.71799958281045
NON FIBROTIC ILA ADJUDICATED,genomic,rs11191865_G_1,30,0.995602520412317,0.014856939410429395,22.303682368115382,0.0,10.406956476123725,0.04422939564536612,2.677158836846013,0.3311108058141045,22.303682368115382
NON FIBROTIC ILA ADJUDICATED,genomic,rs11191865_G_2,30,0.2940648351806078,0.008621850108030522,7.791781576181259,0.0,2.4789317518733602,0.011858354526859217,0.8288666272375207,0.08628536883523827,7.791781576181259
NON FIBROTIC ILA ADJUDICATED,genomic,rs4918072_G_0,30,1.3083546557849444,0.0033019008216210073,36.987120940077176,0.0,11.283981588138905,0.009517726852105142,3.8556670410094913,0.09774362931733996,36.987120940077176
NON FIBROTIC ILA ADJUDICATED,genomic,rs4918072_G_1,30,7.468626718255923,0.022081844133847534,144.92826055349477,0.0,85.00212445059134,0.0558094026383773,19.19232510503872,0.3124681472289707,144.92826055349477
NON FIBROTIC ILA ADJUDICATED,genomic,rs4918072_G_2,30,0.6971154850991644,0.008627904608604816,19.263915581187973,0.0,5.640325534367913,0.028394333079596986,1.9886381198590188,0.2794609930147915,19.263915581187973
NON FIBROTIC ILA ADJUDICATED,genomic,rs10886437_C_0,30,0.33681604600215953,0.0,8.178308851531808,0.0,3.2509728308213557,0.01233130980604692,0.9326324640413701,0.16673462161696395,8.178308851531808
NON FIBROTIC ILA ADJUDICATED,genomic,rs10886437_C_1,30,7.255521969714304,0.016239295216702712,117.81932252211719,0.0,101.67522366774658,0.07904353770139128,18.32147039298421,1.2754138108850595,117.81932252211719
NON FIBROTIC ILA ADJUDICATED,genomic,rs10886437_C_2,30,0.8925729241745468,0.008360431093638794,16.92309199416141,0.0,8.295170140746476,0.11165474124875034,2.236603156864199,1.378448497454046,16.92309199416141
NON FIBROTIC ILA ADJUDICATED,genomic,rs616768_G_0,30,34.88441637533336,0.006801190019212068,916.5519528425483,0.0,322.2552691592492,0.37141823256349626,99.23535196461226,3.6737191645909957,916.5519528425483
NON FIBROTIC ILA ADJUDICATED,genomic,rs616768_G_1,30,13.912634860028678,0.03719841696174883,227.94098947206186,0.0,177.73916618525124,0.3734310830743923,34.86577312986054,6.288559425395431,227.94098947206186
NON FIBROTIC ILA ADJUDICATED,genomic,rs616768_G_2,30,24.926781832097426,0.06675752561651857,658.727296316956,0.0,223.06253609758312,0.5657339804766012,70.2192545383416,11.81210183692224,658.727296316956
NON FIBROTIC ILA ADJUDICATED,genomic,rs7942850_T_0,30,39.84893872560568,0.01568392854316107,1190.883237231867,0.0,329.97137432971164,0.02537048812295302,119.3609406424449,0.221413949009824,1190.883237231867
NON FIBROTIC ILA ADJUDICATED,genomic,rs7942850_T_1,30,0.38752609791635534,0.020745272572079143,9.255832942660772,0.0,2.90532364476507,0.04571957287981249,1.0201662867424455,0.3995016744847929,9.255832942660772
NON FIBROTIC ILA ADJUDICATED,genomic,rs7942850_T_2,30,3.53081814953561,0.011650458062414427,96.82218886842753,0.0,30.03163402940739,0.0857174340446137,10.145269866858541,1.3108115218942635,96.82218886842753
NON FIBROTIC ILA ADJUDICATED,genomic,rs7934606_C_0,30,91.37563787069139,0.036301424451180876,2736.9726967420756,0.0,753.9575396764284,0.04782711030214434,273.8881344174105,0.49529206720518887,2736.9726967420756
NON FIBROTIC ILA ADJUDICATED,genomic,rs7934606_C_1,30,4.099061118271129,0.019153941381043142,104.75050625205446,0.0,34.33453243517039,0.2137666463398539,11.338367009357182,2.478667041382859,104.75050625205446
NON FIBROTIC ILA ADJUDICATED,genomic,rs7934606_C_2,30,1.8658417304910526,0.013149459747524584,30.230930524377353,0.0,25.032921610630616,0.07213330881865931,4.627451208755109,0.5887174428483631,30.230930524377353
NON FIBROTIC ILA ADJUDICATED,genomic,rs4077759_T_0,30,1.7764282877600068,0.026294874350664244,46.67685281015737,0.0,15.188287500047295,0.08318870242195951,4.968769855026189,0.5074430874913065,46.67685281015737
NON FIBROTIC ILA ADJUDICATED,genomic,rs4077759_T_1,30,92.96401192526695,0.020114810345520383,2341.6167961496462,0.0,870.2381148192333,0.07684357420865881,255.04990033049398,0.515959744493365,2341.6167961496462
NON FIBROTIC ILA ADJUDICATED,genomic,rs4077759_T_2,30,19.92458151238663,0.02451021935720786,541.2780155757696,0.0,173.27271714180424,0.17165882438738825,57.21532540365766,1.9598454566087427,541.2780155757696
NON FIBROTIC ILA ADJUDICATED,genomic,rs7952154_C_0,30,0.5332440173264744,0.0,13.360223320005025,0.0,5.560070156860402,0.0005947362396911404,1.6000538886075593,0.0040383160975460165,13.360223320005025
NON FIBROTIC ILA ADJUDICATED,genomic,rs7952154_C_1,30,9.485475120623935,0.011844746207423068,207.55199108948537,0.0,109.83341503786923,0.04172587855635052,25.691716867834625,0.36323424953912725,207.55199108948537
NON FIBROTIC ILA ADJUDICATED,genomic,rs7952154_C_2,30,4.809962813384652,0.04906914955480751,129.99263551782522,0.0,40.48359647697711,0.18066336775553915,13.504412686450967,1.8642907717698576,129.99263551782522
NON FIBROTIC ILA ADJUDICATED,genomic,rs34425120_G_0,30,0.0001404356927791854,0.0,0.0034617984641229786,0.0,0.0013504339046384725,3.2414898088129006e-06,0.0003828989826924291,9.724469426438702e-05,0.0034617984641229786
NON FIBROTIC ILA ADJUDICATED,genomic,rs34425120_G_1,30,12.625982634834088,0.014308801744861085,339.18838300315616,0.0,120.61238779881381,0.038591814988211216,36.50038932574039,0.3646134797059885,339.18838300315616
NON FIBROTIC ILA ADJUDICATED,genomic,rs34425120_G_2,30,0.057263007493618824,0.01705491105366868,0.3150964197112877,0.0,0.22072641086894562,0.032152839368755154,0.08638094372901109,0.16975596367304605,0.3150964197112877
NON FIBROTIC ILA ADJUDICATED,genomic,rs35705950.1_G_0,30,9.147694578361493e-05,0.0,0.001380919874851912,0.0,0.000928820069573568,1.2393527911009372e-06,0.00020939809835126432,3.7180583733028114e-05,0.001380919874851912
NON FIBROTIC ILA ADJUDICATED,genomic,rs35705950.1_G_1,30,3.552235305546104,0.03490100987995583,96.96084732517592,0.0,30.021055613418362,0.11399991872446284,10.35783447206869,0.8448825570631262,96.96084732517592
NON FIBROTIC ILA ADJUDICATED,genomic,rs35705950.1_G_2,30,1.537193262979875,0.01421617043536785,40.46567115652678,0.0,13.34268823008557,0.053888728031549114,4.334759655711178,0.7167719477569483,40.46567115652678
NON FIBROTIC ILA ADJUDICATED,genomic,rs2857476_C_0,30,7.611455577265622,0.008921399441564353,209.55696518362947,0.0,69.02416217953834,0.06513240533353495,22.07970599435352,1.0022003375900272,209.55696518362947
NON FIBROTIC ILA ADJUDICATED,genomic,rs2857476_C_1,30,3.8408345403975814,0.013001916623670288,80.2831222789619,0.0,33.50326323541629,0.36138551003672853,9.616686856405044,4.904863188655933,80.2831222789619
NON FIBROTIC ILA ADJUDICATED,genomic,rs2857476_C_2,30,8.593212183376526,0.01042920627891011,158.65104141631397,0.0,107.7855745317309,0.1561198740161444,21.9929440760364,1.4881497372468475,158.65104141631397
NON FIBROTIC ILA ADJUDICATED,genomic,rs3829223_C_0,30,0.1807290596572796,0.007628219714145893,1.910456377462428,0.0,1.5923776018485414,0.04130785834829682,0.3508354848669867,0.40688584599935584,1.910456377462428
NON FIBROTIC ILA ADJUDICATED,genomic,rs3829223_C_1,30,108.45702220167655,0.028034675344248163,2687.6253579176646,0.0,957.3570873904995,0.5077993237514089,304.5173969989923,4.505710249781903,2687.6253579176646
NON FIBROTIC ILA ADJUDICATED,genomic,rs3829223_C_2,30,4.816560077407569,0.06814986908340709,118.84051144741333,0.0,43.513020856149026,0.24064756259064343,13.140155774645518,2.6992108093557077,118.84051144741333
NON FIBROTIC ILA ADJUDICATED,genomic,rs3750920_C_0,30,3.941189262510659,0.010565064439209564,112.2931563024789,0.0,34.66492035839354,0.019069687567941463,11.600609341871868,0.12851091424918834,112.2931563024789
NON FIBROTIC ILA ADJUDICATED,genomic,rs3750920_C_1,30,6.729113046809979,0.03036624333657338,182.87896117912177,0.0,60.608672390914684,0.06960255057818461,19.011211774382346,0.6477616129559695,182.87896117912177
NON FIBROTIC ILA ADJUDICATED,genomic,rs3750920_C_2,30,13.535103672171193,0.012896443305157154,311.1220648327698,0.0,150.35544065639957,0.09022945470062,37.4722997408772,1.008116761432603,311.1220648327698
NON FIBROTIC ILA ADJUDICATED,genomic,rs5743894_T_0,30,0.10607940834061928,0.0,1.6877636532723623,0.0,1.5057184268830675,0.001140904310439395,0.25969387321979515,0.011708117443910938,1.6877636532723623
NON FIBROTIC ILA ADJUDICATED,genomic,rs5743894_T_1,30,6.456702014908443,0.010394603838470972,189.86552849284055,0.0,53.03139955776672,0.0742507296786882,19.166061769350325,0.46527724642639345,189.86552849284055
NON FIBROTIC ILA ADJUDICATED,genomic,rs5743894_T_2,30,0.6911436572008395,0.005424356278322459,19.157213573664073,0.0,5.702053926281592,0.024489223397748183,2.0018034643114144,0.17962148978054993,19.157213573664073
NON FIBROTIC ILA ADJUDICATED,genomic,rs5743890_T_0,30,0.0005479832257801305,0.0,0.011615107944863617,0.0,0.006691836585529202,0.0,0.0014831367163890483,0.0,0.011615107944863617
NON FIBROTIC ILA ADJUDICATED,genomic,rs5743890_T_1,30,6.803399387450976,0.007603763691523546,196.25112367404682,0.0,58.74048210935544,0.03487847464008859,20.098719516580363,0.2331479257847894,196.25112367404682
NON FIBROTIC ILA ADJUDICATED,genomic,rs5743890_T_2,30,46.493283781049364,0.01793993574771144,1324.813605044841,0.0,413.41631642777224,0.053317121111359,137.00600109903732,0.6384715863638608,1324.813605044841
NON FIBROTIC ILA ADJUDICATED,genomic,rs7122936_A_0,30,2.703418029138136,0.011493312077974181,73.12761625014947,0.0,23.579334508074915,0.06941934479013646,7.613877531729763,0.7553664363382203,73.12761625014947
NON FIBROTIC ILA ADJUDICATED,genomic,rs7122936_A_1,30,273.86660100668,0.016175492643581365,8065.9377598746505,0.0,2278.996858002192,1.2284045165913071,1075.654649635472,15.81498062076649,8065.9377598746505
NON FIBROTIC ILA ADJUDICATED,genomic,rs7122936_A_2,30,2.40784448418625,0.01671689677369384,51.83572452822109,0.0,23.90445719773767,0.10942003175460448,6.282964170309738,0.7225873440763028,51.83572452822109
NON FIBROTIC ILA ADJUDICATED,genomic,rs61867586_C_0,30,7.304663857584513e-05,0.0,0.0021703948275889704,0.0,0.0006120867166095917,0.0,0.00021913991572753536,0.0,0.0021703948275889704
NON FIBROTIC ILA ADJUDICATED,genomic,rs61867586_C_1,30,42.12571000318081,0.005486144194983553,920.8772708483621,0.0,490.3241914210906,0.3051946693611654,114.20837241664157,2.86050606848431,920.8772708483621
NON FIBROTIC ILA ADJUDICATED,genomic,rs61867586_C_2,30,6.6361745931691205,0.011081851545478265,192.8018581916183,0.0,56.70614419700956,0.020960547057659953,19.636329230731913,0.13477668734353127,192.8018581916183
NON FIBROTIC ILA ADJUDICATED,genomic,rs73409602_C_0,30,0.010804950052783084,0.0,0.2596205063162632,0.0,0.11485181430063303,6.987653364566206e-05,0.030145881151693484,0.0010481480046849309,0.2596205063162632
NON FIBROTIC ILA ADJUDICATED,genomic,rs73409602_C_1,30,4.472353637722553,0.014211168371801922,115.76220074415872,0.0,40.3665275848125,0.07389776736990383,12.429553178894922,1.0287325473532967,115.76220074415872
NON FIBROTIC ILA ADJUDICATED,genomic,rs73409602_C_2,30,5.156696986822174,0.018622191140969097,119.50732433232993,0.0,51.10601762906434,0.22034172427714696,14.583771948381928,2.1788444344060727,119.50732433232993
NON FIBROTIC ILA ADJUDICATED,genomic,rs74760554_C_0,30,0.0,0.0,0.0,0.0,0.0,0.0,0.0,0.0,0.0
NON FIBROTIC ILA ADJUDICATED,genomic,rs74760554_C_1,30,0.45757406979220155,0.0032112456528209914,9.348770648712925,0.0,4.162333788777917,0.005069410754568326,1.2543814512737597,0.031544741739196455,9.348770648712925
NON FIBROTIC ILA ADJUDICATED,genomic,rs74760554_C_2,30,1.1278718861641746,4.102447481169958e-05,24.196648865153737,0.0,13.179399955113135,0.008492979786628087,2.754834506075695,0.08907611746861668,24.196648865153737
NON FIBROTIC ILA ADJUDICATED,genomic,rs12275748_C_0,30,0.033497011457957804,0.0,1.0049103437387341,0.0,0.27635034452815044,0.0,0.10049103437387341,0.0,1.0049103437387341
NON FIBROTIC ILA ADJUDICATED,genomic,rs12275748_C_1,30,146.05723738056966,0.015629578917716942,3959.8794139451693,0.0,1261.2813412251899,0.0897991011927096,430.1488154594172,0.8527007840018404,3959.8794139451693
NON FIBROTIC ILA ADJUDICATED,genomic,rs12275748_C_2,30,0.34697903472275116,0.0009471007168504502,9.272359638661758,0.0,2.9171244749592304,0.016881081182547684,0.9765385175682321,0.07106803012952402,9.272359638661758
NON FIBROTIC ILA ADJUDICATED,genomic,rs664034_T_0,30,4.766494134420654,0.014446156728701398,94.39273987494566,0.0,60.53184346952026,0.023323242807129076,12.649430030017554,0.16006374383213295,94.39273987494566
NON FIBROTIC ILA ADJUDICATED,genomic,rs664034_T_1,30,5.889431483194362,0.05297683533556301,145.3723710955219,0.0,51.452678733389135,0.13921286365720462,16.4580791681493,1.7749960303483587,145.3723710955219
NON FIBROTIC ILA ADJUDICATED,genomic,rs664034_T_2,30,3.1626194611428438,0.03597794839815495,63.970172056298104,0.0,35.90238610151718,0.13506741327762897,7.505333673728645,0.8656350461681411,63.970172056298104
NON FIBROTIC ILA ADJUDICATED,genomic,rs10842996_T_0,30,4.905918802124295,0.013464864269533496,106.51293316100279,0.0,57.00927849758441,0.054569621941708016,13.528489393537887,0.46186452854068727,106.51293316100279
NON FIBROTIC ILA ADJUDICATED,genomic,rs10842996_T_1,30,7.729454967927143,0.03158169207374705,102.86831540083342,0.0,99.68377346227778,0.6412750483363514,17.823014997052272,5.944318865364972,102.86831540083342
NON FIBROTIC ILA ADJUDICATED,genomic,rs10842996_T_2,30,25.80677960970319,0.02015054859514477,557.2566179004997,0.0,241.66811091146855,0.16125617464889513,64.06111999239901,1.809099892436667,557.2566179004997
NON FIBROTIC ILA ADJUDICATED,genomic,rs10783497_A_0,30,0.026699365421881165,0.0,0.7299381045229091,0.0,0.21296473220085727,0.0010224861370157574,0.09743212107360695,0.014390260929049903,0.7299381045229091
NON FIBROTIC ILA ADJUDICATED,genomic,rs10783497_A_1,30,9.634067616094075,0.028702860696762374,276.3185474183406,0.0,80.93368067540085,0.15246952141235273,28.638883807945234,1.218753990681123,276.3185474183406
NON FIBROTIC ILA ADJUDICATED,genomic,rs10783497_A_2,30,0.8010260536141246,0.03466751616947493,11.87062374238855,0.0,7.158989011965279,0.10196339994804998,1.7894836842786888,0.7173862654576654,11.87062374238855
NON FIBROTIC ILA ADJUDICATED,genomic,rs117427783_T_0,30,0.015616774248928222,0.0,0.4685032274678467,0.0,0.12883838755365717,0.0,0.04685032274678467,0.0,0.4685032274678467
NON FIBROTIC ILA ADJUDICATED,genomic,rs117427783_T_1,30,30.799068184720785,0.006577700882902143,860.4343765661303,0.0,262.4439207475615,0.05723514131558276,89.95679490764395,0.6231399688515089,860.4343765661303
NON FIBROTIC ILA ADJUDICATED,genomic,rs117427783_T_2,30,1.4026892192601066,0.008822641174929468,39.80209316799643,0.0,12.139087935326687,0.015567863579604376,4.109199680147853,0.09341080353084234,39.80209316799643
NON FIBROTIC ILA ADJUDICATED,genomic,rs76739551_C_0,30,0.0,0.0,0.0,0.0,0.0,0.0,0.0,0.0,0.0
NON FIBROTIC ILA ADJUDICATED,genomic,rs76739551_C_1,30,0.00801781734241795,0.0,0.12244758078878713,0.0,0.06616763826239902,0.002014521124119249,0.017048368391879298,0.011226534009067122,0.12244758078878713
NON FIBROTIC ILA ADJUDICATED,genomic,rs76739551_C_2,30,0.11585617631154128,0.0,3.2920142804938575,0.0,0.9414535267430942,0.00278560509596311,0.33885690074676994,0.033288933624636724,3.2920142804938575
NON FIBROTIC ILA ADJUDICATED,genomic,rs78288787_C_0,30,0.0,0.0,0.0,0.0,0.0,0.0,0.0,0.0,0.0
NON FIBROTIC ILA ADJUDICATED,genomic,rs78288787_C_1,30,1.388906659749459,0.0009424194440411721,35.68881373494826,0.0,12.571000409231639,0.02593013128071229,3.9357859324057682,0.2887954132812224,35.68881373494826
NON FIBROTIC ILA ADJUDICATED,genomic,rs78288787_C_2,30,0.09630001332853978,0.0016227063101635869,0.8621158565747988,0.0,0.6811860755630522,0.03436646470500255,0.17038486744849948,0.2685971627634265,0.8621158565747988
NON FIBROTIC ILA ADJUDICATED,genomic,rs12422371_C_0,30,1.2241332462068222,0.002188929930636497,27.460253817690933,0.0,13.43018620576554,0.026684488036704986,3.5759709280088035,0.38331999325277677,27.460253817690933
NON FIBROTIC ILA ADJUDICATED,genomic,rs12422371_C_1,30,1.9730580268039801,0.014337775716946013,52.710595410099764,0.0,17.281627928948094,0.053824841415204924,5.628892917171674,0.4437407553402639,52.710595410099764
NON FIBROTIC ILA ADJUDICATED,genomic,rs12422371_C_2,30,10.395430268965047,0.01857355637235832,236.9101565882843,0.0,117.40524421588344,0.07362506937624265,28.582237475540545,0.5568923902888976,236.9101565882843
NON FIBROTIC ILA ADJUDICATED,genomic,rs325093_T_0,30,0.04365402350407901,0.0,1.3096207051223703,0.0,0.36014569390865,0.0,0.13096207051223704,0.0,1.3096207051223703
NON FIBROTIC ILA ADJUDICATED,genomic,rs325093_T_1,30,10.34429699440796,0.013807522469640194,299.1344314417446,0.0,86.39829665450685,0.08132674888319766,30.51466219812287,0.8713371761914231,299.1344314417446
NON FIBROTIC ILA ADJUDICATED,genomic,rs325093_T_2,30,0.0871639570721381,0.006522756326174325,1.5577299537733351,0.0,0.7856009337523056,0.01368293918346576,0.21578695271458312,0.0989612626138426,1.5577299537733351
NON FIBROTIC ILA ADJUDICATED,genomic,rs923077_A_0,30,0.0004915120725658292,0.0,0.006318851971722682,0.0,0.00479106008449807,9.211091726405876e-05,0.001073719104495062,0.0014516298704003118,0.006318851971722682
NON FIBROTIC ILA ADJUDICATED,genomic,rs923077_A_1,30,12.901744927570642,0.015091064658402474,288.6774451670025,0.0,149.77912411593866,0.0342122984812913,35.37863978641765,0.14724581627487865,288.6774451670025
NON FIBROTIC ILA ADJUDICATED,genomic,rs923077_A_2,30,47.9890613713588,0.023360225930133264,1435.5183482745713,0.0,395.67330970587034,0.06849404980934717,143.70968534993324,0.4285233793478679,1435.5183482745713
NON FIBROTIC ILA ADJUDICATED,genomic,rs6491201_C_0,30,3.901950660741948,0.014353869055719046,113.23693569439618,0.0,32.125559617397656,0.05481542194392924,11.4689198656414,0.4981502005600183,113.23693569439618
NON FIBROTIC ILA ADJUDICATED,genomic,rs6491201_C_1,30,4.343233443396062,0.015761312264543328,124.6718016624368,0.0,36.97296639599771,0.04423642649985291,12.763853887254118,0.4983211286589743,124.6718016624368
NON FIBROTIC ILA ADJUDICATED,genomic,rs6491201_C_2,30,72.52971684728095,0.018978085415038315,2118.3251156347146,0.0,621.55198670574,0.09819836843516887,215.5415313411959,0.8597959512811515,2118.3251156347146
NON FIBROTIC ILA ADJUDICATED,genomic,rs117750427_A_0,30,0.0,0.0,0.0,0.0,0.0,0.0,0.0,0.0,0.0
NON FIBROTIC ILA ADJUDICATED,genomic,rs117750427_A_1,30,0.09008854599420452,0.0006307517553264394,1.7974550852745201,0.0,0.9937076229945158,0.00526405126867945,0.23352351946962188,0.030579149207315127,1.7974550852745201
NON FIBROTIC ILA ADJUDICATED,genomic,rs117750427_A_2,30,0.08747546378127201,0.0,2.5855092884060884,0.0,0.7238772776860785,0.0005355944060802951,0.2605567332520507,0.004463892058033544,2.5855092884060884
NON FIBROTIC ILA ADJUDICATED,genomic,rs17372089_A_0,30,0.0,0.0,0.0,0.0,0.0,0.0,0.0,0.0,0.0
NON FIBROTIC ILA ADJUDICATED,genomic,rs17372089_A_1,30,0.00939486210676423,0.0,0.11222568056808765,0.0,0.07877006392380059,0.0028725482005660533,0.018409273563368765,0.015268389439945185,0.11222568056808765
NON FIBROTIC ILA ADJUDICATED,genomic,rs17372089_A_2,30,0.5806612414694663,0.0026453356065169143,17.058465785468986,0.0,4.759270660510979,0.006819925233777709,1.721397147846489,0.04583876152474802,17.058465785468986
NON FIBROTIC ILA ADJUDICATED,genomic,rs9577395_C_0,30,0.5361433600518758,0.0,15.763709956054218,0.0,4.424996991505754,0.0032632774552165005,1.5905982695843766,0.03439969918579177,15.763709956054218
NON FIBROTIC ILA ADJUDICATED,genomic,rs9577395_C_1,30,0.22016907796294508,0.012611336705886104,3.867070971711618,0.0,1.736962539639785,0.039174439564560834,0.5084221978134266,0.4540039446094328,3.867070971711618
NON FIBROTIC ILA ADJUDICATED,genomic,rs9577395_C_2,30,0.33734034901965354,0.03128359426101997,5.9497936406173855,0.0,3.3581479168871176,0.04778388160368496,0.8250927930694781,0.24990291999473233,5.9497936406173855
NON FIBROTIC ILA ADJUDICATED,genomic,rs1278769_G_0,30,0.12151022198815513,0.002644618756027826,2.536392530854692,0.0,1.2367404047596993,0.008808998950886838,0.320070610970073,0.06819597956635345,2.536392530854692
NON FIBROTIC ILA ADJUDICATED,genomic,rs1278769_G_1,30,1.4907045545888198,0.024564549639616337,39.725844029920346,0.0,11.898288098680052,0.0902598621534087,4.167343389171608,0.5975359613220207,39.725844029920346
NON FIBROTIC ILA ADJUDICATED,genomic,rs1278769_G_2,30,3.2197492288826,0.027572332757617907,69.99065019224304,0.0,27.23108558784297,0.27611195851332837,8.038265131997425,5.265133663636197,69.99065019224304
NON FIBROTIC ILA ADJUDICATED,genomic,rs17616659_G_0,30,1.8759844587360626,0.013130813488770429,54.84358153951263,0.0,15.264811684382048,0.03254927808934201,5.537883990736011,0.15163305003444938,54.84358153951263
NON FIBROTIC ILA ADJUDICATED,genomic,rs17616659_G_1,30,0.5909685156234504,0.014755168621179402,12.6625992874634,0.0,4.441815343688054,0.08253289275397702,1.5011828771708136,0.8557295497994586,12.6625992874634
NON FIBROTIC ILA ADJUDICATED,genomic,rs17616659_G_2,30,11.788671495586469,0.0327536545083751,199.8529837086829,0.0,153.07184838564555,0.0659013245758692,28.04518323425796,0.4663916601614289,199.8529837086829
NON FIBROTIC ILA ADJUDICATED,genomic,rs34825924_G_0,30,133.09373403683273,0.004965308096923446,3974.7704355622227,0.0,1105.188914339491,0.03336586512572131,398.6632850442429,0.2103554906507959,3974.7704355622227
NON FIBROTIC ILA ADJUDICATED,genomic,rs34825924_G_1,30,0.8137107767138282,0.032487689994475655,18.11729914238397,0.0,6.200650169154932,0.10343749059668603,2.0917343429022965,0.9229669133147322,18.11729914238397
NON FIBROTIC ILA ADJUDICATED,genomic,rs34825924_G_2,30,7.64579850070328,0.011837442181538975,226.06817021598627,0.0,62.713210226199294,0.05967538832000783,22.73471263996016,0.31190545415153825,226.06817021598627
NON FIBROTIC ILA ADJUDICATED,genomic,rs10518693_C_0,30,3.4840582407908838,0.018468952523380967,57.53244968342504,0.0,33.981208992181855,0.06475453672656144,8.543303623137598,0.515391355479996,57.53244968342504
NON FIBROTIC ILA ADJUDICATED,genomic,rs10518693_C_1,30,7.241078071637904,0.034070893260951515,211.7648524718845,0.0,59.41918920472151,0.09613443874489042,21.429934326021304,1.0003953156206762,211.7648524718845
NON FIBROTIC ILA ADJUDICATED,genomic,rs10518693_C_2,30,14.89346299465799,0.059559070923268294,198.31936542132615,0.0,194.97810854036322,1.7665747157617735,34.540569518856316,51.22453602450591,198.31936542132615
NON FIBROTIC ILA ADJUDICATED,genomic,rs2034650_A_0,30,8.116803609551607,0.02242507929386655,85.09963393859627,0.0,79.4899448471058,1.3811643115063263,16.628283961006503,30.441563167432964,85.09963393859627
NON FIBROTIC ILA ADJUDICATED,genomic,rs2034650_A_1,30,2.0856913144801648,0.021775868248986092,36.1476542701287,0.0,22.316789885909518,0.1916697583009351,4.9167573691985496,2.386678826596215,36.1476542701287
NON FIBROTIC ILA ADJUDICATED,genomic,rs2034650_A_2,30,36.33532647283296,0.028816288192173134,745.1264962125796,0.0,442.62487339513723,0.3395001503087385,96.66334171874122,4.84818016580971,745.1264962125796
NON FIBROTIC ILA ADJUDICATED,genomic,rs144948432_A_0,30,0.0,0.0,0.0,0.0,0.0,0.0,0.0,0.0,0.0
NON FIBROTIC ILA ADJUDICATED,genomic,rs144948432_A_1,30,0.00292007454494852,0.0,0.059970932237989466,0.0,0.03390945518964347,5.864168914815918e-06,0.0076129922691802005,0.00017592506744447755,0.059970932237989466
NON FIBROTIC ILA ADJUDICATED,genomic,rs144948432_A_2,30,0.0002705598396879513,0.0,0.00811679519063854,0.0,0.002232118677425587,0.0,0.0008116795190638539,0.0,0.00811679519063854
NON FIBROTIC ILA ADJUDICATED,genomic,rs1496725_A_0,30,1.6324148780574,0.009837502089023693,35.58954835940686,0.0,15.712882260630817,0.10446240349135587,4.155919112343042,1.093586612612373,35.58954835940686
NON FIBROTIC ILA ADJUDICATED,genomic,rs1496725_A_1,30,121.69180366292731,0.03865388572429337,3269.1269612159863,0.0,1060.698648736796,0.46719703296799897,344.3078847450449,7.666988778634495,3269.1269612159863
NON FIBROTIC ILA ADJUDICATED,genomic,rs1496725_A_2,30,18.1715781712007,0.03004315091484508,201.25093190021303,0.0,148.61454159958257,3.5892110205314065,36.98867941253565,90.72894572991007,201.25093190021303
NON FIBROTIC ILA ADJUDICATED,genomic,rs12928193_G_0,30,0.5542017857850675,0.0,15.503575707871612,0.0,4.926061290912943,0.004558074466289413,1.6185340065784632,0.03940310671622741,15.503575707871612
NON FIBROTIC ILA ADJUDICATED,genomic,rs12928193_G_1,30,0.05248362037069864,0.004183248926498264,0.7936376979793851,0.0,0.3404907185602335,0.016302538628991857,0.11683464473205867,0.12494705909424117,0.7936376979793851
NON FIBROTIC ILA ADJUDICATED,genomic,rs12928193_G_2,30,16.480334143083162,0.011517519509432845,254.48187433854852,0.0,241.32429917727222,0.050266202360598734,41.310528273209115,0.2265108847840117,254.48187433854852
NON FIBROTIC ILA ADJUDICATED,genomic,rs9931202_G_0,30,0.04199007475098318,0.0,0.855606805925811,0.0,0.42437136761120575,0.00290671610010992,0.1144894972088137,0.0379162315401171,0.855606805925811
NON FIBROTIC ILA ADJUDICATED,genomic,rs9931202_G_1,30,47.337099550623606,0.08560460905897332,758.8828551429242,0.0,591.9036876919215,0.16985067684509603,111.29415784353759,1.6131075485961381,758.8828551429242
NON FIBROTIC ILA ADJUDICATED,genomic,rs9931202_G_2,30,37.96744643390639,0.016767309737829396,469.1886402008767,0.0,415.7307147994464,0.07265102771542248,84.94485983962605,0.7355403025580219,469.1886402008767
NON FIBROTIC ILA ADJUDICATED,genomic,rs1273431_A_0,30,0.0,0.0,0.0,0.0,0.0,0.0,0.0,0.0,0.0
NON FIBROTIC ILA ADJUDICATED,genomic,rs1273431_A_1,30,0.0,0.0,0.0,0.0,0.0,0.0,0.0,0.0,0.0
NON FIBROTIC ILA ADJUDICATED,genomic,rs1273431_A_2,30,0.0,0.0,0.0,0.0,0.0,0.0,0.0,0.0,0.0
NON FIBROTIC ILA ADJUDICATED,genomic,rs71389435_C_0,30,0.0,0.0,0.0,0.0,0.0,0.0,0.0,0.0,0.0
NON FIBROTIC ILA ADJUDICATED,genomic,rs71389435_C_1,30,3.016780860409755,0.012798493284747067,86.23815945362387,0.0,25.011146596975365,0.04321302833975911,8.830670291141889,0.7114346574041144,86.23815945362387
NON FIBROTIC ILA ADJUDICATED,genomic,rs71389435_C_2,30,0.0908366858755698,0.007511520406483765,0.85898274265376,0.0,0.8232794386761565,0.025623622412735088,0.1816418270839764,0.32728830296606665,0.85898274265376
NON FIBROTIC ILA ADJUDICATED,genomic,rs6499642_C_0,30,0.10045443999831445,0.0,3.0136331999494335,0.0,0.82874912998609,0.0,0.30136331999494337,0.0,3.0136331999494335
NON FIBROTIC ILA ADJUDICATED,genomic,rs6499642_C_1,30,1.9556324876617999,0.0016648025891638643,57.04141518297937,0.0,16.74491907593998,0.004823006551411183,5.859161049444749,0.02510746424897372,57.04141518297937
NON FIBROTIC ILA ADJUDICATED,genomic,rs6499642_C_2,30,0.02508035053895058,0.0021169121400362156,0.31681479911935256,0.0,0.2354853509889657,0.006174645720001882,0.05262851184304098,0.02598308346671628,0.31681479911935256
NON FIBROTIC ILA ADJUDICATED,genomic,rs12446021_G_0,30,0.03344736917732907,0.0,0.40904596416388167,0.0,0.30581445280394204,0.0031342162133650366,0.07084629532757618,0.05668600732559486,0.40904596416388167
NON FIBROTIC ILA ADJUDICATED,genomic,rs12446021_G_1,30,1.488568815448251,0.018814172317124556,42.81561039709555,0.0,12.129928489063738,0.0329417137873357,4.3524176486200625,0.2573885003021338,42.81561039709555
NON FIBROTIC ILA ADJUDICATED,genomic,rs12446021_G_2,30,4.060040101986735,0.01485245358419782,65.68149433801987,0.0,57.05980564552349,0.0336646678239931,10.231722562729283,0.13641655440612163,65.68149433801987
NON FIBROTIC ILA ADJUDICATED,genomic,rs28703652_G_0,30,16.751290008301726,0.01728222184224304,461.39032555489956,0.0,153.37295738730282,0.06628801580108885,48.73435600484478,0.4633317010292774,461.39032555489956
NON FIBROTIC ILA ADJUDICATED,genomic,rs28703652_G_1,30,149.69970777556298,0.023891788821303408,4048.547239563197,0.0,1317.5376984091981,0.24953235480446728,423.96254542890074,3.833153428917516,4048.547239563197
NON FIBROTIC ILA ADJUDICATED,genomic,rs28703652_G_2,30,0.15685447898291155,0.0325588100274975,1.8690126258440467,0.0,0.9263951978523886,0.057476730419572776,0.30716093385464294,0.30938526657129006,1.8690126258440467
NON FIBROTIC ILA ADJUDICATED,genomic,rs169889_A_0,30,1.7189726431148824,0.012667177328772504,34.39733014033653,0.0,18.341824275307317,0.04994618052376387,4.4216982529589375,0.29198506711630107,34.39733014033653
NON FIBROTIC ILA ADJUDICATED,genomic,rs169889_A_1,30,16.955326506967424,0.02559488487426413,278.46577545664724,0.0,181.80449638721663,0.0889272834925828,41.046493208404165,0.5699500876459845,278.46577545664724
NON FIBROTIC ILA ADJUDICATED,genomic,rs169889_A_2,30,1.4297671397563505,0.025205430343359224,25.01102327350903,0.0,17.005003189346255,0.11598074951821594,3.4493349319954136,0.7585592891286724,25.01102327350903
NON FIBROTIC ILA ADJUDICATED,genomic,rs3744761_C_0,30,0.0,0.0,0.0,0.0,0.0,0.0,0.0,0.0,0.0
NON FIBROTIC ILA ADJUDICATED,genomic,rs3744761_C_1,30,2.719250270591767,0.010180437789958908,57.5847090652623,0.0,26.115147262839745,0.024378786324658487,6.730848936730074,0.19501731448221077,57.5847090652623
NON FIBROTIC ILA ADJUDICATED,genomic,rs3744761_C_2,30,0.054413877075407256,0.007236884957248597,0.39731908762662244,0.0,0.3187927129565302,0.025719066059829227,0.09284747300926678,0.17235144191636953,0.39731908762662244
NON FIBROTIC ILA ADJUDICATED,genomic,rs17690703_C_0,30,0.49010815572379385,0.0015111118988926078,12.953359193892695,0.0,4.4791165576422305,0.008960333917726385,1.396329230166395,0.10159360013288787,12.953359193892695
NON FIBROTIC ILA ADJUDICATED,genomic,rs17690703_C_1,30,1.7464846485696632,0.015291553420151736,48.4437962444877,0.0,15.055309898971087,0.02916113366828262,5.07953216605639,0.09027596098702108,48.4437962444877
NON FIBROTIC ILA ADJUDICATED,genomic,rs17690703_C_2,30,10.112609019329607,0.013491828706390093,243.07234898372468,0.0,104.49719525228015,0.17400740872765966,28.123929525359078,1.970873039003255,243.07234898372468
NON FIBROTIC ILA ADJUDICATED,genomic,rs1981997_G_0,30,0.42776452725974695,0.0,11.290330841492796,0.0,3.6780082438305834,0.001610929931281478,1.1838068912341624,0.016974205548446655,11.290330841492796
NON FIBROTIC ILA ADJUDICATED,genomic,rs1981997_G_1,30,8.32484352842615,0.009671249290177653,235.07321273059455,0.0,73.1363361941987,0.04895699241721051,24.38284344621008,0.6707239800305952,235.07321273059455
NON FIBROTIC ILA ADJUDICATED,genomic,rs1981997_G_2,30,57.078292685214706,0.004642250303420709,1711.5032420898924,0.0,470.8673240891642,0.014058974473328113,171.18704623773374,0.07454777483980377,1711.5032420898924
NON FIBROTIC ILA ADJUDICATED,genomic,rs415430_T_0,30,1.4455888580681169,0.0,43.174431679343314,0.0,11.962290114264336,0.0007635429822857653,4.3277281251591715,0.00816811081365271,43.174431679343314
NON FIBROTIC ILA ADJUDICATED,genomic,rs415430_T_1,30,22.485938363700953,0.013968836597590857,546.3128595847827,0.0,202.71215978674118,0.13212779340446193,61.9085390602973,1.167564573834651,546.3128595847827
NON FIBROTIC ILA ADJUDICATED,genomic,rs415430_T_2,30,0.7474453154831018,0.008327180639604744,18.171007894920052,0.0,6.144056150872961,0.07689859287913345,1.9921660996313477,0.3925481497242339,18.171007894920052
NON FIBROTIC ILA ADJUDICATED,genomic,rs73997403_C_0,30,0.0,0.0,0.0,0.0,0.0,0.0,0.0,0.0,0.0
NON FIBROTIC ILA ADJUDICATED,genomic,rs73997403_C_1,30,0.03202233511859866,0.0010152688434892792,0.5186434867354778,0.0,0.22317862265598956,0.007990305859430695,0.07161853679626332,0.05835328018788858,0.5186434867354778
NON FIBROTIC ILA ADJUDICATED,genomic,rs73997403_C_2,30,0.03076901360136428,0.0,0.5967492728379792,0.0,0.3207998363120589,0.001110030677322773,0.07605856609347414,0.006629773897150391,0.5967492728379792
NON FIBROTIC ILA ADJUDICATED,genomic,rs918174_T_0,30,2.9947747583730178,0.007100363561461454,88.85591987125336,0.0,24.7259013009215,0.01772802331772596,8.932027024177012,0.09622985560128725,88.85591987125336
NON FIBROTIC ILA ADJUDICATED,genomic,rs918174_T_1,30,8.3772140477663,0.018216844754588634,127.58803763969259,0.0,121.99280166924436,0.07638874921526326,20.87063899788317,1.3060054303166004,127.58803763969259
NON FIBROTIC ILA ADJUDICATED,genomic,rs918174_T_2,30,7.31369464766325,0.018994406937777354,148.67860966107634,0.0,89.30916235226879,0.10417452169531298,20.035650982854428,0.7586369213972723,148.67860966107634
NON FIBROTIC ILA ADJUDICATED,genomic,rs75291377_G_0,30,0.0,0.0,0.0,0.0,0.0,0.0,0.0,0.0,0.0
NON FIBROTIC ILA ADJUDICATED,genomic,rs75291377_G_1,30,5.095312057319134,2.743302719597157e-05,136.81411428206707,0.0,46.118414341679355,0.0363574165050783,14.326905699719036,1.006010629108566,136.81411428206707
NON FIBROTIC ILA ADJUDICATED,genomic,rs75291377_G_2,30,0.6612439711149921,0.011474999321898365,16.17195627243435,0.0,6.8435056567351396,0.01039103317643428,1.8485411184188767,0.04743477170443553,16.17195627243435
NON FIBROTIC ILA ADJUDICATED,genomic,rs11083093_G_0,30,0.06853204375493262,0.0,2.054209460962046,0.0,0.5657786590695276,0.0,0.205519389764125,0.0,2.054209460962046
NON FIBROTIC ILA ADJUDICATED,genomic,rs11083093_G_1,30,0.37898191040535306,0.002480211898196219,8.549642750724615,0.0,3.919146929340262,0.013370253727862786,1.0891522561653924,0.15137079136524179,8.549642750724615
NON FIBROTIC ILA ADJUDICATED,genomic,rs11083093_G_2,30,0.011346355736360432,0.00015468163648149882,0.10067148806506242,0.0,0.08506777141777434,0.00332877433582533,0.021518524845318233,0.03519752561431181,0.10067148806506242
NON FIBROTIC ILA ADJUDICATED,genomic,rs66884960_C_0,30,0.17006344046985575,0.0,5.0776367980849155,0.0,1.4087230327726779,0.0001634724970179745,0.5091395331788514,0.0016439360685952,5.0776367980849155
NON FIBROTIC ILA ADJUDICATED,genomic,rs66884960_C_1,30,2.5903553719512846,0.027531483820562655,39.435471162329364,0.0,34.36724337243238,0.04631098940125422,6.15493679191859,0.1878569592960226,39.435471162329364
NON FIBROTIC ILA ADJUDICATED,genomic,rs66884960_C_2,30,6.00926868927552,0.03179574105031471,110.1597167016272,0.0,72.21774731266731,0.16154219822280486,15.301371300861367,1.3334796490001704,110.1597167016272
NON FIBROTIC ILA ADJUDICATED,genomic,rs76475316_T_0,30,0.0,0.0,0.0,0.0,0.0,0.0,0.0,0.0,0.0
NON FIBROTIC ILA ADJUDICATED,genomic,rs76475316_T_1,30,0.0939044560789273,0.0,2.594295656440933,0.0,0.8361436255854551,0.0010298182545283154,0.2722696190730005,0.0070423797201121146,2.594295656440933
NON FIBROTIC ILA ADJUDICATED,genomic,rs76475316_T_2,30,0.00673367272273749,0.0,0.1188097719801231,0.0,0.06329208517957825,0.0010760071986449832,0.016383847935875412,0.007816699301496543,0.1188097719801231
NON FIBROTIC ILA ADJUDICATED,genomic,rs893889_G_0,30,0.08579816944992781,0.0,2.5179453763122606,0.0,0.7104109045123002,0.0009010226233739257,0.25426872871427525,0.005513385542849867,2.5179453763122606
NON FIBROTIC ILA ADJUDICATED,genomic,rs893889_G_1,30,1.0755756563859185,0.019776143971775555,28.909151582460865,0.0,8.936993245105256,0.04788999011077076,3.0668744168047457,0.29670236658552396,28.909151582460865
NON FIBROTIC ILA ADJUDICATED,genomic,rs893889_G_2,30,2.867973342467218,0.010439140183627245,80.83626041603732,0.0,25.112792772680656,0.033210997773554254,8.502344022165556,0.20915253983558604,80.83626041603732
NON FIBROTIC ILA ADJUDICATED,genomic,rs12610495_A_0,30,1.663375496451885,0.012460499083054848,44.82953117834022,0.0,14.474762795683647,0.051903699477694125,4.733995226877872,0.37011653513956466,44.82953117834022
NON FIBROTIC ILA ADJUDICATED,genomic,rs12610495_A_1,30,0.4752158806582186,0.017186781085762312,10.067162526450629,0.0,3.5634603092254977,0.0747621937109468,1.2405464687109353,0.5886558910418686,10.067162526450629
NON FIBROTIC ILA ADJUDICATED,genomic,rs12610495_A_2,30,26.308310423860767,0.019671703678073076,526.69708091081,0.0,332.33010819078385,0.09347829935962138,70.06386285077802,0.9559340948465098,526.69708091081
NON FIBROTIC ILA ADJUDICATED,genomic,rs2109069_G_0,30,4.87252717017914,0.017489311879930657,143.6065425963249,0.0,39.82614940694795,0.0531296602008851,14.485240306521211,0.3447967953621819,143.6065425963249
NON FIBROTIC ILA ADJUDICATED,genomic,rs2109069_G_1,30,0.690728529022954,0.019483114370375976,17.04777300599898,0.0,6.5309142452899485,0.03326685510469575,1.9044645290017173,0.13412718971394877,17.04777300599898
NON FIBROTIC ILA ADJUDICATED,genomic,rs2109069_G_2,30,3.795130205486964,0.020923656394177995,104.70626071879164,0.0,30.71184235183104,0.16471379522911103,11.114050754452578,1.4254986540375465,104.70626071879164
NON FIBROTIC ILA ADJUDICATED,genomic,rs708686_C_0,30,1.7633505093299233,0.004416569526722779,22.826872420170265,0.0,22.755472472284602,0.14665560968628616,4.078173943507517,2.656428284123982,22.826872420170265
NON FIBROTIC ILA ADJUDICATED,genomic,rs708686_C_1,30,221.9447448838585,0.022925405550157263,6519.4957013182875,0.0,1889.5615466282495,0.12366055201753165,656.5805690292196,1.6418373179819172,6519.4957013182875
NON FIBROTIC ILA ADJUDICATED,genomic,rs708686_C_2,30,18.867526184825827,0.025845322204435407,558.3391446019436,0.0,157.89010790479415,0.03082942749914104,56.25435602431503,0.12977105479022508,558.3391446019436
NON FIBROTIC ILA ADJUDICATED,genomic,rs62112917_C_0,30,0.0006589303102275505,0.0,0.015176982565273422,0.0,0.007453206962009363,0.0,0.002025845267602746,0.0,0.015176982565273422
NON FIBROTIC ILA ADJUDICATED,genomic,rs62112917_C_1,30,6.863395951273769,0.029615600687046446,199.00877780064863,0.0,57.46770079073791,0.0751322456821142,20.162351566459037,0.27906873154760065,199.00877780064863
NON FIBROTIC ILA ADJUDICATED,genomic,rs62112917_C_2,30,0.44693698644617286,0.026667218394636198,11.694729669854537,0.0,3.4797444910110094,0.03679897458773118,1.2313024121659648,0.20739565391013368,11.694729669854537
NON FIBROTIC ILA ADJUDICATED,genomic,rs73008477_C_0,30,0.0,0.0,0.0,0.0,0.0,0.0,0.0,0.0,0.0
NON FIBROTIC ILA ADJUDICATED,genomic,rs73008477_C_1,30,0.010356170065922432,0.0,0.291759987330118,0.0,0.08733455347330088,6.116967691710165e-05,0.030057561033864373,0.0015699553596027218,0.291759987330118
NON FIBROTIC ILA ADJUDICATED,genomic,rs73008477_C_2,30,0.0046227393077208166,0.0,0.11997687268470308,0.0,0.03799895759475046,0.00021950171349273607,0.012939252306434706,0.00435875203487694,0.11997687268470308
NON FIBROTIC ILA ADJUDICATED,genomic,rs10422762_A_0,30,12.257433553637178,0.03756971912148055,253.82548501520313,0.0,149.16164227596988,0.11419361784337013,32.79752910705351,1.0953746341889183,253.82548501520313
NON FIBROTIC ILA ADJUDICATED,genomic,rs10422762_A_1,30,2.2522143035691937,0.050576014181206164,58.30314454994351,0.0,20.13934277905766,0.09101019984503858,6.2701160757194065,0.7025280803982314,58.30314454994351
NON FIBROTIC ILA ADJUDICATED,genomic,rs10422762_A_2,30,213.0583049656887,0.02314165762340746,6274.156406824772,0.0,1808.7006723465067,0.06962466199730362,635.1455105947716,0.4565496324596998,6274.156406824772
NON FIBROTIC ILA ADJUDICATED,genomic,rs41482151_C_0,30,0.6257420123102928,8.51587425635556e-05,15.99354041472036,0.0,5.907164669713412,0.013991708793646824,1.7529525487584139,0.1734590915389823,15.99354041472036
NON FIBROTIC ILA ADJUDICATED,genomic,rs41482151_C_1,30,64.62952214369933,0.03885145380985065,1877.315998873154,0.0,552.9013159989813,0.08655334148075759,191.18871960445725,0.458539299230282,1877.315998873154
NON FIBROTIC ILA ADJUDICATED,genomic,rs41482151_C_2,30,11.406460969910766,0.015456208947471909,282.4128571128178,0.0,118.66591580534016,0.070192071849404,32.14614671768376,0.789260670534998,282.4128571128178
NON FIBROTIC ILA ADJUDICATED,genomic,rs12975986_C_0,30,0.3431152125464079,0.0,9.370059861472743,0.0,3.2323938752915913,0.00037774084152279383,1.2497777800936771,0.00559475425571006,9.370059861472743
NON FIBROTIC ILA ADJUDICATED,genomic,rs12975986_C_1,30,5.747327375776156,0.02420430315439159,145.28054467466427,0.0,56.718275898566745,0.09582182026249379,19.48600174264417,0.90251208701897,145.28054467466427
NON FIBROTIC ILA ADJUDICATED,genomic,rs12975986_C_2,30,0.27734736517951664,0.012369661655997836,5.297970433182329,0.0,2.367627042247639,0.03735931429209471,0.6906576821207733,0.32056035933116506,5.297970433182329
NON FIBROTIC ILA ADJUDICATED,genomic,rs74490361_T_0,30,0.0,0.0,0.0,0.0,0.0,0.0,0.0,0.0,0.0
NON FIBROTIC ILA ADJUDICATED,genomic,rs74490361_T_1,30,0.0735005557207468,0.0031758977612795667,0.8454984421003359,0.0,0.692347972678194,0.013980536417451346,0.14756062590011373,0.08091783845708315,0.8454984421003359
NON FIBROTIC ILA ADJUDICATED,genomic,rs74490361_T_2,30,0.5992252188782393,0.0021660220488432178,13.377152322589435,0.0,6.320142349396629,0.012610452800823338,1.6391852970889227,0.10917937791685027,13.377152322589435
NON FIBROTIC ILA ADJUDICATED,genomic,rs57625989_A_0,30,0.0,0.0,0.0,0.0,0.0,0.0,0.0,0.0,0.0
NON FIBROTIC ILA ADJUDICATED,genomic,rs57625989_A_1,30,2.2019941583409053,0.0102154875637985,65.17334869985827,0.0,18.168666505050123,0.014465184369785486,6.553816492228769,0.04994167692684303,65.17334869985827
NON FIBROTIC ILA ADJUDICATED,genomic,rs57625989_A_2,30,0.05540350442818567,0.00011590236036985023,0.9272327590532645,0.0,0.42137393674293505,0.010771356589140448,0.1287297757676138,0.1341200296245673,0.9272327590532645
NON FIBROTIC ILA ADJUDICATED,genomic,rs302837_A_0,30,14.252123507513044,0.0238352013779936,268.23260874582195,0.0,167.79364161099028,0.2013034282927402,37.39488633115386,4.314580305828567,268.23260874582195
NON FIBROTIC ILA ADJUDICATED,genomic,rs302837_A_1,30,3.542704253527411,0.061857926102584254,43.840918486529446,0.0,36.52594922844762,0.13560583232048198,8.00758360958409,0.9325970721456416,43.840918486529446
NON FIBROTIC ILA ADJUDICATED,genomic,rs302837_A_2,30,14.16919772749724,0.021149393816059094,380.9468612550341,0.0,120.8235646160513,0.07775372993677704,40.26580088668459,0.8351159012193863,380.9468612550341
NON FIBROTIC ILA ADJUDICATED,genomic,rs601878_C_0,30,0.2327050070472449,0.0,6.11703593853344,0.0,2.0262804847973834,0.006060304507327895,0.6621694605846793,0.0738659665051823,6.11703593853344
NON FIBROTIC ILA ADJUDICATED,genomic,rs601878_C_1,30,162.85909778071826,0.019267617609409517,4801.304644398616,0.0,1380.5959441628747,0.038463212756347995,488.560823494158,0.2793610388076334,4801.304644398616
NON FIBROTIC ILA ADJUDICATED,genomic,rs601878_C_2,30,63.37746643472374,0.03924654051007265,1898.1610286314408,0.0,522.4837494832125,0.06736690195089708,189.9444715398381,0.3825360369499095,1898.1610286314408
NON FIBROTIC ILA ADJUDICATED,genomic,rs4811028_G_0,30,0.00036309926153662084,0.0,0.01082559820673485,0.0,0.003025889745390806,0.0,0.00108705179663107,0.0,0.01082559820673485
NON FIBROTIC ILA ADJUDICATED,genomic,rs4811028_G_1,30,1.6704010404959548,0.008137352993182044,41.31445533317778,0.0,15.574900312645845,0.06446701226483405,4.537688328189771,1.0599508063615597,41.31445533317778
NON FIBROTIC ILA ADJUDICATED,genomic,rs4811028_G_2,30,23.840294919387393,0.015024004712263962,682.6616154773644,0.0,205.60596845553036,0.10310275246208389,70.17226122990387,0.6693670959742649,682.6616154773644
NON FIBROTIC ILA ADJUDICATED,genomic,rs12626788_C_0,30,21.32327314105499,0.0,489.52877287394773,0.0,240.3509281497814,0.04468149784980897,58.8031659162405,0.6945189844007232,489.52877287394773
NON FIBROTIC ILA ADJUDICATED,genomic,rs12626788_C_1,30,122.94239915228705,0.033737222440406264,3232.889014242229,0.0,1065.3980044879818,0.6367439151474488,346.0439956149143,15.4316793074505,3232.889014242229
NON FIBROTIC ILA ADJUDICATED,genomic,rs12626788_C_2,30,59.9804947360056,0.027454183574143257,1287.1638157639889,0.0,580.4501502401338,0.29143156564246,166.69665767290778,5.466293651796203,1287.1638157639889
NON FIBROTIC ILA ADJUDICATED,genomic,rs75764565_C_0,30,0.0,0.0,0.0,0.0,0.0,0.0,0.0,0.0,0.0
NON FIBROTIC ILA ADJUDICATED,genomic,rs75764565_C_1,30,0.039354312572704324,0.0052936731008209345,0.4259983196628857,0.0,0.3138404217117664,0.01293352561173595,0.0757580468681342,0.08581868891854211,0.4259983196628857
NON FIBROTIC ILA ADJUDICATED,genomic,rs75764565_C_2,30,0.019803856199809736,0.0017397975869358432,0.2602424142502208,0.0,0.14848785779500995,0.005056361618778073,0.0393563665152142,0.053023053229010506,0.2602424142502208
NON FIBROTIC ILA ADJUDICATED,genomic,rs45619034_G_0,30,0.0,0.0,0.0,0.0,0.0,0.0,0.0,0.0,0.0
NON FIBROTIC ILA ADJUDICATED,genomic,rs45619034_G_1,30,1.5305754772484452,0.001867502968646907,34.16487887500717,0.0,14.973137040488318,0.05061346729292209,4.059745875681808,0.5868455126398127,34.16487887500717
NON FIBROTIC ILA ADJUDICATED,genomic,rs45619034_G_2,30,0.1291881488601643,0.01187150072946107,1.9341320773546464,0.0,0.9153244148134676,0.03684414779886577,0.2770681143303988,0.3452242565625509,1.9341320773546464
NON FIBROTIC ILA ADJUDICATED,combined,rs3131520_C_0,30,0.010134932838776308,0.003871851682444749,0.057488949539118026,0.0,0.05451255692712469,0.00489011553937381,0.016343574703004047,0.036985095946384154,0.057488949539118026
NON FIBROTIC ILA ADJUDICATED,combined,rs3131520_C_1,30,0.045347863970937055,0.006026096330996496,0.7758971013195907,0.0,0.3361615146295587,0.011127344101382643,0.10009188756038498,0.04946175924434698,0.7758971013195907
NON FIBROTIC ILA ADJUDICATED,combined,rs3131520_C_2,30,0.028861991570955058,0.005580056669062768,0.3335010833774944,0.0,0.16983755140964668,0.011092698232436825,0.05192379446255373,0.06331334201586762,0.3335010833774944
NON FIBROTIC ILA ADJUDICATED,combined,rs55993474_A_0,30,0.0,0.0,0.0,0.0,0.0,0.0,0.0,0.0,0.0
NON FIBROTIC ILA ADJUDICATED,combined,rs55993474_A_1,30,0.00399639360312379,0.0006601235982994899,0.02449519015080572,0.0,0.01809891630776018,0.0018841168266660535,0.006568140648389681,0.013738233607759729,0.02449519015080572
NON FIBROTIC ILA ADJUDICATED,combined,rs55993474_A_2,30,0.001604305890953252,0.0,0.01404344891344812,0.0,0.011095174759514052,0.0006820278810104229,0.002776109928284537,0.0036591670877362285,0.01404344891344812
NON FIBROTIC ILA ADJUDICATED,combined,rs2375892_T_0,30,0.013041816266637328,0.004643695221649671,0.09422806141281274,0.0,0.07239710728709244,0.006337585409513956,0.021448875015536852,0.03197711058841718,0.09422806141281274
NON FIBROTIC ILA ADJUDICATED,combined,rs2375892_T_1,30,0.04716849275422046,0.001892407745106107,0.7216996239889507,0.0,0.5307643910260559,0.004790454289741063,0.11000810439443608,0.022088588185646633,0.7216996239889507
NON FIBROTIC ILA ADJUDICATED,combined,rs2375892_T_2,30,0.0240444646040124,0.0030266947969048367,0.27292704362839704,0.0,0.22851405072143122,0.005519086816784575,0.04824426455582775,0.03574938998885316,0.27292704362839704
NON FIBROTIC ILA ADJUDICATED,combined,rs10881263_G_0,30,0.020430230396632353,0.0009804776613805892,0.4811596984897021,0.0,0.15099162042406095,0.002732939895290573,0.05385114222018436,0.018207012622226234,0.4811596984897021
NON FIBROTIC ILA ADJUDICATED,combined,rs10881263_G_1,30,0.010224985172572022,0.004455252870139715,0.13271101762405768,0.0,0.06410966394267598,0.003698688269701512,0.02025938242084139,0.017901066203740698,0.13271101762405768
NON FIBROTIC ILA ADJUDICATED,combined,rs10881263_G_2,30,0.0237509835567459,0.008406102125094074,0.19273027617684932,0.0,0.11138586181859864,0.01186478999207486,0.038812898833689304,0.06761297379539963,0.19273027617684932
NON FIBROTIC ILA ADJUDICATED,combined,rs11102362_G_0,30,0.00969765205063316,0.004388849736261477,0.08705607504013203,0.0,0.0558547747133816,0.004945815562015369,0.01645501861060716,0.01817608234284608,0.08705607504013203
NON FIBROTIC ILA ADJUDICATED,combined,rs11102362_G_1,30,0.02146574761488423,0.004019827843915557,0.12589867944818184,0.0,0.10726409565696937,0.010825757094076495,0.03378884707396746,0.05941744834033203,0.12589867944818184
NON FIBROTIC ILA ADJUDICATED,combined,rs11102362_G_2,30,0.015558747127030797,0.004469885072612893,0.19404530491257418,0.0,0.0954965741802026,0.006136059275889566,0.02980810988601203,0.03616339484998292,0.19404530491257418
NON FIBROTIC ILA ADJUDICATED,combined,rs16837903_G_0,30,0.0001207743874704623,0.0,0.003623231624113869,0.0,0.0009963886966313088,0.0,0.00036232316241138686,0.0,0.003623231624113869
NON FIBROTIC ILA ADJUDICATED,combined,rs16837903_G_1,30,0.01552834515565312,0.0030025669521200112,0.22163415336860273,0.0,0.09751623187570213,0.005081581842994324,0.03197041480448121,0.026796630954395637,0.22163415336860273
NON FIBROTIC ILA ADJUDICATED,combined,rs16837903_G_2,30,0.03227375188938819,0.005344694254225672,0.4911990732277166,0.0,0.22409353534939666,0.00940917033446802,0.06873664408942441,0.08111496305675978,0.4911990732277166
NON FIBROTIC ILA ADJUDICATED,combined,rs11264306_A_0,30,0.012292056902102782,0.003418735325613041,0.11290164844739445,0.0,0.07590108408919562,0.00532603136672464,0.021823487786365007,0.024196580519423284,0.11290164844739445
NON FIBROTIC ILA ADJUDICATED,combined,rs11264306_A_1,30,0.028319429076550374,0.007452231095028025,0.31132790911875613,0.0,0.14653231624832586,0.012015135342669505,0.05178315837992547,0.07559316488963616,0.31132790911875613
NON FIBROTIC ILA ADJUDICATED,combined,rs11264306_A_2,30,0.021003620134953885,0.0066324900792342255,0.2759917068089408,0.0,0.16406743606768373,0.0064858293464793385,0.04126686368791646,0.020389118028334912,0.2759917068089408
NON FIBROTIC ILA ADJUDICATED,combined,rs7547997_G_0,30,0.0016639500446670697,0.0,0.029314682268583084,0.0,0.01484323085867294,0.00028933803364749504,0.0037034082371021813,0.001662071990912557,0.029314682268583084
NON FIBROTIC ILA ADJUDICATED,combined,rs7547997_G_1,30,0.12191253317225977,0.06882473938860804,0.9180596226817509,0.002107235832789384,0.5361656723729258,0.06668847052214759,0.19544575965856406,0.25308620279237015,0.9180596226817509
NON FIBROTIC ILA ADJUDICATED,combined,rs7547997_G_2,30,0.055179648096814755,0.03525237737993736,0.18414141524013486,0.0,0.16603043584739177,0.036626673415595064,0.07639977376017063,0.1520285848340708,0.18414141524013486
NON FIBROTIC ILA ADJUDICATED,combined,rs699240_T_0,30,0.03875230387571742,0.004894627267023199,0.9248178310558915,0.0,0.2855478091040648,0.00558377335151705,0.10085774060810077,0.022553009084328012,0.9248178310558915
NON FIBROTIC ILA ADJUDICATED,combined,rs699240_T_1,30,0.030826992547682015,0.004431516922918667,0.2809570518081309,0.0,0.1665287753341189,0.013797558190760223,0.05398001471680103,0.0819110869001963,0.2809570518081309
NON FIBROTIC ILA ADJUDICATED,combined,rs699240_T_2,30,0.012101089453528094,0.007369718987907328,0.08525122517913529,0.0,0.04774736752469587,0.007195895289713408,0.018469273678932033,0.027029941259938878,0.08525122517913529
NON FIBROTIC ILA ADJUDICATED,combined,rs114064385_G_0,30,0.0,0.0,0.0,0.0,0.0,0.0,0.0,0.0,0.0
NON FIBROTIC ILA ADJUDICATED,combined,rs114064385_G_1,30,0.0012275050909490695,0.0,0.012664729030636255,0.0,0.010832347295443438,0.00033468976733241256,0.0024099215046837867,0.0029627486104577784,0.012664729030636255
NON FIBROTIC ILA ADJUDICATED,combined,rs114064385_G_2,30,0.0005029202157092471,0.0,0.005157905149859636,0.0,0.0031079780237967917,0.00018530760198777376,0.0009126095658400207,0.0013903154634852307,0.005157905149859636
NON FIBROTIC ILA ADJUDICATED,combined,rs55682827_C_0,30,4.510956036186359e-06,0.0,0.00013532868108559077,0.0,3.721538729853727e-05,0.0,1.3532868108559076e-05,0.0,0.00013532868108559077
NON FIBROTIC ILA ADJUDICATED,combined,rs55682827_C_1,30,0.011839525573830716,0.0028851548543358287,0.11706667307537025,0.0,0.08680743438844676,0.004519058952381174,0.02172770283799366,0.025909355812074677,0.11706667307537025
NON FIBROTIC ILA ADJUDICATED,combined,rs55682827_C_2,30,0.048392735324626485,0.023603003994364602,0.49743503017074675,0.0,0.24440538270271955,0.023823019519315723,0.08575794151133975,0.09079838197649971,0.49743503017074675
NON FIBROTIC ILA ADJUDICATED,combined,rs17019820_A_0,30,0.0006999334699087015,0.0,0.008855021525675529,0.0,0.006271774412377962,0.00013267903138945781,0.001453797881864936,0.0018101011914405563,0.008855021525675529
NON FIBROTIC ILA ADJUDICATED,combined,rs17019820_A_1,30,0.01820640889520419,0.005098047159622758,0.22256320680257552,0.0,0.10620557692586402,0.006977898961629797,0.03432803272726927,0.045178601883571715,0.22256320680257552
NON FIBROTIC ILA ADJUDICATED,combined,rs17019820_A_2,30,0.009708067493277616,0.001783185320138601,0.11115398956554717,0.0,0.049601749496519784,0.003936473246205938,0.018859730498776765,0.02097624246090762,0.11115398956554717
NON FIBROTIC ILA ADJUDICATED,combined,rs2577254_T_0,30,0.1297159639130514,0.0072292290273155875,3.2410389913861866,0.0,0.9923940446876354,0.013134236903675486,0.3510964883879761,0.0872200220510895,3.2410389913861866
NON FIBROTIC ILA ADJUDICATED,combined,rs2577254_T_1,30,0.030658827532961494,0.005734135295868309,0.2655953182035337,0.0,0.1477704285205825,0.014815812853856908,0.051038972213072395,0.07333555803065167,0.2655953182035337
NON FIBROTIC ILA ADJUDICATED,combined,rs2577254_T_2,30,0.014660943008171622,0.004518705788078286,0.1588013945817384,0.0,0.08688495711220003,0.005895863072952186,0.027039153613344153,0.03735118653917206,0.1588013945817384
NON FIBROTIC ILA ADJUDICATED,combined,rs12710674_C_0,30,0.0,0.0,0.0,0.0,0.0,0.0,0.0,0.0,0.0
NON FIBROTIC ILA ADJUDICATED,combined,rs12710674_C_1,30,0.008233244392302197,0.0010447861182440116,0.05421596540168486,0.0,0.05287024009097519,0.0036160959516735873,0.013846809979982302,0.02193723644288177,0.05421596540168486
NON FIBROTIC ILA ADJUDICATED,combined,rs12710674_C_2,30,0.0042951943500426455,0.00023767676668485027,0.061990433293125986,0.0,0.028257175932900024,0.0014137075651368969,0.00883338716487913,0.008376931669684081,0.061990433293125986
NON FIBROTIC ILA ADJUDICATED,combined,rs77998999_A_0,30,0.0,0.0,0.0,0.0,0.0,0.0,0.0,0.0,0.0
NON FIBROTIC ILA ADJUDICATED,combined,rs77998999_A_1,30,0.005447527461472107,0.0001421045600841558,0.08254262998545628,0.0,0.049774246611974514,0.0010959826466668506,0.011397459672920418,0.006236161153082587,0.08254262998545628
NON FIBROTIC ILA ADJUDICATED,combined,rs77998999_A_2,30,0.004313009583370803,0.0,0.05586483383685432,0.0,0.042505766853605145,0.000614253311194226,0.009270416087573006,0.011074381848528792,0.05586483383685432
NON FIBROTIC ILA ADJUDICATED,combined,rs6736148_C_0,30,0.0,0.0,0.0,0.0,0.0,0.0,0.0,0.0,0.0
NON FIBROTIC ILA ADJUDICATED,combined,rs6736148_C_1,30,0.0020614477699128103,0.0003636255249682762,0.011513963571737404,0.0,0.009564389636636311,0.0010020371083453656,0.003261120478525366,0.006918734618757771,0.011513963571737404
NON FIBROTIC ILA ADJUDICATED,combined,rs6736148_C_2,30,0.0065360328865233745,0.0,0.05584107049493651,0.0,0.04002707056188759,0.002289868695112641,0.011815380000165701,0.028574603556840338,0.05584107049493651
NON FIBROTIC ILA ADJUDICATED,combined,rs4672388_T_0,30,0.0032123333163144433,0.00020146135636732137,0.01951885338890236,0.0,0.018904950594303555,0.0013780935160005786,0.00533042559277093,0.009643804704925974,0.01951885338890236
NON FIBROTIC ILA ADJUDICATED,combined,rs4672388_T_1,30,0.0600715397368771,0.005391305844375012,1.1179494170316011,0.0,0.5215372302766347,0.010452890370672938,0.14217113672574838,0.054377975502501306,1.1179494170316011
NON FIBROTIC ILA ADJUDICATED,combined,rs4672388_T_2,30,0.031674587651000015,0.0031495024175573726,0.5962824771486613,0.0,0.2120494077154067,0.007534983119704977,0.07702927962969465,0.03817976578646875,0.5962824771486613
NON FIBROTIC ILA ADJUDICATED,combined,rs1123573_A_0,30,0.019250290767460664,0.0029633929346243744,0.13975704053948032,0.0,0.1276997511230782,0.007315036026367321,0.03381039914958718,0.07401705946795328,0.13975704053948032
NON FIBROTIC ILA ADJUDICATED,combined,rs1123573_A_1,30,0.01460797771367914,0.0004834556532613984,0.13017112961935848,0.0,0.10743891693376387,0.004936415056866913,0.027943784656364084,0.043593328866933075,0.13017112961935848
NON FIBROTIC ILA ADJUDICATED,combined,rs1123573_A_2,30,0.014550643421182933,0.007851056174665945,0.12066713311135466,0.0,0.11028476785881994,0.006152439203837472,0.025289310540508574,0.01714246498538447,0.12066713311135466
NON FIBROTIC ILA ADJUDICATED,combined,rs17007563_C_0,30,2.5015803142881736e-05,0.0,0.0007372108421093129,0.0,0.00021234883940848595,0.0,7.460530102274057e-05,0.0,0.0007372108421093129
NON FIBROTIC ILA ADJUDICATED,combined,rs17007563_C_1,30,0.007225908388530838,0.001933834789705703,0.05509337748184683,0.0,0.03640378644227061,0.00355648736481524,0.011683196057114641,0.022480313766462385,0.05509337748184683
NON FIBROTIC ILA ADJUDICATED,combined,rs17007563_C_2,30,0.012495159645961032,0.0012582146980523459,0.23712036346279391,0.0,0.08453827069395024,0.002866464232829974,0.02878382593844973,0.020269899537965402,0.23712036346279391
NON FIBROTIC ILA ADJUDICATED,combined,rs12713927_G_0,30,0.011453019188643868,0.0,0.3067967451456151,0.0,0.09028015843788792,0.0007538519485722927,0.03218229881169509,0.004941922591022485,0.3067967451456151
NON FIBROTIC ILA ADJUDICATED,combined,rs12713927_G_1,30,0.01652297994849595,0.004468138514621434,0.10792758247907945,0.0,0.08815958460981212,0.0079847369872935,0.028014802894599115,0.04728110953481689,0.10792758247907945
NON FIBROTIC ILA ADJUDICATED,combined,rs12713927_G_2,30,0.0198276133604581,0.0032479619450733956,0.08923857011118345,0.0,0.08294375281313533,0.010306734032375597,0.0297217193883435,0.0728075569690948,0.08923857011118345
NON FIBROTIC ILA ADJUDICATED,combined,rs11680126_C_0,30,0.0029132636334420437,0.0,0.056641494895823194,0.0,0.027135955548976673,0.0003338341839932942,0.00708118230371905,0.0028798014438023707,0.056641494895823194
NON FIBROTIC ILA ADJUDICATED,combined,rs11680126_C_1,30,0.01911140463908284,0.0034088273816953573,0.22405625240291638,0.0,0.11583035019441489,0.0068277416806982105,0.03658345405134061,0.06699126746143567,0.22405625240291638
NON FIBROTIC ILA ADJUDICATED,combined,rs11680126_C_2,30,0.018558225758784224,0.003650497124016409,0.2608748617490217,0.0,0.14300225993868654,0.005773537205620038,0.03791557851486301,0.02491271423700953,0.2608748617490217
NON FIBROTIC ILA ADJUDICATED,combined,rs1669778_T_0,30,0.000294100931446686,0.0,0.005174400645819157,0.0,0.00338051732938361,0.0,0.0007611629051545956,0.0,0.005174400645819157
NON FIBROTIC ILA ADJUDICATED,combined,rs1669778_T_1,30,0.012393460544297465,0.0019092396110937321,0.1223302275078395,0.0,0.07493794950388709,0.004443820512707517,0.022573379014724126,0.04224493568278398,0.1223302275078395
NON FIBROTIC ILA ADJUDICATED,combined,rs1669778_T_2,30,0.0456983400166377,0.005370483482496277,0.3795635533081462,0.0,0.25949478708147533,0.019371739676166403,0.07575759411482075,0.12411353667495184,0.3795635533081462
NON FIBROTIC ILA ADJUDICATED,combined,rs1488496_C_0,30,0.0,0.0,0.0,0.0,0.0,0.0,0.0,0.0,0.0
NON FIBROTIC ILA ADJUDICATED,combined,rs1488496_C_1,30,0.003317855077402582,0.0005372046454643413,0.020690834116025673,0.0,0.016575400568754634,0.0016232261162554135,0.005234456026187633,0.009401162768365192,0.020690834116025673
NON FIBROTIC ILA ADJUDICATED,combined,rs1488496_C_2,30,0.02588884696954032,0.005895106530904606,0.14930183278058856,0.0,0.1265939275203567,0.012934738513753413,0.041974931761416666,0.08592105947921957,0.14930183278058856
NON FIBROTIC ILA ADJUDICATED,combined,rs56387623_T_0,30,0.003325016989013032,0.0,0.0858616454793851,0.0,0.03091386722813408,8.127799923881225e-05,0.009387226180430776,0.0006480893199201429,0.0858616454793851
NON FIBROTIC ILA ADJUDICATED,combined,rs56387623_T_1,30,0.023564525240557275,0.004421151520738183,0.1748424858109388,0.0,0.12367901553466906,0.011128608545248837,0.03971343469760183,0.08165689562122834,0.1748424858109388
NON FIBROTIC ILA ADJUDICATED,combined,rs56387623_T_2,30,0.028838364192294498,0.007369240986225081,0.40360632227716103,0.0,0.18881126291229547,0.009876364231937829,0.05909940353901184,0.05557962808819349,0.40360632227716103
NON FIBROTIC ILA ADJUDICATED,combined,rs2361278_T_0,30,0.007297895958467056,0.0008346771607198402,0.10607580649802567,0.0,0.05458161094241641,0.0021469539564431847,0.015088919231313499,0.017153446616639284,0.10607580649802567
NON FIBROTIC ILA ADJUDICATED,combined,rs2361278_T_1,30,0.0949203257738712,0.039880344237071,0.884314726001144,0.0,0.6931666510133885,0.03868983808056354,0.16820523655830538,0.14823303835932308,0.884314726001144
NON FIBROTIC ILA ADJUDICATED,combined,rs2361278_T_2,30,0.04213040000851618,0.004560586414033865,0.990147930488323,0.0,0.3112000924878476,0.005910587114194034,0.10791905452765273,0.025723316287427283,0.990147930488323
NON FIBROTIC ILA ADJUDICATED,combined,rs79252367_G_0,30,0.0,0.0,0.0,0.0,0.0,0.0,0.0,0.0,0.0
NON FIBROTIC ILA ADJUDICATED,combined,rs79252367_G_1,30,0.008805215612542657,0.0017610815726162767,0.08090429891214236,0.0,0.04494387598502926,0.004175633642026095,0.015231353170319956,0.02237666946440232,0.08090429891214236
NON FIBROTIC ILA ADJUDICATED,combined,rs79252367_G_2,30,0.007367505177168601,0.0032555441710945834,0.03927713685006798,0.0,0.03679133277662442,0.004138440990951111,0.011345296065413742,0.018279303708063677,0.03927713685006798
NON FIBROTIC ILA ADJUDICATED,combined,rs1479945_C_0,30,0.010484029248372068,0.0,0.11667028258943725,0.0,0.08289009995351757,0.0021398942583612814,0.020638343627232925,0.016536456162563547,0.11667028258943725
NON FIBROTIC ILA ADJUDICATED,combined,rs1479945_C_1,30,0.01648342367178202,0.0016328666415945361,0.257854406842762,0.0,0.11173505181521748,0.004678805714771123,0.03668651960905729,0.029769870364832543,0.257854406842762
NON FIBROTIC ILA ADJUDICATED,combined,rs1479945_C_2,30,0.01828387365815548,0.0034533748065605427,0.09170783259721137,0.0,0.08732930876427925,0.009808143544519693,0.0289171654536388,0.06307011189496434,0.09170783259721137
NON FIBROTIC ILA ADJUDICATED,combined,rs1015097_A_0,30,0.022291156164663442,0.004607370540186465,0.14462249862623358,0.0,0.11057510818075025,0.0108431344231778,0.03611244427449365,0.07904782628512116,0.14462249862623358
NON FIBROTIC ILA ADJUDICATED,combined,rs1015097_A_1,30,0.03701830167975159,0.0011210417815787712,0.7446297159481471,0.0,0.33672650103292273,0.00489892346132771,0.09494823083866268,0.0326339590058493,0.7446297159481471
NON FIBROTIC ILA ADJUDICATED,combined,rs1015097_A_2,30,0.020494276456445727,0.0030943217163560697,0.23954513526107107,0.0,0.16115703063369333,0.006972893077210439,0.03912293092399909,0.041123976600795115,0.23954513526107107
NON FIBROTIC ILA ADJUDICATED,combined,rs4680134_C_0,30,0.025076091973062917,0.002470216075265037,0.29730855014558083,0.0,0.20976192442963865,0.007555850480996218,0.04977381219375288,0.046676990151058896,0.29730855014558083
NON FIBROTIC ILA ADJUDICATED,combined,rs4680134_C_1,30,0.017158543639149555,0.003714295269172754,0.15894152580167986,0.0,0.10253945005445006,0.006593882585288174,0.031202180504673153,0.0688404341855211,0.15894152580167986
NON FIBROTIC ILA ADJUDICATED,combined,rs4680134_C_2,30,0.014575409007251612,0.0019101181454350233,0.11300329623921232,0.0,0.0788097882761804,0.00668026323471542,0.02474414067807015,0.05235932446117894,0.11300329623921232
NON FIBROTIC ILA ADJUDICATED,combined,rs76160568_A_0,30,0.0,0.0,0.0,0.0,0.0,0.0,0.0,0.0,0.0
NON FIBROTIC ILA ADJUDICATED,combined,rs76160568_A_1,30,1.300797779816521e-05,0.0,0.0003902393339449563,0.0,0.00010731581683486243,0.0,3.902393339449563e-05,0.0,0.0003902393339449563
NON FIBROTIC ILA ADJUDICATED,combined,rs76160568_A_2,30,0.018391128872292654,0.0,0.5059810583873866,0.0,0.1625340124742591,0.0,0.05302705142096058,0.0,0.5059810583873866
NON FIBROTIC ILA ADJUDICATED,combined,rs10776482_A_0,30,0.01350824050019712,0.0,0.22634709253158192,0.0,0.11065015758670044,0.0023556608016938366,0.030870770641206986,0.02581488636176485,0.22634709253158192
NON FIBROTIC ILA ADJUDICATED,combined,rs10776482_A_1,30,0.015155082781516761,0.0028921278885023884,0.12167454770072166,0.0,0.10339595163633836,0.006185658555385295,0.02792115349137467,0.02192684966949656,0.12167454770072166
NON FIBROTIC ILA ADJUDICATED,combined,rs10776482_A_2,30,0.02932583002700145,0.004613363682728652,0.14812243167876962,0.0,0.13989829113990168,0.014981094165965802,0.045595193973982776,0.09392195184450891,0.14812243167876962
NON FIBROTIC ILA ADJUDICATED,combined,rs56111559_G_0,30,0.0013305486776438971,0.0,0.020608714892803838,0.0,0.014973208591553263,0.00013999142322624006,0.0030982745253747375,0.0018918714107328642,0.020608714892803838
NON FIBROTIC ILA ADJUDICATED,combined,rs56111559_G_1,30,0.017848325986730633,0.0037782380116531326,0.13277258579609866,0.0,0.1057360339940985,0.008334039208962325,0.0303316261908398,0.046446364119203734,0.13277258579609866
NON FIBROTIC ILA ADJUDICATED,combined,rs56111559_G_2,30,0.03939018617059209,0.005825784907405943,0.3429126597762641,0.0,0.2351817651211956,0.015533003370368281,0.06904248427079097,0.1319942242759482,0.3429126597762641
NON FIBROTIC ILA ADJUDICATED,combined,rs146764446_A_0,30,0.0,0.0,0.0,0.0,0.0,0.0,0.0,0.0,0.0
NON FIBROTIC ILA ADJUDICATED,combined,rs146764446_A_1,30,0.0012327748015911026,0.0,0.014101365680344006,0.0,0.008441126486011244,0.00042033763976958785,0.002368328855442974,0.003595265623066157,0.014101365680344006
NON FIBROTIC ILA ADJUDICATED,combined,rs146764446_A_2,30,0.002015318958855877,0.0,0.03593280874571273,0.0,0.024009077685188198,7.523579228021487e-05,0.0051015662724735325,0.0012355187721149543,0.03593280874571273
NON FIBROTIC ILA ADJUDICATED,combined,rs2609255_T_0,30,0.0601457760734218,0.0,1.766610699373825,0.0,0.4999273155269212,0.0005465056955223155,0.17931116480643258,0.0033153022839420444,1.766610699373825
NON FIBROTIC ILA ADJUDICATED,combined,rs2609255_T_1,30,0.008295192938740177,0.0042873273495302195,0.04812611001326496,0.0,0.04142637770306965,0.004596668257020388,0.012679585124017075,0.019808568361274582,0.04812611001326496
NON FIBROTIC ILA ADJUDICATED,combined,rs2609255_T_2,30,0.011220204315225543,0.00046379900419200957,0.16840301566242694,0.0,0.07385708095738694,0.003133274498347419,0.024790920062689042,0.019284393938995822,0.16840301566242694
NON FIBROTIC ILA ADJUDICATED,combined,rs2609260_T_0,30,0.0014826640089551752,0.0,0.03128316524409573,0.0,0.011199520244622563,0.0002014115200892061,0.0036426150947786533,0.002464250469400819,0.03128316524409573
NON FIBROTIC ILA ADJUDICATED,combined,rs2609260_T_1,30,0.007052223953876379,0.0027504800388470432,0.08906625923878216,0.0,0.03748113617830424,0.002937976705651043,0.014525911255444758,0.011677121627532747,0.08906625923878216
NON FIBROTIC ILA ADJUDICATED,combined,rs2609260_T_2,30,0.006122217101575455,0.0004235354225191117,0.05485590609259898,0.0,0.048439450674643614,0.001362811853146707,0.011802066893041516,0.0135846191567639,0.05485590609259898
NON FIBROTIC ILA ADJUDICATED,combined,rs756345_G_0,30,0.0133118121595329,0.0034589682725010883,0.09310212677609186,0.0,0.08298806769684296,0.005511184010425223,0.02166697962054917,0.03225705717718681,0.09310212677609186
NON FIBROTIC ILA ADJUDICATED,combined,rs756345_G_1,30,0.035904394953864764,0.005462195564901424,0.3298131224701224,0.0,0.2613765300104436,0.014805220785587485,0.06307324129815714,0.0809994695154159,0.3298131224701224
NON FIBROTIC ILA ADJUDICATED,combined,rs756345_G_2,30,0.03443661578685052,0.01205264026069379,0.22455483648334743,0.0,0.14896482940681344,0.018610196798836638,0.05287545207345788,0.10207187527632854,0.22455483648334743
NON FIBROTIC ILA ADJUDICATED,combined,rs6532150_G_0,30,1.3630489774640078e-06,0.0,4.0891469323920234e-05,0.0,1.1245154064078006e-05,0.0,4.089146932392024e-06,0.0,4.0891469323920234e-05
NON FIBROTIC ILA ADJUDICATED,combined,rs6532150_G_1,30,0.014576672431746391,0.0012597067033143566,0.34144619591483155,0.0,0.10613144327324707,0.001984652462168053,0.037848859969835766,0.013249938927041367,0.34144619591483155
NON FIBROTIC ILA ADJUDICATED,combined,rs6532150_G_2,30,0.00682622493134605,0.0003793481905822418,0.08149386180333129,0.0,0.05152176184750883,0.001965903691399714,0.013449283345893062,0.015336628360597649,0.08149386180333129
NON FIBROTIC ILA ADJUDICATED,combined,rs144128391_T_0,30,0.0,0.0,0.0,0.0,0.0,0.0,0.0,0.0,0.0
NON FIBROTIC ILA ADJUDICATED,combined,rs144128391_T_1,30,0.002222231723094923,0.00013608517862459296,0.015122426479335569,0.0,0.011692786613676273,0.0010626233146194578,0.0035345663016470423,0.006802444803174186,0.015122426479335569
NON FIBROTIC ILA ADJUDICATED,combined,rs144128391_T_2,30,0.0026745067185351052,0.0,0.02748143362404408,0.0,0.01835366223424429,0.000983352331424715,0.004836387533918048,0.006249539805997972,0.02748143362404408
NON FIBROTIC ILA ADJUDICATED,combined,rs148877274_T_0,30,0.0,0.0,0.0,0.0,0.0,0.0,0.0,0.0,0.0
NON FIBROTIC ILA ADJUDICATED,combined,rs148877274_T_1,30,0.0005414160967873351,0.0,0.005689651072037036,0.0,0.004978170863371683,0.00014262666212612574,0.0010655826393005264,0.0016963684985005156,0.005689651072037036
NON FIBROTIC ILA ADJUDICATED,combined,rs148877274_T_2,30,0.001193115266256437,0.0,0.01653845680494477,0.0,0.011209377254757453,0.0001568397118189336,0.0027109459045085204,0.0038071638620123206,0.01653845680494477
NON FIBROTIC ILA ADJUDICATED,combined,rs145802912_A_0,30,0.0,0.0,0.0,0.0,0.0,0.0,0.0,0.0,0.0
NON FIBROTIC ILA ADJUDICATED,combined,rs145802912_A_1,30,0.0,0.0,0.0,0.0,0.0,0.0,0.0,0.0,0.0
NON FIBROTIC ILA ADJUDICATED,combined,rs145802912_A_2,30,0.0,0.0,0.0,0.0,0.0,0.0,0.0,0.0,0.0
NON FIBROTIC ILA ADJUDICATED,combined,rs151036604_T_0,30,0.0,0.0,0.0,0.0,0.0,0.0,0.0,0.0,0.0
NON FIBROTIC ILA ADJUDICATED,combined,rs151036604_T_1,30,0.007404828710963941,0.0001807608387515029,0.16489960912581636,0.0,0.05350321549543239,0.0012552399886818458,0.018894178371428847,0.007009144625952348,0.16489960912581636
NON FIBROTIC ILA ADJUDICATED,combined,rs151036604_T_2,30,0.0016419554044033878,0.0,0.040446545425175943,0.0,0.013920222719318242,0.00011654455241562782,0.004380703795761975,0.001238152438677633,0.040446545425175943
NON FIBROTIC ILA ADJUDICATED,combined,rs1422506_G_0,30,0.042843079290486696,0.009773927627602687,0.17823713946624606,0.0,0.14823209302059293,0.02378592292254522,0.06186020723085969,0.11355023192203606,0.17823713946624606
NON FIBROTIC ILA ADJUDICATED,combined,rs1422506_G_1,30,0.013109488712110056,0.004683354215059908,0.21169999809301057,0.0,0.08098453992269729,0.0041713967733301134,0.02767610615205325,0.015597800255380692,0.21169999809301057
NON FIBROTIC ILA ADJUDICATED,combined,rs1422506_G_2,30,0.02436918423146063,0.0080532007659053,0.15913820536823564,0.0,0.13257271026042367,0.012724315703011522,0.03935254277074801,0.06756452656425027,0.15913820536823564
NON FIBROTIC ILA ADJUDICATED,combined,rs34625679_T_0,30,0.0,0.0,0.0,0.0,0.0,0.0,0.0,0.0,0.0
NON FIBROTIC ILA ADJUDICATED,combined,rs34625679_T_1,30,0.012138433135924082,0.007958150655829322,0.05244550518153147,0.0,0.05006381005818114,0.007322651705000994,0.01785105411604368,0.025859196374385177,0.05244550518153147
NON FIBROTIC ILA ADJUDICATED,combined,rs34625679_T_2,30,0.0038062089236141497,0.0008240579066615583,0.03692178132356747,0.0,0.030152520758032115,0.0014644457593886147,0.007090222086044015,0.006701386362143728,0.03692178132356747
NON FIBROTIC ILA ADJUDICATED,combined,rs7730878_A_0,30,0.012081691770057124,0.00505191977051238,0.10940606755838263,0.0,0.06710449923996156,0.005723997190564062,0.02074912621064778,0.02476742055749973,0.10940606755838263
NON FIBROTIC ILA ADJUDICATED,combined,rs7730878_A_1,30,0.014233800407839638,0.002465733891618919,0.1347791179475232,0.0,0.08192624250318466,0.006225703884142545,0.024558303089468013,0.032965684491525614,0.1347791179475232
NON FIBROTIC ILA ADJUDICATED,combined,rs7730878_A_2,30,0.05153140507787539,0.012519663928465015,0.5156600764969969,0.0,0.29254065715634203,0.023389892031589428,0.09187200411871815,0.11685922030656357,0.5156600764969969
NON FIBROTIC ILA ADJUDICATED,combined,rs7725218_G_0,30,0.013976994584040055,0.005167618645892628,0.0713141123340593,0.0,0.0669230888973823,0.007246121884540155,0.0216374606520664,0.043437160002708336,0.0713141123340593
NON FIBROTIC ILA ADJUDICATED,combined,rs7725218_G_1,30,0.0244377652503963,0.007799225006412534,0.14537757070392648,0.0,0.13273532462062768,0.011991883390378415,0.03815487058263233,0.05886125811260856,0.14537757070392648
NON FIBROTIC ILA ADJUDICATED,combined,rs7725218_G_2,30,0.008614127216469168,0.0009262561763832815,0.0805994198270172,0.0,0.059488882249333644,0.003268507841475981,0.015234609221342942,0.019737532029434585,0.0805994198270172
NON FIBROTIC ILA ADJUDICATED,combined,rs2736100_A_0,30,0.008290094052822616,0.002523995292472,0.08713555344768321,0.0,0.053834978337561165,0.0033344027908255042,0.015332056081113158,0.015417846284133604,0.08713555344768321
NON FIBROTIC ILA ADJUDICATED,combined,rs2736100_A_1,30,0.008858744337313151,0.0027562953901389695,0.08845364405606546,0.0,0.07023955445263017,0.0035406436217066276,0.016628722235674857,0.01402523190371375,0.08845364405606546
NON FIBROTIC ILA ADJUDICATED,combined,rs2736100_A_2,30,0.0521325503945377,0.003208775410026184,1.154575179207942,0.0,0.4209760530574431,0.005914348612714563,0.1333125159434683,0.040971709831810865,1.154575179207942
NON FIBROTIC ILA ADJUDICATED,combined,rs72722911_G_0,30,0.002237337043911376,0.0,0.022903652933345064,0.0,0.015329521546189818,0.0006708740267777495,0.004376592478978946,0.008685605902608853,0.022903652933345064
NON FIBROTIC ILA ADJUDICATED,combined,rs72722911_G_1,30,0.023504846408547796,0.007817097123615216,0.09996053119524421,0.0,0.09673146347239399,0.012725221377861784,0.036435305773007826,0.07302147492421973,0.09996053119524421
NON FIBROTIC ILA ADJUDICATED,combined,rs72722911_G_2,30,0.02693672879725261,0.0023879809775844184,0.4830216266190493,0.0,0.20034135977411005,0.005633243861453784,0.06260164334691855,0.0320903144867006,0.4830216266190493
NON FIBROTIC ILA ADJUDICATED,combined,rs77144736_C_0,30,0.0,0.0,0.0,0.0,0.0,0.0,0.0,0.0,0.0
NON FIBROTIC ILA ADJUDICATED,combined,rs77144736_C_1,30,0.0008341893169055339,0.0,0.007957752107169128,0.0,0.005547394216920529,0.0002801431656156664,0.0015285793224409014,0.0028496896811040853,0.007957752107169128
NON FIBROTIC ILA ADJUDICATED,combined,rs77144736_C_2,30,0.0007978288128723477,0.0,0.019266017924815824,0.0,0.00716357381173401,4.8762446902297915e-05,0.002181090892878041,0.0006329109071566424,0.019266017924815824
NON FIBROTIC ILA ADJUDICATED,combined,rs62354543_A_0,30,2.1439703138658374e-05,0.0,0.00023504911109455313,0.0,0.000211620602256936,2.7285403447946508e-06,4.5352971451867634e-05,8.185621034383952e-05,0.00023504911109455313
NON FIBROTIC ILA ADJUDICATED,combined,rs62354543_A_1,30,0.01411781767832746,0.0003325780395418963,0.1778571285649337,0.0,0.08856024885090458,0.004791032076896328,0.027536501118361725,0.04228055235397316,0.1778571285649337
NON FIBROTIC ILA ADJUDICATED,combined,rs62354543_A_2,30,0.004627286425956645,0.0020047140749245565,0.027097662065271217,0.0,0.026926841442331692,0.0022797160755264993,0.0074549616215222915,0.015494774503010794,0.027097662065271217
NON FIBROTIC ILA ADJUDICATED,combined,rs72755986_C_0,30,0.0,0.0,0.0,0.0,0.0,0.0,0.0,0.0,0.0
NON FIBROTIC ILA ADJUDICATED,combined,rs72755986_C_1,30,0.0003921361569047066,0.0,0.00878592976206193,0.0,0.0034518331255960983,2.534787428029949e-05,0.0010502400232544821,0.0007128555606582872,0.00878592976206193
NON FIBROTIC ILA ADJUDICATED,combined,rs72755986_C_2,30,0.007262817640809647,0.0,0.17929763676705232,0.0,0.06714771093038635,0.00021489615413674678,0.02006779026048933,0.0015878480498255694,0.17929763676705232
NON FIBROTIC ILA ADJUDICATED,combined,rs72762052_C_0,30,0.0013585279793226028,0.0,0.0107208033213325,0.0,0.01040979889591484,0.0004538774824312973,0.0025943402367240155,0.004914470937363583,0.0107208033213325
NON FIBROTIC ILA ADJUDICATED,combined,rs72762052_C_1,30,0.013144127509711417,0.004402319702986939,0.1594686977893434,0.0,0.09246371568632267,0.004630752352875841,0.023876251917091064,0.018470482878851318,0.1594686977893434
NON FIBROTIC ILA ADJUDICATED,combined,rs72762052_C_2,30,0.029990084181052777,0.0006834536816294893,0.6160546785198464,0.0,0.2501305242038914,0.004199953932421061,0.0741027601404502,0.03308008936935644,0.6160546785198464
NON FIBROTIC ILA ADJUDICATED,combined,rs116575227_A_0,30,0.0,0.0,0.0,0.0,0.0,0.0,0.0,0.0,0.0
NON FIBROTIC ILA ADJUDICATED,combined,rs116575227_A_1,30,0.0016088895855360193,0.0002242292810561912,0.01209097315140018,0.0,0.00865245827295733,0.0007447762630221302,0.0026563184242201854,0.004825640142232577,0.01209097315140018
NON FIBROTIC ILA ADJUDICATED,combined,rs116575227_A_2,30,0.0008124908565321816,0.0,0.014298170215965605,0.0,0.006719212517163067,0.0001443347497485653,0.001875686710855579,0.0014221219142707704,0.014298170215965605
NON FIBROTIC ILA ADJUDICATED,combined,rs469942_C_0,30,0.012120471970018282,0.004976544268740991,0.10379718177825048,0.0,0.0728840859071023,0.005328172006677507,0.021007262785326167,0.026821797765245934,0.10379718177825048
NON FIBROTIC ILA ADJUDICATED,combined,rs469942_C_1,30,0.0476380892420656,0.017285432808381414,0.3079563843419977,0.0,0.2300083828295708,0.02425198187934098,0.07637583645462145,0.13242152672691587,0.3079563843419977
NON FIBROTIC ILA ADJUDICATED,combined,rs469942_C_2,30,0.06171432931174714,0.03304821344222465,0.3850588006068484,0.0,0.2650053116177331,0.03397925994274877,0.09504204552807942,0.16912405431330874,0.3850588006068484
NON FIBROTIC ILA ADJUDICATED,combined,rs2228972_G_0,30,0.0150743783850403,0.0,0.3054144356773691,0.0,0.1432354542422786,0.0016488321799034888,0.03804171179583391,0.012638529336915155,0.3054144356773691
NON FIBROTIC ILA ADJUDICATED,combined,rs2228972_G_1,30,0.011709077576691847,0.001559161783942419,0.08900006208227175,0.0,0.06106373701715873,0.005401976103948657,0.019138685043549063,0.03953902049880792,0.08900006208227175
NON FIBROTIC ILA ADJUDICATED,combined,rs2228972_G_2,30,0.039461764161973306,0.006930398215466134,0.22192252883736055,0.0,0.21772684306335566,0.017519051816841942,0.06399829185441577,0.159385952250544,0.22192252883736055
NON FIBROTIC ILA ADJUDICATED,combined,rs12658068_G_0,30,0.0009231093032339822,0.0,0.02531190336031703,0.0,0.0076502665484610025,1.8701170999174265e-05,0.0026401609228322836,0.00037905394800224015,0.02531190336031703
NON FIBROTIC ILA ADJUDICATED,combined,rs12658068_G_1,30,0.014231504297312418,0.004141096465610939,0.14460086980519288,0.0,0.07186327164946726,0.0064708184238400895,0.0256797874957784,0.03715654446569896,0.14460086980519288
NON FIBROTIC ILA ADJUDICATED,combined,rs12658068_G_2,30,0.012015077036908578,0.0029564787536819205,0.09054733562618976,0.0,0.08634420069215398,0.004718381489716025,0.02106548316468592,0.03734392531323532,0.09054733562618976
NON FIBROTIC ILA ADJUDICATED,combined,rs1423029_A_0,30,0.0336660215667777,0.008517981055545073,0.3813317137033603,0.0,0.1935160666186304,0.014494457270567886,0.061921105607514335,0.07148420193691056,0.3813317137033603
NON FIBROTIC ILA ADJUDICATED,combined,rs1423029_A_1,30,0.024830226379208023,0.0032987317337397947,0.20861593813641333,0.0,0.18066064428431544,0.009842749174500573,0.04265212098866769,0.08433826477623926,0.20861593813641333
NON FIBROTIC ILA ADJUDICATED,combined,rs1423029_A_2,30,0.013918530080622809,0.007199875898734237,0.08778191611450135,0.0,0.05419532229526931,0.008051480736115531,0.02085642734500337,0.03438175000087479,0.08778191611450135
NON FIBROTIC ILA ADJUDICATED,combined,rs13183751_G_0,30,0.02208815520351854,0.0,0.36941730191551786,0.0,0.19155682813707947,0.003968554442227939,0.04926653571693315,0.035844532559431014,0.36941730191551786
NON FIBROTIC ILA ADJUDICATED,combined,rs13183751_G_1,30,0.03765954818420806,0.00807531181773583,0.36681653299805395,0.0,0.24888355781051077,0.015611529305868198,0.06682041539676176,0.08703437683722655,0.36681653299805395
NON FIBROTIC ILA ADJUDICATED,combined,rs13183751_G_2,30,0.005802107998823442,0.0025308168584635125,0.03202575339842947,0.0,0.023875156156932874,0.003255851435158323,0.008566266169213469,0.016176550020900744,0.03202575339842947
NON FIBROTIC ILA ADJUDICATED,combined,rs6899532_G_0,30,0.0,0.0,0.0,0.0,0.0,0.0,0.0,0.0,0.0
NON FIBROTIC ILA ADJUDICATED,combined,rs6899532_G_1,30,0.012781320799495113,0.003253627351475906,0.1278020725450643,0.0,0.10145929594252315,0.004730885542446069,0.023821197927720524,0.024347450829233855,0.1278020725450643
NON FIBROTIC ILA ADJUDICATED,combined,rs6899532_G_2,30,0.015437678441859155,0.0007830672820197308,0.24848240861254184,0.0,0.10097408147772136,0.00407536893472088,0.03489394210366581,0.03349521922431294,0.24848240861254184
NON FIBROTIC ILA ADJUDICATED,combined,rs10484326_T_0,30,0.009868482948928432,0.0,0.19727767811660396,0.0,0.10520882173387316,0.0005750397052525399,0.024888907795688513,0.009400420385061734,0.19727767811660396
NON FIBROTIC ILA ADJUDICATED,combined,rs10484326_T_1,30,0.018601650232738902,0.006478326125992344,0.14673325389534472,0.0,0.10693476990497311,0.008998464637555072,0.031232845253126265,0.0429070711789792,0.14673325389534472
NON FIBROTIC ILA ADJUDICATED,combined,rs10484326_T_2,30,0.050493045103204647,0.016644343616103095,0.5729030017395678,0.0,0.28143702238578894,0.021073074156589752,0.09237722038853502,0.14885455853632085,0.5729030017395678
NON FIBROTIC ILA ADJUDICATED,combined,rs2076295_T_0,30,0.01841233375669749,0.0034664477333620795,0.17439549330948292,0.0,0.09068443671308904,0.008301509073624275,0.031732611737072224,0.05168956547127419,0.17439549330948292
NON FIBROTIC ILA ADJUDICATED,combined,rs2076295_T_1,30,0.022118851284040977,0.004954565054631789,0.15627566193271522,0.0,0.14190422224851715,0.009170601615555909,0.03935959130373794,0.05674340621417959,0.15627566193271522
NON FIBROTIC ILA ADJUDICATED,combined,rs2076295_T_2,30,0.01206041682879731,0.0037945607693082536,0.07191174057448686,0.0,0.062491124417617824,0.00593952839753795,0.019021600952516607,0.030142003762280045,0.07191174057448686
NON FIBROTIC ILA ADJUDICATED,combined,rs3778337_G_0,30,0.007103310883914189,0.0009170713667696186,0.052344837391055825,0.0,0.04753752264912521,0.0030216096825932803,0.012382596143867695,0.019982835806178226,0.052344837391055825
NON FIBROTIC ILA ADJUDICATED,combined,rs3778337_G_1,30,0.0293690388245758,0.007634970984867939,0.3331716572036324,0.0,0.17661888275615412,0.012690316067065471,0.05609943166215775,0.05342739119157724,0.3331716572036324
NON FIBROTIC ILA ADJUDICATED,combined,rs3778337_G_2,30,0.01897044158484367,0.0068782119742507196,0.16219622750745055,0.0,0.1294430234186077,0.008329765858184287,0.033161118921251016,0.035793293564314516,0.16219622750745055
NON FIBROTIC ILA ADJUDICATED,combined,rs4960330_T_0,30,0.022802260635530522,0.006827673133286014,0.1866278884346682,0.0,0.17201324797027015,0.009845251926372204,0.04092663455625972,0.04964880184630217,0.1866278884346682
NON FIBROTIC ILA ADJUDICATED,combined,rs4960330_T_1,30,0.03301570848245493,0.003860063235229893,0.44910303544287133,0.0,0.30885389714246,0.0079454176886026,0.06988476873130395,0.04789062301113277,0.44910303544287133
NON FIBROTIC ILA ADJUDICATED,combined,rs4960330_T_2,30,0.014188216744555223,0.003810507552591846,0.10452024797021953,0.0,0.09551736680804285,0.00546819610838481,0.024756025984878655,0.036897130971480015,0.10452024797021953
NON FIBROTIC ILA ADJUDICATED,combined,rs148106529_G_0,30,0.0,0.0,0.0,0.0,0.0,0.0,0.0,0.0,0.0
NON FIBROTIC ILA ADJUDICATED,combined,rs148106529_G_1,30,0.0012793211602069993,0.0,0.017203181728703013,0.0,0.014456854535921663,0.00020663974039728685,0.0029537241590601834,0.0014133148005289848,0.017203181728703013
NON FIBROTIC ILA ADJUDICATED,combined,rs148106529_G_2,30,0.0005581878522961509,0.0,0.006898385581109223,0.0,0.006584036399662356,6.769962716782544e-05,0.001206107761658447,0.0009744441081094878,0.006898385581109223
NON FIBROTIC ILA ADJUDICATED,combined,rs2071627_C_0,30,0.02072151910666642,0.0014842062183805281,0.22932554306779443,0.0,0.21654676974691567,0.0049700335107020445,0.04068558810364955,0.03438167766032234,0.22932554306779443
NON FIBROTIC ILA ADJUDICATED,combined,rs2071627_C_1,30,0.04168913020962551,0.01221177067688112,0.5881913504395907,0.0,0.2869774054142071,0.015337836061653329,0.08066818430097515,0.04923240252894809,0.5881913504395907
NON FIBROTIC ILA ADJUDICATED,combined,rs2071627_C_2,30,0.01710435275134516,0.00931032762126142,0.12256071248873095,0.0,0.0803290717671042,0.008364077626090247,0.026542408333964655,0.03217121879030441,0.12256071248873095
NON FIBROTIC ILA ADJUDICATED,combined,rs3130157_G_0,30,0.0013224847281742306,0.0,0.006570500323535788,0.0,0.006452648321802115,0.000628525527259249,0.002119774326737373,0.0052678393359267914,0.006570500323535788
NON FIBROTIC ILA ADJUDICATED,combined,rs3130157_G_1,30,0.016548319333011745,0.006098817603677066,0.07822263299665883,0.0,0.07298620469088267,0.009152453389697801,0.02458201432959615,0.042291415499756096,0.07822263299665883
NON FIBROTIC ILA ADJUDICATED,combined,rs3130157_G_2,30,0.024307543732788744,0.005974945808176053,0.16273790429415505,0.0,0.15256235803798504,0.009942556865938746,0.04182268346821598,0.05402592340274727,0.16273790429415505
NON FIBROTIC ILA ADJUDICATED,combined,rs56184452_G_0,30,0.0,0.0,0.0,0.0,0.0,0.0,0.0,0.0,0.0
NON FIBROTIC ILA ADJUDICATED,combined,rs56184452_G_1,30,0.007150421260566299,0.0018789261874031038,0.09589547277323415,0.0,0.050753155860823504,0.0023835420031847535,0.0146701450557586,0.013752310687049832,0.09589547277323415
NON FIBROTIC ILA ADJUDICATED,combined,rs56184452_G_2,30,0.022563734005207257,0.003406715202186956,0.43601004224748957,0.0,0.14973053793560803,0.005362807123196027,0.05336170301760187,0.025875738208253216,0.43601004224748957
NON FIBROTIC ILA ADJUDICATED,combined,rs75714781_G_0,30,0.0,0.0,0.0,0.0,0.0,0.0,0.0,0.0,0.0
NON FIBROTIC ILA ADJUDICATED,combined,rs75714781_G_1,30,0.010580777612717378,0.0016624611221835294,0.10743178785656926,0.0,0.0660608709390666,0.0036684659426139783,0.019876815483555525,0.03703995799506418,0.10743178785656926
NON FIBROTIC ILA ADJUDICATED,combined,rs75714781_G_2,30,0.003124577649377387,0.0006813412712279644,0.01788157102909654,0.0,0.01614644440562037,0.0014795678253167908,0.004988947758139586,0.008995159719144642,0.01788157102909654
NON FIBROTIC ILA ADJUDICATED,combined,rs11154034_T_0,30,0.012815448840347462,0.0052438197948558515,0.14329357959965555,0.0,0.07110060911349768,0.005565067883476297,0.023029301211408833,0.02835142885255778,0.14329357959965555
NON FIBROTIC ILA ADJUDICATED,combined,rs11154034_T_1,30,0.012435236102061846,0.002693860817226657,0.06435311103959122,0.0,0.059595614476907484,0.006371322845892711,0.019489780400117524,0.040375613909795355,0.06435311103959122
NON FIBROTIC ILA ADJUDICATED,combined,rs11154034_T_2,30,0.021761038655747193,0.002726751451275741,0.24901490781077087,0.0,0.15693149479021706,0.007523664189194231,0.04064226924411189,0.04468495076285954,0.24901490781077087
NON FIBROTIC ILA ADJUDICATED,combined,rs76931164_T_0,30,0.0,0.0,0.0,0.0,0.0,0.0,0.0,0.0,0.0
NON FIBROTIC ILA ADJUDICATED,combined,rs76931164_T_1,30,0.00043524597293438763,0.0,0.0031959437661494916,0.0,0.002614431770666677,0.00016013283348297153,0.0007709570967938048,0.0015945794560268919,0.0031959437661494916
NON FIBROTIC ILA ADJUDICATED,combined,rs76931164_T_2,30,0.00076294648427363,0.0,0.018833795862223814,0.0,0.0067546539118868215,2.8101937585334607e-05,0.0021224755960524045,0.0008430581275600382,0.018833795862223814
NON FIBROTIC ILA ADJUDICATED,combined,rs79242376_G_0,30,9.329080045871274e-05,0.0,0.0021183309076353543,0.0,0.0008727919463431936,0.0,0.0002532829084474803,0.0,0.0021183309076353543
NON FIBROTIC ILA ADJUDICATED,combined,rs79242376_G_1,30,0.01863797368211704,0.006453399259585254,0.13839493363014232,0.0,0.10147165588169925,0.00911425873771084,0.03008155214867363,0.05991152074143193,0.13839493363014232
NON FIBROTIC ILA ADJUDICATED,combined,rs79242376_G_2,30,0.02222792587255997,0.006719541919797855,0.09245654920120987,0.0,0.08729274932973044,0.012608743229841535,0.033246275540615204,0.060932692331639796,0.09245654920120987
NON FIBROTIC ILA ADJUDICATED,combined,rs9397724_G_0,30,0.0023812999344929985,0.0,0.024696355430065237,0.0,0.018440077272837765,0.0005379143370482387,0.004808208132672773,0.013035303710364288,0.024696355430065237
NON FIBROTIC ILA ADJUDICATED,combined,rs9397724_G_1,30,0.01500497654492804,0.004026322434544212,0.08751120454395703,0.0,0.07641755737494507,0.0074884451754657555,0.023063581823993054,0.04516541561855868,0.08751120454395703
NON FIBROTIC ILA ADJUDICATED,combined,rs9397724_G_2,30,0.007897321667836774,0.0018711489381358104,0.056474355132013015,0.0,0.042498482831125145,0.003551700685766255,0.013007038846851376,0.03680668444772256,0.056474355132013015
NON FIBROTIC ILA ADJUDICATED,combined,rs35677769_G_0,30,0.0014365870997229719,0.0,0.01923398366129158,0.0,0.013117320710722462,0.00011552334689372516,0.0032711689894039915,0.003069330670375526,0.01923398366129158
NON FIBROTIC ILA ADJUDICATED,combined,rs35677769_G_1,30,0.008119113860003276,0.00013362084200589327,0.07619129876524933,0.0,0.055111833698237904,0.002996476186858339,0.014650989590175538,0.018167378108325014,0.07619129876524933
NON FIBROTIC ILA ADJUDICATED,combined,rs35677769_G_2,30,0.010793099341180173,0.003748866649711402,0.06546327642263156,0.0,0.045900225272532874,0.0058173215629671315,0.016737640376619737,0.03203676343780226,0.06546327642263156
NON FIBROTIC ILA ADJUDICATED,combined,rs12665063_A_0,30,5.7498211195781996e-06,0.0,9.848926923027391e-05,0.0,8.073843819720255e-05,0.0,1.478261788016553e-05,0.0,9.848926923027391e-05
NON FIBROTIC ILA ADJUDICATED,combined,rs12665063_A_1,30,0.047336793602470964,0.0020109860773015304,0.7880336849006842,0.0,0.5203227990012901,0.006053170533322653,0.11252624287306505,0.034540234066234805,0.7880336849006842
NON FIBROTIC ILA ADJUDICATED,combined,rs12665063_A_2,30,0.023556724606898467,0.0022069127667873143,0.22001130939211744,0.0,0.1306771657173471,0.009588659082581575,0.04037145347321435,0.07013043736235171,0.22001130939211744
NON FIBROTIC ILA ADJUDICATED,combined,rs6970647_T_0,30,0.11666331866149042,0.008261817907812045,2.6595414743053754,0.0,0.8528598132839782,0.01808900087557352,0.3014505493097108,0.08916118230250547,2.6595414743053754
NON FIBROTIC ILA ADJUDICATED,combined,rs6970647_T_1,30,0.03525813011366254,0.0075153568356672714,0.22617844893537611,0.0,0.20217005858891995,0.014826001009112867,0.05868366959225955,0.11516357425467837,0.22617844893537611
NON FIBROTIC ILA ADJUDICATED,combined,rs6970647_T_2,30,0.03673910782745908,0.007092354904245021,0.746029702024327,0.0,0.24194815192525781,0.008439298325686373,0.08954967718043286,0.037975585826534396,0.746029702024327
NON FIBROTIC ILA ADJUDICATED,combined,rs2726049_A_0,30,0.011118033255123354,0.0029883109692342563,0.1436914022749915,0.0,0.08630869538531344,0.00364244689542373,0.022149424045748156,0.013974733263569045,0.1436914022749915
NON FIBROTIC ILA ADJUDICATED,combined,rs2726049_A_1,30,0.016877695963638657,0.004501108469836885,0.1233188260214126,0.0,0.10760862398770228,0.007550302470632593,0.02798816839845495,0.055823230211575155,0.1233188260214126
NON FIBROTIC ILA ADJUDICATED,combined,rs2726049_A_2,30,0.03645954087385424,0.007661669990064393,0.5202441490321094,0.0,0.20212999669952678,0.012773011300997124,0.07614662694930498,0.07344117374752916,0.5202441490321094
NON FIBROTIC ILA ADJUDICATED,combined,rs34262641_A_0,30,0.0,0.0,0.0,0.0,0.0,0.0,0.0,0.0,0.0
NON FIBROTIC ILA ADJUDICATED,combined,rs34262641_A_1,30,0.0011015542545708102,0.0,0.009119757266750012,0.0,0.009075203708084392,0.0003125546410576176,0.0020559714351937285,0.0027886106803858175,0.009119757266750012
NON FIBROTIC ILA ADJUDICATED,combined,rs34262641_A_2,30,0.00030241437739798085,0.0,0.004403507649313913,0.0,0.002689715862925001,4.5627555601319755e-05,0.0006785025053387734,0.00104304526677761,0.004403507649313913
NON FIBROTIC ILA ADJUDICATED,combined,rs2353082_C_0,30,0.0066441318767168096,9.767106336704811e-05,0.05245247969299143,0.0,0.04512717641956863,0.0025402663554617653,0.011234284409309153,0.021144757912399663,0.05245247969299143
NON FIBROTIC ILA ADJUDICATED,combined,rs2353082_C_1,30,0.01990197087494988,0.007426877240526929,0.1404631080462638,0.0,0.09065916643461266,0.010168394662665193,0.03197197358025469,0.058312863092372234,0.1404631080462638
NON FIBROTIC ILA ADJUDICATED,combined,rs2353082_C_2,30,0.020307011025341937,0.005020675729840711,0.301066903321923,0.0,0.14980901176474132,0.006093424284547502,0.042294608815594076,0.04534058032284458,0.301066903321923
NON FIBROTIC ILA ADJUDICATED,combined,rs4727443_C_0,30,0.040256599969687216,0.006574539777060824,0.7586109359678694,0.0,0.2855168493636756,0.00972910638970784,0.09248806549287825,0.044707658849056524,0.7586109359678694
NON FIBROTIC ILA ADJUDICATED,combined,rs4727443_C_1,30,0.0146392282092864,0.005030334716956451,0.07275318888556354,0.0,0.057175689046491965,0.008496618402985994,0.02140764079592932,0.03893618667173291,0.07275318888556354
NON FIBROTIC ILA ADJUDICATED,combined,rs4727443_C_2,30,0.033731859346272895,0.02184016565282467,0.3327021175732718,0.0,0.1340162983235699,0.017476066203049888,0.05770994773770843,0.05220759794300136,0.3327021175732718
NON FIBROTIC ILA ADJUDICATED,combined,rs62505367_T_0,30,0.0117261376556598,0.006048950562176823,0.052917911608301046,0.0,0.05082884290244797,0.006848537355919483,0.017874279203133125,0.035960013491923425,0.052917911608301046
NON FIBROTIC ILA ADJUDICATED,combined,rs62505367_T_1,30,0.012979100422398304,0.002026847344841831,0.11457172085661883,0.0,0.08511082787367226,0.004973119764764695,0.02332046122825847,0.04756039108651282,0.11457172085661883
NON FIBROTIC ILA ADJUDICATED,combined,rs62505367_T_2,30,0.021831602289540834,0.009492533791367087,0.09052589199779626,0.0,0.09002415738286508,0.012081471732251409,0.03222300653513942,0.07121691843182706,0.09052589199779626
NON FIBROTIC ILA ADJUDICATED,combined,rs3887876_C_0,30,0.0009795369632073175,0.0,0.027981809523976917,0.0,0.008210887531517335,1.3639862834736467e-05,0.0028781610477124626,0.000283531194202279,0.027981809523976917
NON FIBROTIC ILA ADJUDICATED,combined,rs3887876_C_1,30,0.02180721944848279,0.0060979121108412975,0.0862984952453817,0.0,0.0817514488205231,0.012425052397224952,0.032003175198268334,0.056141077742154454,0.0862984952453817
NON FIBROTIC ILA ADJUDICATED,combined,rs3887876_C_2,30,0.013725396556166884,0.0,0.1584653798461651,0.0,0.09056432692014586,0.004414064652993927,0.026779816676478652,0.039674753124466285,0.1584653798461651
NON FIBROTIC ILA ADJUDICATED,combined,rs68170294_G_0,30,0.01065260881688901,0.0,0.22765839299684304,0.0,0.09242954300279138,0.0011823762135363478,0.03223758324434364,0.008870036419932167,0.22765839299684304
NON FIBROTIC ILA ADJUDICATED,combined,rs68170294_G_1,30,0.03329731685377176,0.006483694641930585,0.31551439731576303,0.0,0.2310867046061521,0.010917595885812328,0.06102955899157002,0.0581276845320176,0.31551439731576303
NON FIBROTIC ILA ADJUDICATED,combined,rs68170294_G_2,30,0.013117374471398163,0.0013810618208201712,0.09331308715003679,0.0,0.08025023460075002,0.005734343672412062,0.022228573114802502,0.03780445880493164,0.09331308715003679
NON FIBROTIC ILA ADJUDICATED,combined,rs74987898_C_0,30,0.0,0.0,0.0,0.0,0.0,0.0,0.0,0.0,0.0
NON FIBROTIC ILA ADJUDICATED,combined,rs74987898_C_1,30,0.00791044653710581,0.0,0.07255401291051884,0.0,0.05017957488573825,0.0029575662204198573,0.013993352570840735,0.02974324979645383,0.07255401291051884
NON FIBROTIC ILA ADJUDICATED,combined,rs74987898_C_2,30,0.04932063780612293,0.022369173614049213,0.5506445096763337,0.0,0.2826880146720461,0.021976930474235122,0.09244272516046907,0.07078060185181044,0.5506445096763337
NON FIBROTIC ILA ADJUDICATED,combined,rs10976897_G_0,30,0.0,0.0,0.0,0.0,0.0,0.0,0.0,0.0,0.0
NON FIBROTIC ILA ADJUDICATED,combined,rs10976897_G_1,30,0.0018960291256800558,0.0,0.044537804820174845,0.0,0.01768547712811806,4.270751923914288e-05,0.005137335579155005,0.0006363290394675779,0.044537804820174845
NON FIBROTIC ILA ADJUDICATED,combined,rs10976897_G_2,30,0.01809442329148587,0.0,0.5379217433018318,0.0,0.14977610098010205,0.0,0.05404082096319875,0.0,0.5379217433018318
NON FIBROTIC ILA ADJUDICATED,combined,rs62530710_G_0,30,6.858448493613921e-05,0.0,0.0014463184398155592,0.0,0.0008253427960761986,0.0,0.00018395186468288198,0.0,0.0014463184398155592
NON FIBROTIC ILA ADJUDICATED,combined,rs62530710_G_1,30,0.009145113590479592,0.004479922682747779,0.05734529994691479,0.0,0.04516022956456878,0.004808969299747805,0.014443368495505631,0.020951215207639082,0.05734529994691479
NON FIBROTIC ILA ADJUDICATED,combined,rs62530710_G_2,30,0.008806787527892638,0.0025821294275667206,0.08645138352571291,0.0,0.05096291904724091,0.003809466625806159,0.0164331026638036,0.023769141717518757,0.08645138352571291
NON FIBROTIC ILA ADJUDICATED,combined,rs10869195_A_0,30,0.0003035410623874849,0.0,0.009043196045399817,0.0,0.0025111511747300886,0.0,0.0009085252614037881,0.0,0.009043196045399817
NON FIBROTIC ILA ADJUDICATED,combined,rs10869195_A_1,30,0.007122898500391081,0.004483354723109869,0.0559963286533776,0.0,0.029739987385440494,0.004186536839445589,0.011438510055699447,0.013842950953754487,0.0559963286533776
NON FIBROTIC ILA ADJUDICATED,combined,rs10869195_A_2,30,0.005102512693490877,0.0005494321826321033,0.04923278474112696,0.0,0.0434550127099892,0.0014219900491474456,0.009595462743570982,0.011703489587651335,0.04923278474112696
NON FIBROTIC ILA ADJUDICATED,combined,rs56744128_A_0,30,0.011474294159398619,0.005575485297241027,0.06977604913351118,0.0,0.05406357923405288,0.006041696641882923,0.018374885998156544,0.034771961839928645,0.06977604913351118
NON FIBROTIC ILA ADJUDICATED,combined,rs56744128_A_1,30,0.0443571742734161,0.0074018231906462055,0.6531700620147848,0.0,0.3197165863668593,0.014397976046403539,0.09272760790653409,0.0857775198975546,0.6531700620147848
NON FIBROTIC ILA ADJUDICATED,combined,rs56744128_A_2,30,0.016985637142873686,0.005465710508333937,0.1345023801738237,0.0,0.09631379006849554,0.008037882648848832,0.02803188820544815,0.045683659264817475,0.1345023801738237
NON FIBROTIC ILA ADJUDICATED,combined,rs1923802_T_0,30,0.0,0.0,0.0,0.0,0.0,0.0,0.0,0.0,0.0
NON FIBROTIC ILA ADJUDICATED,combined,rs1923802_T_1,30,0.009640273891539035,0.0025930185867019794,0.0775754390365965,0.0,0.050123291425817104,0.0046056825889489224,0.016063127067493996,0.031771614921230464,0.0775754390365965
NON FIBROTIC ILA ADJUDICATED,combined,rs1923802_T_2,30,0.0024868906904079364,0.0,0.018289082363906563,0.0,0.01667582100892223,0.0008535666105024557,0.004617093089503424,0.011420259327478291,0.018289082363906563
NON FIBROTIC ILA ADJUDICATED,combined,rs1851741_G_0,30,0.0408420179633817,0.0056066911439933125,0.5638723027216261,0.0,0.3035349901907013,0.012682911996667028,0.08182738664975965,0.052825992643935275,0.5638723027216261
NON FIBROTIC ILA ADJUDICATED,combined,rs1851741_G_1,30,0.05347635882241999,0.001636036629259657,1.1101299296915261,0.0,0.46839213255401846,0.006409348308868186,0.13300690675334154,0.036746562402427865,1.1101299296915261
NON FIBROTIC ILA ADJUDICATED,combined,rs1851741_G_2,30,0.20122421907707183,0.02401238293089792,3.60932627690082,0.0,1.5309991532927847,0.043909193013582315,0.4592023636268784,0.17728781944417613,3.60932627690082
NON FIBROTIC ILA ADJUDICATED,combined,rs7041597_T_0,30,0.00540706799795842,0.0019172853973223856,0.03768244843040495,0.0,0.029193452029340906,0.0025923671637151373,0.008889235218359859,0.017083922468077804,0.03768244843040495
NON FIBROTIC ILA ADJUDICATED,combined,rs7041597_T_1,30,0.02583866144010977,0.010637373019110944,0.22625326167620385,0.0,0.1787716529341541,0.011124763045059376,0.044271449346788755,0.03960288669909425,0.22625326167620385
NON FIBROTIC ILA ADJUDICATED,combined,rs7041597_T_2,30,0.023853032932610173,0.005688599404138276,0.11452709451825237,0.0,0.10387393655572866,0.013729912387384654,0.03738994893032169,0.06634353299012788,0.11452709451825237
NON FIBROTIC ILA ADJUDICATED,combined,rs13299670_C_0,30,0.0,0.0,0.0,0.0,0.0,0.0,0.0,0.0,0.0
NON FIBROTIC ILA ADJUDICATED,combined,rs13299670_C_1,30,0.0024804664419731184,0.0,0.027665720177884164,0.0,0.024007364095148812,0.0005445152301465607,0.004945327237571468,0.006005736099709499,0.027665720177884164
NON FIBROTIC ILA ADJUDICATED,combined,rs13299670_C_2,30,0.0010238741728759672,0.0,0.02206841860974618,0.0,0.008993880763782672,9.249043553298609e-05,0.002793991062443054,0.0013143844244658544,0.02206841860974618
NON FIBROTIC ILA ADJUDICATED,combined,rs61829240_G_0,30,0.0,0.0,0.0,0.0,0.0,0.0,0.0,0.0,0.0
NON FIBROTIC ILA ADJUDICATED,combined,rs61829240_G_1,30,0.0009269871958021178,0.0,0.006082066457090641,0.0,0.005608994496151229,0.00032447673294335794,0.0015931775574375177,0.004312570159711278,0.006082066457090641
NON FIBROTIC ILA ADJUDICATED,combined,rs61829240_G_2,30,0.0012049458188181173,0.0,0.01588886106488461,0.0,0.012593631525856588,0.00014326536193098662,0.00264034426843982,0.0021528410300439976,0.01588886106488461
NON FIBROTIC ILA ADJUDICATED,combined,rs1189320_G_0,30,0.009989758998056797,0.0024951462176190783,0.11476443921358258,0.0,0.061070273964862185,0.003979310013351289,0.0189051073069112,0.021999025336998396,0.11476443921358258
NON FIBROTIC ILA ADJUDICATED,combined,rs1189320_G_1,30,0.04026901463553793,0.010065085407815151,0.2875710029365407,0.0,0.22801152387539994,0.018843259654650554,0.06706881373641116,0.10201711664001309,0.2875710029365407
NON FIBROTIC ILA ADJUDICATED,combined,rs1189320_G_2,30,0.01987968086030178,0.007668331817484952,0.10121203116271625,0.0,0.09898679817214968,0.0108910556243701,0.03126095639653889,0.050116003513580566,0.10121203116271625
NON FIBROTIC ILA ADJUDICATED,combined,rs55672765_C_0,30,0.01226249444897683,0.00280438847512017,0.0827835904921693,0.0,0.06008266975547083,0.005780193878501658,0.02040065514299431,0.04292867413222689,0.0827835904921693
NON FIBROTIC ILA ADJUDICATED,combined,rs55672765_C_1,30,0.05422597007397912,0.013224746709427037,0.49938440111573096,0.0,0.4270594351103173,0.02062646711949073,0.09904949783454295,0.1253962572983245,0.49938440111573096
NON FIBROTIC ILA ADJUDICATED,combined,rs55672765_C_2,30,0.008440981731117755,0.0006777444609416324,0.053724334617700514,0.0,0.04450909531637358,0.00459927075363165,0.013548017048820268,0.019343667270994083,0.053724334617700514
NON FIBROTIC ILA ADJUDICATED,combined,rs34547036_C_0,30,0.0,0.0,0.0,0.0,0.0,0.0,0.0,0.0,0.0
NON FIBROTIC ILA ADJUDICATED,combined,rs34547036_C_1,30,0.010684321841023442,0.00040365749854052557,0.09372493878235832,0.0,0.08549311936391882,0.003918703647020679,0.019541334630442636,0.025172512235051077,0.09372493878235832
NON FIBROTIC ILA ADJUDICATED,combined,rs34547036_C_2,30,0.0422216486314008,0.0023922750725524603,0.6244505666957727,0.0,0.2511474509981411,0.014077516070420236,0.08896573554102434,0.10773422261718328,0.6244505666957727
NON FIBROTIC ILA ADJUDICATED,combined,rs10748858_T_0,30,0.009586809534901295,0.00016584284893110548,0.094794390498473,0.0,0.07075488032993708,0.002681510082325259,0.018177886281029437,0.021453294785947673,0.094794390498473
NON FIBROTIC ILA ADJUDICATED,combined,rs10748858_T_1,30,0.014160098450438259,0.0032919991627782625,0.19193922212695236,0.0,0.10221952707681274,0.004496919608233905,0.0284144090111387,0.02347604839452442,0.19193922212695236
NON FIBROTIC ILA ADJUDICATED,combined,rs10748858_T_2,30,0.016751265381455306,0.0034025175968475903,0.1053077160163218,0.0,0.10209718840499407,0.0074454781465812594,0.027869306350455494,0.047326392960202496,0.1053077160163218
NON FIBROTIC ILA ADJUDICATED,combined,rs2067832_G_0,30,0.012978615804347293,0.0023291677558474272,0.13195986083090877,0.0,0.06768675184566277,0.005427978274125146,0.0238775656259025,0.03734201977612777,0.13195986083090877
NON FIBROTIC ILA ADJUDICATED,combined,rs2067832_G_1,30,0.003775128280621343,9.471548158934131e-05,0.03869056212906355,0.0,0.022314212196155248,0.0014518890268813785,0.006873593426403987,0.01177926611810689,0.03869056212906355
NON FIBROTIC ILA ADJUDICATED,combined,rs2067832_G_2,30,0.006401252070319299,0.0002149545908362204,0.0497201932912293,0.0,0.04869940619920456,0.002585771524677838,0.01090692056829002,0.013574253776711905,0.0497201932912293
NON FIBROTIC ILA ADJUDICATED,combined,rs11191865_G_0,30,0.002867983466814214,0.0,0.026521177689834745,0.0,0.019918709420407094,0.0009804738160795066,0.0054187487761006205,0.009478373508923221,0.026521177689834745
NON FIBROTIC ILA ADJUDICATED,combined,rs11191865_G_1,30,0.00869102482986351,0.0006330455173701223,0.08570576000810501,0.0,0.047028039956111586,0.0032039491886024676,0.015424608663737545,0.02874056124214813,0.08570576000810501
NON FIBROTIC ILA ADJUDICATED,combined,rs11191865_G_2,30,0.006265863486272991,0.0012538005588077841,0.02672038817815042,0.0,0.026707147431665513,0.0034468174549262126,0.009426468552721126,0.0212024416620285,0.02672038817815042
NON FIBROTIC ILA ADJUDICATED,combined,rs4918072_G_0,30,0.007717351819240023,0.0005522861292644534,0.12123053879200205,0.0,0.05081307427406322,0.0020453086462647457,0.0168535731322097,0.020193053653551705,0.12123053879200205
NON FIBROTIC ILA ADJUDICATED,combined,rs4918072_G_1,30,0.021725640874414268,0.008686754098794049,0.18187051313473285,0.0,0.124100127638854,0.010413049639583376,0.03742083070597067,0.05008546998051283,0.18187051313473285
NON FIBROTIC ILA ADJUDICATED,combined,rs4918072_G_2,30,0.012246771651661681,0.0020965402962456756,0.14686189079942052,0.0,0.07194926644148485,0.004274494742780495,0.02365170326658174,0.02651051780876824,0.14686189079942052
NON FIBROTIC ILA ADJUDICATED,combined,rs10886437_C_0,30,0.0024317974065256823,0.0,0.021753913903563817,0.0,0.014949004369139948,0.0008819518876468143,0.004237620512295605,0.008577561350838408,0.021753913903563817
NON FIBROTIC ILA ADJUDICATED,combined,rs10886437_C_1,30,0.014179139899863113,0.0048293650825438,0.11259223086480344,0.0,0.10190250454005752,0.006120943306911772,0.02485016638181965,0.032875152267800176,0.11259223086480344
NON FIBROTIC ILA ADJUDICATED,combined,rs10886437_C_2,30,0.016858944814325857,0.0027028802804588362,0.14745991961595073,0.0,0.10982149099513236,0.006861411389234297,0.029539035383990556,0.04657587416242347,0.14745991961595073
NON FIBROTIC ILA ADJUDICATED,combined,rs616768_G_0,30,0.011523163582563476,0.006950497113006893,0.06160754972565108,0.0,0.04436510693366996,0.007056662398326862,0.01714642925746136,0.03543591023432669,0.06160754972565108
NON FIBROTIC ILA ADJUDICATED,combined,rs616768_G_1,30,0.013125423201474832,0.0031397141187394064,0.10690421694537244,0.0,0.06625782268823265,0.005929601015966356,0.022163862989688064,0.03005257934092159,0.10690421694537244
NON FIBROTIC ILA ADJUDICATED,combined,rs616768_G_2,30,0.030504136376585337,0.018133558364064543,0.17240928396698774,0.0,0.13171989281357185,0.018598775732730707,0.04505367243470827,0.07191523716312914,0.17240928396698774
NON FIBROTIC ILA ADJUDICATED,combined,rs7942850_T_0,30,0.008485797286373109,0.000653981011639524,0.05909384394790483,0.0,0.041517809704955264,0.004059426589734522,0.013629847059997145,0.030628948571763605,0.05909384394790483
NON FIBROTIC ILA ADJUDICATED,combined,rs7942850_T_1,30,0.02518265131814288,0.00612721423822617,0.24747937868048808,0.0,0.173351700561349,0.009840739266455116,0.04509550529778394,0.06663233435791387,0.24747937868048808
NON FIBROTIC ILA ADJUDICATED,combined,rs7942850_T_2,30,0.011227619339732155,0.0031052433303575344,0.09315180274650911,0.0,0.06015735960443458,0.005055445471104991,0.01848681917181518,0.03006423365832007,0.09315180274650911
NON FIBROTIC ILA ADJUDICATED,combined,rs7934606_C_0,30,0.06700251763868117,0.004036295543206547,1.7201020646062521,0.0,0.5104242538525836,0.006529284840370096,0.18313060838233466,0.04175788243596865,1.7201020646062521
NON FIBROTIC ILA ADJUDICATED,combined,rs7934606_C_1,30,0.03632858448368079,0.007785395149391234,0.8011436501455718,0.0,0.2800795959475887,0.006132577935370294,0.09255264676800777,0.01990169272738888,0.8011436501455718
NON FIBROTIC ILA ADJUDICATED,combined,rs7934606_C_2,30,0.08485668292705077,0.0038940559143451382,2.24467999452747,0.0,0.6724995646968914,0.006331602514229588,0.2379271786988796,0.032887289211486724,2.24467999452747
NON FIBROTIC ILA ADJUDICATED,combined,rs4077759_T_0,30,0.012992299090830403,0.0018606162662617581,0.16868733049212264,0.0,0.09233871941789051,0.0040395318192361414,0.027112666994077876,0.02532576376145868,0.16868733049212264
NON FIBROTIC ILA ADJUDICATED,combined,rs4077759_T_1,30,0.039201637046383846,0.009563514238048493,0.35793888780291083,0.0,0.3157273679430668,0.013620840827927146,0.07362360262810776,0.09805389702307701,0.35793888780291083
NON FIBROTIC ILA ADJUDICATED,combined,rs4077759_T_2,30,0.022307369053674517,0.005194264446306097,0.23086380245785332,0.0,0.16346008464985756,0.00778880777659282,0.041771971837515326,0.06521067929151789,0.23086380245785332
NON FIBROTIC ILA ADJUDICATED,combined,rs7952154_C_0,30,0.0021213302985403997,0.0,0.036389809703329355,0.0,0.020010168881349086,0.00028935296771037287,0.0048089048766554844,0.002861436577896685,0.036389809703329355
NON FIBROTIC ILA ADJUDICATED,combined,rs7952154_C_1,30,0.04778858864167491,0.0030867591830785602,0.5771370835837987,0.0,0.5525366752254709,0.008335238769603424,0.10542894887991396,0.05725633982632144,0.5771370835837987
NON FIBROTIC ILA ADJUDICATED,combined,rs7952154_C_2,30,0.023792758706595377,0.004462360653920049,0.18253567626026407,0.0,0.1579215231848015,0.010544745525033523,0.04040892894915114,0.046358575973164305,0.18253567626026407
NON FIBROTIC ILA ADJUDICATED,combined,rs34425120_G_0,30,1.6068289018196666e-05,0.0,0.0004820486705459,0.0,0.00013256338440012183,0.0,6.427315607278667e-05,0.0,0.0004820486705459
NON FIBROTIC ILA ADJUDICATED,combined,rs34425120_G_1,30,0.010965706731469262,0.003205067805523436,0.14263391928906177,0.0,0.0749640454829339,0.0038072638695860915,0.021709114485508427,0.017611974089956843,0.14263391928906177
NON FIBROTIC ILA ADJUDICATED,combined,rs34425120_G_2,30,0.017840094043618467,0.0023068922952098644,0.09841782771942498,0.0,0.07994937430430799,0.009201144495742837,0.027649250946806835,0.05366056023797714,0.09841782771942498
NON FIBROTIC ILA ADJUDICATED,combined,rs35705950.1_G_0,30,0.003908624220891736,0.0,0.11557985068412756,0.0,0.032976203398797116,0.0,0.011613947599833573,0.0,0.11557985068412756
NON FIBROTIC ILA ADJUDICATED,combined,rs35705950.1_G_1,30,0.04737434533568788,0.010333361784769537,0.5519921917880215,0.0,0.2603252509716633,0.01820871056477121,0.09384434119338693,0.1232487189396288,0.5519921917880215
NON FIBROTIC ILA ADJUDICATED,combined,rs35705950.1_G_2,30,0.014579698489443913,0.005216947877731631,0.0720339164130568,0.0,0.06749372236454979,0.008094853633065219,0.022232571295374634,0.04887679361418672,0.0720339164130568
NON FIBROTIC ILA ADJUDICATED,combined,rs2857476_C_0,30,0.013665326477314298,0.005696157659220201,0.09677682109493992,0.0,0.07915262003226524,0.006971260509092048,0.021582744698260322,0.02668604305521924,0.09677682109493992
NON FIBROTIC ILA ADJUDICATED,combined,rs2857476_C_1,30,0.03227142107605192,0.002901923739347085,0.3993967431774608,0.0,0.28617025432514387,0.007265928354917794,0.06728829391634109,0.04534114078862275,0.3993967431774608
NON FIBROTIC ILA ADJUDICATED,combined,rs2857476_C_2,30,0.005869161662885935,0.001001044734233058,0.06643708208526636,0.0,0.04117041445544342,0.0019389945704031655,0.011472377331853257,0.011239760018293597,0.06643708208526636
NON FIBROTIC ILA ADJUDICATED,combined,rs3829223_C_0,30,0.01061687151541225,0.0028827147783343906,0.09370049698772559,0.0,0.06913176636340855,0.004059810705000857,0.01873548149187295,0.04130403977728337,0.09370049698772559
NON FIBROTIC ILA ADJUDICATED,combined,rs3829223_C_1,30,0.03252975888030327,0.008044117263960286,0.21609128242120937,0.0,0.16845916241442616,0.01582617352608777,0.054296304524369815,0.11619334744047154,0.21609128242120937
NON FIBROTIC ILA ADJUDICATED,combined,rs3829223_C_2,30,0.05271366429372124,0.005111236725081193,0.9810242216382309,0.0,0.3679374036774123,0.011835887415143012,0.11960912493383304,0.10307436389882046,0.9810242216382309
NON FIBROTIC ILA ADJUDICATED,combined,rs3750920_C_0,30,0.014132293746154358,0.002518182928526484,0.25698341649495454,0.0,0.08934521626799793,0.0038946537201873174,0.03172117394685338,0.020355895750706534,0.25698341649495454
NON FIBROTIC ILA ADJUDICATED,combined,rs3750920_C_1,30,0.023824108077257756,0.004010617807075686,0.19453374503332568,0.0,0.172606277174249,0.008599294582141485,0.041314359334909345,0.047251920405260626,0.19453374503332568
NON FIBROTIC ILA ADJUDICATED,combined,rs3750920_C_2,30,0.013076929848769384,0.0007501303218651579,0.16269162467162993,0.0,0.08828627025494698,0.004330423801131092,0.026170425804453314,0.028982404904983206,0.16269162467162993
NON FIBROTIC ILA ADJUDICATED,combined,rs5743894_T_0,30,0.0005445972492040538,0.0,0.009288001560791641,0.0,0.00531810192823052,6.511581930719314e-05,0.0013665843396934217,0.0008920771776539534,0.009288001560791641
NON FIBROTIC ILA ADJUDICATED,combined,rs5743894_T_1,30,0.014586754996489922,0.007306344381476754,0.0839966765767475,0.0,0.05790222677416755,0.008342390847442253,0.021515119783540974,0.03932927104177186,0.0839966765767475
NON FIBROTIC ILA ADJUDICATED,combined,rs5743894_T_2,30,0.009408901165437364,0.002688290077686324,0.0849639357710193,0.0,0.07523944182491135,0.0034984997889239457,0.017141854343720366,0.016980501671347268,0.0849639357710193
NON FIBROTIC ILA ADJUDICATED,combined,rs5743890_T_0,30,0.0004386457235303352,0.0,0.010868346510442259,0.0,0.004246719982529885,0.0,0.001202505887104757,0.0,0.010868346510442259
NON FIBROTIC ILA ADJUDICATED,combined,rs5743890_T_1,30,0.007603047503585914,0.0,0.06823307331940906,0.0,0.04856847378703761,0.0025464939877969483,0.014277012662035776,0.026358729748898163,0.06823307331940906
NON FIBROTIC ILA ADJUDICATED,combined,rs5743890_T_2,30,0.018231189008812963,0.004589038235030844,0.18352786945696248,0.0,0.1141679122012779,0.006984982534040449,0.0331860177289073,0.04885280935498946,0.18352786945696248
NON FIBROTIC ILA ADJUDICATED,combined,rs7122936_A_0,30,0.00853811141259154,0.00267780111364253,0.054533663846930834,0.0,0.048244073358517575,0.0040898189719674495,0.013887641672602013,0.029092199882569374,0.054533663846930834
NON FIBROTIC ILA ADJUDICATED,combined,rs7122936_A_1,30,0.030269973244728236,0.006568142814702374,0.6224754610826487,0.0,0.20372123924664884,0.007002122595335709,0.07250770411523634,0.030688050275270624,0.6224754610826487
NON FIBROTIC ILA ADJUDICATED,combined,rs7122936_A_2,30,0.015544699255281689,0.003808771839638487,0.14047584296158913,0.0,0.11499202327449443,0.0052638246793539805,0.028543705831852773,0.05207464233624158,0.14047584296158913
NON FIBROTIC ILA ADJUDICATED,combined,rs61867586_C_0,30,0.00013799462225629676,0.0,0.0025429593945199575,0.0,0.001676121396860894,3.280523123796192e-06,0.0003507043315206842,9.841569371388576e-05,0.0025429593945199575
NON FIBROTIC ILA ADJUDICATED,combined,rs61867586_C_1,30,0.005607866029133322,0.0,0.06073278359615519,0.0,0.05460665762544488,0.0011140804812260784,0.011508098436800205,0.0085707022079312,0.06073278359615519
NON FIBROTIC ILA ADJUDICATED,combined,rs61867586_C_2,30,0.006691781626633805,0.0,0.078955399060232,0.0,0.04975900087693614,0.002017415476940252,0.012552123879335967,0.02007055650718246,0.078955399060232
NON FIBROTIC ILA ADJUDICATED,combined,rs73409602_C_0,30,0.00021012652238646616,0.0,0.004647749552563593,0.0,0.00224335120669599,0.0,0.0005535308246578312,0.0,0.004647749552563593
NON FIBROTIC ILA ADJUDICATED,combined,rs73409602_C_1,30,0.010398913891379643,0.0016679645598589763,0.05098080828619812,0.0,0.04613677261141315,0.005277489042842725,0.015985139451580685,0.04095882960899711,0.05098080828619812
NON FIBROTIC ILA ADJUDICATED,combined,rs73409602_C_2,30,0.023805614555614807,0.0038970519111831037,0.3145327928765075,0.0,0.15972589548564692,0.007528758217366767,0.0469640738488793,0.06149508628700091,0.3145327928765075
NON FIBROTIC ILA ADJUDICATED,combined,rs74760554_C_0,30,0.0,0.0,0.0,0.0,0.0,0.0,0.0,0.0,0.0
NON FIBROTIC ILA ADJUDICATED,combined,rs74760554_C_1,30,0.0022250895316217796,0.0,0.01392902339342938,0.0,0.009870925876651452,0.0011599751513103346,0.0034960146897334027,0.007738915874400995,0.01392902339342938
NON FIBROTIC ILA ADJUDICATED,combined,rs74760554_C_2,30,0.0035929765212595393,0.0,0.08603809230846912,0.0,0.029267661669074956,0.0003143888732268509,0.010043044921959154,0.002135891416926352,0.08603809230846912
NON FIBROTIC ILA ADJUDICATED,combined,rs12275748_C_0,30,0.0,0.0,0.0,0.0,0.0,0.0,0.0,0.0,0.0
NON FIBROTIC ILA ADJUDICATED,combined,rs12275748_C_1,30,0.021500357521041142,0.006841726658451931,0.13762719748361973,0.0,0.0953133161911424,0.0119144923222398,0.03383167802820899,0.05340845739522035,0.13762719748361973
NON FIBROTIC ILA ADJUDICATED,combined,rs12275748_C_2,30,0.007122144338085135,0.001533527227575847,0.03679881661705135,0.0,0.03679341302688001,0.0036659554538241916,0.011086336118755072,0.020081346534128384,0.03679881661705135
NON FIBROTIC ILA ADJUDICATED,combined,rs664034_T_0,30,0.008956608614200912,0.0022529563681398758,0.08709531343211552,0.0,0.050087401387456314,0.0039057666437517908,0.01565460132080017,0.020514656689664935,0.08709531343211552
NON FIBROTIC ILA ADJUDICATED,combined,rs664034_T_1,30,0.012421632421249286,0.004241142484728284,0.08992701589009382,0.0,0.07831819319966137,0.006096594942261779,0.020582911470582766,0.022327660613187653,0.08992701589009382
NON FIBROTIC ILA ADJUDICATED,combined,rs664034_T_2,30,0.024286936227403463,0.002786603869734948,0.410497558425049,0.0,0.16356689987598388,0.006789879585367742,0.054403342098396056,0.03646485665674045,0.410497558425049
NON FIBROTIC ILA ADJUDICATED,combined,rs10842996_T_0,30,0.012201895139886914,0.0027150791261352954,0.08621987982812972,0.0,0.07308368545040772,0.0053488350345216335,0.02152590023853215,0.027216320060511147,0.08621987982812972
NON FIBROTIC ILA ADJUDICATED,combined,rs10842996_T_1,30,0.035743405778497904,0.00486390786651391,0.6594634464192506,0.0,0.25304532722623274,0.008498898149494259,0.08415159825962669,0.053198869990599244,0.6594634464192506
NON FIBROTIC ILA ADJUDICATED,combined,rs10842996_T_2,30,0.03141086661008577,0.008700876039098304,0.4096305280813359,0.0,0.19662661256051134,0.011481678130465517,0.06244728034443108,0.07426372182894503,0.4096305280813359
NON FIBROTIC ILA ADJUDICATED,combined,rs10783497_A_0,30,0.0012675657443625445,0.0,0.013625242788711984,0.0,0.012208265297104327,0.00024934629741714935,0.0025948441165845886,0.0028919053420709538,0.013625242788711984
NON FIBROTIC ILA ADJUDICATED,combined,rs10783497_A_1,30,0.025761126532832804,0.003966692299812901,0.14079495129137917,0.0,0.12162604333817605,0.013413876941941448,0.03974626163562879,0.07484755928437713,0.14079495129137917
NON FIBROTIC ILA ADJUDICATED,combined,rs10783497_A_2,30,0.030451130444096385,0.005777740798601976,0.2607924013256599,0.0,0.1660991963617061,0.0142034294685265,0.052022981776535325,0.09690127948487952,0.2607924013256599
NON FIBROTIC ILA ADJUDICATED,combined,rs117427783_T_0,30,1.5899942968838298e-06,0.0,4.76998289065149e-05,0.0,1.311745294929153e-05,0.0,4.76998289065149e-06,0.0,4.76998289065149e-05
NON FIBROTIC ILA ADJUDICATED,combined,rs117427783_T_1,30,0.00756297941389145,0.002001244108435958,0.052578535912892625,0.0,0.05239881736224501,0.0030552434010761615,0.013427964049344734,0.015168951062687647,0.052578535912892625
NON FIBROTIC ILA ADJUDICATED,combined,rs117427783_T_2,30,0.012690688060064239,0.0007263272804111315,0.25805594114373914,0.0,0.10516875414701353,0.0019549512521620967,0.0316991869219151,0.015603512709106591,0.25805594114373914
NON FIBROTIC ILA ADJUDICATED,combined,rs76739551_C_0,30,0.0,0.0,0.0,0.0,0.0,0.0,0.0,0.0,0.0
NON FIBROTIC ILA ADJUDICATED,combined,rs76739551_C_1,30,0.002052278322900901,0.0,0.028769773848569703,0.0,0.021191430438066004,7.832428187480456e-05,0.004626879110822867,0.0011354772735125158,0.028769773848569703
NON FIBROTIC ILA ADJUDICATED,combined,rs76739551_C_2,30,0.02110395871196845,0.0,0.4172848143589518,0.0,0.18481240751705763,0.002498690412858551,0.05150613535487377,0.044777033696115985,0.4172848143589518
NON FIBROTIC ILA ADJUDICATED,combined,rs78288787_C_0,30,0.0,0.0,0.0,0.0,0.0,0.0,0.0,0.0,0.0
NON FIBROTIC ILA ADJUDICATED,combined,rs78288787_C_1,30,0.004085672930626712,0.00035036788759216717,0.031029143482964306,0.0,0.028092105853593747,0.001563575186861992,0.007376172090893555,0.010442165026628284,0.031029143482964306
NON FIBROTIC ILA ADJUDICATED,combined,rs78288787_C_2,30,0.019738575401011645,0.0007534308339404768,0.44373912848574604,0.0,0.15431058087552066,0.002431151666474325,0.05219426577668766,0.014083636366419716,0.44373912848574604
NON FIBROTIC ILA ADJUDICATED,combined,rs12422371_C_0,30,0.008716941453117803,0.0,0.07112626305105972,0.0,0.06729100383331954,0.002748227204288266,0.01649887504866118,0.03126245419232902,0.07112626305105972
NON FIBROTIC ILA ADJUDICATED,combined,rs12422371_C_1,30,0.010087427861133048,0.0023372894901178285,0.05851580212269263,0.0,0.0545861260891821,0.004831295079091187,0.01621155573635091,0.03367003430013997,0.05851580212269263
NON FIBROTIC ILA ADJUDICATED,combined,rs12422371_C_2,30,0.008752881117042404,0.0020168013795100036,0.0665099547758735,0.0,0.05677084547621523,0.003952466902557756,0.01496823771989501,0.018034497295210974,0.0665099547758735
NON FIBROTIC ILA ADJUDICATED,combined,rs325093_T_0,30,0.0,0.0,0.0,0.0,0.0,0.0,0.0,0.0,0.0
NON FIBROTIC ILA ADJUDICATED,combined,rs325093_T_1,30,0.012848298192270733,0.0,0.24289006509673577,0.0,0.0962304405459779,0.0024358391249921373,0.03051997729571845,0.020210100997105625,0.24289006509673577
NON FIBROTIC ILA ADJUDICATED,combined,rs325093_T_2,30,0.005326221293146282,0.0,0.04206982086213438,0.0,0.040082649662019916,0.0021521439395190915,0.009613458363388117,0.014115404042598197,0.04206982086213438
NON FIBROTIC ILA ADJUDICATED,combined,rs923077_A_0,30,0.0002768629332716365,0.0,0.002770617091005068,0.0,0.0019309462002167184,7.589855266430142e-05,0.0005386073569001756,0.0010142096960504385,0.002770617091005068
NON FIBROTIC ILA ADJUDICATED,combined,rs923077_A_1,30,0.014184402686519956,0.0016643997477405754,0.17440212037019945,0.0,0.09547033834209809,0.004484022376326761,0.028503117331456614,0.030970680498271386,0.17440212037019945
NON FIBROTIC ILA ADJUDICATED,combined,rs923077_A_2,30,0.012423994249957255,0.002196507632930667,0.1052154053137363,0.0,0.06474772826006014,0.005220129089763811,0.02154793262100558,0.03760222041783626,0.1052154053137363
NON FIBROTIC ILA ADJUDICATED,combined,rs6491201_C_0,30,0.06651726315063859,0.004900387147166117,0.9472903469019202,0.0,0.6465983459511564,0.013647213780414108,0.13968325825823733,0.06672072940808532,0.9472903469019202
NON FIBROTIC ILA ADJUDICATED,combined,rs6491201_C_1,30,0.07434929354565409,0.005759019056666982,1.8210000717477652,0.0,0.5552255251541911,0.008812183381710439,0.20020992063997203,0.05610282531823519,1.8210000717477652
NON FIBROTIC ILA ADJUDICATED,combined,rs6491201_C_2,30,0.010230555286552602,0.004664034795799932,0.04331798327802981,0.0,0.03973999181249715,0.0058690517732871254,0.01434292250082446,0.023717902588822573,0.04331798327802981
NON FIBROTIC ILA ADJUDICATED,combined,rs117750427_A_0,30,0.0,0.0,0.0,0.0,0.0,0.0,0.0,0.0,0.0
NON FIBROTIC ILA ADJUDICATED,combined,rs117750427_A_1,30,0.004125546135964287,0.0005179188851467696,0.02789555698441684,0.0,0.02653912759642703,0.0016808750214573917,0.006931927103099211,0.010247294884650555,0.02789555698441684
NON FIBROTIC ILA ADJUDICATED,combined,rs117750427_A_2,30,0.0019231313923317123,0.0,0.03249640294751177,0.0,0.018692822975093476,0.00027891572584221134,0.004465082878714851,0.0019264685124711143,0.03249640294751177
NON FIBROTIC ILA ADJUDICATED,combined,rs17372089_A_0,30,0.0,0.0,0.0,0.0,0.0,0.0,0.0,0.0,0.0
NON FIBROTIC ILA ADJUDICATED,combined,rs17372089_A_1,30,0.002070775851079186,0.0,0.014671917729852834,0.0,0.01151872755899506,0.0008792842759234738,0.003539401644705414,0.007599504557271359,0.014671917729852834
NON FIBROTIC ILA ADJUDICATED,combined,rs17372089_A_2,30,0.004300103726649991,0.0,0.06838570150277876,0.0,0.03262308148679804,0.0009811980288989385,0.009310635706750791,0.009206309821505769,0.06838570150277876
NON FIBROTIC ILA ADJUDICATED,combined,rs9577395_C_0,30,0.0022786310334625484,0.0,0.020697090360840466,0.0,0.02012941581430368,0.0006583638718405314,0.004297510051599541,0.0051453655549400686,0.020697090360840466
NON FIBROTIC ILA ADJUDICATED,combined,rs9577395_C_1,30,0.030021583709500553,0.003755431594090341,0.45437310454794033,0.0,0.18853023377456102,0.009535867625615273,0.061211763791115495,0.043921796393202366,0.45437310454794033
NON FIBROTIC ILA ADJUDICATED,combined,rs9577395_C_2,30,0.017749283821465064,0.008529560711425322,0.0848634215164634,0.0,0.06576188142604861,0.010705506288037181,0.025919644217296423,0.0485725858964793,0.0848634215164634
NON FIBROTIC ILA ADJUDICATED,combined,rs1278769_G_0,30,0.0082653706237478,0.00023007465514675453,0.07921981720996371,0.0,0.0785797104717955,0.00205059493817403,0.015847014456815318,0.01861692940840655,0.07921981720996371
NON FIBROTIC ILA ADJUDICATED,combined,rs1278769_G_1,30,0.051207964795416866,0.013552861491978787,0.21348083389909206,0.0,0.1909184796867723,0.029226276876101957,0.07623389452769745,0.16843012837473004,0.21348083389909206
NON FIBROTIC ILA ADJUDICATED,combined,rs1278769_G_2,30,0.02925756698935106,0.009948101616550076,0.18048596183278123,0.0,0.10598390570389714,0.016595828375677576,0.04432287039229866,0.06218043996297566,0.18048596183278123
NON FIBROTIC ILA ADJUDICATED,combined,rs17616659_G_0,30,0.04078839753620853,0.0014421629164313447,0.45249874983530786,0.0,0.4246178656385366,0.009466133499428408,0.08592679472493774,0.06910235841913476,0.45249874983530786
NON FIBROTIC ILA ADJUDICATED,combined,rs17616659_G_1,30,0.03096716208093245,0.009642058557719381,0.26847830094211805,0.0,0.17584340507166935,0.01490462459184276,0.05317057783761897,0.05543997296346814,0.26847830094211805
NON FIBROTIC ILA ADJUDICATED,combined,rs17616659_G_2,30,0.016025363591194955,0.008598869603835744,0.09906459663556473,0.0,0.07266159080477523,0.00859186553317834,0.024730764130406462,0.04721927294864926,0.09906459663556473
NON FIBROTIC ILA ADJUDICATED,combined,rs34825924_G_0,30,0.006107351886121781,0.00031427361780495157,0.04793231492111441,0.0,0.04080064202926781,0.002490713930491106,0.010775161360560857,0.016563679610461242,0.04793231492111441
NON FIBROTIC ILA ADJUDICATED,combined,rs34825924_G_1,30,0.03209211849264596,0.005496394303182994,0.2381244636179749,0.0,0.15459467371769994,0.015055511175967323,0.05276025286571772,0.09868007092431696,0.2381244636179749
NON FIBROTIC ILA ADJUDICATED,combined,rs34825924_G_2,30,0.015074759824674282,0.0032610692404113307,0.14329019085328723,0.0,0.1240254708243066,0.005300002677976665,0.028524947207384424,0.0210015315820172,0.14329019085328723
NON FIBROTIC ILA ADJUDICATED,combined,rs10518693_C_0,30,0.025710537126207737,0.00322497670243906,0.3295099650961882,0.0,0.15399495760223786,0.009313341453420873,0.048327395169464854,0.06586077265806714,0.3295099650961882
NON FIBROTIC ILA ADJUDICATED,combined,rs10518693_C_1,30,0.033572739704637394,0.008320992221986886,0.3380646966334853,0.0,0.19783371781046633,0.014616759946686939,0.058882022731391426,0.06997893499225095,0.3380646966334853
NON FIBROTIC ILA ADJUDICATED,combined,rs10518693_C_2,30,0.025739980155926805,0.009649043258702077,0.24210337899938034,0.0,0.13999309625226183,0.012472025875421308,0.044493403755929785,0.06153026124581986,0.24210337899938034
NON FIBROTIC ILA ADJUDICATED,combined,rs2034650_A_0,30,0.04553273766404164,0.0037148701714347834,0.8230757086437474,0.0,0.31235937103680467,0.010477678577152904,0.10733863125944818,0.08457275493728589,0.8230757086437474
NON FIBROTIC ILA ADJUDICATED,combined,rs2034650_A_1,30,0.014222166545037006,0.002972307880716303,0.15377496714766462,0.0,0.10989933597202388,0.005003310282263674,0.025964938354495263,0.023289723805130065,0.15377496714766462
NON FIBROTIC ILA ADJUDICATED,combined,rs2034650_A_2,30,0.01056434128169716,0.0015736072771607803,0.058859062520472356,0.0,0.05648097439157814,0.005224804022449647,0.016954724325441387,0.030014163700212967,0.058859062520472356
NON FIBROTIC ILA ADJUDICATED,combined,rs144948432_A_0,30,0.0,0.0,0.0,0.0,0.0,0.0,0.0,0.0,0.0
NON FIBROTIC ILA ADJUDICATED,combined,rs144948432_A_1,30,0.00031056847654914953,0.0,0.007546943416809493,0.0,0.0033587398273797224,0.0,0.0008136980376697824,0.0,0.007546943416809493
NON FIBROTIC ILA ADJUDICATED,combined,rs144948432_A_2,30,0.00015073514130491632,0.0,0.0021945949838133917,0.0,0.0019147468137606673,0.0,0.0003573280571550958,0.0,0.0021945949838133917
NON FIBROTIC ILA ADJUDICATED,combined,rs1496725_A_0,30,0.019351825319033407,0.014710989039212675,0.0765641979123078,0.0,0.06838938528754407,0.012225350268596849,0.026371284827057768,0.05086345001147229,0.0765641979123078
NON FIBROTIC ILA ADJUDICATED,combined,rs1496725_A_1,30,0.028420239287272962,0.007071670063462803,0.24712470480925972,0.0,0.14490464853324966,0.013264449990516448,0.048243172368397425,0.06694201750076952,0.24712470480925972
NON FIBROTIC ILA ADJUDICATED,combined,rs1496725_A_2,30,0.0468141702667465,0.0032062570502014616,0.9135076328522798,0.0,0.3371521048371994,0.009432246808578154,0.11790668410369458,0.07562508669292484,0.9135076328522798
NON FIBROTIC ILA ADJUDICATED,combined,rs12928193_G_0,30,0.0012242797536005925,0.0,0.007974279047466736,0.0,0.007415377516120524,0.00045592934898074533,0.002094366700116025,0.00532410940539154,0.007974279047466736
NON FIBROTIC ILA ADJUDICATED,combined,rs12928193_G_1,30,0.012277797520769554,0.0032072871364054617,0.12816605568174333,0.0,0.08325530384855985,0.00460205179906934,0.022858317450309362,0.017186277062398173,0.12816605568174333
NON FIBROTIC ILA ADJUDICATED,combined,rs12928193_G_2,30,0.01311368633919639,0.002047498104146119,0.07558629662746409,0.0,0.0748388735230005,0.005560684904171627,0.02174895718975015,0.04999742764796847,0.07558629662746409
NON FIBROTIC ILA ADJUDICATED,combined,rs9931202_G_0,30,0.01393278115365206,0.0,0.25205079103604816,0.0,0.1120295995546421,0.002350232749993649,0.03350113968194375,0.030017362933975247,0.25205079103604816
NON FIBROTIC ILA ADJUDICATED,combined,rs9931202_G_1,30,0.05409466485903036,0.007074751593155402,0.5284257713183841,0.0,0.3937173483719577,0.018673680507567885,0.09989950652738419,0.1507932376967662,0.5284257713183841
NON FIBROTIC ILA ADJUDICATED,combined,rs9931202_G_2,30,0.016226391600887527,0.0032627470227820808,0.10898512321830316,0.0,0.09586701248177222,0.007464737895521206,0.027006117486068893,0.057893475288793746,0.10898512321830316
NON FIBROTIC ILA ADJUDICATED,combined,rs1273431_A_0,30,0.0,0.0,0.0,0.0,0.0,0.0,0.0,0.0,0.0
NON FIBROTIC ILA ADJUDICATED,combined,rs1273431_A_1,30,0.0,0.0,0.0,0.0,0.0,0.0,0.0,0.0,0.0
NON FIBROTIC ILA ADJUDICATED,combined,rs1273431_A_2,30,0.0,0.0,0.0,0.0,0.0,0.0,0.0,0.0,0.0
NON FIBROTIC ILA ADJUDICATED,combined,rs71389435_C_0,30,0.0,0.0,0.0,0.0,0.0,0.0,0.0,0.0,0.0
NON FIBROTIC ILA ADJUDICATED,combined,rs71389435_C_1,30,0.01577640151942607,0.0017574350148707165,0.10577639837623747,0.0,0.08758055617602101,0.007145863210415353,0.02614520548788099,0.05965177569907259,0.10577639837623747
NON FIBROTIC ILA ADJUDICATED,combined,rs71389435_C_2,30,0.006725984836252647,0.0001684547093163959,0.06588839048951649,0.0,0.05702960790123618,0.0015793674463952339,0.013212801229122585,0.015484499342647296,0.06588839048951649
NON FIBROTIC ILA ADJUDICATED,combined,rs6499642_C_0,30,0.0,0.0,0.0,0.0,0.0,0.0,0.0,0.0,0.0
NON FIBROTIC ILA ADJUDICATED,combined,rs6499642_C_1,30,0.0012278678903182767,0.0,0.01258163931605589,0.0,0.009020310257934306,0.00035959424162435076,0.0022677248866140812,0.004211043064553371,0.01258163931605589
NON FIBROTIC ILA ADJUDICATED,combined,rs6499642_C_2,30,0.001747391218169486,0.0,0.018933476422181263,0.0,0.016817281551068878,0.00035739020566312153,0.003756650311913349,0.00246873285585519,0.018933476422181263
NON FIBROTIC ILA ADJUDICATED,combined,rs12446021_G_0,30,0.003663923486106246,0.0,0.04564335818019491,0.0,0.03884053263009208,0.000597846656052359,0.00761877182499335,0.004928766170475182,0.04564335818019491
NON FIBROTIC ILA ADJUDICATED,combined,rs12446021_G_1,30,0.015977692959708398,0.0063037357075765655,0.18422179309576822,0.0,0.07996803984825968,0.007106808119710375,0.028777578017127756,0.03099866398348264,0.18422179309576822
NON FIBROTIC ILA ADJUDICATED,combined,rs12446021_G_2,30,0.013117428903618474,0.0027985874446974724,0.14525384735582866,0.0,0.08706643273794973,0.004473277262334833,0.023666427319361666,0.039395727697851435,0.14525384735582866
NON FIBROTIC ILA ADJUDICATED,combined,rs28703652_G_0,30,0.011568603104911448,0.004432048253978341,0.07339974923699627,0.0,0.06245042047776146,0.0059010103916421735,0.018574615674356285,0.02653054028996962,0.07339974923699627
NON FIBROTIC ILA ADJUDICATED,combined,rs28703652_G_1,30,0.012884560492297024,0.005147641149844637,0.08605518258590432,0.0,0.05714703029715009,0.007101487819131485,0.02005153532475334,0.03245777859184325,0.08605518258590432
NON FIBROTIC ILA ADJUDICATED,combined,rs28703652_G_2,30,0.04022080704910001,0.006348205015641989,0.368197315064509,0.0,0.25956340281044427,0.015864223107094056,0.07192849521795454,0.09555293054072755,0.368197315064509
NON FIBROTIC ILA ADJUDICATED,combined,rs169889_A_0,30,0.04630515891107639,0.004166488239362881,0.6481862670044837,0.0,0.3535621905561228,0.011716819080214127,0.09311829262517606,0.1563387102113809,0.6481862670044837
NON FIBROTIC ILA ADJUDICATED,combined,rs169889_A_1,30,0.03201642142703645,0.005203643608501022,0.36457065489947665,0.0,0.1987465061167501,0.01124791502625788,0.05920150312155106,0.08639092319234525,0.36457065489947665
NON FIBROTIC ILA ADJUDICATED,combined,rs169889_A_2,30,0.014751456003921509,0.0037896868260489302,0.08707070053393239,0.0,0.07616152020192056,0.007339942723041621,0.02332081795092917,0.04665620021359935,0.08707070053393239
NON FIBROTIC ILA ADJUDICATED,combined,rs3744761_C_0,30,0.0,0.0,0.0,0.0,0.0,0.0,0.0,0.0,0.0
NON FIBROTIC ILA ADJUDICATED,combined,rs3744761_C_1,30,0.002841572655852484,0.0004592887220401087,0.02011478411041275,0.0,0.016477398528336157,0.0013161870370490408,0.004662019212469943,0.009493937213803335,0.02011478411041275
NON FIBROTIC ILA ADJUDICATED,combined,rs3744761_C_2,30,0.003374795511302967,0.0012010087686951103,0.017128247076675825,0.0,0.016996987436543452,0.0017198897894025332,0.0053616425784525305,0.01162471947927165,0.017128247076675825
NON FIBROTIC ILA ADJUDICATED,combined,rs17690703_C_0,30,0.015538764765895571,0.0,0.3193414850149912,0.0,0.12907170117068384,0.0018275805631714505,0.04273067743731771,0.021341550923189238,0.3193414850149912
NON FIBROTIC ILA ADJUDICATED,combined,rs17690703_C_1,30,0.01961776283867008,0.0019170521585043698,0.34092724449329,0.0,0.18457922437305402,0.0032302440840343686,0.04707676250845756,0.011060471809410529,0.34092724449329
NON FIBROTIC ILA ADJUDICATED,combined,rs17690703_C_2,30,0.011263848175656739,0.0027100091854199556,0.10195923229638773,0.0,0.08273562585520103,0.004155325413579006,0.02095748708705896,0.026258335252599664,0.10195923229638773
NON FIBROTIC ILA ADJUDICATED,combined,rs1981997_G_0,30,0.001491996813166866,0.0,0.035189023793252956,0.0,0.012135339696869807,0.00013687150655788196,0.0038982770202149494,0.0016222957726742572,0.035189023793252956
NON FIBROTIC ILA ADJUDICATED,combined,rs1981997_G_1,30,0.007580977812220483,0.002099524177270542,0.060577439257035674,0.0,0.05054686182616966,0.003218102841986586,0.012830025496595615,0.019420014261461855,0.060577439257035674
NON FIBROTIC ILA ADJUDICATED,combined,rs1981997_G_2,30,0.010904986922306351,0.002440404764575275,0.11394311064764365,0.0,0.08621937145908422,0.0037677412568358276,0.02140887858891423,0.019964567459853907,0.11394311064764365
NON FIBROTIC ILA ADJUDICATED,combined,rs415430_T_0,30,0.0016859511150642051,0.0,0.038589349154493094,0.0,0.014679849895133042,0.00011783605812447945,0.004503672059835053,0.0015867824749853936,0.038589349154493094
NON FIBROTIC ILA ADJUDICATED,combined,rs415430_T_1,30,0.015739486029455234,0.00380099632531774,0.11345319732925396,0.0,0.09183872064584023,0.00773993189197642,0.02480436241190604,0.03698898034243473,0.11345319732925396
NON FIBROTIC ILA ADJUDICATED,combined,rs415430_T_2,30,0.021207004999975698,0.002869017474595457,0.31146149936595563,0.0,0.14681454080071366,0.006556794915479176,0.04442494545230383,0.03908306087538537,0.31146149936595563
NON FIBROTIC ILA ADJUDICATED,combined,rs73997403_C_0,30,0.0,0.0,0.0,0.0,0.0,0.0,0.0,0.0,0.0
NON FIBROTIC ILA ADJUDICATED,combined,rs73997403_C_1,30,0.008875723876409638,0.0,0.07152985499568758,0.0,0.05208137230340955,0.0035157179182755825,0.01554421289659145,0.03147554870817474,0.07152985499568758
NON FIBROTIC ILA ADJUDICATED,combined,rs73997403_C_2,30,0.003564714329966602,0.0,0.03045956661789575,0.0,0.027635418489133038,0.0012750815750161603,0.006449748147819217,0.007997558683517309,0.03045956661789575
NON FIBROTIC ILA ADJUDICATED,combined,rs918174_T_0,30,0.009860671292649455,0.0012241333971224587,0.1520743302966973,0.0,0.06746957566399778,0.0029347644530000236,0.021403299600560095,0.012122409798397743,0.1520743302966973
NON FIBROTIC ILA ADJUDICATED,combined,rs918174_T_1,30,0.014339764552442014,0.004648085695936178,0.10244105657320351,0.0,0.07417630328373999,0.00737452604974789,0.022403543603015066,0.040137092667075554,0.10244105657320351
NON FIBROTIC ILA ADJUDICATED,combined,rs918174_T_2,30,0.009966718508617266,0.0041010266949479,0.05486230745550764,0.0,0.05183652410931153,0.005003332238437701,0.01601284758300227,0.037534834452671514,0.05486230745550764
NON FIBROTIC ILA ADJUDICATED,combined,rs75291377_G_0,30,0.0,0.0,0.0,0.0,0.0,0.0,0.0,0.0,0.0
NON FIBROTIC ILA ADJUDICATED,combined,rs75291377_G_1,30,0.0016117879078598007,0.0,0.020366177682529324,0.0,0.010865163199344635,0.0004349673810741338,0.0030612295483770672,0.004230993655370997,0.020366177682529324
NON FIBROTIC ILA ADJUDICATED,combined,rs75291377_G_2,30,0.02565275000517196,0.0,0.6267695094511624,0.0,0.21510697528613282,0.001927568145249169,0.06903114308647537,0.023815161697489387,0.6267695094511624
NON FIBROTIC ILA ADJUDICATED,combined,rs11083093_G_0,30,0.0,0.0,0.0,0.0,0.0,0.0,0.0,0.0,0.0
NON FIBROTIC ILA ADJUDICATED,combined,rs11083093_G_1,30,0.003913248217754454,0.0010272559379703068,0.031189523501816873,0.0,0.029960784128972236,0.0014324639723470609,0.007053962413800444,0.009834910469603305,0.031189523501816873
NON FIBROTIC ILA ADJUDICATED,combined,rs11083093_G_2,30,0.0026463461441382135,0.0,0.02829078485274948,0.0,0.023277891243117674,0.0007841722871308654,0.0053084977989324164,0.007740361009667653,0.02829078485274948
NON FIBROTIC ILA ADJUDICATED,combined,rs66884960_C_0,30,0.0027027767444817333,0.0,0.045600989338169924,0.0,0.02180181227330225,0.000494998266762271,0.006038983105928181,0.00548904465191925,0.045600989338169924
NON FIBROTIC ILA ADJUDICATED,combined,rs66884960_C_1,30,0.014138439512826678,0.003914934815967111,0.10473504130082295,0.0,0.0782741622652629,0.006450618652750733,0.02371450894271079,0.03660959474439715,0.10473504130082295
NON FIBROTIC ILA ADJUDICATED,combined,rs66884960_C_2,30,0.03854704501917552,0.010055277290943906,0.3149861042377537,0.0,0.2845159627801376,0.013340824971030696,0.06630263260072233,0.08624863547724514,0.3149861042377537
NON FIBROTIC ILA ADJUDICATED,combined,rs76475316_T_0,30,0.0,0.0,0.0,0.0,0.0,0.0,0.0,0.0,0.0
NON FIBROTIC ILA ADJUDICATED,combined,rs76475316_T_1,30,0.004297061851418404,0.0,0.056672448998051815,0.0,0.04963006673314418,0.0004941545416990116,0.00974806563996932,0.0076800415258599115,0.056672448998051815
NON FIBROTIC ILA ADJUDICATED,combined,rs76475316_T_2,30,0.0019661365688729065,0.0,0.02309997918771135,0.0,0.018631452701647486,0.00021136744812751986,0.004079857749515866,0.0044618574066643095,0.02309997918771135
NON FIBROTIC ILA ADJUDICATED,combined,rs893889_G_0,30,0.0009346215149917458,0.0,0.019790287313408813,0.0,0.009060044216465325,8.264144828145811e-05,0.0024125329075358466,0.0005718585289403266,0.019790287313408813
NON FIBROTIC ILA ADJUDICATED,combined,rs893889_G_1,30,0.01539628159327347,0.002344504789825325,0.13287313100969517,0.0,0.09623909504921649,0.006137265954414283,0.027326108505002146,0.04335950045123376,0.13287313100969517
NON FIBROTIC ILA ADJUDICATED,combined,rs893889_G_2,30,0.0139223733798371,0.003108540468249505,0.13641790298143172,0.0,0.07426493124872992,0.006209411597613261,0.025122455306851543,0.0314331369887608,0.13641790298143172
NON FIBROTIC ILA ADJUDICATED,combined,rs12610495_A_0,30,0.02584037053021231,0.011025416942971895,0.1436702474577142,0.0,0.12211435776785039,0.014226168403094581,0.040512360152475,0.06940547874480103,0.1436702474577142
NON FIBROTIC ILA ADJUDICATED,combined,rs12610495_A_1,30,0.00831239264979978,0.002883584361911138,0.05322593086236877,0.0,0.0423497878493407,0.004307223510742441,0.013761567427251773,0.02105140458534769,0.05322593086236877
NON FIBROTIC ILA ADJUDICATED,combined,rs12610495_A_2,30,0.02688340193803751,0.005614626703037584,0.220484069466708,0.0,0.18585961749257926,0.010930272088930848,0.04605849578212377,0.05696437961021847,0.220484069466708
NON FIBROTIC ILA ADJUDICATED,combined,rs2109069_G_0,30,0.027749335397261495,0.0020292422820111775,0.2851505239330993,0.0,0.1798501398795852,0.010007907219191484,0.05155223529900425,0.10247037032395549,0.2851505239330993
NON FIBROTIC ILA ADJUDICATED,combined,rs2109069_G_1,30,0.020693900132336112,0.007905559650998713,0.09943047857353828,0.0,0.09039898918212028,0.010659383802376143,0.0322498876399473,0.0648149329719369,0.09943047857353828
NON FIBROTIC ILA ADJUDICATED,combined,rs2109069_G_2,30,0.01631527288693716,0.0022197952512480875,0.21401527369063097,0.0,0.1253213256939037,0.004498054534801467,0.03433510391203931,0.016778838014424972,0.21401527369063097
NON FIBROTIC ILA ADJUDICATED,combined,rs708686_C_0,30,0.0056932783271105335,0.0012769974829967773,0.04283287113217569,0.0,0.02943569918352927,0.0028365695464625915,0.009445319792145468,0.01630704394874913,0.04283287113217569
NON FIBROTIC ILA ADJUDICATED,combined,rs708686_C_1,30,0.05978074816812059,0.0028415554673877066,0.5600582368187615,0.0,0.45318897406823255,0.01884412662996963,0.11152249812716375,0.21287216435199455,0.5600582368187615
NON FIBROTIC ILA ADJUDICATED,combined,rs708686_C_2,30,0.0115213980642281,0.004454572494773958,0.06922880172074006,0.0,0.06366815626028746,0.006263714612628467,0.018347428034629642,0.027485067184349118,0.06922880172074006
NON FIBROTIC ILA ADJUDICATED,combined,rs62112917_C_0,30,0.0003548616864771527,0.0,0.003336589401725776,0.0,0.0028785812537210557,9.05330889065022e-05,0.0007053924695678088,0.0014437088911840473,0.003336589401725776
NON FIBROTIC ILA ADJUDICATED,combined,rs62112917_C_1,30,0.025861836248918947,0.009568539993259354,0.21041526582209225,0.0,0.1247064278052802,0.012792301848417165,0.0431167280714333,0.07718943829565086,0.21041526582209225
NON FIBROTIC ILA ADJUDICATED,combined,rs62112917_C_2,30,0.014667417622249192,0.005770125402402099,0.14503893067846635,0.0,0.08177667316262582,0.006687834668220061,0.026210655688518266,0.029690826960234597,0.14503893067846635
NON FIBROTIC ILA ADJUDICATED,combined,rs73008477_C_0,30,0.0,0.0,0.0,0.0,0.0,0.0,0.0,0.0,0.0
NON FIBROTIC ILA ADJUDICATED,combined,rs73008477_C_1,30,0.0001427597234519772,0.0,0.00341338151573346,0.0,0.00146615734035237,0.0,0.00039457032673193996,0.0,0.00341338151573346
NON FIBROTIC ILA ADJUDICATED,combined,rs73008477_C_2,30,0.006181875006285261,0.0,0.18101148127821196,0.0,0.05298096180897249,0.0,0.01839568147218866,0.0,0.18101148127821196
NON FIBROTIC ILA ADJUDICATED,combined,rs10422762_A_0,30,0.025833360500899277,0.009378158347846981,0.27296818125423783,0.0,0.17226262835883122,0.009738267709744744,0.04868658302843263,0.05483006143433864,0.27296818125423783
NON FIBROTIC ILA ADJUDICATED,combined,rs10422762_A_1,30,0.06290670470607597,0.006449190950852026,1.2856802484858425,0.0,0.43945068355382144,0.01412103828608153,0.15506560932076596,0.05259683733964741,1.2856802484858425
NON FIBROTIC ILA ADJUDICATED,combined,rs10422762_A_2,30,0.013092247936156784,0.004072068590763446,0.08440237117404951,0.0,0.08010864911144674,0.006485846724805849,0.020836874659310254,0.031249048885020128,0.08440237117404951
NON FIBROTIC ILA ADJUDICATED,combined,rs41482151_C_0,30,0.0018141284295124455,0.0,0.021161077875302615,0.0,0.013391742208872626,0.0004610017171222311,0.003583178881098658,0.008324374997215896,0.021161077875302615
NON FIBROTIC ILA ADJUDICATED,combined,rs41482151_C_1,30,0.02342149321157215,0.005714162565795184,0.19950733811442484,0.0,0.11341208712384042,0.010936901934967772,0.0378620242069307,0.06442072664720025,0.19950733811442484
NON FIBROTIC ILA ADJUDICATED,combined,rs41482151_C_2,30,0.009902056050376855,0.0036153721544959494,0.07918938863249836,0.0,0.058608336963451274,0.004833563397010607,0.01613549117224638,0.018297246134169217,0.07918938863249836
NON FIBROTIC ILA ADJUDICATED,combined,rs12975986_C_0,30,0.0027565619602172133,0.0,0.022115594112445264,0.0,0.017372589731999663,0.0009520588912834178,0.0049388355215913525,0.010649723394317172,0.022115594112445264
NON FIBROTIC ILA ADJUDICATED,combined,rs12975986_C_1,30,0.02004762641176076,0.005971173321869671,0.11892496750614041,0.0,0.09613903273755066,0.009525966816043407,0.032394515350684376,0.06320063328313853,0.11892496750614041
NON FIBROTIC ILA ADJUDICATED,combined,rs12975986_C_2,30,0.017984393941028208,0.003384570267604875,0.22709219638996164,0.0,0.10039055989296017,0.007112436490958232,0.034656194803054326,0.03044369614858446,0.22709219638996164
NON FIBROTIC ILA ADJUDICATED,combined,rs74490361_T_0,30,0.0,0.0,0.0,0.0,0.0,0.0,0.0,0.0,0.0
NON FIBROTIC ILA ADJUDICATED,combined,rs74490361_T_1,30,0.0048561607694983236,0.0009105386351434387,0.01981430275298397,0.0,0.018895298498806876,0.0026499489081857007,0.007120762914120504,0.014391783167917166,0.01981430275298397
NON FIBROTIC ILA ADJUDICATED,combined,rs74490361_T_2,30,0.005314207146259123,0.0,0.08925461335485999,0.0,0.05928064506328798,0.0006183102179510652,0.0126892514240751,0.003315591053845186,0.08925461335485999
NON FIBROTIC ILA ADJUDICATED,combined,rs57625989_A_0,30,0.0,0.0,0.0,0.0,0.0,0.0,0.0,0.0,0.0
NON FIBROTIC ILA ADJUDICATED,combined,rs57625989_A_1,30,0.010101763877222147,0.0033683067239038697,0.07590993182054173,0.0,0.045288214775068295,0.005558210756929558,0.015611795271195269,0.02171055182744045,0.07590993182054173
NON FIBROTIC ILA ADJUDICATED,combined,rs57625989_A_2,30,0.001776669997115319,0.0,0.014866523486116525,0.0,0.010136646605498234,0.0006857454719131033,0.0030622064691685257,0.007180765786735467,0.014866523486116525
NON FIBROTIC ILA ADJUDICATED,combined,rs302837_A_0,30,0.02130821070603622,0.0025329022391202883,0.1556464633935134,0.0,0.15433850054565046,0.008548913698714087,0.037523884837315405,0.05460901923707964,0.1556464633935134
NON FIBROTIC ILA ADJUDICATED,combined,rs302837_A_1,30,0.018577890492999814,0.0015278236090295848,0.12036684711379679,0.0,0.1015459155375893,0.008419212740735317,0.030517525859600794,0.052312895412196435,0.12036684711379679
NON FIBROTIC ILA ADJUDICATED,combined,rs302837_A_2,30,0.013910213659760275,0.0034704049331568173,0.2139629852840925,0.0,0.08224904166208441,0.004824176820246439,0.029290354271723645,0.023389202625197884,0.2139629852840925
NON FIBROTIC ILA ADJUDICATED,combined,rs601878_C_0,30,0.012581349711426684,0.0,0.2900262393349113,0.0,0.10832895981240248,0.000780137689109539,0.03347302102493374,0.012227036337450772,0.2900262393349113
NON FIBROTIC ILA ADJUDICATED,combined,rs601878_C_1,30,0.014294777509190977,0.0033303996939427856,0.1681257332835884,0.0,0.0884269654646965,0.005348434158094345,0.027801440198842706,0.04557248674248559,0.1681257332835884
NON FIBROTIC ILA ADJUDICATED,combined,rs601878_C_2,30,0.014877237868516108,0.007300488403715083,0.09563149246094119,0.0,0.08503615084026492,0.007595393255234796,0.02367031644601682,0.028990128751835525,0.09563149246094119
NON FIBROTIC ILA ADJUDICATED,combined,rs4811028_G_0,30,0.0,0.0,0.0,0.0,0.0,0.0,0.0,0.0,0.0
NON FIBROTIC ILA ADJUDICATED,combined,rs4811028_G_1,30,0.008845078593047177,0.0,0.11314330372612125,0.0,0.06827493675041572,0.0026643937788618827,0.017826731690734805,0.0210013198979499,0.11314330372612125
NON FIBROTIC ILA ADJUDICATED,combined,rs4811028_G_2,30,0.024246136062687565,0.003031732849085283,0.23097493505950673,0.0,0.15780386032694727,0.008565558398170327,0.043853001882006026,0.070406117017687,0.23097493505950673
NON FIBROTIC ILA ADJUDICATED,combined,rs12626788_C_0,30,0.002436694652152286,0.0,0.03170153462877465,0.0,0.02841925743084814,0.00028519306068989727,0.0054682434979997285,0.003086086626480727,0.03170153462877465
NON FIBROTIC ILA ADJUDICATED,combined,rs12626788_C_1,30,0.0357008273662905,0.011827419032003546,0.7387163988563724,0.0,0.2296189662747672,0.008771628639016784,0.08587611920802836,0.026250303658741137,0.7387163988563724
NON FIBROTIC ILA ADJUDICATED,combined,rs12626788_C_2,30,0.0363970285714559,0.008375851270129044,0.2473549906248602,0.0,0.24072457099754074,0.013431772731399087,0.06503685961974395,0.07711486588753133,0.2473549906248602
NON FIBROTIC ILA ADJUDICATED,combined,rs75764565_C_0,30,0.0,0.0,0.0,0.0,0.0,0.0,0.0,0.0,0.0
NON FIBROTIC ILA ADJUDICATED,combined,rs75764565_C_1,30,0.0039565016957102935,0.0020359448107522883,0.024715264888229886,0.0,0.0193078074867752,0.0021005986907011477,0.006304354293909367,0.010742281425795497,0.024715264888229886
NON FIBROTIC ILA ADJUDICATED,combined,rs75764565_C_2,30,0.0024152675801217783,0.00021343943067408965,0.017832089292468194,0.0,0.015555590639281355,0.0009553125693197,0.004285629713733542,0.006534148419429798,0.017832089292468194
NON FIBROTIC ILA ADJUDICATED,combined,rs45619034_G_0,30,0.0,0.0,0.0,0.0,0.0,0.0,0.0,0.0,0.0
NON FIBROTIC ILA ADJUDICATED,combined,rs45619034_G_1,30,0.026691761466383638,0.0006593665129018652,0.4371543516905457,0.0,0.19049065930530293,0.006961018383344737,0.05877757853391935,0.046904785355437975,0.4371543516905457
NON FIBROTIC ILA ADJUDICATED,combined,rs45619034_G_2,30,0.10360385872591381,0.00031837155037356055,2.4373679130959145,0.0,0.8889987064900484,0.00850759088809095,0.2814661600642845,0.10004443433813964,2.4373679130959145
NON FIBROTIC ILA ADJUDICATED,combined,predicted_risk,30,1.250378809078444,1.0743107645069507,5.183978285345626,0.5383471520291845,3.5374410532109923,0.9863172623584557,1.6075658056375994,1.5104602108934213,5.183978285345626
