target_name,repeat,split_seed,model,bin,n,cases,mean_pred,obs_rate,obs_rate_lo,obs_rate_hi,prob_min,prob_max
FILD or FILA ADJUDICATED,1,793387248,zebra_raw,0,770,1,0.2313504822502002,0.0012987012987012987,0.00022928946639889794,0.007319361170123334,0.11052533634471677,0.2602557535887989
FILD or FILA ADJUDICATED,1,793387248,zebra_raw,1,769,2,0.2860783782032215,0.002600780234070221,0.0007135177289523901,0.009432753192718508,0.2603664779857897,0.3116554808373551
FILD or FILA ADJUDICATED,1,793387248,zebra_raw,2,770,4,0.3402866246936404,0.005194805194805195,0.0020219574690050306,0.013280219334419372,0.3116896678000052,0.3722326306867366
FILD or FILA ADJUDICATED,1,793387248,zebra_raw,3,769,6,0.40761843671448333,0.007802340702210663,0.003580646807040671,0.016917035660547395,0.37225914109998853,0.4431969209813423
FILD or FILA ADJUDICATED,1,793387248,zebra_raw,4,770,6,0.48711459923529293,0.007792207792207792,0.0035759904186376326,0.016895203829388215,0.4433135952597464,0.5375723485787793
FILD or FILA ADJUDICATED,1,793387248,zebra_raw,5,769,10,0.600290790483668,0.013003901170351105,0.007078545900378475,0.023770548113126753,0.5378456077283424,0.6617182496814681
FILD or FILA ADJUDICATED,1,793387248,zebra_raw,6,769,14,0.727245697137829,0.018205461638491547,0.010875078260352153,0.030325427299070243,0.6617424807598203,0.7863943136258027
FILD or FILA ADJUDICATED,1,793387248,zebra_raw,7,770,13,0.8415216490083315,0.016883116883116882,0.009892721428977881,0.028670033875153024,0.7864694522444148,0.8984329645210939
FILD or FILA ADJUDICATED,1,793387248,zebra_raw,8,769,19,0.9475806795884111,0.0247074122236671,0.01587360135768905,0.03826616863412981,0.8984497355800539,0.9851800129514333
FILD or FILA ADJUDICATED,1,793387248,zebra_raw,9,770,77,0.9965268145569255,0.1,0.08075559305709225,0.12321572047428499,0.9852913008258685,1.0
FILD or FILA ADJUDICATED,1,793387248,zebra_isotonic,0,770,2,0.0013555297656580418,0.0025974025974025974,0.0007125907061236786,0.009420568652699277,0.0,0.0024390243902439024
FILD or FILA ADJUDICATED,1,793387248,zebra_isotonic,1,769,2,0.002439024390243902,0.002600780234070221,0.0007135177289523901,0.009432753192718508,0.0024390243902439024,0.0024390243902439024
FILD or FILA ADJUDICATED,1,793387248,zebra_isotonic,2,770,3,0.0038210543608252615,0.003896103896103896,0.0013258926936253902,0.011391775387498288,0.0024390243902439024,0.00398406374501992
FILD or FILA ADJUDICATED,1,793387248,zebra_isotonic,3,769,6,0.005473619218116482,0.007802340702210663,0.003580646807040671,0.016917035660547395,0.00398406374501992,0.009009009009009009
FILD or FILA ADJUDICATED,1,793387248,zebra_isotonic,4,770,7,0.009190771585212566,0.00909090909090909,0.004410478976495486,0.01864522399383109,0.009009009009009009,0.009404388714733543
FILD or FILA ADJUDICATED,1,793387248,zebra_isotonic,5,769,14,0.00940438871473354,0.018205461638491547,0.010875078260352153,0.030325427299070243,0.009404388714733543,0.009404388714733543
FILD or FILA ADJUDICATED,1,793387248,zebra_isotonic,6,769,11,0.00940438871473354,0.014304291287386216,0.008005744470847457,0.025431202429137063,0.009404388714733543,0.009404388714733543
FILD or FILA ADJUDICATED,1,793387248,zebra_isotonic,7,770,12,0.015212909309043064,0.015584415584415584,0.008937040176158829,0.027041206405671363,0.009404388714733543,0.015432098765432098
FILD or FILA ADJUDICATED,1,793387248,zebra_isotonic,8,769,20,0.027178262758194197,0.02600780234070221,0.016898117575631134,0.03982950530266702,0.015432098765432098,0.04240282685512368
FILD or FILA ADJUDICATED,1,793387248,zebra_isotonic,9,770,75,0.1115972422183033,0.09740259740259741,0.07841500055802125,0.12038729552875452,0.04240282685512368,0.5961538461538461
FILD or FILA ADJUDICATED,1,793387248,genomic_raw,0,770,8,2.416919401107457e-06,0.01038961038961039,0.005273784940225151,0.020366426752402144,1.5903088894288717e-07,4.544343215976752e-06
FILD or FILA ADJUDICATED,1,793387248,genomic_raw,1,769,15,7.691195382536013e-06,0.01950585175552666,0.01185585151954993,0.03193250692635176,4.547870217779952e-06,1.1564732017467688e-05
FILD or FILA ADJUDICATED,1,793387248,genomic_raw,2,770,11,1.7431629693883668e-05,0.014285714285714285,0.007995323688185082,0.025398414171344384,1.1567589386699234e-05,2.439378408183235e-05
FILD or FILA ADJUDICATED,1,793387248,genomic_raw,3,769,15,3.446872444716075e-05,0.01950585175552666,0.01185585151954993,0.03193250692635176,2.4435780507656277e-05,4.714728585886169e-05
FILD or FILA ADJUDICATED,1,793387248,genomic_raw,4,770,15,7.172050980519168e-05,0.01948051948051948,0.011840409174050253,0.0318913635746821,4.717758357938879e-05,0.00010349489969711368
FILD or FILA ADJUDICATED,1,793387248,genomic_raw,5,769,12,0.00015202161140122182,0.015604681404421327,0.008948690331271528,0.027076109455192295,0.00010353790939603587,0.00021771751723539736
FILD or FILA ADJUDICATED,1,793387248,genomic_raw,6,769,16,0.00033941095029635236,0.02080624187256177,0.01284691135930053,0.033529299973080455,0.00021793673686672157,0.0004979015752003657
FILD or FILA ADJUDICATED,1,793387248,genomic_raw,7,770,16,0.0008351010956958487,0.02077922077922078,0.012830175613871217,0.033486105857161864,0.0004979985075378861,0.001308596999472623
FILD or FILA ADJUDICATED,1,793387248,genomic_raw,8,769,24,0.002270557222007828,0.031209362808842653,0.02106088189967261,0.0460181525245427,0.0013088236259787354,0.003971145368556392
FILD or FILA ADJUDICATED,1,793387248,genomic_raw,9,770,20,0.02335232406074212,0.025974025974025976,0.016876091691355087,0.03977822466888089,0.003978008849495338,0.6045759727092151
FILD or FILA ADJUDICATED,1,793387248,genomic_isotonic,0,770,10,0.01179748524830532,0.012987012987012988,0.007069333631553706,0.02373989550567504,0.0,0.016649323621227886
FILD or FILA ADJUDICATED,1,793387248,genomic_isotonic,1,769,9,0.01664932362122789,0.011703511053315995,0.006169270449727107,0.022091970677298834,0.016649323621227886,0.016649323621227886
FILD or FILA ADJUDICATED,1,793387248,genomic_isotonic,2,770,10,0.01664932362122789,0.012987012987012988,0.007069333631553706,0.02373989550567504,0.016649323621227886,0.016649323621227886
FILD or FILA ADJUDICATED,1,793387248,genomic_isotonic,3,769,18,0.01664932362122789,0.02340702210663199,0.014856495571086814,0.03669542153425275,0.016649323621227886,0.016649323621227886
FILD or FILA ADJUDICATED,1,793387248,genomic_isotonic,4,770,15,0.01664932362122789,0.01948051948051948,0.011840409174050253,0.0318913635746821,0.016649323621227886,0.016649323621227886
FILD or FILA ADJUDICATED,1,793387248,genomic_isotonic,5,769,14,0.016843318767349777,0.018205461638491547,0.010875078260352153,0.030325427299070243,0.016649323621227886,0.023809523809523808
FILD or FILA ADJUDICATED,1,793387248,genomic_isotonic,7,770,19,0.023809523809523808,0.024675324675324677,0.015852913748522608,0.03821689388941264,0.023809523809523808,0.023809523809523808
FILD or FILA ADJUDICATED,1,793387248,genomic_isotonic,6,769,15,0.02380952380952381,0.01950585175552666,0.01185585151954993,0.03193250692635176,0.023809523809523808,0.023809523809523808
FILD or FILA ADJUDICATED,1,793387248,genomic_isotonic,8,769,24,0.024860591009383013,0.031209362808842653,0.02106088189967261,0.0460181525245427,0.023809523809523808,0.028708133971291867
FILD or FILA ADJUDICATED,1,793387248,genomic_isotonic,9,770,18,0.031980342768581665,0.023376623376623377,0.014837136266102694,0.036648162649531836,0.028708133971291867,0.03278688524590164
FILD or FILA ADJUDICATED,1,793387248,combined_raw,0,770,3,0.0015741192642839002,0.003896103896103896,0.0013258926936253902,0.011391775387498288,0.0003324830575963269,0.0024645932537369114
FILD or FILA ADJUDICATED,1,793387248,combined_raw,1,769,6,0.0033693743853658027,0.007802340702210663,0.003580646807040671,0.016917035660547395,0.0024710781465770047,0.004334406638290743
FILD or FILA ADJUDICATED,1,793387248,combined_raw,2,770,1,0.005536921959188008,0.0012987012987012987,0.00022928946639889794,0.007319361170123334,0.004337718909543376,0.0068913027925539575
FILD or FILA ADJUDICATED,1,793387248,combined_raw,3,769,5,0.00859632161999128,0.006501950585175552,0.002780348414515579,0.015129481166593194,0.006897806954675466,0.01055574361049593
FILD or FILA ADJUDICATED,1,793387248,combined_raw,4,770,7,0.013064284436194512,0.00909090909090909,0.004410478976495486,0.01864522399383109,0.010559827622934165,0.01606654640290615
FILD or FILA ADJUDICATED,1,793387248,combined_raw,5,769,10,0.020230949334677673,0.013003901170351105,0.007078545900378475,0.023770548113126753,0.01608082989450075,0.025018179262263643
FILD or FILA ADJUDICATED,1,793387248,combined_raw,6,769,14,0.03227530217144118,0.018205461638491547,0.010875078260352153,0.030325427299070243,0.02503097539307166,0.04103022173694025
FILD or FILA ADJUDICATED,1,793387248,combined_raw,7,770,9,0.05453583850313254,0.011688311688311689,0.006161243000312308,0.022063477414615715,0.04103944266076572,0.0724582004955644
FILD or FILA ADJUDICATED,1,793387248,combined_raw,8,769,12,0.10800360906294554,0.015604681404421327,0.008948690331271528,0.027076109455192295,0.07254008853218392,0.15710781950173705
FILD or FILA ADJUDICATED,1,793387248,combined_raw,9,770,85,0.3591162459337678,0.11038961038961038,0.09015980224910894,0.13448758106067407,0.15713051877220546,0.9790954645645585
FILD or FILA ADJUDICATED,1,793387248,combined_isotonic,0,770,4,0.002994316515735893,0.005194805194805195,0.0020219574690050306,0.013280219334419372,0.0,0.0031512605042016808
FILD or FILA ADJUDICATED,1,793387248,combined_isotonic,1,769,5,0.003151260504201681,0.006501950585175552,0.002780348414515579,0.015129481166593194,0.0031512605042016808,0.0031512605042016808
FILD or FILA ADJUDICATED,1,793387248,combined_isotonic,2,770,2,0.004942762756575726,0.0025974025974025974,0.0007125907061236786,0.009420568652699277,0.0031512605042016808,0.00510204081632653
FILD or FILA ADJUDICATED,1,793387248,combined_isotonic,3,769,4,0.005322556422465254,0.005201560468140442,0.0020245891497467933,0.013297387544882687,0.00510204081632653,0.005780346820809248
FILD or FILA ADJUDICATED,1,793387248,combined_isotonic,4,770,5,0.005780346820809247,0.006493506493506494,0.0027767335367897463,0.01510995198893538,0.005780346820809248,0.005780346820809248
FILD or FILA ADJUDICATED,1,793387248,combined_isotonic,5,769,11,0.006216380998985612,0.014304291287386216,0.008005744470847457,0.025431202429137063,0.005780346820809248,0.00641025641025641
FILD or FILA ADJUDICATED,1,793387248,combined_isotonic,6,769,12,0.02010895608177895,0.015604681404421327,0.008948690331271528,0.027076109455192295,0.00641025641025641,0.024464831804281346
FILD or FILA ADJUDICATED,1,793387248,combined_isotonic,7,770,17,0.024464831804281346,0.02207792207792208,0.01382933715277743,0.03507145304055638,0.024464831804281346,0.024464831804281346
FILD or FILA ADJUDICATED,1,793387248,combined_isotonic,8,769,13,0.024464831804281346,0.016905071521456438,0.009905619514842359,0.028707033158100748,0.024464831804281346,0.024464831804281346
FILD or FILA ADJUDICATED,1,793387248,combined_isotonic,9,770,79,0.09974168123819552,0.1025974025974026,0.0831005084064421,0.12603982256953655,0.024464831804281346,1.0
FILD or FILA ADJUDICATED,2,2080380566,zebra_raw,0,770,2,0.2336769509192585,0.0025974025974025974,0.0007125907061236786,0.009420568652699277,0.11052533634471677,0.2630383751821159
FILD or FILA ADJUDICATED,2,2080380566,zebra_raw,1,769,2,0.2878838756994629,0.002600780234070221,0.0007135177289523901,0.009432753192718508,0.26307984104389254,0.3124457080547297
FILD or FILA ADJUDICATED,2,2080380566,zebra_raw,2,770,6,0.3422529355100219,0.007792207792207792,0.0035759904186376326,0.016895203829388215,0.31247807889891516,0.3739114697393811
FILD or FILA ADJUDICATED,2,2080380566,zebra_raw,3,769,4,0.4087500523473701,0.005201560468140442,0.0020245891497467933,0.013297387544882687,0.37402073602222846,0.44483311363301814
FILD or FILA ADJUDICATED,2,2080380566,zebra_raw,4,770,7,0.49057864628457093,0.00909090909090909,0.004410478976495486,0.01864522399383109,0.44487914687207863,0.5425677717168197
FILD or FILA ADJUDICATED,2,2080380566,zebra_raw,5,769,7,0.6052670797815123,0.009102730819245773,0.004416223152723785,0.01866931220134357,0.54256875758474,0.6687336911392805
FILD or FILA ADJUDICATED,2,2080380566,zebra_raw,6,769,14,0.7351867827979659,0.018205461638491547,0.010875078260352153,0.030325427299070243,0.668776506732894,0.7950211695185392
FILD or FILA ADJUDICATED,2,2080380566,zebra_raw,7,770,14,0.8499796779453902,0.01818181818181818,0.010860915582275707,0.030286348444155925,0.7951987360641392,0.9034727606056024
FILD or FILA ADJUDICATED,2,2080380566,zebra_raw,8,769,21,0.9536282854796354,0.027308192457737322,0.017929533535624646,0.041385942229152796,0.9038396687962066,0.986683171002475
FILD or FILA ADJUDICATED,2,2080380566,zebra_raw,9,770,75,0.9968565935857174,0.09740259740259741,0.07841500055802125,0.12038729552875452,0.9867430920532074,1.0
FILD or FILA ADJUDICATED,2,2080380566,zebra_isotonic,0,770,2,0.00047080636768981755,0.0025974025974025974,0.0007125907061236786,0.009420568652699277,0.0,0.0013315579227696406
FILD or FILA ADJUDICATED,2,2080380566,zebra_isotonic,1,769,2,0.0013315579227696404,0.002600780234070221,0.0007135177289523901,0.009432753192718508,0.0013315579227696406,0.0013315579227696406
FILD or FILA ADJUDICATED,2,2080380566,zebra_isotonic,2,770,5,0.0030902715738186266,0.006493506493506494,0.0027767335367897463,0.01510995198893538,0.0013315579227696406,0.006188118811881187
FILD or FILA ADJUDICATED,2,2080380566,zebra_isotonic,3,769,5,0.006188118811881187,0.006501950585175552,0.002780348414515579,0.015129481166593194,0.006188118811881187,0.006188118811881187
FILD or FILA ADJUDICATED,2,2080380566,zebra_isotonic,4,770,6,0.008902538390843968,0.007792207792207792,0.0035759904186376326,0.016895203829388215,0.006188118811881187,0.011131725417439703
FILD or FILA ADJUDICATED,2,2080380566,zebra_isotonic,5,769,9,0.012251643355711698,0.011703511053315995,0.006169270449727107,0.022091970677298834,0.011131725417439703,0.01291638341264446
FILD or FILA ADJUDICATED,2,2080380566,zebra_isotonic,6,769,16,0.012916383412644459,0.02080624187256177,0.01284691135930053,0.033529299973080455,0.01291638341264446,0.01291638341264446
FILD or FILA ADJUDICATED,2,2080380566,zebra_isotonic,7,770,13,0.012916383412644459,0.016883116883116882,0.009892721428977881,0.028670033875153024,0.01291638341264446,0.01291638341264446
FILD or FILA ADJUDICATED,2,2080380566,zebra_isotonic,8,769,17,0.03206211434730869,0.022106631989596878,0.013847378881987714,0.03511668533687256,0.01291638341264446,0.048034934497816595
FILD or FILA ADJUDICATED,2,2080380566,zebra_isotonic,9,770,77,0.12115437812349254,0.1,0.08075559305709225,0.12321572047428499,0.048034934497816595,0.5957446808510638
FILD or FILA ADJUDICATED,2,2080380566,genomic_raw,0,770,8,0.11794916548069848,0.01038961038961039,0.005273784940225151,0.020366426752402144,0.04975504658571488,0.14717066373640772
FILD or FILA ADJUDICATED,2,2080380566,genomic_raw,1,769,16,0.16547726408049038,0.02080624187256177,0.01284691135930053,0.033529299973080455,0.1472295314893619,0.18225812975223912
FILD or FILA ADJUDICATED,2,2080380566,genomic_raw,2,770,11,0.19677433437706526,0.014285714285714285,0.007995323688185082,0.025398414171344384,0.18230449292249556,0.21107041542381655
FILD or FILA ADJUDICATED,2,2080380566,genomic_raw,3,769,19,0.22592621638372512,0.0247074122236671,0.01587360135768905,0.03826616863412981,0.21115314060239662,0.24051684532505252
FILD or FILA ADJUDICATED,2,2080380566,genomic_raw,4,770,12,0.25576937537647854,0.015584415584415584,0.008937040176158829,0.027041206405671363,0.240544868458448,0.2710052648660674
FILD or FILA ADJUDICATED,2,2080380566,genomic_raw,5,769,6,0.2880084541767995,0.007802340702210663,0.003580646807040671,0.016917035660547395,0.2710292444574045,0.30494811776434383
FILD or FILA ADJUDICATED,2,2080380566,genomic_raw,6,769,17,0.3264644269502679,0.022106631989596878,0.013847378881987714,0.03511668533687256,0.30497377988132796,0.3500226359887782
FILD or FILA ADJUDICATED,2,2080380566,genomic_raw,7,770,18,0.3754464631384936,0.023376623376623377,0.014837136266102694,0.036648162649531836,0.35003684219333864,0.4034173071983488
FILD or FILA ADJUDICATED,2,2080380566,genomic_raw,8,769,20,0.44677118802454674,0.02600780234070221,0.016898117575631134,0.03982950530266702,0.4034969064326443,0.49624960697269477
FILD or FILA ADJUDICATED,2,2080380566,genomic_raw,9,770,25,0.5686703557566755,0.032467532467532464,0.022086969431753586,0.04748989053998599,0.49629993363347524,0.7206443826090426
FILD or FILA ADJUDICATED,2,2080380566,genomic_isotonic,0,770,11,0.010867645906638308,0.014285714285714285,0.007995323688185082,0.025398414171344384,0.0,0.011439466158245948
FILD or FILA ADJUDICATED,2,2080380566,genomic_isotonic,1,769,11,0.011706966223360104,0.014304291287386216,0.008005744470847457,0.025431202429137063,0.011439466158245948,0.012516469038208168
FILD or FILA ADJUDICATED,2,2080380566,genomic_isotonic,2,770,17,0.012516469038208163,0.02207792207792208,0.01382933715277743,0.03507145304055638,0.012516469038208168,0.012516469038208168
FILD or FILA ADJUDICATED,2,2080380566,genomic_isotonic,4,770,12,0.012516469038208163,0.015584415584415584,0.008937040176158829,0.027041206405671363,0.012516469038208168,0.012516469038208168
FILD or FILA ADJUDICATED,2,2080380566,genomic_isotonic,3,769,11,0.012516469038208165,0.014304291287386216,0.008005744470847457,0.025431202429137063,0.012516469038208168,0.012516469038208168
FILD or FILA ADJUDICATED,2,2080380566,genomic_isotonic,5,769,12,0.019052652812468165,0.015604681404421327,0.008948690331271528,0.027076109455192295,0.012516469038208168,0.0224159402241594
FILD or FILA ADJUDICATED,2,2080380566,genomic_isotonic,6,769,15,0.022415940224159405,0.01950585175552666,0.01185585151954993,0.03193250692635176,0.0224159402241594,0.0224159402241594
FILD or FILA ADJUDICATED,2,2080380566,genomic_isotonic,7,770,20,0.03281167840848377,0.025974025974025976,0.016876091691355087,0.03977822466888089,0.0224159402241594,0.038657171922685654
FILD or FILA ADJUDICATED,2,2080380566,genomic_isotonic,8,769,28,0.03865717192268564,0.036410923276983094,0.025309891577026858,0.05212055439310563,0.038657171922685654,0.038657171922685654
FILD or FILA ADJUDICATED,2,2080380566,genomic_isotonic,9,770,15,0.04156612449527379,0.01948051948051948,0.011840409174050253,0.0318913635746821,0.038657171922685654,0.19297783742244867
FILD or FILA ADJUDICATED,2,2080380566,combined_raw,0,770,4,0.0017259668033682608,0.005194805194805195,0.0020219574690050306,0.013280219334419372,0.00029063737054090563,0.0027978621094695397
FILD or FILA ADJUDICATED,2,2080380566,combined_raw,1,769,4,0.004050577416126067,0.005201560468140442,0.0020245891497467933,0.013297387544882687,0.0027985850113275497,0.005378424996299229
FILD or FILA ADJUDICATED,2,2080380566,combined_raw,2,770,7,0.006916672282587617,0.00909090909090909,0.004410478976495486,0.01864522399383109,0.005383703094391918,0.008686241079293028
FILD or FILA ADJUDICATED,2,2080380566,combined_raw,3,769,6,0.010966913984158092,0.007802340702210663,0.003580646807040671,0.016917035660547395,0.008687418028824287,0.013607029459470243
FILD or FILA ADJUDICATED,2,2080380566,combined_raw,4,770,9,0.017256654005822467,0.011688311688311689,0.006161243000312308,0.022063477414615715,0.013619831277074317,0.021481953119438832
FILD or FILA ADJUDICATED,2,2080380566,combined_raw,5,769,8,0.02699618619412804,0.010403120936280884,0.005280654829476248,0.0203927334110704,0.02148867308975916,0.03343367941001471
FILD or FILA ADJUDICATED,2,2080380566,combined_raw,6,769,8,0.043410726350441506,0.010403120936280884,0.005280654829476248,0.0203927334110704,0.03346115413778179,0.05556815537659513
FILD or FILA ADJUDICATED,2,2080380566,combined_raw,7,770,8,0.07514160104632679,0.01038961038961039,0.005273784940225151,0.020366426752402144,0.055605999343651874,0.09958335581005309
FILD or FILA ADJUDICATED,2,2080380566,combined_raw,8,769,18,0.15534239184669188,0.02340702210663199,0.014856495571086814,0.03669542153425275,0.09975126726393337,0.23235363366767744
FILD or FILA ADJUDICATED,2,2080380566,combined_raw,9,770,80,0.48208942855890524,0.1038961038961039,0.0842745420698438,0.1274502976284356,0.23259191139919616,0.9702491015876891
FILD or FILA ADJUDICATED,2,2080380566,combined_isotonic,0,770,3,0.0,0.003896103896103896,0.0013258926936253902,0.011391775387498288,0.0,0.0
FILD or FILA ADJUDICATED,2,2080380566,combined_isotonic,1,769,4,0.002878882393643174,0.005201560468140442,0.0020245891497467933,0.013297387544882687,0.0,0.006002400960384154
FILD or FILA ADJUDICATED,2,2080380566,combined_isotonic,2,770,8,0.006002400960384153,0.01038961038961039,0.005273784940225151,0.020366426752402144,0.006002400960384154,0.006002400960384154
FILD or FILA ADJUDICATED,2,2080380566,combined_isotonic,3,769,6,0.006218872464460426,0.007802340702210663,0.003580646807040671,0.016917035660547395,0.006002400960384154,0.006349206349206349
FILD or FILA ADJUDICATED,2,2080380566,combined_isotonic,4,770,10,0.00634920634920635,0.012987012987012988,0.007069333631553706,0.02373989550567504,0.006349206349206349,0.006349206349206349
FILD or FILA ADJUDICATED,2,2080380566,combined_isotonic,5,769,6,0.013688899297166308,0.007802340702210663,0.003580646807040671,0.016917035660547395,0.006349206349206349,0.015748031496062992
FILD or FILA ADJUDICATED,2,2080380566,combined_isotonic,6,769,8,0.015748031496062992,0.010403120936280884,0.005280654829476248,0.0203927334110704,0.015748031496062992,0.015748031496062992
FILD or FILA ADJUDICATED,2,2080380566,combined_isotonic,7,770,9,0.017640316937561126,0.011688311688311689,0.006161243000312308,0.022063477414615715,0.015748031496062992,0.019230769230769232
FILD or FILA ADJUDICATED,2,2080380566,combined_isotonic,8,769,22,0.02342685883125792,0.02860858257477243,0.01896739582103829,0.04293593283021844,0.019230769230769232,0.027472527472527472
FILD or FILA ADJUDICATED,2,2080380566,combined_isotonic,9,770,76,0.12855956376952454,0.0987012987012987,0.07958474714757134,0.12180205766150516,0.027472527472527472,1.0
FILD or FILA ADJUDICATED,3,1856236192,zebra_raw,0,770,2,0.23288380114984084,0.0025974025974025974,0.0007125907061236786,0.009420568652699277,0.11052533634471677,0.2614461530736853
FILD or FILA ADJUDICATED,3,1856236192,zebra_raw,1,769,1,0.28801589768618546,0.0013003901170351106,0.0002295876800841234,0.007328830355107483,0.2615951007755146,0.3139344306469154
FILD or FILA ADJUDICATED,3,1856236192,zebra_raw,2,770,2,0.34399340288401625,0.0025974025974025974,0.0007125907061236786,0.009420568652699277,0.3139379434880472,0.37623936307794303
FILD or FILA ADJUDICATED,3,1856236192,zebra_raw,3,769,6,0.4104175744590219,0.007802340702210663,0.003580646807040671,0.016917035660547395,0.3762924089016528,0.4466615380919113
FILD or FILA ADJUDICATED,3,1856236192,zebra_raw,4,770,4,0.4915209028490949,0.005194805194805195,0.0020219574690050306,0.013280219334419372,0.44672848628970596,0.5417702961116374
FILD or FILA ADJUDICATED,3,1856236192,zebra_raw,5,769,10,0.602758473661718,0.013003901170351105,0.007078545900378475,0.023770548113126753,0.5417735484207977,0.6657088168850702
FILD or FILA ADJUDICATED,3,1856236192,zebra_raw,6,769,14,0.7320935021951811,0.018205461638491547,0.010875078260352153,0.030325427299070243,0.6659008684423973,0.7923845014767011
FILD or FILA ADJUDICATED,3,1856236192,zebra_raw,7,770,13,0.8457998206054961,0.016883116883116882,0.009892721428977881,0.028670033875153024,0.7924123854559428,0.8974597041978729
FILD or FILA ADJUDICATED,3,1856236192,zebra_raw,8,769,21,0.9480409038788147,0.027308192457737322,0.017929533535624646,0.041385942229152796,0.8974697903393344,0.9843899686874735
FILD or FILA ADJUDICATED,3,1856236192,zebra_raw,9,770,79,0.9962349774855701,0.1025974025974026,0.0831005084064421,0.12603982256953655,0.9844196976031211,1.0
FILD or FILA ADJUDICATED,3,1856236192,zebra_isotonic,0,770,2,0.0008947198539336885,0.0025974025974025974,0.0007125907061236786,0.009420568652699277,0.0,0.0018281535648994515
FILD or FILA ADJUDICATED,3,1856236192,zebra_isotonic,1,769,2,0.003930223958267201,0.002600780234070221,0.0007135177289523901,0.009432753192718508,0.0018281535648994515,0.006145741878841089
FILD or FILA ADJUDICATED,3,1856236192,zebra_isotonic,2,770,3,0.006145741878841089,0.003896103896103896,0.0013258926936253902,0.011391775387498288,0.006145741878841089,0.006145741878841089
FILD or FILA ADJUDICATED,3,1856236192,zebra_isotonic,3,769,3,0.006209194557489812,0.0039011703511053317,0.001327618000260774,0.011406505807889416,0.006145741878841089,0.006535947712418301
FILD or FILA ADJUDICATED,3,1856236192,zebra_isotonic,4,770,8,0.00958537469499396,0.01038961038961039,0.005273784940225151,0.020366426752402144,0.006535947712418301,0.011971268954509177
FILD or FILA ADJUDICATED,3,1856236192,zebra_isotonic,5,769,10,0.011971268954509175,0.013003901170351105,0.007078545900378475,0.023770548113126753,0.011971268954509177,0.011971268954509177
FILD or FILA ADJUDICATED,3,1856236192,zebra_isotonic,6,769,7,0.012456771401337247,0.009102730819245773,0.004416223152723785,0.01866931220134357,0.011971268954509177,0.01466275659824047
FILD or FILA ADJUDICATED,3,1856236192,zebra_isotonic,7,770,17,0.014662756598240465,0.02207792207792208,0.01382933715277743,0.03507145304055638,0.01466275659824047,0.01466275659824047
FILD or FILA ADJUDICATED,3,1856236192,zebra_isotonic,8,769,19,0.02125251592204894,0.0247074122236671,0.01587360135768905,0.03826616863412981,0.01466275659824047,0.04129793510324484
FILD or FILA ADJUDICATED,3,1856236192,zebra_isotonic,9,770,81,0.11007370268760883,0.10519480519480519,0.08544960345108563,0.12885974496949448,0.04129793510324484,0.54
FILD or FILA ADJUDICATED,3,1856236192,genomic_raw,0,770,12,3.640116627909642e-06,0.015584415584415584,0.008937040176158829,0.027041206405671363,2.4612888108903804e-08,8.098007499500584e-06
FILD or FILA ADJUDICATED,3,1856236192,genomic_raw,1,769,13,1.5095580806325649e-05,0.016905071521456438,0.009905619514842359,0.028707033158100748,8.101726560286506e-06,2.4168172260533508e-05
FILD or FILA ADJUDICATED,3,1856236192,genomic_raw,2,770,17,3.970397918142599e-05,0.02207792207792208,0.01382933715277743,0.03507145304055638,2.419817480742432e-05,5.844812187726855e-05
FILD or FILA ADJUDICATED,3,1856236192,genomic_raw,3,769,7,8.896875548414045e-05,0.009102730819245773,0.004416223152723785,0.01866931220134357,5.869794703102919e-05,0.00012809053519549345
FILD or FILA ADJUDICATED,3,1856236192,genomic_raw,4,770,14,0.00018912688928978308,0.01818181818181818,0.010860915582275707,0.030286348444155925,0.00012818721548882742,0.00026723153152809415
FILD or FILA ADJUDICATED,3,1856236192,genomic_raw,5,769,17,0.00039130960564400717,0.022106631989596878,0.013847378881987714,0.03511668533687256,0.0002675263866766408,0.000535176157544901
FILD or FILA ADJUDICATED,3,1856236192,genomic_raw,6,769,17,0.0007904954799268632,0.022106631989596878,0.013847378881987714,0.03511668533687256,0.0005357937721021921,0.0011180017767593077
FILD or FILA ADJUDICATED,3,1856236192,genomic_raw,7,770,13,0.0017387165345181816,0.016883116883116882,0.009892721428977881,0.028670033875153024,0.0011207630460962502,0.0026000105047856493
FILD or FILA ADJUDICATED,3,1856236192,genomic_raw,8,769,22,0.004646781865145782,0.02860858257477243,0.01896739582103829,0.04293593283021844,0.002601481572471099,0.00808686323605958
FILD or FILA ADJUDICATED,3,1856236192,genomic_raw,9,770,20,0.0347134789790476,0.025974025974025976,0.016876091691355087,0.03977822466888089,0.008087774749322258,0.48654836325834727
FILD or FILA ADJUDICATED,3,1856236192,genomic_isotonic,0,770,12,0.0078914184933126,0.015584415584415584,0.008937040176158829,0.027041206405671363,0.0,0.013365735115431349
FILD or FILA ADJUDICATED,3,1856236192,genomic_isotonic,1,769,11,0.013575961577883098,0.014304291287386216,0.008005744470847457,0.025431202429137063,0.013365735115431349,0.015182186234817813
FILD or FILA ADJUDICATED,3,1856236192,genomic_isotonic,2,770,14,0.015182186234817817,0.01818181818181818,0.010860915582275707,0.030286348444155925,0.015182186234817813,0.015182186234817813
FILD or FILA ADJUDICATED,3,1856236192,genomic_isotonic,3,769,15,0.017528187498480063,0.01950585175552666,0.01185585151954993,0.03193250692635176,0.015182186234817813,0.02125398512221042
FILD or FILA ADJUDICATED,3,1856236192,genomic_isotonic,4,770,15,0.021253985122210415,0.01948051948051948,0.011840409174050253,0.0318913635746821,0.02125398512221042,0.02125398512221042
FILD or FILA ADJUDICATED,3,1856236192,genomic_isotonic,5,769,10,0.02326363058857977,0.013003901170351105,0.007078545900378475,0.023770548113126753,0.02125398512221042,0.02604920405209841
FILD or FILA ADJUDICATED,3,1856236192,genomic_isotonic,6,769,18,0.026049204052098412,0.02340702210663199,0.014856495571086814,0.03669542153425275,0.02604920405209841,0.02604920405209841
FILD or FILA ADJUDICATED,3,1856236192,genomic_isotonic,7,770,22,0.02823546439571886,0.02857142857142857,0.018942666074440347,0.04288066773039707,0.02604920405209841,0.029636711281070746
FILD or FILA ADJUDICATED,3,1856236192,genomic_isotonic,8,769,16,0.029636711281070753,0.02080624187256177,0.01284691135930053,0.033529299973080455,0.029636711281070746,0.029636711281070746
FILD or FILA ADJUDICATED,3,1856236192,genomic_isotonic,9,770,19,0.03050079757263588,0.024675324675324677,0.015852913748522608,0.03821689388941264,0.029636711281070746,0.047619047619047616
FILD or FILA ADJUDICATED,3,1856236192,combined_raw,0,770,2,0.003045257068768801,0.0025974025974025974,0.0007125907061236786,0.009420568652699277,0.0003281378404376149,0.0049953008395284835
FILD or FILA ADJUDICATED,3,1856236192,combined_raw,1,769,2,0.007203686064068743,0.002600780234070221,0.0007135177289523901,0.009432753192718508,0.004997381290506037,0.009489018581387669
FILD or FILA ADJUDICATED,3,1856236192,combined_raw,2,770,6,0.012506905244959017,0.007792207792207792,0.0035759904186376326,0.016895203829388215,0.009499466617563901,0.015928251224117694
FILD or FILA ADJUDICATED,3,1856236192,combined_raw,3,769,7,0.020381282382903026,0.009102730819245773,0.004416223152723785,0.01866931220134357,0.01593572649355709,0.025694377911855863
FILD or FILA ADJUDICATED,3,1856236192,combined_raw,4,770,3,0.03248745899158128,0.003896103896103896,0.0013258926936253902,0.011391775387498288,0.025702832340555894,0.040571112731333944
FILD or FILA ADJUDICATED,3,1856236192,combined_raw,5,769,12,0.05275624794134099,0.015604681404421327,0.008948690331271528,0.027076109455192295,0.04058163860565739,0.06789700480374393
FILD or FILA ADJUDICATED,3,1856236192,combined_raw,6,769,17,0.08832662713260034,0.022106631989596878,0.013847378881987714,0.03511668533687256,0.06790528054430428,0.11376504720953232
FILD or FILA ADJUDICATED,3,1856236192,combined_raw,7,770,12,0.15052247864525106,0.015584415584415584,0.008937040176158829,0.027041206405671363,0.11382151139022476,0.1985627751653484
FILD or FILA ADJUDICATED,3,1856236192,combined_raw,8,769,14,0.26667731928756516,0.018205461638491547,0.010875078260352153,0.030325427299070243,0.1987870900086093,0.3549164906314186
FILD or FILA ADJUDICATED,3,1856236192,combined_raw,9,770,77,0.5809731271235468,0.1,0.08075559305709225,0.12321572047428499,0.3549204396310937,0.9950071830755478
FILD or FILA ADJUDICATED,3,1856236192,combined_isotonic,0,770,4,0.006249925450878144,0.005194805194805195,0.0020219574690050306,0.013280219334419372,0.0,0.0064836003051106025
FILD or FILA ADJUDICATED,3,1856236192,combined_isotonic,1,769,3,0.0064836003051106025,0.0039011703511053317,0.001327618000260774,0.011406505807889416,0.0064836003051106025,0.0064836003051106025
FILD or FILA ADJUDICATED,3,1856236192,combined_isotonic,2,770,8,0.0064836003051106025,0.01038961038961039,0.005273784940225151,0.020366426752402144,0.0064836003051106025,0.0064836003051106025
FILD or FILA ADJUDICATED,3,1856236192,combined_isotonic,3,769,2,0.0064836003051106025,0.002600780234070221,0.0007135177289523901,0.009432753192718508,0.0064836003051106025,0.0064836003051106025
FILD or FILA ADJUDICATED,3,1856236192,combined_isotonic,4,770,5,0.009700013179390942,0.006493506493506494,0.0027767335367897463,0.01510995198893538,0.0064836003051106025,0.01362088535754824
FILD or FILA ADJUDICATED,3,1856236192,combined_isotonic,5,769,12,0.01362088535754824,0.015604681404421327,0.008948690331271528,0.027076109455192295,0.01362088535754824,0.01362088535754824
FILD or FILA ADJUDICATED,3,1856236192,combined_isotonic,6,769,15,0.02308251132858813,0.01950585175552666,0.01185585151954993,0.03193250692635176,0.01362088535754824,0.02973977695167286
FILD or FILA ADJUDICATED,3,1856236192,combined_isotonic,7,770,12,0.0311679120342408,0.015584415584415584,0.008937040176158829,0.027041206405671363,0.02973977695167286,0.03125
FILD or FILA ADJUDICATED,3,1856236192,combined_isotonic,8,769,13,0.035689553609471895,0.016905071521456438,0.009905619514842359,0.028707033158100748,0.03125,0.05063291139240506
FILD or FILA ADJUDICATED,3,1856236192,combined_isotonic,9,770,78,0.11306306915823197,0.1012987012987013,0.08192751953281167,0.1246283027208663,0.05063291139240506,0.5
FILD or FILA ADJUDICATED,4,344941306,zebra_raw,0,770,2,0.23391188831706847,0.0025974025974025974,0.0007125907061236786,0.009420568652699277,0.11052533634471677,0.26204427209140113
FILD or FILA ADJUDICATED,4,344941306,zebra_raw,1,769,1,0.28631063396995166,0.0013003901170351106,0.0002295876800841234,0.007328830355107483,0.2621427438396359,0.3117260491343149
FILD or FILA ADJUDICATED,4,344941306,zebra_raw,2,770,6,0.34072066015469626,0.007792207792207792,0.0035759904186376326,0.016895203829388215,0.31173266061856664,0.3736101503171488
FILD or FILA ADJUDICATED,4,344941306,zebra_raw,3,769,5,0.4064876399177377,0.006501950585175552,0.002780348414515579,0.015129481166593194,0.37367027091795946,0.4427897764411948
FILD or FILA ADJUDICATED,4,344941306,zebra_raw,4,770,7,0.4862487446803259,0.00909090909090909,0.004410478976495486,0.01864522399383109,0.4428135139465415,0.5351323631217828
FILD or FILA ADJUDICATED,4,344941306,zebra_raw,5,769,9,0.5966559527958925,0.011703511053315995,0.006169270449727107,0.022091970677298834,0.535416656516089,0.658473102706149
FILD or FILA ADJUDICATED,4,344941306,zebra_raw,6,769,13,0.7276688676174561,0.016905071521456438,0.009905619514842359,0.028707033158100748,0.658515984644882,0.7904669395525127
FILD or FILA ADJUDICATED,4,344941306,zebra_raw,7,770,10,0.8467152265591525,0.012987012987012988,0.007069333631553706,0.02373989550567504,0.7905015192149166,0.9004332446160401
FILD or FILA ADJUDICATED,4,344941306,zebra_raw,8,769,19,0.9505855461335782,0.0247074122236671,0.01587360135768905,0.03826616863412981,0.9005135956656438,0.9860584996624647
FILD or FILA ADJUDICATED,4,344941306,zebra_raw,9,770,80,0.9966402188700558,0.1038961038961039,0.0842745420698438,0.1274502976284356,0.9860610484462138,1.0
FILD or FILA ADJUDICATED,4,344941306,zebra_isotonic,0,770,1,0.0010699623373301953,0.0012987012987012987,0.00022928946639889794,0.007319361170123334,0.0,0.0020408163265306124
FILD or FILA ADJUDICATED,4,344941306,zebra_isotonic,1,769,2,0.0025151228487125753,0.002600780234070221,0.0007135177289523901,0.009432753192718508,0.0020408163265306124,0.0031088082901554403
FILD or FILA ADJUDICATED,4,344941306,zebra_isotonic,2,770,5,0.00310880829015544,0.006493506493506494,0.0027767335367897463,0.01510995198893538,0.0031088082901554403,0.0031088082901554403
FILD or FILA ADJUDICATED,4,344941306,zebra_isotonic,3,769,6,0.004104761307132053,0.007802340702210663,0.003580646807040671,0.016917035660547395,0.0031088082901554403,0.006097560975609756
FILD or FILA ADJUDICATED,4,344941306,zebra_isotonic,4,770,8,0.007745476379050366,0.01038961038961039,0.005273784940225151,0.020366426752402144,0.006097560975609756,0.01038961038961039
FILD or FILA ADJUDICATED,4,344941306,zebra_isotonic,5,769,14,0.010389610389610391,0.018205461638491547,0.010875078260352153,0.030325427299070243,0.01038961038961039,0.01038961038961039
FILD or FILA ADJUDICATED,4,344941306,zebra_isotonic,6,769,9,0.011090082654487758,0.011703511053315995,0.006169270449727107,0.022091970677298834,0.01038961038961039,0.02018348623853211
FILD or FILA ADJUDICATED,4,344941306,zebra_isotonic,7,770,8,0.020601439629975765,0.01038961038961039,0.005273784940225151,0.020366426752402144,0.02018348623853211,0.026156941649899398
FILD or FILA ADJUDICATED,4,344941306,zebra_isotonic,8,769,21,0.027624811191524695,0.027308192457737322,0.017929533535624646,0.041385942229152796,0.026156941649899398,0.04100946372239747
FILD or FILA ADJUDICATED,4,344941306,zebra_isotonic,9,770,78,0.13308176033119515,0.1012987012987013,0.08192751953281167,0.1246283027208663,0.04100946372239747,0.6744186046511628
FILD or FILA ADJUDICATED,4,344941306,genomic_raw,0,770,10,5.615510779344723e-05,0.012987012987012988,0.007069333631553706,0.02373989550567504,4.213629224574755e-07,0.0001279887890845891
FILD or FILA ADJUDICATED,4,344941306,genomic_raw,1,769,11,0.00025474966681877784,0.014304291287386216,0.008005744470847457,0.025431202429137063,0.00012811195256274345,0.0004121723753768658
FILD or FILA ADJUDICATED,4,344941306,genomic_raw,2,770,10,0.0006380043077416002,0.012987012987012988,0.007069333631553706,0.02373989550567504,0.0004123360126587135,0.0009093479906381713
FILD or FILA ADJUDICATED,4,344941306,genomic_raw,3,769,14,0.0013380391579547778,0.018205461638491547,0.010875078260352153,0.030325427299070243,0.0009129244047231089,0.0018513870627392811
FILD or FILA ADJUDICATED,4,344941306,genomic_raw,4,770,23,0.0026360438328779756,0.02987012987012987,0.01998520545069876,0.044422637076439384,0.0018520112544470502,0.003554701060791652
FILD or FILA ADJUDICATED,4,344941306,genomic_raw,5,769,12,0.004994498951541466,0.015604681404421327,0.008948690331271528,0.027076109455192295,0.003562806537591389,0.006795082463140321
FILD or FILA ADJUDICATED,4,344941306,genomic_raw,6,769,18,0.0097025778553589,0.02340702210663199,0.014856495571086814,0.03669542153425275,0.006799592927744917,0.013415202090768755
FILD or FILA ADJUDICATED,4,344941306,genomic_raw,7,770,12,0.020209242715921696,0.015584415584415584,0.008937040176158829,0.027041206405671363,0.01341551049847382,0.02966213099431889
FILD or FILA ADJUDICATED,4,344941306,genomic_raw,8,769,21,0.05151418961369736,0.027308192457737322,0.017929533535624646,0.041385942229152796,0.029666114785727348,0.08326385399435318
FILD or FILA ADJUDICATED,4,344941306,genomic_raw,9,770,21,0.2646170018809444,0.02727272727272727,0.017906160074157684,0.04133266500837901,0.08337811782827562,0.9501781256402485
FILD or FILA ADJUDICATED,4,344941306,genomic_isotonic,0,770,12,0.01784745623072362,0.015584415584415584,0.008937040176158829,0.027041206405671363,0.006896551724137931,0.018214936247723135
FILD or FILA ADJUDICATED,4,344941306,genomic_isotonic,1,769,8,0.018600606544415806,0.010403120936280884,0.005280654829476248,0.0203927334110704,0.018214936247723135,0.020550215445807093
FILD or FILA ADJUDICATED,4,344941306,genomic_isotonic,3,769,14,0.020550215445807093,0.018205461638491547,0.010875078260352153,0.030325427299070243,0.020550215445807093,0.020550215445807093
FILD or FILA ADJUDICATED,4,344941306,genomic_isotonic,5,769,14,0.020550215445807093,0.018205461638491547,0.010875078260352153,0.030325427299070243,0.020550215445807093,0.020550215445807093
FILD or FILA ADJUDICATED,4,344941306,genomic_isotonic,6,769,18,0.020550215445807093,0.02340702210663199,0.014856495571086814,0.03669542153425275,0.020550215445807093,0.020550215445807093
FILD or FILA ADJUDICATED,4,344941306,genomic_isotonic,8,769,25,0.020550215445807093,0.032509752925877766,0.0221158152388249,0.04755107207186972,0.020550215445807093,0.020550215445807093
FILD or FILA ADJUDICATED,4,344941306,genomic_isotonic,2,770,15,0.020550215445807096,0.01948051948051948,0.011840409174050253,0.0318913635746821,0.020550215445807093,0.020550215445807093
FILD or FILA ADJUDICATED,4,344941306,genomic_isotonic,4,770,13,0.020550215445807096,0.016883116883116882,0.009892721428977881,0.028670033875153024,0.020550215445807093,0.020550215445807093
FILD or FILA ADJUDICATED,4,344941306,genomic_isotonic,7,770,14,0.020550215445807096,0.01818181818181818,0.010860915582275707,0.030286348444155925,0.020550215445807093,0.020550215445807093
FILD or FILA ADJUDICATED,4,344941306,genomic_isotonic,9,770,19,0.024362060022457003,0.024675324675324677,0.015852913748522608,0.03821689388941264,0.020550215445807093,0.19785191343884556
FILD or FILA ADJUDICATED,4,344941306,combined_raw,0,770,4,0.02427231327538228,0.005194805194805195,0.0020219574690050306,0.013280219334419372,0.0044557267769401955,0.03582806047565753
FILD or FILA ADJUDICATED,4,344941306,combined_raw,1,769,4,0.045895247164861805,0.005201560468140442,0.0020245891497467933,0.013297387544882687,0.03586091720267686,0.056934780155217676
FILD or FILA ADJUDICATED,4,344941306,combined_raw,2,770,4,0.06938221505417595,0.005194805194805195,0.0020219574690050306,0.013280219334419372,0.05696361272834899,0.08297324202214973
FILD or FILA ADJUDICATED,4,344941306,combined_raw,3,769,3,0.09859132519853736,0.0039011703511053317,0.001327618000260774,0.011406505807889416,0.08298320253357416,0.11479770514212101
FILD or FILA ADJUDICATED,4,344941306,combined_raw,4,770,9,0.1362649536841895,0.011688311688311689,0.006161243000312308,0.022063477414615715,0.11482647912478605,0.16023326019487882
FILD or FILA ADJUDICATED,4,344941306,combined_raw,5,769,10,0.1871024208355421,0.013003901170351105,0.007078545900378475,0.023770548113126753,0.1602498704172703,0.21600238421306725
FILD or FILA ADJUDICATED,4,344941306,combined_raw,6,769,10,0.2510346806401487,0.013003901170351105,0.007078545900378475,0.023770548113126753,0.21606287146053593,0.2873349789792587
FILD or FILA ADJUDICATED,4,344941306,combined_raw,7,770,13,0.33595857808432705,0.016883116883116882,0.009892721428977881,0.028670033875153024,0.2873733109128373,0.38830585573199505
FILD or FILA ADJUDICATED,4,344941306,combined_raw,8,769,17,0.4560818559267581,0.022106631989596878,0.013847378881987714,0.03511668533687256,0.388428078713073,0.5397246608958626
FILD or FILA ADJUDICATED,4,344941306,combined_raw,9,770,78,0.6918733083108659,0.1012987012987013,0.08192751953281167,0.1246283027208663,0.5400278095730233,0.9677842428149258
FILD or FILA ADJUDICATED,4,344941306,combined_isotonic,0,770,4,0.00019121982312166362,0.005194805194805195,0.0020219574690050306,0.013280219334419372,0.0,0.003067484662576687
FILD or FILA ADJUDICATED,4,344941306,combined_isotonic,1,769,1,0.005504385378030052,0.0013003901170351106,0.0002295876800841234,0.007328830355107483,0.003067484662576687,0.008361204013377926
FILD or FILA ADJUDICATED,4,344941306,combined_isotonic,2,770,9,0.008361204013377924,0.011688311688311689,0.006161243000312308,0.022063477414615715,0.008361204013377926,0.008361204013377926
FILD or FILA ADJUDICATED,4,344941306,combined_isotonic,3,769,4,0.008361204013377924,0.005201560468140442,0.0020245891497467933,0.013297387544882687,0.008361204013377926,0.008361204013377926
FILD or FILA ADJUDICATED,4,344941306,combined_isotonic,4,770,6,0.008367851994030989,0.007792207792207792,0.0035759904186376326,0.016895203829388215,0.008361204013377926,0.010741134008298146
FILD or FILA ADJUDICATED,4,344941306,combined_isotonic,5,769,7,0.01178781838470381,0.009102730819245773,0.004416223152723785,0.01866931220134357,0.01094524168596148,0.011789924973204717
FILD or FILA ADJUDICATED,4,344941306,combined_isotonic,6,769,13,0.011789924973204718,0.016905071521456438,0.009905619514842359,0.028707033158100748,0.011789924973204717,0.011789924973204717
FILD or FILA ADJUDICATED,4,344941306,combined_isotonic,7,770,9,0.024079323582806025,0.011688311688311689,0.006161243000312308,0.022063477414615715,0.011789924973204717,0.024734982332155476
FILD or FILA ADJUDICATED,4,344941306,combined_isotonic,8,769,23,0.03090377000958996,0.02990897269180754,0.02001129965969971,0.04447988187803632,0.024734982332155476,0.0379746835443038
FILD or FILA ADJUDICATED,4,344941306,combined_isotonic,9,770,76,0.12855953060404735,0.0987012987012987,0.07958474714757134,0.12180205766150516,0.0379746835443038,0.6829268292682927
FILD or FILA ADJUDICATED,5,1150510078,zebra_raw,0,770,1,0.2326501889075632,0.0012987012987012987,0.00022928946639889794,0.007319361170123334,0.11052533634471677,0.2616542840184007
FILD or FILA ADJUDICATED,5,1150510078,zebra_raw,1,769,1,0.28758423091965385,0.0013003901170351106,0.0002295876800841234,0.007328830355107483,0.2616884930296223,0.3130243882443571
FILD or FILA ADJUDICATED,5,1150510078,zebra_raw,2,770,4,0.34247173290983207,0.005194805194805195,0.0020219574690050306,0.013280219334419372,0.3130345111677269,0.37488456575389256
FILD or FILA ADJUDICATED,5,1150510078,zebra_raw,3,769,6,0.4097274289162615,0.007802340702210663,0.003580646807040671,0.016917035660547395,0.3750647308513072,0.446629533229868
FILD or FILA ADJUDICATED,5,1150510078,zebra_raw,4,770,9,0.49090898585079396,0.011688311688311689,0.006161243000312308,0.022063477414615715,0.44672848628970596,0.5410477315007842
FILD or FILA ADJUDICATED,5,1150510078,zebra_raw,5,769,12,0.6005780695357887,0.015604681404421327,0.008948690331271528,0.027076109455192295,0.5410809347596185,0.6653217800268115
FILD or FILA ADJUDICATED,5,1150510078,zebra_raw,6,769,13,0.7328930543815341,0.016905071521456438,0.009905619514842359,0.028707033158100748,0.6659285197485536,0.7942411356369743
FILD or FILA ADJUDICATED,5,1150510078,zebra_raw,7,770,10,0.8487201290587909,0.012987012987012988,0.007069333631553706,0.02373989550567504,0.7943113857562042,0.9005276567023855
FILD or FILA ADJUDICATED,5,1150510078,zebra_raw,8,769,22,0.9514014265539817,0.02860858257477243,0.01896739582103829,0.04293593283021844,0.9009422577424787,0.9858607951392028
FILD or FILA ADJUDICATED,5,1150510078,zebra_raw,9,770,74,0.996590082278707,0.09610389610389611,0.07724637265453546,0.1189714147099396,0.9859072326047379,1.0
FILD or FILA ADJUDICATED,5,1150510078,zebra_isotonic,0,770,1,0.0017765766792222505,0.0012987012987012987,0.00022928946639889794,0.007319361170123334,0.0,0.003676470588235294
FILD or FILA ADJUDICATED,5,1150510078,zebra_isotonic,1,769,1,0.004033174067912138,0.0013003901170351106,0.0002295876800841234,0.007328830355107483,0.003676470588235294,0.005040957781978576
FILD or FILA ADJUDICATED,5,1150510078,zebra_isotonic,2,770,4,0.005040957781978577,0.005194805194805195,0.0020219574690050306,0.013280219334419372,0.005040957781978576,0.005040957781978576
FILD or FILA ADJUDICATED,5,1150510078,zebra_isotonic,4,770,8,0.005040957781978577,0.01038961038961039,0.005273784940225151,0.020366426752402144,0.005040957781978576,0.005040957781978576
FILD or FILA ADJUDICATED,5,1150510078,zebra_isotonic,3,769,9,0.005040957781978578,0.011703511053315995,0.006169270449727107,0.022091970677298834,0.005040957781978576,0.005040957781978576
FILD or FILA ADJUDICATED,5,1150510078,zebra_isotonic,5,769,8,0.0060848126111853525,0.010403120936280884,0.005280654829476248,0.0203927334110704,0.005040957781978576,0.011194029850746268
FILD or FILA ADJUDICATED,5,1150510078,zebra_isotonic,6,769,14,0.011924904580218686,0.018205461638491547,0.010875078260352153,0.030325427299070243,0.011194029850746268,0.017054263565891473
FILD or FILA ADJUDICATED,5,1150510078,zebra_isotonic,7,770,12,0.01705426356589147,0.015584415584415584,0.008937040176158829,0.027041206405671363,0.017054263565891473,0.017054263565891473
FILD or FILA ADJUDICATED,5,1150510078,zebra_isotonic,8,769,23,0.026101619196487385,0.02990897269180754,0.02001129965969971,0.04447988187803632,0.017054263565891473,0.046703296703296704
FILD or FILA ADJUDICATED,5,1150510078,zebra_isotonic,9,770,72,0.10328051555701467,0.09350649350649351,0.07491255360413981,0.11613621631573379,0.046703296703296704,0.5161290322580645
FILD or FILA ADJUDICATED,5,1150510078,genomic_raw,0,770,12,2.9653894916379375e-06,0.015584415584415584,0.008937040176158829,0.027041206405671363,1.722700300231611e-08,7.1902197337005205e-06
FILD or FILA ADJUDICATED,5,1150510078,genomic_raw,1,769,6,1.5953641552245215e-05,0.007802340702210663,0.003580646807040671,0.016917035660547395,7.208831788995036e-06,2.764144022155494e-05
FILD or FILA ADJUDICATED,5,1150510078,genomic_raw,2,770,20,4.521717563099137e-05,0.025974025974025976,0.016876091691355087,0.03977822466888089,2.7687369908119277e-05,6.702769987438649e-05
FILD or FILA ADJUDICATED,5,1150510078,genomic_raw,3,769,12,0.00010265377056334812,0.015604681404421327,0.008948690331271528,0.027076109455192295,6.706876475712726e-05,0.00014619184355203123
FILD or FILA ADJUDICATED,5,1150510078,genomic_raw,4,770,11,0.00021704238801939054,0.014285714285714285,0.007995323688185082,0.025398414171344384,0.00014631244080775152,0.0003081323490711741
FILD or FILA ADJUDICATED,5,1150510078,genomic_raw,5,769,9,0.00046093837522913556,0.011703511053315995,0.006169270449727107,0.022091970677298834,0.00030833833216836623,0.0006615850436756458
FILD or FILA ADJUDICATED,5,1150510078,genomic_raw,6,769,20,0.000983109709225762,0.02600780234070221,0.016898117575631134,0.03982950530266702,0.000661601703692487,0.0014107313450865498
FILD or FILA ADJUDICATED,5,1150510078,genomic_raw,7,770,16,0.0022856939499160383,0.02077922077922078,0.012830175613871217,0.033486105857161864,0.0014110187776762676,0.0034379155953658184
FILD or FILA ADJUDICATED,5,1150510078,genomic_raw,8,769,20,0.00666928140679288,0.02600780234070221,0.016898117575631134,0.03982950530266702,0.0034542480197181746,0.012601923339691335
FILD or FILA ADJUDICATED,5,1150510078,genomic_raw,9,770,26,0.07693475426580268,0.033766233766233764,0.023145571320675448,0.04901579737336487,0.012612692307600867,0.8101864584522338
FILD or FILA ADJUDICATED,5,1150510078,genomic_isotonic,0,770,9,0.01713238698251003,0.011688311688311689,0.006161243000312308,0.022063477414615715,0.0,0.018714602314700814
FILD or FILA ADJUDICATED,5,1150510078,genomic_isotonic,1,769,13,0.018714602314700814,0.016905071521456438,0.009905619514842359,0.028707033158100748,0.018714602314700814,0.018714602314700814
FILD or FILA ADJUDICATED,5,1150510078,genomic_isotonic,3,769,14,0.018714602314700814,0.018205461638491547,0.010875078260352153,0.030325427299070243,0.018714602314700814,0.018714602314700814
FILD or FILA ADJUDICATED,5,1150510078,genomic_isotonic,5,769,18,0.018714602314700814,0.02340702210663199,0.014856495571086814,0.03669542153425275,0.018714602314700814,0.018714602314700814
FILD or FILA ADJUDICATED,5,1150510078,genomic_isotonic,6,769,13,0.018714602314700814,0.016905071521456438,0.009905619514842359,0.028707033158100748,0.018714602314700814,0.018714602314700814
FILD or FILA ADJUDICATED,5,1150510078,genomic_isotonic,8,769,17,0.018714602314700814,0.022106631989596878,0.013847378881987714,0.03511668533687256,0.018714602314700814,0.018714602314700814
FILD or FILA ADJUDICATED,5,1150510078,genomic_isotonic,2,770,12,0.018714602314700818,0.015584415584415584,0.008937040176158829,0.027041206405671363,0.018714602314700814,0.018714602314700814
FILD or FILA ADJUDICATED,5,1150510078,genomic_isotonic,4,770,15,0.018714602314700818,0.01948051948051948,0.011840409174050253,0.0318913635746821,0.018714602314700814,0.018714602314700814
FILD or FILA ADJUDICATED,5,1150510078,genomic_isotonic,7,770,16,0.018714602314700818,0.02077922077922078,0.012830175613871217,0.033486105857161864,0.018714602314700814,0.018714602314700814
FILD or FILA ADJUDICATED,5,1150510078,genomic_isotonic,9,770,25,0.033486132999530314,0.032467532467532464,0.022086969431753586,0.04748989053998599,0.018714602314700814,0.14285714285714285
FILD or FILA ADJUDICATED,5,1150510078,combined_raw,0,770,3,0.02801389095059918,0.003896103896103896,0.0013258926936253902,0.011391775387498288,0.00761668587705753,0.03811956564223348
FILD or FILA ADJUDICATED,5,1150510078,combined_raw,1,769,3,0.046118880641042824,0.0039011703511053317,0.001327618000260774,0.011406505807889416,0.03812366577589965,0.053911534892386766
FILD or FILA ADJUDICATED,5,1150510078,combined_raw,2,770,5,0.06249549287906328,0.006493506493506494,0.0027767335367897463,0.01510995198893538,0.05398504577513001,0.0711687167978975
FILD or FILA ADJUDICATED,5,1150510078,combined_raw,3,769,4,0.08145660885111486,0.005201560468140442,0.0020245891497467933,0.013297387544882687,0.071197306454272,0.0929310000490925
FILD or FILA ADJUDICATED,5,1150510078,combined_raw,4,770,8,0.10630094197278629,0.01038961038961039,0.005273784940225151,0.020366426752402144,0.09294172085156006,0.12118755707243406
FILD or FILA ADJUDICATED,5,1150510078,combined_raw,5,769,8,0.14079088907946843,0.010403120936280884,0.005280654829476248,0.0203927334110704,0.12119369463541022,0.16377783463848344
FILD or FILA ADJUDICATED,5,1150510078,combined_raw,6,769,14,0.1986499271313711,0.018205461638491547,0.010875078260352153,0.030325427299070243,0.163837158368446,0.2435368913018688
FILD or FILA ADJUDICATED,5,1150510078,combined_raw,7,770,11,0.308630013421752,0.014285714285714285,0.007995323688185082,0.025398414171344384,0.2435529775805925,0.3801408129040834
FILD or FILA ADJUDICATED,5,1150510078,combined_raw,8,769,17,0.46038540096841635,0.022106631989596878,0.013847378881987714,0.03511668533687256,0.38018155665416015,0.5393517987658286
FILD or FILA ADJUDICATED,5,1150510078,combined_raw,9,770,79,0.640333982953427,0.1025974025974026,0.0831005084064421,0.12603982256953655,0.5393625374822496,0.9305698625348523
FILD or FILA ADJUDICATED,5,1150510078,combined_isotonic,0,770,2,0.005649730854704179,0.0025974025974025974,0.0007125907061236786,0.009420568652699277,0.0,0.007681564245810056
FILD or FILA ADJUDICATED,5,1150510078,combined_isotonic,1,769,1,0.007681564245810056,0.0013003901170351106,0.0002295876800841234,0.007328830355107483,0.007681564245810056,0.007681564245810056
FILD or FILA ADJUDICATED,5,1150510078,combined_isotonic,2,770,7,0.0076815642458100564,0.00909090909090909,0.004410478976495486,0.01864522399383109,0.007681564245810056,0.007681564245810056
FILD or FILA ADJUDICATED,5,1150510078,combined_isotonic,3,769,5,0.008422356595478157,0.006501950585175552,0.002780348414515579,0.015129481166593194,0.007681564245810056,0.012345679012345678
FILD or FILA ADJUDICATED,5,1150510078,combined_isotonic,4,770,7,0.01307768125724726,0.00909090909090909,0.004410478976495486,0.01864522399383109,0.012345679012345678,0.013723696248856358
FILD or FILA ADJUDICATED,5,1150510078,combined_isotonic,5,769,8,0.013723696248856354,0.010403120936280884,0.005280654829476248,0.0203927334110704,0.013723696248856358,0.013723696248856358
FILD or FILA ADJUDICATED,5,1150510078,combined_isotonic,6,769,17,0.016967588378354236,0.022106631989596878,0.013847378881987714,0.03511668533687256,0.013723696248856358,0.023312883435582823
FILD or FILA ADJUDICATED,5,1150510078,combined_isotonic,7,770,9,0.02331288343558282,0.011688311688311689,0.006161243000312308,0.022063477414615715,0.023312883435582823,0.023312883435582823
FILD or FILA ADJUDICATED,5,1150510078,combined_isotonic,8,769,20,0.0388801333760675,0.02600780234070221,0.016898117575631134,0.03982950530266702,0.023312883435582823,0.04460966542750929
FILD or FILA ADJUDICATED,5,1150510078,combined_isotonic,9,770,76,0.11693332716255814,0.0987012987012987,0.07958474714757134,0.12180205766150516,0.04460966542750929,1.0
FILD or FILA ADJUDICATED,6,1056497211,zebra_raw,0,770,1,0.23396073347597052,0.0012987012987012987,0.00022928946639889794,0.007319361170123334,0.11893743948205666,0.2635653685609524
FILD or FILA ADJUDICATED,6,1056497211,zebra_raw,1,769,0,0.2891421669589285,0.0,0.0,0.004970565148712315,0.26357618006910344,0.31490520263013777
FILD or FILA ADJUDICATED,6,1056497211,zebra_raw,2,770,6,0.34577169908248173,0.007792207792207792,0.0035759904186376326,0.016895203829388215,0.3149090509818816,0.37916377752195607
FILD or FILA ADJUDICATED,6,1056497211,zebra_raw,3,769,4,0.41346085891214973,0.005201560468140442,0.0020245891497467933,0.013297387544882687,0.37918977992445185,0.4490266141978036
FILD or FILA ADJUDICATED,6,1056497211,zebra_raw,4,770,7,0.49484394975901597,0.00909090909090909,0.004410478976495486,0.01864522399383109,0.44907869130306804,0.5469272394072229
FILD or FILA ADJUDICATED,6,1056497211,zebra_raw,5,769,9,0.6071734936001509,0.011703511053315995,0.006169270449727107,0.022091970677298834,0.5469308211408764,0.6680569674360941
FILD or FILA ADJUDICATED,6,1056497211,zebra_raw,6,769,12,0.7336623590105644,0.015604681404421327,0.008948690331271528,0.027076109455192295,0.6681014606204488,0.7916819582987223
FILD or FILA ADJUDICATED,6,1056497211,zebra_raw,7,770,10,0.8462971976338887,0.012987012987012988,0.007069333631553706,0.02373989550567504,0.7919419135256038,0.8984329645210939
FILD or FILA ADJUDICATED,6,1056497211,zebra_raw,8,769,22,0.9484563552289299,0.02860858257477243,0.01896739582103829,0.04293593283021844,0.8984332549784224,0.9848700379705291
FILD or FILA ADJUDICATED,6,1056497211,zebra_raw,9,770,81,0.9961118789350131,0.10519480519480519,0.08544960345108563,0.12885974496949448,0.9849074174738573,1.0
FILD or FILA ADJUDICATED,6,1056497211,zebra_isotonic,0,770,0,0.0019770655946623134,0.0,0.0,0.004964141914221508,0.0,0.003372681281618887
FILD or FILA ADJUDICATED,6,1056497211,zebra_isotonic,1,769,1,0.0038742781616614764,0.0013003901170351106,0.0002295876800841234,0.007328830355107483,0.003372681281618887,0.004359197907585004
FILD or FILA ADJUDICATED,6,1056497211,zebra_isotonic,2,770,7,0.004359197907585003,0.00909090909090909,0.004410478976495486,0.01864522399383109,0.004359197907585004,0.004359197907585004
FILD or FILA ADJUDICATED,6,1056497211,zebra_isotonic,3,769,4,0.005793016123237017,0.005201560468140442,0.0020245891497467933,0.013297387544882687,0.004359197907585004,0.010922330097087379
FILD or FILA ADJUDICATED,6,1056497211,zebra_isotonic,4,770,8,0.010922330097087376,0.01038961038961039,0.005273784940225151,0.020366426752402144,0.010922330097087379,0.010922330097087379
FILD or FILA ADJUDICATED,6,1056497211,zebra_isotonic,5,769,7,0.011889839791592546,0.009102730819245773,0.004416223152723785,0.01866931220134357,0.010922330097087379,0.012422360248447204
FILD or FILA ADJUDICATED,6,1056497211,zebra_isotonic,6,769,15,0.01517144850430259,0.01950585175552666,0.01185585151954993,0.03193250692635176,0.012422360248447204,0.01682905225863596
FILD or FILA ADJUDICATED,6,1056497211,zebra_isotonic,7,770,13,0.01682905225863596,0.016883116883116882,0.009892721428977881,0.028670033875153024,0.01682905225863596,0.01682905225863596
FILD or FILA ADJUDICATED,6,1056497211,zebra_isotonic,8,769,14,0.02234611554759764,0.018205461638491547,0.010875078260352153,0.030325427299070243,0.01682905225863596,0.03987730061349693
FILD or FILA ADJUDICATED,6,1056497211,zebra_isotonic,9,770,83,0.10108623226492651,0.10779220779220779,0.0878027436258213,0.13167562223936025,0.03987730061349693,0.509090909090909
FILD or FILA ADJUDICATED,6,1056497211,genomic_raw,0,770,8,1.044633715517052e-05,0.01038961038961039,0.005273784940225151,0.020366426752402144,1.8362133939241744e-06,1.730681549568195e-05
FILD or FILA ADJUDICATED,6,1056497211,genomic_raw,1,769,11,2.538614186964764e-05,0.014304291287386216,0.008005744470847457,0.025431202429137063,1.730927191480557e-05,3.4944934642015213e-05
FILD or FILA ADJUDICATED,6,1056497211,genomic_raw,2,770,13,4.796146019752022e-05,0.016883116883116882,0.009892721428977881,0.028670033875153024,3.500110192061195e-05,6.406959752689745e-05
FILD or FILA ADJUDICATED,6,1056497211,genomic_raw,3,769,13,9.086167550688691e-05,0.016905071521456438,0.009905619514842359,0.028707033158100748,6.410757911061358e-05,0.00012621464658605047
FILD or FILA ADJUDICATED,6,1056497211,genomic_raw,4,770,15,0.0001973522091317292,0.01948051948051948,0.011840409174050253,0.0318913635746821,0.00012621827047590384,0.0003035119364267833
FILD or FILA ADJUDICATED,6,1056497211,genomic_raw,5,769,15,0.00047563090387509006,0.01950585175552666,0.01185585151954993,0.03193250692635176,0.00030367358743033334,0.0007097398391074742
FILD or FILA ADJUDICATED,6,1056497211,genomic_raw,6,769,24,0.0010968345273551533,0.031209362808842653,0.02106088189967261,0.0460181525245427,0.0007109897088964331,0.001588531913887035
FILD or FILA ADJUDICATED,6,1056497211,genomic_raw,7,770,18,0.0023824844249943507,0.023376623376623377,0.014837136266102694,0.036648162649531836,0.0015887505882681693,0.0034615605848007476
FILD or FILA ADJUDICATED,6,1056497211,genomic_raw,8,769,16,0.005910251914781217,0.02080624187256177,0.01284691135930053,0.033529299973080455,0.003463188208686708,0.009561631604612443
FILD or FILA ADJUDICATED,6,1056497211,genomic_raw,9,770,19,0.03731031795850782,0.024675324675324677,0.015852913748522608,0.03821689388941264,0.009565863278472395,0.5611082811660182
FILD or FILA ADJUDICATED,6,1056497211,genomic_isotonic,0,770,11,0.006900258007371112,0.014285714285714285,0.007995323688185082,0.025398414171344384,0.0,0.011160714285714286
FILD or FILA ADJUDICATED,6,1056497211,genomic_isotonic,1,769,9,0.012975520294998022,0.011703511053315995,0.006169270449727107,0.022091970677298834,0.011160714285714286,0.016015374759769378
FILD or FILA ADJUDICATED,6,1056497211,genomic_isotonic,2,770,17,0.01601537475976938,0.02207792207792208,0.01382933715277743,0.03507145304055638,0.016015374759769378,0.016015374759769378
FILD or FILA ADJUDICATED,6,1056497211,genomic_isotonic,3,769,10,0.01601537475976938,0.013003901170351105,0.007078545900378475,0.023770548113126753,0.016015374759769378,0.016015374759769378
FILD or FILA ADJUDICATED,6,1056497211,genomic_isotonic,4,770,14,0.01874779822692732,0.01818181818181818,0.010860915582275707,0.030286348444155925,0.016015374759769378,0.021377672209026127
FILD or FILA ADJUDICATED,6,1056497211,genomic_isotonic,5,769,13,0.021996480708478237,0.016905071521456438,0.009905619514842359,0.028707033158100748,0.021377672209026127,0.022172949002217297
FILD or FILA ADJUDICATED,6,1056497211,genomic_isotonic,6,769,16,0.0255945132034064,0.02080624187256177,0.01284691135930053,0.033529299973080455,0.022172949002217297,0.025991792065663474
FILD or FILA ADJUDICATED,6,1056497211,genomic_isotonic,7,770,23,0.02599179206566348,0.02987012987012987,0.01998520545069876,0.044422637076439384,0.025991792065663474,0.025991792065663474
FILD or FILA ADJUDICATED,6,1056497211,genomic_isotonic,8,769,19,0.025991792065663485,0.0247074122236671,0.01587360135768905,0.03826616863412981,0.025991792065663474,0.025991792065663474
FILD or FILA ADJUDICATED,6,1056497211,genomic_isotonic,9,770,20,0.030541181394705984,0.025974025974025976,0.016876091691355087,0.03977822466888089,0.025991792065663474,0.09090909090909091
FILD or FILA ADJUDICATED,6,1056497211,combined_raw,0,770,2,0.034113145426208746,0.0025974025974025974,0.0007125907061236786,0.009420568652699277,0.017045749710104686,0.04203836671481642
FILD or FILA ADJUDICATED,6,1056497211,combined_raw,1,769,4,0.04766166274881185,0.005201560468140442,0.0020245891497467933,0.013297387544882687,0.042052849509453906,0.052699734178491005
FILD or FILA ADJUDICATED,6,1056497211,combined_raw,2,770,6,0.05780859369118437,0.007792207792207792,0.0035759904186376326,0.016895203829388215,0.05272908327933094,0.06283053482854983
FILD or FILA ADJUDICATED,6,1056497211,combined_raw,3,769,6,0.06781232350303852,0.007802340702210663,0.003580646807040671,0.016917035660547395,0.06284111467973652,0.07332383931699885
FILD or FILA ADJUDICATED,6,1056497211,combined_raw,4,770,6,0.07910867664916146,0.007792207792207792,0.0035759904186376326,0.016895203829388215,0.07332981856828563,0.08525856115055236
FILD or FILA ADJUDICATED,6,1056497211,combined_raw,5,769,8,0.09187450710464651,0.010403120936280884,0.005280654829476248,0.0203927334110704,0.0852949353558971,0.09931938977614481
FILD or FILA ADJUDICATED,6,1056497211,combined_raw,6,769,5,0.10916166711424562,0.006501950585175552,0.002780348414515579,0.015129481166593194,0.0993199202187758,0.11959297410521383
FILD or FILA ADJUDICATED,6,1056497211,combined_raw,7,770,15,0.13362221076303613,0.01948051948051948,0.011840409174050253,0.0318913635746821,0.11964879620180975,0.14845131605406395
FILD or FILA ADJUDICATED,6,1056497211,combined_raw,8,769,24,0.17299924419882282,0.031209362808842653,0.02106088189967261,0.0460181525245427,0.14847283905043124,0.20414440767182598
FILD or FILA ADJUDICATED,6,1056497211,combined_raw,9,770,76,0.28257008763922514,0.0987012987012987,0.07958474714757134,0.12180205766150516,0.20415814055995352,0.5975781936541641
FILD or FILA ADJUDICATED,6,1056497211,combined_isotonic,0,770,4,0.006197997873635427,0.005194805194805195,0.0020219574690050306,0.013280219334419372,0.0,0.007892659826361484
FILD or FILA ADJUDICATED,6,1056497211,combined_isotonic,1,769,5,0.007892659826361486,0.006501950585175552,0.002780348414515579,0.015129481166593194,0.007892659826361484,0.007892659826361484
FILD or FILA ADJUDICATED,6,1056497211,combined_isotonic,2,770,3,0.007902508132918006,0.003896103896103896,0.0013258926936253902,0.011391775387498288,0.007892659826361484,0.012438916037316748
FILD or FILA ADJUDICATED,6,1056497211,combined_isotonic,3,769,3,0.01243891603731675,0.0039011703511053317,0.001327618000260774,0.011406505807889416,0.012438916037316748,0.012438916037316748
FILD or FILA ADJUDICATED,6,1056497211,combined_isotonic,4,770,10,0.01243891603731675,0.012987012987012988,0.007069333631553706,0.02373989550567504,0.012438916037316748,0.012438916037316748
FILD or FILA ADJUDICATED,6,1056497211,combined_isotonic,5,769,8,0.01243891603731675,0.010403120936280884,0.005280654829476248,0.0203927334110704,0.012438916037316748,0.012438916037316748
FILD or FILA ADJUDICATED,6,1056497211,combined_isotonic,6,769,9,0.01243891603731675,0.011703511053315995,0.006169270449727107,0.022091970677298834,0.012438916037316748,0.012438916037316748
FILD or FILA ADJUDICATED,6,1056497211,combined_isotonic,7,770,17,0.01698519340596017,0.02207792207792208,0.01382933715277743,0.03507145304055638,0.012438916037316748,0.023809523809523808
FILD or FILA ADJUDICATED,6,1056497211,combined_isotonic,8,769,21,0.02380952380952381,0.027308192457737322,0.017929533535624646,0.041385942229152796,0.023809523809523808,0.023809523809523808
FILD or FILA ADJUDICATED,6,1056497211,combined_isotonic,9,770,72,0.1290877612187165,0.09350649350649351,0.07491255360413981,0.11613621631573379,0.023809523809523808,1.0
FILD or FILA ADJUDICATED,7,1439170442,zebra_raw,0,770,0,0.23341482821882295,0.0,0.0,0.004964141914221508,0.11693488945217027,0.26272393947326766
FILD or FILA ADJUDICATED,7,1439170442,zebra_raw,1,769,3,0.2871557261987004,0.0039011703511053317,0.001327618000260774,0.011406505807889416,0.26280161537040997,0.31247807889891516
FILD or FILA ADJUDICATED,7,1439170442,zebra_raw,2,770,3,0.3440275969211353,0.003896103896103896,0.0013258926936253902,0.011391775387498288,0.3125969254244962,0.3761338732577787
FILD or FILA ADJUDICATED,7,1439170442,zebra_raw,3,769,5,0.411931992092239,0.006501950585175552,0.002780348414515579,0.015129481166593194,0.3761425573344246,0.44907869130306804
FILD or FILA ADJUDICATED,7,1439170442,zebra_raw,4,770,10,0.4934419777616369,0.012987012987012988,0.007069333631553706,0.02373989550567504,0.4492273624574113,0.5448355037708479
FILD or FILA ADJUDICATED,7,1439170442,zebra_raw,5,769,7,0.6071211537965454,0.009102730819245773,0.004416223152723785,0.01866931220134357,0.5449975885998207,0.6690035811683993
FILD or FILA ADJUDICATED,7,1439170442,zebra_raw,6,769,14,0.7337747763928103,0.018205461638491547,0.010875078260352153,0.030325427299070243,0.6690088408159459,0.7916819582987223
FILD or FILA ADJUDICATED,7,1439170442,zebra_raw,7,770,7,0.8470215608224542,0.00909090909090909,0.004410478976495486,0.01864522399383109,0.7919419135256038,0.9001362981113881
FILD or FILA ADJUDICATED,7,1439170442,zebra_raw,8,769,23,0.9495651141305433,0.02990897269180754,0.02001129965969971,0.04447988187803632,0.9002870229318725,0.9840721980272251
FILD or FILA ADJUDICATED,7,1439170442,zebra_raw,9,770,80,0.9960872879923803,0.1038961038961039,0.0842745420698438,0.1274502976284356,0.9840733223326601,1.0
FILD or FILA ADJUDICATED,7,1439170442,zebra_isotonic,0,770,1,0.0018428007105483954,0.0012987012987012987,0.00022928946639889794,0.007319361170123334,0.0,0.003218020917135961
FILD or FILA ADJUDICATED,7,1439170442,zebra_isotonic,1,769,4,0.00321802091713596,0.005201560468140442,0.0020245891497467933,0.013297387544882687,0.003218020917135961,0.003218020917135961
FILD or FILA ADJUDICATED,7,1439170442,zebra_isotonic,2,770,3,0.0038675653695787286,0.003896103896103896,0.0013258926936253902,0.011391775387498288,0.003218020917135961,0.0069504778453518675
FILD or FILA ADJUDICATED,7,1439170442,zebra_isotonic,3,769,8,0.006950477845351867,0.010403120936280884,0.005280654829476248,0.0203927334110704,0.0069504778453518675,0.0069504778453518675
FILD or FILA ADJUDICATED,7,1439170442,zebra_isotonic,4,770,4,0.0069504778453518675,0.005194805194805195,0.0020219574690050306,0.013280219334419372,0.0069504778453518675,0.0069504778453518675
FILD or FILA ADJUDICATED,7,1439170442,zebra_isotonic,5,769,11,0.011269863497858891,0.014304291287386216,0.008005744470847457,0.025431202429137063,0.0069504778453518675,0.01308139534883721
FILD or FILA ADJUDICATED,7,1439170442,zebra_isotonic,6,769,10,0.013914510192941694,0.013003901170351105,0.007078545900378475,0.023770548113126753,0.01308139534883721,0.02089864158829676
FILD or FILA ADJUDICATED,7,1439170442,zebra_isotonic,7,770,15,0.020898641588296768,0.01948051948051948,0.011840409174050253,0.0318913635746821,0.02089864158829676,0.02089864158829676
FILD or FILA ADJUDICATED,7,1439170442,zebra_isotonic,8,769,17,0.021751807041490153,0.022106631989596878,0.013847378881987714,0.03511668533687256,0.02089864158829676,0.041401273885350316
FILD or FILA ADJUDICATED,7,1439170442,zebra_isotonic,9,770,79,0.10534292763216498,0.1025974025974026,0.0831005084064421,0.12603982256953655,0.041401273885350316,0.49019607843137253
FILD or FILA ADJUDICATED,7,1439170442,genomic_raw,0,770,8,0.0015028021414031933,0.01038961038961039,0.005273784940225151,0.020366426752402144,0.00014886359170374508,0.002530777162713123
FILD or FILA ADJUDICATED,7,1439170442,genomic_raw,1,769,16,0.003769405362549097,0.02080624187256177,0.01284691135930053,0.033529299973080455,0.0025330904404730994,0.005163685573972562
FILD or FILA ADJUDICATED,7,1439170442,genomic_raw,2,770,9,0.007520345019839617,0.011688311688311689,0.006161243000312308,0.022063477414615715,0.005167528100499166,0.010390797989199127
FILD or FILA ADJUDICATED,7,1439170442,genomic_raw,3,769,18,0.015153310311065642,0.02340702210663199,0.014856495571086814,0.03669542153425275,0.010395123487592663,0.02187843634850277
FILD or FILA ADJUDICATED,7,1439170442,genomic_raw,4,770,18,0.03399043218001275,0.023376623376623377,0.014837136266102694,0.036648162649531836,0.02188086826353255,0.04879464520045837
FILD or FILA ADJUDICATED,7,1439170442,genomic_raw,5,769,14,0.07061682669006551,0.018205461638491547,0.010875078260352153,0.030325427299070243,0.04883500122339116,0.09676106395373806
FILD or FILA ADJUDICATED,7,1439170442,genomic_raw,6,769,13,0.1285321387345719,0.016905071521456438,0.009905619514842359,0.028707033158100748,0.09679067071442625,0.1651539956387887
FILD or FILA ADJUDICATED,7,1439170442,genomic_raw,7,770,18,0.2098754872966798,0.023376623376623377,0.014837136266102694,0.036648162649531836,0.16559681210947913,0.2597947473487114
FILD or FILA ADJUDICATED,7,1439170442,genomic_raw,8,769,16,0.3257316173131072,0.02080624187256177,0.01284691135930053,0.033529299973080455,0.25982604313597507,0.40390948965310025
FILD or FILA ADJUDICATED,7,1439170442,genomic_raw,9,770,22,0.5543568576658331,0.02857142857142857,0.018942666074440347,0.04288066773039707,0.4041326246075996,0.9471326446499034
FILD or FILA ADJUDICATED,7,1439170442,genomic_isotonic,0,770,17,0.01361949738573115,0.02207792207792208,0.01382933715277743,0.03507145304055638,0.0,0.013708513708513708
FILD or FILA ADJUDICATED,7,1439170442,genomic_isotonic,1,769,9,0.01532508567138745,0.011703511053315995,0.006169270449727107,0.022091970677298834,0.013708513708513708,0.021108179419525065
FILD or FILA ADJUDICATED,7,1439170442,genomic_isotonic,2,770,8,0.021108179419525065,0.01038961038961039,0.005273784940225151,0.020366426752402144,0.021108179419525065,0.021108179419525065
FILD or FILA ADJUDICATED,7,1439170442,genomic_isotonic,3,769,17,0.021581498545361674,0.022106631989596878,0.013847378881987714,0.03511668533687256,0.021108179419525065,0.021696252465483234
FILD or FILA ADJUDICATED,7,1439170442,genomic_isotonic,4,770,17,0.02177987267618462,0.02207792207792208,0.01382933715277743,0.03507145304055638,0.021696252465483234,0.022556390977443608
FILD or FILA ADJUDICATED,7,1439170442,genomic_isotonic,5,769,16,0.022556390977443604,0.02080624187256177,0.01284691135930053,0.033529299973080455,0.022556390977443608,0.022556390977443608
FILD or FILA ADJUDICATED,7,1439170442,genomic_isotonic,6,769,16,0.022556390977443604,0.02080624187256177,0.01284691135930053,0.033529299973080455,0.022556390977443608,0.022556390977443608
FILD or FILA ADJUDICATED,7,1439170442,genomic_isotonic,8,769,16,0.022556390977443604,0.02080624187256177,0.01284691135930053,0.033529299973080455,0.022556390977443608,0.022556390977443608
FILD or FILA ADJUDICATED,7,1439170442,genomic_isotonic,7,770,18,0.022556390977443608,0.023376623376623377,0.014837136266102694,0.036648162649531836,0.022556390977443608,0.022556390977443608
FILD or FILA ADJUDICATED,7,1439170442,genomic_isotonic,9,770,18,0.025749809143558188,0.023376623376623377,0.014837136266102694,0.036648162649531836,0.022556390977443608,0.037037037037037035
FILD or FILA ADJUDICATED,7,1439170442,combined_raw,0,770,3,0.005025775889226793,0.003896103896103896,0.0013258926936253902,0.011391775387498288,0.0015368361765836854,0.007208070214916824
FILD or FILA ADJUDICATED,7,1439170442,combined_raw,1,769,0,0.009191918462865524,0.0,0.0,0.004970565148712315,0.0072107097127940755,0.011108239613791721
FILD or FILA ADJUDICATED,7,1439170442,combined_raw,2,770,2,0.01356303979490244,0.0025974025974025974,0.0007125907061236786,0.009420568652699277,0.01111067667380559,0.016329856336484632
FILD or FILA ADJUDICATED,7,1439170442,combined_raw,3,769,11,0.019600468816101023,0.014304291287386216,0.008005744470847457,0.025431202429137063,0.016338870533043812,0.023061960968096717
FILD or FILA ADJUDICATED,7,1439170442,combined_raw,4,770,5,0.02743318792587437,0.006493506493506494,0.0027767335367897463,0.01510995198893538,0.023066812420657022,0.03240918819328342
FILD or FILA ADJUDICATED,7,1439170442,combined_raw,5,769,5,0.0387650814050133,0.006501950585175552,0.002780348414515579,0.015129481166593194,0.03241217146723872,0.04627275693649847
FILD or FILA ADJUDICATED,7,1439170442,combined_raw,6,769,10,0.05698914691068694,0.013003901170351105,0.007078545900378475,0.023770548113126753,0.04632271594242919,0.06950838619009608
FILD or FILA ADJUDICATED,7,1439170442,combined_raw,7,770,20,0.08759803177994144,0.025974025974025976,0.016876091691355087,0.03977822466888089,0.06955138848390387,0.11084456266478158
FILD or FILA ADJUDICATED,7,1439170442,combined_raw,8,769,17,0.15429944506105378,0.022106631989596878,0.013847378881987714,0.03511668533687256,0.1112199737041873,0.21497058123927357
FILD or FILA ADJUDICATED,7,1439170442,combined_raw,9,770,79,0.4169021456291191,0.1025974025974026,0.0831005084064421,0.12603982256953655,0.2152715107161088,0.9497122875896448
FILD or FILA ADJUDICATED,7,1439170442,combined_isotonic,0,770,3,0.0037625600177584114,0.003896103896103896,0.0013258926936253902,0.011391775387498288,0.0,0.00847457627118644
FILD or FILA ADJUDICATED,7,1439170442,combined_isotonic,1,769,5,0.009485447510704209,0.006501950585175552,0.002780348414515579,0.015129481166593194,0.00847457627118644,0.009548058561425843
FILD or FILA ADJUDICATED,7,1439170442,combined_isotonic,2,770,5,0.009548058561425845,0.006493506493506494,0.0027767335367897463,0.01510995198893538,0.009548058561425843,0.009548058561425843
FILD or FILA ADJUDICATED,7,1439170442,combined_isotonic,3,769,3,0.010029194736565715,0.0039011703511053317,0.001327618000260774,0.011406505807889416,0.009548058561425843,0.01384083044982699
FILD or FILA ADJUDICATED,7,1439170442,combined_isotonic,4,770,11,0.01756932680377438,0.014285714285714285,0.007995323688185082,0.025398414171344384,0.01384083044982699,0.0215633423180593
FILD or FILA ADJUDICATED,7,1439170442,combined_isotonic,5,769,7,0.021563342318059297,0.009102730819245773,0.004416223152723785,0.01866931220134357,0.0215633423180593,0.0215633423180593
FILD or FILA ADJUDICATED,7,1439170442,combined_isotonic,6,769,6,0.021563342318059297,0.007802340702210663,0.003580646807040671,0.016917035660547395,0.0215633423180593,0.0215633423180593
FILD or FILA ADJUDICATED,7,1439170442,combined_isotonic,7,770,21,0.02605589868517446,0.02727272727272727,0.017906160074157684,0.04133266500837901,0.0215633423180593,0.033950617283950615
FILD or FILA ADJUDICATED,7,1439170442,combined_isotonic,8,769,11,0.03476667788625256,0.014304291287386216,0.008005744470847457,0.025431202429137063,0.033950617283950615,0.0371900826446281
FILD or FILA ADJUDICATED,7,1439170442,combined_isotonic,9,770,80,0.10513419917016693,0.1038961038961039,0.0842745420698438,0.1274502976284356,0.0371900826446281,0.75
FILD or FILA ADJUDICATED,8,284541068,zebra_raw,0,770,3,0.23064362016828616,0.003896103896103896,0.0013258926936253902,0.011391775387498288,0.11052533634471677,0.2597474148447815
FILD or FILA ADJUDICATED,8,284541068,zebra_raw,1,769,2,0.28549485523359736,0.002600780234070221,0.0007135177289523901,0.009432753192718508,0.25975319901855765,0.31233544018253606
FILD or FILA ADJUDICATED,8,284541068,zebra_raw,2,770,3,0.3422324843176366,0.003896103896103896,0.0013258926936253902,0.011391775387498288,0.3124190638873576,0.3754533784657197
FILD or FILA ADJUDICATED,8,284541068,zebra_raw,3,769,7,0.4090432399359437,0.009102730819245773,0.004416223152723785,0.01866931220134357,0.3756760952334964,0.44463668311004534
FILD or FILA ADJUDICATED,8,284541068,zebra_raw,4,770,6,0.49225621997774066,0.007792207792207792,0.0035759904186376326,0.016895203829388215,0.44482017852215894,0.5428851516742825
FILD or FILA ADJUDICATED,8,284541068,zebra_raw,5,769,8,0.6032178995899763,0.010403120936280884,0.005280654829476248,0.0203927334110704,0.5430503347508041,0.6659730227085255
FILD or FILA ADJUDICATED,8,284541068,zebra_raw,6,769,13,0.7314398408683069,0.016905071521456438,0.009905619514842359,0.028707033158100748,0.6660719586266501,0.7932292598136429
FILD or FILA ADJUDICATED,8,284541068,zebra_raw,7,770,12,0.8479630447289047,0.015584415584415584,0.008937040176158829,0.027041206405671363,0.7932433714207565,0.9010687245335479
FILD or FILA ADJUDICATED,8,284541068,zebra_raw,8,769,24,0.9516079534845407,0.031209362808842653,0.02106088189967261,0.0460181525245427,0.901189661903329,0.9860843461239837
FILD or FILA ADJUDICATED,8,284541068,zebra_raw,9,770,74,0.9965228277998777,0.09610389610389611,0.07724637265453546,0.1189714147099396,0.986090694495255,1.0
FILD or FILA ADJUDICATED,8,284541068,zebra_isotonic,0,770,1,0.0,0.0012987012987012987,0.00022928946639889794,0.007319361170123334,0.0,0.0
FILD or FILA ADJUDICATED,8,284541068,zebra_isotonic,1,769,4,0.0,0.005201560468140442,0.0020245891497467933,0.013297387544882687,0.0,0.0
FILD or FILA ADJUDICATED,8,284541068,zebra_isotonic,2,770,4,0.005221360525582297,0.005194805194805195,0.0020219574690050306,0.013280219334419372,0.00041917350673683056,0.0052310374891020054
FILD or FILA ADJUDICATED,8,284541068,zebra_isotonic,3,769,6,0.005231037489102005,0.007802340702210663,0.003580646807040671,0.016917035660547395,0.0052310374891020054,0.0052310374891020054
FILD or FILA ADJUDICATED,8,284541068,zebra_isotonic,4,770,7,0.009271761275668687,0.00909090909090909,0.004410478976495486,0.01864522399383109,0.0052310374891020054,0.013123359580052493
FILD or FILA ADJUDICATED,8,284541068,zebra_isotonic,5,769,10,0.013477018531022457,0.013003901170351105,0.007078545900378475,0.023770548113126753,0.013123359580052493,0.013939838591342627
FILD or FILA ADJUDICATED,8,284541068,zebra_isotonic,6,769,11,0.013939838591342625,0.014304291287386216,0.008005744470847457,0.025431202429137063,0.013939838591342627,0.013939838591342627
FILD or FILA ADJUDICATED,8,284541068,zebra_isotonic,7,770,10,0.013939838591342625,0.012987012987012988,0.007069333631553706,0.02373989550567504,0.013939838591342627,0.013939838591342627
FILD or FILA ADJUDICATED,8,284541068,zebra_isotonic,8,769,25,0.02427871471150871,0.032509752925877766,0.0221158152388249,0.04755107207186972,0.013939838591342627,0.05250596658711217
FILD or FILA ADJUDICATED,8,284541068,zebra_isotonic,9,770,74,0.10349346646027834,0.09610389610389611,0.07724637265453546,0.1189714147099396,0.05250596658711217,0.5737704918032787
FILD or FILA ADJUDICATED,8,284541068,genomic_raw,0,770,11,0.08970981839698562,0.014285714285714285,0.007995323688185082,0.025398414171344384,0.01477942840247649,0.12565531306420685
FILD or FILA ADJUDICATED,8,284541068,genomic_raw,1,769,19,0.154656896800103,0.0247074122236671,0.01587360135768905,0.03826616863412981,0.1257357844771314,0.1807632072613367
FILD or FILA ADJUDICATED,8,284541068,genomic_raw,2,770,18,0.2030853104600988,0.023376623376623377,0.014837136266102694,0.036648162649531836,0.1808233940022876,0.2237757652065181
FILD or FILA ADJUDICATED,8,284541068,genomic_raw,3,769,15,0.24547081474024227,0.01950585175552666,0.01185585151954993,0.03193250692635176,0.22385023969698614,0.2673576508551836
FILD or FILA ADJUDICATED,8,284541068,genomic_raw,4,770,12,0.2892607152205993,0.015584415584415584,0.008937040176158829,0.027041206405671363,0.2673578994266139,0.31055320048194834
FILD or FILA ADJUDICATED,8,284541068,genomic_raw,5,769,16,0.3327925133846455,0.02080624187256177,0.01284691135930053,0.033529299973080455,0.3105566712322456,0.35740025703126604
FILD or FILA ADJUDICATED,8,284541068,genomic_raw,6,769,14,0.38042268236056054,0.018205461638491547,0.010875078260352153,0.030325427299070243,0.35749106281225507,0.4056727625223287
FILD or FILA ADJUDICATED,8,284541068,genomic_raw,7,770,12,0.4313198492853045,0.015584415584415584,0.008937040176158829,0.027041206405671363,0.4056907919196106,0.45667881237760993
FILD or FILA ADJUDICATED,8,284541068,genomic_raw,8,769,16,0.48573385488450654,0.02080624187256177,0.01284691135930053,0.033529299973080455,0.45668686213905574,0.5214984552247178
FILD or FILA ADJUDICATED,8,284541068,genomic_raw,9,770,19,0.5888654891308828,0.024675324675324677,0.015852913748522608,0.03821689388941264,0.5215137633128827,0.7940777112547068
FILD or FILA ADJUDICATED,8,284541068,genomic_isotonic,0,770,11,0.01287329299173004,0.014285714285714285,0.007995323688185082,0.025398414171344384,0.0,0.019337016574585635
FILD or FILA ADJUDICATED,8,284541068,genomic_isotonic,1,769,10,0.01937842364461458,0.013003901170351105,0.007078545900378475,0.023770548113126753,0.019337016574585635,0.01937854994988306
FILD or FILA ADJUDICATED,8,284541068,genomic_isotonic,2,770,16,0.01937854994988306,0.02077922077922078,0.012830175613871217,0.033486105857161864,0.01937854994988306,0.01937854994988306
FILD or FILA ADJUDICATED,8,284541068,genomic_isotonic,3,769,17,0.01937854994988306,0.022106631989596878,0.013847378881987714,0.03511668533687256,0.01937854994988306,0.01937854994988306
FILD or FILA ADJUDICATED,8,284541068,genomic_isotonic,4,770,22,0.01937854994988306,0.02857142857142857,0.018942666074440347,0.04288066773039707,0.01937854994988306,0.01937854994988306
FILD or FILA ADJUDICATED,8,284541068,genomic_isotonic,5,769,12,0.01937854994988306,0.015604681404421327,0.008948690331271528,0.027076109455192295,0.01937854994988306,0.01937854994988306
FILD or FILA ADJUDICATED,8,284541068,genomic_isotonic,6,769,16,0.023218213149669698,0.02080624187256177,0.01284691135930053,0.033529299973080455,0.01937854994988306,0.02460456942003515
FILD or FILA ADJUDICATED,8,284541068,genomic_isotonic,7,770,11,0.02495635410897142,0.014285714285714285,0.007995323688185082,0.025398414171344384,0.02460456942003515,0.02643171806167401
FILD or FILA ADJUDICATED,8,284541068,genomic_isotonic,8,769,13,0.02643171806167401,0.016905071521456438,0.009905619514842359,0.028707033158100748,0.02643171806167401,0.02643171806167401
FILD or FILA ADJUDICATED,8,284541068,genomic_isotonic,9,770,24,0.029083642257126015,0.03116883116883117,0.021033415527337528,0.04595893572210135,0.02643171806167401,0.04081632653061224
FILD or FILA ADJUDICATED,8,284541068,combined_raw,0,770,5,0.0006575694887752284,0.006493506493506494,0.0027767335367897463,0.01510995198893538,0.00032925282320490505,0.0008183706071663781
FILD or FILA ADJUDICATED,8,284541068,combined_raw,1,769,1,0.0009779531258299356,0.0013003901170351106,0.0002295876800841234,0.007328830355107483,0.0008183824435927011,0.0011774548554933598
FILD or FILA ADJUDICATED,8,284541068,combined_raw,2,770,4,0.0015480477366915718,0.005194805194805195,0.0020219574690050306,0.013280219334419372,0.0011785285258270968,0.0020564084958285063
FILD or FILA ADJUDICATED,8,284541068,combined_raw,3,769,6,0.002694348181412028,0.007802340702210663,0.003580646807040671,0.016917035660547395,0.0020567600401028277,0.0033973689635996697
FILD or FILA ADJUDICATED,8,284541068,combined_raw,4,770,7,0.004265230608135556,0.00909090909090909,0.004410478976495486,0.01864522399383109,0.003400890272294556,0.005245152291781336
FILD or FILA ADJUDICATED,8,284541068,combined_raw,5,769,10,0.006655568879450388,0.013003901170351105,0.007078545900378475,0.023770548113126753,0.00524521220480461,0.008313232119243237
FILD or FILA ADJUDICATED,8,284541068,combined_raw,6,769,9,0.010666129123030955,0.011703511053315995,0.006169270449727107,0.022091970677298834,0.008316386150039396,0.013666686605896232
FILD or FILA ADJUDICATED,8,284541068,combined_raw,7,770,23,0.018743875941685497,0.02987012987012987,0.01998520545069876,0.044422637076439384,0.013666891921724905,0.026177209577705092
FILD or FILA ADJUDICATED,8,284541068,combined_raw,8,769,21,0.04331436711344745,0.027308192457737322,0.017929533535624646,0.041385942229152796,0.026201874101901057,0.07299835789234779
FILD or FILA ADJUDICATED,8,284541068,combined_raw,9,770,66,0.2952937266549085,0.08571428571428572,0.06794017235828535,0.10760154522778391,0.07302219434297191,0.969314021807274
FILD or FILA ADJUDICATED,8,284541068,combined_isotonic,0,770,2,0.0008910323648042216,0.0025974025974025974,0.0007125907061236786,0.009420568652699277,0.0,0.0016652789342214821
FILD or FILA ADJUDICATED,8,284541068,combined_isotonic,1,769,3,0.001665278934221482,0.0039011703511053317,0.001327618000260774,0.011406505807889416,0.0016652789342214821,0.0016652789342214821
FILD or FILA ADJUDICATED,8,284541068,combined_isotonic,2,770,8,0.0019195506527491775,0.01038961038961039,0.005273784940225151,0.020366426752402144,0.0016652789342214821,0.005291005291005291
FILD or FILA ADJUDICATED,8,284541068,combined_isotonic,3,769,5,0.010496638161553936,0.006501950585175552,0.002780348414515579,0.015129481166593194,0.005291005291005291,0.012653651482284888
FILD or FILA ADJUDICATED,8,284541068,combined_isotonic,4,770,9,0.012653651482284891,0.011688311688311689,0.006161243000312308,0.022063477414615715,0.012653651482284888,0.012653651482284888
FILD or FILA ADJUDICATED,8,284541068,combined_isotonic,5,769,22,0.012653651482284891,0.02860858257477243,0.01896739582103829,0.04293593283021844,0.012653651482284888,0.012653651482284888
FILD or FILA ADJUDICATED,8,284541068,combined_isotonic,6,769,13,0.012653651482284891,0.016905071521456438,0.009905619514842359,0.028707033158100748,0.012653651482284888,0.012653651482284888
FILD or FILA ADJUDICATED,8,284541068,combined_isotonic,7,770,10,0.012653651482284891,0.012987012987012988,0.007069333631553706,0.02373989550567504,0.012653651482284888,0.012653651482284888
FILD or FILA ADJUDICATED,8,284541068,combined_isotonic,8,769,10,0.02588243412032826,0.013003901170351105,0.007078545900378475,0.023770548113126753,0.012653651482284888,0.048223350253807105
FILD or FILA ADJUDICATED,8,284541068,combined_isotonic,9,770,70,0.10969998426220333,0.09090909090909091,0.07258345829677551,0.11329629417849665,0.048223350253807105,0.5714285714285714
FILD or FILA ADJUDICATED,9,238799131,zebra_raw,0,770,3,0.2313161642374506,0.003896103896103896,0.0013258926936253902,0.011391775387498288,0.11693488945217027,0.2601982884591711
FILD or FILA ADJUDICATED,9,238799131,zebra_raw,1,769,0,0.28572647673658014,0.0,0.0,0.004970565148712315,0.2602557535887989,0.3117823339439391
FILD or FILA ADJUDICATED,9,238799131,zebra_raw,2,770,7,0.34258838266443814,0.00909090909090909,0.004410478976495486,0.01864522399383109,0.3118102720735881,0.3747569958824861
FILD or FILA ADJUDICATED,9,238799131,zebra_raw,3,769,5,0.41026843114845,0.006501950585175552,0.002780348414515579,0.015129481166593194,0.37476278437809357,0.4467701350760617
FILD or FILA ADJUDICATED,9,238799131,zebra_raw,4,770,10,0.4929542503095699,0.012987012987012988,0.007069333631553706,0.02373989550567504,0.4471233481693568,0.5458708294191179
FILD or FILA ADJUDICATED,9,238799131,zebra_raw,5,769,12,0.6053113645349133,0.015604681404421327,0.008948690331271528,0.027076109455192295,0.545955588164633,0.6687315969512554
FILD or FILA ADJUDICATED,9,238799131,zebra_raw,6,769,16,0.7349275051708518,0.02080624187256177,0.01284691135930053,0.033529299973080455,0.6690035811683993,0.7950351556109139
FILD or FILA ADJUDICATED,9,238799131,zebra_raw,7,770,8,0.8512244389675079,0.01038961038961039,0.005273784940225151,0.020366426752402144,0.7951442282543598,0.9088658208721713
FILD or FILA ADJUDICATED,9,238799131,zebra_raw,8,769,14,0.9540632331255784,0.018205461638491547,0.010875078260352153,0.030325427299070243,0.9091019380373879,0.9861373515718582
FILD or FILA ADJUDICATED,9,238799131,zebra_raw,9,770,77,0.9968128584828734,0.1,0.08075559305709225,0.12321572047428499,0.9861384169293421,1.0
FILD or FILA ADJUDICATED,9,238799131,zebra_isotonic,0,770,3,0.0,0.003896103896103896,0.0013258926936253902,0.011391775387498288,0.0,0.0
FILD or FILA ADJUDICATED,9,238799131,zebra_isotonic,1,769,0,0.0011699986960857906,0.0,0.0,0.004970565148712315,0.0,0.0027100271002710027
FILD or FILA ADJUDICATED,9,238799131,zebra_isotonic,2,770,7,0.002768350734981296,0.00909090909090909,0.004410478976495486,0.01864522399383109,0.0027100271002710027,0.004576659038901602
FILD or FILA ADJUDICATED,9,238799131,zebra_isotonic,3,769,3,0.004610883031643719,0.0039011703511053317,0.001327618000260774,0.011406505807889416,0.004576659038901602,0.004767580452920143
FILD or FILA ADJUDICATED,9,238799131,zebra_isotonic,4,770,12,0.004767580452920142,0.015584415584415584,0.008937040176158829,0.027041206405671363,0.004767580452920143,0.004767580452920143
FILD or FILA ADJUDICATED,9,238799131,zebra_isotonic,5,769,11,0.00591448668676522,0.014304291287386216,0.008005744470847457,0.025431202429137063,0.004767580452920143,0.0066050198150594455
FILD or FILA ADJUDICATED,9,238799131,zebra_isotonic,6,769,16,0.008274978701839917,0.02080624187256177,0.01284691135930053,0.033529299973080455,0.0066050198150594455,0.019230769230769232
FILD or FILA ADJUDICATED,9,238799131,zebra_isotonic,7,770,9,0.02120455357196469,0.011688311688311689,0.006161243000312308,0.022063477414615715,0.019230769230769232,0.021311475409836064
FILD or FILA ADJUDICATED,9,238799131,zebra_isotonic,8,769,16,0.03384591770297635,0.02080624187256177,0.01284691135930053,0.033529299973080455,0.021311475409836064,0.050724637681159424
FILD or FILA ADJUDICATED,9,238799131,zebra_isotonic,9,770,75,0.12567483946242175,0.09740259740259741,0.07841500055802125,0.12038729552875452,0.050724637681159424,0.56
FILD or FILA ADJUDICATED,9,238799131,genomic_raw,0,770,6,0.02128590599611397,0.007792207792207792,0.0035759904186376326,0.016895203829388215,0.0039908434762126665,0.032768490011269094
FILD or FILA ADJUDICATED,9,238799131,genomic_raw,1,769,14,0.04342461451930598,0.018205461638491547,0.010875078260352153,0.030325427299070243,0.03282470009466832,0.053380435269938076
FILD or FILA ADJUDICATED,9,238799131,genomic_raw,2,770,13,0.06249207883814098,0.016883116883116882,0.009892721428977881,0.028670033875153024,0.0534105176471437,0.07205395972249576
FILD or FILA ADJUDICATED,9,238799131,genomic_raw,3,769,12,0.08188241509083795,0.015604681404421327,0.008948690331271528,0.027076109455192295,0.07206696501519967,0.09130478127607332
FILD or FILA ADJUDICATED,9,238799131,genomic_raw,4,770,18,0.1025863790846224,0.023376623376623377,0.014837136266102694,0.036648162649531836,0.09134119264991956,0.11406320664856384
FILD or FILA ADJUDICATED,9,238799131,genomic_raw,5,769,12,0.1278731398027029,0.015604681404421327,0.008948690331271528,0.027076109455192295,0.11406909717316926,0.14217412328396067
FILD or FILA ADJUDICATED,9,238799131,genomic_raw,6,769,14,0.15949500203828373,0.018205461638491547,0.010875078260352153,0.030325427299070243,0.14223091719524514,0.1765563861074231
FILD or FILA ADJUDICATED,9,238799131,genomic_raw,7,770,26,0.19877677760657259,0.033766233766233764,0.023145571320675448,0.04901579737336487,0.1765735411702114,0.2239442528816503
FILD or FILA ADJUDICATED,9,238799131,genomic_raw,8,769,17,0.25982678289866806,0.022106631989596878,0.013847378881987714,0.03511668533687256,0.2239850250115413,0.3024464283538884
FILD or FILA ADJUDICATED,9,238799131,genomic_raw,9,770,20,0.3975872440950836,0.025974025974025976,0.016876091691355087,0.03977822466888089,0.3024596107138174,0.7433958059301843
FILD or FILA ADJUDICATED,9,238799131,genomic_isotonic,0,770,14,0.01606354810238305,0.01818181818181818,0.010860915582275707,0.030286348444155925,0.0,0.018030513176144243
FILD or FILA ADJUDICATED,9,238799131,genomic_isotonic,2,770,14,0.018030513176144236,0.01818181818181818,0.010860915582275707,0.030286348444155925,0.018030513176144243,0.018030513176144243
FILD or FILA ADJUDICATED,9,238799131,genomic_isotonic,4,770,10,0.018030513176144236,0.012987012987012988,0.007069333631553706,0.02373989550567504,0.018030513176144243,0.018030513176144243
FILD or FILA ADJUDICATED,9,238799131,genomic_isotonic,7,770,14,0.018030513176144236,0.01818181818181818,0.010860915582275707,0.030286348444155925,0.018030513176144243,0.018030513176144243
FILD or FILA ADJUDICATED,9,238799131,genomic_isotonic,1,769,12,0.01803051317614424,0.015604681404421327,0.008948690331271528,0.027076109455192295,0.018030513176144243,0.018030513176144243
FILD or FILA ADJUDICATED,9,238799131,genomic_isotonic,3,769,16,0.01803051317614424,0.02080624187256177,0.01284691135930053,0.033529299973080455,0.018030513176144243,0.018030513176144243
FILD or FILA ADJUDICATED,9,238799131,genomic_isotonic,5,769,19,0.01803051317614424,0.0247074122236671,0.01587360135768905,0.03826616863412981,0.018030513176144243,0.018030513176144243
FILD or FILA ADJUDICATED,9,238799131,genomic_isotonic,6,769,17,0.01803051317614424,0.022106631989596878,0.013847378881987714,0.03511668533687256,0.018030513176144243,0.018030513176144243
FILD or FILA ADJUDICATED,9,238799131,genomic_isotonic,8,769,19,0.023319665692225745,0.0247074122236671,0.01587360135768905,0.03826616863412981,0.018030513176144243,0.02385008517887564
FILD or FILA ADJUDICATED,9,238799131,genomic_isotonic,9,770,17,0.04751669385170336,0.02207792207792208,0.01382933715277743,0.03507145304055638,0.02385008517887564,1.0
FILD or FILA ADJUDICATED,9,238799131,combined_raw,0,770,6,0.01619235418606485,0.007792207792207792,0.0035759904186376326,0.016895203829388215,0.0045970365316915516,0.021385888856179945
FILD or FILA ADJUDICATED,9,238799131,combined_raw,1,769,1,0.02645862074081895,0.0013003901170351106,0.0002295876800841234,0.007328830355107483,0.021387668461121577,0.03240371839709714
FILD or FILA ADJUDICATED,9,238799131,combined_raw,2,770,6,0.03912824597481763,0.007792207792207792,0.0035759904186376326,0.016895203829388215,0.03242415492499859,0.04607643125908889
FILD or FILA ADJUDICATED,9,238799131,combined_raw,3,769,5,0.05509853389505353,0.006501950585175552,0.002780348414515579,0.015129481166593194,0.046084173240296455,0.06473811177785391
FILD or FILA ADJUDICATED,9,238799131,combined_raw,4,770,12,0.07819180167195873,0.015584415584415584,0.008937040176158829,0.027041206405671363,0.06478636589954674,0.09405931359245438
FILD or FILA ADJUDICATED,9,238799131,combined_raw,5,769,10,0.11476507106449457,0.013003901170351105,0.007078545900378475,0.023770548113126753,0.09412799440755601,0.14033888276548848
FILD or FILA ADJUDICATED,9,238799131,combined_raw,6,769,8,0.17403514295571754,0.010403120936280884,0.005280654829476248,0.0203927334110704,0.14038389898830145,0.21722990721442595
FILD or FILA ADJUDICATED,9,238799131,combined_raw,7,770,12,0.2815882363410686,0.015584415584415584,0.008937040176158829,0.027041206405671363,0.21753301952581178,0.3515844417242745
FILD or FILA ADJUDICATED,9,238799131,combined_raw,8,769,12,0.4306785357020242,0.015604681404421327,0.008948690331271528,0.027076109455192295,0.35165239130505577,0.5197255684661386
FILD or FILA ADJUDICATED,9,238799131,combined_raw,9,770,80,0.6530933886815924,0.1038961038961039,0.0842745420698438,0.1274502976284356,0.5198657852094182,0.912402183153823
FILD or FILA ADJUDICATED,9,238799131,combined_isotonic,0,770,2,0.004358748048068437,0.0025974025974025974,0.0007125907061236786,0.009420568652699277,0.0,0.004480955937266617
FILD or FILA ADJUDICATED,9,238799131,combined_isotonic,1,769,9,0.004480955937266618,0.011703511053315995,0.006169270449727107,0.022091970677298834,0.004480955937266617,0.004480955937266617
FILD or FILA ADJUDICATED,9,238799131,combined_isotonic,3,769,4,0.004480955937266618,0.005201560468140442,0.0020245891497467933,0.013297387544882687,0.004480955937266617,0.004480955937266617
FILD or FILA ADJUDICATED,9,238799131,combined_isotonic,2,770,7,0.0044809559372666185,0.00909090909090909,0.004410478976495486,0.01864522399383109,0.004480955937266617,0.004480955937266617
FILD or FILA ADJUDICATED,9,238799131,combined_isotonic,4,770,3,0.005608997870772592,0.003896103896103896,0.0013258926936253902,0.011391775387498288,0.004480955937266617,0.008333333333333333
FILD or FILA ADJUDICATED,9,238799131,combined_isotonic,5,769,15,0.010785659940406363,0.01950585175552666,0.01185585151954993,0.03193250692635176,0.008333333333333333,0.012237762237762238
FILD or FILA ADJUDICATED,9,238799131,combined_isotonic,6,769,9,0.016029414546678854,0.011703511053315995,0.006169270449727107,0.022091970677298834,0.012237762237762238,0.02142857142857143
FILD or FILA ADJUDICATED,9,238799131,combined_isotonic,7,770,11,0.02685525888744745,0.014285714285714285,0.007995323688185082,0.025398414171344384,0.02142857142857143,0.03594771241830065
FILD or FILA ADJUDICATED,9,238799131,combined_isotonic,8,769,12,0.04191620702142422,0.015604681404421327,0.008948690331271528,0.027076109455192295,0.03594771241830065,0.05
FILD or FILA ADJUDICATED,9,238799131,combined_isotonic,9,770,80,0.13305293796750975,0.1038961038961039,0.0842745420698438,0.1274502976284356,0.05,0.375
FILD or FILA ADJUDICATED,10,77054240,zebra_raw,0,770,2,0.23267537323104007,0.0025974025974025974,0.0007125907061236786,0.009420568652699277,0.11052533634471677,0.26204427209140113
FILD or FILA ADJUDICATED,10,77054240,zebra_raw,1,769,2,0.2880134675682381,0.002600780234070221,0.0007135177289523901,0.009432753192718508,0.2621058455556229,0.3125969254244962
FILD or FILA ADJUDICATED,10,77054240,zebra_raw,2,770,6,0.3426336565807461,0.007792207792207792,0.0035759904186376326,0.016895203829388215,0.3126900694309642,0.3759910413332804
FILD or FILA ADJUDICATED,10,77054240,zebra_raw,3,769,3,0.4116112739454524,0.0039011703511053317,0.001327618000260774,0.011406505807889416,0.3761338732577787,0.4486888957604662
FILD or FILA ADJUDICATED,10,77054240,zebra_raw,4,770,6,0.49292913305911895,0.007792207792207792,0.0035759904186376326,0.016895203829388215,0.44870746992347377,0.5430661623395054
FILD or FILA ADJUDICATED,10,77054240,zebra_raw,5,769,8,0.6031846378108158,0.010403120936280884,0.005280654829476248,0.0203927334110704,0.5431483003360806,0.6653217800268115
FILD or FILA ADJUDICATED,10,77054240,zebra_raw,6,769,8,0.7306503523889554,0.010403120936280884,0.005280654829476248,0.0203927334110704,0.6653503127292941,0.7881281794221368
FILD or FILA ADJUDICATED,10,77054240,zebra_raw,7,770,10,0.8474803240332037,0.012987012987012988,0.007069333631553706,0.02373989550567504,0.7881395459198441,0.903207882210036
FILD or FILA ADJUDICATED,10,77054240,zebra_raw,8,769,28,0.9528321573765994,0.036410923276983094,0.025309891577026858,0.05212055439310563,0.9034727606056024,0.9860122135494251
FILD or FILA ADJUDICATED,10,77054240,zebra_raw,9,770,79,0.9966849722120756,0.1025974025974026,0.0831005084064421,0.12603982256953655,0.9860387702851211,1.0
FILD or FILA ADJUDICATED,10,77054240,zebra_isotonic,0,770,1,0.0009666118446692698,0.0012987012987012987,0.00022928946639889794,0.007319361170123334,0.0,0.0017064846416382253
FILD or FILA ADJUDICATED,10,77054240,zebra_isotonic,1,769,6,0.0021537173372963374,0.007802340702210663,0.003580646807040671,0.016917035660547395,0.0017064846416382253,0.002638522427440633
FILD or FILA ADJUDICATED,10,77054240,zebra_isotonic,2,770,3,0.002638522427440633,0.003896103896103896,0.0013258926936253902,0.011391775387498288,0.002638522427440633,0.002638522427440633
FILD or FILA ADJUDICATED,10,77054240,zebra_isotonic,3,769,4,0.008207252818595447,0.005201560468140442,0.0020245891497467933,0.013297387544882687,0.002638522427440633,0.01238390092879257
FILD or FILA ADJUDICATED,10,77054240,zebra_isotonic,4,770,5,0.01238390092879257,0.006493506493506494,0.0027767335367897463,0.01510995198893538,0.01238390092879257,0.01238390092879257
FILD or FILA ADJUDICATED,10,77054240,zebra_isotonic,5,769,8,0.01301732108899956,0.010403120936280884,0.005280654829476248,0.0203927334110704,0.01238390092879257,0.013071895424836602
FILD or FILA ADJUDICATED,10,77054240,zebra_isotonic,6,769,6,0.017856252645799646,0.007802340702210663,0.003580646807040671,0.016917035660547395,0.013071895424836602,0.01788756388415673
FILD or FILA ADJUDICATED,10,77054240,zebra_isotonic,7,770,13,0.017887563884156736,0.016883116883116882,0.009892721428977881,0.028670033875153024,0.01788756388415673,0.01788756388415673
FILD or FILA ADJUDICATED,10,77054240,zebra_isotonic,8,769,27,0.024215843121175928,0.035110533159947985,0.024240577366074226,0.05060201571757897,0.01788756388415673,0.038461538461538464
FILD or FILA ADJUDICATED,10,77054240,zebra_isotonic,9,770,79,0.10689656492062993,0.1025974025974026,0.0831005084064421,0.12603982256953655,0.038461538461538464,0.6122448979591837
FILD or FILA ADJUDICATED,10,77054240,genomic_raw,0,770,12,0.0010775511017159535,0.015584415584415584,0.008937040176158829,0.027041206405671363,5.829773812022385e-05,0.0018654048582031513
FILD or FILA ADJUDICATED,10,77054240,genomic_raw,1,769,11,0.002796217482676277,0.014304291287386216,0.008005744470847457,0.025431202429137063,0.0018670514128752613,0.0037516937505547823
FILD or FILA ADJUDICATED,10,77054240,genomic_raw,2,770,9,0.004822806757884222,0.011688311688311689,0.006161243000312308,0.022063477414615715,0.003759040851082109,0.006046095707111204
FILD or FILA ADJUDICATED,10,77054240,genomic_raw,3,769,11,0.007567899741317618,0.014304291287386216,0.008005744470847457,0.025431202429137063,0.006047228734873279,0.009298065008931766
FILD or FILA ADJUDICATED,10,77054240,genomic_raw,4,770,15,0.01149915055445369,0.01948051948051948,0.011840409174050253,0.0318913635746821,0.009298100106280571,0.013923442745233055
FILD or FILA ADJUDICATED,10,77054240,genomic_raw,5,769,15,0.017551082327338617,0.01950585175552666,0.01185585151954993,0.03193250692635176,0.013933174475481397,0.02186206184904575
FILD or FILA ADJUDICATED,10,77054240,genomic_raw,6,769,20,0.027448205558413718,0.02600780234070221,0.016898117575631134,0.03982950530266702,0.02187246558003369,0.03438623385973142
FILD or FILA ADJUDICATED,10,77054240,genomic_raw,7,770,19,0.044732774761661626,0.024675324675324677,0.015852913748522608,0.03821689388941264,0.034563060106854886,0.05902481021064826
FILD or FILA ADJUDICATED,10,77054240,genomic_raw,8,769,20,0.08770937092233921,0.02600780234070221,0.016898117575631134,0.03982950530266702,0.05905894616660976,0.1285184417901306
FILD or FILA ADJUDICATED,10,77054240,genomic_raw,9,770,20,0.26712031512725043,0.025974025974025976,0.016876091691355087,0.03977822466888089,0.1285615330243928,0.862968879876751
FILD or FILA ADJUDICATED,10,77054240,genomic_isotonic,0,770,12,0.012934790077647218,0.015584415584415584,0.008937040176158829,0.027041206405671363,0.0,0.013756613756613757
FILD or FILA ADJUDICATED,10,77054240,genomic_isotonic,1,769,8,0.015100447360815242,0.010403120936280884,0.005280654829476248,0.0203927334110704,0.013756613756613757,0.016129032258064516
FILD or FILA ADJUDICATED,10,77054240,genomic_isotonic,2,770,16,0.01650595789244789,0.02077922077922078,0.012830175613871217,0.033486105857161864,0.016129032258064516,0.01721311475409836
FILD or FILA ADJUDICATED,10,77054240,genomic_isotonic,3,769,15,0.017213114754098365,0.01950585175552666,0.01185585151954993,0.03193250692635176,0.01721311475409836,0.01721311475409836
FILD or FILA ADJUDICATED,10,77054240,genomic_isotonic,5,769,16,0.017213114754098365,0.02080624187256177,0.01284691135930053,0.033529299973080455,0.01721311475409836,0.01721311475409836
FILD or FILA ADJUDICATED,10,77054240,genomic_isotonic,6,769,19,0.017213114754098365,0.0247074122236671,0.01587360135768905,0.03826616863412981,0.01721311475409836,0.01721311475409836
FILD or FILA ADJUDICATED,10,77054240,genomic_isotonic,4,770,14,0.01721311475409837,0.01818181818181818,0.010860915582275707,0.030286348444155925,0.01721311475409836,0.01721311475409836
FILD or FILA ADJUDICATED,10,77054240,genomic_isotonic,7,770,10,0.01937357296992766,0.012987012987012988,0.007069333631553706,0.02373989550567504,0.01721311475409836,0.02531645569620253
FILD or FILA ADJUDICATED,10,77054240,genomic_isotonic,8,769,25,0.029502118030214335,0.032509752925877766,0.0221158152388249,0.04755107207186972,0.02531645569620253,0.03339882121807466
FILD or FILA ADJUDICATED,10,77054240,genomic_isotonic,9,770,17,0.04596081220208212,0.02207792207792208,0.01382933715277743,0.03507145304055638,0.03339882121807466,0.09090909090909091
FILD or FILA ADJUDICATED,10,77054240,combined_raw,0,770,2,0.002922869112980106,0.0025974025974025974,0.0007125907061236786,0.009420568652699277,0.0004490777735799192,0.004463482750906068
FILD or FILA ADJUDICATED,10,77054240,combined_raw,1,769,4,0.006010420749868402,0.005201560468140442,0.0020245891497467933,0.013297387544882687,0.004472402685116685,0.007554822830534242
FILD or FILA ADJUDICATED,10,77054240,combined_raw,2,770,7,0.009355397246599544,0.00909090909090909,0.004410478976495486,0.01864522399383109,0.007557870868729763,0.011251599489052558
FILD or FILA ADJUDICATED,10,77054240,combined_raw,3,769,6,0.014001259762446374,0.007802340702210663,0.003580646807040671,0.016917035660547395,0.011284233274513859,0.017095320750473847
FILD or FILA ADJUDICATED,10,77054240,combined_raw,4,770,4,0.021067547837847315,0.005194805194805195,0.0020219574690050306,0.013280219334419372,0.017098080510128844,0.02563207478013986
FILD or FILA ADJUDICATED,10,77054240,combined_raw,5,769,8,0.03174648423353042,0.010403120936280884,0.005280654829476248,0.0203927334110704,0.025639574383010278,0.03901333127726195
FILD or FILA ADJUDICATED,10,77054240,combined_raw,6,769,11,0.049253268183047004,0.014304291287386216,0.008005744470847457,0.025431202429137063,0.03905306017041468,0.06120128476968554
FILD or FILA ADJUDICATED,10,77054240,combined_raw,7,770,17,0.07871703497752912,0.02207792207792208,0.01382933715277743,0.03507145304055638,0.0612643270097869,0.09976087597804308
FILD or FILA ADJUDICATED,10,77054240,combined_raw,8,769,18,0.13505106207726678,0.02340702210663199,0.014856495571086814,0.03669542153425275,0.09978873419669132,0.1874184655936456
FILD or FILA ADJUDICATED,10,77054240,combined_raw,9,770,75,0.39170933055412743,0.09740259740259741,0.07841500055802125,0.12038729552875452,0.18745236244177127,0.9822841613497826
FILD or FILA ADJUDICATED,10,77054240,combined_isotonic,0,770,7,0.003885877723514243,0.00909090909090909,0.004410478976495486,0.01864522399383109,0.0,0.004393673110720563
FILD or FILA ADJUDICATED,10,77054240,combined_isotonic,1,769,0,0.004393673110720564,0.0,0.0,0.004970565148712315,0.004393673110720563,0.004393673110720563
FILD or FILA ADJUDICATED,10,77054240,combined_isotonic,2,770,5,0.006376967651018733,0.006493506493506494,0.0027767335367897463,0.01510995198893538,0.004393673110720563,0.012265512265512266
FILD or FILA ADJUDICATED,10,77054240,combined_isotonic,3,769,4,0.012265512265512264,0.005201560468140442,0.0020245891497467933,0.013297387544882687,0.012265512265512266,0.012265512265512266
FILD or FILA ADJUDICATED,10,77054240,combined_isotonic,4,770,11,0.012265512265512266,0.014285714285714285,0.007995323688185082,0.025398414171344384,0.012265512265512266,0.012265512265512266
FILD or FILA ADJUDICATED,10,77054240,combined_isotonic,5,769,4,0.012384183371359003,0.005201560468140442,0.0020245891497467933,0.013297387544882687,0.012265512265512266,0.013565891472868217
FILD or FILA ADJUDICATED,10,77054240,combined_isotonic,6,769,9,0.013772430885335404,0.011703511053315995,0.006169270449727107,0.022091970677298834,0.013565891472868217,0.014778325123152709
FILD or FILA ADJUDICATED,10,77054240,combined_isotonic,7,770,23,0.01477832512315271,0.02987012987012987,0.01998520545069876,0.044422637076439384,0.014778325123152709,0.014778325123152709
FILD or FILA ADJUDICATED,10,77054240,combined_isotonic,8,769,22,0.01477832512315271,0.02860858257477243,0.01896739582103829,0.04293593283021844,0.014778325123152709,0.014778325123152709
FILD or FILA ADJUDICATED,10,77054240,combined_isotonic,9,770,67,0.11640371582913726,0.08701298701298701,0.06909906986505496,0.10902715644331504,0.014778325123152709,1.0
FILD or FILA ADJUDICATED,11,1470016797,zebra_raw,0,770,2,0.23125708973070694,0.0025974025974025974,0.0007125907061236786,0.009420568652699277,0.11052533634471677,0.2601982884591711
FILD or FILA ADJUDICATED,11,1470016797,zebra_raw,1,769,1,0.2861765742534983,0.0013003901170351106,0.0002295876800841234,0.007328830355107483,0.2602557535887989,0.3120190426459585
FILD or FILA ADJUDICATED,11,1470016797,zebra_raw,2,770,4,0.343129201736476,0.005194805194805195,0.0020219574690050306,0.013280219334419372,0.31213148847501915,0.3753587735507651
FILD or FILA ADJUDICATED,11,1470016797,zebra_raw,3,769,5,0.4110507094627023,0.006501950585175552,0.002780348414515579,0.015129481166593194,0.3754533784657197,0.44856133829255057
FILD or FILA ADJUDICATED,11,1470016797,zebra_raw,4,770,6,0.4927085525578222,0.007792207792207792,0.0035759904186376326,0.016895203829388215,0.4486562263513438,0.5422765918315045
FILD or FILA ADJUDICATED,11,1470016797,zebra_raw,5,769,8,0.6044127216329935,0.010403120936280884,0.005280654829476248,0.0203927334110704,0.5423729888524657,0.6665285543453549
FILD or FILA ADJUDICATED,11,1470016797,zebra_raw,6,769,7,0.7315850905289264,0.009102730819245773,0.004416223152723785,0.01866931220134357,0.6667617650416321,0.7916819582987223
FILD or FILA ADJUDICATED,11,1470016797,zebra_raw,7,770,11,0.8495221698127943,0.014285714285714285,0.007995323688185082,0.025398414171344384,0.7917499881120212,0.9057429528389144
FILD or FILA ADJUDICATED,11,1470016797,zebra_raw,8,769,27,0.9541719830997808,0.035110533159947985,0.024240577366074226,0.05060201571757897,0.9059997451708272,0.9874447825853907
FILD or FILA ADJUDICATED,11,1470016797,zebra_raw,9,770,81,0.9970110144838077,0.10519480519480519,0.08544960345108563,0.12885974496949448,0.9874990146861534,1.0
FILD or FILA ADJUDICATED,11,1470016797,zebra_isotonic,0,770,2,0.0009516161290406003,0.0025974025974025974,0.0007125907061236786,0.009420568652699277,0.0,0.0017301038062283738
FILD or FILA ADJUDICATED,11,1470016797,zebra_isotonic,1,769,2,0.002376579936093192,0.002600780234070221,0.0007135177289523901,0.009432753192718508,0.0017301038062283738,0.0031545741324921135
FILD or FILA ADJUDICATED,11,1470016797,zebra_isotonic,2,770,2,0.00513574746388564,0.0025974025974025974,0.0007125907061236786,0.009420568652699277,0.0031545741324921135,0.005940594059405941
FILD or FILA ADJUDICATED,11,1470016797,zebra_isotonic,3,769,6,0.006643930667066553,0.007802340702210663,0.003580646807040671,0.016917035660547395,0.005940594059405941,0.00980392156862745
FILD or FILA ADJUDICATED,11,1470016797,zebra_isotonic,4,770,6,0.009881176399712243,0.007792207792207792,0.0035759904186376326,0.016895203829388215,0.00980392156862745,0.009940357852882704
FILD or FILA ADJUDICATED,11,1470016797,zebra_isotonic,5,769,7,0.01455360983830173,0.009102730819245773,0.004416223152723785,0.01866931220134357,0.009940357852882704,0.017711171662125342
FILD or FILA ADJUDICATED,11,1470016797,zebra_isotonic,6,769,12,0.017711171662125345,0.015604681404421327,0.008948690331271528,0.027076109455192295,0.017711171662125342,0.017711171662125342
FILD or FILA ADJUDICATED,11,1470016797,zebra_isotonic,7,770,13,0.017711171662125345,0.016883116883116882,0.009892721428977881,0.028670033875153024,0.017711171662125342,0.017711171662125342
FILD or FILA ADJUDICATED,11,1470016797,zebra_isotonic,8,769,15,0.024666664304468455,0.01950585175552666,0.01185585151954993,0.03193250692635176,0.017711171662125342,0.035422343324250684
FILD or FILA ADJUDICATED,11,1470016797,zebra_isotonic,9,770,87,0.11087467784589483,0.11298701298701298,0.09252065989015767,0.13729574086422677,0.035422343324250684,0.5833333333333334
FILD or FILA ADJUDICATED,11,1470016797,genomic_raw,0,770,6,0.039147556126999244,0.007792207792207792,0.0035759904186376326,0.016895203829388215,0.0062686950380741215,0.05493187655023549
FILD or FILA ADJUDICATED,11,1470016797,genomic_raw,1,769,10,0.06765777185733027,0.013003901170351105,0.007078545900378475,0.023770548113126753,0.05494387044742818,0.07979799105303494
FILD or FILA ADJUDICATED,11,1470016797,genomic_raw,2,770,14,0.09133819448597914,0.01818181818181818,0.010860915582275707,0.030286348444155925,0.07985387414570508,0.10269938438842899
FILD or FILA ADJUDICATED,11,1470016797,genomic_raw,3,769,13,0.11450148946375821,0.016905071521456438,0.009905619514842359,0.028707033158100748,0.10269975728705406,0.1266945749320702
FILD or FILA ADJUDICATED,11,1470016797,genomic_raw,4,770,13,0.1390370670149233,0.016883116883116882,0.009892721428977881,0.028670033875153024,0.1267731722440285,0.1521744003850074
FILD or FILA ADJUDICATED,11,1470016797,genomic_raw,5,769,20,0.16748658251140872,0.02600780234070221,0.016898117575631134,0.03982950530266702,0.1521763461474878,0.1826562423477377
FILD or FILA ADJUDICATED,11,1470016797,genomic_raw,6,769,16,0.20048065028728826,0.02080624187256177,0.01284691135930053,0.033529299973080455,0.18266108768882744,0.2197528612335327
FILD or FILA ADJUDICATED,11,1470016797,genomic_raw,7,770,21,0.24285530206469697,0.02727272727272727,0.017906160074157684,0.04133266500837901,0.21986013993240677,0.26842424824810646
FILD or FILA ADJUDICATED,11,1470016797,genomic_raw,8,769,14,0.30422575375943944,0.018205461638491547,0.010875078260352153,0.030325427299070243,0.2684317146256896,0.3454739310262429
FILD or FILA ADJUDICATED,11,1470016797,genomic_raw,9,770,25,0.43442960374271417,0.032467532467532464,0.022086969431753586,0.04748989053998599,0.34548402609880535,0.7415290318800091
FILD or FILA ADJUDICATED,11,1470016797,genomic_isotonic,0,770,5,0.013633936034331762,0.006493506493506494,0.0027767335367897463,0.01510995198893538,0.0,0.018413597733711047
FILD or FILA ADJUDICATED,11,1470016797,genomic_isotonic,1,769,10,0.021005559612961903,0.013003901170351105,0.007078545900378475,0.023770548113126753,0.018413597733711047,0.02212138400453772
FILD or FILA ADJUDICATED,11,1470016797,genomic_isotonic,2,770,17,0.02212138400453772,0.02207792207792208,0.01382933715277743,0.03507145304055638,0.02212138400453772,0.02212138400453772
FILD or FILA ADJUDICATED,11,1470016797,genomic_isotonic,4,770,17,0.02212138400453772,0.02207792207792208,0.01382933715277743,0.03507145304055638,0.02212138400453772,0.02212138400453772
FILD or FILA ADJUDICATED,11,1470016797,genomic_isotonic,7,770,15,0.02212138400453772,0.01948051948051948,0.011840409174050253,0.0318913635746821,0.02212138400453772,0.02212138400453772
FILD or FILA ADJUDICATED,11,1470016797,genomic_isotonic,3,769,21,0.022121384004537722,0.027308192457737322,0.017929533535624646,0.041385942229152796,0.02212138400453772,0.02212138400453772
FILD or FILA ADJUDICATED,11,1470016797,genomic_isotonic,5,769,13,0.022121384004537722,0.016905071521456438,0.009905619514842359,0.028707033158100748,0.02212138400453772,0.02212138400453772
FILD or FILA ADJUDICATED,11,1470016797,genomic_isotonic,6,769,18,0.022121384004537722,0.02340702210663199,0.014856495571086814,0.03669542153425275,0.02212138400453772,0.02212138400453772
FILD or FILA ADJUDICATED,11,1470016797,genomic_isotonic,8,769,18,0.022121384004537722,0.02340702210663199,0.014856495571086814,0.03669542153425275,0.02212138400453772,0.02212138400453772
FILD or FILA ADJUDICATED,11,1470016797,genomic_isotonic,9,770,18,0.03328233330457639,0.023376623376623377,0.014837136266102694,0.036648162649531836,0.02212138400453772,0.05405405405405406
FILD or FILA ADJUDICATED,11,1470016797,combined_raw,0,770,3,0.01366376093296886,0.003896103896103896,0.0013258926936253902,0.011391775387498288,0.0010057711960719605,0.020583175072373706
FILD or FILA ADJUDICATED,11,1470016797,combined_raw,1,769,1,0.02734764491304447,0.0013003901170351106,0.0002295876800841234,0.007328830355107483,0.02061261548546359,0.03437216274692934
FILD or FILA ADJUDICATED,11,1470016797,combined_raw,2,770,4,0.04268091240041992,0.005194805194805195,0.0020219574690050306,0.013280219334419372,0.03440666465378154,0.050790039465803065
FILD or FILA ADJUDICATED,11,1470016797,combined_raw,3,769,4,0.06057527865020119,0.005201560468140442,0.0020245891497467933,0.013297387544882687,0.050812589774591875,0.07100932782942386
FILD or FILA ADJUDICATED,11,1470016797,combined_raw,4,770,6,0.08357982774920564,0.007792207792207792,0.0035759904186376326,0.016895203829388215,0.07102611453542981,0.09795034762941185
FILD or FILA ADJUDICATED,11,1470016797,combined_raw,5,769,8,0.11615386329760712,0.010403120936280884,0.005280654829476248,0.0203927334110704,0.09810038885880576,0.1363596062481342
FILD or FILA ADJUDICATED,11,1470016797,combined_raw,6,769,10,0.1596934229574369,0.013003901170351105,0.007078545900378475,0.023770548113126753,0.13636373079459213,0.18613034234029124
FILD or FILA ADJUDICATED,11,1470016797,combined_raw,7,770,17,0.22242773179227862,0.02207792207792208,0.01382933715277743,0.03507145304055638,0.18629307827559397,0.2665304667097477
FILD or FILA ADJUDICATED,11,1470016797,combined_raw,8,769,24,0.3284312308942867,0.031209362808842653,0.02106088189967261,0.0460181525245427,0.2665370159767651,0.40610113971738315
FILD or FILA ADJUDICATED,11,1470016797,combined_raw,9,770,75,0.5783272838515525,0.09740259740259741,0.07841500055802125,0.12038729552875452,0.40614838480410564,0.9513853498323636
FILD or FILA ADJUDICATED,11,1470016797,combined_isotonic,0,770,3,0.0036719233147804566,0.003896103896103896,0.0013258926936253902,0.011391775387498288,0.0,0.00496031746031746
FILD or FILA ADJUDICATED,11,1470016797,combined_isotonic,1,769,1,0.005359255072728436,0.0013003901170351106,0.0002295876800841234,0.007328830355107483,0.00496031746031746,0.005649717514124294
FILD or FILA ADJUDICATED,11,1470016797,combined_isotonic,2,770,3,0.01390820584144645,0.003896103896103896,0.0013258926936253902,0.011391775387498288,0.013908205841446454,0.013908205841446454
FILD or FILA ADJUDICATED,11,1470016797,combined_isotonic,3,769,9,0.015847612137210344,0.011703511053315995,0.006169270449727107,0.022091970677298834,0.013908205841446454,0.01689408706952567
FILD or FILA ADJUDICATED,11,1470016797,combined_isotonic,4,770,6,0.01689408706952567,0.007792207792207792,0.0035759904186376326,0.016895203829388215,0.01689408706952567,0.01689408706952567
FILD or FILA ADJUDICATED,11,1470016797,combined_isotonic,5,769,9,0.01689408706952567,0.011703511053315995,0.006169270449727107,0.022091970677298834,0.01689408706952567,0.01689408706952567
FILD or FILA ADJUDICATED,11,1470016797,combined_isotonic,6,769,5,0.01694249859283386,0.006501950585175552,0.002780348414515579,0.015129481166593194,0.01689408706952567,0.023305084745762712
FILD or FILA ADJUDICATED,11,1470016797,combined_isotonic,7,770,14,0.023305084745762712,0.01818181818181818,0.010860915582275707,0.030286348444155925,0.023305084745762712,0.023305084745762712
FILD or FILA ADJUDICATED,11,1470016797,combined_isotonic,8,769,25,0.04424560672115889,0.032509752925877766,0.0221158152388249,0.04755107207186972,0.023305084745762712,0.053030303030303025
FILD or FILA ADJUDICATED,11,1470016797,combined_isotonic,9,770,77,0.1267245761420545,0.1,0.08075559305709225,0.12321572047428499,0.053030303030303025,1.0
FILD or FILA ADJUDICATED,12,2015180776,zebra_raw,0,770,2,0.23156233225934442,0.0025974025974025974,0.0007125907061236786,0.009420568652699277,0.11693488945217027,0.26042717504277124
FILD or FILA ADJUDICATED,12,2015180776,zebra_raw,1,769,2,0.2870787630887205,0.002600780234070221,0.0007135177289523901,0.009432753192718508,0.2604377046995854,0.31237812141757126
FILD or FILA ADJUDICATED,12,2015180776,zebra_raw,2,770,7,0.34273618772997394,0.00909090909090909,0.004410478976495486,0.01864522399383109,0.3124190638873576,0.37623856999212185
FILD or FILA ADJUDICATED,12,2015180776,zebra_raw,3,769,7,0.4110519302858856,0.009102730819245773,0.004416223152723785,0.01866931220134357,0.3762924089016528,0.44868642390728164
FILD or FILA ADJUDICATED,12,2015180776,zebra_raw,4,770,9,0.4950261470596913,0.011688311688311689,0.006161243000312308,0.022063477414615715,0.4486888957604662,0.544643072869618
FILD or FILA ADJUDICATED,12,2015180776,zebra_raw,5,769,6,0.6022081252614763,0.007802340702210663,0.003580646807040671,0.016917035660547395,0.5446991880362866,0.6642661211891435
FILD or FILA ADJUDICATED,12,2015180776,zebra_raw,6,769,16,0.7317508677622272,0.02080624187256177,0.01284691135930053,0.033529299973080455,0.6643528140517166,0.7931774164190927
FILD or FILA ADJUDICATED,12,2015180776,zebra_raw,7,770,11,0.848550241916925,0.014285714285714285,0.007995323688185082,0.025398414171344384,0.7931991490157023,0.9038396687962066
FILD or FILA ADJUDICATED,12,2015180776,zebra_raw,8,769,19,0.9528232603118273,0.0247074122236671,0.01587360135768905,0.03826616863412981,0.9041726185512803,0.9860843461239837
FILD or FILA ADJUDICATED,12,2015180776,zebra_raw,9,770,73,0.9966893563415633,0.09480519480519481,0.07607888344397429,0.11755439519820005,0.986090694495255,1.0
FILD or FILA ADJUDICATED,12,2015180776,zebra_isotonic,0,770,3,0.000273338991147711,0.003896103896103896,0.0013258926936253902,0.011391775387498288,0.0,0.0008833922261484099
FILD or FILA ADJUDICATED,12,2015180776,zebra_isotonic,1,769,2,0.0008833922261484098,0.002600780234070221,0.0007135177289523901,0.009432753192718508,0.0008833922261484099,0.0008833922261484099
FILD or FILA ADJUDICATED,12,2015180776,zebra_isotonic,2,770,6,0.0012166074285765783,0.007792207792207792,0.0035759904186376326,0.016895203829388215,0.0008833922261484099,0.0029585798816568047
FILD or FILA ADJUDICATED,12,2015180776,zebra_isotonic,3,769,6,0.002958579881656805,0.007802340702210663,0.003580646807040671,0.016917035660547395,0.0029585798816568047,0.0029585798816568047
FILD or FILA ADJUDICATED,12,2015180776,zebra_isotonic,4,770,10,0.00598780490780665,0.012987012987012988,0.007069333631553706,0.02373989550567504,0.0029585798816568047,0.0070921985815602835
FILD or FILA ADJUDICATED,12,2015180776,zebra_isotonic,5,769,10,0.01169084896758497,0.013003901170351105,0.007078545900378475,0.023770548113126753,0.0070921985815602835,0.0121012101210121
FILD or FILA ADJUDICATED,12,2015180776,zebra_isotonic,6,769,9,0.012241338962078347,0.011703511053315995,0.006169270449727107,0.022091970677298834,0.0121012101210121,0.013054830287206266
FILD or FILA ADJUDICATED,12,2015180776,zebra_isotonic,7,770,14,0.014922951548610085,0.01818181818181818,0.010860915582275707,0.030286348444155925,0.013054830287206266,0.02891566265060241
FILD or FILA ADJUDICATED,12,2015180776,zebra_isotonic,8,769,17,0.03131824883873735,0.022106631989596878,0.013847378881987714,0.03511668533687256,0.02891566265060241,0.047619047619047616
FILD or FILA ADJUDICATED,12,2015180776,zebra_isotonic,9,770,75,0.12727229257743494,0.09740259740259741,0.07841500055802125,0.12038729552875452,0.047619047619047616,0.5833333333333334
FILD or FILA ADJUDICATED,12,2015180776,genomic_raw,0,770,13,0.000975184606061831,0.016883116883116882,0.009892721428977881,0.028670033875153024,5.6336993993719464e-05,0.0017196046700903153
FILD or FILA ADJUDICATED,12,2015180776,genomic_raw,1,769,14,0.002630650397726772,0.018205461638491547,0.010875078260352153,0.030325427299070243,0.001723333397532326,0.003702503245387884
FILD or FILA ADJUDICATED,12,2015180776,genomic_raw,2,770,11,0.005249948737028055,0.014285714285714285,0.007995323688185082,0.025398414171344384,0.003702715315165843,0.007227519778696063
FILD or FILA ADJUDICATED,12,2015180776,genomic_raw,3,769,21,0.010115600849255231,0.027308192457737322,0.017929533535624646,0.041385942229152796,0.007229202521240701,0.013799605097421582
FILD or FILA ADJUDICATED,12,2015180776,genomic_raw,4,770,12,0.020524727144079803,0.015584415584415584,0.008937040176158829,0.027041206405671363,0.013799872495192295,0.029187561735148148
FILD or FILA ADJUDICATED,12,2015180776,genomic_raw,5,769,18,0.04337506397709269,0.02340702210663199,0.014856495571086814,0.03669542153425275,0.02923163985702637,0.06061950230274055
FILD or FILA ADJUDICATED,12,2015180776,genomic_raw,6,769,14,0.08425522746056666,0.018205461638491547,0.010875078260352153,0.030325427299070243,0.060683308446437975,0.11312747696192824
FILD or FILA ADJUDICATED,12,2015180776,genomic_raw,7,770,16,0.15186345679750357,0.02077922077922078,0.012830175613871217,0.033486105857161864,0.11318491071820909,0.1951979878726827
FILD or FILA ADJUDICATED,12,2015180776,genomic_raw,8,769,16,0.2618371249865523,0.02080624187256177,0.01284691135930053,0.033529299973080455,0.19521177277146304,0.346182563335692
FILD or FILA ADJUDICATED,12,2015180776,genomic_raw,9,770,17,0.5250763828393739,0.02207792207792208,0.01382933715277743,0.03507145304055638,0.3462614875599599,0.9839007935167873
FILD or FILA ADJUDICATED,12,2015180776,genomic_isotonic,0,770,14,0.016481520382567002,0.01818181818181818,0.010860915582275707,0.030286348444155925,0.0,0.017126546146527116
FILD or FILA ADJUDICATED,12,2015180776,genomic_isotonic,1,769,10,0.017126546146527116,0.013003901170351105,0.007078545900378475,0.023770548113126753,0.017126546146527116,0.017126546146527116
FILD or FILA ADJUDICATED,12,2015180776,genomic_isotonic,2,770,13,0.017279949030684322,0.016883116883116882,0.009892721428977881,0.028670033875153024,0.017126546146527116,0.019114688128772636
FILD or FILA ADJUDICATED,12,2015180776,genomic_isotonic,4,770,16,0.01911468812877264,0.02077922077922078,0.012830175613871217,0.033486105857161864,0.019114688128772636,0.019114688128772636
FILD or FILA ADJUDICATED,12,2015180776,genomic_isotonic,3,769,17,0.019114688128772643,0.022106631989596878,0.013847378881987714,0.03511668533687256,0.019114688128772636,0.019114688128772636
FILD or FILA ADJUDICATED,12,2015180776,genomic_isotonic,5,769,19,0.02028985048321449,0.0247074122236671,0.01587360135768905,0.03826616863412981,0.019114688128772636,0.02214022140221402
FILD or FILA ADJUDICATED,12,2015180776,genomic_isotonic,6,769,14,0.023169105423152515,0.018205461638491547,0.010875078260352153,0.030325427299070243,0.02214022140221402,0.024096385542168672
FILD or FILA ADJUDICATED,12,2015180776,genomic_isotonic,7,770,17,0.024264181402718427,0.02207792207792208,0.01382933715277743,0.03507145304055638,0.024096385542168672,0.02572347266881029
FILD or FILA ADJUDICATED,12,2015180776,genomic_isotonic,8,769,11,0.02572347266881029,0.014304291287386216,0.008005744470847457,0.025431202429137063,0.02572347266881029,0.02572347266881029
FILD or FILA ADJUDICATED,12,2015180776,genomic_isotonic,9,770,21,0.028733534373494973,0.02727272727272727,0.017906160074157684,0.04133266500837901,0.02572347266881029,0.07142857142857142
FILD or FILA ADJUDICATED,12,2015180776,combined_raw,0,770,5,0.01655917608192197,0.006493506493506494,0.0027767335367897463,0.01510995198893538,0.003484568781632365,0.022826366596931942
FILD or FILA ADJUDICATED,12,2015180776,combined_raw,1,769,3,0.028601402005064627,0.0039011703511053317,0.001327618000260774,0.011406505807889416,0.02284906660154605,0.034516328922493664
FILD or FILA ADJUDICATED,12,2015180776,combined_raw,2,770,6,0.041915036691951,0.007792207792207792,0.0035759904186376326,0.016895203829388215,0.034527854357000606,0.05108530257542519
FILD or FILA ADJUDICATED,12,2015180776,combined_raw,3,769,3,0.06610797142551261,0.0039011703511053317,0.001327618000260774,0.011406505807889416,0.05109885295837656,0.08467022825075779
FILD or FILA ADJUDICATED,12,2015180776,combined_raw,4,770,8,0.1114539907704178,0.01038961038961039,0.005273784940225151,0.020366426752402144,0.08469947779094116,0.1411850079048561
FILD or FILA ADJUDICATED,12,2015180776,combined_raw,5,769,10,0.1750782007798991,0.013003901170351105,0.007078545900378475,0.023770548113126753,0.14129878722716344,0.2122887371440336
FILD or FILA ADJUDICATED,12,2015180776,combined_raw,6,769,15,0.2506854051695403,0.01950585175552666,0.01185585151954993,0.03193250692635176,0.21231989980376598,0.2953597044845172
FILD or FILA ADJUDICATED,12,2015180776,combined_raw,7,770,12,0.3414335560121507,0.015584415584415584,0.008937040176158829,0.027041206405671363,0.2953646810263955,0.39446126734124926
FILD or FILA ADJUDICATED,12,2015180776,combined_raw,8,769,19,0.4574898038717526,0.0247074122236671,0.01587360135768905,0.03826616863412981,0.39457460667574984,0.5334218424419149
FILD or FILA ADJUDICATED,12,2015180776,combined_raw,9,770,71,0.6871560507494835,0.09220779220779221,0.07374740451581015,0.11471685668176275,0.5335271170809223,0.949991570690744
FILD or FILA ADJUDICATED,12,2015180776,combined_isotonic,0,770,3,0.0026724228625042987,0.003896103896103896,0.0013258926936253902,0.011391775387498288,0.0,0.0033444816053511705
FILD or FILA ADJUDICATED,12,2015180776,combined_isotonic,2,770,5,0.0033444816053511705,0.006493506493506494,0.0027767335367897463,0.01510995198893538,0.0033444816053511705,0.0033444816053511705
FILD or FILA ADJUDICATED,12,2015180776,combined_isotonic,1,769,5,0.003344481605351171,0.006501950585175552,0.002780348414515579,0.015129481166593194,0.0033444816053511705,0.0033444816053511705
FILD or FILA ADJUDICATED,12,2015180776,combined_isotonic,3,769,8,0.008582351330847999,0.010403120936280884,0.005280654829476248,0.0203927334110704,0.0033444816053511705,0.014114326040931546
FILD or FILA ADJUDICATED,12,2015180776,combined_isotonic,4,770,10,0.014114326040931546,0.012987012987012988,0.007069333631553706,0.02373989550567504,0.014114326040931546,0.014114326040931546
FILD or FILA ADJUDICATED,12,2015180776,combined_isotonic,5,769,4,0.014114326040931546,0.005201560468140442,0.0020245891497467933,0.013297387544882687,0.014114326040931546,0.014114326040931546
FILD or FILA ADJUDICATED,12,2015180776,combined_isotonic,6,769,15,0.017932278227919242,0.01950585175552666,0.01185585151954993,0.03193250692635176,0.014114326040931546,0.021021021021021023
FILD or FILA ADJUDICATED,12,2015180776,combined_isotonic,7,770,13,0.021021021021021026,0.016883116883116882,0.009892721428977881,0.028670033875153024,0.021021021021021023,0.021021021021021023
FILD or FILA ADJUDICATED,12,2015180776,combined_isotonic,8,769,16,0.032405380063843664,0.02080624187256177,0.01284691135930053,0.033529299973080455,0.021021021021021023,0.03365384615384615
FILD or FILA ADJUDICATED,12,2015180776,combined_isotonic,9,770,73,0.13880547231197632,0.09480519480519481,0.07607888344397429,0.11755439519820005,0.03365384615384615,0.6153846153846154
FILD or FILA ADJUDICATED,13,1565610880,zebra_raw,0,770,1,0.231851903162768,0.0012987012987012987,0.00022928946639889794,0.007319361170123334,0.11052533634471677,0.26122793947356854
FILD or FILA ADJUDICATED,13,1565610880,zebra_raw,1,769,0,0.2863606393371826,0.0,0.0,0.004970565148712315,0.2612387411577535,0.3117260491343149
FILD or FILA ADJUDICATED,13,1565610880,zebra_raw,2,770,6,0.3428542135757155,0.007792207792207792,0.0035759904186376326,0.016895203829388215,0.3117422769040575,0.3766087127018751
FILD or FILA ADJUDICATED,13,1565610880,zebra_raw,3,769,6,0.4113945391519464,0.007802340702210663,0.003580646807040671,0.016917035660547395,0.37661447713663365,0.4492273624574113
FILD or FILA ADJUDICATED,13,1565610880,zebra_raw,4,770,8,0.49519348227053545,0.01038961038961039,0.005273784940225151,0.020366426752402144,0.4493099110550881,0.5440285198003615
FILD or FILA ADJUDICATED,13,1565610880,zebra_raw,5,769,9,0.6041604943475215,0.011703511053315995,0.006169270449727107,0.022091970677298834,0.5440953606750395,0.6673312960617217
FILD or FILA ADJUDICATED,13,1565610880,zebra_raw,6,769,10,0.7344437599800362,0.013003901170351105,0.007078545900378475,0.023770548113126753,0.667577779757655,0.7965488582068666
FILD or FILA ADJUDICATED,13,1565610880,zebra_raw,7,770,8,0.8501924315514946,0.01038961038961039,0.005273784940225151,0.020366426752402144,0.796567260782887,0.901189661903329
FILD or FILA ADJUDICATED,13,1565610880,zebra_raw,8,769,22,0.9516610167645498,0.02860858257477243,0.01896739582103829,0.04293593283021844,0.9012048016712629,0.9860089016090301
FILD or FILA ADJUDICATED,13,1565610880,zebra_raw,9,770,82,0.9964935004520514,0.10649350649350649,0.08662567599181079,0.13026818115107003,0.9860122135494251,1.0
FILD or FILA ADJUDICATED,13,1565610880,zebra_isotonic,0,770,0,0.0019097502473526134,0.0,0.0,0.004964141914221508,0.0,0.003436426116838488
FILD or FILA ADJUDICATED,13,1565610880,zebra_isotonic,1,769,4,0.003834457065863802,0.005201560468140442,0.0020245891497467933,0.013297387544882687,0.003436426116838488,0.004301075268817204
FILD or FILA ADJUDICATED,13,1565610880,zebra_isotonic,2,770,2,0.004431269852289282,0.0025974025974025974,0.0007125907061236786,0.009420568652699277,0.004301075268817204,0.004540295119182747
FILD or FILA ADJUDICATED,13,1565610880,zebra_isotonic,3,769,6,0.004540295119182747,0.007802340702210663,0.003580646807040671,0.016917035660547395,0.004540295119182747,0.004540295119182747
FILD or FILA ADJUDICATED,13,1565610880,zebra_isotonic,4,770,9,0.006852948158334632,0.011688311688311689,0.006161243000312308,0.022063477414615715,0.004540295119182747,0.008350730688935281
FILD or FILA ADJUDICATED,13,1565610880,zebra_isotonic,5,769,11,0.010597497199851591,0.014304291287386216,0.008005744470847457,0.025431202429137063,0.008350730688935281,0.012468827930174564
FILD or FILA ADJUDICATED,13,1565610880,zebra_isotonic,6,769,6,0.01614914788334861,0.007802340702210663,0.003580646807040671,0.016917035660547395,0.012468827930174564,0.02194787379972565
FILD or FILA ADJUDICATED,13,1565610880,zebra_isotonic,7,770,13,0.02194787379972565,0.016883116883116882,0.009892721428977881,0.028670033875153024,0.02194787379972565,0.02194787379972565
FILD or FILA ADJUDICATED,13,1565610880,zebra_isotonic,8,769,18,0.029056415917549653,0.02340702210663199,0.014856495571086814,0.03669542153425275,0.02194787379972565,0.041237113402061855
FILD or FILA ADJUDICATED,13,1565610880,zebra_isotonic,9,770,83,0.11103095185346944,0.10779220779220779,0.0878027436258213,0.13167562223936025,0.041237113402061855,0.5434782608695652
FILD or FILA ADJUDICATED,13,1565610880,genomic_raw,0,770,15,0.013909258153133158,0.01948051948051948,0.011840409174050253,0.0318913635746821,0.0016118792082955356,0.022267329314414785
FILD or FILA ADJUDICATED,13,1565610880,genomic_raw,1,769,16,0.030315738896151814,0.02080624187256177,0.01284691135930053,0.033529299973080455,0.02226753318367498,0.03873001361070075
FILD or FILA ADJUDICATED,13,1565610880,genomic_raw,2,770,6,0.04849440507667937,0.007792207792207792,0.0035759904186376326,0.016895203829388215,0.03876093883499681,0.05840839262150408
FILD or FILA ADJUDICATED,13,1565610880,genomic_raw,3,769,17,0.0698390642738231,0.022106631989596878,0.013847378881987714,0.03511668533687256,0.058411693174326144,0.08223853359465651
FILD or FILA ADJUDICATED,13,1565610880,genomic_raw,4,770,17,0.09624403862132845,0.02207792207792208,0.01382933715277743,0.03507145304055638,0.08224850740738784,0.11094622494023802
FILD or FILA ADJUDICATED,13,1565610880,genomic_raw,5,769,11,0.12897407651872447,0.014304291287386216,0.008005744470847457,0.025431202429137063,0.11096325433674739,0.14714249610062094
FILD or FILA ADJUDICATED,13,1565610880,genomic_raw,6,769,10,0.17003907363225607,0.013003901170351105,0.007078545900378475,0.023770548113126753,0.14714335400928732,0.19481557778690717
FILD or FILA ADJUDICATED,13,1565610880,genomic_raw,7,770,21,0.22730246361853776,0.02727272727272727,0.017906160074157684,0.04133266500837901,0.19486675886816227,0.26356605515714066
FILD or FILA ADJUDICATED,13,1565610880,genomic_raw,8,769,22,0.3145154372748694,0.02860858257477243,0.01896739582103829,0.04293593283021844,0.26359489681638426,0.37886220787034325
FILD or FILA ADJUDICATED,13,1565610880,genomic_raw,9,770,17,0.5122982679262669,0.02207792207792208,0.01382933715277743,0.03507145304055638,0.3789039322073833,0.9142686698168101
FILD or FILA ADJUDICATED,13,1565610880,genomic_isotonic,0,770,15,0.011381193823774794,0.01948051948051948,0.011840409174050253,0.0318913635746821,0.0,0.01768867924528302
FILD or FILA ADJUDICATED,13,1565610880,genomic_isotonic,1,769,10,0.017688679245283022,0.013003901170351105,0.007078545900378475,0.023770548113126753,0.01768867924528302,0.01768867924528302
FILD or FILA ADJUDICATED,13,1565610880,genomic_isotonic,2,770,15,0.01848582812096876,0.01948051948051948,0.011840409174050253,0.0318913635746821,0.01768867924528302,0.020008892841262785
FILD or FILA ADJUDICATED,13,1565610880,genomic_isotonic,4,770,13,0.020008892841262782,0.016883116883116882,0.009892721428977881,0.028670033875153024,0.020008892841262785,0.020008892841262785
FILD or FILA ADJUDICATED,13,1565610880,genomic_isotonic,3,769,13,0.020008892841262785,0.016905071521456438,0.009905619514842359,0.028707033158100748,0.020008892841262785,0.020008892841262785
FILD or FILA ADJUDICATED,13,1565610880,genomic_isotonic,5,769,13,0.020008892841262785,0.016905071521456438,0.009905619514842359,0.028707033158100748,0.020008892841262785,0.020008892841262785
FILD or FILA ADJUDICATED,13,1565610880,genomic_isotonic,6,769,13,0.020008892841262785,0.016905071521456438,0.009905619514842359,0.028707033158100748,0.020008892841262785,0.020008892841262785
FILD or FILA ADJUDICATED,13,1565610880,genomic_isotonic,7,770,19,0.021496170447765046,0.024675324675324677,0.015852913748522608,0.03821689388941264,0.020008892841262785,0.022271714922048998
FILD or FILA ADJUDICATED,13,1565610880,genomic_isotonic,8,769,20,0.023313585442691877,0.02600780234070221,0.016898117575631134,0.03982950530266702,0.022271714922048998,0.023809523809523808
FILD or FILA ADJUDICATED,13,1565610880,genomic_isotonic,9,770,21,0.03038418517669736,0.02727272727272727,0.017906160074157684,0.04133266500837901,0.023809523809523808,0.07142857142857142
FILD or FILA ADJUDICATED,13,1565610880,combined_raw,0,770,2,0.010256837492925214,0.0025974025974025974,0.0007125907061236786,0.009420568652699277,0.005104868386337619,0.01294647975759677
FILD or FILA ADJUDICATED,13,1565610880,combined_raw,1,769,4,0.014988988695273361,0.005201560468140442,0.0020245891497467933,0.013297387544882687,0.012949751870764156,0.01695752454393903
FILD or FILA ADJUDICATED,13,1565610880,combined_raw,2,770,3,0.01908944042242602,0.003896103896103896,0.0013258926936253902,0.011391775387498288,0.01695964578452191,0.021305601958580944
FILD or FILA ADJUDICATED,13,1565610880,combined_raw,3,769,6,0.023704607545284116,0.007802340702210663,0.003580646807040671,0.016917035660547395,0.021322690276489732,0.026509439371170212
FILD or FILA ADJUDICATED,13,1565610880,combined_raw,4,770,14,0.029644736968131816,0.01818181818181818,0.010860915582275707,0.030286348444155925,0.026510005197167324,0.033035340841793055
FILD or FILA ADJUDICATED,13,1565610880,combined_raw,5,769,10,0.03688637954538256,0.013003901170351105,0.007078545900378475,0.023770548113126753,0.03304284072834342,0.04151229943293813
FILD or FILA ADJUDICATED,13,1565610880,combined_raw,6,769,8,0.04748016525034455,0.010403120936280884,0.005280654829476248,0.0203927334110704,0.04151393414041628,0.055133691081402224
FILD or FILA ADJUDICATED,13,1565610880,combined_raw,7,770,10,0.06522274331535875,0.012987012987012988,0.007069333631553706,0.02373989550567504,0.05515388948634719,0.07897261120686432
FILD or FILA ADJUDICATED,13,1565610880,combined_raw,8,769,16,0.10243211444126168,0.02080624187256177,0.01284691135930053,0.033529299973080455,0.07905024859674381,0.13501695590863516
FILD or FILA ADJUDICATED,13,1565610880,combined_raw,9,770,79,0.240586923445384,0.1025974025974026,0.0831005084064421,0.12603982256953655,0.13502486439797934,0.6393316803879576
FILD or FILA ADJUDICATED,13,1565610880,combined_isotonic,0,770,3,0.005685667340876192,0.003896103896103896,0.0013258926936253902,0.011391775387498288,0.0,0.007366482504604052
FILD or FILA ADJUDICATED,13,1565610880,combined_isotonic,1,769,3,0.00824631137731329,0.0039011703511053317,0.001327618000260774,0.011406505807889416,0.007366482504604052,0.009540329575021683
FILD or FILA ADJUDICATED,13,1565610880,combined_isotonic,2,770,5,0.009540329575021683,0.006493506493506494,0.0027767335367897463,0.01510995198893538,0.009540329575021683,0.009540329575021683
FILD or FILA ADJUDICATED,13,1565610880,combined_isotonic,3,769,11,0.009540329575021683,0.014304291287386216,0.008005744470847457,0.025431202429137063,0.009540329575021683,0.009540329575021683
FILD or FILA ADJUDICATED,13,1565610880,combined_isotonic,4,770,11,0.009540329575021683,0.014285714285714285,0.007995323688185082,0.025398414171344384,0.009540329575021683,0.009540329575021683
FILD or FILA ADJUDICATED,13,1565610880,combined_isotonic,5,769,6,0.009540329575021683,0.007802340702210663,0.003580646807040671,0.016917035660547395,0.009540329575021683,0.009540329575021683
FILD or FILA ADJUDICATED,13,1565610880,combined_isotonic,6,769,8,0.01550953477066949,0.010403120936280884,0.005280654829476248,0.0203927334110704,0.009540329575021683,0.017077798861480076
FILD or FILA ADJUDICATED,13,1565610880,combined_isotonic,7,770,10,0.020753493595147995,0.012987012987012988,0.007069333631553706,0.02373989550567504,0.017077798861480076,0.024896265560165973
FILD or FILA ADJUDICATED,13,1565610880,combined_isotonic,8,769,17,0.03945865282344892,0.022106631989596878,0.013847378881987714,0.03511668533687256,0.024896265560165973,0.04046242774566474
FILD or FILA ADJUDICATED,13,1565610880,combined_isotonic,9,770,78,0.14710738341207816,0.1012987012987013,0.08192751953281167,0.1246283027208663,0.04046242774566474,0.3333333333333333
FILD or FILA ADJUDICATED,14,873591530,zebra_raw,0,770,2,0.23090597858692455,0.0025974025974025974,0.0007125907061236786,0.009420568652699277,0.11052533634471677,0.2595181435281127
FILD or FILA ADJUDICATED,14,873591530,zebra_raw,1,769,1,0.28486832825409814,0.0013003901170351106,0.0002295876800841234,0.007328830355107483,0.2595342312515357,0.31090527380487964
FILD or FILA ADJUDICATED,14,873591530,zebra_raw,2,770,5,0.3410039326204803,0.006493506493506494,0.0027767335367897463,0.01510995198893538,0.3109067396753655,0.373671192654601
FILD or FILA ADJUDICATED,14,873591530,zebra_raw,3,769,5,0.4067399987490393,0.006501950585175552,0.002780348414515579,0.015129481166593194,0.3737265474915975,0.4414351597963074
FILD or FILA ADJUDICATED,14,873591530,zebra_raw,4,770,8,0.48690953901421574,0.01038961038961039,0.005273784940225151,0.020366426752402144,0.44179754010956984,0.5380232986555498
FILD or FILA ADJUDICATED,14,873591530,zebra_raw,5,769,8,0.6005611503467839,0.010403120936280884,0.005280654829476248,0.0203927334110704,0.5382614218396673,0.6659285197485536
FILD or FILA ADJUDICATED,14,873591530,zebra_raw,6,769,14,0.7337644961951837,0.018205461638491547,0.010875078260352153,0.030325427299070243,0.6662018686088061,0.7921631693005852
FILD or FILA ADJUDICATED,14,873591530,zebra_raw,7,770,10,0.8477127124178327,0.012987012987012988,0.007069333631553706,0.02373989550567504,0.7922523496135381,0.9003282979708815
FILD or FILA ADJUDICATED,14,873591530,zebra_raw,8,769,24,0.9499109393544519,0.031209362808842653,0.02106088189967261,0.0460181525245427,0.9004332446160401,0.9857425356329601
FILD or FILA ADJUDICATED,14,873591530,zebra_raw,9,770,75,0.9963874575932502,0.09740259740259741,0.07841500055802125,0.12038729552875452,0.9858607951392028,1.0
FILD or FILA ADJUDICATED,14,873591530,zebra_isotonic,0,770,2,0.000549083269671505,0.0025974025974025974,0.0007125907061236786,0.009420568652699277,0.0,0.001838235294117647
FILD or FILA ADJUDICATED,14,873591530,zebra_isotonic,1,769,1,0.0025284077967793243,0.0013003901170351106,0.0002295876800841234,0.007328830355107483,0.001838235294117647,0.0048543689320388345
FILD or FILA ADJUDICATED,14,873591530,zebra_isotonic,2,770,4,0.004854368932038834,0.005194805194805195,0.0020219574690050306,0.013280219334419372,0.0048543689320388345,0.0048543689320388345
FILD or FILA ADJUDICATED,14,873591530,zebra_isotonic,3,769,4,0.005065260544291196,0.005201560468140442,0.0020245891497467933,0.013297387544882687,0.0048543689320388345,0.006718924972004479
FILD or FILA ADJUDICATED,14,873591530,zebra_isotonic,4,770,7,0.00671892497200448,0.00909090909090909,0.004410478976495486,0.01864522399383109,0.006718924972004479,0.006718924972004479
FILD or FILA ADJUDICATED,14,873591530,zebra_isotonic,5,769,12,0.010328322474629356,0.015604681404421327,0.008948690331271528,0.027076109455192295,0.006718924972004479,0.013755158184319119
FILD or FILA ADJUDICATED,14,873591530,zebra_isotonic,6,769,13,0.013885112162523292,0.016905071521456438,0.009905619514842359,0.028707033158100748,0.013755158184319119,0.0176
FILD or FILA ADJUDICATED,14,873591530,zebra_isotonic,7,770,12,0.017600000000000005,0.015584415584415584,0.008937040176158829,0.027041206405671363,0.0176,0.0176
FILD or FILA ADJUDICATED,14,873591530,zebra_isotonic,8,769,15,0.024802289927936396,0.01950585175552666,0.01185585151954993,0.03193250692635176,0.0176,0.03409090909090909
FILD or FILA ADJUDICATED,14,873591530,zebra_isotonic,9,770,82,0.09502232351947812,0.10649350649350649,0.08662567599181079,0.13026818115107003,0.03409090909090909,0.5161290322580645
FILD or FILA ADJUDICATED,14,873591530,genomic_raw,0,770,9,0.08043889266700763,0.011688311688311689,0.006161243000312308,0.022063477414615715,0.03827892814706301,0.09527409382803585
FILD or FILA ADJUDICATED,14,873591530,genomic_raw,1,769,7,0.10477749302741543,0.009102730819245773,0.004416223152723785,0.01866931220134357,0.09528578238767708,0.11317788746217758
FILD or FILA ADJUDICATED,14,873591530,genomic_raw,2,770,12,0.1207633090516277,0.015584415584415584,0.008937040176158829,0.027041206405671363,0.11317814751039003,0.12770366561255342
FILD or FILA ADJUDICATED,14,873591530,genomic_raw,3,769,17,0.1352277156363885,0.022106631989596878,0.013847378881987714,0.03511668533687256,0.12770662441177627,0.1419438981200782
FILD or FILA ADJUDICATED,14,873591530,genomic_raw,4,770,14,0.14869524545692542,0.01818181818181818,0.010860915582275707,0.030286348444155925,0.1419490930733859,0.15523499617122977
FILD or FILA ADJUDICATED,14,873591530,genomic_raw,5,769,16,0.16227907371705866,0.02080624187256177,0.01284691135930053,0.033529299973080455,0.1552497049279798,0.16949673495228465
FILD or FILA ADJUDICATED,14,873591530,genomic_raw,6,769,17,0.1771743275287807,0.022106631989596878,0.013847378881987714,0.03511668533687256,0.16950330870522926,0.18530494366142253
FILD or FILA ADJUDICATED,14,873591530,genomic_raw,7,770,19,0.19367197583610712,0.024675324675324677,0.015852913748522608,0.03821689388941264,0.1853117146376542,0.2027747333381925
FILD or FILA ADJUDICATED,14,873591530,genomic_raw,8,769,19,0.21447204837950837,0.0247074122236671,0.01587360135768905,0.03826616863412981,0.2027840727117836,0.22862003195630717
FILD or FILA ADJUDICATED,14,873591530,genomic_raw,9,770,22,0.2522136424476766,0.02857142857142857,0.018942666074440347,0.04288066773039707,0.22862474822991652,0.33389148140730984
FILD or FILA ADJUDICATED,14,873591530,genomic_isotonic,0,770,9,0.009992759475553337,0.011688311688311689,0.006161243000312308,0.022063477414615715,0.0,0.014925373134328358
FILD or FILA ADJUDICATED,14,873591530,genomic_isotonic,1,769,9,0.02016686632407407,0.011703511053315995,0.006169270449727107,0.022091970677298834,0.014925373134328358,0.021189894050529748
FILD or FILA ADJUDICATED,14,873591530,genomic_isotonic,2,770,10,0.02118989405052974,0.012987012987012988,0.007069333631553706,0.02373989550567504,0.021189894050529748,0.021189894050529748
FILD or FILA ADJUDICATED,14,873591530,genomic_isotonic,3,769,17,0.02118989405052974,0.022106631989596878,0.013847378881987714,0.03511668533687256,0.021189894050529748,0.021189894050529748
FILD or FILA ADJUDICATED,14,873591530,genomic_isotonic,4,770,18,0.02118989405052974,0.023376623376623377,0.014837136266102694,0.036648162649531836,0.021189894050529748,0.021189894050529748
FILD or FILA ADJUDICATED,14,873591530,genomic_isotonic,5,769,14,0.02118989405052974,0.018205461638491547,0.010875078260352153,0.030325427299070243,0.021189894050529748,0.021189894050529748
FILD or FILA ADJUDICATED,14,873591530,genomic_isotonic,6,769,20,0.02118989405052974,0.02600780234070221,0.016898117575631134,0.03982950530266702,0.021189894050529748,0.021189894050529748
FILD or FILA ADJUDICATED,14,873591530,genomic_isotonic,7,770,12,0.02118989405052974,0.015584415584415584,0.008937040176158829,0.027041206405671363,0.021189894050529748,0.021189894050529748
FILD or FILA ADJUDICATED,14,873591530,genomic_isotonic,8,769,22,0.021336001717463998,0.02860858257477243,0.01896739582103829,0.04293593283021844,0.021189894050529748,0.021634615384615384
FILD or FILA ADJUDICATED,14,873591530,genomic_isotonic,9,770,21,0.031548747553467225,0.02727272727272727,0.017906160074157684,0.04133266500837901,0.021634615384615384,0.16666666666666666
FILD or FILA ADJUDICATED,14,873591530,combined_raw,0,770,2,0.0085120210412299,0.0025974025974025974,0.0007125907061236786,0.009420568652699277,0.002693993603423173,0.012175911123770759
FILD or FILA ADJUDICATED,14,873591530,combined_raw,1,769,8,0.01536618057810404,0.010403120936280884,0.005280654829476248,0.0203927334110704,0.012176484993187924,0.018898323893183303
FILD or FILA ADJUDICATED,14,873591530,combined_raw,2,770,5,0.02264635699234159,0.006493506493506494,0.0027767335367897463,0.01510995198893538,0.01890232700714514,0.02669042900320457
FILD or FILA ADJUDICATED,14,873591530,combined_raw,3,769,8,0.031858780686552506,0.010403120936280884,0.005280654829476248,0.0203927334110704,0.02669638281146912,0.03697138866175052
FILD or FILA ADJUDICATED,14,873591530,combined_raw,4,770,11,0.04315954194684263,0.014285714285714285,0.007995323688185082,0.025398414171344384,0.03697197795284628,0.050529828033732446
FILD or FILA ADJUDICATED,14,873591530,combined_raw,5,769,3,0.0597539315586313,0.0039011703511053317,0.001327618000260774,0.011406505807889416,0.050573441810774035,0.06954964817309156
FILD or FILA ADJUDICATED,14,873591530,combined_raw,6,769,14,0.08314951756551325,0.018205461638491547,0.010875078260352153,0.030325427299070243,0.06957985422090907,0.0981065336273091
FILD or FILA ADJUDICATED,14,873591530,combined_raw,7,770,13,0.11956919954728751,0.016883116883116882,0.009892721428977881,0.028670033875153024,0.09811378274867977,0.1454214851227382
FILD or FILA ADJUDICATED,14,873591530,combined_raw,8,769,10,0.1879039993678259,0.013003901170351105,0.007078545900378475,0.023770548113126753,0.1454276636304484,0.2460523311902548
FILD or FILA ADJUDICATED,14,873591530,combined_raw,9,770,78,0.4113961957245468,0.1012987012987013,0.08192751953281167,0.1246283027208663,0.24618845753668508,0.9140615474201874
FILD or FILA ADJUDICATED,14,873591530,combined_isotonic,0,770,2,0.005844550001795152,0.0025974025974025974,0.0007125907061236786,0.009420568652699277,0.0,0.007843137254901962
FILD or FILA ADJUDICATED,14,873591530,combined_isotonic,1,769,7,0.007843137254901962,0.009102730819245773,0.004416223152723785,0.01866931220134357,0.007843137254901962,0.007843137254901962
FILD or FILA ADJUDICATED,14,873591530,combined_isotonic,2,770,6,0.007865351621031032,0.007792207792207792,0.0035759904186376326,0.016895203829388215,0.007843137254901962,0.0082855321861058
FILD or FILA ADJUDICATED,14,873591530,combined_isotonic,3,769,7,0.008285532186105797,0.009102730819245773,0.004416223152723785,0.01866931220134357,0.0082855321861058,0.0082855321861058
FILD or FILA ADJUDICATED,14,873591530,combined_isotonic,4,770,8,0.008285532186105797,0.01038961038961039,0.005273784940225151,0.020366426752402144,0.0082855321861058,0.0082855321861058
FILD or FILA ADJUDICATED,14,873591530,combined_isotonic,5,769,7,0.008462726629223987,0.009102730819245773,0.004416223152723785,0.01866931220134357,0.0082855321861058,0.011235955056179775
FILD or FILA ADJUDICATED,14,873591530,combined_isotonic,6,769,13,0.01937082927882507,0.016905071521456438,0.009905619514842359,0.028707033158100748,0.011235955056179775,0.021551724137931036
FILD or FILA ADJUDICATED,14,873591530,combined_isotonic,7,770,15,0.02235955829282756,0.01948051948051948,0.011840409174050253,0.0318913635746821,0.021551724137931036,0.022935779816513763
FILD or FILA ADJUDICATED,14,873591530,combined_isotonic,8,769,18,0.022935779816513763,0.02340702210663199,0.014856495571086814,0.03669542153425275,0.022935779816513763,0.022935779816513763
FILD or FILA ADJUDICATED,14,873591530,combined_isotonic,9,770,69,0.07383610683671421,0.08961038961038961,0.07142073783803138,0.11187450591494005,0.022935779816513763,1.0
FILD or FILA ADJUDICATED,15,2100384433,zebra_raw,0,770,2,0.2327412668508855,0.0025974025974025974,0.0007125907061236786,0.009420568652699277,0.11893743948205666,0.26043795680852266
FILD or FILA ADJUDICATED,15,2100384433,zebra_raw,1,769,1,0.2847565474125554,0.0013003901170351106,0.0002295876800841234,0.007328830355107483,0.2605507168074891,0.31090527380487964
FILD or FILA ADJUDICATED,15,2100384433,zebra_raw,2,770,4,0.3408158498159617,0.005194805194805195,0.0020219574690050306,0.013280219334419372,0.3109067396753655,0.37342875421311394
FILD or FILA ADJUDICATED,15,2100384433,zebra_raw,3,769,3,0.40895660385279337,0.0039011703511053317,0.001327618000260774,0.011406505807889416,0.3734438647593623,0.4461954973729872
FILD or FILA ADJUDICATED,15,2100384433,zebra_raw,4,770,7,0.4914114961289705,0.00909090909090909,0.004410478976495486,0.01864522399383109,0.4462515041290735,0.5410477315007842
FILD or FILA ADJUDICATED,15,2100384433,zebra_raw,5,769,8,0.6021238201167048,0.010403120936280884,0.005280654829476248,0.0203927334110704,0.5414675277818876,0.6648290181595178
FILD or FILA ADJUDICATED,15,2100384433,zebra_raw,6,769,11,0.7314098114169886,0.014304291287386216,0.008005744470847457,0.025431202429137063,0.6652446793833273,0.7912322679108842
FILD or FILA ADJUDICATED,15,2100384433,zebra_raw,7,770,11,0.8464530873037697,0.014285714285714285,0.007995323688185082,0.025398414171344384,0.7913408419573393,0.8989414097210439
FILD or FILA ADJUDICATED,15,2100384433,zebra_raw,8,769,21,0.9486912540384247,0.027308192457737322,0.017929533535624646,0.041385942229152796,0.8989748388716692,0.9853504544758104
FILD or FILA ADJUDICATED,15,2100384433,zebra_raw,9,770,84,0.9964848650647713,0.10909090909090909,0.08898079075880169,0.1330820838286806,0.9853533817341006,1.0
FILD or FILA ADJUDICATED,15,2100384433,zebra_isotonic,0,770,2,0.0006493506493506494,0.0025974025974025974,0.0007125907061236786,0.009420568652699277,0.0,0.001953125
FILD or FILA ADJUDICATED,15,2100384433,zebra_isotonic,1,769,1,0.0027770498893921053,0.0013003901170351106,0.0002295876800841234,0.007328830355107483,0.001953125,0.005747126436781609
FILD or FILA ADJUDICATED,15,2100384433,zebra_isotonic,2,770,3,0.007241652098663901,0.003896103896103896,0.0013258926936253902,0.011391775387498288,0.005747126436781609,0.00796812749003984
FILD or FILA ADJUDICATED,15,2100384433,zebra_isotonic,3,769,2,0.008059857844424067,0.002600780234070221,0.0007135177289523901,0.009432753192718508,0.00796812749003984,0.00849514563106796
FILD or FILA ADJUDICATED,15,2100384433,zebra_isotonic,4,770,9,0.008495145631067959,0.011688311688311689,0.006161243000312308,0.022063477414615715,0.00849514563106796,0.00849514563106796
FILD or FILA ADJUDICATED,15,2100384433,zebra_isotonic,5,769,9,0.012349937411305986,0.011703511053315995,0.006169270449727107,0.022091970677298834,0.00849514563106796,0.014925373134328358
FILD or FILA ADJUDICATED,15,2100384433,zebra_isotonic,6,769,11,0.014925373134328356,0.014304291287386216,0.008005744470847457,0.025431202429137063,0.014925373134328358,0.014925373134328358
FILD or FILA ADJUDICATED,15,2100384433,zebra_isotonic,7,770,16,0.014925373134328356,0.02077922077922078,0.012830175613871217,0.033486105857161864,0.014925373134328358,0.014925373134328358
FILD or FILA ADJUDICATED,15,2100384433,zebra_isotonic,8,769,16,0.025895635615334384,0.02080624187256177,0.01284691135930053,0.033529299973080455,0.014925373134328358,0.041916167664670656
FILD or FILA ADJUDICATED,15,2100384433,zebra_isotonic,9,770,83,0.09530078212219277,0.10779220779220779,0.0878027436258213,0.13167562223936025,0.041916167664670656,0.5178571428571429
FILD or FILA ADJUDICATED,15,2100384433,genomic_raw,0,770,8,0.004895449261976064,0.01038961038961039,0.005273784940225151,0.020366426752402144,0.000246354299185975,0.008770717615586838
FILD or FILA ADJUDICATED,15,2100384433,genomic_raw,1,769,8,0.013051561020140646,0.010403120936280884,0.005280654829476248,0.0203927334110704,0.008790841672765507,0.01752106973313123
FILD or FILA ADJUDICATED,15,2100384433,genomic_raw,2,770,7,0.023225651346073517,0.00909090909090909,0.004410478976495486,0.01864522399383109,0.0175305635199521,0.029822458282535675
FILD or FILA ADJUDICATED,15,2100384433,genomic_raw,3,769,13,0.03836544034860409,0.016905071521456438,0.009905619514842359,0.028707033158100748,0.029865326401729286,0.04737208514826338
FILD or FILA ADJUDICATED,15,2100384433,genomic_raw,4,770,16,0.05797008536560531,0.02077922077922078,0.012830175613871217,0.033486105857161864,0.04740757519207256,0.06959529710475928
FILD or FILA ADJUDICATED,15,2100384433,genomic_raw,5,769,19,0.08423793879092123,0.0247074122236671,0.01587360135768905,0.03826616863412981,0.06965600120428483,0.10153369104562412
FILD or FILA ADJUDICATED,15,2100384433,genomic_raw,6,769,16,0.12453650656687908,0.02080624187256177,0.01284691135930053,0.033529299973080455,0.10153814845866047,0.15100942306233
FILD or FILA ADJUDICATED,15,2100384433,genomic_raw,7,770,19,0.18767539981219228,0.024675324675324677,0.015852913748522608,0.03821689388941264,0.15111097119892977,0.2311900698573594
FILD or FILA ADJUDICATED,15,2100384433,genomic_raw,8,769,21,0.295375320199344,0.027308192457737322,0.017929533535624646,0.041385942229152796,0.23126616214476486,0.379750309656827
FILD or FILA ADJUDICATED,15,2100384433,genomic_raw,9,770,25,0.5534295890845649,0.032467532467532464,0.022086969431753586,0.04748989053998599,0.3805516674353902,0.9714025607436182
FILD or FILA ADJUDICATED,15,2100384433,genomic_isotonic,0,770,5,0.015139145039879884,0.006493506493506494,0.0027767335367897463,0.01510995198893538,0.014245014245014245,0.017926734216679657
FILD or FILA ADJUDICATED,15,2100384433,genomic_isotonic,1,769,6,0.017926734216679653,0.007802340702210663,0.003580646807040671,0.016917035660547395,0.017926734216679657,0.017926734216679657
FILD or FILA ADJUDICATED,15,2100384433,genomic_isotonic,2,770,13,0.018934220685893993,0.016883116883116882,0.009892721428977881,0.028670033875153024,0.017926734216679657,0.02286751361161525
FILD or FILA ADJUDICATED,15,2100384433,genomic_isotonic,3,769,18,0.022867513611615254,0.02340702210663199,0.014856495571086814,0.03669542153425275,0.02286751361161525,0.02286751361161525
FILD or FILA ADJUDICATED,15,2100384433,genomic_isotonic,4,770,21,0.022867513611615254,0.02727272727272727,0.017906160074157684,0.04133266500837901,0.02286751361161525,0.02286751361161525
FILD or FILA ADJUDICATED,15,2100384433,genomic_isotonic,5,769,14,0.022867513611615254,0.018205461638491547,0.010875078260352153,0.030325427299070243,0.02286751361161525,0.02286751361161525
FILD or FILA ADJUDICATED,15,2100384433,genomic_isotonic,6,769,22,0.022867513611615254,0.02860858257477243,0.01896739582103829,0.04293593283021844,0.02286751361161525,0.02286751361161525
FILD or FILA ADJUDICATED,15,2100384433,genomic_isotonic,7,770,16,0.022867513611615254,0.02077922077922078,0.012830175613871217,0.033486105857161864,0.02286751361161525,0.02286751361161525
FILD or FILA ADJUDICATED,15,2100384433,genomic_isotonic,8,769,17,0.022867513611615254,0.022106631989596878,0.013847378881987714,0.03511668533687256,0.02286751361161525,0.02286751361161525
FILD or FILA ADJUDICATED,15,2100384433,genomic_isotonic,9,770,20,0.02327813747051497,0.025974025974025976,0.016876091691355087,0.03977822466888089,0.02286751361161525,0.02564102564102564
FILD or FILA ADJUDICATED,15,2100384433,combined_raw,0,770,2,0.005949862721140914,0.0025974025974025974,0.0007125907061236786,0.009420568652699277,0.0009179880141632813,0.00887545715445408
FILD or FILA ADJUDICATED,15,2100384433,combined_raw,1,769,3,0.011443785542257601,0.0039011703511053317,0.001327618000260774,0.011406505807889416,0.008882182655482844,0.014194835644531311
FILD or FILA ADJUDICATED,15,2100384433,combined_raw,2,770,8,0.017425879511859442,0.01038961038961039,0.005273784940225151,0.020366426752402144,0.014200853464652568,0.02089370281508666
FILD or FILA ADJUDICATED,15,2100384433,combined_raw,3,769,5,0.02528108765986721,0.006501950585175552,0.002780348414515579,0.015129481166593194,0.02091024438841385,0.029905849787640763
FILD or FILA ADJUDICATED,15,2100384433,combined_raw,4,770,6,0.035491262413963345,0.007792207792207792,0.0035759904186376326,0.016895203829388215,0.029917447341552397,0.04168851403161376
FILD or FILA ADJUDICATED,15,2100384433,combined_raw,5,769,6,0.049910566059106605,0.007802340702210663,0.003580646807040671,0.016917035660547395,0.04169340085159513,0.05905848212767673
FILD or FILA ADJUDICATED,15,2100384433,combined_raw,6,769,8,0.07187144744813977,0.010403120936280884,0.005280654829476248,0.0203927334110704,0.059087933651046434,0.08727808381184103
FILD or FILA ADJUDICATED,15,2100384433,combined_raw,7,770,10,0.1112001107983564,0.012987012987012988,0.007069333631553706,0.02373989550567504,0.0874243165206001,0.14082993916199887
FILD or FILA ADJUDICATED,15,2100384433,combined_raw,8,769,25,0.19288140303644175,0.032509752925877766,0.0221158152388249,0.04755107207186972,0.14089289104830993,0.2662668937370293
FILD or FILA ADJUDICATED,15,2100384433,combined_raw,9,770,79,0.4652674330662327,0.1025974025974026,0.0831005084064421,0.12603982256953655,0.2662974449144457,0.9810296847627621
FILD or FILA ADJUDICATED,15,2100384433,combined_isotonic,0,770,1,0.006506435154553761,0.0012987012987012987,0.00022928946639889794,0.007319361170123334,0.0,0.007048458149779736
FILD or FILA ADJUDICATED,15,2100384433,combined_isotonic,1,769,5,0.007048458149779736,0.006501950585175552,0.002780348414515579,0.015129481166593194,0.007048458149779736,0.007048458149779736
FILD or FILA ADJUDICATED,15,2100384433,combined_isotonic,2,770,4,0.008530844111404035,0.005194805194805195,0.0020219574690050306,0.013280219334419372,0.007048458149779736,0.008955223880597015
FILD or FILA ADJUDICATED,15,2100384433,combined_isotonic,3,769,4,0.008955223880597014,0.005201560468140442,0.0020245891497467933,0.013297387544882687,0.008955223880597015,0.008955223880597015
FILD or FILA ADJUDICATED,15,2100384433,combined_isotonic,4,770,6,0.008955223880597014,0.007792207792207792,0.0035759904186376326,0.016895203829388215,0.008955223880597015,0.008955223880597015
FILD or FILA ADJUDICATED,15,2100384433,combined_isotonic,5,769,10,0.01171684899195603,0.013003901170351105,0.007078545900378475,0.023770548113126753,0.008955223880597015,0.017713365539452495
FILD or FILA ADJUDICATED,15,2100384433,combined_isotonic,6,769,7,0.01771336553945249,0.009102730819245773,0.004416223152723785,0.01866931220134357,0.017713365539452495,0.017713365539452495
FILD or FILA ADJUDICATED,15,2100384433,combined_isotonic,7,770,11,0.02437428783768418,0.014285714285714285,0.007995323688185082,0.025398414171344384,0.017713365539452495,0.025
FILD or FILA ADJUDICATED,15,2100384433,combined_isotonic,8,769,27,0.02920152257440067,0.035110533159947985,0.024240577366074226,0.05060201571757897,0.025,0.03007518796992481
FILD or FILA ADJUDICATED,15,2100384433,combined_isotonic,9,770,77,0.0993328532497867,0.1,0.08075559305709225,0.12321572047428499,0.03007518796992481,1.0
FILD or FILA ADJUDICATED,16,341865912,zebra_raw,0,770,1,0.2318794414660755,0.0012987012987012987,0.00022928946639889794,0.007319361170123334,0.11052533634471677,0.2605507168074891
FILD or FILA ADJUDICATED,16,341865912,zebra_raw,1,769,2,0.28625987596345465,0.002600780234070221,0.0007135177289523901,0.009432753192718508,0.26061351545512534,0.31173266061856664
FILD or FILA ADJUDICATED,16,341865912,zebra_raw,2,770,5,0.34160775372225394,0.006493506493506494,0.0027767335367897463,0.01510995198893538,0.3117422769040575,0.3739114697393811
FILD or FILA ADJUDICATED,16,341865912,zebra_raw,3,769,4,0.4088716828628939,0.005201560468140442,0.0020245891497467933,0.013297387544882687,0.37394430797350053,0.44448296297374135
FILD or FILA ADJUDICATED,16,341865912,zebra_raw,4,770,6,0.48933159010646543,0.007792207792207792,0.0035759904186376326,0.016895203829388215,0.4445051068049796,0.5404236476080435
FILD or FILA ADJUDICATED,16,341865912,zebra_raw,5,769,9,0.6013882248837427,0.011703511053315995,0.006169270449727107,0.022091970677298834,0.5404581129876334,0.6640242739721478
FILD or FILA ADJUDICATED,16,341865912,zebra_raw,6,769,8,0.7286468975479351,0.010403120936280884,0.005280654829476248,0.0203927334110704,0.6642661211891435,0.7880581022030267
FILD or FILA ADJUDICATED,16,341865912,zebra_raw,7,770,17,0.8438994055032095,0.02207792207792208,0.01382933715277743,0.03507145304055638,0.788082102395069,0.8973141191166029
FILD or FILA ADJUDICATED,16,341865912,zebra_raw,8,769,21,0.9470152818638302,0.027308192457737322,0.017929533535624646,0.041385942229152796,0.8973402391284597,0.9837225057462183
FILD or FILA ADJUDICATED,16,341865912,zebra_raw,9,770,79,0.9958398322840136,0.1025974025974026,0.0831005084064421,0.12603982256953655,0.9837284906481525,1.0
FILD or FILA ADJUDICATED,16,341865912,zebra_isotonic,0,770,2,0.001157978391862828,0.0025974025974025974,0.0007125907061236786,0.009420568652699277,0.0,0.0025
FILD or FILA ADJUDICATED,16,341865912,zebra_isotonic,1,769,2,0.0025,0.002600780234070221,0.0007135177289523901,0.009432753192718508,0.0025,0.0025
FILD or FILA ADJUDICATED,16,341865912,zebra_isotonic,2,770,3,0.004349813289600799,0.003896103896103896,0.0013258926936253902,0.011391775387498288,0.0025,0.004545454545454545
FILD or FILA ADJUDICATED,16,341865912,zebra_isotonic,3,769,4,0.005613808878392907,0.005201560468140442,0.0020245891497467933,0.013297387544882687,0.004545454545454545,0.011627906976744186
FILD or FILA ADJUDICATED,16,341865912,zebra_isotonic,4,770,8,0.011627906976744184,0.01038961038961039,0.005273784940225151,0.020366426752402144,0.011627906976744186,0.011627906976744186
FILD or FILA ADJUDICATED,16,341865912,zebra_isotonic,5,769,9,0.01264330048479212,0.011703511053315995,0.006169270449727107,0.022091970677298834,0.011627906976744186,0.01284796573875803
FILD or FILA ADJUDICATED,16,341865912,zebra_isotonic,6,769,14,0.01359500407896932,0.018205461638491547,0.010875078260352153,0.030325427299070243,0.01284796573875803,0.013636363636363636
FILD or FILA ADJUDICATED,16,341865912,zebra_isotonic,7,770,8,0.01363636363636364,0.01038961038961039,0.005273784940225151,0.020366426752402144,0.013636363636363636,0.013636363636363636
FILD or FILA ADJUDICATED,16,341865912,zebra_isotonic,8,769,26,0.021858053410017588,0.033810143042912875,0.02317580344494089,0.04907893675223302,0.013636363636363636,0.024778761061946902
FILD or FILA ADJUDICATED,16,341865912,zebra_isotonic,9,770,76,0.09370646196611676,0.0987012987012987,0.07958474714757134,0.12180205766150516,0.024778761061946902,0.5245901639344263
FILD or FILA ADJUDICATED,16,341865912,genomic_raw,0,770,12,0.035319316486748284,0.015584415584415584,0.008937040176158829,0.027041206405671363,0.008910164106047343,0.04958426215531805
FILD or FILA ADJUDICATED,16,341865912,genomic_raw,1,769,12,0.061116579962105684,0.015604681404421327,0.008948690331271528,0.027076109455192295,0.04959305377517133,0.07147833772563551
FILD or FILA ADJUDICATED,16,341865912,genomic_raw,2,770,15,0.08236871820965778,0.01948051948051948,0.011840409174050253,0.0318913635746821,0.07148948079042598,0.09355520899359232
FILD or FILA ADJUDICATED,16,341865912,genomic_raw,3,769,14,0.10558539296104164,0.018205461638491547,0.010875078260352153,0.030325427299070243,0.09368212516595059,0.11788851182905213
FILD or FILA ADJUDICATED,16,341865912,genomic_raw,4,770,11,0.13043983606639978,0.014285714285714285,0.007995323688185082,0.025398414171344384,0.11790723568188317,0.14353749927675324
FILD or FILA ADJUDICATED,16,341865912,genomic_raw,5,769,10,0.15830920285670996,0.013003901170351105,0.007078545900378475,0.023770548113126753,0.14358905668588132,0.17406367887784602
FILD or FILA ADJUDICATED,16,341865912,genomic_raw,6,769,18,0.19311904428308732,0.02340702210663199,0.014856495571086814,0.03669542153425275,0.1740652607384564,0.21266739306040852
FILD or FILA ADJUDICATED,16,341865912,genomic_raw,7,770,21,0.23677882208522494,0.02727272727272727,0.017906160074157684,0.04133266500837901,0.21288269545454383,0.2637605591853433
FILD or FILA ADJUDICATED,16,341865912,genomic_raw,8,769,25,0.30105442639127367,0.032509752925877766,0.0221158152388249,0.04755107207186972,0.2639161419872747,0.3444651969472411
FILD or FILA ADJUDICATED,16,341865912,genomic_raw,9,770,14,0.4307994885348106,0.01818181818181818,0.010860915582275707,0.030286348444155925,0.3444910677879391,0.6779994132267883
FILD or FILA ADJUDICATED,16,341865912,genomic_isotonic,0,770,15,0.01641497871285862,0.01948051948051948,0.011840409174050253,0.0318913635746821,0.0,0.01721854304635762
FILD or FILA ADJUDICATED,16,341865912,genomic_isotonic,1,769,10,0.018076393480057712,0.013003901170351105,0.007078545900378475,0.023770548113126753,0.01721854304635762,0.02107409925220938
FILD or FILA ADJUDICATED,16,341865912,genomic_isotonic,3,769,20,0.021074099252209377,0.02600780234070221,0.016898117575631134,0.03982950530266702,0.02107409925220938,0.02107409925220938
FILD or FILA ADJUDICATED,16,341865912,genomic_isotonic,5,769,18,0.021074099252209377,0.02340702210663199,0.014856495571086814,0.03669542153425275,0.02107409925220938,0.02107409925220938
FILD or FILA ADJUDICATED,16,341865912,genomic_isotonic,6,769,15,0.021074099252209377,0.01950585175552666,0.01185585151954993,0.03193250692635176,0.02107409925220938,0.02107409925220938
FILD or FILA ADJUDICATED,16,341865912,genomic_isotonic,8,769,14,0.021074099252209377,0.018205461638491547,0.010875078260352153,0.030325427299070243,0.02107409925220938,0.02107409925220938
FILD or FILA ADJUDICATED,16,341865912,genomic_isotonic,2,770,11,0.02107409925220938,0.014285714285714285,0.007995323688185082,0.025398414171344384,0.02107409925220938,0.02107409925220938
FILD or FILA ADJUDICATED,16,341865912,genomic_isotonic,4,770,26,0.02107409925220938,0.033766233766233764,0.023145571320675448,0.04901579737336487,0.02107409925220938,0.02107409925220938
FILD or FILA ADJUDICATED,16,341865912,genomic_isotonic,7,770,14,0.02107409925220938,0.01818181818181818,0.010860915582275707,0.030286348444155925,0.02107409925220938,0.02107409925220938
FILD or FILA ADJUDICATED,16,341865912,genomic_isotonic,9,770,9,0.0361505962735416,0.011688311688311689,0.006161243000312308,0.022063477414615715,0.02107409925220938,0.125
FILD or FILA ADJUDICATED,16,341865912,combined_raw,0,770,5,0.0023240613178942926,0.006493506493506494,0.0027767335367897463,0.01510995198893538,0.00016712973772133911,0.0040906319480418325
FILD or FILA ADJUDICATED,16,341865912,combined_raw,1,769,2,0.006074525733578781,0.002600780234070221,0.0007135177289523901,0.009432753192718508,0.00409774311439691,0.008275404871642389
FILD or FILA ADJUDICATED,16,341865912,combined_raw,2,770,7,0.011157472871550595,0.00909090909090909,0.004410478976495486,0.01864522399383109,0.008283100526447379,0.014198467009057197
FILD or FILA ADJUDICATED,16,341865912,combined_raw,3,769,3,0.018138158100310442,0.0039011703511053317,0.001327618000260774,0.011406505807889416,0.014216727829875292,0.022502373685613815
FILD or FILA ADJUDICATED,16,341865912,combined_raw,4,770,10,0.02778883207546968,0.012987012987012988,0.007069333631553706,0.02373989550567504,0.02252742723030708,0.03412571491615405
FILD or FILA ADJUDICATED,16,341865912,combined_raw,5,769,12,0.04250978624979969,0.015604681404421327,0.008948690331271528,0.027076109455192295,0.03414859293941908,0.05246412905646592
FILD or FILA ADJUDICATED,16,341865912,combined_raw,6,769,12,0.06622547488133163,0.015604681404421327,0.008948690331271528,0.027076109455192295,0.05247337240063972,0.08359290715840424
FILD or FILA ADJUDICATED,16,341865912,combined_raw,7,770,14,0.10581173448849447,0.01818181818181818,0.010860915582275707,0.030286348444155925,0.08361943134711106,0.13320620754164847
FILD or FILA ADJUDICATED,16,341865912,combined_raw,8,769,20,0.18462960636494002,0.02600780234070221,0.016898117575631134,0.03982950530266702,0.13324943436191602,0.25986266641680833
FILD or FILA ADJUDICATED,16,341865912,combined_raw,9,770,67,0.4677608689744316,0.08701298701298701,0.06909906986505496,0.10902715644331504,0.2601387850165673,0.9859042973688883
FILD or FILA ADJUDICATED,16,341865912,combined_isotonic,0,770,8,0.004003148075857975,0.01038961038961039,0.005273784940225151,0.020366426752402144,0.0029013539651837525,0.009745127436281859
FILD or FILA ADJUDICATED,16,341865912,combined_isotonic,1,769,2,0.00974512743628186,0.002600780234070221,0.0007135177289523901,0.009432753192718508,0.009745127436281859,0.009745127436281859
FILD or FILA ADJUDICATED,16,341865912,combined_isotonic,2,770,4,0.00974512743628186,0.005194805194805195,0.0020219574690050306,0.013280219334419372,0.009745127436281859,0.009745127436281859
FILD or FILA ADJUDICATED,16,341865912,combined_isotonic,3,769,8,0.015165795345308434,0.010403120936280884,0.005280654829476248,0.0203927334110704,0.009745127436281859,0.01639344262295082
FILD or FILA ADJUDICATED,16,341865912,combined_isotonic,4,770,3,0.016649339481256995,0.003896103896103896,0.0013258926936253902,0.011391775387498288,0.01639344262295082,0.017152658662092625
FILD or FILA ADJUDICATED,16,341865912,combined_isotonic,5,769,19,0.01715265866209262,0.0247074122236671,0.01587360135768905,0.03826616863412981,0.017152658662092625,0.017152658662092625
FILD or FILA ADJUDICATED,16,341865912,combined_isotonic,6,769,9,0.01715265866209262,0.011703511053315995,0.006169270449727107,0.022091970677298834,0.017152658662092625,0.017152658662092625
FILD or FILA ADJUDICATED,16,341865912,combined_isotonic,7,770,6,0.020308803412817628,0.007792207792207792,0.0035759904186376326,0.016895203829388215,0.017152658662092625,0.03357314148681055
FILD or FILA ADJUDICATED,16,341865912,combined_isotonic,8,769,26,0.03357314148681056,0.033810143042912875,0.02317580344494089,0.04907893675223302,0.03357314148681055,0.03357314148681055
FILD or FILA ADJUDICATED,16,341865912,combined_isotonic,9,770,67,0.11666652347899129,0.08701298701298701,0.06909906986505496,0.10902715644331504,0.03357314148681055,0.6666666666666666
FILD or FILA ADJUDICATED,17,1512530950,zebra_raw,0,770,1,0.23223462695037123,0.0012987012987012987,0.00022928946639889794,0.007319361170123334,0.11052533634471677,0.2635101833117102
FILD or FILA ADJUDICATED,17,1512530950,zebra_raw,1,769,1,0.2901960981141667,0.0013003901170351106,0.0002295876800841234,0.007328830355107483,0.2635603813009687,0.31808050115772213
FILD or FILA ADJUDICATED,17,1512530950,zebra_raw,2,770,4,0.3486264880461849,0.005194805194805195,0.0020219574690050306,0.013280219334419372,0.3181281803889054,0.3804898110181999
FILD or FILA ADJUDICATED,17,1512530950,zebra_raw,3,769,4,0.4165198057362574,0.005201560468140442,0.0020245891497467933,0.013297387544882687,0.3805213921668221,0.45599735620184745
FILD or FILA ADJUDICATED,17,1512530950,zebra_raw,4,770,7,0.5001884320343852,0.00909090909090909,0.004410478976495486,0.01864522399383109,0.4560070296063176,0.5492292234640328
FILD or FILA ADJUDICATED,17,1512530950,zebra_raw,5,769,11,0.6098922207823911,0.014304291287386216,0.008005744470847457,0.025431202429137063,0.5492688972226727,0.6722180982865148
FILD or FILA ADJUDICATED,17,1512530950,zebra_raw,6,769,16,0.7369828855704385,0.02080624187256177,0.01284691135930053,0.033529299973080455,0.6725739313602688,0.7955217259992097
FILD or FILA ADJUDICATED,17,1512530950,zebra_raw,7,770,9,0.8478952828692907,0.011688311688311689,0.006161243000312308,0.022063477414615715,0.7957256523521344,0.8994346917346799
FILD or FILA ADJUDICATED,17,1512530950,zebra_raw,8,769,21,0.9495316531817418,0.027308192457737322,0.017929533535624646,0.041385942229152796,0.8995130441101881,0.9858607951392028
FILD or FILA ADJUDICATED,17,1512530950,zebra_raw,9,770,78,0.9965036867252491,0.1012987012987013,0.08192751953281167,0.1246283027208663,0.9859038413093151,1.0
FILD or FILA ADJUDICATED,17,1512530950,zebra_isotonic,0,770,1,0.001790193531787685,0.0012987012987012987,0.00022928946639889794,0.007319361170123334,0.0,0.003236245954692557
FILD or FILA ADJUDICATED,17,1512530950,zebra_isotonic,1,769,2,0.004518709401379806,0.002600780234070221,0.0007135177289523901,0.009432753192718508,0.003236245954692557,0.005741626794258373
FILD or FILA ADJUDICATED,17,1512530950,zebra_isotonic,2,770,5,0.005741626794258372,0.006493506493506494,0.0027767335367897463,0.01510995198893538,0.005741626794258373,0.005741626794258373
FILD or FILA ADJUDICATED,17,1512530950,zebra_isotonic,3,769,2,0.006791303656924681,0.002600780234070221,0.0007135177289523901,0.009432753192718508,0.005741626794258373,0.008733624454148471
FILD or FILA ADJUDICATED,17,1512530950,zebra_isotonic,4,770,13,0.009177730320755032,0.016883116883116882,0.009892721428977881,0.028670033875153024,0.008733624454148471,0.009252669039145907
FILD or FILA ADJUDICATED,17,1512530950,zebra_isotonic,5,769,13,0.009252669039145905,0.016905071521456438,0.009905619514842359,0.028707033158100748,0.009252669039145907,0.009252669039145907
FILD or FILA ADJUDICATED,17,1512530950,zebra_isotonic,6,769,9,0.009252669039145905,0.011703511053315995,0.006169270449727107,0.022091970677298834,0.009252669039145907,0.009252669039145907
FILD or FILA ADJUDICATED,17,1512530950,zebra_isotonic,7,770,9,0.016001413760303205,0.011688311688311689,0.006161243000312308,0.022063477414615715,0.009252669039145907,0.01652892561983471
FILD or FILA ADJUDICATED,17,1512530950,zebra_isotonic,8,769,22,0.026803175816651918,0.02860858257477243,0.01896739582103829,0.04293593283021844,0.01652892561983471,0.046875
FILD or FILA ADJUDICATED,17,1512530950,zebra_isotonic,9,770,76,0.10899856631899864,0.0987012987012987,0.07958474714757134,0.12180205766150516,0.046875,0.5769230769230769
FILD or FILA ADJUDICATED,17,1512530950,genomic_raw,0,770,15,0.002629933479311896,0.01948051948051948,0.011840409174050253,0.0318913635746821,0.0001626083102892079,0.004496813515937785
FILD or FILA ADJUDICATED,17,1512530950,genomic_raw,1,769,10,0.006378946672187267,0.013003901170351105,0.007078545900378475,0.023770548113126753,0.004499517786587736,0.008479774440074089
FILD or FILA ADJUDICATED,17,1512530950,genomic_raw,2,770,14,0.010782090892294325,0.01818181818181818,0.010860915582275707,0.030286348444155925,0.008491095173316707,0.013325537541007201
FILD or FILA ADJUDICATED,17,1512530950,genomic_raw,3,769,13,0.01651321470781934,0.016905071521456438,0.009905619514842359,0.028707033158100748,0.013327861041999439,0.02019180469129556
FILD or FILA ADJUDICATED,17,1512530950,genomic_raw,4,770,10,0.0248499482512984,0.012987012987012988,0.007069333631553706,0.02373989550567504,0.0201975243761876,0.030028135522850836
FILD or FILA ADJUDICATED,17,1512530950,genomic_raw,5,769,8,0.03665373957395423,0.010403120936280884,0.005280654829476248,0.0203927334110704,0.030041177000056842,0.044252463355085
FILD or FILA ADJUDICATED,17,1512530950,genomic_raw,6,769,10,0.05377541840000646,0.013003901170351105,0.007078545900378475,0.023770548113126753,0.044296177621215266,0.06476871161414863
FILD or FILA ADJUDICATED,17,1512530950,genomic_raw,7,770,28,0.08192788381129479,0.03636363636363636,0.025276867554216292,0.05205351858442546,0.06477462003320661,0.10343605355230577
FILD or FILA ADJUDICATED,17,1512530950,genomic_raw,8,769,20,0.1359536572280166,0.02600780234070221,0.016898117575631134,0.03982950530266702,0.10351594441339151,0.18017283127325898
FILD or FILA ADJUDICATED,17,1512530950,genomic_raw,9,770,24,0.3169379567808647,0.03116883116883117,0.021033415527337528,0.04595893572210135,0.18020282507176774,0.8854061767725381
FILD or FILA ADJUDICATED,17,1512530950,genomic_isotonic,0,770,11,0.012572821508505073,0.014285714285714285,0.007995323688185082,0.025398414171344384,0.0,0.013321873657069187
FILD or FILA ADJUDICATED,17,1512530950,genomic_isotonic,1,769,12,0.013321873657069185,0.015604681404421327,0.008948690331271528,0.027076109455192295,0.013321873657069187,0.013321873657069187
FILD or FILA ADJUDICATED,17,1512530950,genomic_isotonic,2,770,15,0.013321873657069185,0.01948051948051948,0.011840409174050253,0.0318913635746821,0.013321873657069187,0.013321873657069187
FILD or FILA ADJUDICATED,17,1512530950,genomic_isotonic,3,769,12,0.013479931042458052,0.015604681404421327,0.008948690331271528,0.027076109455192295,0.013321873657069187,0.0166270783847981
FILD or FILA ADJUDICATED,17,1512530950,genomic_isotonic,4,770,15,0.0166270783847981,0.01948051948051948,0.011840409174050253,0.0318913635746821,0.0166270783847981,0.0166270783847981
FILD or FILA ADJUDICATED,17,1512530950,genomic_isotonic,5,769,5,0.017812047768676426,0.006501950585175552,0.002780348414515579,0.015129481166593194,0.0166270783847981,0.02040816326530612
FILD or FILA ADJUDICATED,17,1512530950,genomic_isotonic,6,769,18,0.026621012684620964,0.02340702210663199,0.014856495571086814,0.03669542153425275,0.02040816326530612,0.028423772609819122
FILD or FILA ADJUDICATED,17,1512530950,genomic_isotonic,7,770,25,0.02842377260981912,0.032467532467532464,0.022086969431753586,0.04748989053998599,0.028423772609819122,0.028423772609819122
FILD or FILA ADJUDICATED,17,1512530950,genomic_isotonic,8,769,14,0.02842377260981912,0.018205461638491547,0.010875078260352153,0.030325427299070243,0.028423772609819122,0.028423772609819122
FILD or FILA ADJUDICATED,17,1512530950,genomic_isotonic,9,770,25,0.03896871399518866,0.032467532467532464,0.022086969431753586,0.04748989053998599,0.028423772609819122,0.14285714285714285
FILD or FILA ADJUDICATED,17,1512530950,combined_raw,0,770,3,0.02256844140735045,0.003896103896103896,0.0013258926936253902,0.011391775387498288,0.004133698871872467,0.03177546970359175
FILD or FILA ADJUDICATED,17,1512530950,combined_raw,1,769,1,0.039351403594432885,0.0013003901170351106,0.0002295876800841234,0.007328830355107483,0.03181462504784255,0.046826160231938224
FILD or FILA ADJUDICATED,17,1512530950,combined_raw,2,770,5,0.05486916214953156,0.006493506493506494,0.0027767335367897463,0.01510995198893538,0.04685000446636359,0.06288190518978208
FILD or FILA ADJUDICATED,17,1512530950,combined_raw,3,769,8,0.07296171701043312,0.010403120936280884,0.005280654829476248,0.0203927334110704,0.06288238092162823,0.0830503968352523
FILD or FILA ADJUDICATED,17,1512530950,combined_raw,4,770,9,0.09525029951896388,0.011688311688311689,0.006161243000312308,0.022063477414615715,0.08310869462228064,0.10844022840608265
FILD or FILA ADJUDICATED,17,1512530950,combined_raw,5,769,3,0.12468525790113917,0.0039011703511053317,0.001327618000260774,0.011406505807889416,0.10853025184647576,0.1421845526966888
FILD or FILA ADJUDICATED,17,1512530950,combined_raw,6,769,14,0.16531217335251716,0.018205461638491547,0.010875078260352153,0.030325427299070243,0.14223167330601785,0.19234681382146376
FILD or FILA ADJUDICATED,17,1512530950,combined_raw,7,770,8,0.22809898730433262,0.01038961038961039,0.005273784940225151,0.020366426752402144,0.19236143050068677,0.27116919903196895
FILD or FILA ADJUDICATED,17,1512530950,combined_raw,8,769,22,0.33601390054596497,0.02860858257477243,0.01896739582103829,0.04293593283021844,0.2713306949458702,0.418982249117982
FILD or FILA ADJUDICATED,17,1512530950,combined_raw,9,770,79,0.5938185189814024,0.1025974025974026,0.0831005084064421,0.12603982256953655,0.41901274988672893,0.9525622506232433
FILD or FILA ADJUDICATED,17,1512530950,combined_isotonic,0,770,3,0.0031177430307871264,0.003896103896103896,0.0013258926936253902,0.011391775387498288,0.0,0.0035739814152966403
FILD or FILA ADJUDICATED,17,1512530950,combined_isotonic,1,769,1,0.0036498780942359906,0.0013003901170351106,0.0002295876800841234,0.007328830355107483,0.0035739814152966403,0.004
FILD or FILA ADJUDICATED,17,1512530950,combined_isotonic,2,770,5,0.008185561914490297,0.006493506493506494,0.0027767335367897463,0.01510995198893538,0.004,0.01327088212334114
FILD or FILA ADJUDICATED,17,1512530950,combined_isotonic,3,769,5,0.013270882123341139,0.006501950585175552,0.002780348414515579,0.015129481166593194,0.01327088212334114,0.01327088212334114
FILD or FILA ADJUDICATED,17,1512530950,combined_isotonic,5,769,4,0.013270882123341139,0.005201560468140442,0.0020245891497467933,0.013297387544882687,0.01327088212334114,0.01327088212334114
FILD or FILA ADJUDICATED,17,1512530950,combined_isotonic,4,770,11,0.01327088212334114,0.014285714285714285,0.007995323688185082,0.025398414171344384,0.01327088212334114,0.01327088212334114
FILD or FILA ADJUDICATED,17,1512530950,combined_isotonic,6,769,12,0.014971377697830896,0.015604681404421327,0.008948690331271528,0.027076109455192295,0.01327088212334114,0.015021459227467811
FILD or FILA ADJUDICATED,17,1512530950,combined_isotonic,7,770,12,0.0169186297567206,0.015584415584415584,0.008937040176158829,0.027041206405671363,0.015021459227467811,0.017897091722595078
FILD or FILA ADJUDICATED,17,1512530950,combined_isotonic,8,769,20,0.022551694216842093,0.02600780234070221,0.016898117575631134,0.03982950530266702,0.017897091722595078,0.0425531914893617
FILD or FILA ADJUDICATED,17,1512530950,combined_isotonic,9,770,79,0.14560796009404064,0.1025974025974026,0.0831005084064421,0.12603982256953655,0.0425531914893617,1.0
FILD or FILA ADJUDICATED,18,1304972087,zebra_raw,0,770,1,0.23179031616274956,0.0012987012987012987,0.00022928946639889794,0.007319361170123334,0.11052533634471677,0.2610548534071459
FILD or FILA ADJUDICATED,18,1304972087,zebra_raw,1,769,0,0.28603987133496983,0.0,0.0,0.004970565148712315,0.2611260600445289,0.31173266061856664
FILD or FILA ADJUDICATED,18,1304972087,zebra_raw,2,770,6,0.3437861910575883,0.007792207792207792,0.0035759904186376326,0.016895203829388215,0.3117823339439391,0.37647236434557707
FILD or FILA ADJUDICATED,18,1304972087,zebra_raw,3,769,1,0.41105396987973736,0.0013003901170351106,0.0002295876800841234,0.007328830355107483,0.376512189675857,0.44729874340067893
FILD or FILA ADJUDICATED,18,1304972087,zebra_raw,4,770,7,0.49231266601706886,0.00909090909090909,0.004410478976495486,0.01864522399383109,0.4473804798830254,0.5430661623395054
FILD or FILA ADJUDICATED,18,1304972087,zebra_raw,5,769,6,0.6016136570108837,0.007802340702210663,0.003580646807040671,0.016917035660547395,0.543539525335139,0.6627623675653367
FILD or FILA ADJUDICATED,18,1304972087,zebra_raw,6,769,12,0.7278690306851646,0.015604681404421327,0.008948690331271528,0.027076109455192295,0.6628262091853885,0.7916819582987223
FILD or FILA ADJUDICATED,18,1304972087,zebra_raw,7,770,15,0.8459880348514756,0.01948051948051948,0.011840409174050253,0.0318913635746821,0.7919419135256038,0.9010687245335479
FILD or FILA ADJUDICATED,18,1304972087,zebra_raw,8,769,25,0.9521951773075648,0.032509752925877766,0.0221158152388249,0.04755107207186972,0.901189661903329,0.9860843461239837
FILD or FILA ADJUDICATED,18,1304972087,zebra_raw,9,770,79,0.9966142571192179,0.1025974025974026,0.0831005084064421,0.12603982256953655,0.986090694495255,1.0
FILD or FILA ADJUDICATED,18,1304972087,zebra_isotonic,0,770,1,0.0017576408553852164,0.0012987012987012987,0.00022928946639889794,0.007319361170123334,0.0,0.0037593984962406013
FILD or FILA ADJUDICATED,18,1304972087,zebra_isotonic,1,769,2,0.003878007980158727,0.002600780234070221,0.0007135177289523901,0.009432753192718508,0.0037593984962406013,0.004024144869215292
FILD or FILA ADJUDICATED,18,1304972087,zebra_isotonic,2,770,4,0.005433180660112574,0.005194805194805195,0.0020219574690050306,0.013280219334419372,0.004024144869215292,0.009584664536741214
FILD or FILA ADJUDICATED,18,1304972087,zebra_isotonic,3,769,3,0.009911341733367692,0.0039011703511053317,0.001327618000260774,0.011406505807889416,0.009584664536741214,0.010245901639344262
FILD or FILA ADJUDICATED,18,1304972087,zebra_isotonic,4,770,8,0.012016245033635006,0.01038961038961039,0.005273784940225151,0.020366426752402144,0.010245901639344262,0.013333333333333334
FILD or FILA ADJUDICATED,18,1304972087,zebra_isotonic,7,770,9,0.013333333333333332,0.011688311688311689,0.006161243000312308,0.022063477414615715,0.013333333333333334,0.013333333333333334
FILD or FILA ADJUDICATED,18,1304972087,zebra_isotonic,5,769,9,0.013333333333333334,0.011703511053315995,0.006169270449727107,0.022091970677298834,0.013333333333333334,0.013333333333333334
FILD or FILA ADJUDICATED,18,1304972087,zebra_isotonic,6,769,9,0.013333333333333334,0.011703511053315995,0.006169270449727107,0.022091970677298834,0.013333333333333334,0.013333333333333334
FILD or FILA ADJUDICATED,18,1304972087,zebra_isotonic,8,769,29,0.022869013474751974,0.0377113133940182,0.026383521542156965,0.053634777314454804,0.013333333333333334,0.03626943005181347
FILD or FILA ADJUDICATED,18,1304972087,zebra_isotonic,9,770,78,0.11147145705308054,0.1012987012987013,0.08192751953281167,0.1246283027208663,0.03626943005181347,0.5106382978723404
FILD or FILA ADJUDICATED,18,1304972087,genomic_raw,0,770,14,0.03724268840952109,0.01818181818181818,0.010860915582275707,0.030286348444155925,0.01345857484631818,0.047949359403198236
FILD or FILA ADJUDICATED,18,1304972087,genomic_raw,1,769,12,0.054946003992396214,0.015604681404421327,0.008948690331271528,0.027076109455192295,0.04795808718307267,0.062048426580122835
FILD or FILA ADJUDICATED,18,1304972087,genomic_raw,2,770,14,0.06894653589928147,0.01818181818181818,0.010860915582275707,0.030286348444155925,0.06205150933133544,0.07549283473124076
FILD or FILA ADJUDICATED,18,1304972087,genomic_raw,3,769,15,0.08241940640505113,0.01950585175552666,0.01185585151954993,0.03193250692635176,0.07549681346464153,0.08937996669919396
FILD or FILA ADJUDICATED,18,1304972087,genomic_raw,4,770,13,0.09615259772446587,0.016883116883116882,0.009892721428977881,0.028670033875153024,0.08940140593102837,0.10328018043658911
FILD or FILA ADJUDICATED,18,1304972087,genomic_raw,5,769,11,0.11174365463039501,0.014304291287386216,0.008005744470847457,0.025431202429137063,0.10334187203013594,0.12026923565458841
FILD or FILA ADJUDICATED,18,1304972087,genomic_raw,6,769,15,0.1299799396403415,0.01950585175552666,0.01185585151954993,0.03193250692635176,0.12033592549934158,0.14061590255741033
FILD or FILA ADJUDICATED,18,1304972087,genomic_raw,7,770,21,0.1540928852162901,0.02727272727272727,0.017906160074157684,0.04133266500837901,0.14061604257880744,0.16872177880108752
FILD or FILA ADJUDICATED,18,1304972087,genomic_raw,8,769,14,0.18935092571522777,0.018205461638491547,0.010875078260352153,0.030325427299070243,0.16874338826628435,0.21487042398515807
FILD or FILA ADJUDICATED,18,1304972087,genomic_raw,9,770,23,0.2731940713067292,0.02987012987012987,0.01998520545069876,0.044422637076439384,0.21507928970821993,0.5096028152932959
FILD or FILA ADJUDICATED,18,1304972087,genomic_isotonic,0,770,13,0.012596793532077552,0.016883116883116882,0.009892721428977881,0.028670033875153024,0.0,0.015706806282722512
FILD or FILA ADJUDICATED,18,1304972087,genomic_isotonic,1,769,15,0.01695287201796677,0.01950585175552666,0.01185585151954993,0.03193250692635176,0.015706806282722512,0.0192822710230316
FILD or FILA ADJUDICATED,18,1304972087,genomic_isotonic,2,770,16,0.019282271023031594,0.02077922077922078,0.012830175613871217,0.033486105857161864,0.0192822710230316,0.0192822710230316
FILD or FILA ADJUDICATED,18,1304972087,genomic_isotonic,4,770,11,0.019282271023031594,0.014285714285714285,0.007995323688185082,0.025398414171344384,0.0192822710230316,0.0192822710230316
FILD or FILA ADJUDICATED,18,1304972087,genomic_isotonic,3,769,13,0.019282271023031598,0.016905071521456438,0.009905619514842359,0.028707033158100748,0.0192822710230316,0.0192822710230316
FILD or FILA ADJUDICATED,18,1304972087,genomic_isotonic,5,769,18,0.026384710696499863,0.02340702210663199,0.014856495571086814,0.03669542153425275,0.0192822710230316,0.03500473036896878
FILD or FILA ADJUDICATED,18,1304972087,genomic_isotonic,6,769,18,0.035004730368968784,0.02340702210663199,0.014856495571086814,0.03669542153425275,0.03500473036896878,0.03500473036896878
FILD or FILA ADJUDICATED,18,1304972087,genomic_isotonic,7,770,13,0.035004730368968784,0.016883116883116882,0.009892721428977881,0.028670033875153024,0.03500473036896878,0.03500473036896878
FILD or FILA ADJUDICATED,18,1304972087,genomic_isotonic,8,769,20,0.035004730368968784,0.02600780234070221,0.016898117575631134,0.03982950530266702,0.03500473036896878,0.03500473036896878
FILD or FILA ADJUDICATED,18,1304972087,genomic_isotonic,9,770,15,0.038491688065954856,0.01948051948051948,0.011840409174050253,0.0318913635746821,0.03500473036896878,0.3333333333333333
FILD or FILA ADJUDICATED,18,1304972087,combined_raw,0,770,4,0.04532445328879174,0.005194805194805195,0.0020219574690050306,0.013280219334419372,0.0185202243823624,0.05666001734429463
FILD or FILA ADJUDICATED,18,1304972087,combined_raw,1,769,5,0.06430696580967758,0.006501950585175552,0.002780348414515579,0.015129481166593194,0.05666172848360976,0.0717676073929322
FILD or FILA ADJUDICATED,18,1304972087,combined_raw,2,770,2,0.078876461556031,0.0025974025974025974,0.0007125907061236786,0.009420568652699277,0.07176913184273251,0.08613093516668405
FILD or FILA ADJUDICATED,18,1304972087,combined_raw,3,769,7,0.09424767524552316,0.009102730819245773,0.004416223152723785,0.01866931220134357,0.08613706398852983,0.10239491609760874
FILD or FILA ADJUDICATED,18,1304972087,combined_raw,4,770,6,0.11121938201770193,0.007792207792207792,0.0035759904186376326,0.016895203829388215,0.10242704265280307,0.12002280427351074
FILD or FILA ADJUDICATED,18,1304972087,combined_raw,5,769,5,0.13047515668134946,0.006501950585175552,0.002780348414515579,0.015129481166593194,0.12003641123570807,0.14167656861882671
FILD or FILA ADJUDICATED,18,1304972087,combined_raw,6,769,11,0.15462289946021313,0.014304291287386216,0.008005744470847457,0.025431202429137063,0.1416791441247211,0.16907725801746024
FILD or FILA ADJUDICATED,18,1304972087,combined_raw,7,770,9,0.1853903159300666,0.011688311688311689,0.006161243000312308,0.022063477414615715,0.1691489880065644,0.20319192715044096
FILD or FILA ADJUDICATED,18,1304972087,combined_raw,8,769,26,0.22967517077170727,0.033810143042912875,0.02317580344494089,0.04907893675223302,0.20333455141009793,0.26166501511072
FILD or FILA ADJUDICATED,18,1304972087,combined_raw,9,770,77,0.33447604290816124,0.1,0.08075559305709225,0.12321572047428499,0.26178012952899554,0.5775506680940905
FILD or FILA ADJUDICATED,18,1304972087,combined_isotonic,0,770,5,0.0021207864117856155,0.006493506493506494,0.0027767335367897463,0.01510995198893538,0.0,0.002751031636863824
FILD or FILA ADJUDICATED,18,1304972087,combined_isotonic,1,769,4,0.0053204908545385204,0.005201560468140442,0.0020245891497467933,0.013297387544882687,0.002751031636863824,0.00959023539668701
FILD or FILA ADJUDICATED,18,1304972087,combined_isotonic,2,770,4,0.009590235396687009,0.005194805194805195,0.0020219574690050306,0.013280219334419372,0.00959023539668701,0.00959023539668701
FILD or FILA ADJUDICATED,18,1304972087,combined_isotonic,3,769,5,0.009744891816572938,0.006501950585175552,0.002780348414515579,0.015129481166593194,0.00959023539668701,0.010471204188481676
FILD or FILA ADJUDICATED,18,1304972087,combined_isotonic,4,770,6,0.012514010992236339,0.007792207792207792,0.0035759904186376326,0.016895203829388215,0.010471204188481676,0.0136986301369863
FILD or FILA ADJUDICATED,18,1304972087,combined_isotonic,5,769,9,0.01596339706027081,0.011703511053315995,0.006169270449727107,0.022091970677298834,0.0136986301369863,0.016260162601626018
FILD or FILA ADJUDICATED,18,1304972087,combined_isotonic,6,769,7,0.017321694097984057,0.009102730819245773,0.004416223152723785,0.01866931220134357,0.016260162601626018,0.02064896755162242
FILD or FILA ADJUDICATED,18,1304972087,combined_isotonic,7,770,10,0.026112315135924356,0.012987012987012988,0.007069333631553706,0.02373989550567504,0.02064896755162242,0.03684210526315789
FILD or FILA ADJUDICATED,18,1304972087,combined_isotonic,8,769,25,0.04693994415686722,0.032509752925877766,0.0221158152388249,0.04755107207186972,0.03684210526315789,0.0967741935483871
FILD or FILA ADJUDICATED,18,1304972087,combined_isotonic,9,770,77,0.12422789314249388,0.1,0.08075559305709225,0.12321572047428499,0.0967741935483871,0.16049382716049382
FILD or FILA ADJUDICATED,19,1684921317,zebra_raw,0,770,2,0.2313572640134086,0.0025974025974025974,0.0007125907061236786,0.009420568652699277,0.11052533634471677,0.2597474148447815
FILD or FILA ADJUDICATED,19,1684921317,zebra_raw,1,769,2,0.2840505070767469,0.002600780234070221,0.0007135177289523901,0.009432753192718508,0.25975319901855765,0.3099549946571794
FILD or FILA ADJUDICATED,19,1684921317,zebra_raw,2,770,4,0.3399167351627975,0.005194805194805195,0.0020219574690050306,0.013280219334419372,0.31035354031155704,0.37112119614162165
FILD or FILA ADJUDICATED,19,1684921317,zebra_raw,3,769,3,0.40497055342859206,0.0039011703511053317,0.001327618000260774,0.011406505807889416,0.3711992981781743,0.4413148478810104
FILD or FILA ADJUDICATED,19,1684921317,zebra_raw,4,770,7,0.48453067753295054,0.00909090909090909,0.004410478976495486,0.01864522399383109,0.4413404300397181,0.5327116973303745
FILD or FILA ADJUDICATED,19,1684921317,zebra_raw,5,769,11,0.5921012210630349,0.014304291287386216,0.008005744470847457,0.025431202429137063,0.5327359240733487,0.6550466177587777
FILD or FILA ADJUDICATED,19,1684921317,zebra_raw,6,769,11,0.7245933406065183,0.014304291287386216,0.008005744470847457,0.025431202429137063,0.6550497917064914,0.7892107605086406
FILD or FILA ADJUDICATED,19,1684921317,zebra_raw,7,770,10,0.8452862620497091,0.012987012987012988,0.007069333631553706,0.02373989550567504,0.7892800059753806,0.8989333182452957
FILD or FILA ADJUDICATED,19,1684921317,zebra_raw,8,769,21,0.9492388169519284,0.027308192457737322,0.017929533535624646,0.041385942229152796,0.8994346917346799,0.9848700379705291
FILD or FILA ADJUDICATED,19,1684921317,zebra_raw,9,770,81,0.9962986316538305,0.10519480519480519,0.08544960345108563,0.12885974496949448,0.9849777659955009,1.0
FILD or FILA ADJUDICATED,19,1684921317,zebra_isotonic,0,770,2,0.00046903021106359504,0.0025974025974025974,0.0007125907061236786,0.009420568652699277,0.0,0.0015174506828528073
FILD or FILA ADJUDICATED,19,1684921317,zebra_isotonic,1,769,2,0.0015174506828528073,0.002600780234070221,0.0007135177289523901,0.009432753192718508,0.0015174506828528073,0.0015174506828528073
FILD or FILA ADJUDICATED,19,1684921317,zebra_isotonic,2,770,4,0.003924814501676334,0.005194805194805195,0.0020219574690050306,0.013280219334419372,0.0015174506828528073,0.004026845637583893
FILD or FILA ADJUDICATED,19,1684921317,zebra_isotonic,3,769,7,0.00652364435417309,0.009102730819245773,0.004416223152723785,0.01866931220134357,0.004026845637583893,0.010064701653486701
FILD or FILA ADJUDICATED,19,1684921317,zebra_isotonic,4,770,7,0.010064701653486703,0.00909090909090909,0.004410478976495486,0.01864522399383109,0.010064701653486701,0.010064701653486701
FILD or FILA ADJUDICATED,19,1684921317,zebra_isotonic,5,769,9,0.010064701653486703,0.011703511053315995,0.006169270449727107,0.022091970677298834,0.010064701653486701,0.010064701653486701
FILD or FILA ADJUDICATED,19,1684921317,zebra_isotonic,6,769,9,0.012619553759994913,0.011703511053315995,0.006169270449727107,0.022091970677298834,0.010064701653486701,0.018733323693872258
FILD or FILA ADJUDICATED,19,1684921317,zebra_isotonic,7,770,10,0.020503424219692343,0.012987012987012988,0.007069333631553706,0.02373989550567504,0.019497847901270432,0.02050473186119874
FILD or FILA ADJUDICATED,19,1684921317,zebra_isotonic,8,769,18,0.025324290963995407,0.02340702210663199,0.014856495571086814,0.03669542153425275,0.02050473186119874,0.0275
FILD or FILA ADJUDICATED,19,1684921317,zebra_isotonic,9,770,84,0.10952862958876541,0.10909090909090909,0.08898079075880169,0.1330820838286806,0.0275,0.5416666666666666
FILD or FILA ADJUDICATED,19,1684921317,genomic_raw,0,770,13,0.005201501922208745,0.016883116883116882,0.009892721428977881,0.028670033875153024,0.00012869924414533995,0.010421133790151256
FILD or FILA ADJUDICATED,19,1684921317,genomic_raw,1,769,12,0.01741888057055758,0.015604681404421327,0.008948690331271528,0.027076109455192295,0.010424072916966093,0.025396939503261554
FILD or FILA ADJUDICATED,19,1684921317,genomic_raw,2,770,13,0.03510594520026758,0.016883116883116882,0.009892721428977881,0.028670033875153024,0.025414904531107913,0.04505337979085389
FILD or FILA ADJUDICATED,19,1684921317,genomic_raw,3,769,11,0.05873650781696824,0.014304291287386216,0.008005744470847457,0.025431202429137063,0.04507763709212833,0.0736361779601053
FILD or FILA ADJUDICATED,19,1684921317,genomic_raw,4,770,17,0.092193904118659,0.02207792207792208,0.01382933715277743,0.03507145304055638,0.07370962703857414,0.11020171855704597
FILD or FILA ADJUDICATED,19,1684921317,genomic_raw,5,769,20,0.13341801306043724,0.02600780234070221,0.016898117575631134,0.03982950530266702,0.11024186195309169,0.15899591246392505
FILD or FILA ADJUDICATED,19,1684921317,genomic_raw,6,769,13,0.18953221200862966,0.016905071521456438,0.009905619514842359,0.028707033158100748,0.15908133059916513,0.2256284116363539
FILD or FILA ADJUDICATED,19,1684921317,genomic_raw,7,770,15,0.26898922705043515,0.01948051948051948,0.011840409174050253,0.0318913635746821,0.22585966156254372,0.3135822565836927
FILD or FILA ADJUDICATED,19,1684921317,genomic_raw,8,769,18,0.3809104990921119,0.02340702210663199,0.014856495571086814,0.03669542153425275,0.313814192877739,0.4636337625513676
FILD or FILA ADJUDICATED,19,1684921317,genomic_raw,9,770,20,0.6182091880370344,0.025974025974025976,0.016876091691355087,0.03977822466888089,0.464441091952978,0.9383015760103466
FILD or FILA ADJUDICATED,19,1684921317,genomic_isotonic,0,770,14,0.015255917218411767,0.01818181818181818,0.010860915582275707,0.030286348444155925,0.0,0.016136066288704752
FILD or FILA ADJUDICATED,19,1684921317,genomic_isotonic,1,769,11,0.016136066288704756,0.014304291287386216,0.008005744470847457,0.025431202429137063,0.016136066288704752,0.016136066288704752
FILD or FILA ADJUDICATED,19,1684921317,genomic_isotonic,2,770,16,0.016136066288704756,0.02077922077922078,0.012830175613871217,0.033486105857161864,0.016136066288704752,0.016136066288704752
FILD or FILA ADJUDICATED,19,1684921317,genomic_isotonic,3,769,14,0.020662757311114752,0.018205461638491547,0.010875078260352153,0.030325427299070243,0.016136066288704752,0.023168440826549782
FILD or FILA ADJUDICATED,19,1684921317,genomic_isotonic,5,769,15,0.02316844082654978,0.01950585175552666,0.01185585151954993,0.03193250692635176,0.023168440826549782,0.023168440826549782
FILD or FILA ADJUDICATED,19,1684921317,genomic_isotonic,4,770,15,0.023168440826549782,0.01948051948051948,0.011840409174050253,0.0318913635746821,0.023168440826549782,0.023168440826549782
FILD or FILA ADJUDICATED,19,1684921317,genomic_isotonic,6,769,16,0.023854550650903278,0.02080624187256177,0.01284691135930053,0.033529299973080455,0.023168440826549782,0.024582967515364356
FILD or FILA ADJUDICATED,19,1684921317,genomic_isotonic,7,770,15,0.024582967515364356,0.01948051948051948,0.011840409174050253,0.0318913635746821,0.024582967515364356,0.024582967515364356
FILD or FILA ADJUDICATED,19,1684921317,genomic_isotonic,8,769,16,0.024582967515364356,0.02080624187256177,0.01284691135930053,0.033529299973080455,0.024582967515364356,0.024582967515364356
FILD or FILA ADJUDICATED,19,1684921317,genomic_isotonic,9,770,20,0.024582967515364356,0.025974025974025976,0.016876091691355087,0.03977822466888089,0.024582967515364356,0.024582967515364356
FILD or FILA ADJUDICATED,19,1684921317,combined_raw,0,770,0,0.01179186809191513,0.0,0.0,0.004964141914221508,0.007670767300228758,0.013853481718111075
FILD or FILA ADJUDICATED,19,1684921317,combined_raw,1,769,5,0.015617086803037639,0.006501950585175552,0.002780348414515579,0.015129481166593194,0.013859411817733832,0.017287865926004675
FILD or FILA ADJUDICATED,19,1684921317,combined_raw,2,770,4,0.018885703360801226,0.005194805194805195,0.0020219574690050306,0.013280219334419372,0.017292659059210094,0.0206395893638078
FILD or FILA ADJUDICATED,19,1684921317,combined_raw,3,769,5,0.022641539270145585,0.006501950585175552,0.002780348414515579,0.015129481166593194,0.020641337701709207,0.02486521426155942
FILD or FILA ADJUDICATED,19,1684921317,combined_raw,4,770,4,0.027380142838335828,0.005194805194805195,0.0020219574690050306,0.013280219334419372,0.024877165677719106,0.030207233109520334
FILD or FILA ADJUDICATED,19,1684921317,combined_raw,5,769,7,0.03370483281823824,0.009102730819245773,0.004416223152723785,0.01866931220134357,0.030218940735852014,0.03771062495419395
FILD or FILA ADJUDICATED,19,1684921317,combined_raw,6,769,11,0.04309332122490913,0.014304291287386216,0.008005744470847457,0.025431202429137063,0.03772457887934601,0.0491615271012486
FILD or FILA ADJUDICATED,19,1684921317,combined_raw,7,770,14,0.05864085985117401,0.01818181818181818,0.010860915582275707,0.030286348444155925,0.04917480315310463,0.07076564297003901
FILD or FILA ADJUDICATED,19,1684921317,combined_raw,8,769,23,0.092152714974711,0.02990897269180754,0.02001129965969971,0.04447988187803632,0.07080032766606427,0.12397348348977608
FILD or FILA ADJUDICATED,19,1684921317,combined_raw,9,770,79,0.24504883590250914,0.1025974025974026,0.0831005084064421,0.12603982256953655,0.1240867245069,0.6079782080713142
FILD or FILA ADJUDICATED,19,1684921317,combined_isotonic,0,770,1,0.005911929283918579,0.0012987012987012987,0.00022928946639889794,0.007319361170123334,0.0,0.006244424620874219
FILD or FILA ADJUDICATED,19,1684921317,combined_isotonic,1,769,3,0.006862142946220667,0.0039011703511053317,0.001327618000260774,0.011406505807889416,0.006244424620874219,0.008247422680412371
FILD or FILA ADJUDICATED,19,1684921317,combined_isotonic,2,770,6,0.008402347629607019,0.007792207792207792,0.0035759904186376326,0.016895203829388215,0.008247422680412371,0.008832188420019628
FILD or FILA ADJUDICATED,19,1684921317,combined_isotonic,3,769,4,0.008832188420019624,0.005201560468140442,0.0020245891497467933,0.013297387544882687,0.008832188420019628,0.008832188420019628
FILD or FILA ADJUDICATED,19,1684921317,combined_isotonic,4,770,3,0.008832188420019626,0.003896103896103896,0.0013258926936253902,0.011391775387498288,0.008832188420019628,0.008832188420019628
FILD or FILA ADJUDICATED,19,1684921317,combined_isotonic,5,769,10,0.009463232133531879,0.013003901170351105,0.007078545900378475,0.023770548113126753,0.008832188420019628,0.009606147934678195
FILD or FILA ADJUDICATED,19,1684921317,combined_isotonic,6,769,8,0.009606147934678193,0.010403120936280884,0.005280654829476248,0.0203927334110704,0.009606147934678195,0.009606147934678195
FILD or FILA ADJUDICATED,19,1684921317,combined_isotonic,7,770,16,0.013519403389825572,0.02077922077922078,0.012830175613871217,0.033486105857161864,0.009606147934678195,0.016423357664233577
FILD or FILA ADJUDICATED,19,1684921317,combined_isotonic,8,769,19,0.023913367783235072,0.0247074122236671,0.01587360135768905,0.03826616863412981,0.016423357664233577,0.033766233766233764
FILD or FILA ADJUDICATED,19,1684921317,combined_isotonic,9,770,82,0.11199983222229172,0.10649350649350649,0.08662567599181079,0.13026818115107003,0.033766233766233764,1.0
FILD or FILA ADJUDICATED,20,132959424,zebra_raw,0,770,3,0.23147579367740814,0.003896103896103896,0.0013258926936253902,0.011391775387498288,0.11052533634471677,0.259446598038114
FILD or FILA ADJUDICATED,20,132959424,zebra_raw,1,769,2,0.2853836158583275,0.002600780234070221,0.0007135177289523901,0.009432753192718508,0.259514654047712,0.31136030506380313
FILD or FILA ADJUDICATED,20,132959424,zebra_raw,2,770,5,0.34110294481871906,0.006493506493506494,0.0027767335367897463,0.01510995198893538,0.31156992200982825,0.37262568542525004
FILD or FILA ADJUDICATED,20,132959424,zebra_raw,3,769,4,0.4082713266225523,0.005201560468140442,0.0020245891497467933,0.013297387544882687,0.3726751537023029,0.445406620873185
FILD or FILA ADJUDICATED,20,132959424,zebra_raw,4,770,7,0.48913984897907675,0.00909090909090909,0.004410478976495486,0.01864522399383109,0.44553944389227945,0.536850197496605
FILD or FILA ADJUDICATED,20,132959424,zebra_raw,5,769,9,0.5968611379626424,0.011703511053315995,0.006169270449727107,0.022091970677298834,0.537133769264307,0.6609927287901974
FILD or FILA ADJUDICATED,20,132959424,zebra_raw,6,769,12,0.728610462724934,0.015604681404421327,0.008948690331271528,0.027076109455192295,0.6609998749213049,0.7904204327474805
FILD or FILA ADJUDICATED,20,132959424,zebra_raw,7,770,10,0.8439471515279804,0.012987012987012988,0.007069333631553706,0.02373989550567504,0.7905015192149166,0.8975036356422282
FILD or FILA ADJUDICATED,20,132959424,zebra_raw,8,769,23,0.9492532847423236,0.02990897269180754,0.02001129965969971,0.04447988187803632,0.8976926765875893,0.9855166302275155
FILD or FILA ADJUDICATED,20,132959424,zebra_raw,9,770,77,0.9963769948483346,0.1,0.08075559305709225,0.12321572047428499,0.9856268735103083,1.0
FILD or FILA ADJUDICATED,20,132959424,zebra_isotonic,0,770,4,0.0,0.005194805194805195,0.0020219574690050306,0.013280219334419372,0.0,0.0
FILD or FILA ADJUDICATED,20,132959424,zebra_isotonic,1,769,5,0.0,0.006501950585175552,0.002780348414515579,0.015129481166593194,0.0,0.0
FILD or FILA ADJUDICATED,20,132959424,zebra_isotonic,2,770,0,0.0028199441634982067,0.0,0.0,0.004964141914221508,0.0,0.0058823529411764705
FILD or FILA ADJUDICATED,20,132959424,zebra_isotonic,3,769,4,0.0077427363328392805,0.005201560468140442,0.0020245891497467933,0.013297387544882687,0.0058823529411764705,0.009900990099009901
FILD or FILA ADJUDICATED,20,132959424,zebra_isotonic,4,770,7,0.0099009900990099,0.00909090909090909,0.004410478976495486,0.01864522399383109,0.009900990099009901,0.009900990099009901
FILD or FILA ADJUDICATED,20,132959424,zebra_isotonic,5,769,8,0.01083109410087176,0.010403120936280884,0.005280654829476248,0.0203927334110704,0.009900990099009901,0.010968921389396709
FILD or FILA ADJUDICATED,20,132959424,zebra_isotonic,6,769,11,0.013465705933299703,0.014304291287386216,0.008005744470847457,0.025431202429137063,0.010968921389396709,0.018970189701897018
FILD or FILA ADJUDICATED,20,132959424,zebra_isotonic,7,770,13,0.01971620115894977,0.016883116883116882,0.009892721428977881,0.028670033875153024,0.018970189701897018,0.0213903743315508
FILD or FILA ADJUDICATED,20,132959424,zebra_isotonic,8,769,20,0.025788900656169407,0.02600780234070221,0.016898117575631134,0.03982950530266702,0.0213903743315508,0.046153846153846156
FILD or FILA ADJUDICATED,20,132959424,zebra_isotonic,9,770,80,0.10980063859442998,0.1038961038961039,0.0842745420698438,0.1274502976284356,0.046153846153846156,0.4423076923076923
FILD or FILA ADJUDICATED,20,132959424,genomic_raw,0,770,17,0.0007515960219977351,0.02207792207792208,0.01382933715277743,0.03507145304055638,4.572354593052318e-05,0.001407046504955063
FILD or FILA ADJUDICATED,20,132959424,genomic_raw,1,769,14,0.0021347998871765004,0.018205461638491547,0.010875078260352153,0.030325427299070243,0.0014107119732199177,0.002931236291436376
FILD or FILA ADJUDICATED,20,132959424,genomic_raw,2,770,11,0.003968186648546872,0.014285714285714285,0.007995323688185082,0.025398414171344384,0.0029327703156754306,0.005144544643118699
FILD or FILA ADJUDICATED,20,132959424,genomic_raw,3,769,13,0.006499503972871141,0.016905071521456438,0.009905619514842359,0.028707033158100748,0.005144925278009781,0.007958483978530299
FILD or FILA ADJUDICATED,20,132959424,genomic_raw,4,770,15,0.009974393506487747,0.01948051948051948,0.011840409174050253,0.0318913635746821,0.00796330002167761,0.012382220929186819
FILD or FILA ADJUDICATED,20,132959424,genomic_raw,5,769,17,0.01566203037063293,0.022106631989596878,0.013847378881987714,0.03511668533687256,0.012386500911723018,0.01912393605256196
FILD or FILA ADJUDICATED,20,132959424,genomic_raw,6,769,15,0.02406427855943202,0.01950585175552666,0.01185585151954993,0.03193250692635176,0.01913963085243265,0.030281886258386344
FILD or FILA ADJUDICATED,20,132959424,genomic_raw,7,770,17,0.039917539727805706,0.02207792207792208,0.01382933715277743,0.03507145304055638,0.030296385397811435,0.05096086606529661
FILD or FILA ADJUDICATED,20,132959424,genomic_raw,8,769,14,0.07233245417157454,0.018205461638491547,0.010875078260352153,0.030325427299070243,0.050969982260205396,0.10524297819605402
FILD or FILA ADJUDICATED,20,132959424,genomic_raw,9,770,19,0.22784796223634207,0.024675324675324677,0.015852913748522608,0.03821689388941264,0.10537116375685397,0.964988200794933
FILD or FILA ADJUDICATED,20,132959424,genomic_isotonic,0,770,16,0.008725513324130458,0.02077922077922078,0.012830175613871217,0.033486105857161864,0.0,0.01078167115902965
FILD or FILA ADJUDICATED,20,132959424,genomic_isotonic,1,769,14,0.016266932414589305,0.018205461638491547,0.010875078260352153,0.030325427299070243,0.01078167115902965,0.017271157167530225
FILD or FILA ADJUDICATED,20,132959424,genomic_isotonic,2,770,16,0.01906420720541974,0.02077922077922078,0.012830175613871217,0.033486105857161864,0.017271157167530225,0.019292604501607715
FILD or FILA ADJUDICATED,20,132959424,genomic_isotonic,3,769,9,0.019292604501607715,0.011703511053315995,0.006169270449727107,0.022091970677298834,0.019292604501607715,0.019292604501607715
FILD or FILA ADJUDICATED,20,132959424,genomic_isotonic,4,770,13,0.019292604501607715,0.016883116883116882,0.009892721428977881,0.028670033875153024,0.019292604501607715,0.019292604501607715
FILD or FILA ADJUDICATED,20,132959424,genomic_isotonic,5,769,23,0.020635337945768505,0.02990897269180754,0.02001129965969971,0.04447988187803632,0.019292604501607715,0.02095238095238095
FILD or FILA ADJUDICATED,20,132959424,genomic_isotonic,6,769,7,0.02278759118177293,0.009102730819245773,0.004416223152723785,0.01866931220134357,0.02095238095238095,0.024691358024691357
FILD or FILA ADJUDICATED,20,132959424,genomic_isotonic,7,770,18,0.024691358024691357,0.023376623376623377,0.014837136266102694,0.036648162649531836,0.024691358024691357,0.024691358024691357
FILD or FILA ADJUDICATED,20,132959424,genomic_isotonic,8,769,17,0.02556331951817264,0.022106631989596878,0.013847378881987714,0.03511668533687256,0.024691358024691357,0.029585798816568046
FILD or FILA ADJUDICATED,20,132959424,genomic_isotonic,9,770,19,0.032033202097534706,0.024675324675324677,0.015852913748522608,0.03821689388941264,0.029585798816568046,0.1
FILD or FILA ADJUDICATED,20,132959424,combined_raw,0,770,3,0.011044161598087911,0.003896103896103896,0.0013258926936253902,0.011391775387498288,0.004833531675927831,0.014761216090606677
FILD or FILA ADJUDICATED,20,132959424,combined_raw,1,769,5,0.01797165778957205,0.006501950585175552,0.002780348414515579,0.015129481166593194,0.014774821523539839,0.021148406684947253
FILD or FILA ADJUDICATED,20,132959424,combined_raw,2,770,8,0.024422607764042984,0.01038961038961039,0.005273784940225151,0.020366426752402144,0.021150382716280478,0.027960413591002858
FILD or FILA ADJUDICATED,20,132959424,combined_raw,3,769,4,0.031884949330553976,0.005201560468140442,0.0020245891497467933,0.013297387544882687,0.027971708326042066,0.03631972824139131
FILD or FILA ADJUDICATED,20,132959424,combined_raw,4,770,11,0.04148340119071076,0.014285714285714285,0.007995323688185082,0.025398414171344384,0.036322295507445555,0.04716604296178694
FILD or FILA ADJUDICATED,20,132959424,combined_raw,5,769,9,0.05411918305666903,0.011703511053315995,0.006169270449727107,0.022091970677298834,0.04721905734159207,0.06250091725742618
FILD or FILA ADJUDICATED,20,132959424,combined_raw,6,769,5,0.07330095176551064,0.006501950585175552,0.002780348414515579,0.015129481166593194,0.06250227082158179,0.08608640232333196
FILD or FILA ADJUDICATED,20,132959424,combined_raw,7,770,10,0.10385740666707911,0.012987012987012988,0.007069333631553706,0.02373989550567504,0.0860976079130437,0.12745321857777217
FILD or FILA ADJUDICATED,20,132959424,combined_raw,8,769,21,0.16709361726151395,0.027308192457737322,0.017929533535624646,0.041385942229152796,0.1274963948471334,0.21779356615815032
FILD or FILA ADJUDICATED,20,132959424,combined_raw,9,770,76,0.344254881553622,0.0987012987012987,0.07958474714757134,0.12180205766150516,0.217949129530419,0.7391794397206277
FILD or FILA ADJUDICATED,20,132959424,combined_isotonic,0,770,3,0.00351201687101155,0.003896103896103896,0.0013258926936253902,0.011391775387498288,0.0,0.005509641873278237
FILD or FILA ADJUDICATED,20,132959424,combined_isotonic,1,769,3,0.005509641873278237,0.0039011703511053317,0.001327618000260774,0.011406505807889416,0.005509641873278237,0.005509641873278237
FILD or FILA ADJUDICATED,20,132959424,combined_isotonic,2,770,8,0.008021123580438995,0.01038961038961039,0.005273784940225151,0.020366426752402144,0.005509641873278237,0.008748906386701663
FILD or FILA ADJUDICATED,20,132959424,combined_isotonic,4,770,11,0.008748906386701661,0.014285714285714285,0.007995323688185082,0.025398414171344384,0.008748906386701663,0.008748906386701663
FILD or FILA ADJUDICATED,20,132959424,combined_isotonic,3,769,6,0.008748906386701663,0.007802340702210663,0.003580646807040671,0.016917035660547395,0.008748906386701663,0.008748906386701663
FILD or FILA ADJUDICATED,20,132959424,combined_isotonic,5,769,9,0.009805816004716084,0.011703511053315995,0.006169270449727107,0.022091970677298834,0.008748906386701663,0.010309278350515464
FILD or FILA ADJUDICATED,20,132959424,combined_isotonic,6,769,7,0.013318597453442242,0.009102730819245773,0.004416223152723785,0.01866931220134357,0.010309278350515464,0.019607843137254905
FILD or FILA ADJUDICATED,20,132959424,combined_isotonic,7,770,9,0.01960784313725491,0.011688311688311689,0.006161243000312308,0.022063477414615715,0.019607843137254905,0.019607843137254905
FILD or FILA ADJUDICATED,20,132959424,combined_isotonic,8,769,27,0.031322149241449,0.035110533159947985,0.024240577366074226,0.05060201571757897,0.019607843137254905,0.04316546762589928
FILD or FILA ADJUDICATED,20,132959424,combined_isotonic,9,770,69,0.08366804819828819,0.08961038961038961,0.07142073783803138,0.11187450591494005,0.04316546762589928,0.5
FILD or FILA ADJUDICATED,21,2021057243,zebra_raw,0,770,1,0.23338731031156645,0.0012987012987012987,0.00022928946639889794,0.007319361170123334,0.11052533634471677,0.2621506127270509
FILD or FILA ADJUDICATED,21,2021057243,zebra_raw,1,769,2,0.2880445380696563,0.002600780234070221,0.0007135177289523901,0.009432753192718508,0.26219562135835695,0.3138879619137422
FILD or FILA ADJUDICATED,21,2021057243,zebra_raw,2,770,4,0.3449232865595599,0.005194805194805195,0.0020219574690050306,0.013280219334419372,0.3139379434880472,0.37855694790323796
FILD or FILA ADJUDICATED,21,2021057243,zebra_raw,3,769,6,0.41580492794255614,0.007802340702210663,0.003580646807040671,0.016917035660547395,0.37863309767439185,0.4542809419086465
FILD or FILA ADJUDICATED,21,2021057243,zebra_raw,4,770,6,0.4997141486715957,0.007792207792207792,0.0035759904186376326,0.016895203829388215,0.4544267850598599,0.54942425249649
FILD or FILA ADJUDICATED,21,2021057243,zebra_raw,5,769,9,0.611458063258205,0.011703511053315995,0.006169270449727107,0.022091970677298834,0.5494529442999345,0.6758301811017735
FILD or FILA ADJUDICATED,21,2021057243,zebra_raw,6,769,13,0.7417021394793857,0.016905071521456438,0.009905619514842359,0.028707033158100748,0.6758340260063687,0.8019067659625165
FILD or FILA ADJUDICATED,21,2021057243,zebra_raw,7,770,14,0.8540985144749268,0.01818181818181818,0.010860915582275707,0.030286348444155925,0.8021052968796806,0.9079833894161425
FILD or FILA ADJUDICATED,21,2021057243,zebra_raw,8,769,21,0.9543883385568328,0.027308192457737322,0.017929533535624646,0.041385942229152796,0.9080829364546333,0.9862881300854072
FILD or FILA ADJUDICATED,21,2021057243,zebra_raw,9,770,76,0.9967752265907728,0.0987012987012987,0.07958474714757134,0.12180205766150516,0.9863497300521221,1.0
FILD or FILA ADJUDICATED,21,2021057243,zebra_isotonic,0,770,4,0.0016558173453301444,0.005194805194805195,0.0020219574690050306,0.013280219334419372,0.0,0.0033030553261767133
FILD or FILA ADJUDICATED,21,2021057243,zebra_isotonic,1,769,2,0.0033030553261767133,0.002600780234070221,0.0007135177289523901,0.009432753192718508,0.0033030553261767133,0.0033030553261767133
FILD or FILA ADJUDICATED,21,2021057243,zebra_isotonic,2,770,3,0.003682347901131855,0.003896103896103896,0.0013258926936253902,0.011391775387498288,0.0033030553261767133,0.005263157894736842
FILD or FILA ADJUDICATED,21,2021057243,zebra_isotonic,3,769,4,0.005858302248596998,0.005201560468140442,0.0020245891497467933,0.013297387544882687,0.005263157894736842,0.006944444444444444
FILD or FILA ADJUDICATED,21,2021057243,zebra_isotonic,4,770,6,0.008841807226823206,0.007792207792207792,0.0035759904186376326,0.016895203829388215,0.006944444444444444,0.008902077151335312
FILD or FILA ADJUDICATED,21,2021057243,zebra_isotonic,5,769,12,0.011691823626387727,0.015604681404421327,0.008948690331271528,0.027076109455192295,0.008902077151335312,0.013503909026297086
FILD or FILA ADJUDICATED,21,2021057243,zebra_isotonic,6,769,8,0.013503909026297086,0.010403120936280884,0.005280654829476248,0.0203927334110704,0.013503909026297086,0.013503909026297086
FILD or FILA ADJUDICATED,21,2021057243,zebra_isotonic,7,770,17,0.013503909026297086,0.02207792207792208,0.01382933715277743,0.03507145304055638,0.013503909026297086,0.013503909026297086
FILD or FILA ADJUDICATED,21,2021057243,zebra_isotonic,8,769,24,0.029533067771490343,0.031209362808842653,0.02106088189967261,0.0460181525245427,0.013503909026297086,0.03319502074688797
FILD or FILA ADJUDICATED,21,2021057243,zebra_isotonic,9,770,72,0.11679357798445011,0.09350649350649351,0.07491255360413981,0.11613621631573379,0.03319502074688797,0.6
FILD or FILA ADJUDICATED,21,2021057243,genomic_raw,0,770,17,0.00010727280390312168,0.02207792207792208,0.01382933715277743,0.03507145304055638,3.447956136807624e-06,0.00020734528900928252
FILD or FILA ADJUDICATED,21,2021057243,genomic_raw,1,769,10,0.00032671845409808,0.013003901170351105,0.007078545900378475,0.023770548113126753,0.00020757090162672098,0.0004624245788301827
FILD or FILA ADJUDICATED,21,2021057243,genomic_raw,2,770,4,0.0006505038722285756,0.005194805194805195,0.0020219574690050306,0.013280219334419372,0.00046243935773592463,0.0008663565647042874
FILD or FILA ADJUDICATED,21,2021057243,genomic_raw,3,769,14,0.0011168932249381494,0.018205461638491547,0.010875078260352153,0.030325427299070243,0.0008663809240230082,0.0014216646637730853
FILD or FILA ADJUDICATED,21,2021057243,genomic_raw,4,770,20,0.0018313285634967424,0.025974025974025976,0.016876091691355087,0.03977822466888089,0.0014220720570615264,0.002348150517842894
FILD or FILA ADJUDICATED,21,2021057243,genomic_raw,5,769,12,0.003015621099345485,0.015604681404421327,0.008948690331271528,0.027076109455192295,0.0023485901103180566,0.0038173705299537988
FILD or FILA ADJUDICATED,21,2021057243,genomic_raw,6,769,20,0.005015050920098326,0.02600780234070221,0.016898117575631134,0.03982950530266702,0.0038174405744266235,0.006558103771817208
FILD or FILA ADJUDICATED,21,2021057243,genomic_raw,7,770,14,0.00926108531958285,0.01818181818181818,0.010860915582275707,0.030286348444155925,0.006560944022979814,0.012895197314750572
FILD or FILA ADJUDICATED,21,2021057243,genomic_raw,8,769,22,0.020861671038346158,0.02860858257477243,0.01896739582103829,0.04293593283021844,0.012918494857719618,0.03377463400985489
FILD or FILA ADJUDICATED,21,2021057243,genomic_raw,9,770,19,0.10985398825225727,0.024675324675324677,0.015852913748522608,0.03821689388941264,0.033861213915637,0.7717871004974796
FILD or FILA ADJUDICATED,21,2021057243,genomic_isotonic,0,770,15,0.014154384743394675,0.01948051948051948,0.011840409174050253,0.0318913635746821,0.0,0.015098722415795587
FILD or FILA ADJUDICATED,21,2021057243,genomic_isotonic,1,769,6,0.015098722415795584,0.007802340702210663,0.003580646807040671,0.016917035660547395,0.015098722415795587,0.015098722415795587
FILD or FILA ADJUDICATED,21,2021057243,genomic_isotonic,2,770,10,0.015105687098112145,0.012987012987012988,0.007069333631553706,0.02373989550567504,0.015098722415795587,0.01644736842105263
FILD or FILA ADJUDICATED,21,2021057243,genomic_isotonic,3,769,12,0.01644736842105263,0.015604681404421327,0.008948690331271528,0.027076109455192295,0.01644736842105263,0.01644736842105263
FILD or FILA ADJUDICATED,21,2021057243,genomic_isotonic,4,770,21,0.017310873868196835,0.02727272727272727,0.017906160074157684,0.04133266500837901,0.01644736842105263,0.018682399213372666
FILD or FILA ADJUDICATED,21,2021057243,genomic_isotonic,5,769,17,0.01868239921337267,0.022106631989596878,0.013847378881987714,0.03511668533687256,0.018682399213372666,0.018682399213372666
FILD or FILA ADJUDICATED,21,2021057243,genomic_isotonic,6,769,14,0.019150432267351032,0.018205461638491547,0.010875078260352153,0.030325427299070243,0.018682399213372666,0.02097902097902098
FILD or FILA ADJUDICATED,21,2021057243,genomic_isotonic,7,770,16,0.021077177819201074,0.02077922077922078,0.012830175613871217,0.033486105857161864,0.02097902097902098,0.02307612691567199
FILD or FILA ADJUDICATED,21,2021057243,genomic_isotonic,8,769,19,0.023415977961432514,0.0247074122236671,0.01587360135768905,0.03826616863412981,0.023415977961432508,0.023415977961432508
FILD or FILA ADJUDICATED,21,2021057243,genomic_isotonic,9,770,22,0.04191810950942655,0.02857142857142857,0.018942666074440347,0.04288066773039707,0.023415977961432508,0.3333333333333333
FILD or FILA ADJUDICATED,21,2021057243,combined_raw,0,770,5,0.006721983721632257,0.006493506493506494,0.0027767335367897463,0.01510995198893538,0.001016355895728933,0.010841837411109162
FILD or FILA ADJUDICATED,21,2021057243,combined_raw,1,769,5,0.014682103674884596,0.006501950585175552,0.002780348414515579,0.015129481166593194,0.010845699585696707,0.018974262942701724
FILD or FILA ADJUDICATED,21,2021057243,combined_raw,2,770,5,0.023808285307503858,0.006493506493506494,0.0027767335367897463,0.01510995198893538,0.018980580050697585,0.028973268886452644
FILD or FILA ADJUDICATED,21,2021057243,combined_raw,3,769,6,0.035175784784369044,0.007802340702210663,0.003580646807040671,0.016917035660547395,0.028973269555732834,0.04186155203441917
FILD or FILA ADJUDICATED,21,2021057243,combined_raw,4,770,7,0.05109292728999734,0.00909090909090909,0.004410478976495486,0.01864522399383109,0.04186328256205482,0.061069252273261425
FILD or FILA ADJUDICATED,21,2021057243,combined_raw,5,769,5,0.07472853132746522,0.006501950585175552,0.002780348414515579,0.015129481166593194,0.061094552259367774,0.0907568274629155
FILD or FILA ADJUDICATED,21,2021057243,combined_raw,6,769,11,0.1111591928330705,0.014304291287386216,0.008005744470847457,0.025431202429137063,0.09075730655658454,0.1338116244324357
FILD or FILA ADJUDICATED,21,2021057243,combined_raw,7,770,16,0.16660638122615298,0.02077922077922078,0.012830175613871217,0.033486105857161864,0.1339275725577916,0.21017353605899278
FILD or FILA ADJUDICATED,21,2021057243,combined_raw,8,769,16,0.2820904470696933,0.02080624187256177,0.01284691135930053,0.033529299973080455,0.21032541025366583,0.3795834656422478
FILD or FILA ADJUDICATED,21,2021057243,combined_raw,9,770,76,0.5872683887953773,0.0987012987012987,0.07958474714757134,0.12180205766150516,0.3796023427027101,0.9891653650189017
FILD or FILA ADJUDICATED,21,2021057243,combined_isotonic,0,770,4,0.005875203983435118,0.005194805194805195,0.0020219574690050306,0.013280219334419372,0.0,0.006178707224334601
FILD or FILA ADJUDICATED,21,2021057243,combined_isotonic,1,769,4,0.0061787072243346,0.005201560468140442,0.0020245891497467933,0.013297387544882687,0.006178707224334601,0.006178707224334601
FILD or FILA ADJUDICATED,21,2021057243,combined_isotonic,2,770,7,0.0061787072243346,0.00909090909090909,0.004410478976495486,0.01864522399383109,0.006178707224334601,0.006178707224334601
FILD or FILA ADJUDICATED,21,2021057243,combined_isotonic,3,769,7,0.007096582245459505,0.009102730819245773,0.004416223152723785,0.01866931220134357,0.006178707224334601,0.007716049382716049
FILD or FILA ADJUDICATED,21,2021057243,combined_isotonic,4,770,4,0.007716049382716051,0.005194805194805195,0.0020219574690050306,0.013280219334419372,0.007716049382716049,0.007716049382716049
FILD or FILA ADJUDICATED,21,2021057243,combined_isotonic,5,769,9,0.01012147540090275,0.011703511053315995,0.006169270449727107,0.022091970677298834,0.007716049382716049,0.011583011583011582
FILD or FILA ADJUDICATED,21,2021057243,combined_isotonic,6,769,16,0.01664943317244313,0.02080624187256177,0.01284691135930053,0.033529299973080455,0.011583011583011582,0.017241379310344827
FILD or FILA ADJUDICATED,21,2021057243,combined_isotonic,7,770,12,0.01724137931034483,0.015584415584415584,0.008937040176158829,0.027041206405671363,0.017241379310344827,0.017241379310344827
FILD or FILA ADJUDICATED,21,2021057243,combined_isotonic,8,769,16,0.028646544878339206,0.02080624187256177,0.01284691135930053,0.033529299973080455,0.017241379310344827,0.05504587155963303
FILD or FILA ADJUDICATED,21,2021057243,combined_isotonic,9,770,73,0.17647986532819207,0.09480519480519481,0.07607888344397429,0.11755439519820005,0.05504587155963303,1.0
FILD or FILA ADJUDICATED,22,1908475031,zebra_raw,0,770,3,0.2316157110920709,0.003896103896103896,0.0013258926936253902,0.011391775387498288,0.11052533634471677,0.26095244343517615
FILD or FILA ADJUDICATED,22,1908475031,zebra_raw,1,769,2,0.2872456875113219,0.002600780234070221,0.0007135177289523901,0.009432753192718508,0.26099906075218154,0.31404436152586895
FILD or FILA ADJUDICATED,22,1908475031,zebra_raw,2,770,3,0.34531255021645646,0.003896103896103896,0.0013258926936253902,0.011391775387498288,0.31407907401238033,0.3783168895143431
FILD or FILA ADJUDICATED,22,1908475031,zebra_raw,3,769,5,0.4145441863405334,0.006501950585175552,0.002780348414515579,0.015129481166593194,0.37838708756073686,0.45139096927649375
FILD or FILA ADJUDICATED,22,1908475031,zebra_raw,4,770,8,0.49536775887441903,0.01038961038961039,0.005273784940225151,0.020366426752402144,0.4514396713089271,0.5425677717168197
FILD or FILA ADJUDICATED,22,1908475031,zebra_raw,5,769,11,0.6027295041616114,0.014304291287386216,0.008005744470847457,0.025431202429137063,0.5427023175767623,0.6659285197485536
FILD or FILA ADJUDICATED,22,1908475031,zebra_raw,6,769,10,0.7316746718483836,0.013003901170351105,0.007078545900378475,0.023770548113126753,0.6662018686088061,0.7889768531409792
FILD or FILA ADJUDICATED,22,1908475031,zebra_raw,7,770,13,0.8464668323311528,0.016883116883116882,0.009892721428977881,0.028670033875153024,0.7892107605086406,0.9011530019691986
FILD or FILA ADJUDICATED,22,1908475031,zebra_raw,8,769,19,0.9516420019502582,0.0247074122236671,0.01587360135768905,0.03826616863412981,0.9011655270479736,0.9861877252437659
FILD or FILA ADJUDICATED,22,1908475031,zebra_raw,9,770,78,0.99660818523085,0.1012987012987013,0.08192751953281167,0.1246283027208663,0.9862388417344107,1.0
FILD or FILA ADJUDICATED,22,1908475031,zebra_isotonic,0,770,2,0.0,0.0025974025974025974,0.0007125907061236786,0.009420568652699277,0.0,0.0
FILD or FILA ADJUDICATED,22,1908475031,zebra_isotonic,1,769,4,0.0014154688884541466,0.005201560468140442,0.0020245891497467933,0.013297387544882687,0.0,0.0029498525073746312
FILD or FILA ADJUDICATED,22,1908475031,zebra_isotonic,2,770,3,0.005531639610282633,0.003896103896103896,0.0013258926936253902,0.011391775387498288,0.0029498525073746312,0.006939090208172706
FILD or FILA ADJUDICATED,22,1908475031,zebra_isotonic,3,769,3,0.006939090208172705,0.0039011703511053317,0.001327618000260774,0.011406505807889416,0.006939090208172706,0.006939090208172706
FILD or FILA ADJUDICATED,22,1908475031,zebra_isotonic,4,770,13,0.006939090208172705,0.016883116883116882,0.009892721428977881,0.028670033875153024,0.006939090208172706,0.006939090208172706
FILD or FILA ADJUDICATED,22,1908475031,zebra_isotonic,5,769,8,0.008456054799207106,0.010403120936280884,0.005280654829476248,0.0203927334110704,0.006939090208172706,0.010526315789473684
FILD or FILA ADJUDICATED,22,1908475031,zebra_isotonic,6,769,9,0.013361305193568493,0.011703511053315995,0.006169270449727107,0.022091970677298834,0.010526315789473684,0.014251781472684086
FILD or FILA ADJUDICATED,22,1908475031,zebra_isotonic,7,770,13,0.014721910606638374,0.016883116883116882,0.009892721428977881,0.028670033875153024,0.014251781472684086,0.015432098765432098
FILD or FILA ADJUDICATED,22,1908475031,zebra_isotonic,8,769,19,0.031070193821154748,0.0247074122236671,0.01587360135768905,0.03826616863412981,0.015432098765432098,0.04212860310421286
FILD or FILA ADJUDICATED,22,1908475031,zebra_isotonic,9,770,78,0.10598518873672386,0.1012987012987013,0.08192751953281167,0.1246283027208663,0.04212860310421286,0.6545454545454545
FILD or FILA ADJUDICATED,22,1908475031,genomic_raw,0,770,8,0.0842707634203655,0.01038961038961039,0.005273784940225151,0.020366426752402144,0.01994134817288062,0.11862564670115391
FILD or FILA ADJUDICATED,22,1908475031,genomic_raw,1,769,8,0.14428996109644818,0.010403120936280884,0.005280654829476248,0.0203927334110704,0.11866885016909164,0.16690822831113916
FILD or FILA ADJUDICATED,22,1908475031,genomic_raw,2,770,13,0.18927397901236928,0.016883116883116882,0.009892721428977881,0.028670033875153024,0.1669425286488719,0.21067001487253348
FILD or FILA ADJUDICATED,22,1908475031,genomic_raw,3,769,13,0.23129205245235634,0.016905071521456438,0.009905619514842359,0.028707033158100748,0.21069311503965577,0.2515814586924781
FILD or FILA ADJUDICATED,22,1908475031,genomic_raw,4,770,16,0.26898041845528675,0.02077922077922078,0.012830175613871217,0.033486105857161864,0.25158511048821514,0.28755610419535027
FILD or FILA ADJUDICATED,22,1908475031,genomic_raw,5,769,21,0.30744658095210137,0.027308192457737322,0.017929533535624646,0.041385942229152796,0.2875843342475818,0.32682854097612796
FILD or FILA ADJUDICATED,22,1908475031,genomic_raw,6,769,17,0.3464706733657092,0.022106631989596878,0.013847378881987714,0.03511668533687256,0.32684955864823556,0.36752118443083526
FILD or FILA ADJUDICATED,22,1908475031,genomic_raw,7,770,12,0.39118335966858475,0.015584415584415584,0.008937040176158829,0.027041206405671363,0.36754064508639495,0.4163597089718334
FILD or FILA ADJUDICATED,22,1908475031,genomic_raw,8,769,16,0.4440513176869308,0.02080624187256177,0.01284691135930053,0.033529299973080455,0.41643263653418555,0.47610751927096356
FILD or FILA ADJUDICATED,22,1908475031,genomic_raw,9,770,28,0.5249787034093547,0.03636363636363636,0.025276867554216292,0.05205351858442546,0.4761901981004685,0.6482848059758713
FILD or FILA ADJUDICATED,22,1908475031,genomic_isotonic,0,770,9,0.009203652031224675,0.011688311688311689,0.006161243000312308,0.022063477414615715,0.0,0.014933946008041356
FILD or FILA ADJUDICATED,22,1908475031,genomic_isotonic,1,769,11,0.01493394600804135,0.014304291287386216,0.008005744470847457,0.025431202429137063,0.014933946008041356,0.014933946008041356
FILD or FILA ADJUDICATED,22,1908475031,genomic_isotonic,2,770,10,0.014933946008041352,0.012987012987012988,0.007069333631553706,0.02373989550567504,0.014933946008041356,0.014933946008041356
FILD or FILA ADJUDICATED,22,1908475031,genomic_isotonic,3,769,10,0.02015401254961981,0.013003901170351105,0.007078545900378475,0.023770548113126753,0.014933946008041356,0.022277227722772276
FILD or FILA ADJUDICATED,22,1908475031,genomic_isotonic,5,769,19,0.022277227722772273,0.0247074122236671,0.01587360135768905,0.03826616863412981,0.022277227722772276,0.022277227722772276
FILD or FILA ADJUDICATED,22,1908475031,genomic_isotonic,6,769,21,0.022277227722772273,0.027308192457737322,0.017929533535624646,0.041385942229152796,0.022277227722772276,0.022277227722772276
FILD or FILA ADJUDICATED,22,1908475031,genomic_isotonic,4,770,15,0.022277227722772276,0.01948051948051948,0.011840409174050253,0.0318913635746821,0.022277227722772276,0.022277227722772276
FILD or FILA ADJUDICATED,22,1908475031,genomic_isotonic,7,770,13,0.022380925104900022,0.016883116883116882,0.009892721428977881,0.028670033875153024,0.022277227722772276,0.026717557251908396
FILD or FILA ADJUDICATED,22,1908475031,genomic_isotonic,8,769,17,0.02844717422639755,0.022106631989596878,0.013847378881987714,0.03511668533687256,0.026717557251908396,0.03468208092485549
FILD or FILA ADJUDICATED,22,1908475031,genomic_isotonic,9,770,27,0.046425132172888454,0.03506493506493506,0.02420895239571475,0.05053692502062628,0.03468208092485549,0.09375
FILD or FILA ADJUDICATED,22,1908475031,combined_raw,0,770,3,0.026272391176490783,0.003896103896103896,0.0013258926936253902,0.011391775387498288,0.013949925765394337,0.03382442114309057
FILD or FILA ADJUDICATED,22,1908475031,combined_raw,1,769,6,0.03921356446641536,0.007802340702210663,0.003580646807040671,0.016917035660547395,0.03382533715609845,0.043916351279142715
FILD or FILA ADJUDICATED,22,1908475031,combined_raw,2,770,2,0.04911408101843269,0.0025974025974025974,0.0007125907061236786,0.009420568652699277,0.04392197811027323,0.0544495801678244
FILD or FILA ADJUDICATED,22,1908475031,combined_raw,3,769,12,0.0618753141650369,0.015604681404421327,0.008948690331271528,0.027076109455192295,0.054451072855560896,0.06968380054825629
FILD or FILA ADJUDICATED,22,1908475031,combined_raw,4,770,5,0.07765991363655185,0.006493506493506494,0.0027767335367897463,0.01510995198893538,0.06973509886300606,0.08563601824006037
FILD or FILA ADJUDICATED,22,1908475031,combined_raw,5,769,8,0.09437522981200809,0.010403120936280884,0.005280654829476248,0.0203927334110704,0.08565203736051484,0.10388432383382513
FILD or FILA ADJUDICATED,22,1908475031,combined_raw,6,769,7,0.1145284996738054,0.009102730819245773,0.004416223152723785,0.01866931220134357,0.10390207787258518,0.12655948837382566
FILD or FILA ADJUDICATED,22,1908475031,combined_raw,7,770,12,0.14195730662372893,0.015584415584415584,0.008937040176158829,0.027041206405671363,0.126603805862215,0.15850395354253127
FILD or FILA ADJUDICATED,22,1908475031,combined_raw,8,769,21,0.17910013406495856,0.027308192457737322,0.017929533535624646,0.041385942229152796,0.1585089812582287,0.20369759182901626
FILD or FILA ADJUDICATED,22,1908475031,combined_raw,9,770,76,0.2535539638577185,0.0987012987012987,0.07958474714757134,0.12180205766150516,0.2038740635722179,0.39802152721017175
FILD or FILA ADJUDICATED,22,1908475031,combined_isotonic,0,770,6,0.004736600473639654,0.007792207792207792,0.0035759904186376326,0.016895203829388215,0.0,0.005643919958953311
FILD or FILA ADJUDICATED,22,1908475031,combined_isotonic,2,770,8,0.005643919958953311,0.01038961038961039,0.005273784940225151,0.020366426752402144,0.005643919958953311,0.005643919958953311
FILD or FILA ADJUDICATED,22,1908475031,combined_isotonic,1,769,3,0.005643919958953312,0.0039011703511053317,0.001327618000260774,0.011406505807889416,0.005643919958953311,0.005643919958953311
FILD or FILA ADJUDICATED,22,1908475031,combined_isotonic,3,769,5,0.005643919958953312,0.006501950585175552,0.002780348414515579,0.015129481166593194,0.005643919958953311,0.005643919958953311
FILD or FILA ADJUDICATED,22,1908475031,combined_isotonic,4,770,5,0.007902067276350528,0.006493506493506494,0.0027767335367897463,0.01510995198893538,0.005643919958953311,0.00861244019138756
FILD or FILA ADJUDICATED,22,1908475031,combined_isotonic,5,769,11,0.00861244019138756,0.014304291287386216,0.008005744470847457,0.025431202429137063,0.00861244019138756,0.00861244019138756
FILD or FILA ADJUDICATED,22,1908475031,combined_isotonic,6,769,4,0.010681573342440928,0.005201560468140442,0.0020245891497467933,0.013297387544882687,0.00861244019138756,0.015151515151515152
FILD or FILA ADJUDICATED,22,1908475031,combined_isotonic,7,770,17,0.021511440460589767,0.02207792207792208,0.01382933715277743,0.03507145304055638,0.015151515151515152,0.027359781121751026
FILD or FILA ADJUDICATED,22,1908475031,combined_isotonic,8,769,26,0.02735978112175103,0.033810143042912875,0.02317580344494089,0.04907893675223302,0.027359781121751026,0.027359781121751026
FILD or FILA ADJUDICATED,22,1908475031,combined_isotonic,9,770,67,0.10978149386275422,0.08701298701298701,0.06909906986505496,0.10902715644331504,0.027359781121751026,1.0
FILD or FILA ADJUDICATED,23,888867494,zebra_raw,0,770,0,0.2325818028117234,0.0,0.0,0.004964141914221508,0.11052533634471677,0.26161440000752656
FILD or FILA ADJUDICATED,23,888867494,zebra_raw,1,769,2,0.28812803942997156,0.002600780234070221,0.0007135177289523901,0.009432753192718508,0.2616542840184007,0.31417476516546644
FILD or FILA ADJUDICATED,23,888867494,zebra_raw,2,770,4,0.3455507103033175,0.005194805194805195,0.0020219574690050306,0.013280219334419372,0.31418727901343046,0.3782556368826368
FILD or FILA ADJUDICATED,23,888867494,zebra_raw,3,769,6,0.4136480246098196,0.007802340702210663,0.003580646807040671,0.016917035660547395,0.37863309767439185,0.45048888544909566
FILD or FILA ADJUDICATED,23,888867494,zebra_raw,4,770,9,0.4944936887156787,0.011688311688311689,0.006161243000312308,0.022063477414615715,0.45050011756785135,0.5428851516742825
FILD or FILA ADJUDICATED,23,888867494,zebra_raw,5,769,11,0.6035150926954185,0.014304291287386216,0.008005744470847457,0.025431202429137063,0.5430503347508041,0.6652446793833273
FILD or FILA ADJUDICATED,23,888867494,zebra_raw,6,769,14,0.7307707778673225,0.018205461638491547,0.010875078260352153,0.030325427299070243,0.6653217800268115,0.7881814628982727
FILD or FILA ADJUDICATED,23,888867494,zebra_raw,7,770,19,0.8453598151791223,0.024675324675324677,0.015852913748522608,0.03821689388941264,0.7883002137996314,0.898712194658097
FILD or FILA ADJUDICATED,23,888867494,zebra_raw,8,769,20,0.9488714344570383,0.02600780234070221,0.016898117575631134,0.03982950530266702,0.898799002791246,0.985485854363619
FILD or FILA ADJUDICATED,23,888867494,zebra_raw,9,770,67,0.9962932084181213,0.08701298701298701,0.06909906986505496,0.10902715644331504,0.9856611905222097,1.0
FILD or FILA ADJUDICATED,23,888867494,zebra_isotonic,0,770,1,0.0020757453171781396,0.0012987012987012987,0.00022928946639889794,0.007319361170123334,0.0,0.0036496350364963502
FILD or FILA ADJUDICATED,23,888867494,zebra_isotonic,1,769,1,0.0036911315694129754,0.0013003901170351106,0.0002295876800841234,0.007328830355107483,0.0036496350364963502,0.004979253112033195
FILD or FILA ADJUDICATED,23,888867494,zebra_isotonic,2,770,11,0.004979253112033194,0.014285714285714285,0.007995323688185082,0.025398414171344384,0.004979253112033195,0.004979253112033195
FILD or FILA ADJUDICATED,23,888867494,zebra_isotonic,3,769,3,0.004979253112033194,0.0039011703511053317,0.001327618000260774,0.011406505807889416,0.004979253112033195,0.004979253112033195
FILD or FILA ADJUDICATED,23,888867494,zebra_isotonic,4,770,7,0.004979253112033194,0.00909090909090909,0.004410478976495486,0.01864522399383109,0.004979253112033195,0.004979253112033195
FILD or FILA ADJUDICATED,23,888867494,zebra_isotonic,5,769,14,0.004979253112033194,0.018205461638491547,0.010875078260352153,0.030325427299070243,0.004979253112033195,0.004979253112033195
FILD or FILA ADJUDICATED,23,888867494,zebra_isotonic,6,769,10,0.005715238614891132,0.013003901170351105,0.007078545900378475,0.023770548113126753,0.004979253112033195,0.008141112618724558
FILD or FILA ADJUDICATED,23,888867494,zebra_isotonic,7,770,18,0.00814111261872456,0.023376623376623377,0.014837136266102694,0.036648162649531836,0.008141112618724558,0.008141112618724558
FILD or FILA ADJUDICATED,23,888867494,zebra_isotonic,8,769,19,0.024929715056292743,0.0247074122236671,0.01587360135768905,0.03826616863412981,0.008141112618724558,0.05319148936170213
FILD or FILA ADJUDICATED,23,888867494,zebra_isotonic,9,770,68,0.11526887119473053,0.08831168831168831,0.07025926684229845,0.11045146818837227,0.05319148936170213,0.6065573770491803
FILD or FILA ADJUDICATED,23,888867494,genomic_raw,0,770,11,0.00040908282677037646,0.014285714285714285,0.007995323688185082,0.025398414171344384,3.4662625313574264e-05,0.0007480560192265148
FILD or FILA ADJUDICATED,23,888867494,genomic_raw,1,769,12,0.0011994110985786858,0.015604681404421327,0.008948690331271528,0.027076109455192295,0.0007487046879382647,0.0017335675721946477
FILD or FILA ADJUDICATED,23,888867494,genomic_raw,2,770,17,0.002571283812076763,0.02207792207792208,0.01382933715277743,0.03507145304055638,0.0017339941599523409,0.0035497911817309468
FILD or FILA ADJUDICATED,23,888867494,genomic_raw,3,769,13,0.005240528076824212,0.016905071521456438,0.009905619514842359,0.028707033158100748,0.003550070378873649,0.007294449862394223
FILD or FILA ADJUDICATED,23,888867494,genomic_raw,4,770,12,0.010104816699476606,0.015584415584415584,0.008937040176158829,0.027041206405671363,0.0072945641248990745,0.013693235021510495
FILD or FILA ADJUDICATED,23,888867494,genomic_raw,5,769,18,0.01865037461068366,0.02340702210663199,0.014856495571086814,0.03669542153425275,0.013725551375522381,0.024902908357644304
FILD or FILA ADJUDICATED,23,888867494,genomic_raw,6,769,17,0.03307917911758167,0.022106631989596878,0.013847378881987714,0.03511668533687256,0.024903006782532842,0.0424685723319515
FILD or FILA ADJUDICATED,23,888867494,genomic_raw,7,770,7,0.055343159315825646,0.00909090909090909,0.004410478976495486,0.01864522399383109,0.042473304038918414,0.071637773214445
FILD or FILA ADJUDICATED,23,888867494,genomic_raw,8,769,22,0.103831403010596,0.02860858257477243,0.01896739582103829,0.04293593283021844,0.07170836816167198,0.1470266526635295
FILD or FILA ADJUDICATED,23,888867494,genomic_raw,9,770,23,0.287420788566007,0.02987012987012987,0.01998520545069876,0.044422637076439384,0.14726088664658532,0.8214667794007097
FILD or FILA ADJUDICATED,23,888867494,genomic_isotonic,0,770,12,0.005070819802747239,0.015584415584415584,0.008937040176158829,0.027041206405671363,0.0,0.005788712011577424
FILD or FILA ADJUDICATED,23,888867494,genomic_isotonic,1,769,10,0.014046298839538375,0.013003901170351105,0.007078545900378475,0.023770548113126753,0.005788712011577424,0.017912772585669784
FILD or FILA ADJUDICATED,23,888867494,genomic_isotonic,2,770,18,0.017912772585669784,0.023376623376623377,0.014837136266102694,0.036648162649531836,0.017912772585669784,0.017912772585669784
FILD or FILA ADJUDICATED,23,888867494,genomic_isotonic,3,769,11,0.01895242177864348,0.014304291287386216,0.008005744470847457,0.025431202429137063,0.017912772585669784,0.020292207792207792
FILD or FILA ADJUDICATED,23,888867494,genomic_isotonic,4,770,14,0.020292207792207795,0.01818181818181818,0.010860915582275707,0.030286348444155925,0.020292207792207792,0.020292207792207792
FILD or FILA ADJUDICATED,23,888867494,genomic_isotonic,5,769,16,0.020292207792207795,0.02080624187256177,0.01284691135930053,0.033529299973080455,0.020292207792207792,0.020292207792207792
FILD or FILA ADJUDICATED,23,888867494,genomic_isotonic,6,769,22,0.023659363602332676,0.02860858257477243,0.01896739582103829,0.04293593283021844,0.020292207792207792,0.024288107202680067
FILD or FILA ADJUDICATED,23,888867494,genomic_isotonic,7,770,11,0.024288107202680067,0.014285714285714285,0.007995323688185082,0.025398414171344384,0.024288107202680067,0.024288107202680067
FILD or FILA ADJUDICATED,23,888867494,genomic_isotonic,8,769,16,0.02536357953221203,0.02080624187256177,0.01284691135930053,0.033529299973080455,0.024288107202680067,0.03272727272727273
FILD or FILA ADJUDICATED,23,888867494,genomic_isotonic,9,770,22,0.036085791039709096,0.02857142857142857,0.018942666074440347,0.04288066773039707,0.03272727272727273,0.4183723506553834
FILD or FILA ADJUDICATED,23,888867494,combined_raw,0,770,5,0.00213300301749069,0.006493506493506494,0.0027767335367897463,0.01510995198893538,0.0005956923824148633,0.00296000512175222
FILD or FILA ADJUDICATED,23,888867494,combined_raw,1,769,3,0.003630027222311677,0.0039011703511053317,0.001327618000260774,0.011406505807889416,0.0029608067400052436,0.004373966582756235
FILD or FILA ADJUDICATED,23,888867494,combined_raw,2,770,6,0.005240598030922642,0.007792207792207792,0.0035759904186376326,0.016895203829388215,0.004374089103157121,0.006153074895689105
FILD or FILA ADJUDICATED,23,888867494,combined_raw,3,769,12,0.0073034154963622,0.015604681404421327,0.008948690331271528,0.027076109455192295,0.006153848211587486,0.008616728078322018
FILD or FILA ADJUDICATED,23,888867494,combined_raw,4,770,7,0.010140425797780407,0.00909090909090909,0.004410478976495486,0.01864522399383109,0.008617141477157007,0.01200787172589874
FILD or FILA ADJUDICATED,23,888867494,combined_raw,5,769,13,0.014618135412967193,0.016905071521456438,0.009905619514842359,0.028707033158100748,0.012017945356312855,0.017525406319868823
FILD or FILA ADJUDICATED,23,888867494,combined_raw,6,769,12,0.021754645045845854,0.015604681404421327,0.008948690331271528,0.027076109455192295,0.01752971644800026,0.026675985604333877
FILD or FILA ADJUDICATED,23,888867494,combined_raw,7,770,11,0.03613848882797467,0.014285714285714285,0.007995323688185082,0.025398414171344384,0.026681693715871042,0.04851292989704867
FILD or FILA ADJUDICATED,23,888867494,combined_raw,8,769,19,0.07738481267300253,0.0247074122236671,0.01587360135768905,0.03826616863412981,0.04853718253503397,0.12424237743926046
FILD or FILA ADJUDICATED,23,888867494,combined_raw,9,770,64,0.35719126722264183,0.08311688311688312,0.06562638232994934,0.10474631781151848,0.12427647007408736,0.9620213558174084
FILD or FILA ADJUDICATED,23,888867494,combined_isotonic,0,770,2,0.002612503775294473,0.0025974025974025974,0.0007125907061236786,0.009420568652699277,0.0,0.003875968992248062
FILD or FILA ADJUDICATED,23,888867494,combined_isotonic,1,769,6,0.0038949505172624415,0.007802340702210663,0.003580646807040671,0.016917035660547395,0.003875968992248062,0.007075471698113208
FILD or FILA ADJUDICATED,23,888867494,combined_isotonic,2,770,5,0.007085571605094782,0.006493506493506494,0.0027767335367897463,0.01510995198893538,0.007075471698113208,0.007123775601068566
FILD or FILA ADJUDICATED,23,888867494,combined_isotonic,4,770,12,0.007123775601068567,0.015584415584415584,0.008937040176158829,0.027041206405671363,0.007123775601068566,0.007123775601068566
FILD or FILA ADJUDICATED,23,888867494,combined_isotonic,3,769,9,0.007123775601068568,0.011703511053315995,0.006169270449727107,0.022091970677298834,0.007123775601068566,0.007123775601068566
FILD or FILA ADJUDICATED,23,888867494,combined_isotonic,5,769,13,0.007154137722553133,0.016905071521456438,0.009905619514842359,0.028707033158100748,0.007123775601068566,0.007155635062611807
FILD or FILA ADJUDICATED,23,888867494,combined_isotonic,6,769,13,0.007155635062611807,0.016905071521456438,0.009905619514842359,0.028707033158100748,0.007155635062611807,0.007155635062611807
FILD or FILA ADJUDICATED,23,888867494,combined_isotonic,7,770,10,0.010232129536490088,0.012987012987012988,0.007069333631553706,0.02373989550567504,0.007155635062611807,0.016853932584269662
FILD or FILA ADJUDICATED,23,888867494,combined_isotonic,8,769,17,0.027163185890097117,0.022106631989596878,0.013847378881987714,0.03511668533687256,0.016853932584269662,0.04285714285714286
FILD or FILA ADJUDICATED,23,888867494,combined_isotonic,9,770,65,0.1312157980528215,0.08441558441558442,0.06678260071716824,0.10617460814660029,0.04285714285714286,1.0
FILD or FILA ADJUDICATED,24,1749589912,zebra_raw,0,770,3,0.232298777121642,0.003896103896103896,0.0013258926936253902,0.011391775387498288,0.11052533634471677,0.2615951007755146
FILD or FILA ADJUDICATED,24,1749589912,zebra_raw,1,769,1,0.28840881954003944,0.0013003901170351106,0.0002295876800841234,0.007328830355107483,0.26161440000752656,0.3154214643457771
FILD or FILA ADJUDICATED,24,1749589912,zebra_raw,2,770,3,0.3460802662685023,0.003896103896103896,0.0013258926936253902,0.011391775387498288,0.3154528226198922,0.37914346196716264
FILD or FILA ADJUDICATED,24,1749589912,zebra_raw,3,769,3,0.41318369968498836,0.0039011703511053317,0.001327618000260774,0.011406505807889416,0.37916377752195607,0.4494992027701349
FILD or FILA ADJUDICATED,24,1749589912,zebra_raw,4,770,10,0.4919112287404811,0.012987012987012988,0.007069333631553706,0.02373989550567504,0.4495140671623082,0.5386969913392451
FILD or FILA ADJUDICATED,24,1749589912,zebra_raw,5,769,10,0.6017253629175559,0.013003901170351105,0.007078545900378475,0.023770548113126753,0.5387018610907776,0.6645452526215558
FILD or FILA ADJUDICATED,24,1749589912,zebra_raw,6,769,11,0.7326764217327493,0.014304291287386216,0.008005744470847457,0.025431202429137063,0.6645632245328221,0.7932292598136429
FILD or FILA ADJUDICATED,24,1749589912,zebra_raw,7,770,11,0.8473697766723076,0.014285714285714285,0.007995323688185082,0.025398414171344384,0.7932433714207565,0.8995976361619833
FILD or FILA ADJUDICATED,24,1749589912,zebra_raw,8,769,19,0.9499117680313537,0.0247074122236671,0.01587360135768905,0.03826616863412981,0.8996522859474004,0.9859072326047379
FILD or FILA ADJUDICATED,24,1749589912,zebra_raw,9,770,81,0.9966127976503083,0.10519480519480519,0.08544960345108563,0.12885974496949448,0.9859102920779055,1.0
FILD or FILA ADJUDICATED,24,1749589912,zebra_isotonic,0,770,2,0.0,0.0025974025974025974,0.0007125907061236786,0.009420568652699277,0.0,0.0
FILD or FILA ADJUDICATED,24,1749589912,zebra_isotonic,1,769,2,0.0021772498756495173,0.002600780234070221,0.0007135177289523901,0.009432753192718508,0.0,0.006354708261120739
FILD or FILA ADJUDICATED,24,1749589912,zebra_isotonic,2,770,7,0.006354708261120737,0.00909090909090909,0.004410478976495486,0.01864522399383109,0.006354708261120739,0.006354708261120739
FILD or FILA ADJUDICATED,24,1749589912,zebra_isotonic,3,769,5,0.006354708261120737,0.006501950585175552,0.002780348414515579,0.015129481166593194,0.006354708261120739,0.006354708261120739
FILD or FILA ADJUDICATED,24,1749589912,zebra_isotonic,4,770,9,0.006354708261120737,0.011688311688311689,0.006161243000312308,0.022063477414615715,0.006354708261120739,0.006354708261120739
FILD or FILA ADJUDICATED,24,1749589912,zebra_isotonic,5,769,3,0.009805649839567913,0.0039011703511053317,0.001327618000260774,0.011406505807889416,0.006354708261120739,0.01282051282051282
FILD or FILA ADJUDICATED,24,1749589912,zebra_isotonic,6,769,15,0.014139883963924155,0.01950585175552666,0.01185585151954993,0.03193250692635176,0.01282051282051282,0.020872865275142316
FILD or FILA ADJUDICATED,24,1749589912,zebra_isotonic,7,770,8,0.02097212352422973,0.01038961038961039,0.005273784940225151,0.020366426752402144,0.020872865275142316,0.021739130434782608
FILD or FILA ADJUDICATED,24,1749589912,zebra_isotonic,8,769,18,0.029138082464087396,0.02340702210663199,0.014856495571086814,0.03669542153425275,0.021739130434782608,0.046296296296296294
FILD or FILA ADJUDICATED,24,1749589912,zebra_isotonic,9,770,83,0.12427494849455009,0.10779220779220779,0.0878027436258213,0.13167562223936025,0.046296296296296294,0.6428571428571429
FILD or FILA ADJUDICATED,24,1749589912,genomic_raw,0,770,8,0.04073952667300351,0.01038961038961039,0.005273784940225151,0.020366426752402144,0.01809484546390794,0.05246495105142982
FILD or FILA ADJUDICATED,24,1749589912,genomic_raw,1,769,11,0.06094452629835621,0.014304291287386216,0.008005744470847457,0.025431202429137063,0.05251063825267322,0.06877888426800464
FILD or FILA ADJUDICATED,24,1749589912,genomic_raw,2,770,10,0.07618940211275901,0.012987012987012988,0.007069333631553706,0.02373989550567504,0.06878027859944447,0.08353584203046995
FILD or FILA ADJUDICATED,24,1749589912,genomic_raw,3,769,11,0.09142253959022903,0.014304291287386216,0.008005744470847457,0.025431202429137063,0.0835439592047413,0.0995294436942617
FILD or FILA ADJUDICATED,24,1749589912,genomic_raw,4,770,20,0.10707970680162154,0.025974025974025976,0.016876091691355087,0.03977822466888089,0.09955210592843189,0.11447842602842266
FILD or FILA ADJUDICATED,24,1749589912,genomic_raw,5,769,17,0.12251355955620997,0.022106631989596878,0.013847378881987714,0.03511668533687256,0.1145413608597555,0.13091609371862922
FILD or FILA ADJUDICATED,24,1749589912,genomic_raw,6,769,12,0.14039046654634238,0.015604681404421327,0.008948690331271528,0.027076109455192295,0.13092896711015267,0.1507893268042351
FILD or FILA ADJUDICATED,24,1749589912,genomic_raw,7,770,20,0.16157076687131472,0.025974025974025976,0.016876091691355087,0.03977822466888089,0.15079608196388666,0.17283330736154184
FILD or FILA ADJUDICATED,24,1749589912,genomic_raw,8,769,17,0.18810318956091104,0.022106631989596878,0.013847378881987714,0.03511668533687256,0.17283901630822818,0.20617150941592996
FILD or FILA ADJUDICATED,24,1749589912,genomic_raw,9,770,26,0.23880582348092236,0.033766233766233764,0.023145571320675448,0.04901579737336487,0.2062124834029146,0.33441906700588975
FILD or FILA ADJUDICATED,24,1749589912,genomic_isotonic,0,770,7,0.010149035731714927,0.00909090909090909,0.004410478976495486,0.01864522399383109,0.0,0.01208617971623752
FILD or FILA ADJUDICATED,24,1749589912,genomic_isotonic,1,769,8,0.012086179716237518,0.010403120936280884,0.005280654829476248,0.0203927334110704,0.01208617971623752,0.01208617971623752
FILD or FILA ADJUDICATED,24,1749589912,genomic_isotonic,2,770,12,0.0160770179184271,0.015584415584415584,0.008937040176158829,0.027041206405671363,0.01208617971623752,0.023682200152788387
FILD or FILA ADJUDICATED,24,1749589912,genomic_isotonic,3,769,13,0.023682200152788383,0.016905071521456438,0.009905619514842359,0.028707033158100748,0.023682200152788387,0.023682200152788387
FILD or FILA ADJUDICATED,24,1749589912,genomic_isotonic,4,770,15,0.02393521455985965,0.01948051948051948,0.011840409174050253,0.0318913635746821,0.023682200152788387,0.024896265560165973
FILD or FILA ADJUDICATED,24,1749589912,genomic_isotonic,5,769,13,0.024896265560165973,0.016905071521456438,0.009905619514842359,0.028707033158100748,0.024896265560165973,0.024896265560165973
FILD or FILA ADJUDICATED,24,1749589912,genomic_isotonic,6,769,19,0.024896265560165973,0.0247074122236671,0.01587360135768905,0.03826616863412981,0.024896265560165973,0.024896265560165973
FILD or FILA ADJUDICATED,24,1749589912,genomic_isotonic,7,770,18,0.024896265560165973,0.023376623376623377,0.014837136266102694,0.036648162649531836,0.024896265560165973,0.024896265560165973
FILD or FILA ADJUDICATED,24,1749589912,genomic_isotonic,8,769,19,0.027578052916751427,0.0247074122236671,0.01587360135768905,0.03826616863412981,0.024896265560165973,0.0411522633744856
FILD or FILA ADJUDICATED,24,1749589912,genomic_isotonic,9,770,28,0.0411522633744856,0.03636363636363636,0.025276867554216292,0.05205351858442546,0.0411522633744856,0.0411522633744856
FILD or FILA ADJUDICATED,24,1749589912,combined_raw,0,770,3,0.02894907763018494,0.003896103896103896,0.0013258926936253902,0.011391775387498288,0.013735041545784782,0.033930515582128465
FILD or FILA ADJUDICATED,24,1749589912,combined_raw,1,769,2,0.044462376319038203,0.002600780234070221,0.0007135177289523901,0.009432753192718508,0.033940417086717474,0.059590930580368115
FILD or FILA ADJUDICATED,24,1749589912,combined_raw,2,770,5,0.06975981904521407,0.006493506493506494,0.0027767335367897463,0.01510995198893538,0.059693739052606616,0.07761215250863285
FILD or FILA ADJUDICATED,24,1749589912,combined_raw,3,769,5,0.08403828033209375,0.006501950585175552,0.002780348414515579,0.015129481166593194,0.07761838874237702,0.09035203114371308
FILD or FILA ADJUDICATED,24,1749589912,combined_raw,4,770,5,0.09707978810933666,0.006493506493506494,0.0027767335367897463,0.01510995198893538,0.09036492656285548,0.10518010059173
FILD or FILA ADJUDICATED,24,1749589912,combined_raw,5,769,9,0.1158761942768409,0.011703511053315995,0.006169270449727107,0.022091970677298834,0.10522035519952272,0.12949793230997933
FILD or FILA ADJUDICATED,24,1749589912,combined_raw,6,769,7,0.14825870877071773,0.009102730819245773,0.004416223152723785,0.01866931220134357,0.12952016469576705,0.1665857868098725
FILD or FILA ADJUDICATED,24,1749589912,combined_raw,7,770,11,0.18473075977278391,0.014285714285714285,0.007995323688185082,0.025398414171344384,0.16662406555001505,0.2042065829083837
FILD or FILA ADJUDICATED,24,1749589912,combined_raw,8,769,25,0.2304998252557928,0.032509752925877766,0.0221158152388249,0.04755107207186972,0.20431777315934413,0.2610943953065562
FILD or FILA ADJUDICATED,24,1749589912,combined_raw,9,770,80,0.2974623404681834,0.1038961038961039,0.0842745420698438,0.1274502976284356,0.2612219434017178,0.3941572912972645
FILD or FILA ADJUDICATED,24,1749589912,combined_isotonic,0,770,3,0.0025416194543711325,0.003896103896103896,0.0013258926936253902,0.011391775387498288,0.0,0.0026845637583892616
FILD or FILA ADJUDICATED,24,1749589912,combined_isotonic,1,769,1,0.004073740730848276,0.0013003901170351106,0.0002295876800841234,0.007328830355107483,0.0026845637583892616,0.007551240560949299
FILD or FILA ADJUDICATED,24,1749589912,combined_isotonic,2,770,3,0.007551240560949301,0.003896103896103896,0.0013258926936253902,0.011391775387498288,0.007551240560949299,0.007551240560949299
FILD or FILA ADJUDICATED,24,1749589912,combined_isotonic,3,769,6,0.008788274977699717,0.007802340702210663,0.003580646807040671,0.016917035660547395,0.007551240560949299,0.011406844106463879
FILD or FILA ADJUDICATED,24,1749589912,combined_isotonic,4,770,9,0.011406844106463879,0.011688311688311689,0.006161243000312308,0.022063477414615715,0.011406844106463879,0.011406844106463879
FILD or FILA ADJUDICATED,24,1749589912,combined_isotonic,5,769,5,0.015855189238976917,0.006501950585175552,0.002780348414515579,0.015129481166593194,0.011406844106463879,0.016666666666666666
FILD or FILA ADJUDICATED,24,1749589912,combined_isotonic,6,769,12,0.016666666666666666,0.015604681404421327,0.008948690331271528,0.027076109455192295,0.016666666666666666,0.016666666666666666
FILD or FILA ADJUDICATED,24,1749589912,combined_isotonic,7,770,9,0.01960541939124883,0.011688311688311689,0.006161243000312308,0.022063477414615715,0.016666666666666666,0.02586206896551724
FILD or FILA ADJUDICATED,24,1749589912,combined_isotonic,8,769,23,0.03222527532525613,0.02990897269180754,0.02001129965969971,0.04447988187803632,0.02586206896551724,0.078125
FILD or FILA ADJUDICATED,24,1749589912,combined_isotonic,9,770,81,0.1437430629661148,0.10519480519480519,0.08544960345108563,0.12885974496949448,0.078125,0.75
FILD or FILA ADJUDICATED,25,638724288,zebra_raw,0,770,1,0.2326002879365576,0.0012987012987012987,0.00022928946639889794,0.007319361170123334,0.11052533634471677,0.2628385204578191
FILD or FILA ADJUDICATED,25,638724288,zebra_raw,1,769,3,0.2876296097005609,0.0039011703511053317,0.001327618000260774,0.011406505807889416,0.2629217431030498,0.3130216655048263
FILD or FILA ADJUDICATED,25,638724288,zebra_raw,2,770,2,0.34356374514096866,0.0025974025974025974,0.0007125907061236786,0.009420568652699277,0.3130243882443571,0.37670270468505757
FILD or FILA ADJUDICATED,25,638724288,zebra_raw,3,769,4,0.41165184634776675,0.005201560468140442,0.0020245891497467933,0.013297387544882687,0.37689187032190613,0.44856133829255057
FILD or FILA ADJUDICATED,25,638724288,zebra_raw,4,770,5,0.4932811267039893,0.006493506493506494,0.0027767335367897463,0.01510995198893538,0.44870746992347377,0.5430503347508041
FILD or FILA ADJUDICATED,25,638724288,zebra_raw,5,769,6,0.6029464930001583,0.007802340702210663,0.003580646807040671,0.016917035660547395,0.543539525335139,0.6653503127292941
FILD or FILA ADJUDICATED,25,638724288,zebra_raw,6,769,13,0.7320815369905114,0.016905071521456438,0.009905619514842359,0.028707033158100748,0.6657088168850702,0.7904401128919928
FILD or FILA ADJUDICATED,25,638724288,zebra_raw,7,770,8,0.8457336689974085,0.01038961038961039,0.005273784940225151,0.020366426752402144,0.7905015192149166,0.8996673482561942
FILD or FILA ADJUDICATED,25,638724288,zebra_raw,8,769,21,0.9505328100687886,0.027308192457737322,0.017929533535624646,0.041385942229152796,0.8996813766473817,0.9860387702851211
FILD or FILA ADJUDICATED,25,638724288,zebra_raw,9,770,89,0.9966371462135803,0.11558441558441558,0.09488520380014312,0.14010021439884277,0.9860584996624647,1.0
FILD or FILA ADJUDICATED,25,638724288,zebra_isotonic,0,770,2,0.0012573463728661315,0.0025974025974025974,0.0007125907061236786,0.009420568652699277,0.0,0.0022197558268590455
FILD or FILA ADJUDICATED,25,638724288,zebra_isotonic,1,769,2,0.0022197558268590455,0.002600780234070221,0.0007135177289523901,0.009432753192718508,0.0022197558268590455,0.0022197558268590455
FILD or FILA ADJUDICATED,25,638724288,zebra_isotonic,2,770,5,0.00630792281642923,0.006493506493506494,0.0027767335367897463,0.01510995198893538,0.0022197558268590455,0.00718562874251497
FILD or FILA ADJUDICATED,25,638724288,zebra_isotonic,3,769,0,0.00816905398458326,0.0,0.0,0.004970565148712315,0.00718562874251497,0.012232415902140673
FILD or FILA ADJUDICATED,25,638724288,zebra_isotonic,4,770,6,0.013634796000625981,0.007792207792207792,0.0035759904186376326,0.016895203829388215,0.012232415902140673,0.01466275659824047
FILD or FILA ADJUDICATED,25,638724288,zebra_isotonic,5,769,10,0.015064911802024288,0.013003901170351105,0.007078545900378475,0.023770548113126753,0.01466275659824047,0.01676829268292683
FILD or FILA ADJUDICATED,25,638724288,zebra_isotonic,6,769,11,0.016768292682926834,0.014304291287386216,0.008005744470847457,0.025431202429137063,0.01676829268292683,0.01676829268292683
FILD or FILA ADJUDICATED,25,638724288,zebra_isotonic,7,770,8,0.01809591756392894,0.01038961038961039,0.005273784940225151,0.020366426752402144,0.01676829268292683,0.018272425249169437
FILD or FILA ADJUDICATED,25,638724288,zebra_isotonic,8,769,16,0.029370290073194354,0.02080624187256177,0.01284691135930053,0.033529299973080455,0.018272425249169437,0.038922155688622756
FILD or FILA ADJUDICATED,25,638724288,zebra_isotonic,9,770,92,0.0875662815761461,0.11948051948051948,0.09843869984935448,0.1443002445165336,0.038922155688622756,0.48148148148148145
FILD or FILA ADJUDICATED,25,638724288,genomic_raw,0,770,10,0.004679861623652206,0.012987012987012988,0.007069333631553706,0.02373989550567504,0.0001366055357321573,0.00848488460818152
FILD or FILA ADJUDICATED,25,638724288,genomic_raw,1,769,10,0.013192709324282095,0.013003901170351105,0.007078545900378475,0.023770548113126753,0.008503671513003517,0.018438913834844684
FILD or FILA ADJUDICATED,25,638724288,genomic_raw,2,770,16,0.025011890369446645,0.02077922077922078,0.012830175613871217,0.033486105857161864,0.018452400264635637,0.03191634836816588
FILD or FILA ADJUDICATED,25,638724288,genomic_raw,3,769,16,0.04050535245743794,0.02080624187256177,0.01284691135930053,0.033529299973080455,0.03193468349974939,0.050271656639097655
FILD or FILA ADJUDICATED,25,638724288,genomic_raw,4,770,15,0.06276663382580824,0.01948051948051948,0.011840409174050253,0.0318913635746821,0.050296841395663885,0.07644142458737901
FILD or FILA ADJUDICATED,25,638724288,genomic_raw,5,769,22,0.09325345030299399,0.02860858257477243,0.01896739582103829,0.04293593283021844,0.07647042183184291,0.11144377138030247
FILD or FILA ADJUDICATED,25,638724288,genomic_raw,6,769,19,0.13628078788884918,0.0247074122236671,0.01587360135768905,0.03826616863412981,0.11151692723309861,0.1643347009026347
FILD or FILA ADJUDICATED,25,638724288,genomic_raw,7,770,19,0.20157502289062346,0.024675324675324677,0.015852913748522608,0.03821689388941264,0.1645034978913443,0.24598140755362646
FILD or FILA ADJUDICATED,25,638724288,genomic_raw,8,769,12,0.3083678179231808,0.015604681404421327,0.008948690331271528,0.027076109455192295,0.24606867761441786,0.38497562960097886
FILD or FILA ADJUDICATED,25,638724288,genomic_raw,9,770,13,0.5463270489013112,0.016883116883116882,0.009892721428977881,0.028670033875153024,0.3850389017854376,0.9213044684261232
FILD or FILA ADJUDICATED,25,638724288,genomic_isotonic,0,770,10,0.016196503002690276,0.012987012987012988,0.007069333631553706,0.02373989550567504,0.0,0.017902813299232736
FILD or FILA ADJUDICATED,25,638724288,genomic_isotonic,1,769,10,0.018514736370943245,0.013003901170351105,0.007078545900378475,0.023770548113126753,0.017902813299232736,0.01918014291086875
FILD or FILA ADJUDICATED,25,638724288,genomic_isotonic,2,770,15,0.01918014291086875,0.01948051948051948,0.011840409174050253,0.0318913635746821,0.01918014291086875,0.01918014291086875
FILD or FILA ADJUDICATED,25,638724288,genomic_isotonic,3,769,18,0.01918014291086875,0.02340702210663199,0.014856495571086814,0.03669542153425275,0.01918014291086875,0.01918014291086875
FILD or FILA ADJUDICATED,25,638724288,genomic_isotonic,4,770,22,0.01918014291086875,0.02857142857142857,0.018942666074440347,0.04288066773039707,0.01918014291086875,0.01918014291086875
FILD or FILA ADJUDICATED,25,638724288,genomic_isotonic,5,769,16,0.01918014291086875,0.02080624187256177,0.01284691135930053,0.033529299973080455,0.01918014291086875,0.01918014291086875
FILD or FILA ADJUDICATED,25,638724288,genomic_isotonic,6,769,20,0.01918014291086875,0.02600780234070221,0.016898117575631134,0.03982950530266702,0.01918014291086875,0.01918014291086875
FILD or FILA ADJUDICATED,25,638724288,genomic_isotonic,7,770,16,0.019994918435149642,0.02077922077922078,0.012830175613871217,0.033486105857161864,0.01918014291086875,0.02040816326530612
FILD or FILA ADJUDICATED,25,638724288,genomic_isotonic,8,769,9,0.020456068793427144,0.011703511053315995,0.006169270449727107,0.022091970677298834,0.02040816326530612,0.020512820512820513
FILD or FILA ADJUDICATED,25,638724288,genomic_isotonic,9,770,16,0.04483384561667711,0.02077922077922078,0.012830175613871217,0.033486105857161864,0.020512820512820513,0.125
FILD or FILA ADJUDICATED,25,638724288,combined_raw,0,770,4,0.002079310000506275,0.005194805194805195,0.0020219574690050306,0.013280219334419372,0.00046534284815091586,0.003232975899585931
FILD or FILA ADJUDICATED,25,638724288,combined_raw,1,769,4,0.0043834791098701425,0.005201560468140442,0.0020245891497467933,0.013297387544882687,0.0032375184632829727,0.00567747776503557
FILD or FILA ADJUDICATED,25,638724288,combined_raw,2,770,1,0.007251671804045367,0.0012987012987012987,0.00022928946639889794,0.007319361170123334,0.005678688142657749,0.009057259407771731
FILD or FILA ADJUDICATED,25,638724288,combined_raw,3,769,5,0.011335689555161744,0.006501950585175552,0.002780348414515579,0.015129481166593194,0.009066827395874489,0.013959006910633816
FILD or FILA ADJUDICATED,25,638724288,combined_raw,4,770,9,0.017433509302005063,0.011688311688311689,0.006161243000312308,0.022063477414615715,0.013964435938121172,0.021054688083233096
FILD or FILA ADJUDICATED,25,638724288,combined_raw,5,769,11,0.025692216515264724,0.014304291287386216,0.008005744470847457,0.025431202429137063,0.021074352764275037,0.031093922920456863
FILD or FILA ADJUDICATED,25,638724288,combined_raw,6,769,9,0.038425251074703876,0.011703511053315995,0.006169270449727107,0.022091970677298834,0.031094030182875196,0.048040167515931195
FILD or FILA ADJUDICATED,25,638724288,combined_raw,7,770,12,0.06151984742387779,0.015584415584415584,0.008937040176158829,0.027041206405671363,0.04807914850193894,0.07860817949438219
FILD or FILA ADJUDICATED,25,638724288,combined_raw,8,769,23,0.10853951715579817,0.02990897269180754,0.02001129965969971,0.04447988187803632,0.07874243526732558,0.14799998521911786
FILD or FILA ADJUDICATED,25,638724288,combined_raw,9,770,74,0.31437110926020856,0.09610389610389611,0.07724637265453546,0.1189714147099396,0.1483398678478605,0.9522968686199296
FILD or FILA ADJUDICATED,25,638724288,combined_isotonic,0,770,4,0.0015305683718880125,0.005194805194805195,0.0020219574690050306,0.013280219334419372,0.0,0.0064516129032258064
FILD or FILA ADJUDICATED,25,638724288,combined_isotonic,1,769,4,0.007196458685382068,0.005201560468140442,0.0020245891497467933,0.013297387544882687,0.0064516129032258064,0.00823045267489712
FILD or FILA ADJUDICATED,25,638724288,combined_isotonic,2,770,1,0.008230452674897124,0.0012987012987012987,0.00022928946639889794,0.007319361170123334,0.00823045267489712,0.00823045267489712
FILD or FILA ADJUDICATED,25,638724288,combined_isotonic,3,769,5,0.011164544202301953,0.006501950585175552,0.002780348414515579,0.015129481166593194,0.00823045267489712,0.013544018058690745
FILD or FILA ADJUDICATED,25,638724288,combined_isotonic,4,770,10,0.013544018058690741,0.012987012987012988,0.007069333631553706,0.02373989550567504,0.013544018058690745,0.013544018058690745
FILD or FILA ADJUDICATED,25,638724288,combined_isotonic,5,769,11,0.014027335076644939,0.014304291287386216,0.008005744470847457,0.025431202429137063,0.013544018058690745,0.014164305949008499
FILD or FILA ADJUDICATED,25,638724288,combined_isotonic,6,769,11,0.0141643059490085,0.014304291287386216,0.008005744470847457,0.025431202429137063,0.014164305949008499,0.014164305949008499
FILD or FILA ADJUDICATED,25,638724288,combined_isotonic,7,770,9,0.018673855319283582,0.011688311688311689,0.006161243000312308,0.022063477414615715,0.014164305949008499,0.023890784982935155
FILD or FILA ADJUDICATED,25,638724288,combined_isotonic,8,769,24,0.02777102779607203,0.031209362808842653,0.02106088189967261,0.0460181525245427,0.023890784982935155,0.0365296803652968
FILD or FILA ADJUDICATED,25,638724288,combined_isotonic,9,770,73,0.10736883422936097,0.09480519480519481,0.07607888344397429,0.11755439519820005,0.0365296803652968,0.8
FILD or FILA ADJUDICATED,26,1194267614,zebra_raw,0,770,2,0.23156865185343567,0.0025974025974025974,0.0007125907061236786,0.009420568652699277,0.11052533634471677,0.2606494295469696
FILD or FILA ADJUDICATED,26,1194267614,zebra_raw,1,769,0,0.28561011030748434,0.0,0.0,0.004970565148712315,0.2607572849048813,0.3118102720735881
FILD or FILA ADJUDICATED,26,1194267614,zebra_raw,2,770,5,0.3416901859509383,0.006493506493506494,0.0027767335367897463,0.01510995198893538,0.3119478363101785,0.3729807235971536
FILD or FILA ADJUDICATED,26,1194267614,zebra_raw,3,769,5,0.40659413891262713,0.006501950585175552,0.002780348414515579,0.015129481166593194,0.37318045080654094,0.4425430337068171
FILD or FILA ADJUDICATED,26,1194267614,zebra_raw,4,770,4,0.4863022012762585,0.005194805194805195,0.0020219574690050306,0.013280219334419372,0.44269436698414544,0.5367284113677637
FILD or FILA ADJUDICATED,26,1194267614,zebra_raw,5,769,10,0.5976617125983004,0.013003901170351105,0.007078545900378475,0.023770548113126753,0.5367741352862195,0.658473102706149
FILD or FILA ADJUDICATED,26,1194267614,zebra_raw,6,769,7,0.7249147088130814,0.009102730819245773,0.004416223152723785,0.01866931220134357,0.658515984644882,0.7866906783055915
FILD or FILA ADJUDICATED,26,1194267614,zebra_raw,7,770,16,0.843368256923185,0.02077922077922078,0.012830175613871217,0.033486105857161864,0.7867110489043116,0.9010687245335479
FILD or FILA ADJUDICATED,26,1194267614,zebra_raw,8,769,23,0.9521337341958267,0.02990897269180754,0.02001129965969971,0.04447988187803632,0.9011530019691986,0.9859879776718901
FILD or FILA ADJUDICATED,26,1194267614,zebra_raw,9,770,80,0.9965012571693189,0.1038961038961039,0.0842745420698438,0.1274502976284356,0.9860089016090301,1.0
FILD or FILA ADJUDICATED,26,1194267614,zebra_isotonic,0,770,2,0.0007493655769517839,0.0025974025974025974,0.0007125907061236786,0.009420568652699277,0.0,0.0022988505747126436
FILD or FILA ADJUDICATED,26,1194267614,zebra_isotonic,1,769,1,0.003289437727450716,0.0013003901170351106,0.0002295876800841234,0.007328830355107483,0.0022988505747126436,0.004559270516717325
FILD or FILA ADJUDICATED,26,1194267614,zebra_isotonic,2,770,4,0.004859325348044986,0.005194805194805195,0.0020219574690050306,0.013280219334419372,0.004559270516717325,0.007267441860465116
FILD or FILA ADJUDICATED,26,1194267614,zebra_isotonic,3,769,3,0.007267441860465115,0.0039011703511053317,0.001327618000260774,0.011406505807889416,0.007267441860465116,0.007267441860465116
FILD or FILA ADJUDICATED,26,1194267614,zebra_isotonic,4,770,7,0.010286290351827624,0.00909090909090909,0.004410478976495486,0.01864522399383109,0.007267441860465116,0.011799410029498525
FILD or FILA ADJUDICATED,26,1194267614,zebra_isotonic,5,769,8,0.011799410029498525,0.010403120936280884,0.005280654829476248,0.0203927334110704,0.011799410029498525,0.011799410029498525
FILD or FILA ADJUDICATED,26,1194267614,zebra_isotonic,6,769,13,0.014118817483720762,0.016905071521456438,0.009905619514842359,0.028707033158100748,0.011799410029498525,0.01601601601601602
FILD or FILA ADJUDICATED,26,1194267614,zebra_isotonic,7,770,10,0.01601601601601602,0.012987012987012988,0.007069333631553706,0.02373989550567504,0.01601601601601602,0.01601601601601602
FILD or FILA ADJUDICATED,26,1194267614,zebra_isotonic,8,769,25,0.027462446821533003,0.032509752925877766,0.0221158152388249,0.04755107207186972,0.01601601601601602,0.040697674418604654
FILD or FILA ADJUDICATED,26,1194267614,zebra_isotonic,9,770,79,0.10007224249441174,0.1025974025974026,0.0831005084064421,0.12603982256953655,0.040697674418604654,0.5283018867924529
FILD or FILA ADJUDICATED,26,1194267614,genomic_raw,0,770,12,0.038566745466106195,0.015584415584415584,0.008937040176158829,0.027041206405671363,0.008474952021472975,0.05507790679628862
FILD or FILA ADJUDICATED,26,1194267614,genomic_raw,1,769,12,0.06935157212140484,0.015604681404421327,0.008948690331271528,0.027076109455192295,0.05510457254603432,0.08236542120070091
FILD or FILA ADJUDICATED,26,1194267614,genomic_raw,2,770,12,0.09613729581023833,0.015584415584415584,0.008937040176158829,0.027041206405671363,0.08238281985337055,0.11025478931045768
FILD or FILA ADJUDICATED,26,1194267614,genomic_raw,3,769,18,0.1254446272365741,0.02340702210663199,0.014856495571086814,0.03669542153425275,0.1103598419942765,0.14127355529857377
FILD or FILA ADJUDICATED,26,1194267614,genomic_raw,4,770,10,0.15895424056555207,0.012987012987012988,0.007069333631553706,0.02373989550567504,0.1412992001957029,0.17722478760085303
FILD or FILA ADJUDICATED,26,1194267614,genomic_raw,5,769,14,0.19796605217026694,0.018205461638491547,0.010875078260352153,0.030325427299070243,0.17731278752772348,0.2196066004413577
FILD or FILA ADJUDICATED,26,1194267614,genomic_raw,6,769,11,0.24394199141623288,0.014304291287386216,0.008005744470847457,0.025431202429137063,0.21989285509352433,0.2696845469125946
FILD or FILA ADJUDICATED,26,1194267614,genomic_raw,7,770,17,0.30291453351673064,0.02207792207792208,0.01382933715277743,0.03507145304055638,0.2697009944089037,0.3367174752905491
FILD or FILA ADJUDICATED,26,1194267614,genomic_raw,8,769,17,0.3764505919052527,0.022106631989596878,0.013847378881987714,0.03511668533687256,0.3367564322991896,0.42159141067838496
FILD or FILA ADJUDICATED,26,1194267614,genomic_raw,9,770,29,0.5037660598711252,0.03766233766233766,0.02634909255576484,0.05356580230517764,0.42160279766459813,0.7370564855012226
FILD or FILA ADJUDICATED,26,1194267614,genomic_isotonic,0,770,9,0.00776501001315148,0.011688311688311689,0.006161243000312308,0.022063477414615715,0.0,0.013874614594039054
FILD or FILA ADJUDICATED,26,1194267614,genomic_isotonic,1,769,14,0.01387461459403905,0.018205461638491547,0.010875078260352153,0.030325427299070243,0.013874614594039054,0.013874614594039054
FILD or FILA ADJUDICATED,26,1194267614,genomic_isotonic,2,770,15,0.01387461459403905,0.01948051948051948,0.011840409174050253,0.0318913635746821,0.013874614594039054,0.013874614594039054
FILD or FILA ADJUDICATED,26,1194267614,genomic_isotonic,3,769,15,0.01387461459403905,0.01950585175552666,0.01185585151954993,0.03193250692635176,0.013874614594039054,0.013874614594039054
FILD or FILA ADJUDICATED,26,1194267614,genomic_isotonic,4,770,11,0.01736096815667689,0.014285714285714285,0.007995323688185082,0.025398414171344384,0.013874614594039054,0.023529411764705882
FILD or FILA ADJUDICATED,26,1194267614,genomic_isotonic,5,769,14,0.024389885993409067,0.018205461638491547,0.010875078260352153,0.030325427299070243,0.023529411764705882,0.024943310657596373
FILD or FILA ADJUDICATED,26,1194267614,genomic_isotonic,6,769,14,0.027614606116552122,0.018205461638491547,0.010875078260352153,0.030325427299070243,0.024943310657596373,0.028747433264887063
FILD or FILA ADJUDICATED,26,1194267614,genomic_isotonic,7,770,16,0.028747433264887063,0.02077922077922078,0.012830175613871217,0.033486105857161864,0.028747433264887063,0.028747433264887063
FILD or FILA ADJUDICATED,26,1194267614,genomic_isotonic,8,769,23,0.032632582382517636,0.02990897269180754,0.02001129965969971,0.04447988187803632,0.028747433264887063,0.039014373716632446
FILD or FILA ADJUDICATED,26,1194267614,genomic_isotonic,9,770,21,0.04053335460770716,0.02727272727272727,0.017906160074157684,0.04133266500837901,0.039014373716632446,0.5398372383911311
FILD or FILA ADJUDICATED,26,1194267614,combined_raw,0,770,5,0.015287405571917172,0.006493506493506494,0.0027767335367897463,0.01510995198893538,0.003996950561311678,0.02129233856626951
FILD or FILA ADJUDICATED,26,1194267614,combined_raw,1,769,6,0.02671288551553362,0.007802340702210663,0.003580646807040671,0.016917035660547395,0.021302187928334892,0.03211781781384904
FILD or FILA ADJUDICATED,26,1194267614,combined_raw,2,770,6,0.0386237481859405,0.007792207792207792,0.0035759904186376326,0.016895203829388215,0.03212042866881815,0.045468778360537816
FILD or FILA ADJUDICATED,26,1194267614,combined_raw,3,769,5,0.05333104102053446,0.006501950585175552,0.002780348414515579,0.015129481166593194,0.04550801479590301,0.06176920452255176
FILD or FILA ADJUDICATED,26,1194267614,combined_raw,4,770,7,0.07175497196928199,0.00909090909090909,0.004410478976495486,0.01864522399383109,0.06181623884847971,0.08314910739261731
FILD or FILA ADJUDICATED,26,1194267614,combined_raw,5,769,4,0.09881832486166708,0.005201560468140442,0.0020245891497467933,0.013297387544882687,0.08318358314422021,0.1173060247454692
FILD or FILA ADJUDICATED,26,1194267614,combined_raw,6,769,6,0.14254660871818647,0.007802340702210663,0.003580646807040671,0.016917035660547395,0.11730803730885439,0.17049004635903306
FILD or FILA ADJUDICATED,26,1194267614,combined_raw,7,770,9,0.21424494356756305,0.011688311688311689,0.006161243000312308,0.022063477414615715,0.17056855551490768,0.2669465894858339
FILD or FILA ADJUDICATED,26,1194267614,combined_raw,8,769,17,0.3407924396930919,0.022106631989596878,0.013847378881987714,0.03511668533687256,0.26702782262083685,0.42536622977070726
FILD or FILA ADJUDICATED,26,1194267614,combined_raw,9,770,87,0.5734465708211723,0.11298701298701298,0.09252065989015767,0.13729574086422677,0.4260472581562217,0.9052649202643577
FILD or FILA ADJUDICATED,26,1194267614,combined_isotonic,0,770,5,0.0015376740581909735,0.006493506493506494,0.0027767335367897463,0.01510995198893538,0.0,0.0038461538461538464
FILD or FILA ADJUDICATED,26,1194267614,combined_isotonic,1,769,6,0.004884094094207645,0.007802340702210663,0.003580646807040671,0.016917035660547395,0.0038461538461538464,0.005154639175257732
FILD or FILA ADJUDICATED,26,1194267614,combined_isotonic,2,770,8,0.005943332255746823,0.01038961038961039,0.005273784940225151,0.020366426752402144,0.005154639175257732,0.005980861244019139
FILD or FILA ADJUDICATED,26,1194267614,combined_isotonic,3,769,3,0.007219299502149338,0.0039011703511053317,0.001327618000260774,0.011406505807889416,0.005980861244019139,0.010101010101010102
FILD or FILA ADJUDICATED,26,1194267614,combined_isotonic,4,770,2,0.0101010101010101,0.0025974025974025974,0.0007125907061236786,0.009420568652699277,0.010101010101010102,0.010101010101010102
FILD or FILA ADJUDICATED,26,1194267614,combined_isotonic,5,769,6,0.0101010101010101,0.007802340702210663,0.003580646807040671,0.016917035660547395,0.010101010101010102,0.010101010101010102
FILD or FILA ADJUDICATED,26,1194267614,combined_isotonic,6,769,9,0.012232105028837582,0.011703511053315995,0.006169270449727107,0.022091970677298834,0.010101010101010102,0.017654476670870115
FILD or FILA ADJUDICATED,26,1194267614,combined_isotonic,7,770,12,0.017654476670870115,0.015584415584415584,0.008937040176158829,0.027041206405671363,0.017654476670870115,0.017654476670870115
FILD or FILA ADJUDICATED,26,1194267614,combined_isotonic,8,769,15,0.022808222732152206,0.01950585175552666,0.01185585151954993,0.03193250692635176,0.017654476670870115,0.02452316076294278
FILD or FILA ADJUDICATED,26,1194267614,combined_isotonic,9,770,86,0.10903250831730299,0.11168831168831168,0.09133976338956046,0.13589212864252326,0.02452316076294278,0.6666666666666666
FILD or FILA ADJUDICATED,27,1279322305,zebra_raw,0,770,3,0.23169239001861436,0.003896103896103896,0.0013258926936253902,0.011391775387498288,0.11052533634471677,0.26079868222778724
FILD or FILA ADJUDICATED,27,1279322305,zebra_raw,1,769,0,0.28611105992997565,0.0,0.0,0.004970565148712315,0.260816983501809,0.31197732063783695
FILD or FILA ADJUDICATED,27,1279322305,zebra_raw,2,770,6,0.3428844213701188,0.007792207792207792,0.0035759904186376326,0.016895203829388215,0.3120190426459585,0.37606160153816026
FILD or FILA ADJUDICATED,27,1279322305,zebra_raw,3,769,5,0.411002446754786,0.006501950585175552,0.002780348414515579,0.015129481166593194,0.37623856999212185,0.447734556292315
FILD or FILA ADJUDICATED,27,1279322305,zebra_raw,4,770,7,0.49211508649119934,0.00909090909090909,0.004410478976495486,0.01864522399383109,0.4479285752187333,0.5410477315007842
FILD or FILA ADJUDICATED,27,1279322305,zebra_raw,5,769,7,0.6024592937198922,0.009102730819245773,0.004416223152723785,0.01866931220134357,0.5410809347596185,0.6653503127292941
FILD or FILA ADJUDICATED,27,1279322305,zebra_raw,6,769,9,0.7284711300923187,0.011703511053315995,0.006169270449727107,0.022091970677298834,0.6654752866632145,0.7878292147752667
FILD or FILA ADJUDICATED,27,1279322305,zebra_raw,7,770,12,0.8417556041571821,0.015584415584415584,0.008937040176158829,0.027041206405671363,0.7878936645699718,0.896139016526146
FILD or FILA ADJUDICATED,27,1279322305,zebra_raw,8,769,27,0.94726397086305,0.035110533159947985,0.024240577366074226,0.05060201571757897,0.8963472002022098,0.9849906229576917
FILD or FILA ADJUDICATED,27,1279322305,zebra_raw,9,770,76,0.9964618479165392,0.0987012987012987,0.07958474714757134,0.12180205766150516,0.9849984305162865,1.0
FILD or FILA ADJUDICATED,27,1279322305,zebra_isotonic,0,770,1,0.0,0.0012987012987012987,0.00022928946639889794,0.007319361170123334,0.0,0.0
FILD or FILA ADJUDICATED,27,1279322305,zebra_isotonic,1,769,4,0.0019310010809775705,0.005201560468140442,0.0020245891497467933,0.013297387544882687,0.0,0.004299226139294927
FILD or FILA ADJUDICATED,27,1279322305,zebra_isotonic,2,770,5,0.004299226139294927,0.006493506493506494,0.0027767335367897463,0.01510995198893538,0.004299226139294927,0.004299226139294927
FILD or FILA ADJUDICATED,27,1279322305,zebra_isotonic,3,769,2,0.004645925929821573,0.002600780234070221,0.0007135177289523901,0.009432753192718508,0.004299226139294927,0.006211180124223602
FILD or FILA ADJUDICATED,27,1279322305,zebra_isotonic,4,770,9,0.009940869037313158,0.011688311688311689,0.006161243000312308,0.022063477414615715,0.006211180124223602,0.012693935119887164
FILD or FILA ADJUDICATED,27,1279322305,zebra_isotonic,5,769,9,0.013271125342931891,0.011703511053315995,0.006169270449727107,0.022091970677298834,0.012693935119887164,0.015521064301552107
FILD or FILA ADJUDICATED,27,1279322305,zebra_isotonic,6,769,9,0.015640110916367057,0.011703511053315995,0.006169270449727107,0.022091970677298834,0.015521064301552107,0.016129032258064516
FILD or FILA ADJUDICATED,27,1279322305,zebra_isotonic,7,770,17,0.01612903225806451,0.02207792207792208,0.01382933715277743,0.03507145304055638,0.016129032258064516,0.016129032258064516
FILD or FILA ADJUDICATED,27,1279322305,zebra_isotonic,8,769,19,0.01956027895051858,0.0247074122236671,0.01587360135768905,0.03826616863412981,0.016129032258064516,0.03741496598639456
FILD or FILA ADJUDICATED,27,1279322305,zebra_isotonic,9,770,77,0.10319606694349301,0.1,0.08075559305709225,0.12321572047428499,0.03741496598639456,0.5964912280701754
FILD or FILA ADJUDICATED,27,1279322305,genomic_raw,0,770,14,0.00015607039732825674,0.01818181818181818,0.010860915582275707,0.030286348444155925,1.1880264008856013e-05,0.0002778175350041646
FILD or FILA ADJUDICATED,27,1279322305,genomic_raw,1,769,9,0.00043320128387875885,0.011703511053315995,0.006169270449727107,0.022091970677298834,0.00027886007708671594,0.0006065732263894133
FILD or FILA ADJUDICATED,27,1279322305,genomic_raw,2,770,15,0.0008520280114807171,0.01948051948051948,0.011840409174050253,0.0318913635746821,0.0006066981316172904,0.0011518844235295777
FILD or FILA ADJUDICATED,27,1279322305,genomic_raw,3,769,13,0.0015319394221467984,0.016905071521456438,0.009905619514842359,0.028707033158100748,0.001154566219433198,0.0019686740413528093
FILD or FILA ADJUDICATED,27,1279322305,genomic_raw,4,770,16,0.0026052781490732927,0.02077922077922078,0.012830175613871217,0.033486105857161864,0.0019711707939738332,0.0033284688979560283
FILD or FILA ADJUDICATED,27,1279322305,genomic_raw,5,769,21,0.00443912281354537,0.027308192457737322,0.017929533535624646,0.041385942229152796,0.0033296194628377636,0.005775730925176338
FILD or FILA ADJUDICATED,27,1279322305,genomic_raw,6,769,19,0.007707937799070682,0.0247074122236671,0.01587360135768905,0.03826616863412981,0.005778853515902187,0.010142026650670861
FILD or FILA ADJUDICATED,27,1279322305,genomic_raw,7,770,11,0.014125878027976262,0.014285714285714285,0.007995323688185082,0.025398414171344384,0.010149345643045888,0.019401773846695124
FILD or FILA ADJUDICATED,27,1279322305,genomic_raw,8,769,17,0.029012844736409468,0.022106631989596878,0.013847378881987714,0.03511668533687256,0.019478242920029247,0.04311022988738942
FILD or FILA ADJUDICATED,27,1279322305,genomic_raw,9,770,17,0.11919371929560273,0.02207792207792208,0.01382933715277743,0.03507145304055638,0.043157084001366475,0.8793631944703492
FILD or FILA ADJUDICATED,27,1279322305,genomic_isotonic,0,770,14,0.012146847565841975,0.01818181818181818,0.010860915582275707,0.030286348444155925,0.0,0.012290502793296089
FILD or FILA ADJUDICATED,27,1279322305,genomic_isotonic,1,769,14,0.015096080840404202,0.018205461638491547,0.010875078260352153,0.030325427299070243,0.012290502793296089,0.016741071428571428
FILD or FILA ADJUDICATED,27,1279322305,genomic_isotonic,2,770,10,0.016741234353362115,0.012987012987012988,0.007069333631553706,0.02373989550567504,0.016741071428571428,0.016821563622295595
FILD or FILA ADJUDICATED,27,1279322305,genomic_isotonic,3,769,13,0.017021276595744678,0.016905071521456438,0.009905619514842359,0.028707033158100748,0.01702127659574468,0.01702127659574468
FILD or FILA ADJUDICATED,27,1279322305,genomic_isotonic,4,770,16,0.01831140169086745,0.02077922077922078,0.012830175613871217,0.033486105857161864,0.01702127659574468,0.01910828025477707
FILD or FILA ADJUDICATED,27,1279322305,genomic_isotonic,5,769,23,0.01940268933309112,0.02990897269180754,0.02001129965969971,0.04447988187803632,0.01910828025477707,0.019406392694063926
FILD or FILA ADJUDICATED,27,1279322305,genomic_isotonic,6,769,18,0.02052194444232561,0.02340702210663199,0.014856495571086814,0.03669542153425275,0.019406392694063926,0.024691358024691357
FILD or FILA ADJUDICATED,27,1279322305,genomic_isotonic,7,770,12,0.025696619993035484,0.015584415584415584,0.008937040176158829,0.027041206405671363,0.024691358024691357,0.026415094339622643
FILD or FILA ADJUDICATED,27,1279322305,genomic_isotonic,8,769,15,0.02641509433962264,0.01950585175552666,0.01185585151954993,0.03193250692635176,0.026415094339622643,0.026415094339622643
FILD or FILA ADJUDICATED,27,1279322305,genomic_isotonic,9,770,17,0.03409356494207798,0.02207792207792208,0.01382933715277743,0.03507145304055638,0.026415094339622643,0.06521739130434782
FILD or FILA ADJUDICATED,27,1279322305,combined_raw,0,770,0,0.051844665493249543,0.0,0.0,0.004964141914221508,0.015867796382088437,0.06942654320104795
FILD or FILA ADJUDICATED,27,1279322305,combined_raw,1,769,4,0.08265918824565001,0.005201560468140442,0.0020245891497467933,0.013297387544882687,0.0694313283469497,0.09584169849958017
FILD or FILA ADJUDICATED,27,1279322305,combined_raw,2,770,5,0.10815082726946681,0.006493506493506494,0.0027767335367897463,0.01510995198893538,0.09586767859568694,0.12156970288980941
FILD or FILA ADJUDICATED,27,1279322305,combined_raw,3,769,5,0.1369705791080329,0.006501950585175552,0.002780348414515579,0.015129481166593194,0.1215923773741669,0.1530856295607213
FILD or FILA ADJUDICATED,27,1279322305,combined_raw,4,770,11,0.170187191682034,0.014285714285714285,0.007995323688185082,0.025398414171344384,0.1531983047218391,0.19016855357867649
FILD or FILA ADJUDICATED,27,1279322305,combined_raw,5,769,9,0.2087219881009126,0.011703511053315995,0.006169270449727107,0.022091970677298834,0.1901964108530287,0.2298525933298095
FILD or FILA ADJUDICATED,27,1279322305,combined_raw,6,769,13,0.253711435079601,0.016905071521456438,0.009905619514842359,0.028707033158100748,0.22988221445979432,0.28062618707262854
FILD or FILA ADJUDICATED,27,1279322305,combined_raw,7,770,9,0.310496715748268,0.011688311688311689,0.006161243000312308,0.022063477414615715,0.280726821494367,0.34423855531977077
FILD or FILA ADJUDICATED,27,1279322305,combined_raw,8,769,21,0.38834575590576653,0.027308192457737322,0.017929533535624646,0.041385942229152796,0.34426438889032446,0.4398509237212544
FILD or FILA ADJUDICATED,27,1279322305,combined_raw,9,770,75,0.5645584814763813,0.09740259740259741,0.07841500055802125,0.12038729552875452,0.4402981084105119,0.9204600122974806
FILD or FILA ADJUDICATED,27,1279322305,combined_isotonic,0,770,0,0.004194705184804195,0.0,0.0,0.004964141914221508,0.0,0.0044004400440044
FILD or FILA ADJUDICATED,27,1279322305,combined_isotonic,1,769,2,0.0056287383514344366,0.002600780234070221,0.0007135177289523901,0.009432753192718508,0.0044004400440044,0.005766062602965404
FILD or FILA ADJUDICATED,27,1279322305,combined_isotonic,2,770,5,0.005766062602965403,0.006493506493506494,0.0027767335367897463,0.01510995198893538,0.005766062602965404,0.005766062602965404
FILD or FILA ADJUDICATED,27,1279322305,combined_isotonic,3,769,8,0.008623677931553143,0.010403120936280884,0.005280654829476248,0.0203927334110704,0.005766062602965404,0.014218009478672985
FILD or FILA ADJUDICATED,27,1279322305,combined_isotonic,4,770,11,0.0146104248488388,0.014285714285714285,0.007995323688185082,0.025398414171344384,0.014218009478672985,0.015267175572519083
FILD or FILA ADJUDICATED,27,1279322305,combined_isotonic,5,769,8,0.015267175572519085,0.010403120936280884,0.005280654829476248,0.0203927334110704,0.015267175572519083,0.015267175572519083
FILD or FILA ADJUDICATED,27,1279322305,combined_isotonic,6,769,13,0.015506129279692181,0.016905071521456438,0.009905619514842359,0.028707033158100748,0.015267175572519083,0.015665796344647518
FILD or FILA ADJUDICATED,27,1279322305,combined_isotonic,7,770,9,0.017744215640009824,0.011688311688311689,0.006161243000312308,0.022063477414615715,0.015665796344647518,0.018656716417910446
FILD or FILA ADJUDICATED,27,1279322305,combined_isotonic,8,769,22,0.027060927539772517,0.02860858257477243,0.01896739582103829,0.04293593283021844,0.018656716417910446,0.03365384615384615
FILD or FILA ADJUDICATED,27,1279322305,combined_isotonic,9,770,74,0.11592946273898268,0.09610389610389611,0.07724637265453546,0.1189714147099396,0.03365384615384615,1.0
FILD or FILA ADJUDICATED,28,1530328090,zebra_raw,0,770,3,0.23256111427465753,0.003896103896103896,0.0013258926936253902,0.011391775387498288,0.11693488945217027,0.26124029215840633
FILD or FILA ADJUDICATED,28,1530328090,zebra_raw,1,769,1,0.28666903300071406,0.0013003901170351106,0.0002295876800841234,0.007328830355107483,0.2612413884397403,0.31237812141757126
FILD or FILA ADJUDICATED,28,1530328090,zebra_raw,2,770,7,0.3436085148850743,0.00909090909090909,0.004410478976495486,0.01864522399383109,0.3124457080547297,0.3765965052693407
FILD or FILA ADJUDICATED,28,1530328090,zebra_raw,3,769,5,0.41156407502302006,0.006501950585175552,0.002780348414515579,0.015129481166593194,0.3766087127018751,0.44919589166398927
FILD or FILA ADJUDICATED,28,1530328090,zebra_raw,4,770,12,0.494626588541683,0.015584415584415584,0.008937040176158829,0.027041206405671363,0.4493382830520594,0.5433213455863211
FILD or FILA ADJUDICATED,28,1530328090,zebra_raw,5,769,7,0.6033269136584708,0.009102730819245773,0.004416223152723785,0.01866931220134357,0.543539525335139,0.6653503127292941
FILD or FILA ADJUDICATED,28,1530328090,zebra_raw,6,769,7,0.7319854923164913,0.009102730819245773,0.004416223152723785,0.01866931220134357,0.6654752866632145,0.7934061048039297
FILD or FILA ADJUDICATED,28,1530328090,zebra_raw,7,770,9,0.8480233977600088,0.011688311688311689,0.006161243000312308,0.022063477414615715,0.7934919360090515,0.8991102436771582
FILD or FILA ADJUDICATED,28,1530328090,zebra_raw,8,769,17,0.9493500602900021,0.022106631989596878,0.013847378881987714,0.03511668533687256,0.8996522859474004,0.9852913008258685
FILD or FILA ADJUDICATED,28,1530328090,zebra_raw,9,770,84,0.9964991782096356,0.10909090909090909,0.08898079075880169,0.1330820838286806,0.9853533817341006,1.0
FILD or FILA ADJUDICATED,28,1530328090,zebra_isotonic,0,770,3,0.0,0.003896103896103896,0.0013258926936253902,0.011391775387498288,0.0,0.0
FILD or FILA ADJUDICATED,28,1530328090,zebra_isotonic,1,769,2,0.0010376001906385178,0.002600780234070221,0.0007135177289523901,0.009432753192718508,0.0,0.002277904328018223
FILD or FILA ADJUDICATED,28,1530328090,zebra_isotonic,2,770,6,0.0022779043280182236,0.007792207792207792,0.0035759904186376326,0.016895203829388215,0.002277904328018223,0.002277904328018223
FILD or FILA ADJUDICATED,28,1530328090,zebra_isotonic,3,769,9,0.002952791875805666,0.011703511053315995,0.006169270449727107,0.022091970677298834,0.002277904328018223,0.0031545741324921135
FILD or FILA ADJUDICATED,28,1530328090,zebra_isotonic,4,770,6,0.0031545741324921143,0.007792207792207792,0.0035759904186376326,0.016895203829388215,0.0031545741324921135,0.0031545741324921135
FILD or FILA ADJUDICATED,28,1530328090,zebra_isotonic,5,769,8,0.012665801686028818,0.010403120936280884,0.005280654829476248,0.0203927334110704,0.0031545741324921135,0.015503875968992248
FILD or FILA ADJUDICATED,28,1530328090,zebra_isotonic,6,769,9,0.02147275592946427,0.011703511053315995,0.006169270449727107,0.022091970677298834,0.015503875968992248,0.023131672597864767
FILD or FILA ADJUDICATED,28,1530328090,zebra_isotonic,7,770,10,0.023131672597864767,0.012987012987012988,0.007069333631553706,0.02373989550567504,0.023131672597864767,0.023131672597864767
FILD or FILA ADJUDICATED,28,1530328090,zebra_isotonic,8,769,18,0.028974813252897965,0.02340702210663199,0.014856495571086814,0.03669542153425275,0.023131672597864767,0.0379746835443038
FILD or FILA ADJUDICATED,28,1530328090,zebra_isotonic,9,770,81,0.11330711619710734,0.10519480519480519,0.08544960345108563,0.12885974496949448,0.0379746835443038,0.5957446808510639
FILD or FILA ADJUDICATED,28,1530328090,genomic_raw,0,770,11,5.589138167913608e-05,0.014285714285714285,0.007995323688185082,0.025398414171344384,1.7722390872494536e-07,0.0001298001610276499
FILD or FILA ADJUDICATED,28,1530328090,genomic_raw,1,769,10,0.00025549456258852865,0.013003901170351105,0.007078545900378475,0.023770548113126753,0.00012993560795412882,0.0004161413458995544
FILD or FILA ADJUDICATED,28,1530328090,genomic_raw,2,770,12,0.0006550380893609102,0.015584415584415584,0.008937040176158829,0.027041206405671363,0.00041633990208778425,0.0009731805811853213
FILD or FILA ADJUDICATED,28,1530328090,genomic_raw,3,769,18,0.0014155714615768505,0.02340702210663199,0.014856495571086814,0.03669542153425275,0.0009757766920599018,0.001964586058427821
FILD or FILA ADJUDICATED,28,1530328090,genomic_raw,4,770,13,0.0028128931916619223,0.016883116883116882,0.009892721428977881,0.028670033875153024,0.0019677752724488453,0.0037453336160018806
FILD or FILA ADJUDICATED,28,1530328090,genomic_raw,5,769,13,0.0051941314515750875,0.016905071521456438,0.009905619514842359,0.028707033158100748,0.0037509106703677393,0.007075554523619668
FILD or FILA ADJUDICATED,28,1530328090,genomic_raw,6,769,15,0.009912890287270668,0.01950585175552666,0.01185585151954993,0.03193250692635176,0.007075590590708335,0.013623747945427605
FILD or FILA ADJUDICATED,28,1530328090,genomic_raw,7,770,18,0.020209304516491625,0.023376623376623377,0.014837136266102694,0.036648162649531836,0.013627953934274871,0.029736810956955233
FILD or FILA ADJUDICATED,28,1530328090,genomic_raw,8,769,22,0.04836690540059784,0.02860858257477243,0.01896739582103829,0.04293593283021844,0.029755652513573646,0.07643067963625705
FILD or FILA ADJUDICATED,28,1530328090,genomic_raw,9,770,20,0.2155285954861321,0.025974025974025976,0.016876091691355087,0.03977822466888089,0.07660333323555767,0.8692176807921949
FILD or FILA ADJUDICATED,28,1530328090,genomic_isotonic,0,770,10,0.014622009107410367,0.012987012987012988,0.007069333631553706,0.02373989550567504,0.0,0.016528925619834708
FILD or FILA ADJUDICATED,28,1530328090,genomic_isotonic,1,769,14,0.01652892561983471,0.018205461638491547,0.010875078260352153,0.030325427299070243,0.016528925619834708,0.016528925619834708
FILD or FILA ADJUDICATED,28,1530328090,genomic_isotonic,2,770,6,0.01717250802558535,0.007792207792207792,0.0035759904186376326,0.016895203829388215,0.016528925619834708,0.01729559748427673
FILD or FILA ADJUDICATED,28,1530328090,genomic_isotonic,3,769,16,0.02154195230676316,0.02080624187256177,0.01284691135930053,0.033529299973080455,0.01729559748427673,0.022868032396379228
FILD or FILA ADJUDICATED,28,1530328090,genomic_isotonic,4,770,14,0.022868032396379228,0.01818181818181818,0.010860915582275707,0.030286348444155925,0.022868032396379228,0.022868032396379228
FILD or FILA ADJUDICATED,28,1530328090,genomic_isotonic,7,770,14,0.022868032396379228,0.01818181818181818,0.010860915582275707,0.030286348444155925,0.022868032396379228,0.022868032396379228
FILD or FILA ADJUDICATED,28,1530328090,genomic_isotonic,5,769,20,0.02286803239637923,0.02600780234070221,0.016898117575631134,0.03982950530266702,0.022868032396379228,0.022868032396379228
FILD or FILA ADJUDICATED,28,1530328090,genomic_isotonic,6,769,10,0.02286803239637923,0.013003901170351105,0.007078545900378475,0.023770548113126753,0.022868032396379228,0.022868032396379228
FILD or FILA ADJUDICATED,28,1530328090,genomic_isotonic,8,769,28,0.025616895758214655,0.036410923276983094,0.025309891577026858,0.05212055439310563,0.022868032396379228,0.02654867256637168
FILD or FILA ADJUDICATED,28,1530328090,genomic_isotonic,9,770,20,0.029011532135536564,0.025974025974025976,0.016876091691355087,0.03977822466888089,0.02654867256637168,0.030172413793103453
FILD or FILA ADJUDICATED,28,1530328090,combined_raw,0,770,4,0.020172891536262477,0.005194805194805195,0.0020219574690050306,0.013280219334419372,0.011605025396376811,0.02413175295032019
FILD or FILA ADJUDICATED,28,1530328090,combined_raw,1,769,3,0.027816692041664242,0.0039011703511053317,0.001327618000260774,0.011406505807889416,0.024140708670636495,0.03177880268101358
FILD or FILA ADJUDICATED,28,1530328090,combined_raw,2,770,4,0.036354833622861724,0.005194805194805195,0.0020219574690050306,0.013280219334419372,0.03179361729132131,0.04133233497649412
FILD or FILA ADJUDICATED,28,1530328090,combined_raw,3,769,7,0.04738981467513085,0.009102730819245773,0.004416223152723785,0.01866931220134357,0.04135004478300874,0.05403660051801121
FILD or FILA ADJUDICATED,28,1530328090,combined_raw,4,770,10,0.0681389462824771,0.012987012987012988,0.007069333631553706,0.02373989550567504,0.054051557415556575,0.09826118038881904
FILD or FILA ADJUDICATED,28,1530328090,combined_raw,5,769,7,0.161965857315391,0.009102730819245773,0.004416223152723785,0.01866931220134357,0.09866454019767829,0.20713928906920004
FILD or FILA ADJUDICATED,28,1530328090,combined_raw,6,769,8,0.2374540964706347,0.010403120936280884,0.005280654829476248,0.0203927334110704,0.20715295935138583,0.2632553949546667
FILD or FILA ADJUDICATED,28,1530328090,combined_raw,7,770,5,0.28660810890781346,0.006493506493506494,0.0027767335367897463,0.01510995198893538,0.2634690700351729,0.3091722109541679
FILD or FILA ADJUDICATED,28,1530328090,combined_raw,8,769,18,0.33437773149681477,0.02340702210663199,0.014856495571086814,0.03669542153425275,0.3092600737407666,0.365659383137616
FILD or FILA ADJUDICATED,28,1530328090,combined_raw,9,770,86,0.43610359623357614,0.11168831168831168,0.09133976338956046,0.13589212864252326,0.36573544349812637,0.6291043873144393
FILD or FILA ADJUDICATED,28,1530328090,combined_isotonic,0,770,6,0.0015209125475285168,0.007792207792207792,0.0035759904186376326,0.016895203829388215,0.001520912547528517,0.001520912547528517
FILD or FILA ADJUDICATED,28,1530328090,combined_isotonic,1,769,3,0.001520912547528517,0.0039011703511053317,0.001327618000260774,0.011406505807889416,0.001520912547528517,0.001520912547528517
FILD or FILA ADJUDICATED,28,1530328090,combined_isotonic,2,770,4,0.003701121967268156,0.005194805194805195,0.0020219574690050306,0.013280219334419372,0.001520912547528517,0.004440497335701598
FILD or FILA ADJUDICATED,28,1530328090,combined_isotonic,3,769,7,0.0044404973357016,0.009102730819245773,0.004416223152723785,0.01866931220134357,0.004440497335701598,0.004440497335701598
FILD or FILA ADJUDICATED,28,1530328090,combined_isotonic,4,770,8,0.004961593513701785,0.01038961038961039,0.005273784940225151,0.020366426752402144,0.004440497335701598,0.011594202898550725
FILD or FILA ADJUDICATED,28,1530328090,combined_isotonic,5,769,7,0.01839985984215352,0.009102730819245773,0.004416223152723785,0.01866931220134357,0.011594202898550725,0.02219755826859045
FILD or FILA ADJUDICATED,28,1530328090,combined_isotonic,6,769,8,0.022197558268590458,0.010403120936280884,0.005280654829476248,0.0203927334110704,0.02219755826859045,0.02219755826859045
FILD or FILA ADJUDICATED,28,1530328090,combined_isotonic,7,770,5,0.02797745782949298,0.006493506493506494,0.0027767335367897463,0.01510995198893538,0.02219755826859045,0.02806122448979592
FILD or FILA ADJUDICATED,28,1530328090,combined_isotonic,8,769,19,0.0339638306803701,0.0247074122236671,0.01587360135768905,0.03826616863412981,0.02806122448979592,0.03914590747330961
FILD or FILA ADJUDICATED,28,1530328090,combined_isotonic,9,770,85,0.11512599119731866,0.11038961038961038,0.09015980224910894,0.13448758106067407,0.03914590747330961,0.7397958950761162
FILD or FILA ADJUDICATED,29,707474276,zebra_raw,0,770,2,0.23212707508263486,0.0025974025974025974,0.0007125907061236786,0.009420568652699277,0.1314070368880061,0.2615897480367035
FILD or FILA ADJUDICATED,29,707474276,zebra_raw,1,769,1,0.2871254136882232,0.0013003901170351106,0.0002295876800841234,0.007328830355107483,0.2615951007755146,0.31173266061856664
FILD or FILA ADJUDICATED,29,707474276,zebra_raw,2,770,6,0.342802385368009,0.007792207792207792,0.0035759904186376326,0.016895203829388215,0.3117422769040575,0.37605806753507426
FILD or FILA ADJUDICATED,29,707474276,zebra_raw,3,769,5,0.4109693182844787,0.006501950585175552,0.002780348414515579,0.015129481166593194,0.3761338732577787,0.4479285752187333
FILD or FILA ADJUDICATED,29,707474276,zebra_raw,4,770,8,0.49375440824773636,0.01038961038961039,0.005273784940225151,0.020366426752402144,0.44798440931734274,0.5436096690465401
FILD or FILA ADJUDICATED,29,707474276,zebra_raw,5,769,5,0.6051850112351109,0.006501950585175552,0.002780348414515579,0.015129481166593194,0.5436876473428899,0.670885500186124
FILD or FILA ADJUDICATED,29,707474276,zebra_raw,6,769,9,0.735201127454099,0.011703511053315995,0.006169270449727107,0.022091970677298834,0.6710238032622696,0.7934061048039297
FILD or FILA ADJUDICATED,29,707474276,zebra_raw,7,770,12,0.8458324266967708,0.015584415584415584,0.008937040176158829,0.027041206405671363,0.7936409735970521,0.8988500780327903
FILD or FILA ADJUDICATED,29,707474276,zebra_raw,8,769,22,0.9498765501691775,0.02860858257477243,0.01896739582103829,0.04293593283021844,0.8988858359934823,0.9858032066519998
FILD or FILA ADJUDICATED,29,707474276,zebra_raw,9,770,82,0.996471411557247,0.10649350649350649,0.08662567599181079,0.13026818115107003,0.9859038413093151,1.0
FILD or FILA ADJUDICATED,29,707474276,zebra_isotonic,0,770,2,0.0005971048078814279,0.0025974025974025974,0.0007125907061236786,0.009420568652699277,0.0,0.0018083182640144665
FILD or FILA ADJUDICATED,29,707474276,zebra_isotonic,1,769,1,0.0021880355158288723,0.0013003901170351106,0.0002295876800841234,0.007328830355107483,0.0018083182640144665,0.0032258064516129032
FILD or FILA ADJUDICATED,29,707474276,zebra_isotonic,2,770,6,0.0032780299682641715,0.007792207792207792,0.0035759904186376326,0.016895203829388215,0.0032258064516129032,0.0045662100456621
FILD or FILA ADJUDICATED,29,707474276,zebra_isotonic,3,769,4,0.004824431082055784,0.005201560468140442,0.0020245891497467933,0.013297387544882687,0.0045662100456621,0.005917159763313609
FILD or FILA ADJUDICATED,29,707474276,zebra_isotonic,4,770,8,0.009644199168691898,0.01038961038961039,0.005273784940225151,0.020366426752402144,0.005917159763313609,0.012232415902140673
FILD or FILA ADJUDICATED,29,707474276,zebra_isotonic,5,769,8,0.015997270053922513,0.010403120936280884,0.005280654829476248,0.0203927334110704,0.012232415902140673,0.017982799061767005
FILD or FILA ADJUDICATED,29,707474276,zebra_isotonic,6,769,8,0.017982799061767005,0.010403120936280884,0.005280654829476248,0.0203927334110704,0.017982799061767005,0.017982799061767005
FILD or FILA ADJUDICATED,29,707474276,zebra_isotonic,7,770,12,0.018509364689036283,0.015584415584415584,0.008937040176158829,0.027041206405671363,0.017982799061767005,0.02891566265060241
FILD or FILA ADJUDICATED,29,707474276,zebra_isotonic,8,769,19,0.029775384906159053,0.0247074122236671,0.01587360135768905,0.03826616863412981,0.02891566265060241,0.03225806451612903
FILD or FILA ADJUDICATED,29,707474276,zebra_isotonic,9,770,84,0.09978168222674212,0.10909090909090909,0.08898079075880169,0.1330820838286806,0.03225806451612903,0.5102040816326531
FILD or FILA ADJUDICATED,29,707474276,genomic_raw,0,770,12,0.012691635677496581,0.015584415584415584,0.008937040176158829,0.027041206405671363,0.0014282083924765994,0.019789467082319722
FILD or FILA ADJUDICATED,29,707474276,genomic_raw,1,769,15,0.02690813872980533,0.01950585175552666,0.01185585151954993,0.03193250692635176,0.019831364921251877,0.03437919493160732
FILD or FILA ADJUDICATED,29,707474276,genomic_raw,2,770,12,0.04192314497644061,0.015584415584415584,0.008937040176158829,0.027041206405671363,0.03438614375941386,0.049897718695585284
FILD or FILA ADJUDICATED,29,707474276,genomic_raw,3,769,16,0.059254930474690694,0.02080624187256177,0.01284691135930053,0.033529299973080455,0.049912454853750815,0.06958970994730536
FILD or FILA ADJUDICATED,29,707474276,genomic_raw,4,770,15,0.08171068816982954,0.01948051948051948,0.011840409174050253,0.0318913635746821,0.06964536454195158,0.09467393464744171
FILD or FILA ADJUDICATED,29,707474276,genomic_raw,5,769,13,0.11034806083460316,0.016905071521456438,0.009905619514842359,0.028707033158100748,0.09467469860404595,0.12777437374508216
FILD or FILA ADJUDICATED,29,707474276,genomic_raw,6,769,17,0.1501715423604837,0.022106631989596878,0.013847378881987714,0.03511668533687256,0.1277783424825921,0.17529822252633037
FILD or FILA ADJUDICATED,29,707474276,genomic_raw,7,770,20,0.20544944181944552,0.025974025974025976,0.016876091691355087,0.03977822466888089,0.17537737874240641,0.23940624892626855
FILD or FILA ADJUDICATED,29,707474276,genomic_raw,8,769,15,0.2894308257955929,0.01950585175552666,0.01185585151954993,0.03193250692635176,0.23948540357623624,0.35318391676607125
FILD or FILA ADJUDICATED,29,707474276,genomic_raw,9,770,17,0.4814392148040428,0.02207792207792208,0.01382933715277743,0.03507145304055638,0.3533519199360508,0.9113201943033892
FILD or FILA ADJUDICATED,29,707474276,genomic_isotonic,0,770,13,0.017864898922479264,0.016883116883116882,0.009892721428977881,0.028670033875153024,0.0,0.018404907975460124
FILD or FILA ADJUDICATED,29,707474276,genomic_isotonic,1,769,10,0.018404907975460124,0.013003901170351105,0.007078545900378475,0.023770548113126753,0.018404907975460124,0.018404907975460124
FILD or FILA ADJUDICATED,29,707474276,genomic_isotonic,2,770,18,0.018404907975460124,0.023376623376623377,0.014837136266102694,0.036648162649531836,0.018404907975460124,0.018404907975460124
FILD or FILA ADJUDICATED,29,707474276,genomic_isotonic,3,769,15,0.01864505214605337,0.01950585175552666,0.01185585151954993,0.03193250692635176,0.018404907975460124,0.02027027027027027
FILD or FILA ADJUDICATED,29,707474276,genomic_isotonic,4,770,19,0.02061585239356635,0.024675324675324677,0.015852913748522608,0.03821689388941264,0.02027027027027027,0.02067777139574957
FILD or FILA ADJUDICATED,29,707474276,genomic_isotonic,5,769,15,0.020677771395749566,0.01950585175552666,0.01185585151954993,0.03193250692635176,0.02067777139574957,0.02067777139574957
FILD or FILA ADJUDICATED,29,707474276,genomic_isotonic,6,769,11,0.020677771395749566,0.014304291287386216,0.008005744470847457,0.025431202429137063,0.02067777139574957,0.02067777139574957
FILD or FILA ADJUDICATED,29,707474276,genomic_isotonic,7,770,19,0.020677771395749566,0.024675324675324677,0.015852913748522608,0.03821689388941264,0.02067777139574957,0.02067777139574957
FILD or FILA ADJUDICATED,29,707474276,genomic_isotonic,8,769,14,0.02443472960092834,0.018205461638491547,0.010875078260352153,0.030325427299070243,0.02067777139574957,0.024509803921568627
FILD or FILA ADJUDICATED,29,707474276,genomic_isotonic,9,770,18,0.0278964563692364,0.023376623376623377,0.014837136266102694,0.036648162649531836,0.024509803921568627,0.0625
FILD or FILA ADJUDICATED,29,707474276,combined_raw,0,770,4,0.03233272690359264,0.005194805194805195,0.0020219574690050306,0.013280219334419372,0.017459562599240717,0.03804820894504636
FILD or FILA ADJUDICATED,29,707474276,combined_raw,1,769,6,0.04178539014578651,0.007802340702210663,0.003580646807040671,0.016917035660547395,0.03804991743350947,0.04549354512238237
FILD or FILA ADJUDICATED,29,707474276,combined_raw,2,770,4,0.04992745155416154,0.005194805194805195,0.0020219574690050306,0.013280219334419372,0.04549363068260054,0.055083556353699645
FILD or FILA ADJUDICATED,29,707474276,combined_raw,3,769,2,0.06250303297385654,0.002600780234070221,0.0007135177289523901,0.009432753192718508,0.055091588907867056,0.07252600463955912
FILD or FILA ADJUDICATED,29,707474276,combined_raw,4,770,6,0.0946246752796166,0.007792207792207792,0.0035759904186376326,0.016895203829388215,0.07254363283910376,0.11710089156820197
FILD or FILA ADJUDICATED,29,707474276,combined_raw,5,769,7,0.13365538461666196,0.009102730819245773,0.004416223152723785,0.01866931220134357,0.11718424394857656,0.14906874141779825
FILD or FILA ADJUDICATED,29,707474276,combined_raw,6,769,12,0.16281887134417905,0.015604681404421327,0.008948690331271528,0.027076109455192295,0.14908129724766908,0.17650388829504848
FILD or FILA ADJUDICATED,29,707474276,combined_raw,7,770,13,0.19126506428390264,0.016883116883116882,0.009892721428977881,0.028670033875153024,0.17653137956667952,0.20733533454487058
FILD or FILA ADJUDICATED,29,707474276,combined_raw,8,769,13,0.2273385357931674,0.016905071521456438,0.009905619514842359,0.028707033158100748,0.20734918001293823,0.2514347374107012
FILD or FILA ADJUDICATED,29,707474276,combined_raw,9,770,85,0.29374540608746486,0.11038961038961038,0.09015980224910894,0.13448758106067407,0.25146930952447877,0.38685628615930534
FILD or FILA ADJUDICATED,29,707474276,combined_isotonic,0,770,2,0.0030116552200883575,0.0025974025974025974,0.0007125907061236786,0.009420568652699277,0.002369668246445498,0.003098373353989156
FILD or FILA ADJUDICATED,29,707474276,combined_isotonic,1,769,5,0.0030983733539891567,0.006501950585175552,0.002780348414515579,0.015129481166593194,0.003098373353989156,0.003098373353989156
FILD or FILA ADJUDICATED,29,707474276,combined_isotonic,2,770,7,0.003105377653283787,0.00909090909090909,0.004410478976495486,0.01864522399383109,0.003098373353989156,0.0031645569620253164
FILD or FILA ADJUDICATED,29,707474276,combined_isotonic,3,769,1,0.005214987779594849,0.0013003901170351106,0.0002295876800841234,0.007328830355107483,0.0031645569620253164,0.013574660633484163
FILD or FILA ADJUDICATED,29,707474276,combined_isotonic,4,770,8,0.013750441186384892,0.01038961038961039,0.005273784940225151,0.020366426752402144,0.013574660633484163,0.013803680981595092
FILD or FILA ADJUDICATED,29,707474276,combined_isotonic,5,769,9,0.02638219160752608,0.011703511053315995,0.006169270449727107,0.022091970677298834,0.013803680981595092,0.02857142857142857
FILD or FILA ADJUDICATED,29,707474276,combined_isotonic,6,769,10,0.028571428571428577,0.013003901170351105,0.007078545900378475,0.023770548113126753,0.02857142857142857,0.02857142857142857
FILD or FILA ADJUDICATED,29,707474276,combined_isotonic,7,770,10,0.028571428571428577,0.012987012987012988,0.007069333631553706,0.02373989550567504,0.02857142857142857,0.02857142857142857
FILD or FILA ADJUDICATED,29,707474276,combined_isotonic,8,769,21,0.029959505078415744,0.027308192457737322,0.017929533535624646,0.041385942229152796,0.02857142857142857,0.03987730061349693
FILD or FILA ADJUDICATED,29,707474276,combined_isotonic,9,770,79,0.09657728709831472,0.1025974025974026,0.0831005084064421,0.12603982256953655,0.03987730061349693,1.0
FILD or FILA ADJUDICATED,30,1746433158,zebra_raw,0,770,2,0.23252969352283265,0.0025974025974025974,0.0007125907061236786,0.009420568652699277,0.11052533634471677,0.2610548534071459
FILD or FILA ADJUDICATED,30,1746433158,zebra_raw,1,769,2,0.2860912708606515,0.002600780234070221,0.0007135177289523901,0.009432753192718508,0.2612413884397403,0.31213148847501915
FILD or FILA ADJUDICATED,30,1746433158,zebra_raw,2,770,7,0.343328035671,0.00909090909090909,0.004410478976495486,0.01864522399383109,0.31233544018253606,0.37623936307794303
FILD or FILA ADJUDICATED,30,1746433158,zebra_raw,3,769,4,0.4117759585224127,0.005201560468140442,0.0020245891497467933,0.013297387544882687,0.3762924089016528,0.4489316582898533
FILD or FILA ADJUDICATED,30,1746433158,zebra_raw,4,770,6,0.4943330273190519,0.007792207792207792,0.0035759904186376326,0.016895203829388215,0.4489378471090248,0.5436096690465401
FILD or FILA ADJUDICATED,30,1746433158,zebra_raw,5,769,11,0.6037407645323081,0.014304291287386216,0.008005744470847457,0.025431202429137063,0.5440285198003615,0.6681014606204488
FILD or FILA ADJUDICATED,30,1746433158,zebra_raw,6,769,8,0.7342608616116466,0.010403120936280884,0.005280654829476248,0.0203927334110704,0.6683882760204967,0.7940705398672191
FILD or FILA ADJUDICATED,30,1746433158,zebra_raw,7,770,11,0.8493311851954024,0.014285714285714285,0.007995323688185082,0.025398414171344384,0.7941226953828616,0.9015635813244769
FILD or FILA ADJUDICATED,30,1746433158,zebra_raw,8,769,24,0.9514067524232436,0.031209362808842653,0.02106088189967261,0.0460181525245427,0.9015884236259762,0.9859879776718901
FILD or FILA ADJUDICATED,30,1746433158,zebra_raw,9,770,77,0.9966819324040407,0.1,0.08075559305709225,0.12321572047428499,0.9860089016090301,1.0
FILD or FILA ADJUDICATED,30,1746433158,zebra_isotonic,0,770,3,0.000587273565417848,0.003896103896103896,0.0013258926936253902,0.011391775387498288,0.0,0.001184834123222749
FILD or FILA ADJUDICATED,30,1746433158,zebra_isotonic,1,769,2,0.001184834123222749,0.002600780234070221,0.0007135177289523901,0.009432753192718508,0.001184834123222749,0.001184834123222749
FILD or FILA ADJUDICATED,30,1746433158,zebra_isotonic,2,770,5,0.001711610273286868,0.006493506493506494,0.0027767335367897463,0.01510995198893538,0.001184834123222749,0.001834862385321101
FILD or FILA ADJUDICATED,30,1746433158,zebra_isotonic,3,769,5,0.0059476859924331785,0.006501950585175552,0.002780348414515579,0.015129481166593194,0.001834862385321101,0.009523809523809525
FILD or FILA ADJUDICATED,30,1746433158,zebra_isotonic,4,770,7,0.009595027447872571,0.00909090909090909,0.004410478976495486,0.01864522399383109,0.009523809523809525,0.009615384615384616
FILD or FILA ADJUDICATED,30,1746433158,zebra_isotonic,5,769,10,0.010380915154589483,0.013003901170351105,0.007078545900378475,0.023770548113126753,0.009615384615384616,0.018600531443755536
FILD or FILA ADJUDICATED,30,1746433158,zebra_isotonic,6,769,10,0.018600531443755536,0.013003901170351105,0.007078545900378475,0.023770548113126753,0.018600531443755536,0.018600531443755536
FILD or FILA ADJUDICATED,30,1746433158,zebra_isotonic,7,770,11,0.018600531443755536,0.014285714285714285,0.007995323688185082,0.025398414171344384,0.018600531443755536,0.018600531443755536
FILD or FILA ADJUDICATED,30,1746433158,zebra_isotonic,8,769,17,0.02578390344170699,0.022106631989596878,0.013847378881987714,0.03511668533687256,0.018600531443755536,0.03597122302158273
FILD or FILA ADJUDICATED,30,1746433158,zebra_isotonic,9,770,82,0.11289758152442093,0.10649350649350649,0.08662567599181079,0.13026818115107003,0.03597122302158273,0.66
FILD or FILA ADJUDICATED,30,1746433158,genomic_raw,0,770,15,7.91336836572583e-05,0.01948051948051948,0.011840409174050253,0.0318913635746821,1.4211772196000732e-06,0.00017399505175272884
FILD or FILA ADJUDICATED,30,1746433158,genomic_raw,1,769,14,0.0003228289752541343,0.018205461638491547,0.010875078260352153,0.030325427299070243,0.00017433843193363,0.0005138520090651868
FILD or FILA ADJUDICATED,30,1746433158,genomic_raw,2,770,12,0.0008357545822721883,0.015584415584415584,0.008937040176158829,0.027041206405671363,0.0005147104163273305,0.0012724863541474887
FILD or FILA ADJUDICATED,30,1746433158,genomic_raw,3,769,13,0.0019600934625852297,0.016905071521456438,0.009905619514842359,0.028707033158100748,0.0012734218901014017,0.0028742256727653675
FILD or FILA ADJUDICATED,30,1746433158,genomic_raw,4,770,14,0.004209923509416652,0.01818181818181818,0.010860915582275707,0.030286348444155925,0.002875007679664812,0.005979874050547845
FILD or FILA ADJUDICATED,30,1746433158,genomic_raw,5,769,14,0.008912720853671846,0.018205461638491547,0.010875078260352153,0.030325427299070243,0.00602421371707457,0.012869208380728817
FILD or FILA ADJUDICATED,30,1746433158,genomic_raw,6,769,10,0.018772157254494184,0.013003901170351105,0.007078545900378475,0.023770548113126753,0.012872293338449511,0.02678122110506201
FILD or FILA ADJUDICATED,30,1746433158,genomic_raw,7,770,14,0.03988617415648025,0.01818181818181818,0.010860915582275707,0.030286348444155925,0.026782356414300976,0.05675003877223526
FILD or FILA ADJUDICATED,30,1746433158,genomic_raw,8,769,20,0.08861025071175403,0.02600780234070221,0.016898117575631134,0.03982950530266702,0.056890274970605156,0.1383472073545767
FILD or FILA ADJUDICATED,30,1746433158,genomic_raw,9,770,26,0.3043464710868513,0.033766233766233764,0.023145571320675448,0.04901579737336487,0.13837419457243225,0.9211063060574566
FILD or FILA ADJUDICATED,30,1746433158,genomic_isotonic,0,770,14,0.013910475081121561,0.01818181818181818,0.010860915582275707,0.030286348444155925,0.0,0.016831683168316833
FILD or FILA ADJUDICATED,30,1746433158,genomic_isotonic,1,769,14,0.016831683168316836,0.018205461638491547,0.010875078260352153,0.030325427299070243,0.016831683168316833,0.016831683168316833
FILD or FILA ADJUDICATED,30,1746433158,genomic_isotonic,2,770,16,0.016831683168316836,0.02077922077922078,0.012830175613871217,0.033486105857161864,0.016831683168316833,0.016831683168316833
FILD or FILA ADJUDICATED,30,1746433158,genomic_isotonic,3,769,12,0.016831683168316836,0.015604681404421327,0.008948690331271528,0.027076109455192295,0.016831683168316833,0.016831683168316833
FILD or FILA ADJUDICATED,30,1746433158,genomic_isotonic,4,770,12,0.016831683168316836,0.015584415584415584,0.008937040176158829,0.027041206405671363,0.016831683168316833,0.016831683168316833
FILD or FILA ADJUDICATED,30,1746433158,genomic_isotonic,5,769,10,0.02048611277901185,0.013003901170351105,0.007078545900378475,0.023770548113126753,0.016831683168316833,0.02422480620155039
FILD or FILA ADJUDICATED,30,1746433158,genomic_isotonic,6,769,15,0.024224806201550386,0.01950585175552666,0.01185585151954993,0.03193250692635176,0.02422480620155039,0.02422480620155039
FILD or FILA ADJUDICATED,30,1746433158,genomic_isotonic,7,770,14,0.024224806201550386,0.01818181818181818,0.010860915582275707,0.030286348444155925,0.02422480620155039,0.02422480620155039
FILD or FILA ADJUDICATED,30,1746433158,genomic_isotonic,8,769,25,0.028196689583120726,0.032509752925877766,0.0221158152388249,0.04755107207186972,0.02422480620155039,0.029320987654320986
FILD or FILA ADJUDICATED,30,1746433158,genomic_isotonic,9,770,20,0.031179023581988263,0.025974025974025976,0.016876091691355087,0.03977822466888089,0.029320987654320986,0.4276012445507134
FILD or FILA ADJUDICATED,30,1746433158,combined_raw,0,770,4,0.011050737046417314,0.005194805194805195,0.0020219574690050306,0.013280219334419372,0.00259800100942361,0.016823117756924848
FILD or FILA ADJUDICATED,30,1746433158,combined_raw,1,769,2,0.022410533901917922,0.002600780234070221,0.0007135177289523901,0.009432753192718508,0.016827751518215434,0.02881449162786489
FILD or FILA ADJUDICATED,30,1746433158,combined_raw,2,770,4,0.03637803327327062,0.005194805194805195,0.0020219574690050306,0.013280219334419372,0.028823257393806385,0.04483384693796516
FILD or FILA ADJUDICATED,30,1746433158,combined_raw,3,769,6,0.055856072714111776,0.007802340702210663,0.003580646807040671,0.016917035660547395,0.044838068699735376,0.06849515758880845
FILD or FILA ADJUDICATED,30,1746433158,combined_raw,4,770,10,0.08611638704923522,0.012987012987012988,0.007069333631553706,0.02373989550567504,0.06853660026883189,0.10642532261341217
FILD or FILA ADJUDICATED,30,1746433158,combined_raw,5,769,6,0.1319283704821234,0.007802340702210663,0.003580646807040671,0.016917035660547395,0.1065029831371718,0.15890365441999893
FILD or FILA ADJUDICATED,30,1746433158,combined_raw,6,769,11,0.19157998886825064,0.014304291287386216,0.008005744470847457,0.025431202429137063,0.15897428063929947,0.22774052389517704
FILD or FILA ADJUDICATED,30,1746433158,combined_raw,7,770,17,0.2728826506499396,0.02207792207792208,0.01382933715277743,0.03507145304055638,0.22775494213810477,0.32289488314354475
FILD or FILA ADJUDICATED,30,1746433158,combined_raw,8,769,13,0.39079109755967967,0.016905071521456438,0.009905619514842359,0.028707033158100748,0.32312932016695456,0.47356587096889413
FILD or FILA ADJUDICATED,30,1746433158,combined_raw,9,770,79,0.6269607691633549,0.1025974025974026,0.0831005084064421,0.12603982256953655,0.4744739012938924,0.9492196401174128
FILD or FILA ADJUDICATED,30,1746433158,combined_isotonic,0,770,3,0.0024879510818295635,0.003896103896103896,0.0013258926936253902,0.011391775387498288,0.0,0.0030991735537190084
FILD or FILA ADJUDICATED,30,1746433158,combined_isotonic,1,769,4,0.004448968688876443,0.005201560468140442,0.0020245891497467933,0.013297387544882687,0.0030991735537190084,0.007920792079207921
FILD or FILA ADJUDICATED,30,1746433158,combined_isotonic,2,770,3,0.008008287516883598,0.003896103896103896,0.0013258926936253902,0.011391775387498288,0.007920792079207921,0.0084985835694051
FILD or FILA ADJUDICATED,30,1746433158,combined_isotonic,3,769,6,0.009773687661474609,0.007802340702210663,0.003580646807040671,0.016917035660547395,0.0084985835694051,0.011933174224343675
FILD or FILA ADJUDICATED,30,1746433158,combined_isotonic,4,770,10,0.012347608345956242,0.012987012987012988,0.007069333631553706,0.02373989550567504,0.011933174224343675,0.013605442176870748
FILD or FILA ADJUDICATED,30,1746433158,combined_isotonic,5,769,11,0.014605750633409046,0.014304291287386216,0.008005744470847457,0.025431202429137063,0.013605442176870748,0.015027322404371584
FILD or FILA ADJUDICATED,30,1746433158,combined_isotonic,6,769,6,0.01630134171192692,0.007802340702210663,0.003580646807040671,0.016917035660547395,0.015027322404371584,0.027122641509433963
FILD or FILA ADJUDICATED,30,1746433158,combined_isotonic,7,770,11,0.027122641509433963,0.014285714285714285,0.007995323688185082,0.025398414171344384,0.027122641509433963,0.027122641509433963
FILD or FILA ADJUDICATED,30,1746433158,combined_isotonic,8,769,20,0.027122641509433963,0.02600780234070221,0.016898117575631134,0.03982950530266702,0.027122641509433963,0.027122641509433963
FILD or FILA ADJUDICATED,30,1746433158,combined_isotonic,9,770,78,0.12409894070082884,0.1012987012987013,0.08192751953281167,0.1246283027208663,0.027122641509433963,1.0
NONFIBROTIC ILD ADJUDICATED,1,99542587,zebra_raw,0,770,0,0.23254745203035426,0.0,0.0,0.004964141914221508,0.11893743948205666,0.2608962737897288
NONFIBROTIC ILD ADJUDICATED,1,99542587,zebra_raw,1,769,0,0.2865294131291875,0.0,0.0,0.004970565148712315,0.26122351629499085,0.3125969254244962
NONFIBROTIC ILD ADJUDICATED,1,99542587,zebra_raw,2,770,0,0.34421780779398903,0.0,0.0,0.004964141914221508,0.3126900694309642,0.3774323993657252
NONFIBROTIC ILD ADJUDICATED,1,99542587,zebra_raw,3,769,0,0.4117794909727985,0.0,0.0,0.004970565148712315,0.37747676379221107,0.44631748077308125
NONFIBROTIC ILD ADJUDICATED,1,99542587,zebra_raw,4,770,0,0.4904081964032912,0.0,0.0,0.004964141914221508,0.44638399663992084,0.5407244457573239
NONFIBROTIC ILD ADJUDICATED,1,99542587,zebra_raw,5,769,1,0.6020158780090785,0.0013003901170351106,0.0002295876800841234,0.007328830355107483,0.5407863218214698,0.6642661211891435
NONFIBROTIC ILD ADJUDICATED,1,99542587,zebra_raw,6,769,1,0.7321197611364929,0.0013003901170351106,0.0002295876800841234,0.007328830355107483,0.6644593682619329,0.7922523496135381
NONFIBROTIC ILD ADJUDICATED,1,99542587,zebra_raw,7,770,4,0.8476070525511559,0.005194805194805195,0.0020219574690050306,0.013280219334419372,0.792265339786157,0.9009422577424787
NONFIBROTIC ILD ADJUDICATED,1,99542587,zebra_raw,8,769,1,0.9511501676706159,0.0013003901170351106,0.0002295876800841234,0.007328830355107483,0.9011530019691986,0.9859879776718901
NONFIBROTIC ILD ADJUDICATED,1,99542587,zebra_raw,9,770,9,0.9965537944261966,0.011688311688311689,0.006161243000312308,0.022063477414615715,0.9859988523659691,1.0
NONFIBROTIC ILD ADJUDICATED,1,99542587,zebra_isotonic,0,770,0,0.0,0.0,0.0,0.004964141914221508,0.0,0.0
NONFIBROTIC ILD ADJUDICATED,1,99542587,zebra_isotonic,1,769,0,0.0,0.0,0.0,0.004970565148712315,0.0,0.0
NONFIBROTIC ILD ADJUDICATED,1,99542587,zebra_isotonic,2,770,0,0.0,0.0,0.0,0.004964141914221508,0.0,0.0
NONFIBROTIC ILD ADJUDICATED,1,99542587,zebra_isotonic,3,769,0,0.0,0.0,0.0,0.004970565148712315,0.0,0.0
NONFIBROTIC ILD ADJUDICATED,1,99542587,zebra_isotonic,4,770,0,0.00032471445426942024,0.0,0.0,0.004964141914221508,0.0,0.0026869682042095834
NONFIBROTIC ILD ADJUDICATED,1,99542587,zebra_isotonic,5,769,3,0.002686968204209584,0.0039011703511053317,0.001327618000260774,0.011406505807889416,0.0026869682042095834,0.0026869682042095834
NONFIBROTIC ILD ADJUDICATED,1,99542587,zebra_isotonic,6,769,1,0.002686968204209584,0.0013003901170351106,0.0002295876800841234,0.007328830355107483,0.0026869682042095834,0.0026869682042095834
NONFIBROTIC ILD ADJUDICATED,1,99542587,zebra_isotonic,8,769,2,0.002686968204209584,0.002600780234070221,0.0007135177289523901,0.009432753192718508,0.0026869682042095834,0.0026869682042095834
NONFIBROTIC ILD ADJUDICATED,1,99542587,zebra_isotonic,7,770,3,0.0026869682042095842,0.003896103896103896,0.0013258926936253902,0.011391775387498288,0.0026869682042095834,0.0026869682042095834
NONFIBROTIC ILD ADJUDICATED,1,99542587,zebra_isotonic,9,770,7,0.009648898580461834,0.00909090909090909,0.004410478976495486,0.01864522399383109,0.0026869682042095834,0.03076923076923077
NONFIBROTIC ILD ADJUDICATED,1,99542587,genomic_raw,0,770,4,3.424787633115388e-07,0.005194805194805195,0.0020219574690050306,0.013280219334419372,4.080861694224521e-08,6.646648683793659e-07
NONFIBROTIC ILD ADJUDICATED,1,99542587,genomic_raw,1,769,3,2.216730876961894e-06,0.0039011703511053317,0.001327618000260774,0.011406505807889416,6.651295336945975e-07,4.7365826693161316e-06
NONFIBROTIC ILD ADJUDICATED,1,99542587,genomic_raw,2,770,0,7.592572965326075e-06,0.0,0.0,0.004964141914221508,4.73856260936222e-06,1.0497801598880922e-05
NONFIBROTIC ILD ADJUDICATED,1,99542587,genomic_raw,3,769,1,1.3367277496516111e-05,0.0013003901170351106,0.0002295876800841234,0.007328830355107483,1.0498366464792521e-05,1.6028641543549116e-05
NONFIBROTIC ILD ADJUDICATED,1,99542587,genomic_raw,4,770,1,1.8704564641080232e-05,0.0012987012987012987,0.00022928946639889794,0.007319361170123334,1.602992837559685e-05,2.155702982243623e-05
NONFIBROTIC ILD ADJUDICATED,1,99542587,genomic_raw,5,769,0,2.482543444608176e-05,0.0,0.0,0.004970565148712315,2.1568021506723588e-05,2.834917072085637e-05
NONFIBROTIC ILD ADJUDICATED,1,99542587,genomic_raw,6,769,0,3.314817557545328e-05,0.0,0.0,0.004970565148712315,2.8365275840294627e-05,3.8314490883211595e-05
NONFIBROTIC ILD ADJUDICATED,1,99542587,genomic_raw,7,770,1,4.6466547799550254e-05,0.0012987012987012987,0.00022928946639889794,0.007319361170123334,3.831638409329833e-05,5.672993043149109e-05
NONFIBROTIC ILD ADJUDICATED,1,99542587,genomic_raw,8,769,3,7.717508389797755e-05,0.0039011703511053317,0.001327618000260774,0.011406505807889416,5.679621128198975e-05,0.0001300739817241265
NONFIBROTIC ILD ADJUDICATED,1,99542587,genomic_raw,9,770,3,0.2693717036089757,0.003896103896103896,0.0013258926936253902,0.011391775387498288,0.00013071379211822542,0.9999966538390044
NONFIBROTIC ILD ADJUDICATED,1,99542587,genomic_isotonic,0,770,1,0.002026049204052098,0.0012987012987012987,0.00022928946639889794,0.007319361170123334,0.0020260492040520984,0.0020260492040520984
NONFIBROTIC ILD ADJUDICATED,1,99542587,genomic_isotonic,1,769,3,0.002026049204052098,0.0039011703511053317,0.001327618000260774,0.011406505807889416,0.0020260492040520984,0.0020260492040520984
NONFIBROTIC ILD ADJUDICATED,1,99542587,genomic_isotonic,2,770,1,0.002026049204052098,0.0012987012987012987,0.00022928946639889794,0.007319361170123334,0.0020260492040520984,0.0020260492040520984
NONFIBROTIC ILD ADJUDICATED,1,99542587,genomic_isotonic,3,769,1,0.002026049204052098,0.0013003901170351106,0.0002295876800841234,0.007328830355107483,0.0020260492040520984,0.0020260492040520984
NONFIBROTIC ILD ADJUDICATED,1,99542587,genomic_isotonic,4,770,0,0.002026049204052098,0.0,0.0,0.004964141914221508,0.0020260492040520984,0.0020260492040520984
NONFIBROTIC ILD ADJUDICATED,1,99542587,genomic_isotonic,5,769,3,0.002026049204052098,0.0039011703511053317,0.001327618000260774,0.011406505807889416,0.0020260492040520984,0.0020260492040520984
NONFIBROTIC ILD ADJUDICATED,1,99542587,genomic_isotonic,6,769,2,0.002026049204052098,0.002600780234070221,0.0007135177289523901,0.009432753192718508,0.0020260492040520984,0.0020260492040520984
NONFIBROTIC ILD ADJUDICATED,1,99542587,genomic_isotonic,7,770,2,0.002026049204052098,0.0025974025974025974,0.0007125907061236786,0.009420568652699277,0.0020260492040520984,0.0020260492040520984
NONFIBROTIC ILD ADJUDICATED,1,99542587,genomic_isotonic,8,769,0,0.002026049204052098,0.0,0.0,0.004970565148712315,0.0020260492040520984,0.0020260492040520984
NONFIBROTIC ILD ADJUDICATED,1,99542587,genomic_isotonic,9,770,3,0.002942916298651875,0.003896103896103896,0.0013258926936253902,0.011391775387498288,0.0020260492040520984,0.0029940119760479044
NONFIBROTIC ILD ADJUDICATED,1,99542587,combined_raw,0,770,2,0.0,0.0025974025974025974,0.0007125907061236786,0.009420568652699277,0.0,0.0
NONFIBROTIC ILD ADJUDICATED,1,99542587,combined_raw,1,769,3,0.0,0.0039011703511053317,0.001327618000260774,0.011406505807889416,0.0,0.0
NONFIBROTIC ILD ADJUDICATED,1,99542587,combined_raw,2,770,1,0.0,0.0012987012987012987,0.00022928946639889794,0.007319361170123334,0.0,0.0
NONFIBROTIC ILD ADJUDICATED,1,99542587,combined_raw,3,769,2,0.0,0.002600780234070221,0.0007135177289523901,0.009432753192718508,0.0,0.0
NONFIBROTIC ILD ADJUDICATED,1,99542587,combined_raw,4,770,1,0.0,0.0012987012987012987,0.00022928946639889794,0.007319361170123334,0.0,0.0
NONFIBROTIC ILD ADJUDICATED,1,99542587,combined_raw,5,769,1,2.753072618930025e-263,0.0013003901170351106,0.0002295876800841234,0.007328830355107483,0.0,8.726472833208043e-262
NONFIBROTIC ILD ADJUDICATED,1,99542587,combined_raw,6,769,0,2.0354417703830933e-104,0.0,0.0,0.004970565148712315,8.726472833208043e-262,1.2733441934057256e-101
NONFIBROTIC ILD ADJUDICATED,1,99542587,combined_raw,7,770,2,0.4537481355191023,0.0025974025974025974,0.0007125907061236786,0.009420568652699277,1.5045376940265075e-100,1.0
NONFIBROTIC ILD ADJUDICATED,1,99542587,combined_raw,8,769,1,1.0,0.0013003901170351106,0.0002295876800841234,0.007328830355107483,1.0,1.0
NONFIBROTIC ILD ADJUDICATED,1,99542587,combined_raw,9,770,3,1.0,0.003896103896103896,0.0013258926936253902,0.011391775387498288,1.0,1.0
NONFIBROTIC ILD ADJUDICATED,1,99542587,combined_isotonic,0,770,1,0.0015645954403218595,0.0012987012987012987,0.00022928946639889794,0.007319361170123334,0.0015645954403218597,0.0015645954403218597
NONFIBROTIC ILD ADJUDICATED,1,99542587,combined_isotonic,2,770,2,0.0015645954403218595,0.0025974025974025974,0.0007125907061236786,0.009420568652699277,0.0015645954403218597,0.0015645954403218597
NONFIBROTIC ILD ADJUDICATED,1,99542587,combined_isotonic,4,770,2,0.0015645954403218595,0.0025974025974025974,0.0007125907061236786,0.009420568652699277,0.0015645954403218597,0.0015645954403218597
NONFIBROTIC ILD ADJUDICATED,1,99542587,combined_isotonic,1,769,2,0.0015645954403218597,0.002600780234070221,0.0007135177289523901,0.009432753192718508,0.0015645954403218597,0.0015645954403218597
NONFIBROTIC ILD ADJUDICATED,1,99542587,combined_isotonic,3,769,0,0.0015645954403218597,0.0,0.0,0.004970565148712315,0.0015645954403218597,0.0015645954403218597
NONFIBROTIC ILD ADJUDICATED,1,99542587,combined_isotonic,5,769,2,0.0015645954403218597,0.002600780234070221,0.0007135177289523901,0.009432753192718508,0.0015645954403218597,0.0015645954403218597
NONFIBROTIC ILD ADJUDICATED,1,99542587,combined_isotonic,6,769,2,0.0015645954403218597,0.002600780234070221,0.0007135177289523901,0.009432753192718508,0.0015645954403218597,0.0015645954403218597
NONFIBROTIC ILD ADJUDICATED,1,99542587,combined_isotonic,7,770,1,0.003538785327177364,0.0012987012987012987,0.00022928946639889794,0.007319361170123334,0.0015645954403218597,0.006097560975609756
NONFIBROTIC ILD ADJUDICATED,1,99542587,combined_isotonic,8,769,1,0.006097560975609756,0.0013003901170351106,0.0002295876800841234,0.007328830355107483,0.006097560975609756,0.006097560975609756
NONFIBROTIC ILD ADJUDICATED,1,99542587,combined_isotonic,9,770,3,0.006097560975609756,0.003896103896103896,0.0013258926936253902,0.011391775387498288,0.006097560975609756,0.006097560975609756
NONFIBROTIC ILD ADJUDICATED,2,1829596856,zebra_raw,0,770,0,0.23140020590138938,0.0,0.0,0.004964141914221508,0.11693488945217027,0.26042717504277124
NONFIBROTIC ILD ADJUDICATED,2,1829596856,zebra_raw,1,769,0,0.28440152077180947,0.0,0.0,0.004970565148712315,0.2604377046995854,0.3090578786791906
NONFIBROTIC ILD ADJUDICATED,2,1829596856,zebra_raw,2,770,0,0.3379063365569732,0.0,0.0,0.004964141914221508,0.30909552699282894,0.3700322016853285
NONFIBROTIC ILD ADJUDICATED,2,1829596856,zebra_raw,3,769,0,0.4032086653988177,0.0,0.0,0.004970565148712315,0.37009015641536397,0.4394087318425113
NONFIBROTIC ILD ADJUDICATED,2,1829596856,zebra_raw,4,770,1,0.48214585067146015,0.0012987012987012987,0.00022928946639889794,0.007319361170123334,0.4394601911631294,0.5301965857829811
NONFIBROTIC ILD ADJUDICATED,2,1829596856,zebra_raw,5,769,1,0.591560559364552,0.0013003901170351106,0.0002295876800841234,0.007328830355107483,0.530197779949738,0.6523472730634347
NONFIBROTIC ILD ADJUDICATED,2,1829596856,zebra_raw,6,769,3,0.723349760811496,0.0039011703511053317,0.001327618000260774,0.011406505807889416,0.6524818041461846,0.7896040325912881
NONFIBROTIC ILD ADJUDICATED,2,1829596856,zebra_raw,7,770,2,0.844188259890406,0.0025974025974025974,0.0007125907061236786,0.009420568652699277,0.7896104572464939,0.8986589376850554
NONFIBROTIC ILD ADJUDICATED,2,1829596856,zebra_raw,8,769,0,0.948949029676756,0.0,0.0,0.004970565148712315,0.898678320073587,0.9849074174738573
NONFIBROTIC ILD ADJUDICATED,2,1829596856,zebra_raw,9,770,9,0.9964020524463502,0.011688311688311689,0.006161243000312308,0.022063477414615715,0.984942449866396,1.0
NONFIBROTIC ILD ADJUDICATED,2,1829596856,zebra_isotonic,0,770,0,0.0,0.0,0.0,0.004964141914221508,0.0,0.0
NONFIBROTIC ILD ADJUDICATED,2,1829596856,zebra_isotonic,1,769,0,0.0,0.0,0.0,0.004970565148712315,0.0,0.0
NONFIBROTIC ILD ADJUDICATED,2,1829596856,zebra_isotonic,2,770,0,0.0,0.0,0.0,0.004964141914221508,0.0,0.0
NONFIBROTIC ILD ADJUDICATED,2,1829596856,zebra_isotonic,3,769,1,0.0,0.0013003901170351106,0.0002295876800841234,0.007328830355107483,0.0,0.0
NONFIBROTIC ILD ADJUDICATED,2,1829596856,zebra_isotonic,4,770,0,0.0,0.0,0.0,0.004964141914221508,0.0,0.0
NONFIBROTIC ILD ADJUDICATED,2,1829596856,zebra_isotonic,5,769,0,0.001522115620861374,0.0,0.0,0.004970565148712315,0.0,0.0018433179723502304
NONFIBROTIC ILD ADJUDICATED,2,1829596856,zebra_isotonic,6,769,4,0.001843317972350231,0.005201560468140442,0.0020245891497467933,0.013297387544882687,0.0018433179723502304,0.0018433179723502304
NONFIBROTIC ILD ADJUDICATED,2,1829596856,zebra_isotonic,7,770,2,0.002944253130690744,0.0025974025974025974,0.0007125907061236786,0.009420568652699277,0.0018433179723502304,0.0030864197530864196
NONFIBROTIC ILD ADJUDICATED,2,1829596856,zebra_isotonic,8,769,1,0.0041478504343416215,0.0013003901170351106,0.0002295876800841234,0.007328830355107483,0.0030864197530864196,0.00477326968973747
NONFIBROTIC ILD ADJUDICATED,2,1829596856,zebra_isotonic,9,770,8,0.01092699110279984,0.01038961038961039,0.005273784940225151,0.020366426752402144,0.00477326968973747,0.041666666666666664
NONFIBROTIC ILD ADJUDICATED,2,1829596856,genomic_raw,0,770,1,0.0014762406447544456,0.0012987012987012987,0.00022928946639889794,0.007319361170123334,0.0010009159526512,0.0017765307884092141
NONFIBROTIC ILD ADJUDICATED,2,1829596856,genomic_raw,1,769,0,0.002115306781053534,0.0,0.0,0.004970565148712315,0.0017775294584643907,0.002493470651214344
NONFIBROTIC ILD ADJUDICATED,2,1829596856,genomic_raw,2,770,1,0.0030241372880297226,0.0012987012987012987,0.00022928946639889794,0.007319361170123334,0.0024936161365155594,0.003637418111643409
NONFIBROTIC ILD ADJUDICATED,2,1829596856,genomic_raw,3,769,2,0.004534441682185267,0.002600780234070221,0.0007135177289523901,0.009432753192718508,0.003640483079581635,0.005594788124255324
NONFIBROTIC ILD ADJUDICATED,2,1829596856,genomic_raw,4,770,2,0.006996320710050169,0.0025974025974025974,0.0007125907061236786,0.009420568652699277,0.005599886487574086,0.008591026933791412
NONFIBROTIC ILD ADJUDICATED,2,1829596856,genomic_raw,5,769,0,0.01056960883036499,0.0,0.0,0.004970565148712315,0.00859122200958269,0.012891561077135235
NONFIBROTIC ILD ADJUDICATED,2,1829596856,genomic_raw,6,769,2,0.01606143025209656,0.002600780234070221,0.0007135177289523901,0.009432753192718508,0.012895255798098167,0.019591800680597963
NONFIBROTIC ILD ADJUDICATED,2,1829596856,genomic_raw,7,770,2,0.024689907557542044,0.0025974025974025974,0.0007125907061236786,0.009420568652699277,0.01959699394447782,0.031121733829929304
NONFIBROTIC ILD ADJUDICATED,2,1829596856,genomic_raw,8,769,4,0.04482778186679033,0.005201560468140442,0.0020245891497467933,0.013297387544882687,0.031129884177004467,0.06813492146457956
NONFIBROTIC ILD ADJUDICATED,2,1829596856,genomic_raw,9,770,2,0.1805963985839942,0.0025974025974025974,0.0007125907061236786,0.009420568652699277,0.06822783645045116,0.573531251027308
NONFIBROTIC ILD ADJUDICATED,2,1829596856,genomic_isotonic,0,770,1,0.0,0.0012987012987012987,0.00022928946639889794,0.007319361170123334,0.0,0.0
NONFIBROTIC ILD ADJUDICATED,2,1829596856,genomic_isotonic,1,769,0,0.0,0.0,0.0,0.004970565148712315,0.0,0.0
NONFIBROTIC ILD ADJUDICATED,2,1829596856,genomic_isotonic,2,770,1,0.0,0.0012987012987012987,0.00022928946639889794,0.007319361170123334,0.0,0.0
NONFIBROTIC ILD ADJUDICATED,2,1829596856,genomic_isotonic,3,769,3,0.0007744462741271056,0.0039011703511053317,0.001327618000260774,0.011406505807889416,0.0,0.000855431993156544
NONFIBROTIC ILD ADJUDICATED,2,1829596856,genomic_isotonic,4,770,3,0.0015797996424872709,0.003896103896103896,0.0013258926936253902,0.011391775387498288,0.000855431993156544,0.0026841634357291978
NONFIBROTIC ILD ADJUDICATED,2,1829596856,genomic_isotonic,5,769,2,0.002684163435729198,0.002600780234070221,0.0007135177289523901,0.009432753192718508,0.0026841634357291978,0.0026841634357291978
NONFIBROTIC ILD ADJUDICATED,2,1829596856,genomic_isotonic,6,769,2,0.002684163435729198,0.002600780234070221,0.0007135177289523901,0.009432753192718508,0.0026841634357291978,0.0026841634357291978
NONFIBROTIC ILD ADJUDICATED,2,1829596856,genomic_isotonic,7,770,2,0.002684163435729198,0.0025974025974025974,0.0007125907061236786,0.009420568652699277,0.0026841634357291978,0.0026841634357291978
NONFIBROTIC ILD ADJUDICATED,2,1829596856,genomic_isotonic,8,769,2,0.002684163435729198,0.002600780234070221,0.0007135177289523901,0.009432753192718508,0.0026841634357291978,0.0026841634357291978
NONFIBROTIC ILD ADJUDICATED,2,1829596856,genomic_isotonic,9,770,0,0.006718120214334607,0.0,0.0,0.004964141914221508,0.0026841634357291978,0.03225806451612903
NONFIBROTIC ILD ADJUDICATED,2,1829596856,combined_raw,0,770,0,0.0012952669292187475,0.0,0.0,0.004964141914221508,0.0009083802094096429,0.001385347493511937
NONFIBROTIC ILD ADJUDICATED,2,1829596856,combined_raw,1,769,1,0.001449626328384902,0.0013003901170351106,0.0002295876800841234,0.007328830355107483,0.001385463207442142,0.001511899505951706
NONFIBROTIC ILD ADJUDICATED,2,1829596856,combined_raw,2,770,0,0.001582376373436008,0.0,0.0,0.004964141914221508,0.001511908472467207,0.0016557717618303673
NONFIBROTIC ILD ADJUDICATED,2,1829596856,combined_raw,3,769,1,0.0017284058878704507,0.0013003901170351106,0.0002295876800841234,0.007328830355107483,0.0016560326282617096,0.0018051916529137173
NONFIBROTIC ILD ADJUDICATED,2,1829596856,combined_raw,4,770,1,0.0018909050015541383,0.0012987012987012987,0.00022928946639889794,0.007319361170123334,0.0018053268630794192,0.0019856124111332757
NONFIBROTIC ILD ADJUDICATED,2,1829596856,combined_raw,5,769,1,0.0020981883016789353,0.0013003901170351106,0.0002295876800841234,0.007328830355107483,0.0019860106314006274,0.0022205859349790674
NONFIBROTIC ILD ADJUDICATED,2,1829596856,combined_raw,6,769,0,0.0023654090983497304,0.0,0.0,0.004970565148712315,0.0022217175135158273,0.002530405581019934
NONFIBROTIC ILD ADJUDICATED,2,1829596856,combined_raw,7,770,3,0.002785085850146161,0.003896103896103896,0.0013258926936253902,0.011391775387498288,0.0025310970691227973,0.003103626100834812
NONFIBROTIC ILD ADJUDICATED,2,1829596856,combined_raw,8,769,1,0.003776477953229702,0.0013003901170351106,0.0002295876800841234,0.007328830355107483,0.0031059489050546704,0.005856390917901024
NONFIBROTIC ILD ADJUDICATED,2,1829596856,combined_raw,9,770,8,0.13863827661216307,0.01038961038961039,0.005273784940225151,0.020366426752402144,0.005873214755365154,0.9588690780934451
NONFIBROTIC ILD ADJUDICATED,2,1829596856,combined_isotonic,0,770,1,0.0002507961111716275,0.0012987012987012987,0.00022928946639889794,0.007319361170123334,0.0,0.0015082956259426848
NONFIBROTIC ILD ADJUDICATED,2,1829596856,combined_isotonic,1,769,0,0.0015082956259426848,0.0,0.0,0.004970565148712315,0.0015082956259426848,0.0015082956259426848
NONFIBROTIC ILD ADJUDICATED,2,1829596856,combined_isotonic,2,770,0,0.0015082956259426848,0.0,0.0,0.004964141914221508,0.0015082956259426848,0.0015082956259426848
NONFIBROTIC ILD ADJUDICATED,2,1829596856,combined_isotonic,3,769,2,0.0016802466553915648,0.002600780234070221,0.0007135177289523901,0.009432753192718508,0.0015082956259426848,0.0022182786157941437
NONFIBROTIC ILD ADJUDICATED,2,1829596856,combined_isotonic,5,769,2,0.002218278615794143,0.002600780234070221,0.0007135177289523901,0.009432753192718508,0.0022182786157941437,0.0022182786157941437
NONFIBROTIC ILD ADJUDICATED,2,1829596856,combined_isotonic,6,769,2,0.002218278615794143,0.002600780234070221,0.0007135177289523901,0.009432753192718508,0.0022182786157941437,0.0022182786157941437
NONFIBROTIC ILD ADJUDICATED,2,1829596856,combined_isotonic,8,769,1,0.002218278615794143,0.0013003901170351106,0.0002295876800841234,0.007328830355107483,0.0022182786157941437,0.0022182786157941437
NONFIBROTIC ILD ADJUDICATED,2,1829596856,combined_isotonic,4,770,3,0.0022182786157941433,0.003896103896103896,0.0013258926936253902,0.011391775387498288,0.0022182786157941437,0.0022182786157941437
NONFIBROTIC ILD ADJUDICATED,2,1829596856,combined_isotonic,7,770,2,0.0022182786157941433,0.0025974025974025974,0.0007125907061236786,0.009420568652699277,0.0022182786157941437,0.0022182786157941437
NONFIBROTIC ILD ADJUDICATED,2,1829596856,combined_isotonic,9,770,3,0.008196371997701606,0.003896103896103896,0.0013258926936253902,0.011391775387498288,0.0022182786157941437,0.0196078431372549
NONFIBROTIC ILD ADJUDICATED,3,1547199464,zebra_raw,0,770,0,0.23279770770835181,0.0,0.0,0.004964141914221508,0.11052533634471677,0.2620496868382658
NONFIBROTIC ILD ADJUDICATED,3,1547199464,zebra_raw,1,769,0,0.28732619144668825,0.0,0.0,0.004970565148712315,0.2621058455556229,0.3132357458358274
NONFIBROTIC ILD ADJUDICATED,3,1547199464,zebra_raw,2,770,0,0.3448242956073317,0.0,0.0,0.004964141914221508,0.3132743809294443,0.37914346196716264
NONFIBROTIC ILD ADJUDICATED,3,1547199464,zebra_raw,3,769,0,0.4145550294039911,0.0,0.0,0.004970565148712315,0.3792035019880613,0.45118829024996054
NONFIBROTIC ILD ADJUDICATED,3,1547199464,zebra_raw,4,770,0,0.4960440646232563,0.0,0.0,0.004964141914221508,0.45128316385228096,0.5473800313847698
NONFIBROTIC ILD ADJUDICATED,3,1547199464,zebra_raw,5,769,1,0.6061958014276089,0.0013003901170351106,0.0002295876800841234,0.007328830355107483,0.547389742836921,0.6690035811683993
NONFIBROTIC ILD ADJUDICATED,3,1547199464,zebra_raw,6,769,2,0.7356386671808339,0.002600780234070221,0.0007135177289523901,0.009432753192718508,0.6692037362615175,0.7942411356369743
NONFIBROTIC ILD ADJUDICATED,3,1547199464,zebra_raw,7,770,2,0.8494599964279559,0.0025974025974025974,0.0007125907061236786,0.009420568652699277,0.7944703236813517,0.903207882210036
NONFIBROTIC ILD ADJUDICATED,3,1547199464,zebra_raw,8,769,2,0.951655011469205,0.002600780234070221,0.0007135177289523901,0.009432753192718508,0.9033433217371718,0.9860122135494251
NONFIBROTIC ILD ADJUDICATED,3,1547199464,zebra_raw,9,770,9,0.9966705378925536,0.011688311688311689,0.006161243000312308,0.022063477414615715,0.9860131772949529,1.0
NONFIBROTIC ILD ADJUDICATED,3,1547199464,zebra_isotonic,0,770,0,0.0,0.0,0.0,0.004964141914221508,0.0,0.0
NONFIBROTIC ILD ADJUDICATED,3,1547199464,zebra_isotonic,1,769,0,0.0,0.0,0.0,0.004970565148712315,0.0,0.0
NONFIBROTIC ILD ADJUDICATED,3,1547199464,zebra_isotonic,2,770,0,0.0,0.0,0.0,0.004964141914221508,0.0,0.0
NONFIBROTIC ILD ADJUDICATED,3,1547199464,zebra_isotonic,3,769,0,0.0,0.0,0.0,0.004970565148712315,0.0,0.0
NONFIBROTIC ILD ADJUDICATED,3,1547199464,zebra_isotonic,4,770,1,0.00045279958549689683,0.0012987012987012987,0.00022928946639889794,0.007319361170123334,0.0,0.0026019080659150044
NONFIBROTIC ILD ADJUDICATED,3,1547199464,zebra_isotonic,5,769,3,0.002601908065915004,0.0039011703511053317,0.001327618000260774,0.011406505807889416,0.0026019080659150044,0.0026019080659150044
NONFIBROTIC ILD ADJUDICATED,3,1547199464,zebra_isotonic,6,769,4,0.002601908065915004,0.005201560468140442,0.0020245891497467933,0.013297387544882687,0.0026019080659150044,0.0026019080659150044
NONFIBROTIC ILD ADJUDICATED,3,1547199464,zebra_isotonic,7,770,0,0.002601908065915004,0.0,0.0,0.004964141914221508,0.0026019080659150044,0.0026019080659150044
NONFIBROTIC ILD ADJUDICATED,3,1547199464,zebra_isotonic,8,769,2,0.002601908065915004,0.002600780234070221,0.0007135177289523901,0.009432753192718508,0.0026019080659150044,0.0026019080659150044
NONFIBROTIC ILD ADJUDICATED,3,1547199464,zebra_isotonic,9,770,6,0.01086595239892707,0.007792207792207792,0.0035759904186376326,0.016895203829388215,0.0026019080659150044,0.05555555555555555
NONFIBROTIC ILD ADJUDICATED,3,1547199464,genomic_raw,0,770,0,0.0008849157433065124,0.0,0.0,0.004964141914221508,0.0007297688721464861,0.0009979215358756172
NONFIBROTIC ILD ADJUDICATED,3,1547199464,genomic_raw,1,769,1,0.001093222932293239,0.0013003901170351106,0.0002295876800841234,0.007328830355107483,0.000998342798945154,0.0011910003813462773
NONFIBROTIC ILD ADJUDICATED,3,1547199464,genomic_raw,2,770,0,0.0012972001838212307,0.0,0.0,0.004964141914221508,0.0011910920783223394,0.001409805199965358
NONFIBROTIC ILD ADJUDICATED,3,1547199464,genomic_raw,3,769,1,0.0015323746070945632,0.0013003901170351106,0.0002295876800841234,0.007328830355107483,0.0014098459941343656,0.0016776150347977943
NONFIBROTIC ILD ADJUDICATED,3,1547199464,genomic_raw,4,770,2,0.0018585835481941017,0.0025974025974025974,0.0007125907061236786,0.009420568652699277,0.001678231814948868,0.002062935814786901
NONFIBROTIC ILD ADJUDICATED,3,1547199464,genomic_raw,5,769,4,0.0023206089698814044,0.005201560468140442,0.0020245891497467933,0.013297387544882687,0.002063096345920563,0.0026137818228561746
NONFIBROTIC ILD ADJUDICATED,3,1547199464,genomic_raw,6,769,2,0.0029868383255410615,0.002600780234070221,0.0007135177289523901,0.009432753192718508,0.0026143583382564526,0.003447011674587001
NONFIBROTIC ILD ADJUDICATED,3,1547199464,genomic_raw,7,770,1,0.004148310480637093,0.0012987012987012987,0.00022928946639889794,0.007319361170123334,0.003447640735754356,0.005110251602726182
NONFIBROTIC ILD ADJUDICATED,3,1547199464,genomic_raw,8,769,0,0.01085430733986708,0.0,0.0,0.004970565148712315,0.005111410497200277,0.03222412728029239
NONFIBROTIC ILD ADJUDICATED,3,1547199464,genomic_raw,9,770,5,0.12403364020230842,0.006493506493506494,0.0027767335367897463,0.01510995198893538,0.032335220712169425,0.8468489445037648
NONFIBROTIC ILD ADJUDICATED,3,1547199464,genomic_isotonic,0,770,0,0.0009058970222980382,0.0,0.0,0.004964141914221508,0.0,0.0015503875968992248
NONFIBROTIC ILD ADJUDICATED,3,1547199464,genomic_isotonic,1,769,2,0.0015503875968992248,0.002600780234070221,0.0007135177289523901,0.009432753192718508,0.0015503875968992248,0.0015503875968992248
NONFIBROTIC ILD ADJUDICATED,3,1547199464,genomic_isotonic,2,770,2,0.0015503875968992248,0.0025974025974025974,0.0007125907061236786,0.009420568652699277,0.0015503875968992248,0.0015503875968992248
NONFIBROTIC ILD ADJUDICATED,3,1547199464,genomic_isotonic,3,769,0,0.0015503875968992248,0.0,0.0,0.004970565148712315,0.0015503875968992248,0.0015503875968992248
NONFIBROTIC ILD ADJUDICATED,3,1547199464,genomic_isotonic,4,770,0,0.0015503875968992248,0.0,0.0,0.004964141914221508,0.0015503875968992248,0.0015503875968992248
NONFIBROTIC ILD ADJUDICATED,3,1547199464,genomic_isotonic,5,769,4,0.0016818641985935957,0.005201560468140442,0.0020245891497467933,0.013297387544882687,0.0015503875968992248,0.0019193857965451055
NONFIBROTIC ILD ADJUDICATED,3,1547199464,genomic_isotonic,6,769,2,0.002170180804721263,0.002600780234070221,0.0007135177289523901,0.009432753192718508,0.0019193857965451055,0.003205128205128205
NONFIBROTIC ILD ADJUDICATED,3,1547199464,genomic_isotonic,7,770,2,0.003254800136760048,0.0025974025974025974,0.0007125907061236786,0.009420568652699277,0.003205128205128205,0.0033407572383073497
NONFIBROTIC ILD ADJUDICATED,3,1547199464,genomic_isotonic,8,769,0,0.00334075723830735,0.0,0.0,0.004970565148712315,0.0033407572383073497,0.0033407572383073497
NONFIBROTIC ILD ADJUDICATED,3,1547199464,genomic_isotonic,9,770,4,0.004638536086197556,0.005194805194805195,0.0020219574690050306,0.013280219334419372,0.0033407572383073497,0.005405405405405406
NONFIBROTIC ILD ADJUDICATED,3,1547199464,combined_raw,0,770,1,1.2890658539145186e-07,0.0012987012987012987,0.00022928946639889794,0.007319361170123334,1.764826195851552e-08,2.2216124393186992e-07
NONFIBROTIC ILD ADJUDICATED,3,1547199464,combined_raw,1,769,1,3.120556320776994e-07,0.0013003901170351106,0.0002295876800841234,0.007328830355107483,2.2225331809119412e-07,4.1089833566884056e-07
NONFIBROTIC ILD ADJUDICATED,3,1547199464,combined_raw,2,770,1,5.376146995138242e-07,0.0012987012987012987,0.00022928946639889794,0.007319361170123334,4.119781859071282e-07,6.801441312410503e-07
NONFIBROTIC ILD ADJUDICATED,3,1547199464,combined_raw,3,769,1,8.534477692704221e-07,0.0013003901170351106,0.0002295876800841234,0.007328830355107483,6.812469943478867e-07,1.0666201751881429e-06
NONFIBROTIC ILD ADJUDICATED,3,1547199464,combined_raw,4,770,0,1.358462903307088e-06,0.0,0.0,0.004964141914221508,1.0677577307303778e-06,1.713511138761003e-06
NONFIBROTIC ILD ADJUDICATED,3,1547199464,combined_raw,5,769,0,2.210850804794322e-06,0.0,0.0,0.004970565148712315,1.7171581646961073e-06,2.8033684123240637e-06
NONFIBROTIC ILD ADJUDICATED,3,1547199464,combined_raw,6,769,1,3.9304095521855566e-06,0.0013003901170351106,0.0002295876800841234,0.007328830355107483,2.804901781817109e-06,5.392915840144895e-06
NONFIBROTIC ILD ADJUDICATED,3,1547199464,combined_raw,7,770,3,8.674121002618028e-06,0.003896103896103896,0.0013258926936253902,0.011391775387498288,5.410874623643016e-06,1.4329777608208154e-05
NONFIBROTIC ILD ADJUDICATED,3,1547199464,combined_raw,8,769,5,0.00018231629073911442,0.006501950585175552,0.002780348414515579,0.015129481166593194,1.4348315371789453e-05,0.0011513020566102433
NONFIBROTIC ILD ADJUDICATED,3,1547199464,combined_raw,9,770,3,0.024502367972204404,0.003896103896103896,0.0013258926936253902,0.011391775387498288,0.0011635828047615129,0.6669872847400342
NONFIBROTIC ILD ADJUDICATED,3,1547199464,combined_isotonic,0,770,1,0.0,0.0012987012987012987,0.00022928946639889794,0.007319361170123334,0.0,0.0
NONFIBROTIC ILD ADJUDICATED,3,1547199464,combined_isotonic,1,769,0,0.0,0.0,0.0,0.004970565148712315,0.0,0.0
NONFIBROTIC ILD ADJUDICATED,3,1547199464,combined_isotonic,2,770,2,0.0,0.0025974025974025974,0.0007125907061236786,0.009420568652699277,0.0,0.0
NONFIBROTIC ILD ADJUDICATED,3,1547199464,combined_isotonic,3,769,0,0.0,0.0,0.0,0.004970565148712315,0.0,0.0
NONFIBROTIC ILD ADJUDICATED,3,1547199464,combined_isotonic,4,770,0,0.0,0.0,0.0,0.004964141914221508,0.0,0.0
NONFIBROTIC ILD ADJUDICATED,3,1547199464,combined_isotonic,5,769,1,0.0,0.0013003901170351106,0.0002295876800841234,0.007328830355107483,0.0,0.0
NONFIBROTIC ILD ADJUDICATED,3,1547199464,combined_isotonic,6,769,3,0.0023902933591941995,0.0039011703511053317,0.001327618000260774,0.011406505807889416,0.0,0.002542372881355932
NONFIBROTIC ILD ADJUDICATED,3,1547199464,combined_isotonic,7,770,0,0.0025423728813559325,0.0,0.0,0.004964141914221508,0.002542372881355932,0.002542372881355932
NONFIBROTIC ILD ADJUDICATED,3,1547199464,combined_isotonic,8,769,5,0.003067534005814758,0.006501950585175552,0.002780348414515579,0.015129481166593194,0.002542372881355932,0.003925417075564278
NONFIBROTIC ILD ADJUDICATED,3,1547199464,combined_isotonic,9,770,4,0.005517391778432012,0.005194805194805195,0.0020219574690050306,0.013280219334419372,0.003925417075564278,0.018518518518518517
NONFIBROTIC ILD ADJUDICATED,4,1321510800,zebra_raw,0,770,0,0.23348188827565494,0.0,0.0,0.004964141914221508,0.11693488945217027,0.2621058455556229
NONFIBROTIC ILD ADJUDICATED,4,1321510800,zebra_raw,1,769,0,0.2870804228536834,0.0,0.0,0.004970565148712315,0.26219562135835695,0.31247807889891516
NONFIBROTIC ILD ADJUDICATED,4,1321510800,zebra_raw,2,770,0,0.3431257237456406,0.0,0.0,0.004964141914221508,0.31251658157875567,0.37631015251636496
NONFIBROTIC ILD ADJUDICATED,4,1321510800,zebra_raw,3,769,0,0.41043024000129674,0.0,0.0,0.004970565148712315,0.3764296412545548,0.44672848628970596
NONFIBROTIC ILD ADJUDICATED,4,1321510800,zebra_raw,4,770,0,0.4927068053733519,0.0,0.0,0.004964141914221508,0.4467701350760617,0.5431483003360806
NONFIBROTIC ILD ADJUDICATED,4,1321510800,zebra_raw,5,769,2,0.6037567548516096,0.002600780234070221,0.0007135177289523901,0.009432753192718508,0.5431945930178149,0.6681014606204488
NONFIBROTIC ILD ADJUDICATED,4,1321510800,zebra_raw,6,769,2,0.7335450853883697,0.002600780234070221,0.0007135177289523901,0.009432753192718508,0.6684634110766353,0.7934061048039297
NONFIBROTIC ILD ADJUDICATED,4,1321510800,zebra_raw,7,770,3,0.8493741013472951,0.003896103896103896,0.0013258926936253902,0.011391775387498288,0.7934919360090515,0.9026412280438324
NONFIBROTIC ILD ADJUDICATED,4,1321510800,zebra_raw,8,769,2,0.9516578818408605,0.002600780234070221,0.0007135177289523901,0.009432753192718508,0.9029687037824873,0.9856268735103083
NONFIBROTIC ILD ADJUDICATED,4,1321510800,zebra_raw,9,770,7,0.9963792943416668,0.00909090909090909,0.004410478976495486,0.01864522399383109,0.9856534127598661,1.0
NONFIBROTIC ILD ADJUDICATED,4,1321510800,zebra_isotonic,0,770,0,0.0,0.0,0.0,0.004964141914221508,0.0,0.0
NONFIBROTIC ILD ADJUDICATED,4,1321510800,zebra_isotonic,1,769,0,0.0,0.0,0.0,0.004970565148712315,0.0,0.0
NONFIBROTIC ILD ADJUDICATED,4,1321510800,zebra_isotonic,2,770,0,0.0,0.0,0.0,0.004964141914221508,0.0,0.0
NONFIBROTIC ILD ADJUDICATED,4,1321510800,zebra_isotonic,3,769,0,0.0,0.0,0.0,0.004970565148712315,0.0,0.0
NONFIBROTIC ILD ADJUDICATED,4,1321510800,zebra_isotonic,4,770,0,0.00026840233510031544,0.0,0.0,0.004964141914221508,0.0,0.0018788163457022077
NONFIBROTIC ILD ADJUDICATED,4,1321510800,zebra_isotonic,5,769,4,0.0018788163457022081,0.005201560468140442,0.0020245891497467933,0.013297387544882687,0.0018788163457022077,0.0018788163457022077
NONFIBROTIC ILD ADJUDICATED,4,1321510800,zebra_isotonic,6,769,3,0.0018788163457022081,0.0039011703511053317,0.001327618000260774,0.011406505807889416,0.0018788163457022077,0.0018788163457022077
NONFIBROTIC ILD ADJUDICATED,4,1321510800,zebra_isotonic,7,770,2,0.0018788163457022081,0.0025974025974025974,0.0007125907061236786,0.009420568652699277,0.0018788163457022077,0.0018788163457022077
NONFIBROTIC ILD ADJUDICATED,4,1321510800,zebra_isotonic,8,769,0,0.0018788163457022081,0.0,0.0,0.004970565148712315,0.0018788163457022077,0.0018788163457022077
NONFIBROTIC ILD ADJUDICATED,4,1321510800,zebra_isotonic,9,770,7,0.012385335729723243,0.00909090909090909,0.004410478976495486,0.01864522399383109,0.0018788163457022077,0.0379746835443038
NONFIBROTIC ILD ADJUDICATED,4,1321510800,genomic_raw,0,770,0,0.0,0.0,0.0,0.004964141914221508,0.0,0.0
NONFIBROTIC ILD ADJUDICATED,4,1321510800,genomic_raw,1,769,1,0.0,0.0013003901170351106,0.0002295876800841234,0.007328830355107483,0.0,0.0
NONFIBROTIC ILD ADJUDICATED,4,1321510800,genomic_raw,2,770,3,0.0,0.003896103896103896,0.0013258926936253902,0.011391775387498288,0.0,0.0
NONFIBROTIC ILD ADJUDICATED,4,1321510800,genomic_raw,3,769,2,0.0,0.002600780234070221,0.0007135177289523901,0.009432753192718508,0.0,0.0
NONFIBROTIC ILD ADJUDICATED,4,1321510800,genomic_raw,4,770,4,0.0,0.005194805194805195,0.0020219574690050306,0.013280219334419372,0.0,0.0
NONFIBROTIC ILD ADJUDICATED,4,1321510800,genomic_raw,5,769,3,0.0,0.0039011703511053317,0.001327618000260774,0.011406505807889416,0.0,0.0
NONFIBROTIC ILD ADJUDICATED,4,1321510800,genomic_raw,6,769,0,0.0,0.0,0.0,0.004970565148712315,0.0,0.0
NONFIBROTIC ILD ADJUDICATED,4,1321510800,genomic_raw,7,770,0,0.0,0.0,0.0,0.004964141914221508,0.0,0.0
NONFIBROTIC ILD ADJUDICATED,4,1321510800,genomic_raw,8,769,2,0.31866682116111145,0.002600780234070221,0.0007135177289523901,0.009432753192718508,0.0,1.0
NONFIBROTIC ILD ADJUDICATED,4,1321510800,genomic_raw,9,770,1,1.0,0.0012987012987012987,0.00022928946639889794,0.007319361170123334,1.0,1.0
NONFIBROTIC ILD ADJUDICATED,4,1321510800,genomic_isotonic,0,770,0,0.0018501387604070302,0.0,0.0,0.004964141914221508,0.0018501387604070306,0.0018501387604070306
NONFIBROTIC ILD ADJUDICATED,4,1321510800,genomic_isotonic,2,770,3,0.0018501387604070302,0.003896103896103896,0.0013258926936253902,0.011391775387498288,0.0018501387604070306,0.0018501387604070306
NONFIBROTIC ILD ADJUDICATED,4,1321510800,genomic_isotonic,4,770,4,0.0018501387604070302,0.005194805194805195,0.0020219574690050306,0.013280219334419372,0.0018501387604070306,0.0018501387604070306
NONFIBROTIC ILD ADJUDICATED,4,1321510800,genomic_isotonic,7,770,0,0.0018501387604070302,0.0,0.0,0.004964141914221508,0.0018501387604070306,0.0018501387604070306
NONFIBROTIC ILD ADJUDICATED,4,1321510800,genomic_isotonic,1,769,1,0.0018501387604070306,0.0013003901170351106,0.0002295876800841234,0.007328830355107483,0.0018501387604070306,0.0018501387604070306
NONFIBROTIC ILD ADJUDICATED,4,1321510800,genomic_isotonic,3,769,2,0.0018501387604070306,0.002600780234070221,0.0007135177289523901,0.009432753192718508,0.0018501387604070306,0.0018501387604070306
NONFIBROTIC ILD ADJUDICATED,4,1321510800,genomic_isotonic,5,769,4,0.0018501387604070306,0.005201560468140442,0.0020245891497467933,0.013297387544882687,0.0018501387604070306,0.0018501387604070306
NONFIBROTIC ILD ADJUDICATED,4,1321510800,genomic_isotonic,6,769,0,0.0018501387604070306,0.0,0.0,0.004970565148712315,0.0018501387604070306,0.0018501387604070306
NONFIBROTIC ILD ADJUDICATED,4,1321510800,genomic_isotonic,8,769,1,0.0020985691470199034,0.0013003901170351106,0.0002295876800841234,0.007328830355107483,0.0018501387604070306,0.002649708532061473
NONFIBROTIC ILD ADJUDICATED,4,1321510800,genomic_isotonic,9,770,1,0.0026497085320614728,0.0012987012987012987,0.00022928946639889794,0.007319361170123334,0.002649708532061473,0.002649708532061473
NONFIBROTIC ILD ADJUDICATED,4,1321510800,combined_raw,0,770,0,0.0028976486868394365,0.0,0.0,0.004964141914221508,0.0014610821956109804,0.0035202366248003863
NONFIBROTIC ILD ADJUDICATED,4,1321510800,combined_raw,1,769,0,0.003983715209344925,0.0,0.0,0.004970565148712315,0.0035249161849663967,0.004440333074518804
NONFIBROTIC ILD ADJUDICATED,4,1321510800,combined_raw,2,770,0,0.004866512931584612,0.0,0.0,0.004964141914221508,0.004441499535386387,0.005316501818385196
NONFIBROTIC ILD ADJUDICATED,4,1321510800,combined_raw,3,769,3,0.005810934327899513,0.0039011703511053317,0.001327618000260774,0.011406505807889416,0.005317355475416523,0.006344124822637389
NONFIBROTIC ILD ADJUDICATED,4,1321510800,combined_raw,4,770,0,0.006997622530472702,0.0,0.0,0.004964141914221508,0.006344749470595608,0.007682025652270135
NONFIBROTIC ILD ADJUDICATED,4,1321510800,combined_raw,5,769,1,0.00853340256259214,0.0013003901170351106,0.0002295876800841234,0.007328830355107483,0.0076832335701198795,0.009622792868247248
NONFIBROTIC ILD ADJUDICATED,4,1321510800,combined_raw,6,769,1,0.011363005896020682,0.0013003901170351106,0.0002295876800841234,0.007328830355107483,0.009626828407273264,0.013676689732731348
NONFIBROTIC ILD ADJUDICATED,4,1321510800,combined_raw,7,770,3,0.028265999013576674,0.003896103896103896,0.0013258926936253902,0.011391775387498288,0.013688172490146679,0.05052391234144056
NONFIBROTIC ILD ADJUDICATED,4,1321510800,combined_raw,8,769,3,0.06792444954323347,0.0039011703511053317,0.001327618000260774,0.011406505807889416,0.05054361214027679,0.08767909705293628
NONFIBROTIC ILD ADJUDICATED,4,1321510800,combined_raw,9,770,5,0.1344655928461089,0.006493506493506494,0.0027767335367897463,0.01510995198893538,0.08771517035133379,0.3652640085362584
NONFIBROTIC ILD ADJUDICATED,4,1321510800,combined_isotonic,0,770,0,0.0,0.0,0.0,0.004964141914221508,0.0,0.0
NONFIBROTIC ILD ADJUDICATED,4,1321510800,combined_isotonic,1,769,0,0.0010635822888731543,0.0,0.0,0.004970565148712315,0.0,0.001554243083618278
NONFIBROTIC ILD ADJUDICATED,4,1321510800,combined_isotonic,2,770,1,0.0015542430836182777,0.0012987012987012987,0.00022928946639889794,0.007319361170123334,0.001554243083618278,0.001554243083618278
NONFIBROTIC ILD ADJUDICATED,4,1321510800,combined_isotonic,4,770,1,0.0015542430836182777,0.0012987012987012987,0.00022928946639889794,0.007319361170123334,0.001554243083618278,0.001554243083618278
NONFIBROTIC ILD ADJUDICATED,4,1321510800,combined_isotonic,3,769,2,0.001554243083618278,0.002600780234070221,0.0007135177289523901,0.009432753192718508,0.001554243083618278,0.001554243083618278
NONFIBROTIC ILD ADJUDICATED,4,1321510800,combined_isotonic,5,769,1,0.001554243083618278,0.0013003901170351106,0.0002295876800841234,0.007328830355107483,0.001554243083618278,0.001554243083618278
NONFIBROTIC ILD ADJUDICATED,4,1321510800,combined_isotonic,6,769,0,0.001554243083618278,0.0,0.0,0.004970565148712315,0.001554243083618278,0.001554243083618278
NONFIBROTIC ILD ADJUDICATED,4,1321510800,combined_isotonic,7,770,0,0.0019393385343898872,0.0,0.0,0.004964141914221508,0.001554243083618278,0.0027662517289073307
NONFIBROTIC ILD ADJUDICATED,4,1321510800,combined_isotonic,8,769,6,0.0027662517289073307,0.007802340702210663,0.003580646807040671,0.016917035660547395,0.0027662517289073307,0.0027662517289073307
NONFIBROTIC ILD ADJUDICATED,4,1321510800,combined_isotonic,9,770,5,0.00849723299642279,0.006493506493506494,0.0027767335367897463,0.01510995198893538,0.0027662517289073307,0.012987012987012988
NONFIBROTIC ILD ADJUDICATED,5,2010571492,zebra_raw,0,770,0,0.2336757017457299,0.0,0.0,0.004964141914221508,0.11052533634471677,0.2621058455556229
NONFIBROTIC ILD ADJUDICATED,5,2010571492,zebra_raw,1,769,0,0.2864124508405459,0.0,0.0,0.004970565148712315,0.2621427438396359,0.31156992200982825
NONFIBROTIC ILD ADJUDICATED,5,2010571492,zebra_raw,2,770,0,0.34393559137772767,0.0,0.0,0.004964141914221508,0.3116116309673158,0.3771495928919676
NONFIBROTIC ILD ADJUDICATED,5,2010571492,zebra_raw,3,769,0,0.41144844449027074,0.0,0.0,0.004970565148712315,0.37718670117353315,0.4477151358421824
NONFIBROTIC ILD ADJUDICATED,5,2010571492,zebra_raw,4,770,0,0.49354670029617054,0.0,0.0,0.004964141914221508,0.44782601534663025,0.5463133895417694
NONFIBROTIC ILD ADJUDICATED,5,2010571492,zebra_raw,5,769,2,0.6075011116655369,0.002600780234070221,0.0007135177289523901,0.009432753192718508,0.5463347825588131,0.6703025118052282
NONFIBROTIC ILD ADJUDICATED,5,2010571492,zebra_raw,6,769,2,0.7347308082224768,0.002600780234070221,0.0007135177289523901,0.009432753192718508,0.6704488006158001,0.7914027917352122
NONFIBROTIC ILD ADJUDICATED,5,2010571492,zebra_raw,7,770,0,0.8464196238316419,0.0,0.0,0.004964141914221508,0.7914864280637494,0.8996813766473817
NONFIBROTIC ILD ADJUDICATED,5,2010571492,zebra_raw,8,769,1,0.949554545182692,0.0013003901170351106,0.0002295876800841234,0.007328830355107483,0.8998162513949661,0.9851117929724045
NONFIBROTIC ILD ADJUDICATED,5,2010571492,zebra_raw,9,770,11,0.9963977985802714,0.014285714285714285,0.007995323688185082,0.025398414171344384,0.9851800129514333,1.0
NONFIBROTIC ILD ADJUDICATED,5,2010571492,zebra_isotonic,0,770,0,0.0,0.0,0.0,0.004964141914221508,0.0,0.0
NONFIBROTIC ILD ADJUDICATED,5,2010571492,zebra_isotonic,1,769,0,0.0,0.0,0.0,0.004970565148712315,0.0,0.0
NONFIBROTIC ILD ADJUDICATED,5,2010571492,zebra_isotonic,2,770,0,0.0,0.0,0.0,0.004964141914221508,0.0,0.0
NONFIBROTIC ILD ADJUDICATED,5,2010571492,zebra_isotonic,3,769,0,0.0,0.0,0.0,0.004970565148712315,0.0,0.0
NONFIBROTIC ILD ADJUDICATED,5,2010571492,zebra_isotonic,4,770,0,0.0003246753246753247,0.0,0.0,0.004964141914221508,0.0,0.0020833333333333333
NONFIBROTIC ILD ADJUDICATED,5,2010571492,zebra_isotonic,5,769,3,0.0020833333333333333,0.0039011703511053317,0.001327618000260774,0.011406505807889416,0.0020833333333333333,0.0020833333333333333
NONFIBROTIC ILD ADJUDICATED,5,2010571492,zebra_isotonic,6,769,1,0.002622648189624967,0.0013003901170351106,0.0002295876800841234,0.007328830355107483,0.0020833333333333333,0.004106776180698152
NONFIBROTIC ILD ADJUDICATED,5,2010571492,zebra_isotonic,7,770,4,0.004106776180698151,0.005194805194805195,0.0020219574690050306,0.013280219334419372,0.004106776180698152,0.004106776180698152
NONFIBROTIC ILD ADJUDICATED,5,2010571492,zebra_isotonic,8,769,3,0.004106776180698151,0.0039011703511053317,0.001327618000260774,0.011406505807889416,0.004106776180698152,0.004106776180698152
NONFIBROTIC ILD ADJUDICATED,5,2010571492,zebra_isotonic,9,770,5,0.008321037060516729,0.006493506493506494,0.0027767335367897463,0.01510995198893538,0.004106776180698152,0.03773584905660377
NONFIBROTIC ILD ADJUDICATED,5,2010571492,genomic_raw,0,770,1,8.567528705207488e-05,0.0012987012987012987,0.00022928946639889794,0.007319361170123334,5.416347937439376e-05,0.0001045356183363018
NONFIBROTIC ILD ADJUDICATED,5,2010571492,genomic_raw,1,769,5,0.00012427211744433286,0.006501950585175552,0.002780348414515579,0.015129481166593194,0.00010454846622727348,0.00014765416801861006
NONFIBROTIC ILD ADJUDICATED,5,2010571492,genomic_raw,2,770,2,0.00017229432752885845,0.0025974025974025974,0.0007125907061236786,0.009420568652699277,0.00014768236341068932,0.0002007794700647724
NONFIBROTIC ILD ADJUDICATED,5,2010571492,genomic_raw,3,769,1,0.0002386500580638679,0.0013003901170351106,0.0002295876800841234,0.007328830355107483,0.00020081221267929228,0.0002829894555465581
NONFIBROTIC ILD ADJUDICATED,5,2010571492,genomic_raw,4,770,1,0.00034002202575367593,0.0012987012987012987,0.00022928946639889794,0.007319361170123334,0.0002830273336864544,0.00040365651999999295
NONFIBROTIC ILD ADJUDICATED,5,2010571492,genomic_raw,5,769,0,0.0005027895313001795,0.0,0.0,0.004970565148712315,0.0004043629535544668,0.0006245289396828396
NONFIBROTIC ILD ADJUDICATED,5,2010571492,genomic_raw,6,769,1,0.0008499235745829098,0.0013003901170351106,0.0002295876800841234,0.007328830355107483,0.0006249127917862317,0.001229984522371328
NONFIBROTIC ILD ADJUDICATED,5,2010571492,genomic_raw,7,770,1,0.03396459992454726,0.0012987012987012987,0.00022928946639889794,0.007319361170123334,0.001230574873220167,0.07914003137726515
NONFIBROTIC ILD ADJUDICATED,5,2010571492,genomic_raw,8,769,1,0.1107582139816994,0.0013003901170351106,0.0002295876800841234,0.007328830355107483,0.07924181592602836,0.15170228412049722
NONFIBROTIC ILD ADJUDICATED,5,2010571492,genomic_raw,9,770,3,0.27750689107873683,0.003896103896103896,0.0013258926936253902,0.011391775387498288,0.15190986702389972,0.721734135714077
NONFIBROTIC ILD ADJUDICATED,5,2010571492,genomic_isotonic,0,770,3,0.0021399457871188353,0.003896103896103896,0.0013258926936253902,0.011391775387498288,0.002070393374741201,0.0021413276231263384
NONFIBROTIC ILD ADJUDICATED,5,2010571492,genomic_isotonic,1,769,3,0.0022129880820220037,0.0039011703511053317,0.001327618000260774,0.011406505807889416,0.0021413276231263384,0.002904162633107454
NONFIBROTIC ILD ADJUDICATED,5,2010571492,genomic_isotonic,2,770,1,0.002904162633107454,0.0012987012987012987,0.00022928946639889794,0.007319361170123334,0.002904162633107454,0.002904162633107454
NONFIBROTIC ILD ADJUDICATED,5,2010571492,genomic_isotonic,3,769,2,0.002904162633107454,0.002600780234070221,0.0007135177289523901,0.009432753192718508,0.002904162633107454,0.002904162633107454
NONFIBROTIC ILD ADJUDICATED,5,2010571492,genomic_isotonic,4,770,1,0.002904162633107454,0.0012987012987012987,0.00022928946639889794,0.007319361170123334,0.002904162633107454,0.002904162633107454
NONFIBROTIC ILD ADJUDICATED,5,2010571492,genomic_isotonic,5,769,1,0.002904162633107454,0.0013003901170351106,0.0002295876800841234,0.007328830355107483,0.002904162633107454,0.002904162633107454
NONFIBROTIC ILD ADJUDICATED,5,2010571492,genomic_isotonic,6,769,0,0.002904162633107454,0.0,0.0,0.004970565148712315,0.002904162633107454,0.002904162633107454
NONFIBROTIC ILD ADJUDICATED,5,2010571492,genomic_isotonic,7,770,2,0.0033580465626769527,0.0025974025974025974,0.0007125907061236786,0.009420568652699277,0.002904162633107454,0.003663003663003663
NONFIBROTIC ILD ADJUDICATED,5,2010571492,genomic_isotonic,8,769,2,0.0036630036630036634,0.002600780234070221,0.0007135177289523901,0.009432753192718508,0.003663003663003663,0.003663003663003663
NONFIBROTIC ILD ADJUDICATED,5,2010571492,genomic_isotonic,9,770,1,0.004342236583142269,0.0012987012987012987,0.00022928946639889794,0.007319361170123334,0.003663003663003663,0.007352941176470588
NONFIBROTIC ILD ADJUDICATED,5,2010571492,combined_raw,0,770,1,0.0,0.0012987012987012987,0.00022928946639889794,0.007319361170123334,0.0,0.0
NONFIBROTIC ILD ADJUDICATED,5,2010571492,combined_raw,1,769,3,0.0,0.0039011703511053317,0.001327618000260774,0.011406505807889416,0.0,0.0
NONFIBROTIC ILD ADJUDICATED,5,2010571492,combined_raw,2,770,2,0.0,0.0025974025974025974,0.0007125907061236786,0.009420568652699277,0.0,0.0
NONFIBROTIC ILD ADJUDICATED,5,2010571492,combined_raw,3,769,3,0.0,0.0039011703511053317,0.001327618000260774,0.011406505807889416,0.0,0.0
NONFIBROTIC ILD ADJUDICATED,5,2010571492,combined_raw,4,770,0,0.0,0.0,0.0,0.004964141914221508,0.0,0.0
NONFIBROTIC ILD ADJUDICATED,5,2010571492,combined_raw,5,769,2,0.0,0.002600780234070221,0.0007135177289523901,0.009432753192718508,0.0,0.0
NONFIBROTIC ILD ADJUDICATED,5,2010571492,combined_raw,6,769,0,0.0,0.0,0.0,0.004970565148712315,0.0,0.0
NONFIBROTIC ILD ADJUDICATED,5,2010571492,combined_raw,7,770,1,0.0,0.0012987012987012987,0.00022928946639889794,0.007319361170123334,0.0,0.0
NONFIBROTIC ILD ADJUDICATED,5,2010571492,combined_raw,8,769,2,1.4952310478226714e-260,0.002600780234070221,0.0007135177289523901,0.009432753192718508,0.0,5.7340567067188305e-258
NONFIBROTIC ILD ADJUDICATED,5,2010571492,combined_raw,9,770,2,0.17816071212007994,0.0025974025974025974,0.0007125907061236786,0.009420568652699277,1.3785298411093935e-257,1.0
NONFIBROTIC ILD ADJUDICATED,5,2010571492,combined_isotonic,0,770,1,0.0018785222291797115,0.0012987012987012987,0.00022928946639889794,0.007319361170123334,0.001878522229179712,0.001878522229179712
NONFIBROTIC ILD ADJUDICATED,5,2010571492,combined_isotonic,1,769,3,0.0018785222291797115,0.0039011703511053317,0.001327618000260774,0.011406505807889416,0.001878522229179712,0.001878522229179712
NONFIBROTIC ILD ADJUDICATED,5,2010571492,combined_isotonic,2,770,1,0.0018785222291797115,0.0012987012987012987,0.00022928946639889794,0.007319361170123334,0.001878522229179712,0.001878522229179712
NONFIBROTIC ILD ADJUDICATED,5,2010571492,combined_isotonic,3,769,2,0.0018785222291797115,0.002600780234070221,0.0007135177289523901,0.009432753192718508,0.001878522229179712,0.001878522229179712
NONFIBROTIC ILD ADJUDICATED,5,2010571492,combined_isotonic,4,770,2,0.0018785222291797115,0.0025974025974025974,0.0007125907061236786,0.009420568652699277,0.001878522229179712,0.001878522229179712
NONFIBROTIC ILD ADJUDICATED,5,2010571492,combined_isotonic,5,769,1,0.0018785222291797115,0.0013003901170351106,0.0002295876800841234,0.007328830355107483,0.001878522229179712,0.001878522229179712
NONFIBROTIC ILD ADJUDICATED,5,2010571492,combined_isotonic,6,769,1,0.0018785222291797115,0.0013003901170351106,0.0002295876800841234,0.007328830355107483,0.001878522229179712,0.001878522229179712
NONFIBROTIC ILD ADJUDICATED,5,2010571492,combined_isotonic,7,770,0,0.0018785222291797115,0.0,0.0,0.004964141914221508,0.001878522229179712,0.001878522229179712
NONFIBROTIC ILD ADJUDICATED,5,2010571492,combined_isotonic,8,769,1,0.0018785222291797115,0.0013003901170351106,0.0002295876800841234,0.007328830355107483,0.001878522229179712,0.001878522229179712
NONFIBROTIC ILD ADJUDICATED,5,2010571492,combined_isotonic,9,770,4,0.004139612263784534,0.005194805194805195,0.0020219574690050306,0.013280219334419372,0.001878522229179712,0.014925373134328358
NONFIBROTIC ILD ADJUDICATED,6,1191195299,zebra_raw,0,770,0,0.23200066270769162,0.0,0.0,0.004964141914221508,0.11693488945217027,0.2615897480367035
NONFIBROTIC ILD ADJUDICATED,6,1191195299,zebra_raw,1,769,0,0.2857923767389915,0.0,0.0,0.004970565148712315,0.26161440000752656,0.31121606017594466
NONFIBROTIC ILD ADJUDICATED,6,1191195299,zebra_raw,2,770,0,0.34020610594920303,0.0,0.0,0.004964141914221508,0.3112265584781402,0.37247377897948036
NONFIBROTIC ILD ADJUDICATED,6,1191195299,zebra_raw,3,769,0,0.40798800790633155,0.0,0.0,0.004970565148712315,0.3725088534143956,0.4444553461993698
NONFIBROTIC ILD ADJUDICATED,6,1191195299,zebra_raw,4,770,0,0.4879497746687715,0.0,0.0,0.004964141914221508,0.44448296297374135,0.5369993165800129
NONFIBROTIC ILD ADJUDICATED,6,1191195299,zebra_raw,5,769,2,0.5970908171140936,0.002600780234070221,0.0007135177289523901,0.009432753192718508,0.537133769264307,0.6603575865841811
NONFIBROTIC ILD ADJUDICATED,6,1191195299,zebra_raw,6,769,3,0.7295428255745958,0.0039011703511053317,0.001327618000260774,0.011406505807889416,0.6607442672405176,0.789896992430299
NONFIBROTIC ILD ADJUDICATED,6,1191195299,zebra_raw,7,770,2,0.8472009936312013,0.0025974025974025974,0.0007125907061236786,0.009420568652699277,0.7898982149974688,0.9005135956656438
NONFIBROTIC ILD ADJUDICATED,6,1191195299,zebra_raw,8,769,0,0.9499117701508933,0.0,0.0,0.004970565148712315,0.9005151325308381,0.985485854363619
NONFIBROTIC ILD ADJUDICATED,6,1191195299,zebra_raw,9,770,9,0.9963951459071619,0.011688311688311689,0.006161243000312308,0.022063477414615715,0.9855111624726878,1.0
NONFIBROTIC ILD ADJUDICATED,6,1191195299,zebra_isotonic,0,770,0,0.0,0.0,0.0,0.004964141914221508,0.0,0.0
NONFIBROTIC ILD ADJUDICATED,6,1191195299,zebra_isotonic,1,769,0,0.0,0.0,0.0,0.004970565148712315,0.0,0.0
NONFIBROTIC ILD ADJUDICATED,6,1191195299,zebra_isotonic,2,770,0,0.0,0.0,0.0,0.004964141914221508,0.0,0.0
NONFIBROTIC ILD ADJUDICATED,6,1191195299,zebra_isotonic,3,769,0,0.0,0.0,0.0,0.004970565148712315,0.0,0.0
NONFIBROTIC ILD ADJUDICATED,6,1191195299,zebra_isotonic,4,770,0,0.0001390283463350583,0.0,0.0,0.004964141914221508,0.0,0.0016992353440951572
NONFIBROTIC ILD ADJUDICATED,6,1191195299,zebra_isotonic,5,769,2,0.0016992353440951572,0.002600780234070221,0.0007135177289523901,0.009432753192718508,0.0016992353440951572,0.0016992353440951572
NONFIBROTIC ILD ADJUDICATED,6,1191195299,zebra_isotonic,6,769,3,0.0016992353440951572,0.0039011703511053317,0.001327618000260774,0.011406505807889416,0.0016992353440951572,0.0016992353440951572
NONFIBROTIC ILD ADJUDICATED,6,1191195299,zebra_isotonic,7,770,0,0.002978147503190083,0.0,0.0,0.004964141914221508,0.0016992353440951572,0.003115264797507788
NONFIBROTIC ILD ADJUDICATED,6,1191195299,zebra_isotonic,8,769,4,0.0040768383465284875,0.005201560468140442,0.0020245891497467933,0.013297387544882687,0.003115264797507788,0.004618937644341801
NONFIBROTIC ILD ADJUDICATED,6,1191195299,zebra_isotonic,9,770,7,0.010124885779324728,0.00909090909090909,0.004410478976495486,0.01864522399383109,0.004618937644341801,0.05357142857142857
NONFIBROTIC ILD ADJUDICATED,6,1191195299,genomic_raw,0,770,2,2.6943822087277812e-05,0.0025974025974025974,0.0007125907061236786,0.009420568652699277,5.670599799049711e-06,4.3617929695037575e-05
NONFIBROTIC ILD ADJUDICATED,6,1191195299,genomic_raw,1,769,2,6.297241271890715e-05,0.002600780234070221,0.0007135177289523901,0.009432753192718508,4.377846101374188e-05,8.491586814382626e-05
NONFIBROTIC ILD ADJUDICATED,6,1191195299,genomic_raw,2,770,1,0.00011373795347419402,0.0012987012987012987,0.00022928946639889794,0.007319361170123334,8.492131064772367e-05,0.00014746685965192084
NONFIBROTIC ILD ADJUDICATED,6,1191195299,genomic_raw,3,769,0,0.00019529910542497725,0.0,0.0,0.004970565148712315,0.0001475929685986808,0.00024815225148689995
NONFIBROTIC ILD ADJUDICATED,6,1191195299,genomic_raw,4,770,1,0.0003356959920603788,0.0012987012987012987,0.00022928946639889794,0.007319361170123334,0.00024844970668419687,0.0004384728261307855
NONFIBROTIC ILD ADJUDICATED,6,1191195299,genomic_raw,5,769,1,0.0006001370810644483,0.0013003901170351106,0.0002295876800841234,0.007328830355107483,0.00043912440159576635,0.0007975187910192029
NONFIBROTIC ILD ADJUDICATED,6,1191195299,genomic_raw,6,769,1,0.0011009975867582204,0.0013003901170351106,0.0002295876800841234,0.007328830355107483,0.0007975366351404318,0.0015106340402976498
NONFIBROTIC ILD ADJUDICATED,6,1191195299,genomic_raw,7,770,2,0.002208551195685822,0.0025974025974025974,0.0007125907061236786,0.009420568652699277,0.0015106452042842095,0.003195755675811521
NONFIBROTIC ILD ADJUDICATED,6,1191195299,genomic_raw,8,769,4,0.005544743762486591,0.005201560468140442,0.0020245891497467933,0.013297387544882687,0.0031969336204097968,0.009449598277401447
NONFIBROTIC ILD ADJUDICATED,6,1191195299,genomic_raw,9,770,2,0.05207462452659209,0.0025974025974025974,0.0007125907061236786,0.009420568652699277,0.009453665361502906,0.9484768813098363
NONFIBROTIC ILD ADJUDICATED,6,1191195299,genomic_isotonic,0,770,3,0.0,0.003896103896103896,0.0013258926936253902,0.011391775387498288,0.0,0.0
NONFIBROTIC ILD ADJUDICATED,6,1191195299,genomic_isotonic,1,769,1,0.00031667125212910474,0.0013003901170351106,0.0002295876800841234,0.007328830355107483,0.0,0.0024110910186859553
NONFIBROTIC ILD ADJUDICATED,6,1191195299,genomic_isotonic,2,770,0,0.0024110910186859557,0.0,0.0,0.004964141914221508,0.0024110910186859553,0.0024110910186859553
NONFIBROTIC ILD ADJUDICATED,6,1191195299,genomic_isotonic,4,770,1,0.0024110910186859557,0.0012987012987012987,0.00022928946639889794,0.007319361170123334,0.0024110910186859553,0.0024110910186859553
NONFIBROTIC ILD ADJUDICATED,6,1191195299,genomic_isotonic,7,770,2,0.0024110910186859557,0.0025974025974025974,0.0007125907061236786,0.009420568652699277,0.0024110910186859553,0.0024110910186859553
NONFIBROTIC ILD ADJUDICATED,6,1191195299,genomic_isotonic,3,769,0,0.002411091018685956,0.0,0.0,0.004970565148712315,0.0024110910186859553,0.0024110910186859553
NONFIBROTIC ILD ADJUDICATED,6,1191195299,genomic_isotonic,5,769,2,0.002411091018685956,0.002600780234070221,0.0007135177289523901,0.009432753192718508,0.0024110910186859553,0.0024110910186859553
NONFIBROTIC ILD ADJUDICATED,6,1191195299,genomic_isotonic,6,769,1,0.002411091018685956,0.0013003901170351106,0.0002295876800841234,0.007328830355107483,0.0024110910186859553,0.0024110910186859553
NONFIBROTIC ILD ADJUDICATED,6,1191195299,genomic_isotonic,8,769,4,0.002474521440969291,0.005201560468140442,0.0020245891497467933,0.013297387544882687,0.0024110910186859553,0.0024937655860349127
NONFIBROTIC ILD ADJUDICATED,6,1191195299,genomic_isotonic,9,770,2,0.005831394006118537,0.0025974025974025974,0.0007125907061236786,0.009420568652699277,0.0024937655860349127,0.047619047619047616
NONFIBROTIC ILD ADJUDICATED,6,1191195299,combined_raw,0,770,3,7.225472445752788e-10,0.003896103896103896,0.0013258926936253902,0.011391775387498288,8.330666944414762e-11,1.1269847629481131e-09
NONFIBROTIC ILD ADJUDICATED,6,1191195299,combined_raw,1,769,2,1.5021375591417995e-09,0.002600780234070221,0.0007135177289523901,0.009432753192718508,1.1272047943012457e-09,1.9415353681650575e-09
NONFIBROTIC ILD ADJUDICATED,6,1191195299,combined_raw,2,770,4,2.698394338367969e-09,0.005194805194805195,0.0020219574690050306,0.013280219334419372,1.943100622647562e-09,3.748415419476149e-09
NONFIBROTIC ILD ADJUDICATED,6,1191195299,combined_raw,3,769,3,5.166905343756369e-08,0.0039011703511053317,0.001327618000260774,0.011406505807889416,3.753828276812877e-09,8.467917728107822e-07
NONFIBROTIC ILD ADJUDICATED,6,1191195299,combined_raw,4,770,0,3.4499994811093982e-06,0.0,0.0,0.004964141914221508,8.610295496410717e-07,5.467449555805179e-06
NONFIBROTIC ILD ADJUDICATED,6,1191195299,combined_raw,5,769,0,6.713295865896567e-06,0.0,0.0,0.004970565148712315,5.470615443606033e-06,7.917788974410075e-06
NONFIBROTIC ILD ADJUDICATED,6,1191195299,combined_raw,6,769,0,9.254842385270681e-06,0.0,0.0,0.004970565148712315,7.927522294544896e-06,1.0713313412242238e-05
NONFIBROTIC ILD ADJUDICATED,6,1191195299,combined_raw,7,770,0,1.285311882698027e-05,0.0,0.0,0.004964141914221508,1.0716960918739465e-05,1.580364927370329e-05
NONFIBROTIC ILD ADJUDICATED,6,1191195299,combined_raw,8,769,1,2.3004144597073405e-05,0.0013003901170351106,0.0002295876800841234,0.007328830355107483,1.580970878117986e-05,3.9373082760644e-05
NONFIBROTIC ILD ADJUDICATED,6,1191195299,combined_raw,9,770,3,0.217982589766366,0.003896103896103896,0.0013258926936253902,0.011391775387498288,3.97153888840923e-05,0.9999999999999998
NONFIBROTIC ILD ADJUDICATED,6,1191195299,combined_isotonic,0,770,2,0.0,0.0025974025974025974,0.0007125907061236786,0.009420568652699277,0.0,0.0
NONFIBROTIC ILD ADJUDICATED,6,1191195299,combined_isotonic,1,769,5,0.0,0.006501950585175552,0.002780348414515579,0.015129481166593194,0.0,0.0
NONFIBROTIC ILD ADJUDICATED,6,1191195299,combined_isotonic,2,770,4,0.0,0.005194805194805195,0.0020219574690050306,0.013280219334419372,0.0,0.0
NONFIBROTIC ILD ADJUDICATED,6,1191195299,combined_isotonic,3,769,1,0.00017793652616598463,0.0013003901170351106,0.0002295876800841234,0.007328830355107483,0.0,0.0017064846416382253
NONFIBROTIC ILD ADJUDICATED,6,1191195299,combined_isotonic,4,770,0,0.0017064846416382253,0.0,0.0,0.004964141914221508,0.0017064846416382253,0.0017064846416382253
NONFIBROTIC ILD ADJUDICATED,6,1191195299,combined_isotonic,5,769,0,0.0017064846416382253,0.0,0.0,0.004970565148712315,0.0017064846416382253,0.0017064846416382253
NONFIBROTIC ILD ADJUDICATED,6,1191195299,combined_isotonic,6,769,1,0.0017064846416382253,0.0013003901170351106,0.0002295876800841234,0.007328830355107483,0.0017064846416382253,0.0017064846416382253
NONFIBROTIC ILD ADJUDICATED,6,1191195299,combined_isotonic,7,770,0,0.0017064846416382253,0.0,0.0,0.004964141914221508,0.0017064846416382253,0.0017064846416382253
NONFIBROTIC ILD ADJUDICATED,6,1191195299,combined_isotonic,8,769,1,0.0017064846416382253,0.0013003901170351106,0.0002295876800841234,0.007328830355107483,0.0017064846416382253,0.0017064846416382253
NONFIBROTIC ILD ADJUDICATED,6,1191195299,combined_isotonic,9,770,2,0.009848581397010734,0.0025974025974025974,0.0007125907061236786,0.009420568652699277,0.0017064846416382253,0.04081632653061224
NONFIBROTIC ILD ADJUDICATED,7,700435434,zebra_raw,0,770,0,0.23150881415618135,0.0,0.0,0.004964141914221508,0.11052533634471677,0.25975319901855765
NONFIBROTIC ILD ADJUDICATED,7,700435434,zebra_raw,1,769,0,0.2849256224627689,0.0,0.0,0.004970565148712315,0.2597607800877409,0.3098658921676052
NONFIBROTIC ILD ADJUDICATED,7,700435434,zebra_raw,2,770,0,0.3411113724052227,0.0,0.0,0.004964141914221508,0.3103973802089924,0.374745314783611
NONFIBROTIC ILD ADJUDICATED,7,700435434,zebra_raw,3,769,0,0.4101628920911458,0.0,0.0,0.004970565148712315,0.3747569958824861,0.4477151358421824
NONFIBROTIC ILD ADJUDICATED,7,700435434,zebra_raw,4,770,1,0.4919778121981722,0.0012987012987012987,0.00022928946639889794,0.007319361170123334,0.447734556292315,0.5414991255093249
NONFIBROTIC ILD ADJUDICATED,7,700435434,zebra_raw,5,769,3,0.6011800109886334,0.0039011703511053317,0.001327618000260774,0.011406505807889416,0.5415147210270846,0.6628262091853885
NONFIBROTIC ILD ADJUDICATED,7,700435434,zebra_raw,6,769,0,0.7303556145535487,0.0,0.0,0.004970565148712315,0.662980433012624,0.7906546756562879
NONFIBROTIC ILD ADJUDICATED,7,700435434,zebra_raw,7,770,3,0.8469612735231974,0.003896103896103896,0.0013258926936253902,0.011391775387498288,0.7909880271606295,0.9011655270479736
NONFIBROTIC ILD ADJUDICATED,7,700435434,zebra_raw,8,769,2,0.9503628212240065,0.002600780234070221,0.0007135177289523901,0.009432753192718508,0.901189661903329,0.9853504544758104
NONFIBROTIC ILD ADJUDICATED,7,700435434,zebra_raw,9,770,7,0.9965911505368612,0.00909090909090909,0.004410478976495486,0.01864522399383109,0.9853533817341006,1.0
NONFIBROTIC ILD ADJUDICATED,7,700435434,zebra_isotonic,0,770,0,0.0,0.0,0.0,0.004964141914221508,0.0,0.0
NONFIBROTIC ILD ADJUDICATED,7,700435434,zebra_isotonic,1,769,0,0.0,0.0,0.0,0.004970565148712315,0.0,0.0
NONFIBROTIC ILD ADJUDICATED,7,700435434,zebra_isotonic,2,770,2,0.0,0.0025974025974025974,0.0007125907061236786,0.009420568652699277,0.0,0.0
NONFIBROTIC ILD ADJUDICATED,7,700435434,zebra_isotonic,3,769,0,0.0,0.0,0.0,0.004970565148712315,0.0,0.0
NONFIBROTIC ILD ADJUDICATED,7,700435434,zebra_isotonic,4,770,0,0.0,0.0,0.0,0.004964141914221508,0.0,0.0
NONFIBROTIC ILD ADJUDICATED,7,700435434,zebra_isotonic,5,769,2,0.0,0.002600780234070221,0.0007135177289523901,0.009432753192718508,0.0,0.0
NONFIBROTIC ILD ADJUDICATED,7,700435434,zebra_isotonic,6,769,0,0.001305132604697529,0.0,0.0,0.004970565148712315,0.0,0.0029175784099197666
NONFIBROTIC ILD ADJUDICATED,7,700435434,zebra_isotonic,7,770,2,0.0029175784099197666,0.0025974025974025974,0.0007125907061236786,0.009420568652699277,0.0029175784099197666,0.0029175784099197666
NONFIBROTIC ILD ADJUDICATED,7,700435434,zebra_isotonic,8,769,3,0.0029175784099197666,0.0039011703511053317,0.001327618000260774,0.011406505807889416,0.0029175784099197666,0.0029175784099197666
NONFIBROTIC ILD ADJUDICATED,7,700435434,zebra_isotonic,9,770,7,0.01437399823614266,0.00909090909090909,0.004410478976495486,0.01864522399383109,0.0029175784099197666,0.057692307692307696
NONFIBROTIC ILD ADJUDICATED,7,700435434,genomic_raw,0,770,1,9.029320421454971e-06,0.0012987012987012987,0.00022928946639889794,0.007319361170123334,1.8459245611425182e-06,1.3915191643629837e-05
NONFIBROTIC ILD ADJUDICATED,7,700435434,genomic_raw,1,769,1,1.786292926700024e-05,0.0013003901170351106,0.0002295876800841234,0.007328830355107483,1.3918511122437834e-05,2.179268249126418e-05
NONFIBROTIC ILD ADJUDICATED,7,700435434,genomic_raw,2,770,4,2.599178783948759e-05,0.005194805194805195,0.0020219574690050306,0.013280219334419372,2.1801373761275216e-05,3.0366459531296638e-05
NONFIBROTIC ILD ADJUDICATED,7,700435434,genomic_raw,3,769,2,3.5902835497402636e-05,0.002600780234070221,0.0007135177289523901,0.009432753192718508,3.0389989353125222e-05,4.17404587704349e-05
NONFIBROTIC ILD ADJUDICATED,7,700435434,genomic_raw,4,770,0,4.9742600259484634e-05,0.0,0.0,0.004964141914221508,4.176817048263047e-05,5.85212227337178e-05
NONFIBROTIC ILD ADJUDICATED,7,700435434,genomic_raw,5,769,2,7.119541723752463e-05,0.002600780234070221,0.0007135177289523901,0.009432753192718508,5.852242589275237e-05,8.607132612516439e-05
NONFIBROTIC ILD ADJUDICATED,7,700435434,genomic_raw,6,769,1,0.0001163764944078559,0.0013003901170351106,0.0002295876800841234,0.007328830355107483,8.613427811583117e-05,0.00016363903514768338
NONFIBROTIC ILD ADJUDICATED,7,700435434,genomic_raw,7,770,3,0.0014923696889412926,0.003896103896103896,0.0013258926936253902,0.011391775387498288,0.00016372142072154167,0.010100905936556723
NONFIBROTIC ILD ADJUDICATED,7,700435434,genomic_raw,8,769,2,0.12818835150053293,0.002600780234070221,0.0007135177289523901,0.009432753192718508,0.010390542374304925,0.27429243374915624
NONFIBROTIC ILD ADJUDICATED,7,700435434,genomic_raw,9,770,0,0.562678279600576,0.0,0.0,0.004964141914221508,0.2743701784227782,0.9999761589531764
NONFIBROTIC ILD ADJUDICATED,7,700435434,genomic_isotonic,0,770,3,0.0,0.003896103896103896,0.0013258926936253902,0.011391775387498288,0.0,0.0
NONFIBROTIC ILD ADJUDICATED,7,700435434,genomic_isotonic,1,769,1,0.0,0.0013003901170351106,0.0002295876800841234,0.007328830355107483,0.0,0.0
NONFIBROTIC ILD ADJUDICATED,7,700435434,genomic_isotonic,2,770,1,0.0,0.0012987012987012987,0.00022928946639889794,0.007319361170123334,0.0,0.0
NONFIBROTIC ILD ADJUDICATED,7,700435434,genomic_isotonic,3,769,2,0.0,0.002600780234070221,0.0007135177289523901,0.009432753192718508,0.0,0.0
NONFIBROTIC ILD ADJUDICATED,7,700435434,genomic_isotonic,4,770,1,0.0,0.0012987012987012987,0.00022928946639889794,0.007319361170123334,0.0,0.0
NONFIBROTIC ILD ADJUDICATED,7,700435434,genomic_isotonic,5,769,1,0.0014474415433926142,0.0013003901170351106,0.0002295876800841234,0.007328830355107483,0.0,0.0024563989191844758
NONFIBROTIC ILD ADJUDICATED,7,700435434,genomic_isotonic,6,769,1,0.002456398919184476,0.0013003901170351106,0.0002295876800841234,0.007328830355107483,0.0024563989191844758,0.0024563989191844758
NONFIBROTIC ILD ADJUDICATED,7,700435434,genomic_isotonic,7,770,3,0.002456398919184476,0.003896103896103896,0.0013258926936253902,0.011391775387498288,0.0024563989191844758,0.0024563989191844758
NONFIBROTIC ILD ADJUDICATED,7,700435434,genomic_isotonic,8,769,1,0.002456398919184476,0.0013003901170351106,0.0002295876800841234,0.007328830355107483,0.0024563989191844758,0.0024563989191844758
NONFIBROTIC ILD ADJUDICATED,7,700435434,genomic_isotonic,9,770,2,0.024825409284777385,0.0025974025974025974,0.0007125907061236786,0.009420568652699277,0.0024563989191844758,0.5
NONFIBROTIC ILD ADJUDICATED,7,700435434,combined_raw,0,770,1,2.320247809104815e-08,0.0012987012987012987,0.00022928946639889794,0.007319361170123334,4.308705839740565e-10,5.37790991122422e-08
NONFIBROTIC ILD ADJUDICATED,7,700435434,combined_raw,1,769,0,1.090167204572092e-07,0.0,0.0,0.004970565148712315,5.37866040935815e-08,1.815345055771956e-07
NONFIBROTIC ILD ADJUDICATED,7,700435434,combined_raw,2,770,3,2.836419710396205e-07,0.003896103896103896,0.0013258926936253902,0.011391775387498288,1.819199783003841e-07,4.0152272956820247e-07
NONFIBROTIC ILD ADJUDICATED,7,700435434,combined_raw,3,769,1,5.693229206339494e-07,0.0013003901170351106,0.0002295876800841234,0.007328830355107483,4.0159160384207243e-07,7.623869696953845e-07
NONFIBROTIC ILD ADJUDICATED,7,700435434,combined_raw,4,770,0,1.0235136327784097e-06,0.0,0.0,0.004964141914221508,7.631684726459529e-07,1.3474314827129414e-06
NONFIBROTIC ILD ADJUDICATED,7,700435434,combined_raw,5,769,1,1.833621349783131e-06,0.0013003901170351106,0.0002295876800841234,0.007328830355107483,1.3485692028761105e-06,2.3895552846839177e-06
NONFIBROTIC ILD ADJUDICATED,7,700435434,combined_raw,6,769,0,3.3356908963257423e-06,0.0,0.0,0.004970565148712315,2.3926450911292047e-06,4.546555421446339e-06
NONFIBROTIC ILD ADJUDICATED,7,700435434,combined_raw,7,770,1,7.020542392195114e-06,0.0012987012987012987,0.00022928946639889794,0.007319361170123334,4.553168600720935e-06,1.0792443342021002e-05
NONFIBROTIC ILD ADJUDICATED,7,700435434,combined_raw,8,769,6,2.5839884378173522e-05,0.007802340702210663,0.003580646807040671,0.016917035660547395,1.079924280073784e-05,6.262414072518375e-05
NONFIBROTIC ILD ADJUDICATED,7,700435434,combined_raw,9,770,3,0.013796308347962373,0.003896103896103896,0.0013258926936253902,0.011391775387498288,6.330183035136447e-05,0.9265169137015251
NONFIBROTIC ILD ADJUDICATED,7,700435434,combined_isotonic,0,770,1,0.0017450042217844078,0.0012987012987012987,0.00022928946639889794,0.007319361170123334,0.0,0.0020639834881320948
NONFIBROTIC ILD ADJUDICATED,7,700435434,combined_isotonic,1,769,0,0.002127167382696729,0.0,0.0,0.004970565148712315,0.0020639834881320948,0.002257336343115124
NONFIBROTIC ILD ADJUDICATED,7,700435434,combined_isotonic,2,770,1,0.002323106832047431,0.0012987012987012987,0.00022928946639889794,0.007319361170123334,0.002257336343115124,0.002352941176470588
NONFIBROTIC ILD ADJUDICATED,7,700435434,combined_isotonic,3,769,2,0.0023529411764705885,0.002600780234070221,0.0007135177289523901,0.009432753192718508,0.002352941176470588,0.002352941176470588
NONFIBROTIC ILD ADJUDICATED,7,700435434,combined_isotonic,4,770,2,0.0024641059772198917,0.0025974025974025974,0.0007125907061236786,0.009420568652699277,0.002352941176470588,0.002488593944421402
NONFIBROTIC ILD ADJUDICATED,7,700435434,combined_isotonic,7,770,2,0.0024885939444214025,0.0025974025974025974,0.0007125907061236786,0.009420568652699277,0.002488593944421402,0.002488593944421402
NONFIBROTIC ILD ADJUDICATED,7,700435434,combined_isotonic,9,770,2,0.0024885939444214025,0.0025974025974025974,0.0007125907061236786,0.009420568652699277,0.002488593944421402,0.002488593944421402
NONFIBROTIC ILD ADJUDICATED,7,700435434,combined_isotonic,5,769,1,0.002488593944421403,0.0013003901170351106,0.0002295876800841234,0.007328830355107483,0.002488593944421402,0.002488593944421402
NONFIBROTIC ILD ADJUDICATED,7,700435434,combined_isotonic,6,769,3,0.002488593944421403,0.0039011703511053317,0.001327618000260774,0.011406505807889416,0.002488593944421402,0.002488593944421402
NONFIBROTIC ILD ADJUDICATED,7,700435434,combined_isotonic,8,769,2,0.002488593944421403,0.002600780234070221,0.0007135177289523901,0.009432753192718508,0.002488593944421402,0.002488593944421402
NONFIBROTIC ILD ADJUDICATED,8,584071660,zebra_raw,0,770,0,0.23079802455803947,0.0,0.0,0.004964141914221508,0.11052533634471677,0.2595173127166649
NONFIBROTIC ILD ADJUDICATED,8,584071660,zebra_raw,1,769,0,0.28403939116738863,0.0,0.0,0.004970565148712315,0.2595181435281127,0.3107560012291755
NONFIBROTIC ILD ADJUDICATED,8,584071660,zebra_raw,2,770,0,0.3409209316732636,0.0,0.0,0.004964141914221508,0.31080703418834127,0.3724470460812173
NONFIBROTIC ILD ADJUDICATED,8,584071660,zebra_raw,3,769,0,0.40617530614048597,0.0,0.0,0.004970565148712315,0.37245586894692045,0.4429918341542378
NONFIBROTIC ILD ADJUDICATED,8,584071660,zebra_raw,4,770,0,0.4865836815414387,0.0,0.0,0.004964141914221508,0.4430004186630965,0.5337344377071915
NONFIBROTIC ILD ADJUDICATED,8,584071660,zebra_raw,5,769,3,0.5951979666471262,0.0039011703511053317,0.001327618000260774,0.011406505807889416,0.5338898452873615,0.6610940218280053
NONFIBROTIC ILD ADJUDICATED,8,584071660,zebra_raw,6,769,2,0.7291325793124609,0.002600780234070221,0.0007135177289523901,0.009432753192718508,0.6612997108028855,0.7874500036094405
NONFIBROTIC ILD ADJUDICATED,8,584071660,zebra_raw,7,770,2,0.8421176956945635,0.0025974025974025974,0.0007125907061236786,0.009420568652699277,0.7875787267949781,0.8939501214589818
NONFIBROTIC ILD ADJUDICATED,8,584071660,zebra_raw,8,769,2,0.9466854708979375,0.002600780234070221,0.0007135177289523901,0.009432753192718508,0.8941346746938673,0.9846863701708237
NONFIBROTIC ILD ADJUDICATED,8,584071660,zebra_raw,9,770,7,0.9961927231008256,0.00909090909090909,0.004410478976495486,0.01864522399383109,0.984722294496873,1.0
NONFIBROTIC ILD ADJUDICATED,8,584071660,zebra_isotonic,0,770,0,0.0,0.0,0.0,0.004964141914221508,0.0,0.0
NONFIBROTIC ILD ADJUDICATED,8,584071660,zebra_isotonic,1,769,0,0.0,0.0,0.0,0.004970565148712315,0.0,0.0
NONFIBROTIC ILD ADJUDICATED,8,584071660,zebra_isotonic,2,770,0,0.0,0.0,0.0,0.004964141914221508,0.0,0.0
NONFIBROTIC ILD ADJUDICATED,8,584071660,zebra_isotonic,3,769,0,0.0,0.0,0.0,0.004970565148712315,0.0,0.0
NONFIBROTIC ILD ADJUDICATED,8,584071660,zebra_isotonic,4,770,0,7.409802070975557e-05,0.0,0.0,0.004964141914221508,0.0,0.001098901098901099
NONFIBROTIC ILD ADJUDICATED,8,584071660,zebra_isotonic,5,769,3,0.0010989010989010987,0.0039011703511053317,0.001327618000260774,0.011406505807889416,0.001098901098901099,0.001098901098901099
NONFIBROTIC ILD ADJUDICATED,8,584071660,zebra_isotonic,6,769,3,0.0016073603262667252,0.0039011703511053317,0.001327618000260774,0.011406505807889416,0.001098901098901099,0.0022658610271903325
NONFIBROTIC ILD ADJUDICATED,8,584071660,zebra_isotonic,7,770,2,0.0022658610271903334,0.0025974025974025974,0.0007125907061236786,0.009420568652699277,0.0022658610271903325,0.0022658610271903325
NONFIBROTIC ILD ADJUDICATED,8,584071660,zebra_isotonic,8,769,2,0.0022658610271903334,0.002600780234070221,0.0007135177289523901,0.009432753192718508,0.0022658610271903325,0.0022658610271903325
NONFIBROTIC ILD ADJUDICATED,8,584071660,zebra_isotonic,9,770,6,0.01326046350600975,0.007792207792207792,0.0035759904186376326,0.016895203829388215,0.0022658610271903325,0.05454545454545454
NONFIBROTIC ILD ADJUDICATED,8,584071660,genomic_raw,0,770,2,0.0,0.0025974025974025974,0.0007125907061236786,0.009420568652699277,0.0,0.0
NONFIBROTIC ILD ADJUDICATED,8,584071660,genomic_raw,1,769,2,0.0,0.002600780234070221,0.0007135177289523901,0.009432753192718508,0.0,0.0
NONFIBROTIC ILD ADJUDICATED,8,584071660,genomic_raw,2,770,1,1.4399810921539266e-279,0.0012987012987012987,0.00022928946639889794,0.007319361170123334,0.0,5.0171286921200164e-279
NONFIBROTIC ILD ADJUDICATED,8,584071660,genomic_raw,3,769,1,2.287268463709599e-72,0.0013003901170351106,0.0002295876800841234,0.007328830355107483,5.0171286921200164e-279,4.4870138197417623e-72
NONFIBROTIC ILD ADJUDICATED,8,584071660,genomic_raw,4,770,2,1.0954618432757019e-26,0.0025974025974025974,0.0007125907061236786,0.009420568652699277,4.4870138197417623e-72,2.1087619368502027e-25
NONFIBROTIC ILD ADJUDICATED,8,584071660,genomic_raw,5,769,4,2.1087619368502036e-25,0.005201560468140442,0.0020245891497467933,0.013297387544882687,2.1087619368502027e-25,2.1087619368502027e-25
NONFIBROTIC ILD ADJUDICATED,8,584071660,genomic_raw,6,769,1,2.1087619368502036e-25,0.0013003901170351106,0.0002295876800841234,0.007328830355107483,2.1087619368502027e-25,2.1087619368502027e-25
NONFIBROTIC ILD ADJUDICATED,8,584071660,genomic_raw,7,770,1,2.1087619368502036e-25,0.0012987012987012987,0.00022928946639889794,0.007319361170123334,2.1087619368502027e-25,2.1087619368502027e-25
NONFIBROTIC ILD ADJUDICATED,8,584071660,genomic_raw,8,769,0,2.1087619368502036e-25,0.0,0.0,0.004970565148712315,2.1087619368502027e-25,2.1087619368502027e-25
NONFIBROTIC ILD ADJUDICATED,8,584071660,genomic_raw,9,770,2,0.14545454548306067,0.0025974025974025974,0.0007125907061236786,0.009420568652699277,2.1087619368502027e-25,1.0
NONFIBROTIC ILD ADJUDICATED,8,584071660,genomic_isotonic,0,770,3,0.0021442495126705657,0.003896103896103896,0.0013258926936253902,0.011391775387498288,0.0021442495126705653,0.0021442495126705653
NONFIBROTIC ILD ADJUDICATED,8,584071660,genomic_isotonic,1,769,3,0.0021442495126705657,0.0039011703511053317,0.001327618000260774,0.011406505807889416,0.0021442495126705653,0.0021442495126705653
NONFIBROTIC ILD ADJUDICATED,8,584071660,genomic_isotonic,2,770,0,0.0021442495126705657,0.0,0.0,0.004964141914221508,0.0021442495126705653,0.0021442495126705653
NONFIBROTIC ILD ADJUDICATED,8,584071660,genomic_isotonic,3,769,2,0.0021442495126705657,0.002600780234070221,0.0007135177289523901,0.009432753192718508,0.0021442495126705653,0.0021442495126705653
NONFIBROTIC ILD ADJUDICATED,8,584071660,genomic_isotonic,4,770,2,0.0021442495126705657,0.0025974025974025974,0.0007125907061236786,0.009420568652699277,0.0021442495126705653,0.0021442495126705653
NONFIBROTIC ILD ADJUDICATED,8,584071660,genomic_isotonic,5,769,1,0.0021442495126705657,0.0013003901170351106,0.0002295876800841234,0.007328830355107483,0.0021442495126705653,0.0021442495126705653
NONFIBROTIC ILD ADJUDICATED,8,584071660,genomic_isotonic,6,769,1,0.0021442495126705657,0.0013003901170351106,0.0002295876800841234,0.007328830355107483,0.0021442495126705653,0.0021442495126705653
NONFIBROTIC ILD ADJUDICATED,8,584071660,genomic_isotonic,7,770,1,0.0021442495126705657,0.0012987012987012987,0.00022928946639889794,0.007319361170123334,0.0021442495126705653,0.0021442495126705653
NONFIBROTIC ILD ADJUDICATED,8,584071660,genomic_isotonic,8,769,0,0.0021442495126705657,0.0,0.0,0.004970565148712315,0.0021442495126705653,0.0021442495126705653
NONFIBROTIC ILD ADJUDICATED,8,584071660,genomic_isotonic,9,770,3,0.0021442495126705657,0.003896103896103896,0.0013258926936253902,0.011391775387498288,0.0021442495126705653,0.0021442495126705653
NONFIBROTIC ILD ADJUDICATED,8,584071660,combined_raw,0,770,2,6.116948764258875e-05,0.0025974025974025974,0.0007125907061236786,0.009420568652699277,3.008216703188078e-05,8.091830472902798e-05
NONFIBROTIC ILD ADJUDICATED,8,584071660,combined_raw,1,769,0,9.89474449084929e-05,0.0,0.0,0.004970565148712315,8.09425939976964e-05,0.0001202327623306974
NONFIBROTIC ILD ADJUDICATED,8,584071660,combined_raw,2,770,0,0.0001442647180018841,0.0,0.0,0.004964141914221508,0.00012036606074481214,0.00017108426817805453
NONFIBROTIC ILD ADJUDICATED,8,584071660,combined_raw,3,769,2,0.00020388345323001244,0.002600780234070221,0.0007135177289523901,0.009432753192718508,0.00017109618567672763,0.0002400055969705031
NONFIBROTIC ILD ADJUDICATED,8,584071660,combined_raw,4,770,0,0.000287486365519962,0.0,0.0,0.004964141914221508,0.00024021798856114842,0.00034397481070688935
NONFIBROTIC ILD ADJUDICATED,8,584071660,combined_raw,5,769,1,0.00042527183697613056,0.0013003901170351106,0.0002295876800841234,0.007328830355107483,0.0003441547331502908,0.0005219872877238074
NONFIBROTIC ILD ADJUDICATED,8,584071660,combined_raw,6,769,1,0.0006820338676443588,0.0013003901170351106,0.0002295876800841234,0.007328830355107483,0.0005220171371325678,0.0008920518576781542
NONFIBROTIC ILD ADJUDICATED,8,584071660,combined_raw,7,770,1,0.0012888886152371561,0.0012987012987012987,0.00022928946639889794,0.007319361170123334,0.0008922294914351429,0.0018683235704454364
NONFIBROTIC ILD ADJUDICATED,8,584071660,combined_raw,8,769,2,0.0037180717932157673,0.002600780234070221,0.0007135177289523901,0.009432753192718508,0.0018684425136884124,0.0075482715257101495
NONFIBROTIC ILD ADJUDICATED,8,584071660,combined_raw,9,770,7,0.06698524424788,0.00909090909090909,0.004410478976495486,0.01864522399383109,0.007595288884703561,0.811020296825597
NONFIBROTIC ILD ADJUDICATED,8,584071660,combined_isotonic,0,770,1,0.0,0.0012987012987012987,0.00022928946639889794,0.007319361170123334,0.0,0.0
NONFIBROTIC ILD ADJUDICATED,8,584071660,combined_isotonic,1,769,0,0.0,0.0,0.0,0.004970565148712315,0.0,0.0
NONFIBROTIC ILD ADJUDICATED,8,584071660,combined_isotonic,2,770,2,0.00034291659178655744,0.0025974025974025974,0.0007125907061236786,0.009420568652699277,0.0,0.0012515644555694619
NONFIBROTIC ILD ADJUDICATED,8,584071660,combined_isotonic,3,769,0,0.001251564455569462,0.0,0.0,0.004970565148712315,0.0012515644555694619,0.0012515644555694619
NONFIBROTIC ILD ADJUDICATED,8,584071660,combined_isotonic,4,770,1,0.0017715325975651384,0.0012987012987012987,0.00022928946639889794,0.007319361170123334,0.0012515644555694619,0.002127659574468085
NONFIBROTIC ILD ADJUDICATED,8,584071660,combined_isotonic,5,769,1,0.0023245217572812915,0.0013003901170351106,0.0002295876800841234,0.007328830355107483,0.002127659574468085,0.0023734177215189874
NONFIBROTIC ILD ADJUDICATED,8,584071660,combined_isotonic,6,769,2,0.002373417721518987,0.002600780234070221,0.0007135177289523901,0.009432753192718508,0.0023734177215189874,0.0023734177215189874
NONFIBROTIC ILD ADJUDICATED,8,584071660,combined_isotonic,7,770,1,0.0032856122736150506,0.0012987012987012987,0.00022928946639889794,0.007319361170123334,0.0023734177215189874,0.0034812880765883376
NONFIBROTIC ILD ADJUDICATED,8,584071660,combined_isotonic,8,769,1,0.0035066019571554008,0.0013003901170351106,0.0002295876800841234,0.007328830355107483,0.0034812880765883376,0.0039447731755424065
NONFIBROTIC ILD ADJUDICATED,8,584071660,combined_isotonic,9,770,7,0.0039447731755424065,0.00909090909090909,0.004410478976495486,0.01864522399383109,0.0039447731755424065,0.0039447731755424065
NONFIBROTIC ILD ADJUDICATED,9,834099608,zebra_raw,0,770,0,0.23141089308708987,0.0,0.0,0.004964141914221508,0.11052533634471677,0.25975319901855765
NONFIBROTIC ILD ADJUDICATED,9,834099608,zebra_raw,1,769,0,0.2842453694206793,0.0,0.0,0.004970565148712315,0.259914228385545,0.30896778466749053
NONFIBROTIC ILD ADJUDICATED,9,834099608,zebra_raw,2,770,0,0.339250633337592,0.0,0.0,0.004964141914221508,0.3090344580953339,0.3725143504395623
NONFIBROTIC ILD ADJUDICATED,9,834099608,zebra_raw,3,769,0,0.4061644272593783,0.0,0.0,0.004970565148712315,0.37262568542525004,0.4412734684863677
NONFIBROTIC ILD ADJUDICATED,9,834099608,zebra_raw,4,770,1,0.48199776150814355,0.0012987012987012987,0.00022928946639889794,0.007319361170123334,0.44131331949214403,0.5312401372135573
NONFIBROTIC ILD ADJUDICATED,9,834099608,zebra_raw,5,769,1,0.5933879699061445,0.0013003901170351106,0.0002295876800841234,0.007328830355107483,0.5312591607399065,0.658473102706149
NONFIBROTIC ILD ADJUDICATED,9,834099608,zebra_raw,6,769,2,0.7245063219667374,0.002600780234070221,0.0007135177289523901,0.009432753192718508,0.658515984644882,0.7855913511341108
NONFIBROTIC ILD ADJUDICATED,9,834099608,zebra_raw,7,770,3,0.8411074004608496,0.003896103896103896,0.0013258926936253902,0.011391775387498288,0.7856887549365382,0.8941346746938673
NONFIBROTIC ILD ADJUDICATED,9,834099608,zebra_raw,8,769,2,0.945509758595169,0.002600780234070221,0.0007135177289523901,0.009432753192718508,0.8942984628337286,0.9836163820735447
NONFIBROTIC ILD ADJUDICATED,9,834099608,zebra_raw,9,770,7,0.9960274362609886,0.00909090909090909,0.004410478976495486,0.01864522399383109,0.9836941794581794,1.0
NONFIBROTIC ILD ADJUDICATED,9,834099608,zebra_isotonic,0,770,0,0.0,0.0,0.0,0.004964141914221508,0.0,0.0
NONFIBROTIC ILD ADJUDICATED,9,834099608,zebra_isotonic,1,769,0,0.0,0.0,0.0,0.004970565148712315,0.0,0.0
NONFIBROTIC ILD ADJUDICATED,9,834099608,zebra_isotonic,2,770,1,0.0,0.0012987012987012987,0.00022928946639889794,0.007319361170123334,0.0,0.0
NONFIBROTIC ILD ADJUDICATED,9,834099608,zebra_isotonic,3,769,0,0.0,0.0,0.0,0.004970565148712315,0.0,0.0
NONFIBROTIC ILD ADJUDICATED,9,834099608,zebra_isotonic,4,770,0,0.0,0.0,0.0,0.004964141914221508,0.0,0.0
NONFIBROTIC ILD ADJUDICATED,9,834099608,zebra_isotonic,5,769,2,0.001587342450924558,0.002600780234070221,0.0007135177289523901,0.009432753192718508,0.0,0.001931434089811685
NONFIBROTIC ILD ADJUDICATED,9,834099608,zebra_isotonic,6,769,1,0.0019314340898116849,0.0013003901170351106,0.0002295876800841234,0.007328830355107483,0.001931434089811685,0.001931434089811685
NONFIBROTIC ILD ADJUDICATED,9,834099608,zebra_isotonic,8,769,4,0.0019314340898116849,0.005201560468140442,0.0020245891497467933,0.013297387544882687,0.001931434089811685,0.001931434089811685
NONFIBROTIC ILD ADJUDICATED,9,834099608,zebra_isotonic,7,770,1,0.001931434089811685,0.0012987012987012987,0.00022928946639889794,0.007319361170123334,0.001931434089811685,0.001931434089811685
NONFIBROTIC ILD ADJUDICATED,9,834099608,zebra_isotonic,9,770,7,0.012101152623462228,0.00909090909090909,0.004410478976495486,0.01864522399383109,0.001931434089811685,0.031746031746031744
NONFIBROTIC ILD ADJUDICATED,9,834099608,genomic_raw,0,770,1,1.2856879590772005e-11,0.0012987012987012987,0.00022928946639889794,0.007319361170123334,4.875570542124135e-14,3.324906998252867e-11
NONFIBROTIC ILD ADJUDICATED,9,834099608,genomic_raw,1,769,2,7.887758485516202e-11,0.002600780234070221,0.0007135177289523901,0.009432753192718508,3.3276613494826755e-11,1.4387380722687142e-10
NONFIBROTIC ILD ADJUDICATED,9,834099608,genomic_raw,2,770,1,2.601105035708462e-10,0.0012987012987012987,0.00022928946639889794,0.007319361170123334,1.443589750885492e-10,4.2528841569088374e-10
NONFIBROTIC ILD ADJUDICATED,9,834099608,genomic_raw,3,769,2,7.377496257124484e-10,0.002600780234070221,0.0007135177289523901,0.009432753192718508,4.254234290725097e-10,1.158674448278369e-09
NONFIBROTIC ILD ADJUDICATED,9,834099608,genomic_raw,4,770,2,1.9767715833983164e-09,0.0025974025974025974,0.0007125907061236786,0.009420568652699277,1.1589927039897733e-09,3.1817101390932144e-09
NONFIBROTIC ILD ADJUDICATED,9,834099608,genomic_raw,5,769,2,6.053668952123348e-09,0.002600780234070221,0.0007135177289523901,0.009432753192718508,3.183572063700791e-09,1.0563648999510784e-08
NONFIBROTIC ILD ADJUDICATED,9,834099608,genomic_raw,6,769,2,2.451790643837372e-08,0.002600780234070221,0.0007135177289523901,0.009432753192718508,1.0581516152122867e-08,5.29483704246299e-08
NONFIBROTIC ILD ADJUDICATED,9,834099608,genomic_raw,7,770,1,2.900395015080976e-07,0.0012987012987012987,0.00022928946639889794,0.007319361170123334,5.295723041896595e-08,1.0480342719149348e-06
NONFIBROTIC ILD ADJUDICATED,9,834099608,genomic_raw,8,769,2,1.2350666849392463e-05,0.002600780234070221,0.0007135177289523901,0.009432753192718508,1.0480646500323633e-06,4.725457122266862e-05
NONFIBROTIC ILD ADJUDICATED,9,834099608,genomic_raw,9,770,1,0.018550107742647707,0.0012987012987012987,0.00022928946639889794,0.007319361170123334,4.789054750052011e-05,0.9999562582786197
NONFIBROTIC ILD ADJUDICATED,9,834099608,genomic_isotonic,0,770,2,0.0,0.0025974025974025974,0.0007125907061236786,0.009420568652699277,0.0,0.0
NONFIBROTIC ILD ADJUDICATED,9,834099608,genomic_isotonic,1,769,1,0.0,0.0013003901170351106,0.0002295876800841234,0.007328830355107483,0.0,0.0
NONFIBROTIC ILD ADJUDICATED,9,834099608,genomic_isotonic,2,770,2,0.0,0.0025974025974025974,0.0007125907061236786,0.009420568652699277,0.0,0.0
NONFIBROTIC ILD ADJUDICATED,9,834099608,genomic_isotonic,3,769,1,0.0,0.0013003901170351106,0.0002295876800841234,0.007328830355107483,0.0,0.0
NONFIBROTIC ILD ADJUDICATED,9,834099608,genomic_isotonic,4,770,1,0.0003887931265103591,0.0012987012987012987,0.00022928946639889794,0.007319361170123334,0.0,0.0018948365703458077
NONFIBROTIC ILD ADJUDICATED,9,834099608,genomic_isotonic,5,769,4,0.0018948365703458083,0.005201560468140442,0.0020245891497467933,0.013297387544882687,0.0018948365703458077,0.0018948365703458077
NONFIBROTIC ILD ADJUDICATED,9,834099608,genomic_isotonic,6,769,2,0.0018948365703458083,0.002600780234070221,0.0007135177289523901,0.009432753192718508,0.0018948365703458077,0.0018948365703458077
NONFIBROTIC ILD ADJUDICATED,9,834099608,genomic_isotonic,7,770,0,0.001908204092839198,0.0,0.0,0.004964141914221508,0.0018948365703458077,0.0022624434389140274
NONFIBROTIC ILD ADJUDICATED,9,834099608,genomic_isotonic,8,769,1,0.0028609367917137767,0.0013003901170351106,0.0002295876800841234,0.007328830355107483,0.0022624434389140274,0.003033367037411527
NONFIBROTIC ILD ADJUDICATED,9,834099608,genomic_isotonic,9,770,2,0.003033367037411527,0.0025974025974025974,0.0007125907061236786,0.009420568652699277,0.003033367037411527,0.003033367037411527
NONFIBROTIC ILD ADJUDICATED,9,834099608,combined_raw,0,770,2,5.095736640606167e-254,0.0025974025974025974,0.0007125907061236786,0.009420568652699277,0.0,5.456579193473086e-252
NONFIBROTIC ILD ADJUDICATED,9,834099608,combined_raw,1,769,1,1.807520825119615e-229,0.0013003901170351106,0.0002295876800841234,0.007328830355107483,7.017140153933541e-252,9.709959756776376e-228
NONFIBROTIC ILD ADJUDICATED,9,834099608,combined_raw,2,770,0,5.256877570480559e-212,0.0,0.0,0.004964141914221508,9.989647321388256e-228,1.829346861395604e-210
NONFIBROTIC ILD ADJUDICATED,9,834099608,combined_raw,3,769,3,2.3511483237481543e-196,0.0039011703511053317,0.001327618000260774,0.011406505807889416,1.858013615831846e-210,7.340795386561263e-195
NONFIBROTIC ILD ADJUDICATED,9,834099608,combined_raw,4,770,1,3.0910864402870644e-181,0.0012987012987012987,0.00022928946639889794,0.007319361170123334,7.606628465052312e-195,9.721754815864213e-180
NONFIBROTIC ILD ADJUDICATED,9,834099608,combined_raw,5,769,0,7.060475888303381e-166,0.0,0.0,0.004970565148712315,1.0046807876784976e-179,2.3763195693305495e-164
NONFIBROTIC ILD ADJUDICATED,9,834099608,combined_raw,6,769,1,4.306928568754342e-148,0.0013003901170351106,0.0002295876800841234,0.007328830355107483,2.4346854165044534e-164,2.2354556034293976e-146
NONFIBROTIC ILD ADJUDICATED,9,834099608,combined_raw,7,770,4,4.351708046214887e-124,0.005194805194805195,0.0020219574690050306,0.013280219334419372,2.2455708373600074e-146,2.520370337905319e-122
NONFIBROTIC ILD ADJUDICATED,9,834099608,combined_raw,8,769,1,3.795188020769497e-89,0.0013003901170351106,0.0002295876800841234,0.007328830355107483,2.65786315445695e-122,3.386045333929162e-87
NONFIBROTIC ILD ADJUDICATED,9,834099608,combined_raw,9,770,3,0.1017938347334796,0.003896103896103896,0.0013258926936253902,0.011391775387498288,4.486435175416927e-87,1.0
NONFIBROTIC ILD ADJUDICATED,9,834099608,combined_isotonic,0,770,4,0.0018750000000000004,0.005194805194805195,0.0020219574690050306,0.013280219334419372,0.001875,0.001875
NONFIBROTIC ILD ADJUDICATED,9,834099608,combined_isotonic,2,770,1,0.0018750000000000004,0.0012987012987012987,0.00022928946639889794,0.007319361170123334,0.001875,0.001875
NONFIBROTIC ILD ADJUDICATED,9,834099608,combined_isotonic,4,770,2,0.0018750000000000004,0.0025974025974025974,0.0007125907061236786,0.009420568652699277,0.001875,0.001875
NONFIBROTIC ILD ADJUDICATED,9,834099608,combined_isotonic,7,770,0,0.0018750000000000004,0.0,0.0,0.004964141914221508,0.001875,0.001875
NONFIBROTIC ILD ADJUDICATED,9,834099608,combined_isotonic,1,769,1,0.0018750000000000006,0.0013003901170351106,0.0002295876800841234,0.007328830355107483,0.001875,0.001875
NONFIBROTIC ILD ADJUDICATED,9,834099608,combined_isotonic,3,769,2,0.0018750000000000006,0.002600780234070221,0.0007135177289523901,0.009432753192718508,0.001875,0.001875
NONFIBROTIC ILD ADJUDICATED,9,834099608,combined_isotonic,5,769,1,0.0018750000000000006,0.0013003901170351106,0.0002295876800841234,0.007328830355107483,0.001875,0.001875
NONFIBROTIC ILD ADJUDICATED,9,834099608,combined_isotonic,6,769,1,0.0018750000000000006,0.0013003901170351106,0.0002295876800841234,0.007328830355107483,0.001875,0.001875
NONFIBROTIC ILD ADJUDICATED,9,834099608,combined_isotonic,8,769,1,0.0018750000000000006,0.0013003901170351106,0.0002295876800841234,0.007328830355107483,0.001875,0.001875
NONFIBROTIC ILD ADJUDICATED,9,834099608,combined_isotonic,9,770,3,0.002462072018890201,0.003896103896103896,0.0013258926936253902,0.011391775387498288,0.001875,0.006060606060606061
NONFIBROTIC ILD ADJUDICATED,10,430577567,zebra_raw,0,770,0,0.23184965200563792,0.0,0.0,0.004964141914221508,0.11693488945217027,0.2603686869559921
NONFIBROTIC ILD ADJUDICATED,10,430577567,zebra_raw,1,769,0,0.2853092183926493,0.0,0.0,0.004970565148712315,0.26043795680852266,0.31090527380487964
NONFIBROTIC ILD ADJUDICATED,10,430577567,zebra_raw,2,770,0,0.34263614866448366,0.0,0.0,0.004964141914221508,0.3109067396753655,0.3756791677534288
NONFIBROTIC ILD ADJUDICATED,10,430577567,zebra_raw,3,769,0,0.4106253644414433,0.0,0.0,0.004970565148712315,0.37570357674586347,0.44856133829255057
NONFIBROTIC ILD ADJUDICATED,10,430577567,zebra_raw,4,770,1,0.49608265478745006,0.0012987012987012987,0.00022928946639889794,0.007319361170123334,0.4486562263513438,0.5483671817409786
NONFIBROTIC ILD ADJUDICATED,10,430577567,zebra_raw,5,769,2,0.608611271555203,0.002600780234070221,0.0007135177289523901,0.009432753192718508,0.5483943674379196,0.6730286394872215
NONFIBROTIC ILD ADJUDICATED,10,430577567,zebra_raw,6,769,1,0.7410622428954327,0.0013003901170351106,0.0002295876800841234,0.007328830355107483,0.673056566981472,0.7993325433440295
NONFIBROTIC ILD ADJUDICATED,10,430577567,zebra_raw,7,770,1,0.8533724218082546,0.0012987012987012987,0.00022928946639889794,0.007319361170123334,0.800156329417954,0.9082519978197306
NONFIBROTIC ILD ADJUDICATED,10,430577567,zebra_raw,8,769,3,0.9553656349828573,0.0039011703511053317,0.001327618000260774,0.011406505807889416,0.9083887116171876,0.987643455459845
NONFIBROTIC ILD ADJUDICATED,10,430577567,zebra_raw,9,770,8,0.9971562880642302,0.01038961038961039,0.005273784940225151,0.020366426752402144,0.9878201791949976,1.0
NONFIBROTIC ILD ADJUDICATED,10,430577567,zebra_isotonic,0,770,0,0.0,0.0,0.0,0.004964141914221508,0.0,0.0
NONFIBROTIC ILD ADJUDICATED,10,430577567,zebra_isotonic,1,769,0,0.0,0.0,0.0,0.004970565148712315,0.0,0.0
NONFIBROTIC ILD ADJUDICATED,10,430577567,zebra_isotonic,2,770,1,0.0,0.0012987012987012987,0.00022928946639889794,0.007319361170123334,0.0,0.0
NONFIBROTIC ILD ADJUDICATED,10,430577567,zebra_isotonic,3,769,0,0.0,0.0,0.0,0.004970565148712315,0.0,0.0
NONFIBROTIC ILD ADJUDICATED,10,430577567,zebra_isotonic,4,770,0,0.0,0.0,0.0,0.004964141914221508,0.0,0.0
NONFIBROTIC ILD ADJUDICATED,10,430577567,zebra_isotonic,5,769,1,0.0012499873993205713,0.0013003901170351106,0.0002295876800841234,0.007328830355107483,0.0,0.0012919896640826874
NONFIBROTIC ILD ADJUDICATED,10,430577567,zebra_isotonic,6,769,2,0.0025879032981350977,0.002600780234070221,0.0007135177289523901,0.009432753192718508,0.0012919896640826874,0.0037285607755406414
NONFIBROTIC ILD ADJUDICATED,10,430577567,zebra_isotonic,8,769,4,0.003728560775540642,0.005201560468140442,0.0020245891497467933,0.013297387544882687,0.0037285607755406414,0.0037285607755406414
NONFIBROTIC ILD ADJUDICATED,10,430577567,zebra_isotonic,7,770,1,0.0037285607755406422,0.0012987012987012987,0.00022928946639889794,0.007319361170123334,0.0037285607755406414,0.0037285607755406414
NONFIBROTIC ILD ADJUDICATED,10,430577567,zebra_isotonic,9,770,7,0.012943322963496666,0.00909090909090909,0.004410478976495486,0.01864522399383109,0.0037285607755406414,0.0392156862745098
NONFIBROTIC ILD ADJUDICATED,10,430577567,genomic_raw,0,770,1,9.98098288164956e-11,0.0012987012987012987,0.00022928946639889794,0.007319361170123334,4.982724189640486e-12,2.7137529730608807e-10
NONFIBROTIC ILD ADJUDICATED,10,430577567,genomic_raw,1,769,5,2.202801183252928e-09,0.006501950585175552,0.002780348414515579,0.015129481166593194,2.7202177344037634e-10,7.98793896468542e-09
NONFIBROTIC ILD ADJUDICATED,10,430577567,genomic_raw,2,770,2,1.8283373289330224e-08,0.0025974025974025974,0.0007125907061236786,0.009420568652699277,8.015984384690853e-09,3.026124407016383e-08
NONFIBROTIC ILD ADJUDICATED,10,430577567,genomic_raw,3,769,0,4.791566937847653e-08,0.0,0.0,0.004970565148712315,3.02788110687208e-08,7.012849721581555e-08
NONFIBROTIC ILD ADJUDICATED,10,430577567,genomic_raw,4,770,3,1.105599585368776e-07,0.003896103896103896,0.0013258926936253902,0.011391775387498288,7.01439259969903e-08,1.6630286381434926e-07
NONFIBROTIC ILD ADJUDICATED,10,430577567,genomic_raw,5,769,2,2.8845522798484116e-07,0.002600780234070221,0.0007135177289523901,0.009432753192718508,1.6645959290935549e-07,4.854369789626529e-07
NONFIBROTIC ILD ADJUDICATED,10,430577567,genomic_raw,6,769,1,1.5919413121145946e-06,0.0013003901170351106,0.0002295876800841234,0.007328830355107483,4.863697705770942e-07,4.955603200213241e-06
NONFIBROTIC ILD ADJUDICATED,10,430577567,genomic_raw,7,770,1,2.7438695353619862e-05,0.0012987012987012987,0.00022928946639889794,0.007319361170123334,4.961882355870023e-06,6.413276935143578e-05
NONFIBROTIC ILD ADJUDICATED,10,430577567,genomic_raw,8,769,1,0.00018129987569347414,0.0013003901170351106,0.0002295876800841234,0.007328830355107483,6.430367470733737e-05,0.0004198872756930705
NONFIBROTIC ILD ADJUDICATED,10,430577567,genomic_raw,9,770,0,0.032125080352890883,0.0,0.0,0.004964141914221508,0.00042118393774672386,0.9381892995850263
NONFIBROTIC ILD ADJUDICATED,10,430577567,genomic_isotonic,0,770,0,0.0,0.0,0.0,0.004964141914221508,0.0,0.0
NONFIBROTIC ILD ADJUDICATED,10,430577567,genomic_isotonic,1,769,1,0.0,0.0013003901170351106,0.0002295876800841234,0.007328830355107483,0.0,0.0
NONFIBROTIC ILD ADJUDICATED,10,430577567,genomic_isotonic,2,770,3,0.0,0.003896103896103896,0.0013258926936253902,0.011391775387498288,0.0,0.0
NONFIBROTIC ILD ADJUDICATED,10,430577567,genomic_isotonic,3,769,6,0.0002284144043452833,0.007802340702210663,0.003580646807040671,0.016917035660547395,0.0,0.0010235414534288639
NONFIBROTIC ILD ADJUDICATED,10,430577567,genomic_isotonic,4,770,1,0.0010235414534288637,0.0012987012987012987,0.00022928946639889794,0.007319361170123334,0.0010235414534288639,0.0010235414534288639
NONFIBROTIC ILD ADJUDICATED,10,430577567,genomic_isotonic,5,769,2,0.0010235414534288637,0.002600780234070221,0.0007135177289523901,0.009432753192718508,0.0010235414534288639,0.0010235414534288639
NONFIBROTIC ILD ADJUDICATED,10,430577567,genomic_isotonic,6,769,2,0.0024239716235511205,0.002600780234070221,0.0007135177289523901,0.009432753192718508,0.0010235414534288639,0.003164556962025316
NONFIBROTIC ILD ADJUDICATED,10,430577567,genomic_isotonic,7,770,1,0.003164556962025316,0.0012987012987012987,0.00022928946639889794,0.007319361170123334,0.003164556962025316,0.003164556962025316
NONFIBROTIC ILD ADJUDICATED,10,430577567,genomic_isotonic,8,769,0,0.003164556962025316,0.0,0.0,0.004970565148712315,0.003164556962025316,0.003164556962025316
NONFIBROTIC ILD ADJUDICATED,10,430577567,genomic_isotonic,9,770,0,0.005405639436465463,0.0,0.0,0.004964141914221508,0.003164556962025316,0.01098901098901099
NONFIBROTIC ILD ADJUDICATED,10,430577567,combined_raw,0,770,1,0.0003519737046218967,0.0012987012987012987,0.00022928946639889794,0.007319361170123334,8.754519931405428e-05,0.00053386464418994
NONFIBROTIC ILD ADJUDICATED,10,430577567,combined_raw,1,769,0,0.0007132755233579748,0.0,0.0,0.004970565148712315,0.0005348520778681744,0.0009138005026862262
NONFIBROTIC ILD ADJUDICATED,10,430577567,combined_raw,2,770,1,0.0011609964115717772,0.0012987012987012987,0.00022928946639889794,0.007319361170123334,0.0009144619871370651,0.0014273722218975994
NONFIBROTIC ILD ADJUDICATED,10,430577567,combined_raw,3,769,3,0.0017691071182851128,0.0039011703511053317,0.001327618000260774,0.011406505807889416,0.0014275814036551157,0.0021513621811216107
NONFIBROTIC ILD ADJUDICATED,10,430577567,combined_raw,4,770,2,0.002671142308072025,0.0025974025974025974,0.0007125907061236786,0.009420568652699277,0.002151980743362559,0.0032768296562019532
NONFIBROTIC ILD ADJUDICATED,10,430577567,combined_raw,5,769,2,0.00421377502879814,0.002600780234070221,0.0007135177289523901,0.009432753192718508,0.0032825712386507205,0.005297079155691011
NONFIBROTIC ILD ADJUDICATED,10,430577567,combined_raw,6,769,0,0.006991866710076378,0.0,0.0,0.004970565148712315,0.005300926061842599,0.00917569105172248
NONFIBROTIC ILD ADJUDICATED,10,430577567,combined_raw,7,770,2,0.01291609683879768,0.0025974025974025974,0.0007125907061236786,0.009420568652699277,0.009185226344492736,0.01839635658363952
NONFIBROTIC ILD ADJUDICATED,10,430577567,combined_raw,8,769,2,0.030904221794658203,0.002600780234070221,0.0007135177289523901,0.009432753192718508,0.018425710300812026,0.05116663657471803
NONFIBROTIC ILD ADJUDICATED,10,430577567,combined_raw,9,770,3,0.16210144625111025,0.003896103896103896,0.0013258926936253902,0.011391775387498288,0.051342926176302865,0.9314886774423319
NONFIBROTIC ILD ADJUDICATED,10,430577567,combined_isotonic,0,770,1,0.0,0.0012987012987012987,0.00022928946639889794,0.007319361170123334,0.0,0.0
NONFIBROTIC ILD ADJUDICATED,10,430577567,combined_isotonic,1,769,0,0.0,0.0,0.0,0.004970565148712315,0.0,0.0
NONFIBROTIC ILD ADJUDICATED,10,430577567,combined_isotonic,2,770,1,0.0,0.0012987012987012987,0.00022928946639889794,0.007319361170123334,0.0,0.0
NONFIBROTIC ILD ADJUDICATED,10,430577567,combined_isotonic,3,769,1,0.0010364495487260037,0.0013003901170351106,0.0002295876800841234,0.007328830355107483,0.0,0.0012376237623762376
NONFIBROTIC ILD ADJUDICATED,10,430577567,combined_isotonic,4,770,3,0.0013577543278454301,0.003896103896103896,0.0013258926936253902,0.011391775387498288,0.0012376237623762376,0.0016638935108153079
NONFIBROTIC ILD ADJUDICATED,10,430577567,combined_isotonic,5,769,3,0.0019408391569051414,0.0039011703511053317,0.001327618000260774,0.011406505807889416,0.0016638935108153079,0.0024615384615384616
NONFIBROTIC ILD ADJUDICATED,10,430577567,combined_isotonic,6,769,1,0.002461538461538462,0.0013003901170351106,0.0002295876800841234,0.007328830355107483,0.0024615384615384616,0.0024615384615384616
NONFIBROTIC ILD ADJUDICATED,10,430577567,combined_isotonic,7,770,2,0.002461538461538462,0.0025974025974025974,0.0007125907061236786,0.009420568652699277,0.0024615384615384616,0.0024615384615384616
NONFIBROTIC ILD ADJUDICATED,10,430577567,combined_isotonic,8,769,2,0.004055803240654413,0.002600780234070221,0.0007135177289523901,0.009432753192718508,0.0024615384615384616,0.005479452054794521
NONFIBROTIC ILD ADJUDICATED,10,430577567,combined_isotonic,9,770,2,0.006390630187415864,0.0025974025974025974,0.0007125907061236786,0.009420568652699277,0.005479452054794521,0.007874015748031496
NONFIBROTIC ILD ADJUDICATED,11,1421401214,zebra_raw,0,770,0,0.23170684923022758,0.0,0.0,0.004964141914221508,0.11052533634471677,0.2615897480367035
NONFIBROTIC ILD ADJUDICATED,11,1421401214,zebra_raw,1,769,0,0.2864257069770579,0.0,0.0,0.004970565148712315,0.2615951007755146,0.3131465511809583
NONFIBROTIC ILD ADJUDICATED,11,1421401214,zebra_raw,2,770,0,0.3432720531506422,0.0,0.0,0.004964141914221508,0.3132357458358274,0.3750647308513072
NONFIBROTIC ILD ADJUDICATED,11,1421401214,zebra_raw,3,769,0,0.40950620420151906,0.0,0.0,0.004970565148712315,0.3751251044125535,0.4452869043223011
NONFIBROTIC ILD ADJUDICATED,11,1421401214,zebra_raw,4,770,0,0.4906189430500126,0.0,0.0,0.004964141914221508,0.44553944389227945,0.5418524641444505
NONFIBROTIC ILD ADJUDICATED,11,1421401214,zebra_raw,5,769,2,0.6021337299385577,0.002600780234070221,0.0007135177289523901,0.009432753192718508,0.5418736368405029,0.6615039843134092
NONFIBROTIC ILD ADJUDICATED,11,1421401214,zebra_raw,6,769,3,0.7268854564918559,0.0039011703511053317,0.001327618000260774,0.011406505807889416,0.6617424807598203,0.7871340958773702
NONFIBROTIC ILD ADJUDICATED,11,1421401214,zebra_raw,7,770,3,0.8427502205974295,0.003896103896103896,0.0013258926936253902,0.011391775387498288,0.7872372419200562,0.8974983546300257
NONFIBROTIC ILD ADJUDICATED,11,1421401214,zebra_raw,8,769,1,0.9486172788735567,0.0013003901170351106,0.0002295876800841234,0.007328830355107483,0.897855587436746,0.9853504544758104
NONFIBROTIC ILD ADJUDICATED,11,1421401214,zebra_raw,9,770,7,0.9964420108444918,0.00909090909090909,0.004410478976495486,0.01864522399383109,0.9853533817341006,1.0
NONFIBROTIC ILD ADJUDICATED,11,1421401214,zebra_isotonic,0,770,0,0.0,0.0,0.0,0.004964141914221508,0.0,0.0
NONFIBROTIC ILD ADJUDICATED,11,1421401214,zebra_isotonic,1,769,0,0.0,0.0,0.0,0.004970565148712315,0.0,0.0
NONFIBROTIC ILD ADJUDICATED,11,1421401214,zebra_isotonic,2,770,0,0.0,0.0,0.0,0.004964141914221508,0.0,0.0
NONFIBROTIC ILD ADJUDICATED,11,1421401214,zebra_isotonic,3,769,0,0.0,0.0,0.0,0.004970565148712315,0.0,0.0
NONFIBROTIC ILD ADJUDICATED,11,1421401214,zebra_isotonic,4,770,0,0.00019001492445516052,0.0,0.0,0.004964141914221508,0.0,0.0014771048744460858
NONFIBROTIC ILD ADJUDICATED,11,1421401214,zebra_isotonic,5,769,3,0.0014771048744460853,0.0039011703511053317,0.001327618000260774,0.011406505807889416,0.0014771048744460858,0.0014771048744460858
NONFIBROTIC ILD ADJUDICATED,11,1421401214,zebra_isotonic,6,769,2,0.0014771048744460853,0.002600780234070221,0.0007135177289523901,0.009432753192718508,0.0014771048744460858,0.0014771048744460858
NONFIBROTIC ILD ADJUDICATED,11,1421401214,zebra_isotonic,7,770,4,0.0015987917736788881,0.005194805194805195,0.0020219574690050306,0.013280219334419372,0.0014771048744460858,0.0017793594306049821
NONFIBROTIC ILD ADJUDICATED,11,1421401214,zebra_isotonic,8,769,2,0.0022058304153508715,0.002600780234070221,0.0007135177289523901,0.009432753192718508,0.0017793594306049821,0.0029940119760479044
NONFIBROTIC ILD ADJUDICATED,11,1421401214,zebra_isotonic,9,770,5,0.014397588419462072,0.006493506493506494,0.0027767335367897463,0.01510995198893538,0.0029940119760479044,0.06153846153846154
NONFIBROTIC ILD ADJUDICATED,11,1421401214,genomic_raw,0,770,2,7.146475080631286e-09,0.0025974025974025974,0.0007125907061236786,0.009420568652699277,1.0170548686731698e-10,1.871811061988475e-08
NONFIBROTIC ILD ADJUDICATED,11,1421401214,genomic_raw,1,769,1,3.602839095903863e-08,0.0013003901170351106,0.0002295876800841234,0.007328830355107483,1.8794393101744465e-08,5.3390305821364016e-08
NONFIBROTIC ILD ADJUDICATED,11,1421401214,genomic_raw,2,770,2,6.998680415813374e-08,0.0025974025974025974,0.0007125907061236786,0.009420568652699277,5.3499569202355755e-08,8.774106944289543e-08
NONFIBROTIC ILD ADJUDICATED,11,1421401214,genomic_raw,3,769,0,1.0937637092831083e-07,0.0,0.0,0.004970565148712315,8.774386876652561e-08,1.3140431527302496e-07
NONFIBROTIC ILD ADJUDICATED,11,1421401214,genomic_raw,4,770,0,1.5857435797460995e-07,0.0,0.0,0.004964141914221508,1.314061339746e-07,1.8983883331044339e-07
NONFIBROTIC ILD ADJUDICATED,11,1421401214,genomic_raw,5,769,1,2.345648319598898e-07,0.0013003901170351106,0.0002295876800841234,0.007328830355107483,1.899157311994997e-07,2.872665373686312e-07
NONFIBROTIC ILD ADJUDICATED,11,1421401214,genomic_raw,6,769,5,3.6840804975962494e-07,0.006501950585175552,0.002780348414515579,0.015129481166593194,2.8743505048746124e-07,4.811075229983966e-07
NONFIBROTIC ILD ADJUDICATED,11,1421401214,genomic_raw,7,770,1,7.197224431140038e-07,0.0012987012987012987,0.00022928946639889794,0.007319361170123334,4.812591347167692e-07,1.120847057945277e-06
NONFIBROTIC ILD ADJUDICATED,11,1421401214,genomic_raw,8,769,4,0.00010493584946157398,0.005201560468140442,0.0020245891497467933,0.013297387544882687,1.1215518950586444e-06,0.0006198950901714024
NONFIBROTIC ILD ADJUDICATED,11,1421401214,genomic_raw,9,770,0,0.013921043655167694,0.0,0.0,0.004964141914221508,0.0006213234150763751,0.43389304534507606
NONFIBROTIC ILD ADJUDICATED,11,1421401214,genomic_isotonic,0,770,2,0.0,0.0025974025974025974,0.0007125907061236786,0.009420568652699277,0.0,0.0
NONFIBROTIC ILD ADJUDICATED,11,1421401214,genomic_isotonic,1,769,2,0.0006125631124375747,0.002600780234070221,0.0007135177289523901,0.009432753192718508,0.0,0.0016375545851528383
NONFIBROTIC ILD ADJUDICATED,11,1421401214,genomic_isotonic,3,769,1,0.0016375545851528383,0.0013003901170351106,0.0002295876800841234,0.007328830355107483,0.0016375545851528383,0.0016375545851528383
NONFIBROTIC ILD ADJUDICATED,11,1421401214,genomic_isotonic,2,770,1,0.0016375545851528388,0.0012987012987012987,0.00022928946639889794,0.007319361170123334,0.0016375545851528383,0.0016375545851528383
NONFIBROTIC ILD ADJUDICATED,11,1421401214,genomic_isotonic,4,770,0,0.0016375545851528388,0.0,0.0,0.004964141914221508,0.0016375545851528383,0.0016375545851528383
NONFIBROTIC ILD ADJUDICATED,11,1421401214,genomic_isotonic,5,769,1,0.0017708218056085834,0.0013003901170351106,0.0002295876800841234,0.007328830355107483,0.0016375545851528383,0.0019579050416054823
NONFIBROTIC ILD ADJUDICATED,11,1421401214,genomic_isotonic,6,769,3,0.0019579050416054823,0.0039011703511053317,0.001327618000260774,0.011406505807889416,0.0019579050416054823,0.0019579050416054823
NONFIBROTIC ILD ADJUDICATED,11,1421401214,genomic_isotonic,7,770,3,0.0019579050416054823,0.003896103896103896,0.0013258926936253902,0.011391775387498288,0.0019579050416054823,0.0019579050416054823
NONFIBROTIC ILD ADJUDICATED,11,1421401214,genomic_isotonic,8,769,3,0.0035003876554496297,0.0039011703511053317,0.001327618000260774,0.011406505807889416,0.0019579050416054823,0.005563282336578581
NONFIBROTIC ILD ADJUDICATED,11,1421401214,genomic_isotonic,9,770,0,0.005563282336578581,0.0,0.0,0.004964141914221508,0.005563282336578581,0.005563282336578581
NONFIBROTIC ILD ADJUDICATED,11,1421401214,combined_raw,0,770,0,0.0007916854803869722,0.0,0.0,0.004964141914221508,0.0007007539826617953,0.0008473760112765055
NONFIBROTIC ILD ADJUDICATED,11,1421401214,combined_raw,1,769,0,0.0008900517730479534,0.0,0.0,0.004970565148712315,0.000847623545306387,0.0009314224861357183
NONFIBROTIC ILD ADJUDICATED,11,1421401214,combined_raw,2,770,0,0.000976145809480377,0.0,0.0,0.004964141914221508,0.0009314716624850767,0.0010229440811722176
NONFIBROTIC ILD ADJUDICATED,11,1421401214,combined_raw,3,769,1,0.0010802761886355447,0.0013003901170351106,0.0002295876800841234,0.007328830355107483,0.0010229568527707984,0.0011462937269000658
NONFIBROTIC ILD ADJUDICATED,11,1421401214,combined_raw,4,770,0,0.0012294361165595155,0.0,0.0,0.004964141914221508,0.0011463197783364604,0.001330062814261445
NONFIBROTIC ILD ADJUDICATED,11,1421401214,combined_raw,5,769,4,0.0015085958834141601,0.005201560468140442,0.0020245891497467933,0.013297387544882687,0.0013300890276783154,0.0017321523078270944
NONFIBROTIC ILD ADJUDICATED,11,1421401214,combined_raw,6,769,2,0.002070639330747608,0.002600780234070221,0.0007135177289523901,0.009432753192718508,0.0017324484086875913,0.0024460319833281108
NONFIBROTIC ILD ADJUDICATED,11,1421401214,combined_raw,7,770,2,0.002873166003611112,0.0025974025974025974,0.0007125907061236786,0.009420568652699277,0.002446581866449153,0.0034043783167531532
NONFIBROTIC ILD ADJUDICATED,11,1421401214,combined_raw,8,769,1,0.004262068316181379,0.0013003901170351106,0.0002295876800841234,0.007328830355107483,0.003405268021871505,0.0056130291845067895
NONFIBROTIC ILD ADJUDICATED,11,1421401214,combined_raw,9,770,6,0.10572463093256475,0.007792207792207792,0.0035759904186376326,0.016895203829388215,0.005621020994255798,0.9487429188578189
NONFIBROTIC ILD ADJUDICATED,11,1421401214,combined_isotonic,0,770,1,0.0013205613371176283,0.0012987012987012987,0.00022928946639889794,0.007319361170123334,0.0,0.0013796909492273732
NONFIBROTIC ILD ADJUDICATED,11,1421401214,combined_isotonic,1,769,2,0.0013796909492273732,0.002600780234070221,0.0007135177289523901,0.009432753192718508,0.0013796909492273732,0.0013796909492273732
NONFIBROTIC ILD ADJUDICATED,11,1421401214,combined_isotonic,2,770,0,0.0013796909492273732,0.0,0.0,0.004964141914221508,0.0013796909492273732,0.0013796909492273732
NONFIBROTIC ILD ADJUDICATED,11,1421401214,combined_isotonic,3,769,0,0.0013796909492273732,0.0,0.0,0.004970565148712315,0.0013796909492273732,0.0013796909492273732
NONFIBROTIC ILD ADJUDICATED,11,1421401214,combined_isotonic,4,770,1,0.0013796909492273732,0.0012987012987012987,0.00022928946639889794,0.007319361170123334,0.0013796909492273732,0.0013796909492273732
NONFIBROTIC ILD ADJUDICATED,11,1421401214,combined_isotonic,5,769,2,0.0013796909492273732,0.002600780234070221,0.0007135177289523901,0.009432753192718508,0.0013796909492273732,0.0013796909492273732
NONFIBROTIC ILD ADJUDICATED,11,1421401214,combined_isotonic,6,769,0,0.0013796909492273732,0.0,0.0,0.004970565148712315,0.0013796909492273732,0.0013796909492273732
NONFIBROTIC ILD ADJUDICATED,11,1421401214,combined_isotonic,7,770,6,0.0019173127990210089,0.007792207792207792,0.0035759904186376326,0.016895203829388215,0.0013796909492273732,0.001941747572815534
NONFIBROTIC ILD ADJUDICATED,11,1421401214,combined_isotonic,8,769,0,0.0019417475728155341,0.0,0.0,0.004970565148712315,0.001941747572815534,0.001941747572815534
NONFIBROTIC ILD ADJUDICATED,11,1421401214,combined_isotonic,9,770,4,0.011382282041765154,0.005194805194805195,0.0020219574690050306,0.013280219334419372,0.001941747572815534,0.028169014084507043
NONFIBROTIC ILD ADJUDICATED,12,780332407,zebra_raw,0,770,0,0.23235290420272645,0.0,0.0,0.004964141914221508,0.1267879796421734,0.2606166535515202
NONFIBROTIC ILD ADJUDICATED,12,780332407,zebra_raw,1,769,0,0.2861712791903564,0.0,0.0,0.004970565148712315,0.2606494295469696,0.31130472529421865
NONFIBROTIC ILD ADJUDICATED,12,780332407,zebra_raw,2,770,0,0.34121799942244646,0.0,0.0,0.004964141914221508,0.31141391904777477,0.37474196822514005
NONFIBROTIC ILD ADJUDICATED,12,780332407,zebra_raw,3,769,0,0.4102905970481082,0.0,0.0,0.004970565148712315,0.374745314783611,0.4466615380919113
NONFIBROTIC ILD ADJUDICATED,12,780332407,zebra_raw,4,770,1,0.49468409900533256,0.0012987012987012987,0.00022928946639889794,0.007319361170123334,0.4469570249946754,0.5479284642962357
NONFIBROTIC ILD ADJUDICATED,12,780332407,zebra_raw,5,769,2,0.6084843249454238,0.002600780234070221,0.0007135177289523901,0.009432753192718508,0.5481119570964046,0.6712585506692749
NONFIBROTIC ILD ADJUDICATED,12,780332407,zebra_raw,6,769,3,0.7395575573403683,0.0039011703511053317,0.001327618000260774,0.011406505807889416,0.671442579284791,0.8030765657951747
NONFIBROTIC ILD ADJUDICATED,12,780332407,zebra_raw,7,770,2,0.8555672710943232,0.0025974025974025974,0.0007125907061236786,0.009420568652699277,0.8032249665798104,0.9110620623311917
NONFIBROTIC ILD ADJUDICATED,12,780332407,zebra_raw,8,769,2,0.9554595225121424,0.002600780234070221,0.0007135177289523901,0.009432753192718508,0.9110992120818006,0.9873223112814441
NONFIBROTIC ILD ADJUDICATED,12,780332407,zebra_raw,9,770,6,0.9971881545733787,0.007792207792207792,0.0035759904186376326,0.016895203829388215,0.9874135235232654,1.0
NONFIBROTIC ILD ADJUDICATED,12,780332407,zebra_isotonic,0,770,0,0.0,0.0,0.0,0.004964141914221508,0.0,0.0
NONFIBROTIC ILD ADJUDICATED,12,780332407,zebra_isotonic,1,769,0,0.0,0.0,0.0,0.004970565148712315,0.0,0.0
NONFIBROTIC ILD ADJUDICATED,12,780332407,zebra_isotonic,2,770,1,0.0,0.0012987012987012987,0.00022928946639889794,0.007319361170123334,0.0,0.0
NONFIBROTIC ILD ADJUDICATED,12,780332407,zebra_isotonic,3,769,1,0.0,0.0013003901170351106,0.0002295876800841234,0.007328830355107483,0.0,0.0
NONFIBROTIC ILD ADJUDICATED,12,780332407,zebra_isotonic,4,770,0,0.0,0.0,0.0,0.004964141914221508,0.0,0.0
NONFIBROTIC ILD ADJUDICATED,12,780332407,zebra_isotonic,5,769,2,0.0010321527830898286,0.002600780234070221,0.0007135177289523901,0.009432753192718508,0.0,0.001568627450980392
NONFIBROTIC ILD ADJUDICATED,12,780332407,zebra_isotonic,6,769,1,0.0015686274509803919,0.0013003901170351106,0.0002295876800841234,0.007328830355107483,0.001568627450980392,0.001568627450980392
NONFIBROTIC ILD ADJUDICATED,12,780332407,zebra_isotonic,7,770,4,0.001821074333536058,0.005194805194805195,0.0020219574690050306,0.013280219334419372,0.001568627450980392,0.0025974025974025974
NONFIBROTIC ILD ADJUDICATED,12,780332407,zebra_isotonic,8,769,1,0.0030827788451337646,0.0013003901170351106,0.0002295876800841234,0.007328830355107483,0.0025974025974025974,0.0037174721189591076
NONFIBROTIC ILD ADJUDICATED,12,780332407,zebra_isotonic,9,770,6,0.018294804567051917,0.007792207792207792,0.0035759904186376326,0.016895203829388215,0.0037174721189591076,0.07692307692307693
NONFIBROTIC ILD ADJUDICATED,12,780332407,genomic_raw,0,770,1,3.4449842808652915e-08,0.0012987012987012987,0.00022928946639889794,0.007319361170123334,2.2915176721238873e-09,5.9382613833081185e-08
NONFIBROTIC ILD ADJUDICATED,12,780332407,genomic_raw,1,769,0,8.094445700844697e-08,0.0,0.0,0.004970565148712315,5.9478828605943506e-08,1.0447200348450667e-07
NONFIBROTIC ILD ADJUDICATED,12,780332407,genomic_raw,2,770,3,1.2805478242778268e-07,0.003896103896103896,0.0013258926936253902,0.011391775387498288,1.0452036837877957e-07,1.5411648458873648e-07
NONFIBROTIC ILD ADJUDICATED,12,780332407,genomic_raw,3,769,0,1.8844646119905806e-07,0.0,0.0,0.004970565148712315,1.541651295689479e-07,2.2887872919643717e-07
NONFIBROTIC ILD ADJUDICATED,12,780332407,genomic_raw,4,770,1,2.8111077157635504e-07,0.0012987012987012987,0.00022928946639889794,0.007319361170123334,2.29015152681566e-07,3.416601356934576e-07
NONFIBROTIC ILD ADJUDICATED,12,780332407,genomic_raw,5,769,2,4.402191111690559e-07,0.002600780234070221,0.0007135177289523901,0.009432753192718508,3.4172985263899697e-07,5.539690178230251e-07
NONFIBROTIC ILD ADJUDICATED,12,780332407,genomic_raw,6,769,2,7.422367413852366e-07,0.002600780234070221,0.0007135177289523901,0.009432753192718508,5.542577947594688e-07,1.0273090493253468e-06
NONFIBROTIC ILD ADJUDICATED,12,780332407,genomic_raw,7,770,1,1.745287571600706e-06,0.0012987012987012987,0.00022928946639889794,0.007319361170123334,1.0310256621211737e-06,2.9306456204126887e-06
NONFIBROTIC ILD ADJUDICATED,12,780332407,genomic_raw,8,769,4,0.0007125225973070141,0.005201560468140442,0.0020245891497467933,0.013297387544882687,2.9343301034835894e-06,0.003861842482668915
NONFIBROTIC ILD ADJUDICATED,12,780332407,genomic_raw,9,770,2,0.05609488915232048,0.0025974025974025974,0.0007125907061236786,0.009420568652699277,0.003882514548525815,0.8069388851090245
NONFIBROTIC ILD ADJUDICATED,12,780332407,genomic_isotonic,0,770,2,0.0006220736048478569,0.0025974025974025974,0.0007125907061236786,0.009420568652699277,0.0,0.0015110305228165609
NONFIBROTIC ILD ADJUDICATED,12,780332407,genomic_isotonic,1,769,0,0.0015110305228165609,0.0,0.0,0.004970565148712315,0.0015110305228165609,0.0015110305228165609
NONFIBROTIC ILD ADJUDICATED,12,780332407,genomic_isotonic,2,770,0,0.0015110305228165609,0.0,0.0,0.004964141914221508,0.0015110305228165609,0.0015110305228165609
NONFIBROTIC ILD ADJUDICATED,12,780332407,genomic_isotonic,3,769,1,0.0015110305228165609,0.0013003901170351106,0.0002295876800841234,0.007328830355107483,0.0015110305228165609,0.0015110305228165609
NONFIBROTIC ILD ADJUDICATED,12,780332407,genomic_isotonic,4,770,0,0.0015110305228165609,0.0,0.0,0.004964141914221508,0.0015110305228165609,0.0015110305228165609
NONFIBROTIC ILD ADJUDICATED,12,780332407,genomic_isotonic,5,769,0,0.0015110305228165609,0.0,0.0,0.004970565148712315,0.0015110305228165609,0.0015110305228165609
NONFIBROTIC ILD ADJUDICATED,12,780332407,genomic_isotonic,6,769,3,0.0015110305228165609,0.0039011703511053317,0.001327618000260774,0.011406505807889416,0.0015110305228165609,0.0015110305228165609
NONFIBROTIC ILD ADJUDICATED,12,780332407,genomic_isotonic,7,770,6,0.001535183570604026,0.007792207792207792,0.0035759904186376326,0.016895203829388215,0.0015110305228165609,0.0019646365422396855
NONFIBROTIC ILD ADJUDICATED,12,780332407,genomic_isotonic,8,769,2,0.003114930104935028,0.002600780234070221,0.0007135177289523901,0.009432753192718508,0.0019646365422396855,0.0037735849056603774
NONFIBROTIC ILD ADJUDICATED,12,780332407,genomic_isotonic,9,770,2,0.007232269974429813,0.0025974025974025974,0.0007125907061236786,0.009420568652699277,0.0037735849056603774,0.010869565217391304
NONFIBROTIC ILD ADJUDICATED,12,780332407,combined_raw,0,770,1,0.00046327673407360213,0.0012987012987012987,0.00022928946639889794,0.007319361170123334,0.00011495072006703932,0.000690953196084207
NONFIBROTIC ILD ADJUDICATED,12,780332407,combined_raw,1,769,1,0.0009448644358653298,0.0013003901170351106,0.0002295876800841234,0.007328830355107483,0.0006921886053491631,0.0012139366096759723
NONFIBROTIC ILD ADJUDICATED,12,780332407,combined_raw,2,770,1,0.0015251709551211286,0.0012987012987012987,0.00022928946639889794,0.007319361170123334,0.0012164020397831441,0.0018762275531526973
NONFIBROTIC ILD ADJUDICATED,12,780332407,combined_raw,3,769,0,0.0022890241612467206,0.0,0.0,0.004970565148712315,0.0018765631325829936,0.0027481806904502432
NONFIBROTIC ILD ADJUDICATED,12,780332407,combined_raw,4,770,1,0.0033831485794015475,0.0012987012987012987,0.00022928946639889794,0.007319361170123334,0.002750248987266921,0.004081366752736879
NONFIBROTIC ILD ADJUDICATED,12,780332407,combined_raw,5,769,1,0.005060653269920167,0.0013003901170351106,0.0002295876800841234,0.007328830355107483,0.004082988600633416,0.006236850626976613
NONFIBROTIC ILD ADJUDICATED,12,780332407,combined_raw,6,769,2,0.008057353408246662,0.002600780234070221,0.0007135177289523901,0.009432753192718508,0.006241852334248068,0.010446364464671454
NONFIBROTIC ILD ADJUDICATED,12,780332407,combined_raw,7,770,2,0.014707180032436873,0.0025974025974025974,0.0007125907061236786,0.009420568652699277,0.010456940156158098,0.020534205174296057
NONFIBROTIC ILD ADJUDICATED,12,780332407,combined_raw,8,769,3,0.034543546566916855,0.0039011703511053317,0.001327618000260774,0.011406505807889416,0.020559022384187244,0.05744326013181072
NONFIBROTIC ILD ADJUDICATED,12,780332407,combined_raw,9,770,4,0.1812367811091678,0.005194805194805195,0.0020219574690050306,0.013280219334419372,0.05757526201447619,0.8715621948597596
NONFIBROTIC ILD ADJUDICATED,12,780332407,combined_isotonic,0,770,0,0.0,0.0,0.0,0.004964141914221508,0.0,0.0
NONFIBROTIC ILD ADJUDICATED,12,780332407,combined_isotonic,1,769,0,0.0,0.0,0.0,0.004970565148712315,0.0,0.0
NONFIBROTIC ILD ADJUDICATED,12,780332407,combined_isotonic,2,770,1,0.0,0.0012987012987012987,0.00022928946639889794,0.007319361170123334,0.0,0.0
NONFIBROTIC ILD ADJUDICATED,12,780332407,combined_isotonic,3,769,4,0.00024945436061014784,0.005201560468140442,0.0020245891497467933,0.013297387544882687,0.0,0.000517063081695967
NONFIBROTIC ILD ADJUDICATED,12,780332407,combined_isotonic,4,770,0,0.0005170630816959668,0.0,0.0,0.004964141914221508,0.000517063081695967,0.000517063081695967
NONFIBROTIC ILD ADJUDICATED,12,780332407,combined_isotonic,5,769,1,0.0005170630816959668,0.0013003901170351106,0.0002295876800841234,0.007328830355107483,0.000517063081695967,0.000517063081695967
NONFIBROTIC ILD ADJUDICATED,12,780332407,combined_isotonic,6,769,2,0.0005170630816959668,0.002600780234070221,0.0007135177289523901,0.009432753192718508,0.000517063081695967,0.000517063081695967
NONFIBROTIC ILD ADJUDICATED,12,780332407,combined_isotonic,7,770,1,0.0020345469044049133,0.0012987012987012987,0.00022928946639889794,0.007319361170123334,0.000517063081695967,0.004672897196261682
NONFIBROTIC ILD ADJUDICATED,12,780332407,combined_isotonic,8,769,2,0.004672897196261683,0.002600780234070221,0.0007135177289523901,0.009432753192718508,0.004672897196261682,0.004672897196261682
NONFIBROTIC ILD ADJUDICATED,12,780332407,combined_isotonic,9,770,5,0.014279693040908965,0.006493506493506494,0.0027767335367897463,0.01510995198893538,0.004672897196261682,0.5
NONFIBROTIC ILD ADJUDICATED,13,1099303445,zebra_raw,0,770,0,0.23196246854522032,0.0,0.0,0.004964141914221508,0.11052533634471677,0.2602557535887989
NONFIBROTIC ILD ADJUDICATED,13,1099303445,zebra_raw,1,769,0,0.2855155380664573,0.0,0.0,0.004970565148712315,0.2603278428050794,0.3114993106107179
NONFIBROTIC ILD ADJUDICATED,13,1099303445,zebra_raw,2,770,0,0.3400786983187206,0.0,0.0,0.004964141914221508,0.31156992200982825,0.3720668497622141
NONFIBROTIC ILD ADJUDICATED,13,1099303445,zebra_raw,3,769,0,0.4067544370808297,0.0,0.0,0.004970565148712315,0.37225914109998853,0.44240789327084873
NONFIBROTIC ILD ADJUDICATED,13,1099303445,zebra_raw,4,770,0,0.48622078514251926,0.0,0.0,0.004964141914221508,0.44269436698414544,0.5334546941956584
NONFIBROTIC ILD ADJUDICATED,13,1099303445,zebra_raw,5,769,2,0.5915472885972849,0.002600780234070221,0.0007135177289523901,0.009432753192718508,0.5336636867973894,0.6506946441809638
NONFIBROTIC ILD ADJUDICATED,13,1099303445,zebra_raw,6,769,3,0.7190573136815237,0.0039011703511053317,0.001327618000260774,0.011406505807889416,0.6508133359943927,0.782967575326805
NONFIBROTIC ILD ADJUDICATED,13,1099303445,zebra_raw,7,770,2,0.8396804942892985,0.0025974025974025974,0.0007125907061236786,0.009420568652699277,0.7829845241567808,0.896139016526146
NONFIBROTIC ILD ADJUDICATED,13,1099303445,zebra_raw,8,769,1,0.9469862944421973,0.0013003901170351106,0.0002295876800841234,0.007328830355107483,0.8964823734389683,0.984942449866396
NONFIBROTIC ILD ADJUDICATED,13,1099303445,zebra_raw,9,770,8,0.9961673858018183,0.01038961038961039,0.005273784940225151,0.020366426752402144,0.9849984305162865,1.0
NONFIBROTIC ILD ADJUDICATED,13,1099303445,zebra_isotonic,0,770,0,0.0,0.0,0.0,0.004964141914221508,0.0,0.0
NONFIBROTIC ILD ADJUDICATED,13,1099303445,zebra_isotonic,1,769,0,0.0,0.0,0.0,0.004970565148712315,0.0,0.0
NONFIBROTIC ILD ADJUDICATED,13,1099303445,zebra_isotonic,2,770,0,0.0,0.0,0.0,0.004964141914221508,0.0,0.0
NONFIBROTIC ILD ADJUDICATED,13,1099303445,zebra_isotonic,3,769,0,0.0,0.0,0.0,0.004970565148712315,0.0,0.0
NONFIBROTIC ILD ADJUDICATED,13,1099303445,zebra_isotonic,4,770,0,0.00010189087966298708,0.0,0.0,0.004964141914221508,0.0,0.0016155088852988692
NONFIBROTIC ILD ADJUDICATED,13,1099303445,zebra_isotonic,5,769,1,0.0016155088852988695,0.0013003901170351106,0.0002295876800841234,0.007328830355107483,0.0016155088852988692,0.0016155088852988692
NONFIBROTIC ILD ADJUDICATED,13,1099303445,zebra_isotonic,6,769,4,0.0016155088852988695,0.005201560468140442,0.0020245891497467933,0.013297387544882687,0.0016155088852988692,0.0016155088852988692
NONFIBROTIC ILD ADJUDICATED,13,1099303445,zebra_isotonic,7,770,2,0.0023712301910987135,0.0025974025974025974,0.0007125907061236786,0.009420568652699277,0.0016155088852988692,0.002770083102493075
NONFIBROTIC ILD ADJUDICATED,13,1099303445,zebra_isotonic,8,769,1,0.003399183406806007,0.0013003901170351106,0.0002295876800841234,0.007328830355107483,0.002770083102493075,0.004608294930875576
NONFIBROTIC ILD ADJUDICATED,13,1099303445,zebra_isotonic,9,770,8,0.011186870737637692,0.01038961038961039,0.005273784940225151,0.020366426752402144,0.004608294930875576,0.01639344262295082
NONFIBROTIC ILD ADJUDICATED,13,1099303445,genomic_raw,0,770,2,4.2350100625078043e-228,0.0025974025974025974,0.0007125907061236786,0.009420568652699277,0.0,3.503025811836993e-226
NONFIBROTIC ILD ADJUDICATED,13,1099303445,genomic_raw,1,769,0,1.6368677179342525e-205,0.0,0.0,0.004970565148712315,3.506046353616713e-226,1.052521881924869e-203
NONFIBROTIC ILD ADJUDICATED,13,1099303445,genomic_raw,2,770,3,7.575541306329807e-166,0.003896103896103896,0.0013258926936253902,0.011391775387498288,1.1323878717065525e-203,9.780366851971419e-164
NONFIBROTIC ILD ADJUDICATED,13,1099303445,genomic_raw,3,769,3,1.7883701674151135e-94,0.0039011703511053317,0.001327618000260774,0.011406505807889416,1.393076849502351e-163,1.9364690645781028e-92
NONFIBROTIC ILD ADJUDICATED,13,1099303445,genomic_raw,4,770,0,4.006766957861428e-60,0.0,0.0,0.004964141914221508,2.285012151469153e-92,1.177052666001557e-58
NONFIBROTIC ILD ADJUDICATED,13,1099303445,genomic_raw,5,769,2,5.633922971895206e-48,0.002600780234070221,0.0007135177289523901,0.009432753192718508,1.2038525629734976e-58,1.1487741552309876e-46
NONFIBROTIC ILD ADJUDICATED,13,1099303445,genomic_raw,6,769,0,1.2194297029695981e-35,0.0,0.0,0.004970565148712315,1.1909006353972608e-46,4.246161338644865e-34
NONFIBROTIC ILD ADJUDICATED,13,1099303445,genomic_raw,7,770,0,7.39664594786796e-21,0.0,0.0,0.004964141914221508,4.355082714334566e-34,1.5960159549054787e-19
NONFIBROTIC ILD ADJUDICATED,13,1099303445,genomic_raw,8,769,4,0.00026282813631089963,0.005201560468140442,0.0020245891497467933,0.013297387544882687,1.6077029767331804e-19,0.005006474365055415
NONFIBROTIC ILD ADJUDICATED,13,1099303445,genomic_raw,9,770,2,0.27581485852541837,0.0025974025974025974,0.0007125907061236786,0.009420568652699277,0.005006474365055415,1.0
NONFIBROTIC ILD ADJUDICATED,13,1099303445,genomic_isotonic,1,769,2,0.0016766467065868263,0.002600780234070221,0.0007135177289523901,0.009432753192718508,0.0016766467065868263,0.0016766467065868263
NONFIBROTIC ILD ADJUDICATED,13,1099303445,genomic_isotonic,3,769,1,0.0016766467065868263,0.0013003901170351106,0.0002295876800841234,0.007328830355107483,0.0016766467065868263,0.0016766467065868263
NONFIBROTIC ILD ADJUDICATED,13,1099303445,genomic_isotonic,5,769,0,0.0016766467065868263,0.0,0.0,0.004970565148712315,0.0016766467065868263,0.0016766467065868263
NONFIBROTIC ILD ADJUDICATED,13,1099303445,genomic_isotonic,6,769,1,0.0016766467065868263,0.0013003901170351106,0.0002295876800841234,0.007328830355107483,0.0016766467065868263,0.0016766467065868263
NONFIBROTIC ILD ADJUDICATED,13,1099303445,genomic_isotonic,0,770,2,0.0016766467065868265,0.0025974025974025974,0.0007125907061236786,0.009420568652699277,0.0016766467065868263,0.0016766467065868263
NONFIBROTIC ILD ADJUDICATED,13,1099303445,genomic_isotonic,2,770,2,0.0016766467065868265,0.0025974025974025974,0.0007125907061236786,0.009420568652699277,0.0016766467065868263,0.0016766467065868263
NONFIBROTIC ILD ADJUDICATED,13,1099303445,genomic_isotonic,4,770,4,0.0016766467065868265,0.005194805194805195,0.0020219574690050306,0.013280219334419372,0.0016766467065868263,0.0016766467065868263
NONFIBROTIC ILD ADJUDICATED,13,1099303445,genomic_isotonic,7,770,1,0.0016766467065868265,0.0012987012987012987,0.00022928946639889794,0.007319361170123334,0.0016766467065868263,0.0016766467065868263
NONFIBROTIC ILD ADJUDICATED,13,1099303445,genomic_isotonic,8,769,1,0.0020447350542701845,0.0013003901170351106,0.0002295876800841234,0.007328830355107483,0.0016766467065868263,0.005952380952380952
NONFIBROTIC ILD ADJUDICATED,13,1099303445,genomic_isotonic,9,770,2,0.008167682657478576,0.0025974025974025974,0.0007125907061236786,0.009420568652699277,0.005952380952380952,0.02040816326530612
NONFIBROTIC ILD ADJUDICATED,13,1099303445,combined_raw,0,770,0,1.5576316461752492e-05,0.0,0.0,0.004964141914221508,4.871845002080721e-06,2.2388490508332824e-05
NONFIBROTIC ILD ADJUDICATED,13,1099303445,combined_raw,1,769,0,2.8172686270843444e-05,0.0,0.0,0.004970565148712315,2.2409138794387904e-05,3.410846195053738e-05
NONFIBROTIC ILD ADJUDICATED,13,1099303445,combined_raw,2,770,1,4.145561919136597e-05,0.0012987012987012987,0.00022928946639889794,0.007319361170123334,3.411183331912182e-05,4.899812816791177e-05
NONFIBROTIC ILD ADJUDICATED,13,1099303445,combined_raw,3,769,2,5.8863371274967884e-05,0.002600780234070221,0.0007135177289523901,0.009432753192718508,4.901086168924121e-05,7.005225936654818e-05
NONFIBROTIC ILD ADJUDICATED,13,1099303445,combined_raw,4,770,1,8.54157756026876e-05,0.0012987012987012987,0.00022928946639889794,0.007319361170123334,7.006351495669634e-05,0.00010399234324626515
NONFIBROTIC ILD ADJUDICATED,13,1099303445,combined_raw,5,769,0,0.00012982219947037425,0.0,0.0,0.004970565148712315,0.00010401555254449522,0.0001617522922363121
NONFIBROTIC ILD ADJUDICATED,13,1099303445,combined_raw,6,769,2,0.00021446473929679082,0.002600780234070221,0.0007135177289523901,0.009432753192718508,0.00016195812806681897,0.00028490147434637625
NONFIBROTIC ILD ADJUDICATED,13,1099303445,combined_raw,7,770,3,0.00042456576580026913,0.003896103896103896,0.0013258926936253902,0.011391775387498288,0.00028512209797909143,0.0006346002439628643
NONFIBROTIC ILD ADJUDICATED,13,1099303445,combined_raw,8,769,4,0.00123718384155466,0.005201560468140442,0.0020245891497467933,0.013297387544882687,0.0006361163094991248,0.0024457605867684255
NONFIBROTIC ILD ADJUDICATED,13,1099303445,combined_raw,9,770,3,0.03171583890677475,0.003896103896103896,0.0013258926936253902,0.011391775387498288,0.0024463690419594393,0.502043347067817
NONFIBROTIC ILD ADJUDICATED,13,1099303445,combined_isotonic,0,770,1,0.0,0.0012987012987012987,0.00022928946639889794,0.007319361170123334,0.0,0.0
NONFIBROTIC ILD ADJUDICATED,13,1099303445,combined_isotonic,1,769,0,0.0,0.0,0.0,0.004970565148712315,0.0,0.0
NONFIBROTIC ILD ADJUDICATED,13,1099303445,combined_isotonic,2,770,0,0.0,0.0,0.0,0.004964141914221508,0.0,0.0
NONFIBROTIC ILD ADJUDICATED,13,1099303445,combined_isotonic,3,769,1,0.0,0.0013003901170351106,0.0002295876800841234,0.007328830355107483,0.0,0.0
NONFIBROTIC ILD ADJUDICATED,13,1099303445,combined_isotonic,4,770,2,0.0,0.0025974025974025974,0.0007125907061236786,0.009420568652699277,0.0,0.0
NONFIBROTIC ILD ADJUDICATED,13,1099303445,combined_isotonic,5,769,0,4.970777666888039e-05,0.0,0.0,0.004970565148712315,0.0,0.004008016032064128
NONFIBROTIC ILD ADJUDICATED,13,1099303445,combined_isotonic,6,769,2,0.00407300525206037,0.002600780234070221,0.0007135177289523901,0.009432753192718508,0.004008016032064128,0.004324324324324324
NONFIBROTIC ILD ADJUDICATED,13,1099303445,combined_isotonic,7,770,3,0.004324324324324324,0.003896103896103896,0.0013258926936253902,0.011391775387498288,0.004324324324324324,0.004324324324324324
NONFIBROTIC ILD ADJUDICATED,13,1099303445,combined_isotonic,8,769,5,0.004324324324324324,0.006501950585175552,0.002780348414515579,0.015129481166593194,0.004324324324324324,0.004324324324324324
NONFIBROTIC ILD ADJUDICATED,13,1099303445,combined_isotonic,9,770,2,0.005412380721127316,0.0025974025974025974,0.0007125907061236786,0.009420568652699277,0.004324324324324324,0.05555555555555555
NONFIBROTIC ILD ADJUDICATED,14,487427686,zebra_raw,0,770,0,0.23306040739278408,0.0,0.0,0.004964141914221508,0.11052533634471677,0.26307279854301463
NONFIBROTIC ILD ADJUDICATED,14,487427686,zebra_raw,1,769,0,0.2883273357606809,0.0,0.0,0.004970565148712315,0.2631722485285941,0.31527989209552254
NONFIBROTIC ILD ADJUDICATED,14,487427686,zebra_raw,2,770,0,0.3459824746906772,0.0,0.0,0.004964141914221508,0.3154031876211685,0.37921250302406007
NONFIBROTIC ILD ADJUDICATED,14,487427686,zebra_raw,3,769,0,0.41246496906415064,0.0,0.0,0.004970565148712315,0.3793181620379555,0.44856133829255057
NONFIBROTIC ILD ADJUDICATED,14,487427686,zebra_raw,4,770,1,0.4920171630175055,0.0012987012987012987,0.00022928946639889794,0.007319361170123334,0.4486562263513438,0.5407863218214698
NONFIBROTIC ILD ADJUDICATED,14,487427686,zebra_raw,5,769,2,0.5991962726048926,0.002600780234070221,0.0007135177289523901,0.009432753192718508,0.5408029868197103,0.6607190380028424
NONFIBROTIC ILD ADJUDICATED,14,487427686,zebra_raw,6,769,1,0.726624811646336,0.0013003901170351106,0.0002295876800841234,0.007328830355107483,0.6607442672405176,0.7878636340960249
NONFIBROTIC ILD ADJUDICATED,14,487427686,zebra_raw,7,770,1,0.8441207172645543,0.0012987012987012987,0.00022928946639889794,0.007319361170123334,0.7879530148699121,0.9003282979708815
NONFIBROTIC ILD ADJUDICATED,14,487427686,zebra_raw,8,769,1,0.9507946274738583,0.0013003901170351106,0.0002295876800841234,0.007328830355107483,0.9004332446160401,0.9861373515718582
NONFIBROTIC ILD ADJUDICATED,14,487427686,zebra_raw,9,770,10,0.996741285003423,0.012987012987012988,0.007069333631553706,0.02373989550567504,0.9861384169293421,1.0
NONFIBROTIC ILD ADJUDICATED,14,487427686,zebra_isotonic,0,770,1,0.0,0.0012987012987012987,0.00022928946639889794,0.007319361170123334,0.0,0.0
NONFIBROTIC ILD ADJUDICATED,14,487427686,zebra_isotonic,1,769,0,0.0,0.0,0.0,0.004970565148712315,0.0,0.0
NONFIBROTIC ILD ADJUDICATED,14,487427686,zebra_isotonic,2,770,0,0.0,0.0,0.0,0.004964141914221508,0.0,0.0
NONFIBROTIC ILD ADJUDICATED,14,487427686,zebra_isotonic,3,769,1,0.0,0.0013003901170351106,0.0002295876800841234,0.007328830355107483,0.0,0.0
NONFIBROTIC ILD ADJUDICATED,14,487427686,zebra_isotonic,4,770,0,0.0,0.0,0.0,0.004964141914221508,0.0,0.0
NONFIBROTIC ILD ADJUDICATED,14,487427686,zebra_isotonic,5,769,1,0.0009620233008678112,0.0013003901170351106,0.0002295876800841234,0.007328830355107483,0.0,0.0017006802721088435
NONFIBROTIC ILD ADJUDICATED,14,487427686,zebra_isotonic,6,769,1,0.0027762004459503634,0.0013003901170351106,0.0002295876800841234,0.007328830355107483,0.0017006802721088435,0.004291845493562232
NONFIBROTIC ILD ADJUDICATED,14,487427686,zebra_isotonic,7,770,4,0.004291845493562233,0.005194805194805195,0.0020219574690050306,0.013280219334419372,0.004291845493562232,0.004291845493562232
NONFIBROTIC ILD ADJUDICATED,14,487427686,zebra_isotonic,8,769,0,0.004291845493562233,0.0,0.0,0.004970565148712315,0.004291845493562232,0.004291845493562232
NONFIBROTIC ILD ADJUDICATED,14,487427686,zebra_isotonic,9,770,8,0.009214116091785166,0.01038961038961039,0.005273784940225151,0.020366426752402144,0.004291845493562232,0.022727272727272728
NONFIBROTIC ILD ADJUDICATED,14,487427686,genomic_raw,0,770,2,0.00025091146521649156,0.0025974025974025974,0.0007125907061236786,0.009420568652699277,3.640093917122169e-05,0.00036819660783861115
NONFIBROTIC ILD ADJUDICATED,14,487427686,genomic_raw,1,769,1,0.0004968276368302598,0.0013003901170351106,0.0002295876800841234,0.007328830355107483,0.00036846565227257,0.0006290225287014043
NONFIBROTIC ILD ADJUDICATED,14,487427686,genomic_raw,2,770,0,0.000769689092005293,0.0,0.0,0.004964141914221508,0.0006295949638660331,0.000923345911974754
NONFIBROTIC ILD ADJUDICATED,14,487427686,genomic_raw,3,769,4,0.001116747569698228,0.005201560468140442,0.0020245891497467933,0.013297387544882687,0.0009235893585617882,0.001344227227887826
NONFIBROTIC ILD ADJUDICATED,14,487427686,genomic_raw,4,770,3,0.0016208173692447718,0.003896103896103896,0.0013258926936253902,0.011391775387498288,0.0013445747064210337,0.0019156439554973844
NONFIBROTIC ILD ADJUDICATED,14,487427686,genomic_raw,5,769,2,0.0023805742457685725,0.002600780234070221,0.0007135177289523901,0.009432753192718508,0.0019158066056751521,0.0029456145664816195
NONFIBROTIC ILD ADJUDICATED,14,487427686,genomic_raw,6,769,1,0.0037613746249809685,0.0013003901170351106,0.0002295876800841234,0.007328830355107483,0.0029475425074901576,0.004906663132328408
NONFIBROTIC ILD ADJUDICATED,14,487427686,genomic_raw,7,770,1,0.007077869545022343,0.0012987012987012987,0.00022928946639889794,0.007319361170123334,0.004910782947197535,0.01045994241400284
NONFIBROTIC ILD ADJUDICATED,14,487427686,genomic_raw,8,769,2,0.020988207978999397,0.002600780234070221,0.0007135177289523901,0.009432753192718508,0.010483643495153247,0.03989116799663862
NONFIBROTIC ILD ADJUDICATED,14,487427686,genomic_raw,9,770,0,0.16223217858655078,0.0,0.0,0.004964141914221508,0.039964408951131805,0.9796618919178589
NONFIBROTIC ILD ADJUDICATED,14,487427686,genomic_isotonic,0,770,2,0.0,0.0025974025974025974,0.0007125907061236786,0.009420568652699277,0.0,0.0
NONFIBROTIC ILD ADJUDICATED,14,487427686,genomic_isotonic,1,769,2,0.0009740009935748284,0.002600780234070221,0.0007135177289523901,0.009432753192718508,0.0,0.0013736263736263737
NONFIBROTIC ILD ADJUDICATED,14,487427686,genomic_isotonic,2,770,1,0.0013736263736263737,0.0012987012987012987,0.00022928946639889794,0.007319361170123334,0.0013736263736263737,0.0013736263736263737
NONFIBROTIC ILD ADJUDICATED,14,487427686,genomic_isotonic,3,769,2,0.0015526962991821176,0.002600780234070221,0.0007135177289523901,0.009432753192718508,0.0013736263736263737,0.0015864621893178213
NONFIBROTIC ILD ADJUDICATED,14,487427686,genomic_isotonic,5,769,3,0.001586462189317822,0.0039011703511053317,0.001327618000260774,0.011406505807889416,0.0015864621893178213,0.0015864621893178213
NONFIBROTIC ILD ADJUDICATED,14,487427686,genomic_isotonic,4,770,2,0.0015864621893178221,0.0025974025974025974,0.0007125907061236786,0.009420568652699277,0.0015864621893178213,0.0015864621893178213
NONFIBROTIC ILD ADJUDICATED,14,487427686,genomic_isotonic,6,769,1,0.0019291693766288127,0.0013003901170351106,0.0002295876800841234,0.007328830355107483,0.0015864621893178213,0.0031645569620253164
NONFIBROTIC ILD ADJUDICATED,14,487427686,genomic_isotonic,7,770,0,0.0031645569620253173,0.0,0.0,0.004964141914221508,0.0031645569620253164,0.0031645569620253164
NONFIBROTIC ILD ADJUDICATED,14,487427686,genomic_isotonic,8,769,3,0.0031645569620253173,0.0039011703511053317,0.001327618000260774,0.011406505807889416,0.0031645569620253164,0.0031645569620253164
NONFIBROTIC ILD ADJUDICATED,14,487427686,genomic_isotonic,9,770,0,0.0036875057637638683,0.0,0.0,0.004964141914221508,0.0031645569620253164,0.004878048780487805
NONFIBROTIC ILD ADJUDICATED,14,487427686,combined_raw,0,770,0,2.3380690767867666e-05,0.0,0.0,0.004964141914221508,5.133965978229072e-06,3.6123996082511496e-05
NONFIBROTIC ILD ADJUDICATED,14,487427686,combined_raw,1,769,1,5.084103888766819e-05,0.0013003901170351106,0.0002295876800841234,0.007328830355107483,3.612750506336428e-05,6.571299583649871e-05
NONFIBROTIC ILD ADJUDICATED,14,487427686,combined_raw,2,770,0,8.48000402679889e-05,0.0,0.0,0.004964141914221508,6.571527392792252e-05,0.00010572931881874686
NONFIBROTIC ILD ADJUDICATED,14,487427686,combined_raw,3,769,1,0.00013175572739494644,0.0013003901170351106,0.0002295876800841234,0.007328830355107483,0.00010587945766171157,0.00016099937015834126
NONFIBROTIC ILD ADJUDICATED,14,487427686,combined_raw,4,770,1,0.00019890254204334637,0.0012987012987012987,0.00022928946639889794,0.007319361170123334,0.00016108197893436915,0.0002432537840277445
NONFIBROTIC ILD ADJUDICATED,14,487427686,combined_raw,5,769,0,0.0003046175138890424,0.0,0.0,0.004970565148712315,0.00024327624901176545,0.0003806595850448911
NONFIBROTIC ILD ADJUDICATED,14,487427686,combined_raw,6,769,4,0.0005003195065263953,0.005201560468140442,0.0020245891497467933,0.013297387544882687,0.0003807847129629067,0.0006482185001096688
NONFIBROTIC ILD ADJUDICATED,14,487427686,combined_raw,7,770,0,0.0009064548027755127,0.0,0.0,0.004964141914221508,0.000648929099663883,0.0012615900542719762
NONFIBROTIC ILD ADJUDICATED,14,487427686,combined_raw,8,769,6,0.0021821103703595695,0.007802340702210663,0.003580646807040671,0.016917035660547395,0.001262392470360672,0.0038443092074130596
NONFIBROTIC ILD ADJUDICATED,14,487427686,combined_raw,9,770,3,0.03708884532067709,0.003896103896103896,0.0013258926936253902,0.011391775387498288,0.0038649256654284775,0.8005345937431664
NONFIBROTIC ILD ADJUDICATED,14,487427686,combined_isotonic,0,770,0,0.0015249708249362175,0.0,0.0,0.004964141914221508,0.0,0.0017146776406035665
NONFIBROTIC ILD ADJUDICATED,14,487427686,combined_isotonic,1,769,1,0.001714677640603567,0.0013003901170351106,0.0002295876800841234,0.007328830355107483,0.0017146776406035665,0.0017146776406035665
NONFIBROTIC ILD ADJUDICATED,14,487427686,combined_isotonic,2,770,0,0.001714677640603567,0.0,0.0,0.004964141914221508,0.0017146776406035665,0.0017146776406035665
NONFIBROTIC ILD ADJUDICATED,14,487427686,combined_isotonic,3,769,2,0.001714677640603567,0.002600780234070221,0.0007135177289523901,0.009432753192718508,0.0017146776406035665,0.0017146776406035665
NONFIBROTIC ILD ADJUDICATED,14,487427686,combined_isotonic,4,770,0,0.001714677640603567,0.0,0.0,0.004964141914221508,0.0017146776406035665,0.0017146776406035665
NONFIBROTIC ILD ADJUDICATED,14,487427686,combined_isotonic,5,769,1,0.001714677640603567,0.0013003901170351106,0.0002295876800841234,0.007328830355107483,0.0017146776406035665,0.0017146776406035665
NONFIBROTIC ILD ADJUDICATED,14,487427686,combined_isotonic,6,769,2,0.0019222361495404568,0.002600780234070221,0.0007135177289523901,0.009432753192718508,0.0017146776406035665,0.002285714285714286
NONFIBROTIC ILD ADJUDICATED,14,487427686,combined_isotonic,7,770,6,0.0022857142857142868,0.007792207792207792,0.0035759904186376326,0.016895203829388215,0.002285714285714286,0.002285714285714286
NONFIBROTIC ILD ADJUDICATED,14,487427686,combined_isotonic,8,769,1,0.0022992136856883447,0.0013003901170351106,0.0002295876800841234,0.007328830355107483,0.002285714285714286,0.0024449877750611247
NONFIBROTIC ILD ADJUDICATED,14,487427686,combined_isotonic,9,770,3,0.00575620365072464,0.003896103896103896,0.0013258926936253902,0.011391775387498288,0.0024449877750611247,0.012578616352201259
NONFIBROTIC ILD ADJUDICATED,15,938557255,zebra_raw,0,770,0,0.2327146320755974,0.0,0.0,0.004964141914221508,0.11052533634471677,0.26115603578262536
NONFIBROTIC ILD ADJUDICATED,15,938557255,zebra_raw,1,769,0,0.28691729971360513,0.0,0.0,0.004970565148712315,0.2611638888339737,0.3124457080547297
NONFIBROTIC ILD ADJUDICATED,15,938557255,zebra_raw,2,770,0,0.3438817428879439,0.0,0.0,0.004964141914221508,0.3125359068401259,0.37765921012603326
NONFIBROTIC ILD ADJUDICATED,15,938557255,zebra_raw,3,769,0,0.41380298904768603,0.0,0.0,0.004970565148712315,0.377684433290741,0.45139096927649375
NONFIBROTIC ILD ADJUDICATED,15,938557255,zebra_raw,4,770,1,0.496762158874384,0.0012987012987012987,0.00022928946639889794,0.007319361170123334,0.45172527914755317,0.5496878890935359
NONFIBROTIC ILD ADJUDICATED,15,938557255,zebra_raw,5,769,1,0.6082171769525887,0.0013003901170351106,0.0002295876800841234,0.007328830355107483,0.549905990812876,0.6680569674360941
NONFIBROTIC ILD ADJUDICATED,15,938557255,zebra_raw,6,769,3,0.7342748016351928,0.0039011703511053317,0.001327618000260774,0.011406505807889416,0.6687315969512554,0.7944703236813517
NONFIBROTIC ILD ADJUDICATED,15,938557255,zebra_raw,7,770,2,0.8484134690319005,0.0025974025974025974,0.0007125907061236786,0.009420568652699277,0.7948839486070685,0.9017046954302406
NONFIBROTIC ILD ADJUDICATED,15,938557255,zebra_raw,8,769,2,0.951744904990253,0.002600780234070221,0.0007135177289523901,0.009432753192718508,0.9023418185925974,0.985721892962206
NONFIBROTIC ILD ADJUDICATED,15,938557255,zebra_raw,9,770,7,0.9965684795911841,0.00909090909090909,0.004410478976495486,0.01864522399383109,0.9857425356329601,1.0
NONFIBROTIC ILD ADJUDICATED,15,938557255,zebra_isotonic,0,770,0,0.0,0.0,0.0,0.004964141914221508,0.0,0.0
NONFIBROTIC ILD ADJUDICATED,15,938557255,zebra_isotonic,1,769,1,0.0,0.0013003901170351106,0.0002295876800841234,0.007328830355107483,0.0,0.0
NONFIBROTIC ILD ADJUDICATED,15,938557255,zebra_isotonic,2,770,0,0.0,0.0,0.0,0.004964141914221508,0.0,0.0
NONFIBROTIC ILD ADJUDICATED,15,938557255,zebra_isotonic,3,769,0,0.0,0.0,0.0,0.004970565148712315,0.0,0.0
NONFIBROTIC ILD ADJUDICATED,15,938557255,zebra_isotonic,4,770,1,0.0,0.0012987012987012987,0.00022928946639889794,0.007319361170123334,0.0,0.0
NONFIBROTIC ILD ADJUDICATED,15,938557255,zebra_isotonic,5,769,1,0.0012203287852027248,0.0013003901170351106,0.0002295876800841234,0.007328830355107483,0.0,0.0018656716417910447
NONFIBROTIC ILD ADJUDICATED,15,938557255,zebra_isotonic,6,769,2,0.0018656716417910445,0.002600780234070221,0.0007135177289523901,0.009432753192718508,0.0018656716417910447,0.0018656716417910447
NONFIBROTIC ILD ADJUDICATED,15,938557255,zebra_isotonic,7,770,2,0.0022161767722755884,0.0025974025974025974,0.0007125907061236786,0.009420568652699277,0.0018656716417910447,0.002652519893899204
NONFIBROTIC ILD ADJUDICATED,15,938557255,zebra_isotonic,8,769,1,0.0026525198938992045,0.0013003901170351106,0.0002295876800841234,0.007328830355107483,0.002652519893899204,0.002652519893899204
NONFIBROTIC ILD ADJUDICATED,15,938557255,zebra_isotonic,9,770,8,0.013154995905707704,0.01038961038961039,0.005273784940225151,0.020366426752402144,0.002652519893899204,0.034482758620689655
NONFIBROTIC ILD ADJUDICATED,15,938557255,genomic_raw,0,770,1,1.209674043827082e-19,0.0012987012987012987,0.00022928946639889794,0.007319361170123334,9.74689688931431e-26,4.400320109456566e-19
NONFIBROTIC ILD ADJUDICATED,15,938557255,genomic_raw,1,769,5,1.7731859917575516e-18,0.006501950585175552,0.002780348414515579,0.015129481166593194,4.404884261718835e-19,4.1523160663587025e-18
NONFIBROTIC ILD ADJUDICATED,15,938557255,genomic_raw,2,770,1,1.1740300152768503e-17,0.0012987012987012987,0.00022928946639889794,0.007319361170123334,4.173448177761527e-18,2.514656361875194e-17
NONFIBROTIC ILD ADJUDICATED,15,938557255,genomic_raw,3,769,0,6.30377245762192e-17,0.0,0.0,0.004970565148712315,2.5185808576725102e-17,1.2853927188615617e-16
NONFIBROTIC ILD ADJUDICATED,15,938557255,genomic_raw,4,770,4,2.8978233369147926e-16,0.005194805194805195,0.0020219574690050306,0.013280219334419372,1.2885265567188092e-16,5.359301211205609e-16
NONFIBROTIC ILD ADJUDICATED,15,938557255,genomic_raw,5,769,1,1.2580700828513655e-15,0.0013003901170351106,0.0002295876800841234,0.007328830355107483,5.402060527969872e-16,2.5283907381277506e-15
NONFIBROTIC ILD ADJUDICATED,15,938557255,genomic_raw,6,769,0,6.814199447227966e-15,0.0,0.0,0.004970565148712315,2.531157670081804e-15,1.4594252806685055e-14
NONFIBROTIC ILD ADJUDICATED,15,938557255,genomic_raw,7,770,3,5.973219981650782e-14,0.003896103896103896,0.0013258926936253902,0.011391775387498288,1.4724787382549742e-14,1.9265336333345524e-13
NONFIBROTIC ILD ADJUDICATED,15,938557255,genomic_raw,8,769,0,5.001128349231978e-11,0.0,0.0,0.004970565148712315,1.926725887263704e-13,8.113179343316231e-10
NONFIBROTIC ILD ADJUDICATED,15,938557255,genomic_raw,9,770,1,0.03429636386476747,0.0012987012987012987,0.00022928946639889794,0.007319361170123334,8.180277079337402e-10,0.9999999988894943
NONFIBROTIC ILD ADJUDICATED,15,938557255,genomic_isotonic,0,770,1,0.0,0.0012987012987012987,0.00022928946639889794,0.007319361170123334,0.0,0.0
NONFIBROTIC ILD ADJUDICATED,15,938557255,genomic_isotonic,1,769,0,0.0,0.0,0.0,0.004970565148712315,0.0,0.0
NONFIBROTIC ILD ADJUDICATED,15,938557255,genomic_isotonic,2,770,1,0.0,0.0012987012987012987,0.00022928946639889794,0.007319361170123334,0.0,0.0
NONFIBROTIC ILD ADJUDICATED,15,938557255,genomic_isotonic,3,769,1,0.0,0.0013003901170351106,0.0002295876800841234,0.007328830355107483,0.0,0.0
NONFIBROTIC ILD ADJUDICATED,15,938557255,genomic_isotonic,4,770,2,0.0,0.0025974025974025974,0.0007125907061236786,0.009420568652699277,0.0,0.0
NONFIBROTIC ILD ADJUDICATED,15,938557255,genomic_isotonic,5,769,1,0.0,0.0013003901170351106,0.0002295876800841234,0.007328830355107483,0.0,0.0
NONFIBROTIC ILD ADJUDICATED,15,938557255,genomic_isotonic,6,769,4,0.0,0.005201560468140442,0.0020245891497467933,0.013297387544882687,0.0,0.0
NONFIBROTIC ILD ADJUDICATED,15,938557255,genomic_isotonic,7,770,4,0.0015071702115268535,0.005194805194805195,0.0020219574690050306,0.013280219334419372,0.0,0.0020584602717167557
NONFIBROTIC ILD ADJUDICATED,15,938557255,genomic_isotonic,8,769,1,0.00209282278188082,0.0013003901170351106,0.0002295876800841234,0.007328830355107483,0.0020584602717167557,0.0027726432532347504
NONFIBROTIC ILD ADJUDICATED,15,938557255,genomic_isotonic,9,770,1,0.00277264325323475,0.0012987012987012987,0.00022928946639889794,0.007319361170123334,0.0027726432532347504,0.0027726432532347504
NONFIBROTIC ILD ADJUDICATED,15,938557255,combined_raw,0,770,0,0.001776783431737971,0.0,0.0,0.004964141914221508,0.0013174828532730699,0.002017418897455776
NONFIBROTIC ILD ADJUDICATED,15,938557255,combined_raw,1,769,0,0.002215376904052034,0.0,0.0,0.004970565148712315,0.00201767613261401,0.002422582552446807
NONFIBROTIC ILD ADJUDICATED,15,938557255,combined_raw,2,770,0,0.002636118653612735,0.0,0.0,0.004964141914221508,0.002424195844760315,0.0028493047604887193
NONFIBROTIC ILD ADJUDICATED,15,938557255,combined_raw,3,769,1,0.0030389215399545255,0.0013003901170351106,0.0002295876800841234,0.007328830355107483,0.0028497068606476517,0.003233633589937934
NONFIBROTIC ILD ADJUDICATED,15,938557255,combined_raw,4,770,1,0.003438656825845324,0.0012987012987012987,0.00022928946639889794,0.007319361170123334,0.003234965021016138,0.0036438947314681334
NONFIBROTIC ILD ADJUDICATED,15,938557255,combined_raw,5,769,2,0.0038697119206551247,0.002600780234070221,0.0007135177289523901,0.009432753192718508,0.003644193040216375,0.004086397000834828
NONFIBROTIC ILD ADJUDICATED,15,938557255,combined_raw,6,769,1,0.004400365457180144,0.0013003901170351106,0.0002295876800841234,0.007328830355107483,0.004087367799484092,0.004736840765614934
NONFIBROTIC ILD ADJUDICATED,15,938557255,combined_raw,7,770,3,0.005217307092235605,0.003896103896103896,0.0013258926936253902,0.011391775387498288,0.004737523574455369,0.005845640173076871
NONFIBROTIC ILD ADJUDICATED,15,938557255,combined_raw,8,769,4,0.022710223017507344,0.005201560468140442,0.0020245891497467933,0.013297387544882687,0.005849256418081346,0.08880915684041636
NONFIBROTIC ILD ADJUDICATED,15,938557255,combined_raw,9,770,4,0.14592508935558932,0.005194805194805195,0.0020219574690050306,0.013280219334419372,0.0889537527288558,0.4097619581224337
NONFIBROTIC ILD ADJUDICATED,15,938557255,combined_isotonic,0,770,0,0.0,0.0,0.0,0.004964141914221508,0.0,0.0
NONFIBROTIC ILD ADJUDICATED,15,938557255,combined_isotonic,1,769,0,0.0008677736723776019,0.0,0.0,0.004970565148712315,0.0,0.0013636363636363637
NONFIBROTIC ILD ADJUDICATED,15,938557255,combined_isotonic,2,770,1,0.0013636363636363637,0.0012987012987012987,0.00022928946639889794,0.007319361170123334,0.0013636363636363637,0.0013636363636363637
NONFIBROTIC ILD ADJUDICATED,15,938557255,combined_isotonic,4,770,3,0.0013636363636363637,0.003896103896103896,0.0013258926936253902,0.011391775387498288,0.0013636363636363637,0.0013636363636363637
NONFIBROTIC ILD ADJUDICATED,15,938557255,combined_isotonic,3,769,0,0.001363636363636364,0.0,0.0,0.004970565148712315,0.0013636363636363637,0.0013636363636363637
NONFIBROTIC ILD ADJUDICATED,15,938557255,combined_isotonic,5,769,2,0.002809808358347671,0.002600780234070221,0.0007135177289523901,0.009432753192718508,0.0013636363636363637,0.003181336161187699
NONFIBROTIC ILD ADJUDICATED,15,938557255,combined_isotonic,6,769,0,0.0031813361611876994,0.0,0.0,0.004970565148712315,0.003181336161187699,0.003181336161187699
NONFIBROTIC ILD ADJUDICATED,15,938557255,combined_isotonic,7,770,2,0.0031813361611876994,0.0025974025974025974,0.0007125907061236786,0.009420568652699277,0.003181336161187699,0.003181336161187699
NONFIBROTIC ILD ADJUDICATED,15,938557255,combined_isotonic,8,769,3,0.0031813361611876994,0.0039011703511053317,0.001327618000260774,0.011406505807889416,0.003181336161187699,0.003181336161187699
NONFIBROTIC ILD ADJUDICATED,15,938557255,combined_isotonic,9,770,5,0.012448110933659823,0.006493506493506494,0.0027767335367897463,0.01510995198893538,0.003181336161187699,0.03333333333333333
NONFIBROTIC ILD ADJUDICATED,16,597503275,zebra_raw,0,770,0,0.23263109373760624,0.0,0.0,0.004964141914221508,0.11052533634471677,0.26115603578262536
NONFIBROTIC ILD ADJUDICATED,16,597503275,zebra_raw,1,769,0,0.28746990257380706,0.0,0.0,0.004970565148712315,0.2611638888339737,0.31340420890218285
NONFIBROTIC ILD ADJUDICATED,16,597503275,zebra_raw,2,770,0,0.3431670589251671,0.0,0.0,0.004964141914221508,0.3134172517546153,0.37583020297963254
NONFIBROTIC ILD ADJUDICATED,16,597503275,zebra_raw,3,769,0,0.41169686209436207,0.0,0.0,0.004970565148712315,0.3759910413332804,0.44782601534663025
NONFIBROTIC ILD ADJUDICATED,16,597503275,zebra_raw,4,770,0,0.49313908851123406,0.0,0.0,0.004964141914221508,0.44817458716826736,0.5425677717168197
NONFIBROTIC ILD ADJUDICATED,16,597503275,zebra_raw,5,769,2,0.6048994081868195,0.002600780234070221,0.0007135177289523901,0.009432753192718508,0.54256875758474,0.6687336911392805
NONFIBROTIC ILD ADJUDICATED,16,597503275,zebra_raw,6,769,1,0.731624761304952,0.0013003901170351106,0.0002295876800841234,0.007328830355107483,0.668776506732894,0.7904401128919928
NONFIBROTIC ILD ADJUDICATED,16,597503275,zebra_raw,7,770,2,0.8471885167412813,0.0025974025974025974,0.0007125907061236786,0.009420568652699277,0.7905201229246109,0.9011655270479736
NONFIBROTIC ILD ADJUDICATED,16,597503275,zebra_raw,8,769,1,0.9518573159763452,0.0013003901170351106,0.0002295876800841234,0.007328830355107483,0.901450315923878,0.9859988523659691
NONFIBROTIC ILD ADJUDICATED,16,597503275,zebra_raw,9,770,10,0.9965747747517416,0.012987012987012988,0.007069333631553706,0.02373989550567504,0.9860122135494251,1.0
NONFIBROTIC ILD ADJUDICATED,16,597503275,zebra_isotonic,0,770,0,0.0,0.0,0.0,0.004964141914221508,0.0,0.0
NONFIBROTIC ILD ADJUDICATED,16,597503275,zebra_isotonic,1,769,0,0.0,0.0,0.0,0.004970565148712315,0.0,0.0
NONFIBROTIC ILD ADJUDICATED,16,597503275,zebra_isotonic,2,770,0,0.0,0.0,0.0,0.004964141914221508,0.0,0.0
NONFIBROTIC ILD ADJUDICATED,16,597503275,zebra_isotonic,3,769,0,0.0,0.0,0.0,0.004970565148712315,0.0,0.0
NONFIBROTIC ILD ADJUDICATED,16,597503275,zebra_isotonic,4,770,0,0.00035464330262134435,0.0,0.0,0.004964141914221508,0.0,0.002355712603062426
NONFIBROTIC ILD ADJUDICATED,16,597503275,zebra_isotonic,5,769,2,0.0023557126030624258,0.002600780234070221,0.0007135177289523901,0.009432753192718508,0.002355712603062426,0.002355712603062426
NONFIBROTIC ILD ADJUDICATED,16,597503275,zebra_isotonic,6,769,1,0.0029527321668190894,0.0013003901170351106,0.0002295876800841234,0.007328830355107483,0.002355712603062426,0.003714020427112349
NONFIBROTIC ILD ADJUDICATED,16,597503275,zebra_isotonic,7,770,2,0.00371402042711235,0.0025974025974025974,0.0007125907061236786,0.009420568652699277,0.003714020427112349,0.003714020427112349
NONFIBROTIC ILD ADJUDICATED,16,597503275,zebra_isotonic,8,769,1,0.004145520820707414,0.0013003901170351106,0.0002295876800841234,0.007328830355107483,0.003714020427112349,0.004830917874396135
NONFIBROTIC ILD ADJUDICATED,16,597503275,zebra_isotonic,9,770,10,0.008583034098115767,0.012987012987012988,0.007069333631553706,0.02373989550567504,0.004830917874396135,0.023255813953488372
NONFIBROTIC ILD ADJUDICATED,16,597503275,genomic_raw,0,770,3,0.0,0.003896103896103896,0.0013258926936253902,0.011391775387498288,0.0,0.0
NONFIBROTIC ILD ADJUDICATED,16,597503275,genomic_raw,1,769,1,3.078086242601533e-282,0.0013003901170351106,0.0002295876800841234,0.007328830355107483,0.0,2.2423455246670923e-280
NONFIBROTIC ILD ADJUDICATED,16,597503275,genomic_raw,2,770,2,5.226738288049519e-250,0.0025974025974025974,0.0007125907061236786,0.009420568652699277,2.5042078918675757e-280,2.7726441852623158e-248
NONFIBROTIC ILD ADJUDICATED,16,597503275,genomic_raw,3,769,2,1.7600345487959028e-225,0.002600780234070221,0.0007135177289523901,0.009432753192718508,3.823128404121966e-248,8.834421517639623e-224
NONFIBROTIC ILD ADJUDICATED,16,597503275,genomic_raw,4,770,2,5.57824448028148e-205,0.0025974025974025974,0.0007125907061236786,0.009420568652699277,8.889930785028304e-224,2.465860169555516e-203
NONFIBROTIC ILD ADJUDICATED,16,597503275,genomic_raw,5,769,1,5.48278813196003e-188,0.0013003901170351106,0.0002295876800841234,0.007328830355107483,2.5410163668350208e-203,1.9098235988281403e-186
NONFIBROTIC ILD ADJUDICATED,16,597503275,genomic_raw,6,769,1,1.5109190754672632e-172,0.0013003901170351106,0.0002295876800841234,0.007328830355107483,1.923744728133266e-186,4.976710147864177e-171
NONFIBROTIC ILD ADJUDICATED,16,597503275,genomic_raw,7,770,2,5.3657341623692376e-154,0.0025974025974025974,0.0007125907061236786,0.009420568652699277,5.072428674216578e-171,2.6101583787982594e-152
NONFIBROTIC ILD ADJUDICATED,16,597503275,genomic_raw,8,769,1,4.3248892508406076e-125,0.0013003901170351106,0.0002295876800841234,0.007328830355107483,2.8530579768477175e-152,4.0992700637453614e-123
NONFIBROTIC ILD ADJUDICATED,16,597503275,genomic_raw,9,770,1,0.05280733090901607,0.0012987012987012987,0.00022928946639889794,0.007319361170123334,4.136699135847761e-123,1.0
NONFIBROTIC ILD ADJUDICATED,16,597503275,genomic_isotonic,0,770,1,0.0021442495126705657,0.0012987012987012987,0.00022928946639889794,0.007319361170123334,0.0021442495126705653,0.0021442495126705653
NONFIBROTIC ILD ADJUDICATED,16,597503275,genomic_isotonic,1,769,1,0.0021442495126705657,0.0013003901170351106,0.0002295876800841234,0.007328830355107483,0.0021442495126705653,0.0021442495126705653
NONFIBROTIC ILD ADJUDICATED,16,597503275,genomic_isotonic,2,770,0,0.0021442495126705657,0.0,0.0,0.004964141914221508,0.0021442495126705653,0.0021442495126705653
NONFIBROTIC ILD ADJUDICATED,16,597503275,genomic_isotonic,3,769,6,0.0021442495126705657,0.007802340702210663,0.003580646807040671,0.016917035660547395,0.0021442495126705653,0.0021442495126705653
NONFIBROTIC ILD ADJUDICATED,16,597503275,genomic_isotonic,4,770,1,0.0021442495126705657,0.0012987012987012987,0.00022928946639889794,0.007319361170123334,0.0021442495126705653,0.0021442495126705653
NONFIBROTIC ILD ADJUDICATED,16,597503275,genomic_isotonic,5,769,2,0.0021442495126705657,0.002600780234070221,0.0007135177289523901,0.009432753192718508,0.0021442495126705653,0.0021442495126705653
NONFIBROTIC ILD ADJUDICATED,16,597503275,genomic_isotonic,6,769,1,0.0021442495126705657,0.0013003901170351106,0.0002295876800841234,0.007328830355107483,0.0021442495126705653,0.0021442495126705653
NONFIBROTIC ILD ADJUDICATED,16,597503275,genomic_isotonic,7,770,1,0.0021442495126705657,0.0012987012987012987,0.00022928946639889794,0.007319361170123334,0.0021442495126705653,0.0021442495126705653
NONFIBROTIC ILD ADJUDICATED,16,597503275,genomic_isotonic,8,769,0,0.0021442495126705657,0.0,0.0,0.004970565148712315,0.0021442495126705653,0.0021442495126705653
NONFIBROTIC ILD ADJUDICATED,16,597503275,genomic_isotonic,9,770,3,0.0021442495126705657,0.003896103896103896,0.0013258926936253902,0.011391775387498288,0.0021442495126705653,0.0021442495126705653
NONFIBROTIC ILD ADJUDICATED,16,597503275,combined_raw,0,770,0,5.213897993433432e-07,0.0,0.0,0.004964141914221508,2.0954903550121178e-07,7.85350636176548e-07
NONFIBROTIC ILD ADJUDICATED,16,597503275,combined_raw,1,769,0,1.3101705702046478e-06,0.0,0.0,0.004970565148712315,7.877483991561498e-07,2.285842254036952e-06
NONFIBROTIC ILD ADJUDICATED,16,597503275,combined_raw,2,770,0,1.845854326877856e-05,0.0,0.0,0.004964141914221508,2.2953619148012243e-06,3.7432820396091776e-05
NONFIBROTIC ILD ADJUDICATED,16,597503275,combined_raw,3,769,2,4.797005307706386e-05,0.002600780234070221,0.0007135177289523901,0.009432753192718508,3.744722833706759e-05,5.8222959876110954e-05
NONFIBROTIC ILD ADJUDICATED,16,597503275,combined_raw,4,770,3,7.092454779545964e-05,0.003896103896103896,0.0013258926936253902,0.011391775387498288,5.823636616287218e-05,8.59647710294911e-05
NONFIBROTIC ILD ADJUDICATED,16,597503275,combined_raw,5,769,1,0.00010839313852497023,0.0013003901170351106,0.0002295876800841234,0.007328830355107483,8.605797501577898e-05,0.00014052259226468084
NONFIBROTIC ILD ADJUDICATED,16,597503275,combined_raw,6,769,5,0.0006505447929102596,0.006501950585175552,0.002780348414515579,0.015129481166593194,0.00014058167963393518,0.016004814383755304
NONFIBROTIC ILD ADJUDICATED,16,597503275,combined_raw,7,770,0,0.04750677432821652,0.0,0.0,0.004964141914221508,0.01601369090015308,0.07658059601264675
NONFIBROTIC ILD ADJUDICATED,16,597503275,combined_raw,8,769,2,0.11324751718613298,0.002600780234070221,0.0007135177289523901,0.009432753192718508,0.07683110799041616,0.16328801942281837
NONFIBROTIC ILD ADJUDICATED,16,597503275,combined_raw,9,770,3,0.39101790738777636,0.003896103896103896,0.0013258926936253902,0.011391775387498288,0.16329397359833617,0.9611341588481614
NONFIBROTIC ILD ADJUDICATED,16,597503275,combined_isotonic,0,770,0,0.0,0.0,0.0,0.004964141914221508,0.0,0.0
NONFIBROTIC ILD ADJUDICATED,16,597503275,combined_isotonic,1,769,0,0.0002134219632863699,0.0,0.0,0.004970565148712315,0.0,0.001651073197578426
NONFIBROTIC ILD ADJUDICATED,16,597503275,combined_isotonic,2,770,1,0.001993037370480838,0.0012987012987012987,0.00022928946639889794,0.007319361170123334,0.001651073197578426,0.0023685457129322598
NONFIBROTIC ILD ADJUDICATED,16,597503275,combined_isotonic,3,769,0,0.0023685457129322606,0.0,0.0,0.004970565148712315,0.0023685457129322598,0.0023685457129322598
NONFIBROTIC ILD ADJUDICATED,16,597503275,combined_isotonic,4,770,5,0.0023685457129322606,0.006493506493506494,0.0027767335367897463,0.01510995198893538,0.0023685457129322598,0.0023685457129322598
NONFIBROTIC ILD ADJUDICATED,16,597503275,combined_isotonic,5,769,2,0.0023685457129322606,0.002600780234070221,0.0007135177289523901,0.009432753192718508,0.0023685457129322598,0.0023685457129322598
NONFIBROTIC ILD ADJUDICATED,16,597503275,combined_isotonic,6,769,1,0.0023685457129322606,0.0013003901170351106,0.0002295876800841234,0.007328830355107483,0.0023685457129322598,0.0023685457129322598
NONFIBROTIC ILD ADJUDICATED,16,597503275,combined_isotonic,7,770,2,0.002517414628718422,0.0025974025974025974,0.0007125907061236786,0.009420568652699277,0.0023685457129322598,0.002652519893899204
NONFIBROTIC ILD ADJUDICATED,16,597503275,combined_isotonic,8,769,3,0.002663094933337477,0.0039011703511053317,0.001327618000260774,0.011406505807889416,0.002652519893899204,0.002680965147453083
NONFIBROTIC ILD ADJUDICATED,16,597503275,combined_isotonic,9,770,2,0.003176213818094582,0.0025974025974025974,0.0007125907061236786,0.009420568652699277,0.002680965147453083,0.003787878787878788
NONFIBROTIC ILD ADJUDICATED,17,914157046,zebra_raw,0,770,0,0.23225853145669595,0.0,0.0,0.004964141914221508,0.11052533634471677,0.26280161537040997
NONFIBROTIC ILD ADJUDICATED,17,914157046,zebra_raw,1,769,0,0.2878935493862467,0.0,0.0,0.004970565148712315,0.2628385204578191,0.3136785307331101
NONFIBROTIC ILD ADJUDICATED,17,914157046,zebra_raw,2,770,0,0.343039936802673,0.0,0.0,0.004964141914221508,0.31370978460794746,0.37556410307577726
NONFIBROTIC ILD ADJUDICATED,17,914157046,zebra_raw,3,769,0,0.41122224506447325,0.0,0.0,0.004970565148712315,0.3756791677534288,0.4494962813328404
NONFIBROTIC ILD ADJUDICATED,17,914157046,zebra_raw,4,770,1,0.4917653982977173,0.0012987012987012987,0.00022928946639889794,0.007319361170123334,0.4495140671623082,0.5404581129876334
NONFIBROTIC ILD ADJUDICATED,17,914157046,zebra_raw,5,769,2,0.5994118656628823,0.002600780234070221,0.0007135177289523901,0.009432753192718508,0.5405732793825522,0.6597030164117654
NONFIBROTIC ILD ADJUDICATED,17,914157046,zebra_raw,6,769,3,0.7280536961727632,0.0039011703511053317,0.001327618000260774,0.011406505807889416,0.6602189206990785,0.788069369389952
NONFIBROTIC ILD ADJUDICATED,17,914157046,zebra_raw,7,770,2,0.8432087767750397,0.0025974025974025974,0.0007125907061236786,0.009420568652699277,0.7881281794221368,0.897232731440224
NONFIBROTIC ILD ADJUDICATED,17,914157046,zebra_raw,8,769,1,0.9476322387748326,0.0013003901170351106,0.0002295876800841234,0.007328830355107483,0.8972336009602396,0.9846591837404637
NONFIBROTIC ILD ADJUDICATED,17,914157046,zebra_raw,9,770,7,0.9962826202754764,0.00909090909090909,0.004410478976495486,0.01864522399383109,0.9846677108894489,1.0
NONFIBROTIC ILD ADJUDICATED,17,914157046,zebra_isotonic,0,770,1,0.0,0.0012987012987012987,0.00022928946639889794,0.007319361170123334,0.0,0.0
NONFIBROTIC ILD ADJUDICATED,17,914157046,zebra_isotonic,1,769,0,0.0,0.0,0.0,0.004970565148712315,0.0,0.0
NONFIBROTIC ILD ADJUDICATED,17,914157046,zebra_isotonic,2,770,0,0.0,0.0,0.0,0.004964141914221508,0.0,0.0
NONFIBROTIC ILD ADJUDICATED,17,914157046,zebra_isotonic,3,769,1,0.0,0.0013003901170351106,0.0002295876800841234,0.007328830355107483,0.0,0.0
NONFIBROTIC ILD ADJUDICATED,17,914157046,zebra_isotonic,4,770,0,0.0,0.0,0.0,0.004964141914221508,0.0,0.0
NONFIBROTIC ILD ADJUDICATED,17,914157046,zebra_isotonic,5,769,1,0.0006093878372716835,0.0013003901170351106,0.0002295876800841234,0.007328830355107483,0.0,0.0010460251046025104
NONFIBROTIC ILD ADJUDICATED,17,914157046,zebra_isotonic,6,769,4,0.0010460251046025104,0.005201560468140442,0.0020245891497467933,0.013297387544882687,0.0010460251046025104,0.0010460251046025104
NONFIBROTIC ILD ADJUDICATED,17,914157046,zebra_isotonic,7,770,1,0.0023146701136367584,0.0012987012987012987,0.00022928946639889794,0.007319361170123334,0.0010460251046025104,0.0028776978417266188
NONFIBROTIC ILD ADJUDICATED,17,914157046,zebra_isotonic,8,769,1,0.003514491951404368,0.0013003901170351106,0.0002295876800841234,0.007328830355107483,0.0028776978417266188,0.0047169811320754715
NONFIBROTIC ILD ADJUDICATED,17,914157046,zebra_isotonic,9,770,7,0.01316549283551061,0.00909090909090909,0.004410478976495486,0.01864522399383109,0.0047169811320754715,0.037037037037037035
NONFIBROTIC ILD ADJUDICATED,17,914157046,genomic_raw,0,770,1,0.0023793539921743486,0.0012987012987012987,0.00022928946639889794,0.007319361170123334,0.001387411589074088,0.0030861987370283655
NONFIBROTIC ILD ADJUDICATED,17,914157046,genomic_raw,1,769,3,0.003848664133355993,0.0039011703511053317,0.001327618000260774,0.011406505807889416,0.003088923185741489,0.004801246139868459
NONFIBROTIC ILD ADJUDICATED,17,914157046,genomic_raw,2,770,3,0.006079225398593909,0.003896103896103896,0.0013258926936253902,0.011391775387498288,0.004801246139868459,0.007300976432176124
NONFIBROTIC ILD ADJUDICATED,17,914157046,genomic_raw,3,769,0,0.009300948700468648,0.0,0.0,0.004970565148712315,0.007317250173908032,0.012061310533668504
NONFIBROTIC ILD ADJUDICATED,17,914157046,genomic_raw,4,770,2,0.016887395970780338,0.0025974025974025974,0.0007125907061236786,0.009420568652699277,0.01206337154038752,0.02172637065172397
NONFIBROTIC ILD ADJUDICATED,17,914157046,genomic_raw,5,769,4,0.02849465845395077,0.005201560468140442,0.0020245891497467933,0.013297387544882687,0.021727076397721624,0.035314356514581084
NONFIBROTIC ILD ADJUDICATED,17,914157046,genomic_raw,6,769,1,0.039871393994717286,0.0013003901170351106,0.0002295876800841234,0.007328830355107483,0.03531996347658007,0.04379547638948018
NONFIBROTIC ILD ADJUDICATED,17,914157046,genomic_raw,7,770,1,0.06163261712097398,0.0012987012987012987,0.00022928946639889794,0.007319361170123334,0.04379547638948018,0.08080649620361824
NONFIBROTIC ILD ADJUDICATED,17,914157046,genomic_raw,8,769,1,0.11799296013961842,0.0013003901170351106,0.0002295876800841234,0.007328830355107483,0.08080649620361824,0.17568320745368032
NONFIBROTIC ILD ADJUDICATED,17,914157046,genomic_raw,9,770,0,0.2771330279924977,0.0,0.0,0.004964141914221508,0.17568320745368032,0.36168664006593976
NONFIBROTIC ILD ADJUDICATED,17,914157046,genomic_isotonic,0,770,4,0.0,0.005194805194805195,0.0020219574690050306,0.013280219334419372,0.0,0.0
NONFIBROTIC ILD ADJUDICATED,17,914157046,genomic_isotonic,1,769,1,0.00039190523245514347,0.0013003901170351106,0.0002295876800841234,0.007328830355107483,0.0,0.0015060240963855422
NONFIBROTIC ILD ADJUDICATED,17,914157046,genomic_isotonic,2,770,0,0.0017426212574832077,0.0,0.0,0.004964141914221508,0.0015060240963855422,0.0020855057351407717
NONFIBROTIC ILD ADJUDICATED,17,914157046,genomic_isotonic,3,769,1,0.002085505735140772,0.0013003901170351106,0.0002295876800841234,0.007328830355107483,0.0020855057351407717,0.0020855057351407717
NONFIBROTIC ILD ADJUDICATED,17,914157046,genomic_isotonic,4,770,2,0.00314182910982113,0.0025974025974025974,0.0007125907061236786,0.009420568652699277,0.0020855057351407717,0.0034782608695652175
NONFIBROTIC ILD ADJUDICATED,17,914157046,genomic_isotonic,5,769,1,0.0034782608695652167,0.0013003901170351106,0.0002295876800841234,0.007328830355107483,0.0034782608695652175,0.0034782608695652175
NONFIBROTIC ILD ADJUDICATED,17,914157046,genomic_isotonic,6,769,2,0.0034782608695652167,0.002600780234070221,0.0007135177289523901,0.009432753192718508,0.0034782608695652175,0.0034782608695652175
NONFIBROTIC ILD ADJUDICATED,17,914157046,genomic_isotonic,8,769,2,0.0034782608695652167,0.002600780234070221,0.0007135177289523901,0.009432753192718508,0.0034782608695652175,0.0034782608695652175
NONFIBROTIC ILD ADJUDICATED,17,914157046,genomic_isotonic,7,770,2,0.003478260869565217,0.0025974025974025974,0.0007125907061236786,0.009420568652699277,0.0034782608695652175,0.0034782608695652175
NONFIBROTIC ILD ADJUDICATED,17,914157046,genomic_isotonic,9,770,1,0.003478260869565217,0.0012987012987012987,0.00022928946639889794,0.007319361170123334,0.0034782608695652175,0.0034782608695652175
NONFIBROTIC ILD ADJUDICATED,17,914157046,combined_raw,0,770,1,3.835442652890467e-49,0.0012987012987012987,0.00022928946639889794,0.007319361170123334,6.540482173884755e-68,6.339431477700451e-48
NONFIBROTIC ILD ADJUDICATED,17,914157046,combined_raw,1,769,1,5.979392143328891e-44,0.0013003901170351106,0.0002295876800841234,0.007328830355107483,6.584184069964026e-48,5.2265475073791296e-43
NONFIBROTIC ILD ADJUDICATED,17,914157046,combined_raw,2,770,0,1.1923236988014013e-40,0.0,0.0,0.004964141914221508,5.254473942088759e-43,7.424367655692822e-40
NONFIBROTIC ILD ADJUDICATED,17,914157046,combined_raw,3,769,1,3.7791409733788395e-38,0.0013003901170351106,0.0002295876800841234,0.007328830355107483,7.501267511652534e-40,2.2073275924203966e-37
NONFIBROTIC ILD ADJUDICATED,17,914157046,combined_raw,4,770,4,9.675610183447823e-36,0.005194805194805195,0.0020219574690050306,0.013280219334419372,2.224741900724122e-37,5.25360278548645e-35
NONFIBROTIC ILD ADJUDICATED,17,914157046,combined_raw,5,769,2,2.4452496687178803e-33,0.002600780234070221,0.0007135177289523901,0.009432753192718508,5.25416382863626e-35,1.253578223854768e-32
NONFIBROTIC ILD ADJUDICATED,17,914157046,combined_raw,6,769,1,9.412201821655318e-31,0.0013003901170351106,0.0002295876800841234,0.007328830355107483,1.2566640941006373e-32,6.365941572883651e-30
NONFIBROTIC ILD ADJUDICATED,17,914157046,combined_raw,7,770,2,4.032245600463218e-27,0.0025974025974025974,0.0007125907061236786,0.009420568652699277,6.387150212416267e-30,4.707138819555457e-26
NONFIBROTIC ILD ADJUDICATED,17,914157046,combined_raw,8,769,2,2.771395234328813e-20,0.002600780234070221,0.0007135177289523901,0.009432753192718508,4.715711143447273e-26,5.042412339846635e-19
NONFIBROTIC ILD ADJUDICATED,17,914157046,combined_raw,9,770,2,0.15485185700967463,0.0025974025974025974,0.0007125907061236786,0.009420568652699277,5.121640799699773e-19,1.0
NONFIBROTIC ILD ADJUDICATED,17,914157046,combined_isotonic,0,770,1,0.0,0.0012987012987012987,0.00022928946639889794,0.007319361170123334,0.0,0.0
NONFIBROTIC ILD ADJUDICATED,17,914157046,combined_isotonic,1,769,3,0.0,0.0039011703511053317,0.001327618000260774,0.011406505807889416,0.0,0.0
NONFIBROTIC ILD ADJUDICATED,17,914157046,combined_isotonic,2,770,0,0.0,0.0,0.0,0.004964141914221508,0.0,0.0
NONFIBROTIC ILD ADJUDICATED,17,914157046,combined_isotonic,3,769,3,0.0,0.0039011703511053317,0.001327618000260774,0.011406505807889416,0.0,0.0
NONFIBROTIC ILD ADJUDICATED,17,914157046,combined_isotonic,4,770,1,0.0,0.0012987012987012987,0.00022928946639889794,0.007319361170123334,0.0,0.0
NONFIBROTIC ILD ADJUDICATED,17,914157046,combined_isotonic,5,769,3,0.0,0.0039011703511053317,0.001327618000260774,0.011406505807889416,0.0,0.0
NONFIBROTIC ILD ADJUDICATED,17,914157046,combined_isotonic,6,769,1,0.0,0.0013003901170351106,0.0002295876800841234,0.007328830355107483,0.0,0.0
NONFIBROTIC ILD ADJUDICATED,17,914157046,combined_isotonic,7,770,0,0.0,0.0,0.0,0.004964141914221508,0.0,0.0
NONFIBROTIC ILD ADJUDICATED,17,914157046,combined_isotonic,8,769,1,0.0,0.0013003901170351106,0.0002295876800841234,0.007328830355107483,0.0,0.0
NONFIBROTIC ILD ADJUDICATED,17,914157046,combined_isotonic,9,770,3,0.00567207776081671,0.003896103896103896,0.0013258926936253902,0.011391775387498288,0.0,0.037037037037037035
NONFIBROTIC ILD ADJUDICATED,18,1916293077,zebra_raw,0,770,0,0.23232360492671775,0.0,0.0,0.004964141914221508,0.11893743948205666,0.2614461530736853
NONFIBROTIC ILD ADJUDICATED,18,1916293077,zebra_raw,1,769,0,0.2868899540097534,0.0,0.0,0.004970565148712315,0.2615897480367035,0.3114993106107179
NONFIBROTIC ILD ADJUDICATED,18,1916293077,zebra_raw,2,770,0,0.3413616029478892,0.0,0.0,0.004964141914221508,0.3116116309673158,0.37394430797350053
NONFIBROTIC ILD ADJUDICATED,18,1916293077,zebra_raw,3,769,0,0.40964326034378895,0.0,0.0,0.004970565148712315,0.37402073602222846,0.44603710104776834
NONFIBROTIC ILD ADJUDICATED,18,1916293077,zebra_raw,4,770,1,0.4907371619363044,0.0012987012987012987,0.00022928946639889794,0.007319361170123334,0.4460755764347732,0.5404581129876334
NONFIBROTIC ILD ADJUDICATED,18,1916293077,zebra_raw,5,769,1,0.600705013214555,0.0013003901170351106,0.0002295876800841234,0.007328830355107483,0.5406148926383858,0.6603106288858349
NONFIBROTIC ILD ADJUDICATED,18,1916293077,zebra_raw,6,769,2,0.728230252134499,0.002600780234070221,0.0007135177289523901,0.009432753192718508,0.6607442672405176,0.7883002137996314
NONFIBROTIC ILD ADJUDICATED,18,1916293077,zebra_raw,7,770,1,0.8443922238576889,0.0012987012987012987,0.00022928946639889794,0.007319361170123334,0.7886569174016548,0.8991102436771582
NONFIBROTIC ILD ADJUDICATED,18,1916293077,zebra_raw,8,769,1,0.9498909664249037,0.0013003901170351106,0.0002295876800841234,0.007328830355107483,0.8994346917346799,0.9858607951392028
NONFIBROTIC ILD ADJUDICATED,18,1916293077,zebra_raw,9,770,10,0.9965132280869043,0.012987012987012988,0.007069333631553706,0.02373989550567504,0.9859038413093151,1.0
NONFIBROTIC ILD ADJUDICATED,18,1916293077,zebra_isotonic,0,770,0,0.0,0.0,0.0,0.004964141914221508,0.0,0.0
NONFIBROTIC ILD ADJUDICATED,18,1916293077,zebra_isotonic,1,769,0,0.0,0.0,0.0,0.004970565148712315,0.0,0.0
NONFIBROTIC ILD ADJUDICATED,18,1916293077,zebra_isotonic,2,770,0,0.0,0.0,0.0,0.004964141914221508,0.0,0.0
NONFIBROTIC ILD ADJUDICATED,18,1916293077,zebra_isotonic,3,769,0,0.0,0.0,0.0,0.004970565148712315,0.0,0.0
NONFIBROTIC ILD ADJUDICATED,18,1916293077,zebra_isotonic,4,770,1,0.0,0.0012987012987012987,0.00022928946639889794,0.007319361170123334,0.0,0.0
NONFIBROTIC ILD ADJUDICATED,18,1916293077,zebra_isotonic,5,769,0,0.0024561194356120405,0.0,0.0,0.004970565148712315,0.0,0.0026917900403768506
NONFIBROTIC ILD ADJUDICATED,18,1916293077,zebra_isotonic,6,769,2,0.0027093193692108576,0.002600780234070221,0.0007135177289523901,0.009432753192718508,0.0026917900403768506,0.00273224043715847
NONFIBROTIC ILD ADJUDICATED,18,1916293077,zebra_isotonic,7,770,3,0.003641124454638246,0.003896103896103896,0.0013258926936253902,0.011391775387498288,0.00273224043715847,0.004044489383215369
NONFIBROTIC ILD ADJUDICATED,18,1916293077,zebra_isotonic,8,769,1,0.004044489383215368,0.0013003901170351106,0.0002295876800841234,0.007328830355107483,0.004044489383215369,0.004044489383215369
NONFIBROTIC ILD ADJUDICATED,18,1916293077,zebra_isotonic,9,770,9,0.008564169801280825,0.011688311688311689,0.006161243000312308,0.022063477414615715,0.004044489383215369,0.038461538461538464
NONFIBROTIC ILD ADJUDICATED,18,1916293077,genomic_raw,0,770,1,4.5218399784380195e-05,0.0012987012987012987,0.00022928946639889794,0.007319361170123334,6.754013136712902e-06,6.858057398590222e-05
NONFIBROTIC ILD ADJUDICATED,18,1916293077,genomic_raw,1,769,1,9.065256873655484e-05,0.0013003901170351106,0.0002295876800841234,0.007328830355107483,6.858103437228165e-05,0.00011404167951881188
NONFIBROTIC ILD ADJUDICATED,18,1916293077,genomic_raw,2,770,1,0.00014040816681806618,0.0012987012987012987,0.00022928946639889794,0.007319361170123334,0.00011408841192152203,0.00016785934985107475
NONFIBROTIC ILD ADJUDICATED,18,1916293077,genomic_raw,3,769,2,0.00020291585255278045,0.002600780234070221,0.0007135177289523901,0.009432753192718508,0.00016825896474717767,0.00024185606048599727
NONFIBROTIC ILD ADJUDICATED,18,1916293077,genomic_raw,4,770,1,0.00028981025870874013,0.0012987012987012987,0.00022928946639889794,0.007319361170123334,0.00024193176478194087,0.00034315297102402713
NONFIBROTIC ILD ADJUDICATED,18,1916293077,genomic_raw,5,769,0,0.0004130045374317885,0.0,0.0,0.004970565148712315,0.0003431601589795358,0.0004948538005135852
NONFIBROTIC ILD ADJUDICATED,18,1916293077,genomic_raw,6,769,2,0.0006084513151634464,0.002600780234070221,0.0007135177289523901,0.009432753192718508,0.00049504535195451,0.0007478636043817793
NONFIBROTIC ILD ADJUDICATED,18,1916293077,genomic_raw,7,770,3,0.0009837936162615866,0.003896103896103896,0.0013258926936253902,0.011391775387498288,0.0007480555956667892,0.001289982541883526
NONFIBROTIC ILD ADJUDICATED,18,1916293077,genomic_raw,8,769,1,0.0020356948899369655,0.0013003901170351106,0.0002295876800841234,0.007328830355107483,0.001290429838822676,0.0033522258413625754
NONFIBROTIC ILD ADJUDICATED,18,1916293077,genomic_raw,9,770,4,0.04511947939396605,0.005194805194805195,0.0020219574690050306,0.013280219334419372,0.003354080925860312,0.9988733650334387
NONFIBROTIC ILD ADJUDICATED,18,1916293077,genomic_isotonic,0,770,1,0.0,0.0012987012987012987,0.00022928946639889794,0.007319361170123334,0.0,0.0
NONFIBROTIC ILD ADJUDICATED,18,1916293077,genomic_isotonic,1,769,1,0.0008530928072748063,0.0013003901170351106,0.0002295876800841234,0.007328830355107483,0.0,0.0008865248226950354
NONFIBROTIC ILD ADJUDICATED,18,1916293077,genomic_isotonic,2,770,1,0.0008865248226950352,0.0012987012987012987,0.00022928946639889794,0.007319361170123334,0.0008865248226950354,0.0008865248226950354
NONFIBROTIC ILD ADJUDICATED,18,1916293077,genomic_isotonic,3,769,4,0.0009894824493829094,0.005201560468140442,0.0020245891497467933,0.013297387544882687,0.0008865248226950354,0.0011179429849077697
NONFIBROTIC ILD ADJUDICATED,18,1916293077,genomic_isotonic,4,770,0,0.0011179429849077702,0.0,0.0,0.004964141914221508,0.0011179429849077697,0.0011179429849077697
NONFIBROTIC ILD ADJUDICATED,18,1916293077,genomic_isotonic,5,769,1,0.0011179429849077702,0.0013003901170351106,0.0002295876800841234,0.007328830355107483,0.0011179429849077697,0.0011179429849077697
NONFIBROTIC ILD ADJUDICATED,18,1916293077,genomic_isotonic,6,769,0,0.0011179429849077702,0.0,0.0,0.004970565148712315,0.0011179429849077697,0.0011179429849077697
NONFIBROTIC ILD ADJUDICATED,18,1916293077,genomic_isotonic,7,770,2,0.003728478213085017,0.0025974025974025974,0.0007125907061236786,0.009420568652699277,0.0011179429849077697,0.005672609400324149
NONFIBROTIC ILD ADJUDICATED,18,1916293077,genomic_isotonic,8,769,3,0.005672609400324149,0.0039011703511053317,0.001327618000260774,0.011406505807889416,0.005672609400324149,0.005672609400324149
NONFIBROTIC ILD ADJUDICATED,18,1916293077,genomic_isotonic,9,770,3,0.00567260940032415,0.003896103896103896,0.0013258926936253902,0.011391775387498288,0.005672609400324149,0.005672609400324149
NONFIBROTIC ILD ADJUDICATED,18,1916293077,combined_raw,0,770,1,0.00017581908297645496,0.0012987012987012987,0.00022928946639889794,0.007319361170123334,7.51384615453296e-05,0.0002334866547621211
NONFIBROTIC ILD ADJUDICATED,18,1916293077,combined_raw,1,769,1,0.0002819779663454952,0.0013003901170351106,0.0002295876800841234,0.007328830355107483,0.0002335774409610903,0.0003362724160343191
NONFIBROTIC ILD ADJUDICATED,18,1916293077,combined_raw,2,770,0,0.00040302313553076773,0.0,0.0,0.004964141914221508,0.0003366116377405592,0.00047270409887416033
NONFIBROTIC ILD ADJUDICATED,18,1916293077,combined_raw,3,769,1,0.0005550759929040174,0.0013003901170351106,0.0002295876800841234,0.007328830355107483,0.00047271466514739224,0.000647957836383632
NONFIBROTIC ILD ADJUDICATED,18,1916293077,combined_raw,4,770,1,0.000773676843948298,0.0012987012987012987,0.00022928946639889794,0.007319361170123334,0.0006488466794671419,0.0009187549056504286
NONFIBROTIC ILD ADJUDICATED,18,1916293077,combined_raw,5,769,1,0.001132958957590589,0.0013003901170351106,0.0002295876800841234,0.007328830355107483,0.0009190579015045537,0.001386452021046294
NONFIBROTIC ILD ADJUDICATED,18,1916293077,combined_raw,6,769,1,0.0018116524434236311,0.0013003901170351106,0.0002295876800841234,0.007328830355107483,0.0013866891437495689,0.0023655045642311527
NONFIBROTIC ILD ADJUDICATED,18,1916293077,combined_raw,7,770,1,0.0035089545542602374,0.0012987012987012987,0.00022928946639889794,0.007319361170123334,0.002366504084747356,0.005114205501417184
NONFIBROTIC ILD ADJUDICATED,18,1916293077,combined_raw,8,769,2,0.009917381349566537,0.002600780234070221,0.0007135177289523901,0.009432753192718508,0.005116563861020558,0.01837217497984848
NONFIBROTIC ILD ADJUDICATED,18,1916293077,combined_raw,9,770,7,0.10042275052205267,0.00909090909090909,0.004410478976495486,0.01864522399383109,0.018389826010649663,0.9129828466042326
NONFIBROTIC ILD ADJUDICATED,18,1916293077,combined_isotonic,0,770,1,0.0,0.0012987012987012987,0.00022928946639889794,0.007319361170123334,0.0,0.0
NONFIBROTIC ILD ADJUDICATED,18,1916293077,combined_isotonic,1,769,1,0.0,0.0013003901170351106,0.0002295876800841234,0.007328830355107483,0.0,0.0
NONFIBROTIC ILD ADJUDICATED,18,1916293077,combined_isotonic,2,770,0,0.0,0.0,0.0,0.004964141914221508,0.0,0.0
NONFIBROTIC ILD ADJUDICATED,18,1916293077,combined_isotonic,3,769,1,0.0,0.0013003901170351106,0.0002295876800841234,0.007328830355107483,0.0,0.0
NONFIBROTIC ILD ADJUDICATED,18,1916293077,combined_isotonic,4,770,1,0.0,0.0012987012987012987,0.00022928946639889794,0.007319361170123334,0.0,0.0
NONFIBROTIC ILD ADJUDICATED,18,1916293077,combined_isotonic,5,769,2,0.0,0.002600780234070221,0.0007135177289523901,0.009432753192718508,0.0,0.0
NONFIBROTIC ILD ADJUDICATED,18,1916293077,combined_isotonic,6,769,0,0.0007904565153824026,0.0,0.0,0.004970565148712315,0.0,0.004570383912248629
NONFIBROTIC ILD ADJUDICATED,18,1916293077,combined_isotonic,7,770,2,0.004570383912248629,0.0025974025974025974,0.0007125907061236786,0.009420568652699277,0.004570383912248629,0.004570383912248629
NONFIBROTIC ILD ADJUDICATED,18,1916293077,combined_isotonic,8,769,5,0.005215606514409426,0.006501950585175552,0.002780348414515579,0.015129481166593194,0.004570383912248629,0.005656108597285068
NONFIBROTIC ILD ADJUDICATED,18,1916293077,combined_isotonic,9,770,3,0.006976990525189431,0.003896103896103896,0.0013258926936253902,0.011391775387498288,0.005656108597285068,0.01282051282051282
NONFIBROTIC ILD ADJUDICATED,19,344693377,zebra_raw,0,770,0,0.23211121651892952,0.0,0.0,0.004964141914221508,0.11052533634471677,0.2611638888339737
NONFIBROTIC ILD ADJUDICATED,19,344693377,zebra_raw,1,769,0,0.2857358273547723,0.0,0.0,0.004970565148712315,0.26119474251243924,0.31090527380487964
NONFIBROTIC ILD ADJUDICATED,19,344693377,zebra_raw,2,770,0,0.33884834533664104,0.0,0.0,0.004964141914221508,0.3109067396753655,0.370431185619675
NONFIBROTIC ILD ADJUDICATED,19,344693377,zebra_raw,3,769,0,0.4053015204707785,0.0,0.0,0.004970565148712315,0.37048960175645773,0.44284162029434615
NONFIBROTIC ILD ADJUDICATED,19,344693377,zebra_raw,4,770,1,0.4875958881437403,0.0012987012987012987,0.00022928946639889794,0.007319361170123334,0.44302324706577123,0.538853101911673
NONFIBROTIC ILD ADJUDICATED,19,344693377,zebra_raw,5,769,2,0.5998294468744693,0.002600780234070221,0.0007135177289523901,0.009432753192718508,0.5390876296067859,0.6638281870023752
NONFIBROTIC ILD ADJUDICATED,19,344693377,zebra_raw,6,769,2,0.7297140333883558,0.002600780234070221,0.0007135177289523901,0.009432753192718508,0.6639428631930064,0.7898361713635328
NONFIBROTIC ILD ADJUDICATED,19,344693377,zebra_raw,7,770,2,0.8471051828005374,0.0025974025974025974,0.0007125907061236786,0.009420568652699277,0.789896992430299,0.9002870229318725
NONFIBROTIC ILD ADJUDICATED,19,344693377,zebra_raw,8,769,2,0.9515559320313483,0.002600780234070221,0.0007135177289523901,0.009432753192718508,0.9003282979708815,0.9860122135494251
NONFIBROTIC ILD ADJUDICATED,19,344693377,zebra_raw,9,770,7,0.9965430161085311,0.00909090909090909,0.004410478976495486,0.01864522399383109,0.9860131772949529,1.0
NONFIBROTIC ILD ADJUDICATED,19,344693377,zebra_isotonic,0,770,0,0.0,0.0,0.0,0.004964141914221508,0.0,0.0
NONFIBROTIC ILD ADJUDICATED,19,344693377,zebra_isotonic,1,769,0,0.0,0.0,0.0,0.004970565148712315,0.0,0.0
NONFIBROTIC ILD ADJUDICATED,19,344693377,zebra_isotonic,2,770,1,0.0,0.0012987012987012987,0.00022928946639889794,0.007319361170123334,0.0,0.0
NONFIBROTIC ILD ADJUDICATED,19,344693377,zebra_isotonic,3,769,0,0.0,0.0,0.0,0.004970565148712315,0.0,0.0
NONFIBROTIC ILD ADJUDICATED,19,344693377,zebra_isotonic,4,770,0,0.0,0.0,0.0,0.004964141914221508,0.0,0.0
NONFIBROTIC ILD ADJUDICATED,19,344693377,zebra_isotonic,5,769,2,0.0010567573082229116,0.002600780234070221,0.0007135177289523901,0.009432753192718508,0.0,0.00117096018735363
NONFIBROTIC ILD ADJUDICATED,19,344693377,zebra_isotonic,6,769,2,0.0014845802287662448,0.002600780234070221,0.0007135177289523901,0.009432753192718508,0.00117096018735363,0.002514668901927913
NONFIBROTIC ILD ADJUDICATED,19,344693377,zebra_isotonic,7,770,3,0.002514668901927912,0.003896103896103896,0.0013258926936253902,0.011391775387498288,0.002514668901927913,0.002514668901927913
NONFIBROTIC ILD ADJUDICATED,19,344693377,zebra_isotonic,8,769,1,0.0025146689019279124,0.0013003901170351106,0.0002295876800841234,0.007328830355107483,0.002514668901927913,0.002514668901927913
NONFIBROTIC ILD ADJUDICATED,19,344693377,zebra_isotonic,9,770,7,0.01390074059136362,0.00909090909090909,0.004410478976495486,0.01864522399383109,0.002514668901927913,0.03773584905660377
NONFIBROTIC ILD ADJUDICATED,19,344693377,genomic_raw,0,770,1,0.0,0.0012987012987012987,0.00022928946639889794,0.007319361170123334,0.0,0.0
NONFIBROTIC ILD ADJUDICATED,19,344693377,genomic_raw,1,769,2,6.469078573470813e-255,0.002600780234070221,0.0007135177289523901,0.009432753192718508,0.0,4.823056046710169e-253
NONFIBROTIC ILD ADJUDICATED,19,344693377,genomic_raw,2,770,2,1.8707116407100611e-224,0.0025974025974025974,0.0007125907061236786,0.009420568652699277,7.979082028153712e-253,1.851329711744327e-222
NONFIBROTIC ILD ADJUDICATED,19,344693377,genomic_raw,3,769,2,2.4166579098148223e-187,0.002600780234070221,0.0007135177289523901,0.009432753192718508,1.9337012858854945e-222,1.6464457224373736e-185
NONFIBROTIC ILD ADJUDICATED,19,344693377,genomic_raw,4,770,2,1.3674988605477216e-155,0.0025974025974025974,0.0007125907061236786,0.009420568652699277,1.6887736591083884e-185,8.721752162623163e-154
NONFIBROTIC ILD ADJUDICATED,19,344693377,genomic_raw,5,769,1,1.3669754591206857e-129,0.0013003901170351106,0.0002295876800841234,0.007328830355107483,8.736292631896112e-154,8.860508143270115e-128
NONFIBROTIC ILD ADJUDICATED,19,344693377,genomic_raw,6,769,0,4.1714282296573636e-104,0.0,0.0,0.004970565148712315,8.92418574989649e-128,1.879938965127583e-102
NONFIBROTIC ILD ADJUDICATED,19,344693377,genomic_raw,7,770,2,7.827249275779355e-80,0.0025974025974025974,0.0007125907061236786,0.009420568652699277,1.9335039329917544e-102,5.2187788910906565e-78
NONFIBROTIC ILD ADJUDICATED,19,344693377,genomic_raw,8,769,4,1.4396897799435997e-42,0.005201560468140442,0.0020245891497467933,0.013297387544882687,5.610398523664786e-78,9.886819977985623e-41
NONFIBROTIC ILD ADJUDICATED,19,344693377,genomic_raw,9,770,0,0.2434213803384616,0.0,0.0,0.004964141914221508,1.0119430678298163e-40,1.0
NONFIBROTIC ILD ADJUDICATED,19,344693377,genomic_isotonic,1,769,0,0.0009718172983479104,0.0,0.0,0.004970565148712315,0.0009718172983479104,0.0009718172983479104
NONFIBROTIC ILD ADJUDICATED,19,344693377,genomic_isotonic,3,769,4,0.0009718172983479104,0.005201560468140442,0.0020245891497467933,0.013297387544882687,0.0009718172983479104,0.0009718172983479104
NONFIBROTIC ILD ADJUDICATED,19,344693377,genomic_isotonic,5,769,4,0.0009718172983479104,0.005201560468140442,0.0020245891497467933,0.013297387544882687,0.0009718172983479104,0.0009718172983479104
NONFIBROTIC ILD ADJUDICATED,19,344693377,genomic_isotonic,6,769,1,0.0009718172983479104,0.0013003901170351106,0.0002295876800841234,0.007328830355107483,0.0009718172983479104,0.0009718172983479104
NONFIBROTIC ILD ADJUDICATED,19,344693377,genomic_isotonic,8,769,2,0.0009718172983479104,0.002600780234070221,0.0007135177289523901,0.009432753192718508,0.0009718172983479104,0.0009718172983479104
NONFIBROTIC ILD ADJUDICATED,19,344693377,genomic_isotonic,0,770,1,0.0009718172983479105,0.0012987012987012987,0.00022928946639889794,0.007319361170123334,0.0009718172983479104,0.0009718172983479104
NONFIBROTIC ILD ADJUDICATED,19,344693377,genomic_isotonic,2,770,2,0.0009718172983479105,0.0025974025974025974,0.0007125907061236786,0.009420568652699277,0.0009718172983479104,0.0009718172983479104
NONFIBROTIC ILD ADJUDICATED,19,344693377,genomic_isotonic,4,770,1,0.0009718172983479105,0.0012987012987012987,0.00022928946639889794,0.007319361170123334,0.0009718172983479104,0.0009718172983479104
NONFIBROTIC ILD ADJUDICATED,19,344693377,genomic_isotonic,7,770,0,0.0009718172983479105,0.0,0.0,0.004964141914221508,0.0009718172983479104,0.0009718172983479104
NONFIBROTIC ILD ADJUDICATED,19,344693377,genomic_isotonic,9,770,1,0.011108005760396302,0.0012987012987012987,0.00022928946639889794,0.007319361170123334,0.0009718172983479104,0.04
NONFIBROTIC ILD ADJUDICATED,19,344693377,combined_raw,0,770,2,1.2449880741493933e-25,0.0025974025974025974,0.0007125907061236786,0.009420568652699277,1.4220608000544048e-40,6.599167998981636e-25
NONFIBROTIC ILD ADJUDICATED,19,344693377,combined_raw,1,769,6,5.701223865029248e-09,0.007802340702210663,0.003580646807040671,0.016917035660547395,6.613860165648303e-25,2.5079261068933003e-08
NONFIBROTIC ILD ADJUDICATED,19,344693377,combined_raw,2,770,0,4.6656079154487335e-08,0.0,0.0,0.004964141914221508,2.5148308450931426e-08,7.044013025038017e-08
NONFIBROTIC ILD ADJUDICATED,19,344693377,combined_raw,3,769,1,1.0630076936653093e-07,0.0013003901170351106,0.0002295876800841234,0.007328830355107483,7.046101614162348e-08,1.4689202194003334e-07
NONFIBROTIC ILD ADJUDICATED,19,344693377,combined_raw,4,770,1,2.1301507222750797e-07,0.0012987012987012987,0.00022928946639889794,0.007319361170123334,1.471061131696591e-07,2.9773180698174697e-07
NONFIBROTIC ILD ADJUDICATED,19,344693377,combined_raw,5,769,0,4.472911961682846e-07,0.0,0.0,0.004970565148712315,2.977503535648524e-07,6.67609202073895e-07
NONFIBROTIC ILD ADJUDICATED,19,344693377,combined_raw,6,769,1,1.2298847749856568e-06,0.0013003901170351106,0.0002295876800841234,0.007328830355107483,6.67684670154175e-07,2.2526978181475434e-06
NONFIBROTIC ILD ADJUDICATED,19,344693377,combined_raw,7,770,0,4.6864479840431194e-05,0.0,0.0,0.004964141914221508,2.2553661188924773e-06,0.00020116531021828392
NONFIBROTIC ILD ADJUDICATED,19,344693377,combined_raw,8,769,3,0.0007241269204527386,0.0039011703511053317,0.001327618000260774,0.011406505807889416,0.00020262409794584782,0.0015612016004223682
NONFIBROTIC ILD ADJUDICATED,19,344693377,combined_raw,9,770,2,0.016717272089597942,0.0025974025974025974,0.0007125907061236786,0.009420568652699277,0.0015690722597750107,0.6889048969132257
NONFIBROTIC ILD ADJUDICATED,19,344693377,combined_isotonic,0,770,0,0.0,0.0,0.0,0.004964141914221508,0.0,0.0
NONFIBROTIC ILD ADJUDICATED,19,344693377,combined_isotonic,1,769,3,0.0,0.0039011703511053317,0.001327618000260774,0.011406505807889416,0.0,0.0
NONFIBROTIC ILD ADJUDICATED,19,344693377,combined_isotonic,2,770,5,0.0,0.006493506493506494,0.0027767335367897463,0.01510995198893538,0.0,0.0
NONFIBROTIC ILD ADJUDICATED,19,344693377,combined_isotonic,3,769,0,0.0,0.0,0.0,0.004970565148712315,0.0,0.0
NONFIBROTIC ILD ADJUDICATED,19,344693377,combined_isotonic,4,770,1,0.0,0.0012987012987012987,0.00022928946639889794,0.007319361170123334,0.0,0.0
NONFIBROTIC ILD ADJUDICATED,19,344693377,combined_isotonic,5,769,1,0.0009035721403200341,0.0013003901170351106,0.0002295876800841234,0.007328830355107483,0.0,0.0012319063751154912
NONFIBROTIC ILD ADJUDICATED,19,344693377,combined_isotonic,6,769,0,0.0012319063751154915,0.0,0.0,0.004970565148712315,0.0012319063751154912,0.0012319063751154912
NONFIBROTIC ILD ADJUDICATED,19,344693377,combined_isotonic,7,770,1,0.0012319063751154915,0.0012987012987012987,0.00022928946639889794,0.007319361170123334,0.0012319063751154912,0.0012319063751154912
NONFIBROTIC ILD ADJUDICATED,19,344693377,combined_isotonic,8,769,2,0.0047408691347780064,0.002600780234070221,0.0007135177289523901,0.009432753192718508,0.0012319063751154912,0.005714285714285714
NONFIBROTIC ILD ADJUDICATED,19,344693377,combined_isotonic,9,770,3,0.008204747825050266,0.003896103896103896,0.0013258926936253902,0.011391775387498288,0.005714285714285714,0.031746031746031744
NONFIBROTIC ILD ADJUDICATED,20,1170263853,zebra_raw,0,770,0,0.23220451328593225,0.0,0.0,0.004964141914221508,0.11052533634471677,0.261929049148748
NONFIBROTIC ILD ADJUDICATED,20,1170263853,zebra_raw,1,769,0,0.2871214226724221,0.0,0.0,0.004970565148712315,0.2620496868382658,0.31213148847501915
NONFIBROTIC ILD ADJUDICATED,20,1170263853,zebra_raw,2,770,0,0.342118634568739,0.0,0.0,0.004964141914221508,0.3124139229420949,0.3739053703651477
NONFIBROTIC ILD ADJUDICATED,20,1170263853,zebra_raw,3,769,0,0.40940731268297964,0.0,0.0,0.004970565148712315,0.37394430797350053,0.44615490116323736
NONFIBROTIC ILD ADJUDICATED,20,1170263853,zebra_raw,4,770,0,0.49074024996630694,0.0,0.0,0.004964141914221508,0.4461954973729872,0.5407678656479292
NONFIBROTIC ILD ADJUDICATED,20,1170263853,zebra_raw,5,769,2,0.5993814597378214,0.002600780234070221,0.0007135177289523901,0.009432753192718508,0.5407863218214698,0.6603106288858349
NONFIBROTIC ILD ADJUDICATED,20,1170263853,zebra_raw,6,769,2,0.7287853206218246,0.002600780234070221,0.0007135177289523901,0.009432753192718508,0.6603575865841811,0.7894419350349094
NONFIBROTIC ILD ADJUDICATED,20,1170263853,zebra_raw,7,770,2,0.8460895062057291,0.0025974025974025974,0.0007125907061236786,0.009420568652699277,0.7896040325912881,0.900531782719916
NONFIBROTIC ILD ADJUDICATED,20,1170263853,zebra_raw,8,769,1,0.9500662889280321,0.0013003901170351106,0.0002295876800841234,0.007328830355107483,0.9010687245335479,0.9852651300912427
NONFIBROTIC ILD ADJUDICATED,20,1170263853,zebra_raw,9,770,9,0.9964637368076928,0.011688311688311689,0.006161243000312308,0.022063477414615715,0.9852882260270938,1.0
NONFIBROTIC ILD ADJUDICATED,20,1170263853,zebra_isotonic,0,770,0,0.0,0.0,0.0,0.004964141914221508,0.0,0.0
NONFIBROTIC ILD ADJUDICATED,20,1170263853,zebra_isotonic,1,769,0,0.0,0.0,0.0,0.004970565148712315,0.0,0.0
NONFIBROTIC ILD ADJUDICATED,20,1170263853,zebra_isotonic,2,770,0,0.0,0.0,0.0,0.004964141914221508,0.0,0.0
NONFIBROTIC ILD ADJUDICATED,20,1170263853,zebra_isotonic,3,769,0,0.0,0.0,0.0,0.004970565148712315,0.0,0.0
NONFIBROTIC ILD ADJUDICATED,20,1170263853,zebra_isotonic,4,770,0,0.00029892348018178955,0.0,0.0,0.004964141914221508,0.0,0.002347417840375587
NONFIBROTIC ILD ADJUDICATED,20,1170263853,zebra_isotonic,5,769,1,0.0023474178403755865,0.0013003901170351106,0.0002295876800841234,0.007328830355107483,0.002347417840375587,0.002347417840375587
NONFIBROTIC ILD ADJUDICATED,20,1170263853,zebra_isotonic,6,769,1,0.002555397839176207,0.0013003901170351106,0.0002295876800841234,0.007328830355107483,0.002347417840375587,0.0028222013170272815
NONFIBROTIC ILD ADJUDICATED,20,1170263853,zebra_isotonic,7,770,4,0.0028222013170272823,0.005194805194805195,0.0020219574690050306,0.013280219334419372,0.0028222013170272815,0.0028222013170272815
NONFIBROTIC ILD ADJUDICATED,20,1170263853,zebra_isotonic,8,769,3,0.0029592447259243347,0.0039011703511053317,0.001327618000260774,0.011406505807889416,0.0028222013170272815,0.003215434083601286
NONFIBROTIC ILD ADJUDICATED,20,1170263853,zebra_isotonic,9,770,7,0.010325365568418367,0.00909090909090909,0.004410478976495486,0.01864522399383109,0.003215434083601286,0.03636363636363636
NONFIBROTIC ILD ADJUDICATED,20,1170263853,genomic_raw,0,770,1,1.984135048004105e-10,0.0012987012987012987,0.00022928946639889794,0.007319361170123334,3.0026516533777346e-11,3.2914988488413495e-10
NONFIBROTIC ILD ADJUDICATED,20,1170263853,genomic_raw,1,769,1,5.170430858807812e-10,0.0013003901170351106,0.0002295876800841234,0.007328830355107483,3.304835042787949e-10,7.661764100340958e-10
NONFIBROTIC ILD ADJUDICATED,20,1170263853,genomic_raw,2,770,1,1.1583777698867942e-09,0.0012987012987012987,0.00022928946639889794,0.007319361170123334,7.662851986149909e-10,1.6542064023349107e-09
NONFIBROTIC ILD ADJUDICATED,20,1170263853,genomic_raw,3,769,0,2.731076795679794e-09,0.0,0.0,0.004970565148712315,1.6555747356355121e-09,4.515684204561711e-09
NONFIBROTIC ILD ADJUDICATED,20,1170263853,genomic_raw,4,770,3,1.008511973948056e-08,0.003896103896103896,0.0013258926936253902,0.011391775387498288,4.525444386929396e-09,2.1614334466207134e-08
NONFIBROTIC ILD ADJUDICATED,20,1170263853,genomic_raw,5,769,1,1.5406037196974292e-05,0.0013003901170351106,0.0002295876800841234,0.007328830355107483,2.1769238735768854e-08,5.434375179670825e-05
NONFIBROTIC ILD ADJUDICATED,20,1170263853,genomic_raw,6,769,0,0.00010409853047826802,0.0,0.0,0.004970565148712315,5.442588236607162e-05,0.00016423517309482397
NONFIBROTIC ILD ADJUDICATED,20,1170263853,genomic_raw,7,770,5,0.00027932475487765996,0.006493506493506494,0.0027767335367897463,0.01510995198893538,0.00016429137955979316,0.00043818058922905783
NONFIBROTIC ILD ADJUDICATED,20,1170263853,genomic_raw,8,769,2,0.0008226815749579173,0.002600780234070221,0.0007135177289523901,0.009432753192718508,0.00043838627338926145,0.0015264999830638638
NONFIBROTIC ILD ADJUDICATED,20,1170263853,genomic_raw,9,770,2,0.018875201462781873,0.0025974025974025974,0.0007125907061236786,0.009420568652699277,0.001528471895889163,0.9218588613847668
NONFIBROTIC ILD ADJUDICATED,20,1170263853,genomic_isotonic,0,770,1,0.0,0.0012987012987012987,0.00022928946639889794,0.007319361170123334,0.0,0.0
NONFIBROTIC ILD ADJUDICATED,20,1170263853,genomic_isotonic,1,769,2,0.0,0.002600780234070221,0.0007135177289523901,0.009432753192718508,0.0,0.0
NONFIBROTIC ILD ADJUDICATED,20,1170263853,genomic_isotonic,2,770,0,0.0,0.0,0.0,0.004964141914221508,0.0,0.0
NONFIBROTIC ILD ADJUDICATED,20,1170263853,genomic_isotonic,3,769,1,0.0,0.0013003901170351106,0.0002295876800841234,0.007328830355107483,0.0,0.0
NONFIBROTIC ILD ADJUDICATED,20,1170263853,genomic_isotonic,4,770,1,8.28862578465204e-05,0.0012987012987012987,0.00022928946639889794,0.007319361170123334,0.0,0.0008605851979345956
NONFIBROTIC ILD ADJUDICATED,20,1170263853,genomic_isotonic,5,769,2,0.002214579250411142,0.002600780234070221,0.0007135177289523901,0.009432753192718508,0.0008605851979345956,0.0033456005352960855
NONFIBROTIC ILD ADJUDICATED,20,1170263853,genomic_isotonic,6,769,3,0.0033456005352960846,0.0039011703511053317,0.001327618000260774,0.011406505807889416,0.0033456005352960855,0.0033456005352960855
NONFIBROTIC ILD ADJUDICATED,20,1170263853,genomic_isotonic,7,770,2,0.0033456005352960846,0.0025974025974025974,0.0007125907061236786,0.009420568652699277,0.0033456005352960855,0.0033456005352960855
NONFIBROTIC ILD ADJUDICATED,20,1170263853,genomic_isotonic,8,769,2,0.0033456005352960846,0.002600780234070221,0.0007135177289523901,0.009432753192718508,0.0033456005352960855,0.0033456005352960855
NONFIBROTIC ILD ADJUDICATED,20,1170263853,genomic_isotonic,9,770,2,0.0033456005352960846,0.0025974025974025974,0.0007125907061236786,0.009420568652699277,0.0033456005352960855,0.0033456005352960855
NONFIBROTIC ILD ADJUDICATED,20,1170263853,combined_raw,0,770,1,3.5594478193273196e-07,0.0012987012987012987,0.00022928946639889794,0.007319361170123334,5.919132218859691e-09,8.398468506723849e-07
NONFIBROTIC ILD ADJUDICATED,20,1170263853,combined_raw,1,769,2,1.2165558586576335e-06,0.002600780234070221,0.0007135177289523901,0.009432753192718508,8.40952473291323e-07,1.6326017705415979e-06
NONFIBROTIC ILD ADJUDICATED,20,1170263853,combined_raw,2,770,0,2.203284715805931e-06,0.0,0.0,0.004964141914221508,1.632864074326218e-06,2.877827375497099e-06
NONFIBROTIC ILD ADJUDICATED,20,1170263853,combined_raw,3,769,1,3.76058418315348e-06,0.0013003901170351106,0.0002295876800841234,0.007328830355107483,2.8870386669078884e-06,4.74038071378737e-06
NONFIBROTIC ILD ADJUDICATED,20,1170263853,combined_raw,4,770,2,5.7875199234712125e-06,0.0025974025974025974,0.0007125907061236786,0.009420568652699277,4.742557940929529e-06,6.917287825409978e-06
NONFIBROTIC ILD ADJUDICATED,20,1170263853,combined_raw,5,769,0,8.443410193426282e-06,0.0,0.0,0.004970565148712315,6.926385285395443e-06,1.0178948956971076e-05
NONFIBROTIC ILD ADJUDICATED,20,1170263853,combined_raw,6,769,0,1.2994454435150825e-05,0.0,0.0,0.004970565148712315,1.0179472483969028e-05,1.6864927532093435e-05
NONFIBROTIC ILD ADJUDICATED,20,1170263853,combined_raw,7,770,0,2.8325458120063224e-05,0.0,0.0,0.004964141914221508,1.6877904274778712e-05,6.193818299840388e-05
NONFIBROTIC ILD ADJUDICATED,20,1170263853,combined_raw,8,769,6,0.004254692981023253,0.007802340702210663,0.003580646807040671,0.016917035660547395,6.316624320433121e-05,0.00839859740560108
NONFIBROTIC ILD ADJUDICATED,20,1170263853,combined_raw,9,770,4,0.03984197584997013,0.005194805194805195,0.0020219574690050306,0.013280219334419372,0.00843301576426115,0.7611480298774915
NONFIBROTIC ILD ADJUDICATED,20,1170263853,combined_isotonic,0,770,1,0.001350862957291614,0.0012987012987012987,0.00022928946639889794,0.007319361170123334,0.0,0.001961639058413252
NONFIBROTIC ILD ADJUDICATED,20,1170263853,combined_isotonic,1,769,0,0.001961639058413251,0.0,0.0,0.004970565148712315,0.001961639058413252,0.001961639058413252
NONFIBROTIC ILD ADJUDICATED,20,1170263853,combined_isotonic,3,769,1,0.001961639058413251,0.0013003901170351106,0.0002295876800841234,0.007328830355107483,0.001961639058413252,0.001961639058413252
NONFIBROTIC ILD ADJUDICATED,20,1170263853,combined_isotonic,5,769,1,0.001961639058413251,0.0013003901170351106,0.0002295876800841234,0.007328830355107483,0.001961639058413252,0.001961639058413252
NONFIBROTIC ILD ADJUDICATED,20,1170263853,combined_isotonic,6,769,0,0.001961639058413251,0.0,0.0,0.004970565148712315,0.001961639058413252,0.001961639058413252
NONFIBROTIC ILD ADJUDICATED,20,1170263853,combined_isotonic,2,770,3,0.0019616390584132515,0.003896103896103896,0.0013258926936253902,0.011391775387498288,0.001961639058413252,0.001961639058413252
NONFIBROTIC ILD ADJUDICATED,20,1170263853,combined_isotonic,4,770,2,0.0019616390584132515,0.0025974025974025974,0.0007125907061236786,0.009420568652699277,0.001961639058413252,0.001961639058413252
NONFIBROTIC ILD ADJUDICATED,20,1170263853,combined_isotonic,7,770,1,0.0019616390584132515,0.0012987012987012987,0.00022928946639889794,0.007319361170123334,0.001961639058413252,0.001961639058413252
NONFIBROTIC ILD ADJUDICATED,20,1170263853,combined_isotonic,8,769,3,0.0033751177287231838,0.0039011703511053317,0.001327618000260774,0.011406505807889416,0.001961639058413252,0.004310344827586207
NONFIBROTIC ILD ADJUDICATED,20,1170263853,combined_isotonic,9,770,4,0.004310344827586208,0.005194805194805195,0.0020219574690050306,0.013280219334419372,0.004310344827586207,0.004310344827586207
NONFIBROTIC ILD ADJUDICATED,21,1813802518,zebra_raw,0,770,0,0.23217359072685384,0.0,0.0,0.004964141914221508,0.11052533634471677,0.26012988831572514
NONFIBROTIC ILD ADJUDICATED,21,1813802518,zebra_raw,1,769,0,0.2870640075130357,0.0,0.0,0.004970565148712315,0.2601982884591711,0.3130825244935966
NONFIBROTIC ILD ADJUDICATED,21,1813802518,zebra_raw,2,770,0,0.34333334795725606,0.0,0.0,0.004964141914221508,0.3132357458358274,0.3764296412545548
NONFIBROTIC ILD ADJUDICATED,21,1813802518,zebra_raw,3,769,0,0.4117618035364549,0.0,0.0,0.004970565148712315,0.37647236434557707,0.4485139057574097
NONFIBROTIC ILD ADJUDICATED,21,1813802518,zebra_raw,4,770,0,0.4929631933193047,0.0,0.0,0.004964141914221508,0.44856133829255057,0.545955588164633
NONFIBROTIC ILD ADJUDICATED,21,1813802518,zebra_raw,5,769,2,0.6075396961490538,0.002600780234070221,0.0007135177289523901,0.009432753192718508,0.5459965224187812,0.6692291322857369
NONFIBROTIC ILD ADJUDICATED,21,1813802518,zebra_raw,6,769,2,0.7355455316616616,0.002600780234070221,0.0007135177289523901,0.009432753192718508,0.6694023790936159,0.7950211695185392
NONFIBROTIC ILD ADJUDICATED,21,1813802518,zebra_raw,7,770,3,0.8486570367279475,0.003896103896103896,0.0013258926936253902,0.011391775387498288,0.7951442282543598,0.8996621190560748
NONFIBROTIC ILD ADJUDICATED,21,1813802518,zebra_raw,8,769,1,0.9487346627717634,0.0013003901170351106,0.0002295876800841234,0.007328830355107483,0.8996673482561942,0.9853504544758104
NONFIBROTIC ILD ADJUDICATED,21,1813802518,zebra_raw,9,770,8,0.996427502048153,0.01038961038961039,0.005273784940225151,0.020366426752402144,0.9853533817341006,1.0
NONFIBROTIC ILD ADJUDICATED,21,1813802518,zebra_isotonic,0,770,0,0.0,0.0,0.0,0.004964141914221508,0.0,0.0
NONFIBROTIC ILD ADJUDICATED,21,1813802518,zebra_isotonic,1,769,0,0.0,0.0,0.0,0.004970565148712315,0.0,0.0
NONFIBROTIC ILD ADJUDICATED,21,1813802518,zebra_isotonic,2,770,0,0.0,0.0,0.0,0.004964141914221508,0.0,0.0
NONFIBROTIC ILD ADJUDICATED,21,1813802518,zebra_isotonic,3,769,0,0.0,0.0,0.0,0.004970565148712315,0.0,0.0
NONFIBROTIC ILD ADJUDICATED,21,1813802518,zebra_isotonic,4,770,1,0.0003084962826811429,0.0012987012987012987,0.00022928946639889794,0.007319361170123334,0.0,0.0020554984583761563
NONFIBROTIC ILD ADJUDICATED,21,1813802518,zebra_isotonic,5,769,2,0.002055498458376156,0.002600780234070221,0.0007135177289523901,0.009432753192718508,0.0020554984583761563,0.0020554984583761563
NONFIBROTIC ILD ADJUDICATED,21,1813802518,zebra_isotonic,6,769,1,0.002194607798595781,0.0013003901170351106,0.0002295876800841234,0.007328830355107483,0.0020554984583761563,0.0025575447570332483
NONFIBROTIC ILD ADJUDICATED,21,1813802518,zebra_isotonic,7,770,2,0.002557544757033248,0.0025974025974025974,0.0007125907061236786,0.009420568652699277,0.0025575447570332483,0.0025575447570332483
NONFIBROTIC ILD ADJUDICATED,21,1813802518,zebra_isotonic,8,769,2,0.0026566953461997674,0.002600780234070221,0.0007135177289523901,0.009432753192718508,0.0025575447570332483,0.002717391304347826
NONFIBROTIC ILD ADJUDICATED,21,1813802518,zebra_isotonic,9,770,8,0.012080734619319628,0.01038961038961039,0.005273784940225151,0.020366426752402144,0.002717391304347826,0.058823529411764705
NONFIBROTIC ILD ADJUDICATED,21,1813802518,genomic_raw,0,770,2,6.9108785828421594e-12,0.0025974025974025974,0.0007125907061236786,0.009420568652699277,6.745579864965084e-14,1.7462731072957873e-11
NONFIBROTIC ILD ADJUDICATED,21,1813802518,genomic_raw,1,769,0,5.815803555185439e-11,0.0,0.0,0.004970565148712315,1.74773741942855e-11,1.473146445794547e-10
NONFIBROTIC ILD ADJUDICATED,21,1813802518,genomic_raw,2,770,1,6.804879557585673e-10,0.0012987012987012987,0.00022928946639889794,0.007319361170123334,1.47383645993209e-10,1.7415082116421028e-09
NONFIBROTIC ILD ADJUDICATED,21,1813802518,genomic_raw,3,769,3,4.499766636062252e-09,0.0039011703511053317,0.001327618000260774,0.011406505807889416,1.7426318248875334e-09,8.17577118739448e-09
NONFIBROTIC ILD ADJUDICATED,21,1813802518,genomic_raw,4,770,1,1.654802658295773e-08,0.0012987012987012987,0.00022928946639889794,0.007319361170123334,8.176172297703244e-09,2.9374710573771724e-08
NONFIBROTIC ILD ADJUDICATED,21,1813802518,genomic_raw,5,769,4,6.644739892935003e-08,0.005201560468140442,0.0020245891497467933,0.013297387544882687,2.946452601540784e-08,1.397763140995644e-07
NONFIBROTIC ILD ADJUDICATED,21,1813802518,genomic_raw,6,769,1,7.59172171451462e-06,0.0013003901170351106,0.0002295876800841234,0.007328830355107483,1.40258324956447e-07,8.317841144932331e-05
NONFIBROTIC ILD ADJUDICATED,21,1813802518,genomic_raw,7,770,0,0.0005233858096897908,0.0,0.0,0.004964141914221508,8.322841564194924e-05,0.0011841359393038482
NONFIBROTIC ILD ADJUDICATED,21,1813802518,genomic_raw,8,769,2,0.0031038264455665143,0.002600780234070221,0.0007135177289523901,0.009432753192718508,0.0011860841885197508,0.006253114486003073
NONFIBROTIC ILD ADJUDICATED,21,1813802518,genomic_raw,9,770,2,0.056361342407718416,0.0025974025974025974,0.0007125907061236786,0.009420568652699277,0.006260657367356412,0.7679558532622782
NONFIBROTIC ILD ADJUDICATED,21,1813802518,genomic_isotonic,0,770,2,0.0,0.0025974025974025974,0.0007125907061236786,0.009420568652699277,0.0,0.0
NONFIBROTIC ILD ADJUDICATED,21,1813802518,genomic_isotonic,1,769,0,0.0,0.0,0.0,0.004970565148712315,0.0,0.0
NONFIBROTIC ILD ADJUDICATED,21,1813802518,genomic_isotonic,2,770,0,0.0013505718906619464,0.0,0.0,0.004964141914221508,0.0,0.0024791525805724587
NONFIBROTIC ILD ADJUDICATED,21,1813802518,genomic_isotonic,3,769,2,0.002479152580572459,0.002600780234070221,0.0007135177289523901,0.009432753192718508,0.0024791525805724587,0.0024791525805724587
NONFIBROTIC ILD ADJUDICATED,21,1813802518,genomic_isotonic,4,770,1,0.002479152580572459,0.0012987012987012987,0.00022928946639889794,0.007319361170123334,0.0024791525805724587,0.0024791525805724587
NONFIBROTIC ILD ADJUDICATED,21,1813802518,genomic_isotonic,5,769,4,0.002479152580572459,0.005201560468140442,0.0020245891497467933,0.013297387544882687,0.0024791525805724587,0.0024791525805724587
NONFIBROTIC ILD ADJUDICATED,21,1813802518,genomic_isotonic,6,769,2,0.002479152580572459,0.002600780234070221,0.0007135177289523901,0.009432753192718508,0.0024791525805724587,0.0024791525805724587
NONFIBROTIC ILD ADJUDICATED,21,1813802518,genomic_isotonic,7,770,2,0.002479152580572459,0.0025974025974025974,0.0007125907061236786,0.009420568652699277,0.0024791525805724587,0.0024791525805724587
NONFIBROTIC ILD ADJUDICATED,21,1813802518,genomic_isotonic,8,769,1,0.002479152580572459,0.0013003901170351106,0.0002295876800841234,0.007328830355107483,0.0024791525805724587,0.0024791525805724587
NONFIBROTIC ILD ADJUDICATED,21,1813802518,genomic_isotonic,9,770,2,0.002479152580572459,0.0025974025974025974,0.0007125907061236786,0.009420568652699277,0.0024791525805724587,0.0024791525805724587
NONFIBROTIC ILD ADJUDICATED,21,1813802518,combined_raw,0,770,7,4.687090941430085e-69,0.00909090909090909,0.004410478976495486,0.01864522399383109,4.363946102105783e-127,1.7540286924888317e-67
NONFIBROTIC ILD ADJUDICATED,21,1813802518,combined_raw,1,769,2,2.563185795553403e-60,0.002600780234070221,0.0007135177289523901,0.009432753192718508,1.7911198221902467e-67,3.503288460529746e-59
NONFIBROTIC ILD ADJUDICATED,21,1813802518,combined_raw,2,770,0,6.58502925413492e-56,0.0,0.0,0.004964141914221508,3.5049251317451504e-59,6.569981713297255e-55
NONFIBROTIC ILD ADJUDICATED,21,1813802518,combined_raw,3,769,0,3.0200797200649175e-52,0.0,0.0,0.004970565148712315,6.687066072043884e-55,2.2031613759455022e-51
NONFIBROTIC ILD ADJUDICATED,21,1813802518,combined_raw,4,770,1,1.5468450719214444e-48,0.0012987012987012987,0.00022928946639889794,0.007319361170123334,2.2263991407321898e-51,1.2822359886007161e-47
NONFIBROTIC ILD ADJUDICATED,21,1813802518,combined_raw,5,769,2,7.31473171777215e-45,0.002600780234070221,0.0007135177289523901,0.009432753192718508,1.32454231118383e-47,6.344301153979409e-44
NONFIBROTIC ILD ADJUDICATED,21,1813802518,combined_raw,6,769,1,8.755930977732673e-41,0.0013003901170351106,0.0002295876800841234,0.007328830355107483,6.364470158370859e-44,7.931711422244007e-40
NONFIBROTIC ILD ADJUDICATED,21,1813802518,combined_raw,7,770,2,4.995905735364238e-35,0.0025974025974025974,0.0007125907061236786,0.009420568652699277,8.040638855861809e-40,7.489508801568423e-34
NONFIBROTIC ILD ADJUDICATED,21,1813802518,combined_raw,8,769,0,4.18455704522475e-25,0.0,0.0,0.004970565148712315,7.748483842896271e-34,1.1155323791611062e-23
NONFIBROTIC ILD ADJUDICATED,21,1813802518,combined_raw,9,770,1,0.12417773038821714,0.0012987012987012987,0.00022928946639889794,0.007319361170123334,1.126580974917265e-23,1.0
NONFIBROTIC ILD ADJUDICATED,21,1813802518,combined_isotonic,0,770,1,0.0018893387314439943,0.0012987012987012987,0.00022928946639889794,0.007319361170123334,0.0018893387314439945,0.0018893387314439945
NONFIBROTIC ILD ADJUDICATED,21,1813802518,combined_isotonic,1,769,3,0.0018893387314439943,0.0039011703511053317,0.001327618000260774,0.011406505807889416,0.0018893387314439945,0.0018893387314439945
NONFIBROTIC ILD ADJUDICATED,21,1813802518,combined_isotonic,2,770,1,0.0018893387314439943,0.0012987012987012987,0.00022928946639889794,0.007319361170123334,0.0018893387314439945,0.0018893387314439945
NONFIBROTIC ILD ADJUDICATED,21,1813802518,combined_isotonic,3,769,3,0.0018893387314439943,0.0039011703511053317,0.001327618000260774,0.011406505807889416,0.0018893387314439945,0.0018893387314439945
NONFIBROTIC ILD ADJUDICATED,21,1813802518,combined_isotonic,4,770,1,0.0018893387314439943,0.0012987012987012987,0.00022928946639889794,0.007319361170123334,0.0018893387314439945,0.0018893387314439945
NONFIBROTIC ILD ADJUDICATED,21,1813802518,combined_isotonic,5,769,1,0.0018893387314439943,0.0013003901170351106,0.0002295876800841234,0.007328830355107483,0.0018893387314439945,0.0018893387314439945
NONFIBROTIC ILD ADJUDICATED,21,1813802518,combined_isotonic,6,769,2,0.0018893387314439943,0.002600780234070221,0.0007135177289523901,0.009432753192718508,0.0018893387314439945,0.0018893387314439945
NONFIBROTIC ILD ADJUDICATED,21,1813802518,combined_isotonic,7,770,1,0.0018893387314439943,0.0012987012987012987,0.00022928946639889794,0.007319361170123334,0.0018893387314439945,0.0018893387314439945
NONFIBROTIC ILD ADJUDICATED,21,1813802518,combined_isotonic,8,769,1,0.0018893387314439943,0.0013003901170351106,0.0002295876800841234,0.007328830355107483,0.0018893387314439945,0.0018893387314439945
NONFIBROTIC ILD ADJUDICATED,21,1813802518,combined_isotonic,9,770,2,0.0029689405978409822,0.0025974025974025974,0.0007125907061236786,0.009420568652699277,0.0018893387314439945,0.007751937984496124
NONFIBROTIC ILD ADJUDICATED,22,645834155,zebra_raw,0,770,0,0.23184908082412473,0.0,0.0,0.004964141914221508,0.11693488945217027,0.25930344361054497
NONFIBROTIC ILD ADJUDICATED,22,645834155,zebra_raw,1,769,0,0.2826962535715684,0.0,0.0,0.004970565148712315,0.2593542628397692,0.30795862944370395
NONFIBROTIC ILD ADJUDICATED,22,645834155,zebra_raw,2,770,0,0.337445498065497,0.0,0.0,0.004964141914221508,0.3080676171642157,0.3692727219581689
NONFIBROTIC ILD ADJUDICATED,22,645834155,zebra_raw,3,769,0,0.4040038884392398,0.0,0.0,0.004970565148712315,0.369273199064358,0.4396309929045956
NONFIBROTIC ILD ADJUDICATED,22,645834155,zebra_raw,4,770,1,0.48440132144707093,0.0012987012987012987,0.00022928946639889794,0.007319361170123334,0.4396900003173097,0.5316490930790942
NONFIBROTIC ILD ADJUDICATED,22,645834155,zebra_raw,5,769,2,0.5926059768759561,0.002600780234070221,0.0007135177289523901,0.009432753192718508,0.5316500896644698,0.6559504509224431
NONFIBROTIC ILD ADJUDICATED,22,645834155,zebra_raw,6,769,1,0.7242313483658924,0.0013003901170351106,0.0002295876800841234,0.007328830355107483,0.6565856301971705,0.7872372419200562
NONFIBROTIC ILD ADJUDICATED,22,645834155,zebra_raw,7,770,1,0.8424912023835218,0.0012987012987012987,0.00022928946639889794,0.007319361170123334,0.7873127283656928,0.8966511977992546
NONFIBROTIC ILD ADJUDICATED,22,645834155,zebra_raw,8,769,0,0.947619539427932,0.0,0.0,0.004970565148712315,0.8966751018433519,0.9846677108894489
NONFIBROTIC ILD ADJUDICATED,22,645834155,zebra_raw,9,770,11,0.996255185005757,0.014285714285714285,0.007995323688185082,0.025398414171344384,0.9846988562571408,1.0
NONFIBROTIC ILD ADJUDICATED,22,645834155,zebra_isotonic,0,770,1,0.0,0.0012987012987012987,0.00022928946639889794,0.007319361170123334,0.0,0.0
NONFIBROTIC ILD ADJUDICATED,22,645834155,zebra_isotonic,1,769,0,0.0,0.0,0.0,0.004970565148712315,0.0,0.0
NONFIBROTIC ILD ADJUDICATED,22,645834155,zebra_isotonic,2,770,0,0.0,0.0,0.0,0.004964141914221508,0.0,0.0
NONFIBROTIC ILD ADJUDICATED,22,645834155,zebra_isotonic,3,769,0,0.0,0.0,0.0,0.004970565148712315,0.0,0.0
NONFIBROTIC ILD ADJUDICATED,22,645834155,zebra_isotonic,4,770,0,0.0,0.0,0.0,0.004964141914221508,0.0,0.0
NONFIBROTIC ILD ADJUDICATED,22,645834155,zebra_isotonic,5,769,0,0.0011012466043477964,0.0,0.0,0.004970565148712315,0.0,0.0013089005235602095
NONFIBROTIC ILD ADJUDICATED,22,645834155,zebra_isotonic,6,769,3,0.0027832774408917517,0.0039011703511053317,0.001327618000260774,0.011406505807889416,0.0013089005235602095,0.005039596832253419
NONFIBROTIC ILD ADJUDICATED,22,645834155,zebra_isotonic,7,770,1,0.005039596832253419,0.0012987012987012987,0.00022928946639889794,0.007319361170123334,0.005039596832253419,0.005039596832253419
NONFIBROTIC ILD ADJUDICATED,22,645834155,zebra_isotonic,8,769,1,0.005039596832253419,0.0013003901170351106,0.0002295876800841234,0.007328830355107483,0.005039596832253419,0.005039596832253419
NONFIBROTIC ILD ADJUDICATED,22,645834155,zebra_isotonic,9,770,10,0.006876929090500811,0.012987012987012988,0.007069333631553706,0.02373989550567504,0.005039596832253419,0.020833333333333332
NONFIBROTIC ILD ADJUDICATED,22,645834155,genomic_raw,0,770,1,8.376657237613228e-16,0.0012987012987012987,0.00022928946639889794,0.007319361170123334,2.3399516793355024e-26,5.5433514194855224e-15
NONFIBROTIC ILD ADJUDICATED,22,645834155,genomic_raw,1,769,1,1.2200001486123913e-13,0.0013003901170351106,0.0002295876800841234,0.007328830355107483,5.6051416189998095e-15,4.670272967915582e-13
NONFIBROTIC ILD ADJUDICATED,22,645834155,genomic_raw,2,770,1,2.5162822800293647e-12,0.0012987012987012987,0.00022928946639889794,0.007319361170123334,4.696781201240679e-13,6.8800734192827305e-12
NONFIBROTIC ILD ADJUDICATED,22,645834155,genomic_raw,3,769,1,2.0368708701513376e-11,0.0013003901170351106,0.0002295876800841234,0.007328830355107483,6.888699612853984e-12,4.55898958446689e-11
NONFIBROTIC ILD ADJUDICATED,22,645834155,genomic_raw,4,770,2,1.1757945670162653e-10,0.0025974025974025974,0.0007125907061236786,0.009420568652699277,4.567642168695643e-11,2.4650978509827116e-10
NONFIBROTIC ILD ADJUDICATED,22,645834155,genomic_raw,5,769,3,5.811496858757438e-10,0.0039011703511053317,0.001327618000260774,0.011406505807889416,2.4710630872364107e-10,1.2044879563966748e-09
NONFIBROTIC ILD ADJUDICATED,22,645834155,genomic_raw,6,769,3,3.241606909978227e-09,0.0039011703511053317,0.001327618000260774,0.011406505807889416,1.2045230262573315e-09,6.91173856466776e-09
NONFIBROTIC ILD ADJUDICATED,22,645834155,genomic_raw,7,770,3,2.252433809964555e-08,0.003896103896103896,0.0013258926936253902,0.011391775387498288,6.92884384998256e-09,5.677787950182564e-08
NONFIBROTIC ILD ADJUDICATED,22,645834155,genomic_raw,8,769,0,3.3746899984787827e-07,0.0,0.0,0.004970565148712315,5.6799539359052754e-08,1.3482550267801089e-06
NONFIBROTIC ILD ADJUDICATED,22,645834155,genomic_raw,9,770,1,0.07662896551894909,0.0012987012987012987,0.00022928946639889794,0.007319361170123334,1.3640575885895873e-06,0.9999999993090147
NONFIBROTIC ILD ADJUDICATED,22,645834155,genomic_isotonic,0,770,2,0.0014204545454545455,0.0025974025974025974,0.0007125907061236786,0.009420568652699277,0.0014204545454545455,0.0014204545454545455
NONFIBROTIC ILD ADJUDICATED,22,645834155,genomic_isotonic,1,769,1,0.0014204545454545455,0.0013003901170351106,0.0002295876800841234,0.007328830355107483,0.0014204545454545455,0.0014204545454545455
NONFIBROTIC ILD ADJUDICATED,22,645834155,genomic_isotonic,2,770,1,0.0014204545454545455,0.0012987012987012987,0.00022928946639889794,0.007319361170123334,0.0014204545454545455,0.0014204545454545455
NONFIBROTIC ILD ADJUDICATED,22,645834155,genomic_isotonic,3,769,0,0.0014204545454545455,0.0,0.0,0.004970565148712315,0.0014204545454545455,0.0014204545454545455
NONFIBROTIC ILD ADJUDICATED,22,645834155,genomic_isotonic,4,770,1,0.0014204545454545455,0.0012987012987012987,0.00022928946639889794,0.007319361170123334,0.0014204545454545455,0.0014204545454545455
NONFIBROTIC ILD ADJUDICATED,22,645834155,genomic_isotonic,5,769,5,0.0014381524053175547,0.006501950585175552,0.002780348414515579,0.015129481166593194,0.0014204545454545455,0.002136752136752137
NONFIBROTIC ILD ADJUDICATED,22,645834155,genomic_isotonic,6,769,3,0.0021367521367521365,0.0039011703511053317,0.001327618000260774,0.011406505807889416,0.002136752136752137,0.002136752136752137
NONFIBROTIC ILD ADJUDICATED,22,645834155,genomic_isotonic,7,770,2,0.0031750721891566957,0.0025974025974025974,0.0007125907061236786,0.009420568652699277,0.002136752136752137,0.0032502708559046588
NONFIBROTIC ILD ADJUDICATED,22,645834155,genomic_isotonic,9,770,1,0.0032502708559046583,0.0012987012987012987,0.00022928946639889794,0.007319361170123334,0.0032502708559046588,0.0032502708559046588
NONFIBROTIC ILD ADJUDICATED,22,645834155,genomic_isotonic,8,769,0,0.0032502708559046588,0.0,0.0,0.004970565148712315,0.0032502708559046588,0.0032502708559046588
NONFIBROTIC ILD ADJUDICATED,22,645834155,combined_raw,0,770,0,0.0014211969157042566,0.0,0.0,0.004964141914221508,0.0012269569942751654,0.00152238952815272
NONFIBROTIC ILD ADJUDICATED,22,645834155,combined_raw,1,769,0,0.0015998505466872047,0.0,0.0,0.004970565148712315,0.0015227399340480223,0.0016768027342897883
NONFIBROTIC ILD ADJUDICATED,22,645834155,combined_raw,2,770,0,0.0017525299968063244,0.0,0.0,0.004964141914221508,0.0016772040340574863,0.0018304541823623603
NONFIBROTIC ILD ADJUDICATED,22,645834155,combined_raw,3,769,0,0.001917771991175824,0.0,0.0,0.004970565148712315,0.001830689439989975,0.0020128045668617177
NONFIBROTIC ILD ADJUDICATED,22,645834155,combined_raw,4,770,1,0.00214202114806934,0.0012987012987012987,0.00022928946639889794,0.007319361170123334,0.0020132012387164624,0.0022873756656568637
NONFIBROTIC ILD ADJUDICATED,22,645834155,combined_raw,5,769,1,0.002471639184392785,0.0013003901170351106,0.0002295876800841234,0.007328830355107483,0.002287525343432614,0.002690138503487692
NONFIBROTIC ILD ADJUDICATED,22,645834155,combined_raw,6,769,2,0.002989263762860071,0.002600780234070221,0.0007135177289523901,0.009432753192718508,0.0026904232883858963,0.0033065568590332447
NONFIBROTIC ILD ADJUDICATED,22,645834155,combined_raw,7,770,4,0.0037060132138447893,0.005194805194805195,0.0020219574690050306,0.013280219334419372,0.00330869717020474,0.004192440932325028
NONFIBROTIC ILD ADJUDICATED,22,645834155,combined_raw,8,769,5,0.00496453712302289,0.006501950585175552,0.002780348414515579,0.015129481166593194,0.004195704972527177,0.00601353372346946
NONFIBROTIC ILD ADJUDICATED,22,645834155,combined_raw,9,770,3,0.08052661926772918,0.003896103896103896,0.0013258926936253902,0.011391775387498288,0.0060149920037203255,0.4021871689668826
NONFIBROTIC ILD ADJUDICATED,22,645834155,combined_isotonic,0,770,0,0.0009589030865626609,0.0,0.0,0.004964141914221508,0.0,0.0011500862564692352
NONFIBROTIC ILD ADJUDICATED,22,645834155,combined_isotonic,1,769,0,0.001150086256469235,0.0,0.0,0.004970565148712315,0.0011500862564692352,0.0011500862564692352
NONFIBROTIC ILD ADJUDICATED,22,645834155,combined_isotonic,2,770,0,0.001150086256469235,0.0,0.0,0.004964141914221508,0.0011500862564692352,0.0011500862564692352
NONFIBROTIC ILD ADJUDICATED,22,645834155,combined_isotonic,3,769,0,0.001150086256469235,0.0,0.0,0.004970565148712315,0.0011500862564692352,0.0011500862564692352
NONFIBROTIC ILD ADJUDICATED,22,645834155,combined_isotonic,4,770,2,0.0016528200674022395,0.0025974025974025974,0.0007125907061236786,0.009420568652699277,0.0011500862564692352,0.0025680534155110425
NONFIBROTIC ILD ADJUDICATED,22,645834155,combined_isotonic,5,769,1,0.0025680534155110425,0.0013003901170351106,0.0002295876800841234,0.007328830355107483,0.0025680534155110425,0.0025680534155110425
NONFIBROTIC ILD ADJUDICATED,22,645834155,combined_isotonic,6,769,1,0.0025680534155110425,0.0013003901170351106,0.0002295876800841234,0.007328830355107483,0.0025680534155110425,0.0025680534155110425
NONFIBROTIC ILD ADJUDICATED,22,645834155,combined_isotonic,7,770,4,0.002816861970231277,0.005194805194805195,0.0020219574690050306,0.013280219334419372,0.0025680534155110425,0.003137254901960784
NONFIBROTIC ILD ADJUDICATED,22,645834155,combined_isotonic,8,769,1,0.0031372549019607837,0.0013003901170351106,0.0002295876800841234,0.007328830355107483,0.003137254901960784,0.003137254901960784
NONFIBROTIC ILD ADJUDICATED,22,645834155,combined_isotonic,9,770,7,0.0031372549019607837,0.00909090909090909,0.004410478976495486,0.01864522399383109,0.003137254901960784,0.003137254901960784
NONFIBROTIC ILD ADJUDICATED,23,732068609,zebra_raw,0,770,0,0.23100537770365526,0.0,0.0,0.004964141914221508,0.11052533634471677,0.25976196388872147
NONFIBROTIC ILD ADJUDICATED,23,732068609,zebra_raw,1,769,0,0.2850232576331869,0.0,0.0,0.004970565148712315,0.25993639862440343,0.31136030506380313
NONFIBROTIC ILD ADJUDICATED,23,732068609,zebra_raw,2,770,0,0.3436015356321616,0.0,0.0,0.004964141914221508,0.311462290319724,0.37689187032190613
NONFIBROTIC ILD ADJUDICATED,23,732068609,zebra_raw,3,769,0,0.411546317399677,0.0,0.0,0.004970565148712315,0.37690730946649126,0.4477058143755784
NONFIBROTIC ILD ADJUDICATED,23,732068609,zebra_raw,4,770,0,0.4933840091768784,0.0,0.0,0.004964141914221508,0.44772454697228964,0.5463347825588131
NONFIBROTIC ILD ADJUDICATED,23,732068609,zebra_raw,5,769,3,0.6067820598530802,0.0039011703511053317,0.001327618000260774,0.011406505807889416,0.5464326863847097,0.6720448511931777
NONFIBROTIC ILD ADJUDICATED,23,732068609,zebra_raw,6,769,1,0.7394579215084824,0.0013003901170351106,0.0002295876800841234,0.007328830355107483,0.6721724049922739,0.79909521828927
NONFIBROTIC ILD ADJUDICATED,23,732068609,zebra_raw,7,770,3,0.851130447204755,0.003896103896103896,0.0013258926936253902,0.011391775387498288,0.7992641822885997,0.9057145190836928
NONFIBROTIC ILD ADJUDICATED,23,732068609,zebra_raw,8,769,1,0.9544860280706952,0.0013003901170351106,0.0002295876800841234,0.007328830355107483,0.9059568639687346,0.9869638364816093
NONFIBROTIC ILD ADJUDICATED,23,732068609,zebra_raw,9,770,8,0.9970138281933026,0.01038961038961039,0.005273784940225151,0.020366426752402144,0.9870121157007241,1.0
NONFIBROTIC ILD ADJUDICATED,23,732068609,zebra_isotonic,0,770,0,0.0,0.0,0.0,0.004964141914221508,0.0,0.0
NONFIBROTIC ILD ADJUDICATED,23,732068609,zebra_isotonic,1,769,0,0.0,0.0,0.0,0.004970565148712315,0.0,0.0
NONFIBROTIC ILD ADJUDICATED,23,732068609,zebra_isotonic,2,770,0,0.0,0.0,0.0,0.004964141914221508,0.0,0.0
NONFIBROTIC ILD ADJUDICATED,23,732068609,zebra_isotonic,3,769,0,0.0,0.0,0.0,0.004970565148712315,0.0,0.0
NONFIBROTIC ILD ADJUDICATED,23,732068609,zebra_isotonic,4,770,0,0.000168511577907551,0.0,0.0,0.004964141914221508,0.0,0.0011185682326621924
NONFIBROTIC ILD ADJUDICATED,23,732068609,zebra_isotonic,5,769,2,0.001118568232662192,0.002600780234070221,0.0007135177289523901,0.009432753192718508,0.0011185682326621924,0.0011185682326621924
NONFIBROTIC ILD ADJUDICATED,23,732068609,zebra_isotonic,6,769,2,0.0019413386651175018,0.002600780234070221,0.0007135177289523901,0.009432753192718508,0.0011185682326621924,0.0027662517289073307
NONFIBROTIC ILD ADJUDICATED,23,732068609,zebra_isotonic,7,770,2,0.0027662517289073307,0.0025974025974025974,0.0007125907061236786,0.009420568652699277,0.0027662517289073307,0.0027662517289073307
NONFIBROTIC ILD ADJUDICATED,23,732068609,zebra_isotonic,8,769,5,0.0027662517289073307,0.006501950585175552,0.002780348414515579,0.015129481166593194,0.0027662517289073307,0.0027662517289073307
NONFIBROTIC ILD ADJUDICATED,23,732068609,zebra_isotonic,9,770,5,0.015026291381890305,0.006493506493506494,0.0027767335367897463,0.01510995198893538,0.0027662517289073307,0.0851063829787234
NONFIBROTIC ILD ADJUDICATED,23,732068609,genomic_raw,0,770,1,0.0,0.0012987012987012987,0.00022928946639889794,0.007319361170123334,0.0,0.0
NONFIBROTIC ILD ADJUDICATED,23,732068609,genomic_raw,1,769,0,0.0,0.0,0.0,0.004970565148712315,0.0,0.0
NONFIBROTIC ILD ADJUDICATED,23,732068609,genomic_raw,2,770,1,0.0,0.0012987012987012987,0.00022928946639889794,0.007319361170123334,0.0,0.0
NONFIBROTIC ILD ADJUDICATED,23,732068609,genomic_raw,3,769,3,0.0,0.0039011703511053317,0.001327618000260774,0.011406505807889416,0.0,0.0
NONFIBROTIC ILD ADJUDICATED,23,732068609,genomic_raw,4,770,2,0.0,0.0025974025974025974,0.0007125907061236786,0.009420568652699277,0.0,0.0
NONFIBROTIC ILD ADJUDICATED,23,732068609,genomic_raw,5,769,0,0.0,0.0,0.0,0.004970565148712315,0.0,0.0
NONFIBROTIC ILD ADJUDICATED,23,732068609,genomic_raw,6,769,4,0.0,0.005201560468140442,0.0020245891497467933,0.013297387544882687,0.0,0.0
NONFIBROTIC ILD ADJUDICATED,23,732068609,genomic_raw,7,770,0,0.0,0.0,0.0,0.004964141914221508,0.0,0.0
NONFIBROTIC ILD ADJUDICATED,23,732068609,genomic_raw,8,769,3,5.455126505366924e-222,0.0039011703511053317,0.001327618000260774,0.011406505807889416,0.0,3.5441298227836136e-219
NONFIBROTIC ILD ADJUDICATED,23,732068609,genomic_raw,9,770,2,0.42378964777671,0.0025974025974025974,0.0007125907061236786,0.009420568652699277,4.081823476278293e-219,1.0
NONFIBROTIC ILD ADJUDICATED,23,732068609,genomic_isotonic,0,770,1,0.0016845651716150764,0.0012987012987012987,0.00022928946639889794,0.007319361170123334,0.0016845651716150768,0.0016845651716150768
NONFIBROTIC ILD ADJUDICATED,23,732068609,genomic_isotonic,1,769,0,0.0016845651716150764,0.0,0.0,0.004970565148712315,0.0016845651716150768,0.0016845651716150768
NONFIBROTIC ILD ADJUDICATED,23,732068609,genomic_isotonic,2,770,0,0.0016845651716150764,0.0,0.0,0.004964141914221508,0.0016845651716150768,0.0016845651716150768
NONFIBROTIC ILD ADJUDICATED,23,732068609,genomic_isotonic,3,769,3,0.0016845651716150764,0.0039011703511053317,0.001327618000260774,0.011406505807889416,0.0016845651716150768,0.0016845651716150768
NONFIBROTIC ILD ADJUDICATED,23,732068609,genomic_isotonic,4,770,1,0.0016845651716150764,0.0012987012987012987,0.00022928946639889794,0.007319361170123334,0.0016845651716150768,0.0016845651716150768
NONFIBROTIC ILD ADJUDICATED,23,732068609,genomic_isotonic,5,769,2,0.0016845651716150764,0.002600780234070221,0.0007135177289523901,0.009432753192718508,0.0016845651716150768,0.0016845651716150768
NONFIBROTIC ILD ADJUDICATED,23,732068609,genomic_isotonic,6,769,0,0.0016845651716150764,0.0,0.0,0.004970565148712315,0.0016845651716150768,0.0016845651716150768
NONFIBROTIC ILD ADJUDICATED,23,732068609,genomic_isotonic,7,770,5,0.0016845651716150764,0.006493506493506494,0.0027767335367897463,0.01510995198893538,0.0016845651716150768,0.0016845651716150768
NONFIBROTIC ILD ADJUDICATED,23,732068609,genomic_isotonic,8,769,1,0.0016845651716150764,0.0013003901170351106,0.0002295876800841234,0.007328830355107483,0.0016845651716150768,0.0016845651716150768
NONFIBROTIC ILD ADJUDICATED,23,732068609,genomic_isotonic,9,770,3,0.0041663740878080235,0.003896103896103896,0.0013258926936253902,0.011391775387498288,0.0016845651716150768,0.007874015748031496
NONFIBROTIC ILD ADJUDICATED,23,732068609,combined_raw,0,770,4,0.0009388195874546952,0.005194805194805195,0.0020219574690050306,0.013280219334419372,0.0008847810021455544,0.000999483666307716
NONFIBROTIC ILD ADJUDICATED,23,732068609,combined_raw,1,769,1,0.0010963737103721108,0.0013003901170351106,0.0002295876800841234,0.007328830355107483,0.0009995172468232282,0.0012056997921126114
NONFIBROTIC ILD ADJUDICATED,23,732068609,combined_raw,2,770,0,0.0013313566075333775,0.0,0.0,0.004964141914221508,0.0012061516580915664,0.0014570065716985189
NONFIBROTIC ILD ADJUDICATED,23,732068609,combined_raw,3,769,1,0.0016064332249121627,0.0013003901170351106,0.0002295876800841234,0.007328830355107483,0.0014573473757308248,0.0017739109393664057
NONFIBROTIC ILD ADJUDICATED,23,732068609,combined_raw,4,770,1,0.0019777480954203818,0.0012987012987012987,0.00022928946639889794,0.007319361170123334,0.0017742336392932796,0.0022264096403750294
NONFIBROTIC ILD ADJUDICATED,23,732068609,combined_raw,5,769,0,0.0025366767126026027,0.0,0.0,0.004970565148712315,0.0022268204352318068,0.0029177180628574065
NONFIBROTIC ILD ADJUDICATED,23,732068609,combined_raw,6,769,2,0.0033811526649189546,0.002600780234070221,0.0007135177289523901,0.009432753192718508,0.002919522962330929,0.003989038495218064
NONFIBROTIC ILD ADJUDICATED,23,732068609,combined_raw,7,770,2,0.005100139223683871,0.0025974025974025974,0.0007125907061236786,0.009420568652699277,0.00398925525084036,0.006522195102069608
NONFIBROTIC ILD ADJUDICATED,23,732068609,combined_raw,8,769,2,0.011396013715214178,0.002600780234070221,0.0007135177289523901,0.009432753192718508,0.006524407774852922,0.0302405027114195
NONFIBROTIC ILD ADJUDICATED,23,732068609,combined_raw,9,770,3,0.1812099959684206,0.003896103896103896,0.0013258926936253902,0.011391775387498288,0.030410385772092176,0.6603301393342517
NONFIBROTIC ILD ADJUDICATED,23,732068609,combined_isotonic,0,770,1,0.0,0.0012987012987012987,0.00022928946639889794,0.007319361170123334,0.0,0.0
NONFIBROTIC ILD ADJUDICATED,23,732068609,combined_isotonic,1,769,2,0.0,0.002600780234070221,0.0007135177289523901,0.009432753192718508,0.0,0.0
NONFIBROTIC ILD ADJUDICATED,23,732068609,combined_isotonic,2,770,1,0.0,0.0012987012987012987,0.00022928946639889794,0.007319361170123334,0.0,0.0
NONFIBROTIC ILD ADJUDICATED,23,732068609,combined_isotonic,3,769,1,0.0012804558359638652,0.0013003901170351106,0.0002295876800841234,0.007328830355107483,0.0,0.0016518004625041295
NONFIBROTIC ILD ADJUDICATED,23,732068609,combined_isotonic,4,770,0,0.0016518004625041295,0.0,0.0,0.004964141914221508,0.0016518004625041295,0.0016518004625041295
NONFIBROTIC ILD ADJUDICATED,23,732068609,combined_isotonic,5,769,2,0.0016518004625041295,0.002600780234070221,0.0007135177289523901,0.009432753192718508,0.0016518004625041295,0.0016518004625041295
NONFIBROTIC ILD ADJUDICATED,23,732068609,combined_isotonic,6,769,0,0.0016518004625041295,0.0,0.0,0.004970565148712315,0.0016518004625041295,0.0016518004625041295
NONFIBROTIC ILD ADJUDICATED,23,732068609,combined_isotonic,7,770,2,0.0016518004625041295,0.0025974025974025974,0.0007125907061236786,0.009420568652699277,0.0016518004625041295,0.0016518004625041295
NONFIBROTIC ILD ADJUDICATED,23,732068609,combined_isotonic,8,769,3,0.0017592074977244088,0.0039011703511053317,0.001327618000260774,0.011406505807889416,0.0016518004625041295,0.001838235294117647
NONFIBROTIC ILD ADJUDICATED,23,732068609,combined_isotonic,9,770,4,0.013195860200018878,0.005194805194805195,0.0020219574690050306,0.013280219334419372,0.001838235294117647,0.021739130434782608
NONFIBROTIC ILD ADJUDICATED,24,124414270,zebra_raw,0,770,0,0.23201517945805344,0.0,0.0,0.004964141914221508,0.11052533634471677,0.2608829204776901
NONFIBROTIC ILD ADJUDICATED,24,124414270,zebra_raw,1,769,0,0.2853629060342774,0.0,0.0,0.004970565148712315,0.2608962737897288,0.3111980368732263
NONFIBROTIC ILD ADJUDICATED,24,124414270,zebra_raw,2,770,0,0.3402299714578229,0.0,0.0,0.004964141914221508,0.31130472529421865,0.3722326306867366
NONFIBROTIC ILD ADJUDICATED,24,124414270,zebra_raw,3,769,0,0.4060842487989709,0.0,0.0,0.004970565148712315,0.3724356674691519,0.44229676031613774
NONFIBROTIC ILD ADJUDICATED,24,124414270,zebra_raw,4,770,1,0.4853086321525496,0.0012987012987012987,0.00022928946639889794,0.007319361170123334,0.44237204041711375,0.5327359240733487
NONFIBROTIC ILD ADJUDICATED,24,124414270,zebra_raw,5,769,1,0.5974877272558959,0.0013003901170351106,0.0002295876800841234,0.007328830355107483,0.5328380983791039,0.6620692576172443
NONFIBROTIC ILD ADJUDICATED,24,124414270,zebra_raw,6,769,2,0.7280359449523237,0.002600780234070221,0.0007135177289523901,0.009432753192718508,0.6623843890260755,0.788069369389952
NONFIBROTIC ILD ADJUDICATED,24,124414270,zebra_raw,7,770,4,0.8441907942832787,0.005194805194805195,0.0020219574690050306,0.013280219334419372,0.788082102395069,0.8981964241969762
NONFIBROTIC ILD ADJUDICATED,24,124414270,zebra_raw,8,769,1,0.9482747134922176,0.0013003901170351106,0.0002295876800841234,0.007328830355107483,0.8982626651812129,0.984722294496873
NONFIBROTIC ILD ADJUDICATED,24,124414270,zebra_raw,9,770,7,0.9963767385093649,0.00909090909090909,0.004410478976495486,0.01864522399383109,0.9848923307586299,1.0
NONFIBROTIC ILD ADJUDICATED,24,124414270,zebra_isotonic,0,770,0,0.0,0.0,0.0,0.004964141914221508,0.0,0.0
NONFIBROTIC ILD ADJUDICATED,24,124414270,zebra_isotonic,1,769,0,0.0,0.0,0.0,0.004970565148712315,0.0,0.0
NONFIBROTIC ILD ADJUDICATED,24,124414270,zebra_isotonic,2,770,1,0.0,0.0012987012987012987,0.00022928946639889794,0.007319361170123334,0.0,0.0
NONFIBROTIC ILD ADJUDICATED,24,124414270,zebra_isotonic,3,769,1,0.0,0.0013003901170351106,0.0002295876800841234,0.007328830355107483,0.0,0.0
NONFIBROTIC ILD ADJUDICATED,24,124414270,zebra_isotonic,4,770,0,0.0,0.0,0.0,0.004964141914221508,0.0,0.0
NONFIBROTIC ILD ADJUDICATED,24,124414270,zebra_isotonic,5,769,2,0.0010701151367360272,0.002600780234070221,0.0007135177289523901,0.009432753192718508,0.0,0.0019120458891013381
NONFIBROTIC ILD ADJUDICATED,24,124414270,zebra_isotonic,6,769,3,0.0019120458891013388,0.0039011703511053317,0.001327618000260774,0.011406505807889416,0.0019120458891013381,0.0019120458891013381
NONFIBROTIC ILD ADJUDICATED,24,124414270,zebra_isotonic,7,770,3,0.0019120458891013388,0.003896103896103896,0.0013258926936253902,0.011391775387498288,0.0019120458891013381,0.0019120458891013381
NONFIBROTIC ILD ADJUDICATED,24,124414270,zebra_isotonic,8,769,3,0.0019120458891013388,0.0039011703511053317,0.001327618000260774,0.011406505807889416,0.0019120458891013381,0.0019120458891013381
NONFIBROTIC ILD ADJUDICATED,24,124414270,zebra_isotonic,9,770,3,0.015522023818813837,0.003896103896103896,0.0013258926936253902,0.011391775387498288,0.0019120458891013381,0.06779661016949153
NONFIBROTIC ILD ADJUDICATED,24,124414270,genomic_raw,0,770,0,3.346224333996642e-08,0.0,0.0,0.004964141914221508,2.5890316484176217e-23,6.69285321278509e-08
NONFIBROTIC ILD ADJUDICATED,24,124414270,genomic_raw,1,769,3,1.0795703421149723e-07,0.0039011703511053317,0.001327618000260774,0.011406505807889416,6.726450727152898e-08,1.5317794945427017e-07
NONFIBROTIC ILD ADJUDICATED,24,124414270,genomic_raw,2,770,3,2.255772282428591e-07,0.003896103896103896,0.0013258926936253902,0.011391775387498288,1.5337351232823436e-07,3.1117652886208977e-07
NONFIBROTIC ILD ADJUDICATED,24,124414270,genomic_raw,3,769,2,4.3681320184569656e-07,0.002600780234070221,0.0007135177289523901,0.009432753192718508,3.113685732189603e-07,5.854990535416282e-07
NONFIBROTIC ILD ADJUDICATED,24,124414270,genomic_raw,4,770,3,8.057001185374598e-07,0.003896103896103896,0.0013258926936253902,0.011391775387498288,5.861531577736738e-07,1.0762690681728695e-06
NONFIBROTIC ILD ADJUDICATED,24,124414270,genomic_raw,5,769,1,1.5382371909282881e-06,0.0013003901170351106,0.0002295876800841234,0.007328830355107483,1.0774606122887784e-06,2.227728493984226e-06
NONFIBROTIC ILD ADJUDICATED,24,124414270,genomic_raw,6,769,0,3.8090171997913987e-06,0.0,0.0,0.004970565148712315,2.229797501387218e-06,6.154502285983357e-06
NONFIBROTIC ILD ADJUDICATED,24,124414270,genomic_raw,7,770,1,2.4201879315448492e-05,0.0012987012987012987,0.00022928946639889794,0.007319361170123334,6.167149802353644e-06,7.90594652510735e-05
NONFIBROTIC ILD ADJUDICATED,24,124414270,genomic_raw,8,769,1,0.00037355062932623473,0.0013003901170351106,0.0002295876800841234,0.007328830355107483,7.91787345813161e-05,0.0009717253699824843
NONFIBROTIC ILD ADJUDICATED,24,124414270,genomic_raw,9,770,2,0.0355260603841899,0.0025974025974025974,0.0007125907061236786,0.009420568652699277,0.0009753364638251991,0.9928110881371538
NONFIBROTIC ILD ADJUDICATED,24,124414270,genomic_isotonic,0,770,2,0.0005444008663583679,0.0025974025974025974,0.0007125907061236786,0.009420568652699277,0.0,0.000643915003219575
NONFIBROTIC ILD ADJUDICATED,24,124414270,genomic_isotonic,1,769,3,0.0006439150032195749,0.0039011703511053317,0.001327618000260774,0.011406505807889416,0.000643915003219575,0.000643915003219575
NONFIBROTIC ILD ADJUDICATED,24,124414270,genomic_isotonic,2,770,3,0.0006439150032195749,0.003896103896103896,0.0013258926936253902,0.011391775387498288,0.000643915003219575,0.000643915003219575
NONFIBROTIC ILD ADJUDICATED,24,124414270,genomic_isotonic,3,769,1,0.0006439150032195749,0.0013003901170351106,0.0002295876800841234,0.007328830355107483,0.000643915003219575,0.000643915003219575
NONFIBROTIC ILD ADJUDICATED,24,124414270,genomic_isotonic,4,770,2,0.0006439150032195749,0.0025974025974025974,0.0007125907061236786,0.009420568652699277,0.000643915003219575,0.000643915003219575
NONFIBROTIC ILD ADJUDICATED,24,124414270,genomic_isotonic,5,769,0,0.0008996982791324946,0.0,0.0,0.004970565148712315,0.000643915003219575,0.001075268817204301
NONFIBROTIC ILD ADJUDICATED,24,124414270,genomic_isotonic,6,769,1,0.0017631602969832294,0.0013003901170351106,0.0002295876800841234,0.007328830355107483,0.001075268817204301,0.0027100271002710027
NONFIBROTIC ILD ADJUDICATED,24,124414270,genomic_isotonic,7,770,1,0.003826691652917837,0.0012987012987012987,0.00022928946639889794,0.007319361170123334,0.0027100271002710027,0.00437636761487965
NONFIBROTIC ILD ADJUDICATED,24,124414270,genomic_isotonic,8,769,2,0.004376367614879651,0.002600780234070221,0.0007135177289523901,0.009432753192718508,0.00437636761487965,0.00437636761487965
NONFIBROTIC ILD ADJUDICATED,24,124414270,genomic_isotonic,9,770,1,0.004376367614879651,0.0012987012987012987,0.00022928946639889794,0.007319361170123334,0.00437636761487965,0.00437636761487965
NONFIBROTIC ILD ADJUDICATED,24,124414270,combined_raw,0,770,3,5.93743407725828e-06,0.003896103896103896,0.0013258926936253902,0.011391775387498288,3.179656420339538e-06,7.461593343828039e-06
NONFIBROTIC ILD ADJUDICATED,24,124414270,combined_raw,1,769,2,8.54901770276574e-06,0.002600780234070221,0.0007135177289523901,0.009432753192718508,7.461679803034608e-06,9.630905474389238e-06
NONFIBROTIC ILD ADJUDICATED,24,124414270,combined_raw,2,770,0,1.0814000916093753e-05,0.0,0.0,0.004964141914221508,9.633254033742424e-06,1.2025373966621232e-05
NONFIBROTIC ILD ADJUDICATED,24,124414270,combined_raw,3,769,1,1.3426267387089747e-05,0.0013003901170351106,0.0002295876800841234,0.007328830355107483,1.2031402209564872e-05,1.4889190565439994e-05
NONFIBROTIC ILD ADJUDICATED,24,124414270,combined_raw,4,770,1,1.7061853381093274e-05,0.0012987012987012987,0.00022928946639889794,0.007319361170123334,1.4903069680496473e-05,1.979195139489157e-05
NONFIBROTIC ILD ADJUDICATED,24,124414270,combined_raw,5,769,0,2.3904137558545406e-05,0.0,0.0,0.004970565148712315,1.9809313627368006e-05,2.956501299561038e-05
NONFIBROTIC ILD ADJUDICATED,24,124414270,combined_raw,6,769,0,0.0023413194786389615,0.0,0.0,0.004970565148712315,2.961717463787366e-05,0.032898348129240515
NONFIBROTIC ILD ADJUDICATED,24,124414270,combined_raw,7,770,4,0.047769832229644524,0.005194805194805195,0.0020219574690050306,0.013280219334419372,0.032908496652388916,0.06158174277001849
NONFIBROTIC ILD ADJUDICATED,24,124414270,combined_raw,8,769,1,0.07917635074226796,0.0013003901170351106,0.0002295876800841234,0.007328830355107483,0.061585505704576424,0.10248340733901362
NONFIBROTIC ILD ADJUDICATED,24,124414270,combined_raw,9,770,4,0.1835597328119645,0.005194805194805195,0.0020219574690050306,0.013280219334419372,0.10250727931424948,0.7104276863844523
NONFIBROTIC ILD ADJUDICATED,24,124414270,combined_isotonic,0,770,3,0.000495183977817218,0.003896103896103896,0.0013258926936253902,0.011391775387498288,0.0,0.0008230452674897119
NONFIBROTIC ILD ADJUDICATED,24,124414270,combined_isotonic,1,769,1,0.0008230452674897121,0.0013003901170351106,0.0002295876800841234,0.007328830355107483,0.0008230452674897119,0.0008230452674897119
NONFIBROTIC ILD ADJUDICATED,24,124414270,combined_isotonic,3,769,0,0.0008230452674897121,0.0,0.0,0.004970565148712315,0.0008230452674897119,0.0008230452674897119
NONFIBROTIC ILD ADJUDICATED,24,124414270,combined_isotonic,5,769,1,0.0008230452674897121,0.0013003901170351106,0.0002295876800841234,0.007328830355107483,0.0008230452674897119,0.0008230452674897119
NONFIBROTIC ILD ADJUDICATED,24,124414270,combined_isotonic,2,770,2,0.0008230452674897122,0.0025974025974025974,0.0007125907061236786,0.009420568652699277,0.0008230452674897119,0.0008230452674897119
NONFIBROTIC ILD ADJUDICATED,24,124414270,combined_isotonic,4,770,0,0.0008230452674897122,0.0,0.0,0.004964141914221508,0.0008230452674897119,0.0008230452674897119
NONFIBROTIC ILD ADJUDICATED,24,124414270,combined_isotonic,6,769,0,0.0012185733585745235,0.0,0.0,0.004970565148712315,0.0008230452674897119,0.0036101083032490976
NONFIBROTIC ILD ADJUDICATED,24,124414270,combined_isotonic,7,770,2,0.003610108303249098,0.0025974025974025974,0.0007125907061236786,0.009420568652699277,0.0036101083032490976,0.0036101083032490976
NONFIBROTIC ILD ADJUDICATED,24,124414270,combined_isotonic,8,769,3,0.003610108303249098,0.0039011703511053317,0.001327618000260774,0.011406505807889416,0.0036101083032490976,0.0036101083032490976
NONFIBROTIC ILD ADJUDICATED,24,124414270,combined_isotonic,9,770,4,0.00457942238267148,0.005194805194805195,0.0020219574690050306,0.013280219334419372,0.0036101083032490976,0.005
NONFIBROTIC ILD ADJUDICATED,25,667207485,zebra_raw,0,770,0,0.23232967936356144,0.0,0.0,0.004964141914221508,0.11052533634471677,0.26119474251243924
NONFIBROTIC ILD ADJUDICATED,25,667207485,zebra_raw,1,769,0,0.28756565752977725,0.0,0.0,0.004970565148712315,0.26122351629499085,0.3134172517546153
NONFIBROTIC ILD ADJUDICATED,25,667207485,zebra_raw,2,770,0,0.34343344144624965,0.0,0.0,0.004964141914221508,0.3134570424472098,0.37570357674586347
NONFIBROTIC ILD ADJUDICATED,25,667207485,zebra_raw,3,769,0,0.4120437212081971,0.0,0.0,0.004970565148712315,0.3757102332387537,0.4492273624574113
NONFIBROTIC ILD ADJUDICATED,25,667207485,zebra_raw,4,770,1,0.4933198570750475,0.0012987012987012987,0.00022928946639889794,0.007319361170123334,0.4493099110550881,0.5433213455863211
NONFIBROTIC ILD ADJUDICATED,25,667207485,zebra_raw,5,769,3,0.6017680845025486,0.0039011703511053317,0.001327618000260774,0.011406505807889416,0.543539525335139,0.6636699801067324
NONFIBROTIC ILD ADJUDICATED,25,667207485,zebra_raw,6,769,2,0.7328433918906427,0.002600780234070221,0.0007135177289523901,0.009432753192718508,0.6637299821228352,0.7937301011637126
NONFIBROTIC ILD ADJUDICATED,25,667207485,zebra_raw,7,770,1,0.8487603423256248,0.0012987012987012987,0.00022928946639889794,0.007319361170123334,0.7940705398672191,0.9041726185512803
NONFIBROTIC ILD ADJUDICATED,25,667207485,zebra_raw,8,769,2,0.9533040245991194,0.002600780234070221,0.0007135177289523901,0.009432753192718508,0.904338845087649,0.9862388417344107
NONFIBROTIC ILD ADJUDICATED,25,667207485,zebra_raw,9,770,7,0.9965868018083823,0.00909090909090909,0.004410478976495486,0.01864522399383109,0.9862464078157572,1.0
NONFIBROTIC ILD ADJUDICATED,25,667207485,zebra_isotonic,0,770,1,0.0,0.0012987012987012987,0.00022928946639889794,0.007319361170123334,0.0,0.0
NONFIBROTIC ILD ADJUDICATED,25,667207485,zebra_isotonic,1,769,0,0.0,0.0,0.0,0.004970565148712315,0.0,0.0
NONFIBROTIC ILD ADJUDICATED,25,667207485,zebra_isotonic,2,770,0,0.0,0.0,0.0,0.004964141914221508,0.0,0.0
NONFIBROTIC ILD ADJUDICATED,25,667207485,zebra_isotonic,3,769,2,0.0,0.002600780234070221,0.0007135177289523901,0.009432753192718508,0.0,0.0
NONFIBROTIC ILD ADJUDICATED,25,667207485,zebra_isotonic,4,770,1,0.0,0.0012987012987012987,0.00022928946639889794,0.007319361170123334,0.0,0.0
NONFIBROTIC ILD ADJUDICATED,25,667207485,zebra_isotonic,5,769,0,0.0,0.0,0.0,0.004970565148712315,0.0,0.0
NONFIBROTIC ILD ADJUDICATED,25,667207485,zebra_isotonic,6,769,3,0.001355660546600295,0.0039011703511053317,0.001327618000260774,0.011406505807889416,0.0,0.0029433406916850625
NONFIBROTIC ILD ADJUDICATED,25,667207485,zebra_isotonic,8,769,3,0.002943340691685062,0.0039011703511053317,0.001327618000260774,0.011406505807889416,0.0029433406916850625,0.0029433406916850625
NONFIBROTIC ILD ADJUDICATED,25,667207485,zebra_isotonic,7,770,1,0.0029433406916850625,0.0012987012987012987,0.00022928946639889794,0.007319361170123334,0.0029433406916850625,0.0029433406916850625
NONFIBROTIC ILD ADJUDICATED,25,667207485,zebra_isotonic,9,770,5,0.01323054709128531,0.006493506493506494,0.0027767335367897463,0.01510995198893538,0.0029433406916850625,0.0379746835443038
NONFIBROTIC ILD ADJUDICATED,25,667207485,genomic_raw,0,770,1,0.0,0.0012987012987012987,0.00022928946639889794,0.007319361170123334,0.0,0.0
NONFIBROTIC ILD ADJUDICATED,25,667207485,genomic_raw,1,769,2,0.0,0.002600780234070221,0.0007135177289523901,0.009432753192718508,0.0,0.0
NONFIBROTIC ILD ADJUDICATED,25,667207485,genomic_raw,2,770,3,0.0,0.003896103896103896,0.0013258926936253902,0.011391775387498288,0.0,0.0
NONFIBROTIC ILD ADJUDICATED,25,667207485,genomic_raw,3,769,2,0.0,0.002600780234070221,0.0007135177289523901,0.009432753192718508,0.0,0.0
NONFIBROTIC ILD ADJUDICATED,25,667207485,genomic_raw,4,770,1,0.0,0.0012987012987012987,0.00022928946639889794,0.007319361170123334,0.0,0.0
NONFIBROTIC ILD ADJUDICATED,25,667207485,genomic_raw,5,769,1,1.135042526072153e-180,0.0013003901170351106,0.0002295876800841234,0.007328830355107483,0.0,6.143786872068918e-178
NONFIBROTIC ILD ADJUDICATED,25,667207485,genomic_raw,6,769,1,5.9417168184983445e-09,0.0013003901170351106,0.0002295876800841234,0.007328830355107483,6.273077412100354e-178,2.57880615380232e-06
NONFIBROTIC ILD ADJUDICATED,25,667207485,genomic_raw,7,770,3,0.9960309153887084,0.003896103896103896,0.0013258926936253902,0.011391775387498288,1.3774833988897696e-05,1.0
NONFIBROTIC ILD ADJUDICATED,25,667207485,genomic_raw,8,769,2,1.0,0.002600780234070221,0.0007135177289523901,0.009432753192718508,1.0,1.0
NONFIBROTIC ILD ADJUDICATED,25,667207485,genomic_raw,9,770,0,1.0,0.0,0.0,0.004964141914221508,1.0,1.0
NONFIBROTIC ILD ADJUDICATED,25,667207485,genomic_isotonic,0,770,4,0.0021442495126705657,0.005194805194805195,0.0020219574690050306,0.013280219334419372,0.0021442495126705653,0.0021442495126705653
NONFIBROTIC ILD ADJUDICATED,25,667207485,genomic_isotonic,1,769,1,0.0021442495126705657,0.0013003901170351106,0.0002295876800841234,0.007328830355107483,0.0021442495126705653,0.0021442495126705653
NONFIBROTIC ILD ADJUDICATED,25,667207485,genomic_isotonic,2,770,1,0.0021442495126705657,0.0012987012987012987,0.00022928946639889794,0.007319361170123334,0.0021442495126705653,0.0021442495126705653
NONFIBROTIC ILD ADJUDICATED,25,667207485,genomic_isotonic,3,769,2,0.0021442495126705657,0.002600780234070221,0.0007135177289523901,0.009432753192718508,0.0021442495126705653,0.0021442495126705653
NONFIBROTIC ILD ADJUDICATED,25,667207485,genomic_isotonic,4,770,1,0.0021442495126705657,0.0012987012987012987,0.00022928946639889794,0.007319361170123334,0.0021442495126705653,0.0021442495126705653
NONFIBROTIC ILD ADJUDICATED,25,667207485,genomic_isotonic,5,769,2,0.0021442495126705657,0.002600780234070221,0.0007135177289523901,0.009432753192718508,0.0021442495126705653,0.0021442495126705653
NONFIBROTIC ILD ADJUDICATED,25,667207485,genomic_isotonic,6,769,4,0.0021442495126705657,0.005201560468140442,0.0020245891497467933,0.013297387544882687,0.0021442495126705653,0.0021442495126705653
NONFIBROTIC ILD ADJUDICATED,25,667207485,genomic_isotonic,7,770,0,0.0021442495126705657,0.0,0.0,0.004964141914221508,0.0021442495126705653,0.0021442495126705653
NONFIBROTIC ILD ADJUDICATED,25,667207485,genomic_isotonic,8,769,0,0.0021442495126705657,0.0,0.0,0.004970565148712315,0.0021442495126705653,0.0021442495126705653
NONFIBROTIC ILD ADJUDICATED,25,667207485,genomic_isotonic,9,770,1,0.0021442495126705657,0.0012987012987012987,0.00022928946639889794,0.007319361170123334,0.0021442495126705653,0.0021442495126705653
NONFIBROTIC ILD ADJUDICATED,25,667207485,combined_raw,0,770,1,3.668868896856325e-19,0.0012987012987012987,0.00022928946639889794,0.007319361170123334,5.204016452925376e-21,9.16597814029977e-19
NONFIBROTIC ILD ADJUDICATED,25,667207485,combined_raw,1,769,2,2.057804662430626e-18,0.002600780234070221,0.0007135177289523901,0.009432753192718508,9.169384711337138e-19,3.837212954264737e-18
NONFIBROTIC ILD ADJUDICATED,25,667207485,combined_raw,2,770,2,8.096094496397101e-18,0.0025974025974025974,0.0007125907061236786,0.009420568652699277,3.8423446438394166e-18,1.5202270270372622e-17
NONFIBROTIC ILD ADJUDICATED,25,667207485,combined_raw,3,769,1,3.589734115876641e-17,0.0013003901170351106,0.0002295876800841234,0.007328830355107483,1.5242163078554915e-17,7.515847929389498e-17
NONFIBROTIC ILD ADJUDICATED,25,667207485,combined_raw,4,770,1,2.92290487068806e-16,0.0012987012987012987,0.00022928946639889794,0.007319361170123334,7.522799632835164e-17,8.013129687506168e-16
NONFIBROTIC ILD ADJUDICATED,25,667207485,combined_raw,5,769,0,6.942702205931281e-15,0.0,0.0,0.004970565148712315,8.063711751501913e-16,2.7799583531954052e-14
NONFIBROTIC ILD ADJUDICATED,25,667207485,combined_raw,6,769,3,3.5099680363526233e-12,0.0039011703511053317,0.001327618000260774,0.011406505807889416,2.82905219095968e-14,3.255230720752408e-11
NONFIBROTIC ILD ADJUDICATED,25,667207485,combined_raw,7,770,0,1.4320735839775552e-08,0.0,0.0,0.004964141914221508,3.3105039974189136e-11,9.171321949552792e-08
NONFIBROTIC ILD ADJUDICATED,25,667207485,combined_raw,8,769,1,7.85000092087715e-06,0.0013003901170351106,0.0002295876800841234,0.007328830355107483,9.201782982612497e-08,4.9536865179894654e-05
NONFIBROTIC ILD ADJUDICATED,25,667207485,combined_raw,9,770,5,0.4191699512947068,0.006493506493506494,0.0027767335367897463,0.01510995198893538,5.06358992493083e-05,1.0
NONFIBROTIC ILD ADJUDICATED,25,667207485,combined_isotonic,0,770,4,0.0,0.005194805194805195,0.0020219574690050306,0.013280219334419372,0.0,0.0
NONFIBROTIC ILD ADJUDICATED,25,667207485,combined_isotonic,1,769,0,0.0,0.0,0.0,0.004970565148712315,0.0,0.0
NONFIBROTIC ILD ADJUDICATED,25,667207485,combined_isotonic,2,770,1,0.0,0.0012987012987012987,0.00022928946639889794,0.007319361170123334,0.0,0.0
NONFIBROTIC ILD ADJUDICATED,25,667207485,combined_isotonic,3,769,1,0.0,0.0013003901170351106,0.0002295876800841234,0.007328830355107483,0.0,0.0
NONFIBROTIC ILD ADJUDICATED,25,667207485,combined_isotonic,4,770,2,0.0,0.0025974025974025974,0.0007125907061236786,0.009420568652699277,0.0,0.0
NONFIBROTIC ILD ADJUDICATED,25,667207485,combined_isotonic,5,769,2,0.0,0.002600780234070221,0.0007135177289523901,0.009432753192718508,0.0,0.0
NONFIBROTIC ILD ADJUDICATED,25,667207485,combined_isotonic,6,769,0,0.0,0.0,0.0,0.004970565148712315,0.0,0.0
NONFIBROTIC ILD ADJUDICATED,25,667207485,combined_isotonic,7,770,1,0.0,0.0012987012987012987,0.00022928946639889794,0.007319361170123334,0.0,0.0
NONFIBROTIC ILD ADJUDICATED,25,667207485,combined_isotonic,8,769,1,0.00036184768474020474,0.0013003901170351106,0.0002295876800841234,0.007328830355107483,0.0,0.0007246376811594203
NONFIBROTIC ILD ADJUDICATED,25,667207485,combined_isotonic,9,770,4,0.027835879751185105,0.005194805194805195,0.0020219574690050306,0.013280219334419372,0.0007246376811594203,0.14285714285714285
NONFIBROTIC ILD ADJUDICATED,26,1267405955,zebra_raw,0,770,0,0.23175143577280927,0.0,0.0,0.004964141914221508,0.11052533634471677,0.2602557535887989
NONFIBROTIC ILD ADJUDICATED,26,1267405955,zebra_raw,1,769,0,0.284645669207465,0.0,0.0,0.004970565148712315,0.2603278428050794,0.30909552699282894
NONFIBROTIC ILD ADJUDICATED,26,1267405955,zebra_raw,2,770,0,0.3373100375216501,0.0,0.0,0.004964141914221508,0.3091878242033728,0.3688086778185691
NONFIBROTIC ILD ADJUDICATED,26,1267405955,zebra_raw,3,769,0,0.402784147086009,0.0,0.0,0.004970565148712315,0.3688335247803899,0.43841962499743586
NONFIBROTIC ILD ADJUDICATED,26,1267405955,zebra_raw,4,770,0,0.48162946026746684,0.0,0.0,0.004964141914221508,0.4384384811368235,0.5316588486448584
NONFIBROTIC ILD ADJUDICATED,26,1267405955,zebra_raw,5,769,2,0.5932745962152561,0.002600780234070221,0.0007135177289523901,0.009432753192718508,0.5316720699566982,0.657746565341141
NONFIBROTIC ILD ADJUDICATED,26,1267405955,zebra_raw,6,769,2,0.7248666849535341,0.002600780234070221,0.0007135177289523901,0.009432753192718508,0.6577711700061861,0.7865239671893061
NONFIBROTIC ILD ADJUDICATED,26,1267405955,zebra_raw,7,770,4,0.8423383225677005,0.005194805194805195,0.0020219574690050306,0.013280219334419372,0.7866906783055915,0.8989333182452957
NONFIBROTIC ILD ADJUDICATED,26,1267405955,zebra_raw,8,769,1,0.9498599913143121,0.0013003901170351106,0.0002295876800841234,0.007328830355107483,0.8989414097210439,0.9853734854622751
NONFIBROTIC ILD ADJUDICATED,26,1267405955,zebra_raw,9,770,7,0.9965832491268034,0.00909090909090909,0.004410478976495486,0.01864522399383109,0.985389945076186,1.0
NONFIBROTIC ILD ADJUDICATED,26,1267405955,zebra_isotonic,0,770,0,0.0,0.0,0.0,0.004964141914221508,0.0,0.0
NONFIBROTIC ILD ADJUDICATED,26,1267405955,zebra_isotonic,1,769,0,0.0,0.0,0.0,0.004970565148712315,0.0,0.0
NONFIBROTIC ILD ADJUDICATED,26,1267405955,zebra_isotonic,2,770,0,0.0,0.0,0.0,0.004964141914221508,0.0,0.0
NONFIBROTIC ILD ADJUDICATED,26,1267405955,zebra_isotonic,3,769,0,0.0,0.0,0.0,0.004970565148712315,0.0,0.0
NONFIBROTIC ILD ADJUDICATED,26,1267405955,zebra_isotonic,4,770,0,6.252523805181779e-05,0.0,0.0,0.004964141914221508,0.0,0.0015045135406218655
NONFIBROTIC ILD ADJUDICATED,26,1267405955,zebra_isotonic,5,769,2,0.0015045135406218655,0.002600780234070221,0.0007135177289523901,0.009432753192718508,0.0015045135406218655,0.0015045135406218655
NONFIBROTIC ILD ADJUDICATED,26,1267405955,zebra_isotonic,6,769,3,0.0015045135406218655,0.0039011703511053317,0.001327618000260774,0.011406505807889416,0.0015045135406218655,0.0015045135406218655
NONFIBROTIC ILD ADJUDICATED,26,1267405955,zebra_isotonic,7,770,2,0.0015045135406218655,0.0025974025974025974,0.0007125907061236786,0.009420568652699277,0.0015045135406218655,0.0015045135406218655
NONFIBROTIC ILD ADJUDICATED,26,1267405955,zebra_isotonic,8,769,2,0.00264646103218387,0.002600780234070221,0.0007135177289523901,0.009432753192718508,0.0015045135406218655,0.004629629629629629
NONFIBROTIC ILD ADJUDICATED,26,1267405955,zebra_isotonic,9,770,7,0.014106095108378153,0.00909090909090909,0.004410478976495486,0.01864522399383109,0.004629629629629629,0.02040816326530612
NONFIBROTIC ILD ADJUDICATED,26,1267405955,genomic_raw,0,770,1,1.0209679542404198e-46,0.0012987012987012987,0.00022928946639889794,0.007319361170123334,2.0495306892030845e-127,5.939058967989781e-45
NONFIBROTIC ILD ADJUDICATED,26,1267405955,genomic_raw,1,769,1,1.3202712375994892e-27,0.0013003901170351106,0.0002295876800841234,0.007328830355107483,6.681526796325859e-45,3.1200938911550563e-26
NONFIBROTIC ILD ADJUDICATED,26,1267405955,genomic_raw,2,770,2,4.522468837424563e-18,0.0025974025974025974,0.0007125907061236786,0.009420568652699277,3.296926333088003e-26,7.49864999596489e-17
NONFIBROTIC ILD ADJUDICATED,26,1267405955,genomic_raw,3,769,2,5.992173599846824e-14,0.002600780234070221,0.0007135177289523901,0.009432753192718508,7.962139209354905e-17,3.31168254336342e-13
NONFIBROTIC ILD ADJUDICATED,26,1267405955,genomic_raw,4,770,2,5.6466297440468845e-12,0.0025974025974025974,0.0007125907061236786,0.009420568652699277,3.33375430596842e-13,2.061844706862317e-11
NONFIBROTIC ILD ADJUDICATED,26,1267405955,genomic_raw,5,769,0,1.184573288918044e-10,0.0,0.0,0.004970565148712315,2.078959952899941e-11,3.3843113965500623e-10
NONFIBROTIC ILD ADJUDICATED,26,1267405955,genomic_raw,6,769,1,1.2991234407127563e-09,0.0013003901170351106,0.0002295876800841234,0.007328830355107483,3.392396617165449e-10,3.0096834313294923e-09
NONFIBROTIC ILD ADJUDICATED,26,1267405955,genomic_raw,7,770,3,8.709983198121146e-09,0.003896103896103896,0.0013258926936253902,0.011391775387498288,3.012037681161823e-09,1.928007109003729e-08
NONFIBROTIC ILD ADJUDICATED,26,1267405955,genomic_raw,8,769,2,5.6971196446874556e-08,0.002600780234070221,0.0007135177289523901,0.009432753192718508,1.9391233876765243e-08,1.364576844412179e-07
NONFIBROTIC ILD ADJUDICATED,26,1267405955,genomic_raw,9,770,2,0.07536513088210861,0.0025974025974025974,0.0007125907061236786,0.009420568652699277,1.3661941518393192e-07,1.0
NONFIBROTIC ILD ADJUDICATED,26,1267405955,genomic_isotonic,0,770,3,0.002011263073209976,0.003896103896103896,0.0013258926936253902,0.011391775387498288,0.002011263073209976,0.002011263073209976
NONFIBROTIC ILD ADJUDICATED,26,1267405955,genomic_isotonic,1,769,1,0.002011263073209976,0.0013003901170351106,0.0002295876800841234,0.007328830355107483,0.002011263073209976,0.002011263073209976
NONFIBROTIC ILD ADJUDICATED,26,1267405955,genomic_isotonic,2,770,2,0.002011263073209976,0.0025974025974025974,0.0007125907061236786,0.009420568652699277,0.002011263073209976,0.002011263073209976
NONFIBROTIC ILD ADJUDICATED,26,1267405955,genomic_isotonic,3,769,0,0.002011263073209976,0.0,0.0,0.004970565148712315,0.002011263073209976,0.002011263073209976
NONFIBROTIC ILD ADJUDICATED,26,1267405955,genomic_isotonic,4,770,2,0.002011263073209976,0.0025974025974025974,0.0007125907061236786,0.009420568652699277,0.002011263073209976,0.002011263073209976
NONFIBROTIC ILD ADJUDICATED,26,1267405955,genomic_isotonic,5,769,1,0.002011263073209976,0.0013003901170351106,0.0002295876800841234,0.007328830355107483,0.002011263073209976,0.002011263073209976
NONFIBROTIC ILD ADJUDICATED,26,1267405955,genomic_isotonic,6,769,1,0.002011263073209976,0.0013003901170351106,0.0002295876800841234,0.007328830355107483,0.002011263073209976,0.002011263073209976
NONFIBROTIC ILD ADJUDICATED,26,1267405955,genomic_isotonic,7,770,3,0.002011263073209976,0.003896103896103896,0.0013258926936253902,0.011391775387498288,0.002011263073209976,0.002011263073209976
NONFIBROTIC ILD ADJUDICATED,26,1267405955,genomic_isotonic,8,769,1,0.002011263073209976,0.0013003901170351106,0.0002295876800841234,0.007328830355107483,0.002011263073209976,0.002011263073209976
NONFIBROTIC ILD ADJUDICATED,26,1267405955,genomic_isotonic,9,770,2,0.0028546430374678613,0.0025974025974025974,0.0007125907061236786,0.009420568652699277,0.002011263073209976,0.006329113924050633
NONFIBROTIC ILD ADJUDICATED,26,1267405955,combined_raw,0,770,1,1.5356465801721264e-21,0.0012987012987012987,0.00022928946639889794,0.007319361170123334,2.7060348882677e-42,2.710982566192933e-20
NONFIBROTIC ILD ADJUDICATED,26,1267405955,combined_raw,1,769,1,8.282046733334349e-17,0.0013003901170351106,0.0002295876800841234,0.007328830355107483,2.7223838822093115e-20,4.574335198431932e-16
NONFIBROTIC ILD ADJUDICATED,26,1267405955,combined_raw,2,770,0,5.511947972364892e-15,0.0,0.0,0.004964141914221508,4.577578575169719e-16,1.8651318564808114e-14
NONFIBROTIC ILD ADJUDICATED,26,1267405955,combined_raw,3,769,1,1.0809247688873213e-13,0.0013003901170351106,0.0002295876800841234,0.007328830355107483,1.8687959985927237e-14,2.7924613965376686e-13
NONFIBROTIC ILD ADJUDICATED,26,1267405955,combined_raw,4,770,0,1.0658841237641407e-12,0.0,0.0,0.004964141914221508,2.79424884311687e-13,2.701708225775438e-12
NONFIBROTIC ILD ADJUDICATED,26,1267405955,combined_raw,5,769,2,9.239671080717338e-12,0.002600780234070221,0.0007135177289523901,0.009432753192718508,2.7038211692581706e-12,2.2781446768146347e-11
NONFIBROTIC ILD ADJUDICATED,26,1267405955,combined_raw,6,769,1,8.29595234554737e-11,0.0013003901170351106,0.0002295876800841234,0.007328830355107483,2.279297876407951e-11,2.0229097690641278e-10
NONFIBROTIC ILD ADJUDICATED,26,1267405955,combined_raw,7,770,2,9.880034011667078e-10,0.0025974025974025974,0.0007125907061236786,0.009420568652699277,2.0299317731744228e-10,2.994089718744662e-09
NONFIBROTIC ILD ADJUDICATED,26,1267405955,combined_raw,8,769,3,1.7141881024944867e-07,0.0039011703511053317,0.001327618000260774,0.011406505807889416,2.998498707834258e-09,2.2833422029694603e-06
NONFIBROTIC ILD ADJUDICATED,26,1267405955,combined_raw,9,770,5,0.13407659183735154,0.006493506493506494,0.0027767335367897463,0.01510995198893538,2.2869145287910786e-06,1.0
NONFIBROTIC ILD ADJUDICATED,26,1267405955,combined_isotonic,0,770,1,0.0017491254372813598,0.0012987012987012987,0.00022928946639889794,0.007319361170123334,0.0017491254372813594,0.0017491254372813594
NONFIBROTIC ILD ADJUDICATED,26,1267405955,combined_isotonic,1,769,1,0.0017491254372813598,0.0013003901170351106,0.0002295876800841234,0.007328830355107483,0.0017491254372813594,0.0017491254372813594
NONFIBROTIC ILD ADJUDICATED,26,1267405955,combined_isotonic,2,770,0,0.0017491254372813598,0.0,0.0,0.004964141914221508,0.0017491254372813594,0.0017491254372813594
NONFIBROTIC ILD ADJUDICATED,26,1267405955,combined_isotonic,3,769,0,0.0017491254372813598,0.0,0.0,0.004970565148712315,0.0017491254372813594,0.0017491254372813594
NONFIBROTIC ILD ADJUDICATED,26,1267405955,combined_isotonic,4,770,2,0.0017491254372813598,0.0025974025974025974,0.0007125907061236786,0.009420568652699277,0.0017491254372813594,0.0017491254372813594
NONFIBROTIC ILD ADJUDICATED,26,1267405955,combined_isotonic,5,769,1,0.0017491254372813598,0.0013003901170351106,0.0002295876800841234,0.007328830355107483,0.0017491254372813594,0.0017491254372813594
NONFIBROTIC ILD ADJUDICATED,26,1267405955,combined_isotonic,6,769,1,0.0017491254372813598,0.0013003901170351106,0.0002295876800841234,0.007328830355107483,0.0017491254372813594,0.0017491254372813594
NONFIBROTIC ILD ADJUDICATED,26,1267405955,combined_isotonic,7,770,2,0.0017491254372813598,0.0025974025974025974,0.0007125907061236786,0.009420568652699277,0.0017491254372813594,0.0017491254372813594
NONFIBROTIC ILD ADJUDICATED,26,1267405955,combined_isotonic,8,769,4,0.002031737472213141,0.005201560468140442,0.0020245891497467933,0.013297387544882687,0.0017491254372813594,0.0028929604628736743
NONFIBROTIC ILD ADJUDICATED,26,1267405955,combined_isotonic,9,770,4,0.003171648500997833,0.005194805194805195,0.0020219574690050306,0.013280219334419372,0.0028929604628736743,0.01098901098901099
NONFIBROTIC ILD ADJUDICATED,27,1671181571,zebra_raw,0,770,0,0.23215971926872292,0.0,0.0,0.004964141914221508,0.11052533634471677,0.260816983501809
NONFIBROTIC ILD ADJUDICATED,27,1671181571,zebra_raw,1,769,0,0.28605866417571196,0.0,0.0,0.004970565148712315,0.2608829204776901,0.3114993106107179
NONFIBROTIC ILD ADJUDICATED,27,1671181571,zebra_raw,2,770,0,0.3421253135925471,0.0,0.0,0.004964141914221508,0.31156992200982825,0.3731954189126807
NONFIBROTIC ILD ADJUDICATED,27,1671181571,zebra_raw,3,769,0,0.4079021918772036,0.0,0.0,0.004970565148712315,0.37342875421311394,0.44358854573718115
NONFIBROTIC ILD ADJUDICATED,27,1671181571,zebra_raw,4,770,1,0.487049251967487,0.0012987012987012987,0.00022928946639889794,0.007319361170123334,0.44381064583566626,0.5342015658725001
NONFIBROTIC ILD ADJUDICATED,27,1671181571,zebra_raw,5,769,3,0.5958257607774616,0.0039011703511053317,0.001327618000260774,0.011406505807889416,0.534257599577827,0.658044350544276
NONFIBROTIC ILD ADJUDICATED,27,1671181571,zebra_raw,6,769,1,0.7261778613322459,0.0013003901170351106,0.0002295876800841234,0.007328830355107483,0.6584620993806448,0.7875787267949781
NONFIBROTIC ILD ADJUDICATED,27,1671181571,zebra_raw,7,770,2,0.843572142406695,0.0025974025974025974,0.0007125907061236786,0.009420568652699277,0.787750501996568,0.89888716529185
NONFIBROTIC ILD ADJUDICATED,27,1671181571,zebra_raw,8,769,1,0.9484024322969331,0.0013003901170351106,0.0002295876800841234,0.007328830355107483,0.898912828622922,0.9844770975162783
NONFIBROTIC ILD ADJUDICATED,27,1671181571,zebra_raw,9,770,8,0.9962565109741472,0.01038961038961039,0.005273784940225151,0.020366426752402144,0.9845912866223161,1.0
NONFIBROTIC ILD ADJUDICATED,27,1671181571,zebra_isotonic,0,770,0,0.0,0.0,0.0,0.004964141914221508,0.0,0.0
NONFIBROTIC ILD ADJUDICATED,27,1671181571,zebra_isotonic,1,769,0,0.0,0.0,0.0,0.004970565148712315,0.0,0.0
NONFIBROTIC ILD ADJUDICATED,27,1671181571,zebra_isotonic,2,770,0,0.0,0.0,0.0,0.004964141914221508,0.0,0.0
NONFIBROTIC ILD ADJUDICATED,27,1671181571,zebra_isotonic,3,769,1,0.0,0.0013003901170351106,0.0002295876800841234,0.007328830355107483,0.0,0.0
NONFIBROTIC ILD ADJUDICATED,27,1671181571,zebra_isotonic,4,770,2,0.0,0.0025974025974025974,0.0007125907061236786,0.009420568652699277,0.0,0.0
NONFIBROTIC ILD ADJUDICATED,27,1671181571,zebra_isotonic,5,769,0,0.0,0.0,0.0,0.004970565148712315,0.0,0.0
NONFIBROTIC ILD ADJUDICATED,27,1671181571,zebra_isotonic,6,769,2,0.0015118289566439578,0.002600780234070221,0.0007135177289523901,0.009432753192718508,0.0,0.003641660597232338
NONFIBROTIC ILD ADJUDICATED,27,1671181571,zebra_isotonic,8,769,2,0.003641660597232338,0.002600780234070221,0.0007135177289523901,0.009432753192718508,0.003641660597232338,0.003641660597232338
NONFIBROTIC ILD ADJUDICATED,27,1671181571,zebra_isotonic,7,770,3,0.0036416605972323384,0.003896103896103896,0.0013258926936253902,0.011391775387498288,0.003641660597232338,0.003641660597232338
NONFIBROTIC ILD ADJUDICATED,27,1671181571,zebra_isotonic,9,770,6,0.011743877616694598,0.007792207792207792,0.0035759904186376326,0.016895203829388215,0.003641660597232338,0.05172413793103448
NONFIBROTIC ILD ADJUDICATED,27,1671181571,genomic_raw,0,770,1,0.0,0.0012987012987012987,0.00022928946639889794,0.007319361170123334,0.0,0.0
NONFIBROTIC ILD ADJUDICATED,27,1671181571,genomic_raw,1,769,1,0.0,0.0013003901170351106,0.0002295876800841234,0.007328830355107483,0.0,0.0
NONFIBROTIC ILD ADJUDICATED,27,1671181571,genomic_raw,2,770,0,0.0,0.0,0.0,0.004964141914221508,0.0,0.0
NONFIBROTIC ILD ADJUDICATED,27,1671181571,genomic_raw,3,769,1,0.0,0.0013003901170351106,0.0002295876800841234,0.007328830355107483,0.0,0.0
NONFIBROTIC ILD ADJUDICATED,27,1671181571,genomic_raw,4,770,1,0.0,0.0012987012987012987,0.00022928946639889794,0.007319361170123334,0.0,0.0
NONFIBROTIC ILD ADJUDICATED,27,1671181571,genomic_raw,5,769,3,0.0,0.0039011703511053317,0.001327618000260774,0.011406505807889416,0.0,0.0
NONFIBROTIC ILD ADJUDICATED,27,1671181571,genomic_raw,6,769,4,0.0,0.005201560468140442,0.0020245891497467933,0.013297387544882687,0.0,0.0
NONFIBROTIC ILD ADJUDICATED,27,1671181571,genomic_raw,7,770,0,4.692239325598018e-251,0.0,0.0,0.004964141914221508,0.0,5.599630251947866e-249
NONFIBROTIC ILD ADJUDICATED,27,1671181571,genomic_raw,8,769,1,8.681797664229036e-155,0.0013003901170351106,0.0002295876800841234,0.007328830355107483,5.70850145575001e-249,2.076249460450091e-152
NONFIBROTIC ILD ADJUDICATED,27,1671181571,genomic_raw,9,770,4,0.2709717206725849,0.005194805194805195,0.0020219574690050306,0.013280219334419372,2.44001321178282e-152,1.0
NONFIBROTIC ILD ADJUDICATED,27,1671181571,genomic_isotonic,0,770,1,0.0021442495126705657,0.0012987012987012987,0.00022928946639889794,0.007319361170123334,0.0021442495126705653,0.0021442495126705653
NONFIBROTIC ILD ADJUDICATED,27,1671181571,genomic_isotonic,1,769,1,0.0021442495126705657,0.0013003901170351106,0.0002295876800841234,0.007328830355107483,0.0021442495126705653,0.0021442495126705653
NONFIBROTIC ILD ADJUDICATED,27,1671181571,genomic_isotonic,2,770,2,0.0021442495126705657,0.0025974025974025974,0.0007125907061236786,0.009420568652699277,0.0021442495126705653,0.0021442495126705653
NONFIBROTIC ILD ADJUDICATED,27,1671181571,genomic_isotonic,3,769,0,0.0021442495126705657,0.0,0.0,0.004970565148712315,0.0021442495126705653,0.0021442495126705653
NONFIBROTIC ILD ADJUDICATED,27,1671181571,genomic_isotonic,4,770,0,0.0021442495126705657,0.0,0.0,0.004964141914221508,0.0021442495126705653,0.0021442495126705653
NONFIBROTIC ILD ADJUDICATED,27,1671181571,genomic_isotonic,5,769,1,0.0021442495126705657,0.0013003901170351106,0.0002295876800841234,0.007328830355107483,0.0021442495126705653,0.0021442495126705653
NONFIBROTIC ILD ADJUDICATED,27,1671181571,genomic_isotonic,6,769,2,0.0021442495126705657,0.002600780234070221,0.0007135177289523901,0.009432753192718508,0.0021442495126705653,0.0021442495126705653
NONFIBROTIC ILD ADJUDICATED,27,1671181571,genomic_isotonic,7,770,2,0.0021442495126705657,0.0025974025974025974,0.0007125907061236786,0.009420568652699277,0.0021442495126705653,0.0021442495126705653
NONFIBROTIC ILD ADJUDICATED,27,1671181571,genomic_isotonic,8,769,2,0.0021442495126705657,0.002600780234070221,0.0007135177289523901,0.009432753192718508,0.0021442495126705653,0.0021442495126705653
NONFIBROTIC ILD ADJUDICATED,27,1671181571,genomic_isotonic,9,770,5,0.0021442495126705657,0.006493506493506494,0.0027767335367897463,0.01510995198893538,0.0021442495126705653,0.0021442495126705653
NONFIBROTIC ILD ADJUDICATED,27,1671181571,combined_raw,0,770,1,5.190244639945485e-08,0.0012987012987012987,0.00022928946639889794,0.007319361170123334,2.275976063473336e-09,1.021587260996158e-07
NONFIBROTIC ILD ADJUDICATED,27,1671181571,combined_raw,1,769,1,1.8164402509405797e-07,0.0013003901170351106,0.0002295876800841234,0.007328830355107483,1.0238911464064574e-07,2.802154685516433e-07
NONFIBROTIC ILD ADJUDICATED,27,1671181571,combined_raw,2,770,1,4.227223134224527e-07,0.0012987012987012987,0.00022928946639889794,0.007319361170123334,2.809123755195452e-07,6.08440903816944e-07
NONFIBROTIC ILD ADJUDICATED,27,1671181571,combined_raw,3,769,1,9.01060801713897e-07,0.0013003901170351106,0.0002295876800841234,0.007328830355107483,6.091120949064526e-07,1.2625909337976878e-06
NONFIBROTIC ILD ADJUDICATED,27,1671181571,combined_raw,4,770,1,1.8728666943963076e-06,0.0012987012987012987,0.00022928946639889794,0.007319361170123334,1.2627435354057896e-06,2.6846256978222695e-06
NONFIBROTIC ILD ADJUDICATED,27,1671181571,combined_raw,5,769,1,4.434188157691982e-06,0.0013003901170351106,0.0002295876800841234,0.007328830355107483,2.6852861369094945e-06,7.1052654685662e-06
NONFIBROTIC ILD ADJUDICATED,27,1671181571,combined_raw,6,769,0,1.677290230494307e-05,0.0,0.0,0.004970565148712315,7.124684270627458e-06,4.220581473535051e-05
NONFIBROTIC ILD ADJUDICATED,27,1671181571,combined_raw,7,770,2,0.0002210186972086942,0.0025974025974025974,0.0007125907061236786,0.009420568652699277,4.2384706124135806e-05,0.0005806906399144928
NONFIBROTIC ILD ADJUDICATED,27,1671181571,combined_raw,8,769,3,0.0017022477333766056,0.0039011703511053317,0.001327618000260774,0.011406505807889416,0.0005809252445827445,0.003633140192127443
NONFIBROTIC ILD ADJUDICATED,27,1671181571,combined_raw,9,770,5,0.12962316742612173,0.006493506493506494,0.0027767335367897463,0.01510995198893538,0.0036359810419232565,0.9987971648773702
NONFIBROTIC ILD ADJUDICATED,27,1671181571,combined_isotonic,0,770,1,0.0,0.0012987012987012987,0.00022928946639889794,0.007319361170123334,0.0,0.0
NONFIBROTIC ILD ADJUDICATED,27,1671181571,combined_isotonic,1,769,1,0.0,0.0013003901170351106,0.0002295876800841234,0.007328830355107483,0.0,0.0
NONFIBROTIC ILD ADJUDICATED,27,1671181571,combined_isotonic,2,770,0,0.0,0.0,0.0,0.004964141914221508,0.0,0.0
NONFIBROTIC ILD ADJUDICATED,27,1671181571,combined_isotonic,3,769,0,0.0,0.0,0.0,0.004970565148712315,0.0,0.0
NONFIBROTIC ILD ADJUDICATED,27,1671181571,combined_isotonic,4,770,1,0.0,0.0012987012987012987,0.00022928946639889794,0.007319361170123334,0.0,0.0
NONFIBROTIC ILD ADJUDICATED,27,1671181571,combined_isotonic,5,769,2,0.0,0.002600780234070221,0.0007135177289523901,0.009432753192718508,0.0,0.0
NONFIBROTIC ILD ADJUDICATED,27,1671181571,combined_isotonic,6,769,0,0.0,0.0,0.0,0.004970565148712315,0.0,0.0
NONFIBROTIC ILD ADJUDICATED,27,1671181571,combined_isotonic,7,770,2,0.0030900134348410217,0.0025974025974025974,0.0007125907061236786,0.009420568652699277,0.0,0.004310344827586207
NONFIBROTIC ILD ADJUDICATED,27,1671181571,combined_isotonic,8,769,3,0.004673572866226557,0.0039011703511053317,0.001327618000260774,0.011406505807889416,0.004310344827586207,0.006046863189720333
NONFIBROTIC ILD ADJUDICATED,27,1671181571,combined_isotonic,9,770,6,0.006046863189720334,0.007792207792207792,0.0035759904186376326,0.016895203829388215,0.006046863189720333,0.006046863189720333
NONFIBROTIC ILD ADJUDICATED,28,119611761,zebra_raw,0,770,0,0.23156921262497165,0.0,0.0,0.004964141914221508,0.11052533634471677,0.26002454610159537
NONFIBROTIC ILD ADJUDICATED,28,119611761,zebra_raw,1,769,0,0.2861600268030762,0.0,0.0,0.004970565148712315,0.2600432461571028,0.3119478363101785
NONFIBROTIC ILD ADJUDICATED,28,119611761,zebra_raw,2,770,0,0.34186558999944555,0.0,0.0,0.004964141914221508,0.3119538397677216,0.3738414017884197
NONFIBROTIC ILD ADJUDICATED,28,119611761,zebra_raw,3,769,0,0.4103513776305488,0.0,0.0,0.004970565148712315,0.37386805041072013,0.44973227909715946
NONFIBROTIC ILD ADJUDICATED,28,119611761,zebra_raw,4,770,0,0.49337133065022376,0.0,0.0,0.004964141914221508,0.44988081102561356,0.5443327809099153
NONFIBROTIC ILD ADJUDICATED,28,119611761,zebra_raw,5,769,2,0.6046702033276177,0.002600780234070221,0.0007135177289523901,0.009432753192718508,0.5443461105674552,0.6680569674360941
NONFIBROTIC ILD ADJUDICATED,28,119611761,zebra_raw,6,769,3,0.7325397283938704,0.0039011703511053317,0.001327618000260774,0.011406505807889416,0.6681014606204488,0.7906546756562879
NONFIBROTIC ILD ADJUDICATED,28,119611761,zebra_raw,7,770,2,0.8443302759908468,0.0025974025974025974,0.0007125907061236786,0.009420568652699277,0.7909355176544223,0.8975036356422282
NONFIBROTIC ILD ADJUDICATED,28,119611761,zebra_raw,8,769,1,0.9480382634874794,0.0013003901170351106,0.0002295876800841234,0.007328830355107483,0.8977007318534571,0.9854116329818159
NONFIBROTIC ILD ADJUDICATED,28,119611761,zebra_raw,9,770,8,0.996266422454899,0.01038961038961039,0.005273784940225151,0.020366426752402144,0.985485854363619,1.0
NONFIBROTIC ILD ADJUDICATED,28,119611761,zebra_isotonic,0,770,0,0.0,0.0,0.0,0.004964141914221508,0.0,0.0
NONFIBROTIC ILD ADJUDICATED,28,119611761,zebra_isotonic,1,769,0,0.0,0.0,0.0,0.004970565148712315,0.0,0.0
NONFIBROTIC ILD ADJUDICATED,28,119611761,zebra_isotonic,2,770,0,0.0,0.0,0.0,0.004964141914221508,0.0,0.0
NONFIBROTIC ILD ADJUDICATED,28,119611761,zebra_isotonic,3,769,0,0.0,0.0,0.0,0.004970565148712315,0.0,0.0
NONFIBROTIC ILD ADJUDICATED,28,119611761,zebra_isotonic,4,770,0,0.00027239724903419974,0.0,0.0,0.004964141914221508,0.0,0.0017921146953405018
NONFIBROTIC ILD ADJUDICATED,28,119611761,zebra_isotonic,5,769,2,0.0017921146953405018,0.002600780234070221,0.0007135177289523901,0.009432753192718508,0.0017921146953405018,0.0017921146953405018
NONFIBROTIC ILD ADJUDICATED,28,119611761,zebra_isotonic,6,769,3,0.0017921146953405018,0.0039011703511053317,0.001327618000260774,0.011406505807889416,0.0017921146953405018,0.0017921146953405018
NONFIBROTIC ILD ADJUDICATED,28,119611761,zebra_isotonic,7,770,2,0.002651167185585386,0.0025974025974025974,0.0007125907061236786,0.009420568652699277,0.0017921146953405018,0.0031645569620253164
NONFIBROTIC ILD ADJUDICATED,28,119611761,zebra_isotonic,8,769,1,0.0031645569620253173,0.0013003901170351106,0.0002295876800841234,0.007328830355107483,0.0031645569620253164,0.0031645569620253164
NONFIBROTIC ILD ADJUDICATED,28,119611761,zebra_isotonic,9,770,8,0.011379303888048808,0.01038961038961039,0.005273784940225151,0.020366426752402144,0.0031645569620253164,0.05454545454545454
NONFIBROTIC ILD ADJUDICATED,28,119611761,genomic_raw,0,770,1,0.0,0.0012987012987012987,0.00022928946639889794,0.007319361170123334,0.0,0.0
NONFIBROTIC ILD ADJUDICATED,28,119611761,genomic_raw,1,769,1,0.0,0.0013003901170351106,0.0002295876800841234,0.007328830355107483,0.0,0.0
NONFIBROTIC ILD ADJUDICATED,28,119611761,genomic_raw,2,770,2,0.0,0.0025974025974025974,0.0007125907061236786,0.009420568652699277,0.0,0.0
NONFIBROTIC ILD ADJUDICATED,28,119611761,genomic_raw,3,769,1,0.0,0.0013003901170351106,0.0002295876800841234,0.007328830355107483,0.0,0.0
NONFIBROTIC ILD ADJUDICATED,28,119611761,genomic_raw,4,770,0,0.0,0.0,0.0,0.004964141914221508,0.0,0.0
NONFIBROTIC ILD ADJUDICATED,28,119611761,genomic_raw,5,769,2,0.0,0.002600780234070221,0.0007135177289523901,0.009432753192718508,0.0,0.0
NONFIBROTIC ILD ADJUDICATED,28,119611761,genomic_raw,6,769,1,0.0,0.0013003901170351106,0.0002295876800841234,0.007328830355107483,0.0,0.0
NONFIBROTIC ILD ADJUDICATED,28,119611761,genomic_raw,7,770,2,0.0,0.0025974025974025974,0.0007125907061236786,0.009420568652699277,0.0,0.0
NONFIBROTIC ILD ADJUDICATED,28,119611761,genomic_raw,8,769,3,0.5774398011319676,0.0039011703511053317,0.001327618000260774,0.011406505807889416,0.0,1.0
NONFIBROTIC ILD ADJUDICATED,28,119611761,genomic_raw,9,770,3,1.0,0.003896103896103896,0.0013258926936253902,0.011391775387498288,1.0,1.0
NONFIBROTIC ILD ADJUDICATED,28,119611761,genomic_isotonic,0,770,3,0.0021442495126705657,0.003896103896103896,0.0013258926936253902,0.011391775387498288,0.0021442495126705653,0.0021442495126705653
NONFIBROTIC ILD ADJUDICATED,28,119611761,genomic_isotonic,1,769,1,0.0021442495126705657,0.0013003901170351106,0.0002295876800841234,0.007328830355107483,0.0021442495126705653,0.0021442495126705653
NONFIBROTIC ILD ADJUDICATED,28,119611761,genomic_isotonic,2,770,3,0.0021442495126705657,0.003896103896103896,0.0013258926936253902,0.011391775387498288,0.0021442495126705653,0.0021442495126705653
NONFIBROTIC ILD ADJUDICATED,28,119611761,genomic_isotonic,3,769,1,0.0021442495126705657,0.0013003901170351106,0.0002295876800841234,0.007328830355107483,0.0021442495126705653,0.0021442495126705653
NONFIBROTIC ILD ADJUDICATED,28,119611761,genomic_isotonic,4,770,1,0.0021442495126705657,0.0012987012987012987,0.00022928946639889794,0.007319361170123334,0.0021442495126705653,0.0021442495126705653
NONFIBROTIC ILD ADJUDICATED,28,119611761,genomic_isotonic,5,769,0,0.0021442495126705657,0.0,0.0,0.004970565148712315,0.0021442495126705653,0.0021442495126705653
NONFIBROTIC ILD ADJUDICATED,28,119611761,genomic_isotonic,6,769,1,0.0021442495126705657,0.0013003901170351106,0.0002295876800841234,0.007328830355107483,0.0021442495126705653,0.0021442495126705653
NONFIBROTIC ILD ADJUDICATED,28,119611761,genomic_isotonic,7,770,2,0.0021442495126705657,0.0025974025974025974,0.0007125907061236786,0.009420568652699277,0.0021442495126705653,0.0021442495126705653
NONFIBROTIC ILD ADJUDICATED,28,119611761,genomic_isotonic,8,769,3,0.0021442495126705657,0.0039011703511053317,0.001327618000260774,0.011406505807889416,0.0021442495126705653,0.0021442495126705653
NONFIBROTIC ILD ADJUDICATED,28,119611761,genomic_isotonic,9,770,1,0.0021442495126705657,0.0012987012987012987,0.00022928946639889794,0.007319361170123334,0.0021442495126705653,0.0021442495126705653
NONFIBROTIC ILD ADJUDICATED,28,119611761,combined_raw,0,770,4,3.853437779912077e-59,0.005194805194805195,0.0020219574690050306,0.013280219334419372,5.490722165834406e-105,1.9698487373788225e-57
NONFIBROTIC ILD ADJUDICATED,28,119611761,combined_raw,1,769,3,4.477029008201475e-45,0.0039011703511053317,0.001327618000260774,0.011406505807889416,2.048521463872145e-57,1.1346034290096235e-43
NONFIBROTIC ILD ADJUDICATED,28,119611761,combined_raw,2,770,0,1.5475199001183797e-37,0.0,0.0,0.004964141914221508,1.181026122109698e-43,2.4510850832591937e-36
NONFIBROTIC ILD ADJUDICATED,28,119611761,combined_raw,3,769,2,1.1124513111625794e-32,0.002600780234070221,0.0007135177289523901,0.009432753192718508,2.4869885745090034e-36,1.059405710145441e-31
NONFIBROTIC ILD ADJUDICATED,28,119611761,combined_raw,4,770,2,6.827706146634622e-29,0.0025974025974025974,0.0007125907061236786,0.009420568652699277,1.0703603110178986e-31,5.290496242365961e-28
NONFIBROTIC ILD ADJUDICATED,28,119611761,combined_raw,5,769,0,7.782550766850509e-26,0.0,0.0,0.004970565148712315,5.360357271301985e-28,4.990309437698723e-25
NONFIBROTIC ILD ADJUDICATED,28,119611761,combined_raw,6,769,2,4.971498710301602e-23,0.002600780234070221,0.0007135177289523901,0.009432753192718508,4.993115607745301e-25,3.1531017423233343e-22
NONFIBROTIC ILD ADJUDICATED,28,119611761,combined_raw,7,770,0,6.434708937049612e-20,0.0,0.0,0.004964141914221508,3.1543090008273296e-22,4.372151543863497e-19
NONFIBROTIC ILD ADJUDICATED,28,119611761,combined_raw,8,769,1,2.201959973925066e-16,0.0013003901170351106,0.0002295876800841234,0.007328830355107483,4.383100585944567e-19,2.0893242426289786e-15
NONFIBROTIC ILD ADJUDICATED,28,119611761,combined_raw,9,770,2,0.07491287992809798,0.0025974025974025974,0.0007125907061236786,0.009420568652699277,2.103420440241337e-15,1.0
NONFIBROTIC ILD ADJUDICATED,28,119611761,combined_isotonic,0,770,3,0.0,0.003896103896103896,0.0013258926936253902,0.011391775387498288,0.0,0.0
NONFIBROTIC ILD ADJUDICATED,28,119611761,combined_isotonic,1,769,1,0.0,0.0013003901170351106,0.0002295876800841234,0.007328830355107483,0.0,0.0
NONFIBROTIC ILD ADJUDICATED,28,119611761,combined_isotonic,2,770,2,0.0,0.0025974025974025974,0.0007125907061236786,0.009420568652699277,0.0,0.0
NONFIBROTIC ILD ADJUDICATED,28,119611761,combined_isotonic,3,769,1,0.0,0.0013003901170351106,0.0002295876800841234,0.007328830355107483,0.0,0.0
NONFIBROTIC ILD ADJUDICATED,28,119611761,combined_isotonic,4,770,1,0.0,0.0012987012987012987,0.00022928946639889794,0.007319361170123334,0.0,0.0
NONFIBROTIC ILD ADJUDICATED,28,119611761,combined_isotonic,5,769,0,0.0,0.0,0.0,0.004970565148712315,0.0,0.0
NONFIBROTIC ILD ADJUDICATED,28,119611761,combined_isotonic,6,769,2,0.0,0.002600780234070221,0.0007135177289523901,0.009432753192718508,0.0,0.0
NONFIBROTIC ILD ADJUDICATED,28,119611761,combined_isotonic,7,770,0,0.0,0.0,0.0,0.004964141914221508,0.0,0.0
NONFIBROTIC ILD ADJUDICATED,28,119611761,combined_isotonic,8,769,3,0.0,0.0039011703511053317,0.001327618000260774,0.011406505807889416,0.0,0.0
NONFIBROTIC ILD ADJUDICATED,28,119611761,combined_isotonic,9,770,3,0.0009521088797334791,0.003896103896103896,0.0013258926936253902,0.011391775387498288,0.0,0.008130081300813009
NONFIBROTIC ILD ADJUDICATED,29,289691439,zebra_raw,0,770,0,0.23177575023141953,0.0,0.0,0.004964141914221508,0.1267879796421734,0.26002454610159537
NONFIBROTIC ILD ADJUDICATED,29,289691439,zebra_raw,1,769,0,0.28516556553795686,0.0,0.0,0.004970565148712315,0.2600432461571028,0.31130472529421865
NONFIBROTIC ILD ADJUDICATED,29,289691439,zebra_raw,2,770,0,0.3408490237429162,0.0,0.0,0.004964141914221508,0.31136030506380313,0.3744961545744017
NONFIBROTIC ILD ADJUDICATED,29,289691439,zebra_raw,3,769,0,0.40871258014437006,0.0,0.0,0.004970565148712315,0.3746139423417925,0.44483311363301814
NONFIBROTIC ILD ADJUDICATED,29,289691439,zebra_raw,4,770,0,0.487833245489644,0.0,0.0,0.004964141914221508,0.44506558543115116,0.5364852548341319
NONFIBROTIC ILD ADJUDICATED,29,289691439,zebra_raw,5,769,3,0.5966766174653436,0.0039011703511053317,0.001327618000260774,0.011406505807889416,0.5366889949743068,0.656433778411747
NONFIBROTIC ILD ADJUDICATED,29,289691439,zebra_raw,6,769,1,0.7221211795606322,0.0013003901170351106,0.0002295876800841234,0.007328830355107483,0.6565856301971705,0.7854790508930478
NONFIBROTIC ILD ADJUDICATED,29,289691439,zebra_raw,7,770,3,0.8412238777297402,0.003896103896103896,0.0013258926936253902,0.011391775387498288,0.785554917953142,0.8958641723145785
NONFIBROTIC ILD ADJUDICATED,29,289691439,zebra_raw,8,769,1,0.9480220939934487,0.0013003901170351106,0.0002295876800841234,0.007328830355107483,0.896448966675954,0.9848923307586299
NONFIBROTIC ILD ADJUDICATED,29,289691439,zebra_raw,9,770,8,0.9963224538347025,0.01038961038961039,0.005273784940225151,0.020366426752402144,0.9849074174738573,1.0
NONFIBROTIC ILD ADJUDICATED,29,289691439,zebra_isotonic,0,770,0,0.0,0.0,0.0,0.004964141914221508,0.0,0.0
NONFIBROTIC ILD ADJUDICATED,29,289691439,zebra_isotonic,1,769,0,0.0,0.0,0.0,0.004970565148712315,0.0,0.0
NONFIBROTIC ILD ADJUDICATED,29,289691439,zebra_isotonic,2,770,0,0.0,0.0,0.0,0.004964141914221508,0.0,0.0
NONFIBROTIC ILD ADJUDICATED,29,289691439,zebra_isotonic,3,769,0,0.0,0.0,0.0,0.004970565148712315,0.0,0.0
NONFIBROTIC ILD ADJUDICATED,29,289691439,zebra_isotonic,4,770,0,9.974287578129279e-05,0.0,0.0,0.004964141914221508,0.0,0.001199040767386091
NONFIBROTIC ILD ADJUDICATED,29,289691439,zebra_isotonic,5,769,3,0.0011990407673860908,0.0039011703511053317,0.001327618000260774,0.011406505807889416,0.001199040767386091,0.001199040767386091
NONFIBROTIC ILD ADJUDICATED,29,289691439,zebra_isotonic,6,769,1,0.0017460042241038496,0.0013003901170351106,0.0002295876800841234,0.007328830355107483,0.001199040767386091,0.0026905829596412557
NONFIBROTIC ILD ADJUDICATED,29,289691439,zebra_isotonic,7,770,4,0.0026905829596412557,0.005194805194805195,0.0020219574690050306,0.013280219334419372,0.0026905829596412557,0.0026905829596412557
NONFIBROTIC ILD ADJUDICATED,29,289691439,zebra_isotonic,8,769,0,0.003420388444080588,0.0,0.0,0.004970565148712315,0.0026905829596412557,0.004784688995215311
NONFIBROTIC ILD ADJUDICATED,29,289691439,zebra_isotonic,9,770,8,0.011288904547686676,0.01038961038961039,0.005273784940225151,0.020366426752402144,0.004784688995215311,0.01818181818181818
NONFIBROTIC ILD ADJUDICATED,29,289691439,genomic_raw,0,770,1,0.000142358567072728,0.0012987012987012987,0.00022928946639889794,0.007319361170123334,9.624183258037083e-05,0.00017263490673846902
NONFIBROTIC ILD ADJUDICATED,29,289691439,genomic_raw,1,769,0,0.0002098184957865409,0.0,0.0,0.004970565148712315,0.0001726807797599336,0.0002611374455118693
NONFIBROTIC ILD ADJUDICATED,29,289691439,genomic_raw,2,770,3,0.0005746806018604889,0.003896103896103896,0.0013258926936253902,0.011391775387498288,0.000261190198456855,0.0011069148989822366
NONFIBROTIC ILD ADJUDICATED,29,289691439,genomic_raw,3,769,1,0.00140179574510309,0.0013003901170351106,0.0002295876800841234,0.007328830355107483,0.001106966361301393,0.0017031300098504236
NONFIBROTIC ILD ADJUDICATED,29,289691439,genomic_raw,4,770,0,0.0021490644342787714,0.0,0.0,0.004964141914221508,0.001704250841925753,0.002763199709828978
NONFIBROTIC ILD ADJUDICATED,29,289691439,genomic_raw,5,769,0,0.0037583651486074966,0.0,0.0,0.004970565148712315,0.0027655825050035515,0.004924680256556911
NONFIBROTIC ILD ADJUDICATED,29,289691439,genomic_raw,6,769,1,0.007451690824732646,0.0013003901170351106,0.0002295876800841234,0.007328830355107483,0.004925137899626136,0.011663930903646296
NONFIBROTIC ILD ADJUDICATED,29,289691439,genomic_raw,7,770,4,0.03391165830761513,0.005194805194805195,0.0020219574690050306,0.013280219334419372,0.011697138377255709,0.1850966592394878
NONFIBROTIC ILD ADJUDICATED,29,289691439,genomic_raw,8,769,4,0.24300748048375528,0.005201560468140442,0.0020245891497467933,0.013297387544882687,0.1856001503303284,0.28964342169626656
NONFIBROTIC ILD ADJUDICATED,29,289691439,genomic_raw,9,770,2,0.38497470774832493,0.0025974025974025974,0.0007125907061236786,0.009420568652699277,0.2896771751450137,0.9668406627973777
NONFIBROTIC ILD ADJUDICATED,29,289691439,genomic_isotonic,0,770,0,0.0,0.0,0.0,0.004964141914221508,0.0,0.0
NONFIBROTIC ILD ADJUDICATED,29,289691439,genomic_isotonic,1,769,1,0.0009947202608841306,0.0013003901170351106,0.0002295876800841234,0.007328830355107483,0.0,0.002349925229651784
NONFIBROTIC ILD ADJUDICATED,29,289691439,genomic_isotonic,2,770,1,0.0023499252296517834,0.0012987012987012987,0.00022928946639889794,0.007319361170123334,0.002349925229651784,0.002349925229651784
NONFIBROTIC ILD ADJUDICATED,29,289691439,genomic_isotonic,3,769,2,0.0023499252296517834,0.002600780234070221,0.0007135177289523901,0.009432753192718508,0.002349925229651784,0.002349925229651784
NONFIBROTIC ILD ADJUDICATED,29,289691439,genomic_isotonic,4,770,1,0.0023499252296517834,0.0012987012987012987,0.00022928946639889794,0.007319361170123334,0.002349925229651784,0.002349925229651784
NONFIBROTIC ILD ADJUDICATED,29,289691439,genomic_isotonic,5,769,5,0.0023499252296517834,0.006501950585175552,0.002780348414515579,0.015129481166593194,0.002349925229651784,0.002349925229651784
NONFIBROTIC ILD ADJUDICATED,29,289691439,genomic_isotonic,6,769,4,0.0023499252296517834,0.005201560468140442,0.0020245891497467933,0.013297387544882687,0.002349925229651784,0.002349925229651784
NONFIBROTIC ILD ADJUDICATED,29,289691439,genomic_isotonic,7,770,1,0.0023499252296517834,0.0012987012987012987,0.00022928946639889794,0.007319361170123334,0.002349925229651784,0.002349925229651784
NONFIBROTIC ILD ADJUDICATED,29,289691439,genomic_isotonic,8,769,1,0.0023499252296517834,0.0013003901170351106,0.0002295876800841234,0.007328830355107483,0.002349925229651784,0.002349925229651784
NONFIBROTIC ILD ADJUDICATED,29,289691439,genomic_isotonic,9,770,0,0.0023499252296517834,0.0,0.0,0.004964141914221508,0.002349925229651784,0.002349925229651784
NONFIBROTIC ILD ADJUDICATED,29,289691439,combined_raw,0,770,0,0.00017379808246580149,0.0,0.0,0.004964141914221508,0.00010551670642109536,0.000219020265626132
NONFIBROTIC ILD ADJUDICATED,29,289691439,combined_raw,1,769,1,0.0002441442405648751,0.0013003901170351106,0.0002295876800841234,0.007328830355107483,0.00021914931604938084,0.00026824644280957127
NONFIBROTIC ILD ADJUDICATED,29,289691439,combined_raw,2,770,1,0.00029426499394395674,0.0012987012987012987,0.00022928946639889794,0.007319361170123334,0.00026829619890832824,0.0003218555691384452
NONFIBROTIC ILD ADJUDICATED,29,289691439,combined_raw,3,769,3,0.00035261582356669707,0.0039011703511053317,0.001327618000260774,0.011406505807889416,0.00032186240190625097,0.00038683428135250603
NONFIBROTIC ILD ADJUDICATED,29,289691439,combined_raw,4,770,0,0.00042719299109016324,0.0,0.0,0.004964141914221508,0.00038703644495218377,0.000470649518008191
NONFIBROTIC ILD ADJUDICATED,29,289691439,combined_raw,5,769,2,0.0005376774465099648,0.002600780234070221,0.0007135177289523901,0.009432753192718508,0.0004706706951782582,0.000617897368263571
NONFIBROTIC ILD ADJUDICATED,29,289691439,combined_raw,6,769,3,0.0007894019204961694,0.0039011703511053317,0.001327618000260774,0.011406505807889416,0.0006179199766296127,0.0010829149554950732
NONFIBROTIC ILD ADJUDICATED,29,289691439,combined_raw,7,770,3,0.08444557456297164,0.003896103896103896,0.0013258926936253902,0.011391775387498288,0.00108388503792554,0.2099777758216875
NONFIBROTIC ILD ADJUDICATED,29,289691439,combined_raw,8,769,0,0.24552296073087845,0.0,0.0,0.004970565148712315,0.2099896906079467,0.2882678933674527
NONFIBROTIC ILD ADJUDICATED,29,289691439,combined_raw,9,770,3,0.4014722967172996,0.003896103896103896,0.0013258926936253902,0.011391775387498288,0.2884055444957559,0.9816508888943938
NONFIBROTIC ILD ADJUDICATED,29,289691439,combined_isotonic,0,770,1,0.0,0.0012987012987012987,0.00022928946639889794,0.007319361170123334,0.0,0.0
NONFIBROTIC ILD ADJUDICATED,29,289691439,combined_isotonic,1,769,1,0.0,0.0013003901170351106,0.0002295876800841234,0.007328830355107483,0.0,0.0
NONFIBROTIC ILD ADJUDICATED,29,289691439,combined_isotonic,2,770,2,0.0,0.0025974025974025974,0.0007125907061236786,0.009420568652699277,0.0,0.0
NONFIBROTIC ILD ADJUDICATED,29,289691439,combined_isotonic,3,769,2,0.0,0.002600780234070221,0.0007135177289523901,0.009432753192718508,0.0,0.0
NONFIBROTIC ILD ADJUDICATED,29,289691439,combined_isotonic,4,770,0,0.0,0.0,0.0,0.004964141914221508,0.0,0.0
NONFIBROTIC ILD ADJUDICATED,29,289691439,combined_isotonic,5,769,0,0.0010768202477458644,0.0,0.0,0.004970565148712315,0.0,0.001885014137606032
NONFIBROTIC ILD ADJUDICATED,29,289691439,combined_isotonic,6,769,5,0.0019057648383222561,0.006501950585175552,0.002780348414515579,0.015129481166593194,0.001885014137606032,0.0019389238972370335
NONFIBROTIC ILD ADJUDICATED,29,289691439,combined_isotonic,7,770,2,0.00211067251004454,0.0025974025974025974,0.0007125907061236786,0.009420568652699277,0.0019389238972370335,0.0021929824561403508
NONFIBROTIC ILD ADJUDICATED,29,289691439,combined_isotonic,8,769,1,0.0021929824561403508,0.0013003901170351106,0.0002295876800841234,0.007328830355107483,0.0021929824561403508,0.0021929824561403508
NONFIBROTIC ILD ADJUDICATED,29,289691439,combined_isotonic,9,770,2,0.021597467570387847,0.0025974025974025974,0.0007125907061236786,0.009420568652699277,0.0021929824561403508,1.0
NONFIBROTIC ILD ADJUDICATED,30,1738178060,zebra_raw,0,770,0,0.23297760811451257,0.0,0.0,0.004964141914221508,0.11693488945217027,0.2620496868382658
NONFIBROTIC ILD ADJUDICATED,30,1738178060,zebra_raw,1,769,0,0.28830718846656983,0.0,0.0,0.004970565148712315,0.2621427438396359,0.31447837490045416
NONFIBROTIC ILD ADJUDICATED,30,1738178060,zebra_raw,2,770,0,0.34507640203907575,0.0,0.0,0.004964141914221508,0.31454312848574023,0.37765921012603326
NONFIBROTIC ILD ADJUDICATED,30,1738178060,zebra_raw,3,769,0,0.4127714652536559,0.0,0.0,0.004970565148712315,0.377684433290741,0.45048888544909566
NONFIBROTIC ILD ADJUDICATED,30,1738178060,zebra_raw,4,770,0,0.49730350643616467,0.0,0.0,0.004964141914221508,0.45056645567438347,0.5481510820845891
NONFIBROTIC ILD ADJUDICATED,30,1738178060,zebra_raw,5,769,2,0.6053996921093238,0.002600780234070221,0.0007135177289523901,0.009432753192718508,0.5483671817409786,0.6662717204623677
NONFIBROTIC ILD ADJUDICATED,30,1738178060,zebra_raw,6,769,3,0.7309241534555445,0.0039011703511053317,0.001327618000260774,0.011406505807889416,0.666497245846737,0.7904669395525127
NONFIBROTIC ILD ADJUDICATED,30,1738178060,zebra_raw,7,770,4,0.8449017222979335,0.005194805194805195,0.0020219574690050306,0.013280219334419372,0.7905015192149166,0.89888716529185
NONFIBROTIC ILD ADJUDICATED,30,1738178060,zebra_raw,8,769,1,0.9504175837670845,0.0013003901170351106,0.0002295876800841234,0.007328830355107483,0.8989333182452957,0.9853533817341006
NONFIBROTIC ILD ADJUDICATED,30,1738178060,zebra_raw,9,770,6,0.996392277729153,0.007792207792207792,0.0035759904186376326,0.016895203829388215,0.9853734854622751,1.0
NONFIBROTIC ILD ADJUDICATED,30,1738178060,zebra_isotonic,0,770,0,0.0,0.0,0.0,0.004964141914221508,0.0,0.0
NONFIBROTIC ILD ADJUDICATED,30,1738178060,zebra_isotonic,1,769,0,0.0,0.0,0.0,0.004970565148712315,0.0,0.0
NONFIBROTIC ILD ADJUDICATED,30,1738178060,zebra_isotonic,2,770,0,0.0,0.0,0.0,0.004964141914221508,0.0,0.0
NONFIBROTIC ILD ADJUDICATED,30,1738178060,zebra_isotonic,3,769,0,0.0,0.0,0.0,0.004970565148712315,0.0,0.0
NONFIBROTIC ILD ADJUDICATED,30,1738178060,zebra_isotonic,4,770,0,0.00021156995634487896,0.0,0.0,0.004964141914221508,0.0,0.0010643959552953698
NONFIBROTIC ILD ADJUDICATED,30,1738178060,zebra_isotonic,5,769,2,0.0010643959552953698,0.002600780234070221,0.0007135177289523901,0.009432753192718508,0.0010643959552953698,0.0010643959552953698
NONFIBROTIC ILD ADJUDICATED,30,1738178060,zebra_isotonic,6,769,4,0.0010643959552953698,0.005201560468140442,0.0020245891497467933,0.013297387544882687,0.0010643959552953698,0.0010643959552953698
NONFIBROTIC ILD ADJUDICATED,30,1738178060,zebra_isotonic,7,770,4,0.0010643959552953698,0.005194805194805195,0.0020219574690050306,0.013280219334419372,0.0010643959552953698,0.0010643959552953698
NONFIBROTIC ILD ADJUDICATED,30,1738178060,zebra_isotonic,8,769,1,0.002080832331044968,0.0013003901170351106,0.0002295876800841234,0.007328830355107483,0.0010643959552953698,0.003787878787878788
NONFIBROTIC ILD ADJUDICATED,30,1738178060,zebra_isotonic,9,770,5,0.013971590014361586,0.006493506493506494,0.0027767335367897463,0.01510995198893538,0.003787878787878788,0.08064516129032258
NONFIBROTIC ILD ADJUDICATED,30,1738178060,genomic_raw,0,770,0,3.881776533210789e-06,0.0,0.0,0.004964141914221508,1.1930917930063466e-06,6.067358657155544e-06
NONFIBROTIC ILD ADJUDICATED,30,1738178060,genomic_raw,1,769,1,9.200902111183787e-06,0.0013003901170351106,0.0002295876800841234,0.007328830355107483,6.07029523488894e-06,1.3074689396684923e-05
NONFIBROTIC ILD ADJUDICATED,30,1738178060,genomic_raw,2,770,1,1.9735136972342082e-05,0.0012987012987012987,0.00022928946639889794,0.007319361170123334,1.3102708207503805e-05,2.7491717627762717e-05
NONFIBROTIC ILD ADJUDICATED,30,1738178060,genomic_raw,3,769,4,3.735198400027608e-05,0.005201560468140442,0.0020245891497467933,0.013297387544882687,2.7545868573240835e-05,4.8256396466079015e-05
NONFIBROTIC ILD ADJUDICATED,30,1738178060,genomic_raw,4,770,0,6.212279151030311e-05,0.0,0.0,0.004964141914221508,4.826317410265848e-05,7.941486422331228e-05
NONFIBROTIC ILD ADJUDICATED,30,1738178060,genomic_raw,5,769,2,0.00010413595986681581,0.002600780234070221,0.0007135177289523901,0.009432753192718508,7.948303633639454e-05,0.00013377262237262142
NONFIBROTIC ILD ADJUDICATED,30,1738178060,genomic_raw,6,769,3,0.0001826411391309101,0.0039011703511053317,0.001327618000260774,0.011406505807889416,0.00013405147625989222,0.0002512129510228982
NONFIBROTIC ILD ADJUDICATED,30,1738178060,genomic_raw,7,770,3,0.00039556982674022155,0.003896103896103896,0.0013258926936253902,0.011391775387498288,0.0002512186893621206,0.0006419653368509645
NONFIBROTIC ILD ADJUDICATED,30,1738178060,genomic_raw,8,769,1,0.005714331742975197,0.0013003901170351106,0.0002295876800841234,0.007328830355107483,0.0006424648264293824,0.016799771949787386
NONFIBROTIC ILD ADJUDICATED,30,1738178060,genomic_raw,9,770,1,0.0832439168013033,0.0012987012987012987,0.00022928946639889794,0.007319361170123334,0.01694242495004354,0.6571506275110929
NONFIBROTIC ILD ADJUDICATED,30,1738178060,genomic_isotonic,0,770,0,0.00016119711670062957,0.0,0.0,0.004964141914221508,0.0,0.00117096018735363
NONFIBROTIC ILD ADJUDICATED,30,1738178060,genomic_isotonic,1,769,1,0.001178648964490349,0.0013003901170351106,0.0002295876800841234,0.007328830355107483,0.00117096018735363,0.001289213579716373
NONFIBROTIC ILD ADJUDICATED,30,1738178060,genomic_isotonic,2,770,1,0.001289213579716373,0.0012987012987012987,0.00022928946639889794,0.007319361170123334,0.001289213579716373,0.001289213579716373
NONFIBROTIC ILD ADJUDICATED,30,1738178060,genomic_isotonic,3,769,2,0.001289213579716373,0.002600780234070221,0.0007135177289523901,0.009432753192718508,0.001289213579716373,0.001289213579716373
NONFIBROTIC ILD ADJUDICATED,30,1738178060,genomic_isotonic,4,770,2,0.001289213579716373,0.0025974025974025974,0.0007125907061236786,0.009420568652699277,0.001289213579716373,0.001289213579716373
NONFIBROTIC ILD ADJUDICATED,30,1738178060,genomic_isotonic,5,769,2,0.002140265449021324,0.002600780234070221,0.0007135177289523901,0.009432753192718508,0.001289213579716373,0.0025575447570332483
NONFIBROTIC ILD ADJUDICATED,30,1738178060,genomic_isotonic,6,769,4,0.002557544757033248,0.005201560468140442,0.0020245891497467933,0.013297387544882687,0.0025575447570332483,0.0025575447570332483
NONFIBROTIC ILD ADJUDICATED,30,1738178060,genomic_isotonic,7,770,3,0.002557544757033248,0.003896103896103896,0.0013258926936253902,0.011391775387498288,0.0025575447570332483,0.0025575447570332483
NONFIBROTIC ILD ADJUDICATED,30,1738178060,genomic_isotonic,8,769,0,0.003522219129500479,0.0,0.0,0.004970565148712315,0.0025575447570332483,0.004914004914004914
NONFIBROTIC ILD ADJUDICATED,30,1738178060,genomic_isotonic,9,770,1,0.007185245898800759,0.0012987012987012987,0.00022928946639889794,0.007319361170123334,0.004914004914004914,0.011904761904761904
NONFIBROTIC ILD ADJUDICATED,30,1738178060,combined_raw,0,770,4,2.0773352535899055e-12,0.005194805194805195,0.0020219574690050306,0.013280219334419372,2.6835375859133378e-14,5.753815226003605e-12
NONFIBROTIC ILD ADJUDICATED,30,1738178060,combined_raw,1,769,3,1.512404540798016e-10,0.0039011703511053317,0.001327618000260774,0.011406505807889416,5.77024241868108e-12,7.064055806450418e-10
NONFIBROTIC ILD ADJUDICATED,30,1738178060,combined_raw,2,770,5,2.3944414839791753e-09,0.006493506493506494,0.0027767335367897463,0.01510995198893538,7.069527379273051e-10,5.3726853058228165e-09
NONFIBROTIC ILD ADJUDICATED,30,1738178060,combined_raw,3,769,2,1.445740697260601e-07,0.002600780234070221,0.0007135177289523901,0.009432753192718508,5.4743058415392946e-09,6.759880472905856e-07
NONFIBROTIC ILD ADJUDICATED,30,1738178060,combined_raw,4,770,0,2.0079161968680353e-06,0.0,0.0,0.004964141914221508,6.783261156233256e-07,4.509246248459459e-06
NONFIBROTIC ILD ADJUDICATED,30,1738178060,combined_raw,5,769,0,6.0950322572331895e-06,0.0,0.0,0.004970565148712315,4.510523507757701e-06,7.479462459878477e-06
NONFIBROTIC ILD ADJUDICATED,30,1738178060,combined_raw,6,769,0,9.108771734157076e-06,0.0,0.0,0.004970565148712315,7.485204272140333e-06,1.103138790687857e-05
NONFIBROTIC ILD ADJUDICATED,30,1738178060,combined_raw,7,770,0,1.3878492488186849e-05,0.0,0.0,0.004964141914221508,1.1035028896353716e-05,1.812639078373699e-05
NONFIBROTIC ILD ADJUDICATED,30,1738178060,combined_raw,8,769,0,5.546443171576346e-05,0.0,0.0,0.004970565148712315,1.8137948652053202e-05,0.00022527454039581734
NONFIBROTIC ILD ADJUDICATED,30,1738178060,combined_raw,9,770,2,0.1011067172191178,0.0025974025974025974,0.0007125907061236786,0.009420568652699277,0.00022713408241857043,0.9999999980754362
NONFIBROTIC ILD ADJUDICATED,30,1738178060,combined_isotonic,0,770,4,0.0,0.005194805194805195,0.0020219574690050306,0.013280219334419372,0.0,0.0
NONFIBROTIC ILD ADJUDICATED,30,1738178060,combined_isotonic,1,769,2,0.0003336355772999088,0.002600780234070221,0.0007135177289523901,0.009432753192718508,0.0,0.0011999040076793857
NONFIBROTIC ILD ADJUDICATED,30,1738178060,combined_isotonic,2,770,0,0.0011999040076793859,0.0,0.0,0.004964141914221508,0.0011999040076793857,0.0011999040076793857
NONFIBROTIC ILD ADJUDICATED,30,1738178060,combined_isotonic,3,769,1,0.0011999040076793859,0.0013003901170351106,0.0002295876800841234,0.007328830355107483,0.0011999040076793857,0.0011999040076793857
NONFIBROTIC ILD ADJUDICATED,30,1738178060,combined_isotonic,4,770,2,0.0011999040076793859,0.0025974025974025974,0.0007125907061236786,0.009420568652699277,0.0011999040076793857,0.0011999040076793857
NONFIBROTIC ILD ADJUDICATED,30,1738178060,combined_isotonic,5,769,3,0.0011999040076793859,0.0039011703511053317,0.001327618000260774,0.011406505807889416,0.0011999040076793857,0.0011999040076793857
NONFIBROTIC ILD ADJUDICATED,30,1738178060,combined_isotonic,6,769,1,0.0011999040076793859,0.0013003901170351106,0.0002295876800841234,0.007328830355107483,0.0011999040076793857,0.0011999040076793857
NONFIBROTIC ILD ADJUDICATED,30,1738178060,combined_isotonic,7,770,1,0.0011999040076793859,0.0012987012987012987,0.00022928946639889794,0.007319361170123334,0.0011999040076793857,0.0011999040076793857
NONFIBROTIC ILD ADJUDICATED,30,1738178060,combined_isotonic,8,769,0,0.0011999040076793859,0.0,0.0,0.004970565148712315,0.0011999040076793857,0.0011999040076793857
NONFIBROTIC ILD ADJUDICATED,30,1738178060,combined_isotonic,9,770,2,0.009227173483788662,0.0025974025974025974,0.0007125907061236786,0.009420568652699277,0.0011999040076793857,0.14285714285714285
NON FIBROTIC ILA ADJUDICATED,1,2125423155,zebra_raw,0,770,0,0.23078323834013315,0.0,0.0,0.004964141914221508,0.11052533634471677,0.2597474148447815
NON FIBROTIC ILA ADJUDICATED,1,2125423155,zebra_raw,1,769,1,0.28406091451674575,0.0013003901170351106,0.0002295876800841234,0.007328830355107483,0.25975319901855765,0.3090344580953339
NON FIBROTIC ILA ADJUDICATED,1,2125423155,zebra_raw,2,770,0,0.3387280099839564,0.0,0.0,0.004964141914221508,0.3090578786791906,0.37187791878885
NON FIBROTIC ILA ADJUDICATED,1,2125423155,zebra_raw,3,769,0,0.405159970158097,0.0,0.0,0.004970565148712315,0.37205216498212695,0.44081039400701916
NON FIBROTIC ILA ADJUDICATED,1,2125423155,zebra_raw,4,770,3,0.483803611772548,0.003896103896103896,0.0013258926936253902,0.011391775387498288,0.4408555123844684,0.5320441491727121
NON FIBROTIC ILA ADJUDICATED,1,2125423155,zebra_raw,5,769,2,0.5939144213278943,0.002600780234070221,0.0007135177289523901,0.009432753192718508,0.5322065820274733,0.6575523505543373
NON FIBROTIC ILA ADJUDICATED,1,2125423155,zebra_raw,6,769,6,0.7243800363834283,0.007802340702210663,0.003580646807040671,0.016917035660547395,0.657731294681242,0.7857278165369505
NON FIBROTIC ILA ADJUDICATED,1,2125423155,zebra_raw,7,770,3,0.8398332505394107,0.003896103896103896,0.0013258926936253902,0.011391775387498288,0.7859571216592668,0.8939501214589818
NON FIBROTIC ILA ADJUDICATED,1,2125423155,zebra_raw,8,769,5,0.9463532685549058,0.006501950585175552,0.002780348414515579,0.015129481166593194,0.8942984628337286,0.9843899686874735
NON FIBROTIC ILA ADJUDICATED,1,2125423155,zebra_raw,9,770,24,0.9962296925381107,0.03116883116883117,0.021033415527337528,0.04595893572210135,0.9846138163906324,1.0
NON FIBROTIC ILA ADJUDICATED,1,2125423155,zebra_isotonic,0,770,1,0.0,0.0012987012987012987,0.00022928946639889794,0.007319361170123334,0.0,0.0
NON FIBROTIC ILA ADJUDICATED,1,2125423155,zebra_isotonic,1,769,0,0.0,0.0,0.0,0.004970565148712315,0.0,0.0
NON FIBROTIC ILA ADJUDICATED,1,2125423155,zebra_isotonic,2,770,0,0.0,0.0,0.0,0.004964141914221508,0.0,0.0
NON FIBROTIC ILA ADJUDICATED,1,2125423155,zebra_isotonic,3,769,0,0.0,0.0,0.0,0.004970565148712315,0.0,0.0
NON FIBROTIC ILA ADJUDICATED,1,2125423155,zebra_isotonic,4,770,3,0.002345480606350172,0.003896103896103896,0.0013258926936253902,0.011391775387498288,0.0,0.0033444816053511705
NON FIBROTIC ILA ADJUDICATED,1,2125423155,zebra_isotonic,5,769,2,0.0033704002229837915,0.002600780234070221,0.0007135177289523901,0.009432753192718508,0.0033444816053511705,0.0037974683544303796
NON FIBROTIC ILA ADJUDICATED,1,2125423155,zebra_isotonic,6,769,7,0.0037974683544303796,0.009102730819245773,0.004416223152723785,0.01866931220134357,0.0037974683544303796,0.0037974683544303796
NON FIBROTIC ILA ADJUDICATED,1,2125423155,zebra_isotonic,7,770,2,0.00455965941093794,0.0025974025974025974,0.0007125907061236786,0.009420568652699277,0.0037974683544303796,0.011494252873563218
NON FIBROTIC ILA ADJUDICATED,1,2125423155,zebra_isotonic,8,769,6,0.014283404177925889,0.007802340702210663,0.003580646807040671,0.016917035660547395,0.011494252873563218,0.018072289156626505
NON FIBROTIC ILA ADJUDICATED,1,2125423155,zebra_isotonic,9,770,23,0.028049499160432468,0.02987012987012987,0.01998520545069876,0.044422637076439384,0.018072289156626505,0.05555555555555555
NON FIBROTIC ILA ADJUDICATED,1,2125423155,genomic_raw,0,770,4,0.00033908276483592375,0.005194805194805195,0.0020219574690050306,0.013280219334419372,0.00019166015254632536,0.00042490965785066544
NON FIBROTIC ILA ADJUDICATED,1,2125423155,genomic_raw,1,769,3,0.0005065845863672106,0.0039011703511053317,0.001327618000260774,0.011406505807889416,0.00042503796343037337,0.0005993501218152319
NON FIBROTIC ILA ADJUDICATED,1,2125423155,genomic_raw,2,770,3,0.0007192555171341469,0.003896103896103896,0.0013258926936253902,0.011391775387498288,0.0005999037623812481,0.0008652575963575841
NON FIBROTIC ILA ADJUDICATED,1,2125423155,genomic_raw,3,769,3,0.0012150208363014754,0.0039011703511053317,0.001327618000260774,0.011406505807889416,0.0008655666192713919,0.0019447254648102701
NON FIBROTIC ILA ADJUDICATED,1,2125423155,genomic_raw,4,770,3,0.019019479686021166,0.003896103896103896,0.0013258926936253902,0.011391775387498288,0.00195498007330181,0.03409332389996783
NON FIBROTIC ILA ADJUDICATED,1,2125423155,genomic_raw,5,769,5,0.0531713583666143,0.006501950585175552,0.002780348414515579,0.015129481166593194,0.03409766781747476,0.06896030471497515
NON FIBROTIC ILA ADJUDICATED,1,2125423155,genomic_raw,6,769,8,0.08101156499762772,0.010403120936280884,0.005280654829476248,0.0203927334110704,0.06897376445332334,0.09328290422839787
NON FIBROTIC ILA ADJUDICATED,1,2125423155,genomic_raw,7,770,6,0.10659014986511164,0.007792207792207792,0.0035759904186376326,0.016895203829388215,0.09343471802619607,0.12139468882567049
NON FIBROTIC ILA ADJUDICATED,1,2125423155,genomic_raw,8,769,6,0.1420060900560775,0.007802340702210663,0.003580646807040671,0.016917035660547395,0.12146314884037561,0.16680685888522503
NON FIBROTIC ILA ADJUDICATED,1,2125423155,genomic_raw,9,770,3,0.23280795830220075,0.003896103896103896,0.0013258926936253902,0.011391775387498288,0.16681753015535417,0.6113435954002355
NON FIBROTIC ILA ADJUDICATED,1,2125423155,genomic_isotonic,1,769,6,0.003563791874554525,0.007802340702210663,0.003580646807040671,0.016917035660547395,0.003563791874554526,0.003563791874554526
NON FIBROTIC ILA ADJUDICATED,1,2125423155,genomic_isotonic,0,770,3,0.0035637918745545253,0.003896103896103896,0.0013258926936253902,0.011391775387498288,0.003563791874554526,0.003563791874554526
NON FIBROTIC ILA ADJUDICATED,1,2125423155,genomic_isotonic,2,770,2,0.003624498291276975,0.0025974025974025974,0.0007125907061236786,0.009420568652699277,0.003563791874554526,0.0038022813688212928
NON FIBROTIC ILA ADJUDICATED,1,2125423155,genomic_isotonic,3,769,6,0.00600997170029785,0.007802340702210663,0.003580646807040671,0.016917035660547395,0.0038022813688212928,0.0068634179821551134
NON FIBROTIC ILA ADJUDICATED,1,2125423155,genomic_isotonic,5,769,5,0.006863417982155113,0.006501950585175552,0.002780348414515579,0.015129481166593194,0.0068634179821551134,0.0068634179821551134
NON FIBROTIC ILA ADJUDICATED,1,2125423155,genomic_isotonic,6,769,4,0.006863417982155113,0.005201560468140442,0.0020245891497467933,0.013297387544882687,0.0068634179821551134,0.0068634179821551134
NON FIBROTIC ILA ADJUDICATED,1,2125423155,genomic_isotonic,8,769,6,0.006863417982155113,0.007802340702210663,0.003580646807040671,0.016917035660547395,0.0068634179821551134,0.0068634179821551134
NON FIBROTIC ILA ADJUDICATED,1,2125423155,genomic_isotonic,4,770,3,0.0068634179821551134,0.003896103896103896,0.0013258926936253902,0.011391775387498288,0.0068634179821551134,0.0068634179821551134
NON FIBROTIC ILA ADJUDICATED,1,2125423155,genomic_isotonic,7,770,5,0.0068634179821551134,0.006493506493506494,0.0027767335367897463,0.01510995198893538,0.0068634179821551134,0.0068634179821551134
NON FIBROTIC ILA ADJUDICATED,1,2125423155,genomic_isotonic,9,770,4,0.00770244046938137,0.005194805194805195,0.0020219574690050306,0.013280219334419372,0.0068634179821551134,0.008064516129032258
NON FIBROTIC ILA ADJUDICATED,1,2125423155,combined_raw,0,770,0,0.0013032888415560738,0.0,0.0,0.004964141914221508,0.000970680357796399,0.0015955066564072103
NON FIBROTIC ILA ADJUDICATED,1,2125423155,combined_raw,1,769,0,0.0019350180962792243,0.0,0.0,0.004970565148712315,0.0015966750236061495,0.00223365472790975
NON FIBROTIC ILA ADJUDICATED,1,2125423155,combined_raw,2,770,2,0.0025726102004183654,0.0025974025974025974,0.0007125907061236786,0.009420568652699277,0.0022341773647710688,0.0029973224625582814
NON FIBROTIC ILA ADJUDICATED,1,2125423155,combined_raw,3,769,2,0.003867931919944504,0.002600780234070221,0.0007135177289523901,0.009432753192718508,0.00299793604862272,0.0053456421383253966
NON FIBROTIC ILA ADJUDICATED,1,2125423155,combined_raw,4,770,3,0.007093429771669328,0.003896103896103896,0.0013258926936253902,0.011391775387498288,0.005360373076076958,0.008929819849591137
NON FIBROTIC ILA ADJUDICATED,1,2125423155,combined_raw,5,769,3,0.011031287152101098,0.0039011703511053317,0.001327618000260774,0.011406505807889416,0.008930482296633615,0.013506940543153573
NON FIBROTIC ILA ADJUDICATED,1,2125423155,combined_raw,6,769,2,0.017262137391878003,0.002600780234070221,0.0007135177289523901,0.009432753192718508,0.013519950460083165,0.02220672541284564
NON FIBROTIC ILA ADJUDICATED,1,2125423155,combined_raw,7,770,8,0.030374158162437864,0.01038961038961039,0.005273784940225151,0.020366426752402144,0.0222071191503794,0.04038581190506223
NON FIBROTIC ILA ADJUDICATED,1,2125423155,combined_raw,8,769,11,0.059293176300545716,0.014304291287386216,0.008005744470847457,0.025431202429137063,0.040461029523077924,0.08625958636638258
NON FIBROTIC ILA ADJUDICATED,1,2125423155,combined_raw,9,770,13,0.1940124048833244,0.016883116883116882,0.009892721428977881,0.028670033875153024,0.08641734389138131,0.8037846630604296
NON FIBROTIC ILA ADJUDICATED,1,2125423155,combined_isotonic,0,770,0,0.0,0.0,0.0,0.004964141914221508,0.0,0.0
NON FIBROTIC ILA ADJUDICATED,1,2125423155,combined_isotonic,1,769,2,0.0,0.002600780234070221,0.0007135177289523901,0.009432753192718508,0.0,0.0
NON FIBROTIC ILA ADJUDICATED,1,2125423155,combined_isotonic,2,770,0,0.0003545695834503265,0.0,0.0,0.004964141914221508,0.0,0.0014245014245014246
NON FIBROTIC ILA ADJUDICATED,1,2125423155,combined_isotonic,3,769,3,0.001847146736613577,0.0039011703511053317,0.001327618000260774,0.011406505807889416,0.0014245014245014246,0.006666666666666667
NON FIBROTIC ILA ADJUDICATED,1,2125423155,combined_isotonic,4,770,3,0.007648402579086421,0.003896103896103896,0.0013258926936253902,0.011391775387498288,0.006666666666666667,0.008027522935779817
NON FIBROTIC ILA ADJUDICATED,1,2125423155,combined_isotonic,5,769,2,0.00802752293577982,0.002600780234070221,0.0007135177289523901,0.009432753192718508,0.008027522935779817,0.008027522935779817
NON FIBROTIC ILA ADJUDICATED,1,2125423155,combined_isotonic,6,769,4,0.008838275999214048,0.005201560468140442,0.0020245891497467933,0.013297387544882687,0.008027522935779817,0.00963855421686747
NON FIBROTIC ILA ADJUDICATED,1,2125423155,combined_isotonic,7,770,7,0.009638554216867472,0.00909090909090909,0.004410478976495486,0.01864522399383109,0.00963855421686747,0.00963855421686747
NON FIBROTIC ILA ADJUDICATED,1,2125423155,combined_isotonic,8,769,10,0.012678121545401272,0.013003901170351105,0.007078545900378475,0.023770548113126753,0.00963855421686747,0.013307984790874524
NON FIBROTIC ILA ADJUDICATED,1,2125423155,combined_isotonic,9,770,13,0.016261980475104708,0.016883116883116882,0.009892721428977881,0.028670033875153024,0.013307984790874524,0.01744186046511628
NON FIBROTIC ILA ADJUDICATED,2,213895244,zebra_raw,0,770,0,0.2318624709709732,0.0,0.0,0.004964141914221508,0.11052533634471677,0.26099906075218154
NON FIBROTIC ILA ADJUDICATED,2,213895244,zebra_raw,1,769,0,0.28484177928624316,0.0,0.0,0.004970565148712315,0.2611260600445289,0.310911634115635
NON FIBROTIC ILA ADJUDICATED,2,213895244,zebra_raw,2,770,0,0.3411287172932884,0.0,0.0,0.004964141914221508,0.3109339695896071,0.3746139423417925
NON FIBROTIC ILA ADJUDICATED,2,213895244,zebra_raw,3,769,0,0.4084671678994142,0.0,0.0,0.004970565148712315,0.37474196822514005,0.4452217382542253
NON FIBROTIC ILA ADJUDICATED,2,213895244,zebra_raw,4,770,3,0.4911744755030644,0.003896103896103896,0.0013258926936253902,0.011391775387498288,0.4452869043223011,0.5431945930178149
NON FIBROTIC ILA ADJUDICATED,2,213895244,zebra_raw,5,769,3,0.6032057908139339,0.0039011703511053317,0.001327618000260774,0.011406505807889416,0.5433213455863211,0.6660719586266501
NON FIBROTIC ILA ADJUDICATED,2,213895244,zebra_raw,6,769,5,0.7324160399246596,0.006501950585175552,0.002780348414515579,0.015129481166593194,0.6665171378685978,0.7922355857256254
NON FIBROTIC ILA ADJUDICATED,2,213895244,zebra_raw,7,770,3,0.8481001079569072,0.003896103896103896,0.0013258926936253902,0.011391775387498288,0.792265339786157,0.9005151325308381
NON FIBROTIC ILA ADJUDICATED,2,213895244,zebra_raw,8,769,8,0.9504386157533076,0.010403120936280884,0.005280654829476248,0.0203927334110704,0.900531782719916,0.9846863701708237
NON FIBROTIC ILA ADJUDICATED,2,213895244,zebra_raw,9,770,22,0.9963474177080609,0.02857142857142857,0.018942666074440347,0.04288066773039707,0.984722294496873,1.0
NON FIBROTIC ILA ADJUDICATED,2,213895244,zebra_isotonic,0,770,0,0.0,0.0,0.0,0.004964141914221508,0.0,0.0
NON FIBROTIC ILA ADJUDICATED,2,213895244,zebra_isotonic,1,769,0,0.00016871677756098355,0.0,0.0,0.004970565148712315,0.0,0.0007698229407236335
NON FIBROTIC ILA ADJUDICATED,2,213895244,zebra_isotonic,2,770,0,0.0007698229407236336,0.0,0.0,0.004964141914221508,0.0007698229407236335,0.0007698229407236335
NON FIBROTIC ILA ADJUDICATED,2,213895244,zebra_isotonic,3,769,1,0.0007698229407236336,0.0013003901170351106,0.0002295876800841234,0.007328830355107483,0.0007698229407236335,0.0007698229407236335
NON FIBROTIC ILA ADJUDICATED,2,213895244,zebra_isotonic,4,770,2,0.0024300400978035457,0.0025974025974025974,0.0007125907061236786,0.009420568652699277,0.0007698229407236335,0.0030211480362537764
NON FIBROTIC ILA ADJUDICATED,2,213895244,zebra_isotonic,5,769,3,0.0030211480362537756,0.0039011703511053317,0.001327618000260774,0.011406505807889416,0.0030211480362537764,0.0030211480362537764
NON FIBROTIC ILA ADJUDICATED,2,213895244,zebra_isotonic,6,769,5,0.004534342417990267,0.006501950585175552,0.002780348414515579,0.015129481166593194,0.0030211480362537764,0.004770992366412214
NON FIBROTIC ILA ADJUDICATED,2,213895244,zebra_isotonic,7,770,4,0.004770992366412214,0.005194805194805195,0.0020219574690050306,0.013280219334419372,0.004770992366412214,0.004770992366412214
NON FIBROTIC ILA ADJUDICATED,2,213895244,zebra_isotonic,8,769,8,0.010970918123548152,0.010403120936280884,0.005280654829476248,0.0203927334110704,0.004770992366412214,0.012797074954296161
NON FIBROTIC ILA ADJUDICATED,2,213895244,zebra_isotonic,9,770,21,0.030729866266189867,0.02727272727272727,0.017906160074157684,0.04133266500837901,0.012797074954296161,0.11320754716981132
NON FIBROTIC ILA ADJUDICATED,2,213895244,genomic_raw,0,770,5,0.004270026152012179,0.006493506493506494,0.0027767335367897463,0.01510995198893538,0.001953909967037986,0.00603147332751763
NON FIBROTIC ILA ADJUDICATED,2,213895244,genomic_raw,1,769,4,0.008831256614552904,0.005201560468140442,0.0020245891497467933,0.013297387544882687,0.006038165441070138,0.012097007163146338
NON FIBROTIC ILA ADJUDICATED,2,213895244,genomic_raw,2,770,8,0.016117134726872682,0.01038961038961039,0.005273784940225151,0.020366426752402144,0.0120982690823989,0.020671233388865555
NON FIBROTIC ILA ADJUDICATED,2,213895244,genomic_raw,3,769,0,0.027655683132793086,0.0,0.0,0.004970565148712315,0.02070050235716805,0.038065966525920245
NON FIBROTIC ILA ADJUDICATED,2,213895244,genomic_raw,4,770,4,0.06461922162450176,0.005194805194805195,0.0020219574690050306,0.013280219334419372,0.03814598684465519,0.09121709079833454
NON FIBROTIC ILA ADJUDICATED,2,213895244,genomic_raw,5,769,8,0.12102385186169104,0.010403120936280884,0.005280654829476248,0.0203927334110704,0.09122447691568193,0.15569999132402443
NON FIBROTIC ILA ADJUDICATED,2,213895244,genomic_raw,6,769,6,0.19630689789041797,0.007802340702210663,0.003580646807040671,0.016917035660547395,0.1557111075214296,0.2341068310822655
NON FIBROTIC ILA ADJUDICATED,2,213895244,genomic_raw,7,770,3,0.2723892326171283,0.003896103896103896,0.0013258926936253902,0.011391775387498288,0.23420748151060863,0.31196781329671847
NON FIBROTIC ILA ADJUDICATED,2,213895244,genomic_raw,8,769,3,0.3609345849523283,0.0039011703511053317,0.001327618000260774,0.011406505807889416,0.31199473628749197,0.415780828892755
NON FIBROTIC ILA ADJUDICATED,2,213895244,genomic_raw,9,770,3,0.526806968732392,0.003896103896103896,0.0013258926936253902,0.011391775387498288,0.41593559479696907,0.8520127459553744
NON FIBROTIC ILA ADJUDICATED,2,213895244,genomic_isotonic,0,770,5,0.0017230656667276388,0.006493506493506494,0.0027767335367897463,0.01510995198893538,0.0,0.0028169014084507044
NON FIBROTIC ILA ADJUDICATED,2,213895244,genomic_isotonic,1,769,4,0.003060712805331627,0.005201560468140442,0.0020245891497467933,0.013297387544882687,0.0028169014084507044,0.0030959752321981426
NON FIBROTIC ILA ADJUDICATED,2,213895244,genomic_isotonic,2,770,4,0.0030959752321981426,0.005194805194805195,0.0020219574690050306,0.013280219334419372,0.0030959752321981426,0.0030959752321981426
NON FIBROTIC ILA ADJUDICATED,2,213895244,genomic_isotonic,3,769,4,0.005130959819428544,0.005201560468140442,0.0020245891497467933,0.013297387544882687,0.0030959752321981426,0.00777363184079602
NON FIBROTIC ILA ADJUDICATED,2,213895244,genomic_isotonic,5,769,8,0.00777363184079602,0.010403120936280884,0.005280654829476248,0.0203927334110704,0.00777363184079602,0.00777363184079602
NON FIBROTIC ILA ADJUDICATED,2,213895244,genomic_isotonic,6,769,6,0.00777363184079602,0.007802340702210663,0.003580646807040671,0.016917035660547395,0.00777363184079602,0.00777363184079602
NON FIBROTIC ILA ADJUDICATED,2,213895244,genomic_isotonic,8,769,2,0.00777363184079602,0.002600780234070221,0.0007135177289523901,0.009432753192718508,0.00777363184079602,0.00777363184079602
NON FIBROTIC ILA ADJUDICATED,2,213895244,genomic_isotonic,4,770,2,0.007773631840796021,0.0025974025974025974,0.0007125907061236786,0.009420568652699277,0.00777363184079602,0.00777363184079602
NON FIBROTIC ILA ADJUDICATED,2,213895244,genomic_isotonic,7,770,6,0.007773631840796021,0.007792207792207792,0.0035759904186376326,0.016895203829388215,0.00777363184079602,0.00777363184079602
NON FIBROTIC ILA ADJUDICATED,2,213895244,genomic_isotonic,9,770,3,0.007773631840796021,0.003896103896103896,0.0013258926936253902,0.011391775387498288,0.00777363184079602,0.00777363184079602
NON FIBROTIC ILA ADJUDICATED,2,213895244,combined_raw,0,770,0,0.006348912171465442,0.0,0.0,0.004964141914221508,0.003983635215443304,0.0073895192677151484
NON FIBROTIC ILA ADJUDICATED,2,213895244,combined_raw,1,769,1,0.008219677343404458,0.0013003901170351106,0.0002295876800841234,0.007328830355107483,0.007389576618758739,0.009093360188169917
NON FIBROTIC ILA ADJUDICATED,2,213895244,combined_raw,2,770,1,0.010109309689551843,0.0012987012987012987,0.00022928946639889794,0.007319361170123334,0.009093711456903755,0.011183848722894851
NON FIBROTIC ILA ADJUDICATED,2,213895244,combined_raw,3,769,2,0.012415880304903955,0.002600780234070221,0.0007135177289523901,0.009432753192718508,0.011187648712238346,0.013772521516427794
NON FIBROTIC ILA ADJUDICATED,2,213895244,combined_raw,4,770,1,0.015601780637642977,0.0012987012987012987,0.00022928946639889794,0.007319361170123334,0.013782921444445215,0.01759050242421818
NON FIBROTIC ILA ADJUDICATED,2,213895244,combined_raw,5,769,1,0.020101029146687842,0.0013003901170351106,0.0002295876800841234,0.007328830355107483,0.017597691465973536,0.022832377816074476
NON FIBROTIC ILA ADJUDICATED,2,213895244,combined_raw,6,769,5,0.026880058787941905,0.006501950585175552,0.002780348414515579,0.015129481166593194,0.022832965816812142,0.031632508510916854
NON FIBROTIC ILA ADJUDICATED,2,213895244,combined_raw,7,770,8,0.039726898183812,0.01038961038961039,0.005273784940225151,0.020366426752402144,0.031639110445815695,0.05028283205873022
NON FIBROTIC ILA ADJUDICATED,2,213895244,combined_raw,8,769,9,0.06917944322863259,0.011703511053315995,0.006169270449727107,0.022091970677298834,0.05041348437342907,0.09365161186357902
NON FIBROTIC ILA ADJUDICATED,2,213895244,combined_raw,9,770,16,0.1580141989419464,0.02077922077922078,0.012830175613871217,0.033486105857161864,0.09374184170482308,0.44227749856988274
NON FIBROTIC ILA ADJUDICATED,2,213895244,combined_isotonic,0,770,0,0.0,0.0,0.0,0.004964141914221508,0.0,0.0
NON FIBROTIC ILA ADJUDICATED,2,213895244,combined_isotonic,1,769,1,0.0006769169358200535,0.0013003901170351106,0.0002295876800841234,0.007328830355107483,0.0,0.002059025394646534
NON FIBROTIC ILA ADJUDICATED,2,213895244,combined_isotonic,2,770,2,0.0020590253946465337,0.0025974025974025974,0.0007125907061236786,0.009420568652699277,0.002059025394646534,0.002059025394646534
NON FIBROTIC ILA ADJUDICATED,2,213895244,combined_isotonic,3,769,0,0.0020590253946465337,0.0,0.0,0.004970565148712315,0.002059025394646534,0.002059025394646534
NON FIBROTIC ILA ADJUDICATED,2,213895244,combined_isotonic,4,770,2,0.003178918325738394,0.0025974025974025974,0.0007125907061236786,0.009420568652699277,0.002059025394646534,0.005445881552076242
NON FIBROTIC ILA ADJUDICATED,2,213895244,combined_isotonic,5,769,5,0.005445881552076243,0.006501950585175552,0.002780348414515579,0.015129481166593194,0.005445881552076242,0.005445881552076242
NON FIBROTIC ILA ADJUDICATED,2,213895244,combined_isotonic,6,769,4,0.005445881552076243,0.005201560468140442,0.0020245891497467933,0.013297387544882687,0.005445881552076242,0.005445881552076242
NON FIBROTIC ILA ADJUDICATED,2,213895244,combined_isotonic,7,770,6,0.005445881552076243,0.007792207792207792,0.0035759904186376326,0.016895203829388215,0.005445881552076242,0.005445881552076242
NON FIBROTIC ILA ADJUDICATED,2,213895244,combined_isotonic,8,769,10,0.010327988952744798,0.013003901170351105,0.007078545900378475,0.023770548113126753,0.005445881552076242,0.010428736964078795
NON FIBROTIC ILA ADJUDICATED,2,213895244,combined_isotonic,9,770,14,0.02719114621172821,0.01818181818181818,0.010860915582275707,0.030286348444155925,0.010428736964078795,0.08108108108108109
NON FIBROTIC ILA ADJUDICATED,3,943342257,zebra_raw,0,770,0,0.2316834062807598,0.0,0.0,0.004964141914221508,0.11893743948205666,0.26061351545512534
NON FIBROTIC ILA ADJUDICATED,3,943342257,zebra_raw,1,769,0,0.2855687006425866,0.0,0.0,0.004970565148712315,0.2606166535515202,0.3105256754942942
NON FIBROTIC ILA ADJUDICATED,3,943342257,zebra_raw,2,770,0,0.34250458215049656,0.0,0.0,0.004964141914221508,0.31064370536082625,0.3761425573344246
NON FIBROTIC ILA ADJUDICATED,3,943342257,zebra_raw,3,769,0,0.4115713393089404,0.0,0.0,0.004970565148712315,0.37623856999212185,0.44919589166398927
NON FIBROTIC ILA ADJUDICATED,3,943342257,zebra_raw,4,770,4,0.49482735667316285,0.005194805194805195,0.0020219574690050306,0.013280219334419372,0.4493382830520594,0.5443461105674552
NON FIBROTIC ILA ADJUDICATED,3,943342257,zebra_raw,5,769,3,0.6050545448636244,0.0039011703511053317,0.001327618000260774,0.011406505807889416,0.544643072869618,0.667472323407029
NON FIBROTIC ILA ADJUDICATED,3,943342257,zebra_raw,6,769,4,0.7336418085639262,0.005201560468140442,0.0020245891497467933,0.013297387544882687,0.667577779757655,0.7921354450694238
NON FIBROTIC ILA ADJUDICATED,3,943342257,zebra_raw,7,770,2,0.8477506373415353,0.0025974025974025974,0.0007125907061236786,0.009420568652699277,0.7921631693005852,0.9015635813244769
NON FIBROTIC ILA ADJUDICATED,3,943342257,zebra_raw,8,769,11,0.9520055779838574,0.014304291287386216,0.008005744470847457,0.025431202429137063,0.9015884236259762,0.9860122135494251
NON FIBROTIC ILA ADJUDICATED,3,943342257,zebra_raw,9,770,20,0.9966714772430795,0.025974025974025976,0.016876091691355087,0.03977822466888089,0.9860131772949529,1.0
NON FIBROTIC ILA ADJUDICATED,3,943342257,zebra_isotonic,0,770,0,0.0,0.0,0.0,0.004964141914221508,0.0,0.0
NON FIBROTIC ILA ADJUDICATED,3,943342257,zebra_isotonic,1,769,0,0.00016693163969381234,0.0,0.0,0.004970565148712315,0.0,0.00076103500761035
NON FIBROTIC ILA ADJUDICATED,3,943342257,zebra_isotonic,3,769,0,0.00076103500761035,0.0,0.0,0.004970565148712315,0.00076103500761035,0.00076103500761035
NON FIBROTIC ILA ADJUDICATED,3,943342257,zebra_isotonic,2,770,0,0.0007610350076103501,0.0,0.0,0.004964141914221508,0.00076103500761035,0.00076103500761035
NON FIBROTIC ILA ADJUDICATED,3,943342257,zebra_isotonic,4,770,5,0.0018111930795332506,0.006493506493506494,0.0027767335367897463,0.01510995198893538,0.00076103500761035,0.0020304568527918783
NON FIBROTIC ILA ADJUDICATED,3,943342257,zebra_isotonic,5,769,3,0.0020304568527918783,0.0039011703511053317,0.001327618000260774,0.011406505807889416,0.0020304568527918783,0.0020304568527918783
NON FIBROTIC ILA ADJUDICATED,3,943342257,zebra_isotonic,6,769,1,0.005703165628282353,0.0013003901170351106,0.0002295876800841234,0.007328830355107483,0.0020304568527918783,0.006233303650934996
NON FIBROTIC ILA ADJUDICATED,3,943342257,zebra_isotonic,7,770,7,0.006233303650934996,0.00909090909090909,0.004410478976495486,0.01864522399383109,0.006233303650934996,0.006233303650934996
NON FIBROTIC ILA ADJUDICATED,3,943342257,zebra_isotonic,8,769,7,0.00849530470598069,0.009102730819245773,0.004416223152723785,0.01866931220134357,0.006233303650934996,0.01935483870967742
NON FIBROTIC ILA ADJUDICATED,3,943342257,zebra_isotonic,9,770,21,0.03264200323359063,0.02727272727272727,0.017906160074157684,0.04133266500837901,0.01935483870967742,0.08928571428571429
NON FIBROTIC ILA ADJUDICATED,3,943342257,genomic_raw,0,770,4,0.00017739235283483908,0.005194805194805195,0.0020219574690050306,0.013280219334419372,3.922646844760718e-05,0.0002666831228529209
NON FIBROTIC ILA ADJUDICATED,3,943342257,genomic_raw,1,769,5,0.00035674503464924853,0.006501950585175552,0.002780348414515579,0.015129481166593194,0.00026668679862564346,0.0004468294299286549
NON FIBROTIC ILA ADJUDICATED,3,943342257,genomic_raw,2,770,4,0.0005698978060728839,0.005194805194805195,0.0020219574690050306,0.013280219334419372,0.00044732372897715345,0.0007143260622357998
NON FIBROTIC ILA ADJUDICATED,3,943342257,genomic_raw,3,769,4,0.000898742433603075,0.005201560468140442,0.0020245891497467933,0.013297387544882687,0.0007145657948739375,0.0011217879273604005
NON FIBROTIC ILA ADJUDICATED,3,943342257,genomic_raw,4,770,3,0.0014577209377531733,0.003896103896103896,0.0013258926936253902,0.011391775387498288,0.0011218990650443466,0.0018608729817186861
NON FIBROTIC ILA ADJUDICATED,3,943342257,genomic_raw,5,769,5,0.002598968187305086,0.006501950585175552,0.002780348414515579,0.015129481166593194,0.0018640049793191237,0.0035279125006491352
NON FIBROTIC ILA ADJUDICATED,3,943342257,genomic_raw,6,769,6,0.005418172125291511,0.007802340702210663,0.003580646807040671,0.016917035660547395,0.0035318718674775366,0.008201922081515989
NON FIBROTIC ILA ADJUDICATED,3,943342257,genomic_raw,7,770,5,0.013412781067616236,0.006493506493506494,0.0027767335367897463,0.01510995198893538,0.008208939258108464,0.020481828589821095
NON FIBROTIC ILA ADJUDICATED,3,943342257,genomic_raw,8,769,4,0.03335612108672186,0.005201560468140442,0.0020245891497467933,0.013297387544882687,0.020483784332906773,0.05170758809449347
NON FIBROTIC ILA ADJUDICATED,3,943342257,genomic_raw,9,770,4,0.13972356653494422,0.005194805194805195,0.0020219574690050306,0.013280219334419372,0.05192811586924987,0.9271529270746285
NON FIBROTIC ILA ADJUDICATED,3,943342257,genomic_isotonic,0,770,4,0.004483377017519658,0.005194805194805195,0.0020219574690050306,0.013280219334419372,0.0,0.005311077389984826
NON FIBROTIC ILA ADJUDICATED,3,943342257,genomic_isotonic,1,769,4,0.005311077389984824,0.005201560468140442,0.0020245891497467933,0.013297387544882687,0.005311077389984826,0.005311077389984826
NON FIBROTIC ILA ADJUDICATED,3,943342257,genomic_isotonic,3,769,5,0.005311077389984824,0.006501950585175552,0.002780348414515579,0.015129481166593194,0.005311077389984826,0.005311077389984826
NON FIBROTIC ILA ADJUDICATED,3,943342257,genomic_isotonic,5,769,2,0.005311077389984824,0.002600780234070221,0.0007135177289523901,0.009432753192718508,0.005311077389984826,0.005311077389984826
NON FIBROTIC ILA ADJUDICATED,3,943342257,genomic_isotonic,6,769,7,0.005311077389984824,0.009102730819245773,0.004416223152723785,0.01866931220134357,0.005311077389984826,0.005311077389984826
NON FIBROTIC ILA ADJUDICATED,3,943342257,genomic_isotonic,2,770,5,0.005311077389984825,0.006493506493506494,0.0027767335367897463,0.01510995198893538,0.005311077389984826,0.005311077389984826
NON FIBROTIC ILA ADJUDICATED,3,943342257,genomic_isotonic,4,770,5,0.005311077389984825,0.006493506493506494,0.0027767335367897463,0.01510995198893538,0.005311077389984826,0.005311077389984826
NON FIBROTIC ILA ADJUDICATED,3,943342257,genomic_isotonic,7,770,5,0.00630543448069752,0.006493506493506494,0.0027767335367897463,0.01510995198893538,0.005311077389984826,0.007075471698113208
NON FIBROTIC ILA ADJUDICATED,3,943342257,genomic_isotonic,8,769,3,0.00815740476915716,0.0039011703511053317,0.001327618000260774,0.011406505807889416,0.007075471698113208,0.010752688172043012
NON FIBROTIC ILA ADJUDICATED,3,943342257,genomic_isotonic,9,770,4,0.010752688172043013,0.005194805194805195,0.0020219574690050306,0.013280219334419372,0.010752688172043012,0.010752688172043012
NON FIBROTIC ILA ADJUDICATED,3,943342257,combined_raw,0,770,3,0.00021004326110927757,0.003896103896103896,0.0013258926936253902,0.011391775387498288,2.9263231508314286e-05,0.0003236793068486943
NON FIBROTIC ILA ADJUDICATED,3,943342257,combined_raw,1,769,1,0.00044845560280987797,0.0013003901170351106,0.0002295876800841234,0.007328830355107483,0.0003237745136628647,0.000585334636847163
NON FIBROTIC ILA ADJUDICATED,3,943342257,combined_raw,2,770,1,0.0007345953644261302,0.0012987012987012987,0.00022928946639889794,0.007319361170123334,0.0005854218065270315,0.0009014236872588139
NON FIBROTIC ILA ADJUDICATED,3,943342257,combined_raw,3,769,3,0.0011156928749650223,0.0039011703511053317,0.001327618000260774,0.011406505807889416,0.0009019741940398397,0.0013607236317227825
NON FIBROTIC ILA ADJUDICATED,3,943342257,combined_raw,4,770,1,0.0017118121492020512,0.0012987012987012987,0.00022928946639889794,0.007319361170123334,0.0013620777067745217,0.0021547903725844964
NON FIBROTIC ILA ADJUDICATED,3,943342257,combined_raw,5,769,3,0.0027497089823841506,0.0039011703511053317,0.001327618000260774,0.011406505807889416,0.0021556711025267766,0.0034357362508302025
NON FIBROTIC ILA ADJUDICATED,3,943342257,combined_raw,6,769,7,0.004600484344634698,0.009102730819245773,0.004416223152723785,0.01866931220134357,0.00343717962490997,0.0060393491741795565
NON FIBROTIC ILA ADJUDICATED,3,943342257,combined_raw,7,770,5,0.008733269685568992,0.006493506493506494,0.0027767335367897463,0.01510995198893538,0.006045606877905504,0.012290786000010863
NON FIBROTIC ILA ADJUDICATED,3,943342257,combined_raw,8,769,7,0.019852358517192494,0.009102730819245773,0.004416223152723785,0.01866931220134357,0.012333594390368319,0.032702626997859585
NON FIBROTIC ILA ADJUDICATED,3,943342257,combined_raw,9,770,13,0.11298370872691477,0.016883116883116882,0.009892721428977881,0.028670033875153024,0.032757963552451815,0.7722690410335106
NON FIBROTIC ILA ADJUDICATED,3,943342257,combined_isotonic,0,770,2,0.002411528991454641,0.0025974025974025974,0.0007125907061236786,0.009420568652699277,0.0,0.0027881040892193307
NON FIBROTIC ILA ADJUDICATED,3,943342257,combined_isotonic,1,769,1,0.00278810408921933,0.0013003901170351106,0.0002295876800841234,0.007328830355107483,0.0027881040892193307,0.0027881040892193307
NON FIBROTIC ILA ADJUDICATED,3,943342257,combined_isotonic,2,770,4,0.0029130182177011803,0.005194805194805195,0.0020219574690050306,0.013280219334419372,0.0027881040892193307,0.002967359050445104
NON FIBROTIC ILA ADJUDICATED,3,943342257,combined_isotonic,3,769,2,0.0029673590504451035,0.002600780234070221,0.0007135177289523901,0.009432753192718508,0.002967359050445104,0.002967359050445104
NON FIBROTIC ILA ADJUDICATED,3,943342257,combined_isotonic,4,770,0,0.003485353839007898,0.0,0.0,0.004964141914221508,0.002967359050445104,0.0038119440914866584
NON FIBROTIC ILA ADJUDICATED,3,943342257,combined_isotonic,5,769,6,0.0038119440914866584,0.007802340702210663,0.003580646807040671,0.016917035660547395,0.0038119440914866584,0.0038119440914866584
NON FIBROTIC ILA ADJUDICATED,3,943342257,combined_isotonic,6,769,5,0.0038119440914866584,0.006501950585175552,0.002780348414515579,0.015129481166593194,0.0038119440914866584,0.0038119440914866584
NON FIBROTIC ILA ADJUDICATED,3,943342257,combined_isotonic,7,770,4,0.004492394755289303,0.005194805194805195,0.0020219574690050306,0.013280219334419372,0.0038119440914866584,0.004796163069544364
NON FIBROTIC ILA ADJUDICATED,3,943342257,combined_isotonic,8,769,7,0.012691964032727461,0.009102730819245773,0.004416223152723785,0.01866931220134357,0.004796163069544364,0.013071895424836602
NON FIBROTIC ILA ADJUDICATED,3,943342257,combined_isotonic,9,770,13,0.020885292649421454,0.016883116883116882,0.009892721428977881,0.028670033875153024,0.013071895424836602,0.14285714285714285
NON FIBROTIC ILA ADJUDICATED,4,661059367,zebra_raw,0,770,0,0.23244033471511702,0.0,0.0,0.004964141914221508,0.11052533634471677,0.2616542840184007
NON FIBROTIC ILA ADJUDICATED,4,661059367,zebra_raw,1,769,1,0.2873306465814494,0.0013003901170351106,0.0002295876800841234,0.007328830355107483,0.2616884930296223,0.3131465511809583
NON FIBROTIC ILA ADJUDICATED,4,661059367,zebra_raw,2,770,0,0.34299904373566076,0.0,0.0,0.004964141914221508,0.31321930129365705,0.3765965052693407
NON FIBROTIC ILA ADJUDICATED,4,661059367,zebra_raw,3,769,0,0.41159398673714176,0.0,0.0,0.004970565148712315,0.3766087127018751,0.4490266141978036
NON FIBROTIC ILA ADJUDICATED,4,661059367,zebra_raw,4,770,5,0.4940674842378015,0.006493506493506494,0.0027767335367897463,0.01510995198893538,0.44907869130306804,0.544643072869618
NON FIBROTIC ILA ADJUDICATED,4,661059367,zebra_raw,5,769,3,0.6034662864101206,0.0039011703511053317,0.001327618000260774,0.011406505807889416,0.5447134690457525,0.6648290181595178
NON FIBROTIC ILA ADJUDICATED,4,661059367,zebra_raw,6,769,6,0.7281919330185843,0.007802340702210663,0.003580646807040671,0.016917035660547395,0.6651417341531,0.7889768531409792
NON FIBROTIC ILA ADJUDICATED,4,661059367,zebra_raw,7,770,2,0.8443584410886559,0.0025974025974025974,0.0007125907061236786,0.009420568652699277,0.7892800059753806,0.8982626651812129
NON FIBROTIC ILA ADJUDICATED,4,661059367,zebra_raw,8,769,8,0.948627475691184,0.010403120936280884,0.005280654829476248,0.0203927334110704,0.8984332549784224,0.9859617212522348
NON FIBROTIC ILA ADJUDICATED,4,661059367,zebra_raw,9,770,19,0.9966091721344652,0.024675324675324677,0.015852913748522608,0.03821689388941264,0.9859988523659691,1.0
NON FIBROTIC ILA ADJUDICATED,4,661059367,zebra_isotonic,0,770,1,0.0,0.0012987012987012987,0.00022928946639889794,0.007319361170123334,0.0,0.0
NON FIBROTIC ILA ADJUDICATED,4,661059367,zebra_isotonic,1,769,0,0.0,0.0,0.0,0.004970565148712315,0.0,0.0
NON FIBROTIC ILA ADJUDICATED,4,661059367,zebra_isotonic,2,770,1,0.0,0.0012987012987012987,0.00022928946639889794,0.007319361170123334,0.0,0.0
NON FIBROTIC ILA ADJUDICATED,4,661059367,zebra_isotonic,3,769,3,0.0,0.0039011703511053317,0.001327618000260774,0.011406505807889416,0.0,0.0
NON FIBROTIC ILA ADJUDICATED,4,661059367,zebra_isotonic,4,770,3,0.00016799121276733214,0.003896103896103896,0.0013258926936253902,0.011391775387498288,0.0,0.0012437810945273632
NON FIBROTIC ILA ADJUDICATED,4,661059367,zebra_isotonic,5,769,3,0.0012437810945273627,0.0039011703511053317,0.001327618000260774,0.011406505807889416,0.0012437810945273632,0.0012437810945273632
NON FIBROTIC ILA ADJUDICATED,4,661059367,zebra_isotonic,6,769,3,0.003109853379241727,0.0039011703511053317,0.001327618000260774,0.011406505807889416,0.0012437810945273632,0.0057306590257879654
NON FIBROTIC ILA ADJUDICATED,4,661059367,zebra_isotonic,7,770,3,0.006168857397557685,0.003896103896103896,0.0013258926936253902,0.011391775387498288,0.0057306590257879654,0.009784735812133072
NON FIBROTIC ILA ADJUDICATED,4,661059367,zebra_isotonic,8,769,8,0.010510515902751793,0.010403120936280884,0.005280654829476248,0.0203927334110704,0.009784735812133072,0.02120141342756184
NON FIBROTIC ILA ADJUDICATED,4,661059367,zebra_isotonic,9,770,19,0.039444079609026565,0.024675324675324677,0.015852913748522608,0.03821689388941264,0.02120141342756184,0.11627906976744186
NON FIBROTIC ILA ADJUDICATED,4,661059367,genomic_raw,0,770,4,1.659964424222674e-05,0.005194805194805195,0.0020219574690050306,0.013280219334419372,9.67542462781854e-07,2.900390450284032e-05
NON FIBROTIC ILA ADJUDICATED,4,661059367,genomic_raw,1,769,6,4.4963414643327895e-05,0.007802340702210663,0.003580646807040671,0.016917035660547395,2.903700123252449e-05,6.447969485735639e-05
NON FIBROTIC ILA ADJUDICATED,4,661059367,genomic_raw,2,770,4,9.454911100692451e-05,0.005194805194805195,0.0020219574690050306,0.013280219334419372,6.452959084904484e-05,0.00013125101854583713
NON FIBROTIC ILA ADJUDICATED,4,661059367,genomic_raw,3,769,3,0.00018795518882342845,0.0039011703511053317,0.001327618000260774,0.011406505807889416,0.0001312826523182375,0.00026713244560675045
NON FIBROTIC ILA ADJUDICATED,4,661059367,genomic_raw,4,770,6,0.00042375019796803603,0.007792207792207792,0.0035759904186376326,0.016895203829388215,0.00026805102910537355,0.0006707349521003261
NON FIBROTIC ILA ADJUDICATED,4,661059367,genomic_raw,5,769,2,0.0012685725055556756,0.002600780234070221,0.0007135177289523901,0.009432753192718508,0.0006712550018227957,0.0022089341658100606
NON FIBROTIC ILA ADJUDICATED,4,661059367,genomic_raw,6,769,6,0.0042813486147992045,0.007802340702210663,0.003580646807040671,0.016917035660547395,0.0022137379003317643,0.006930598879169854
NON FIBROTIC ILA ADJUDICATED,4,661059367,genomic_raw,7,770,5,0.011479286258256413,0.006493506493506494,0.0027767335367897463,0.01510995198893538,0.006931202683845057,0.017594347694899513
NON FIBROTIC ILA ADJUDICATED,4,661059367,genomic_raw,8,769,4,0.02953448843488623,0.005201560468140442,0.0020245891497467933,0.013297387544882687,0.017610644401812686,0.04923593379564574
NON FIBROTIC ILA ADJUDICATED,4,661059367,genomic_raw,9,770,4,0.16181346455748877,0.005194805194805195,0.0020219574690050306,0.013280219334419372,0.049382359691240364,0.8985782636997509
NON FIBROTIC ILA ADJUDICATED,4,661059367,genomic_isotonic,0,770,3,0.002664158271634907,0.003896103896103896,0.0013258926936253902,0.011391775387498288,0.0,0.004672897196261682
NON FIBROTIC ILA ADJUDICATED,4,661059367,genomic_isotonic,1,769,5,0.00505806426193178,0.006501950585175552,0.002780348414515579,0.015129481166593194,0.004672897196261682,0.005761843790012804
NON FIBROTIC ILA ADJUDICATED,4,661059367,genomic_isotonic,2,770,7,0.005761843790012805,0.00909090909090909,0.004410478976495486,0.01864522399383109,0.005761843790012804,0.005761843790012804
NON FIBROTIC ILA ADJUDICATED,4,661059367,genomic_isotonic,3,769,3,0.005761843790012805,0.0039011703511053317,0.001327618000260774,0.011406505807889416,0.005761843790012804,0.005761843790012804
NON FIBROTIC ILA ADJUDICATED,4,661059367,genomic_isotonic,4,770,5,0.005761843790012805,0.006493506493506494,0.0027767335367897463,0.01510995198893538,0.005761843790012804,0.005761843790012804
NON FIBROTIC ILA ADJUDICATED,4,661059367,genomic_isotonic,5,769,2,0.005843605845319028,0.002600780234070221,0.0007135177289523901,0.009432753192718508,0.005761843790012804,0.006538796861377506
NON FIBROTIC ILA ADJUDICATED,4,661059367,genomic_isotonic,6,769,5,0.006538796861377506,0.006501950585175552,0.002780348414515579,0.015129481166593194,0.006538796861377506,0.006538796861377506
NON FIBROTIC ILA ADJUDICATED,4,661059367,genomic_isotonic,7,770,2,0.006538796861377506,0.0025974025974025974,0.0007125907061236786,0.009420568652699277,0.006538796861377506,0.006538796861377506
NON FIBROTIC ILA ADJUDICATED,4,661059367,genomic_isotonic,8,769,7,0.006538796861377506,0.009102730819245773,0.004416223152723785,0.01866931220134357,0.006538796861377506,0.006538796861377506
NON FIBROTIC ILA ADJUDICATED,4,661059367,genomic_isotonic,9,770,5,0.0065753086667746765,0.006493506493506494,0.0027767335367897463,0.01510995198893538,0.006538796861377506,0.006666666666666667
NON FIBROTIC ILA ADJUDICATED,4,661059367,combined_raw,0,770,0,0.0036741973802414058,0.0,0.0,0.004964141914221508,0.0036741973802414066,0.0036741973802414066
NON FIBROTIC ILA ADJUDICATED,4,661059367,combined_raw,1,769,0,0.0036741973802414058,0.0,0.0,0.004970565148712315,0.0036741973802414066,0.0036741973802414066
NON FIBROTIC ILA ADJUDICATED,4,661059367,combined_raw,2,770,2,0.0036741973802414058,0.0025974025974025974,0.0007125907061236786,0.009420568652699277,0.0036741973802414066,0.0036741973802414066
NON FIBROTIC ILA ADJUDICATED,4,661059367,combined_raw,3,769,1,0.0036741973802414058,0.0013003901170351106,0.0002295876800841234,0.007328830355107483,0.0036741973802414066,0.0036741973802414066
NON FIBROTIC ILA ADJUDICATED,4,661059367,combined_raw,4,770,2,0.004701840225697673,0.0025974025974025974,0.0007125907061236786,0.009420568652699277,0.0036741973802414066,0.007378337360173977
NON FIBROTIC ILA ADJUDICATED,4,661059367,combined_raw,5,769,4,0.011001358451392414,0.005201560468140442,0.0020245891497467933,0.013297387544882687,0.007379259941154364,0.014845708137506118
NON FIBROTIC ILA ADJUDICATED,4,661059367,combined_raw,6,769,7,0.021145745860622973,0.009102730819245773,0.004416223152723785,0.01866931220134357,0.014866992110210158,0.029038386316098307
NON FIBROTIC ILA ADJUDICATED,4,661059367,combined_raw,7,770,7,0.04039641298449464,0.00909090909090909,0.004410478976495486,0.01864522399383109,0.0290394705272909,0.0538776783714731
NON FIBROTIC ILA ADJUDICATED,4,661059367,combined_raw,8,769,8,0.07618059838537997,0.010403120936280884,0.005280654829476248,0.0203927334110704,0.05389920826780087,0.10683227032144726
NON FIBROTIC ILA ADJUDICATED,4,661059367,combined_raw,9,770,13,0.1815084281863063,0.016883116883116882,0.009892721428977881,0.028670033875153024,0.10703921956062533,0.377138004936378
NON FIBROTIC ILA ADJUDICATED,4,661059367,combined_isotonic,0,770,0,0.0,0.0,0.0,0.004964141914221508,0.0,0.0
NON FIBROTIC ILA ADJUDICATED,4,661059367,combined_isotonic,1,769,0,0.0,0.0,0.0,0.004970565148712315,0.0,0.0
NON FIBROTIC ILA ADJUDICATED,4,661059367,combined_isotonic,2,770,1,0.0,0.0012987012987012987,0.00022928946639889794,0.007319361170123334,0.0,0.0
NON FIBROTIC ILA ADJUDICATED,4,661059367,combined_isotonic,3,769,3,0.0,0.0039011703511053317,0.001327618000260774,0.011406505807889416,0.0,0.0
NON FIBROTIC ILA ADJUDICATED,4,661059367,combined_isotonic,4,770,2,0.0009717881758636928,0.0025974025974025974,0.0007125907061236786,0.009420568652699277,0.0,0.004694835680751174
NON FIBROTIC ILA ADJUDICATED,4,661059367,combined_isotonic,5,769,3,0.004694835680751173,0.0039011703511053317,0.001327618000260774,0.011406505807889416,0.004694835680751174,0.004694835680751174
NON FIBROTIC ILA ADJUDICATED,4,661059367,combined_isotonic,6,769,6,0.008025434052128194,0.007802340702210663,0.003580646807040671,0.016917035660547395,0.004694835680751174,0.010067114093959731
NON FIBROTIC ILA ADJUDICATED,4,661059367,combined_isotonic,7,770,8,0.010133672316031564,0.01038961038961039,0.005273784940225151,0.020366426752402144,0.010067114093959731,0.01015228426395939
NON FIBROTIC ILA ADJUDICATED,4,661059367,combined_isotonic,8,769,8,0.014458513485347393,0.010403120936280884,0.005280654829476248,0.0203927334110704,0.01015228426395939,0.014760147601476014
NON FIBROTIC ILA ADJUDICATED,4,661059367,combined_isotonic,9,770,13,0.02325594142749156,0.016883116883116882,0.009892721428977881,0.028670033875153024,0.014760147601476014,0.037037037037037035
NON FIBROTIC ILA ADJUDICATED,5,1911131971,zebra_raw,0,770,0,0.231893905113947,0.0,0.0,0.004964141914221508,0.11052533634471677,0.26095244343517615
NON FIBROTIC ILA ADJUDICATED,5,1911131971,zebra_raw,1,769,0,0.2872141352706327,0.0,0.0,0.004970565148712315,0.2611260600445289,0.31284944483864957
NON FIBROTIC ILA ADJUDICATED,5,1911131971,zebra_raw,2,770,0,0.3435564388005762,0.0,0.0,0.004964141914221508,0.31291398691300093,0.3765965052693407
NON FIBROTIC ILA ADJUDICATED,5,1911131971,zebra_raw,3,769,0,0.41122801574440576,0.0,0.0,0.004970565148712315,0.3766087127018751,0.4473804798830254
NON FIBROTIC ILA ADJUDICATED,5,1911131971,zebra_raw,4,770,5,0.49131430305393925,0.006493506493506494,0.0027767335367897463,0.01510995198893538,0.447432363849789,0.5414675277818876
NON FIBROTIC ILA ADJUDICATED,5,1911131971,zebra_raw,5,769,1,0.6007022752789194,0.0013003901170351106,0.0002295876800841234,0.007328830355107483,0.5417702961116374,0.6635610066940673
NON FIBROTIC ILA ADJUDICATED,5,1911131971,zebra_raw,6,769,5,0.7309222093586958,0.006501950585175552,0.002780348414515579,0.015129481166593194,0.6636699801067324,0.7919419135256038
NON FIBROTIC ILA ADJUDICATED,5,1911131971,zebra_raw,7,770,3,0.8453924785934918,0.003896103896103896,0.0013258926936253902,0.011391775387498288,0.7921631693005852,0.8984497355800539
NON FIBROTIC ILA ADJUDICATED,5,1911131971,zebra_raw,8,769,10,0.9505343694682474,0.013003901170351105,0.007078545900378475,0.023770548113126753,0.8984952352663406,0.9859038413093151
NON FIBROTIC ILA ADJUDICATED,5,1911131971,zebra_raw,9,770,20,0.9966505435571256,0.025974025974025976,0.016876091691355087,0.03977822466888089,0.9859072326047379,1.0
NON FIBROTIC ILA ADJUDICATED,5,1911131971,zebra_isotonic,0,770,0,0.0,0.0,0.0,0.004964141914221508,0.0,0.0
NON FIBROTIC ILA ADJUDICATED,5,1911131971,zebra_isotonic,1,769,1,0.0001647023946160215,0.0013003901170351106,0.0002295876800841234,0.007328830355107483,0.0,0.0006222775357809583
NON FIBROTIC ILA ADJUDICATED,5,1911131971,zebra_isotonic,2,770,2,0.0006222775357809584,0.0025974025974025974,0.0007125907061236786,0.009420568652699277,0.0006222775357809583,0.0006222775357809583
NON FIBROTIC ILA ADJUDICATED,5,1911131971,zebra_isotonic,3,769,1,0.0006222775357809584,0.0013003901170351106,0.0002295876800841234,0.007328830355107483,0.0006222775357809583,0.0006222775357809583
NON FIBROTIC ILA ADJUDICATED,5,1911131971,zebra_isotonic,4,770,1,0.0008801910860419172,0.0012987012987012987,0.00022928946639889794,0.007319361170123334,0.0006222775357809583,0.002890173410404624
NON FIBROTIC ILA ADJUDICATED,5,1911131971,zebra_isotonic,5,769,2,0.0037307044101208406,0.002600780234070221,0.0007135177289523901,0.009432753192718508,0.002890173410404624,0.005066497783407219
NON FIBROTIC ILA ADJUDICATED,5,1911131971,zebra_isotonic,6,769,3,0.005066497783407218,0.0039011703511053317,0.001327618000260774,0.011406505807889416,0.005066497783407219,0.005066497783407219
NON FIBROTIC ILA ADJUDICATED,5,1911131971,zebra_isotonic,7,770,6,0.005066497783407218,0.007792207792207792,0.0035759904186376326,0.016895203829388215,0.005066497783407219,0.005066497783407219
NON FIBROTIC ILA ADJUDICATED,5,1911131971,zebra_isotonic,8,769,10,0.010145512849991024,0.013003901170351105,0.007078545900378475,0.023770548113126753,0.005066497783407219,0.023529411764705882
NON FIBROTIC ILA ADJUDICATED,5,1911131971,zebra_isotonic,9,770,18,0.03287669600100233,0.023376623376623377,0.014837136266102694,0.036648162649531836,0.023529411764705882,0.09615384615384616
NON FIBROTIC ILA ADJUDICATED,5,1911131971,genomic_raw,0,770,6,2.331196151801835e-97,0.007792207792207792,0.0035759904186376326,0.016895203829388215,6.774185345309173e-300,1.7469224132544983e-95
NON FIBROTIC ILA ADJUDICATED,5,1911131971,genomic_raw,1,769,3,7.280715198626555e-69,0.0039011703511053317,0.001327618000260774,0.011406505807889416,2.2739338061272917e-95,2.632658924477858e-67
NON FIBROTIC ILA ADJUDICATED,5,1911131971,genomic_raw,2,770,4,5.2507755122067276e-52,0.005194805194805195,0.0020219574690050306,0.013280219334419372,2.893642642526359e-67,1.2148409065131942e-50
NON FIBROTIC ILA ADJUDICATED,5,1911131971,genomic_raw,3,769,8,1.9226131776514252e-42,0.010403120936280884,0.005280654829476248,0.0203927334110704,1.239720489827724e-50,3.8026439215103524e-41
NON FIBROTIC ILA ADJUDICATED,5,1911131971,genomic_raw,4,770,3,6.319877404645155e-36,0.003896103896103896,0.0013258926936253902,0.011391775387498288,3.8371949235344466e-41,8.648719676383843e-35
NON FIBROTIC ILA ADJUDICATED,5,1911131971,genomic_raw,5,769,2,8.043235539360388e-31,0.002600780234070221,0.0007135177289523901,0.009432753192718508,8.665221427925416e-35,9.02229241007639e-30
NON FIBROTIC ILA ADJUDICATED,5,1911131971,genomic_raw,6,769,6,4.1669308908003136e-26,0.007802340702210663,0.003580646807040671,0.016917035660547395,9.073190448071557e-30,4.466730435695696e-25
NON FIBROTIC ILA ADJUDICATED,5,1911131971,genomic_raw,7,770,6,7.366565098251243e-22,0.007792207792207792,0.0035759904186376326,0.016895203829388215,4.485941724596573e-25,7.390603922644384e-21
NON FIBROTIC ILA ADJUDICATED,5,1911131971,genomic_raw,8,769,2,1.1764995118853773e-16,0.002600780234070221,0.0007135177289523901,0.009432753192718508,7.399366927578583e-21,1.7024142387141185e-15
NON FIBROTIC ILA ADJUDICATED,5,1911131971,genomic_raw,9,770,4,0.2512456196270475,0.005194805194805195,0.0020219574690050306,0.013280219334419372,1.7126758638862949e-15,1.0
NON FIBROTIC ILA ADJUDICATED,5,1911131971,genomic_isotonic,0,770,5,0.005847953216374269,0.006493506493506494,0.0027767335367897463,0.01510995198893538,0.0058479532163742695,0.0058479532163742695
NON FIBROTIC ILA ADJUDICATED,5,1911131971,genomic_isotonic,1,769,4,0.005847953216374269,0.005201560468140442,0.0020245891497467933,0.013297387544882687,0.0058479532163742695,0.0058479532163742695
NON FIBROTIC ILA ADJUDICATED,5,1911131971,genomic_isotonic,2,770,5,0.005847953216374269,0.006493506493506494,0.0027767335367897463,0.01510995198893538,0.0058479532163742695,0.0058479532163742695
NON FIBROTIC ILA ADJUDICATED,5,1911131971,genomic_isotonic,3,769,6,0.005847953216374269,0.007802340702210663,0.003580646807040671,0.016917035660547395,0.0058479532163742695,0.0058479532163742695
NON FIBROTIC ILA ADJUDICATED,5,1911131971,genomic_isotonic,4,770,2,0.005847953216374269,0.0025974025974025974,0.0007125907061236786,0.009420568652699277,0.0058479532163742695,0.0058479532163742695
NON FIBROTIC ILA ADJUDICATED,5,1911131971,genomic_isotonic,5,769,3,0.005847953216374269,0.0039011703511053317,0.001327618000260774,0.011406505807889416,0.0058479532163742695,0.0058479532163742695
NON FIBROTIC ILA ADJUDICATED,5,1911131971,genomic_isotonic,6,769,5,0.005847953216374269,0.006501950585175552,0.002780348414515579,0.015129481166593194,0.0058479532163742695,0.0058479532163742695
NON FIBROTIC ILA ADJUDICATED,5,1911131971,genomic_isotonic,7,770,6,0.005847953216374269,0.007792207792207792,0.0035759904186376326,0.016895203829388215,0.0058479532163742695,0.0058479532163742695
NON FIBROTIC ILA ADJUDICATED,5,1911131971,genomic_isotonic,8,769,5,0.005847953216374269,0.006501950585175552,0.002780348414515579,0.015129481166593194,0.0058479532163742695,0.0058479532163742695
NON FIBROTIC ILA ADJUDICATED,5,1911131971,genomic_isotonic,9,770,3,0.005847953216374269,0.003896103896103896,0.0013258926936253902,0.011391775387498288,0.0058479532163742695,0.0058479532163742695
NON FIBROTIC ILA ADJUDICATED,5,1911131971,combined_raw,0,770,1,0.008007747301618299,0.0012987012987012987,0.00022928946639889794,0.007319361170123334,0.004335778696243107,0.009528629372479057
NON FIBROTIC ILA ADJUDICATED,5,1911131971,combined_raw,1,769,1,0.010745603130648517,0.0013003901170351106,0.0002295876800841234,0.007328830355107483,0.009532645990019375,0.011896244290436966
NON FIBROTIC ILA ADJUDICATED,5,1911131971,combined_raw,2,770,3,0.013186351998155198,0.003896103896103896,0.0013258926936253902,0.011391775387498288,0.011900833971782132,0.014580122540057647
NON FIBROTIC ILA ADJUDICATED,5,1911131971,combined_raw,3,769,2,0.016184264347877175,0.002600780234070221,0.0007135177289523901,0.009432753192718508,0.014593939426440253,0.01803110197862044
NON FIBROTIC ILA ADJUDICATED,5,1911131971,combined_raw,4,770,1,0.020218234053436403,0.0012987012987012987,0.00022928946639889794,0.007319361170123334,0.018031750358304677,0.022997808362546376
NON FIBROTIC ILA ADJUDICATED,5,1911131971,combined_raw,5,769,3,0.026627813871164443,0.0039011703511053317,0.001327618000260774,0.011406505807889416,0.023003213447395456,0.030751246131903633
NON FIBROTIC ILA ADJUDICATED,5,1911131971,combined_raw,6,769,8,0.03669158357398902,0.010403120936280884,0.005280654829476248,0.0203927334110704,0.030778881305811585,0.04412543631725705
NON FIBROTIC ILA ADJUDICATED,5,1911131971,combined_raw,7,770,7,0.054961999135780176,0.00909090909090909,0.004410478976495486,0.01864522399383109,0.04414733677233946,0.0667332860804529
NON FIBROTIC ILA ADJUDICATED,5,1911131971,combined_raw,8,769,6,0.0839930387046118,0.007802340702210663,0.003580646807040671,0.016917035660547395,0.0667333747658739,0.10640617218408087
NON FIBROTIC ILA ADJUDICATED,5,1911131971,combined_raw,9,770,12,0.16577224096465532,0.015584415584415584,0.008937040176158829,0.027041206405671363,0.10645648900041431,0.497325068619705
NON FIBROTIC ILA ADJUDICATED,5,1911131971,combined_isotonic,0,770,1,0.0001555663587749149,0.0012987012987012987,0.00022928946639889794,0.007319361170123334,0.0,0.0042780748663101605
NON FIBROTIC ILA ADJUDICATED,5,1911131971,combined_isotonic,1,769,3,0.004278074866310161,0.0039011703511053317,0.001327618000260774,0.011406505807889416,0.0042780748663101605,0.0042780748663101605
NON FIBROTIC ILA ADJUDICATED,5,1911131971,combined_isotonic,2,770,2,0.0042972362657983185,0.0025974025974025974,0.0007125907061236786,0.009420568652699277,0.0042780748663101605,0.004507888805409466
NON FIBROTIC ILA ADJUDICATED,5,1911131971,combined_isotonic,3,769,2,0.0045078888054094655,0.002600780234070221,0.0007135177289523901,0.009432753192718508,0.004507888805409466,0.004507888805409466
NON FIBROTIC ILA ADJUDICATED,5,1911131971,combined_isotonic,4,770,1,0.0045078888054094655,0.0012987012987012987,0.00022928946639889794,0.007319361170123334,0.004507888805409466,0.004507888805409466
NON FIBROTIC ILA ADJUDICATED,5,1911131971,combined_isotonic,5,769,3,0.004904005092570994,0.0039011703511053317,0.001327618000260774,0.011406505807889416,0.004507888805409466,0.00520494469746259
NON FIBROTIC ILA ADJUDICATED,5,1911131971,combined_isotonic,6,769,9,0.005204944697462591,0.011703511053315995,0.006169270449727107,0.022091970677298834,0.00520494469746259,0.00520494469746259
NON FIBROTIC ILA ADJUDICATED,5,1911131971,combined_isotonic,7,770,4,0.005204944697462591,0.005194805194805195,0.0020219574690050306,0.013280219334419372,0.00520494469746259,0.00520494469746259
NON FIBROTIC ILA ADJUDICATED,5,1911131971,combined_isotonic,8,769,7,0.01054681758655053,0.009102730819245773,0.004416223152723785,0.01866931220134357,0.00520494469746259,0.019455252918287938
NON FIBROTIC ILA ADJUDICATED,5,1911131971,combined_isotonic,9,770,12,0.019884439932193732,0.015584415584415584,0.008937040176158829,0.027041206405671363,0.019455252918287938,0.022727272727272728
NON FIBROTIC ILA ADJUDICATED,6,897680878,zebra_raw,0,770,0,0.23065446227084138,0.0,0.0,0.004964141914221508,0.11052533634471677,0.2602557535887989
NON FIBROTIC ILA ADJUDICATED,6,897680878,zebra_raw,1,769,1,0.28599113811607024,0.0013003901170351106,0.0002295876800841234,0.007328830355107483,0.2603278428050794,0.3116116309673158
NON FIBROTIC ILA ADJUDICATED,6,897680878,zebra_raw,2,770,0,0.3403133322104543,0.0,0.0,0.004964141914221508,0.3116540483720635,0.3731954189126807
NON FIBROTIC ILA ADJUDICATED,6,897680878,zebra_raw,3,769,0,0.4073969978623533,0.0,0.0,0.004970565148712315,0.3734438647593623,0.4427897764411948
NON FIBROTIC ILA ADJUDICATED,6,897680878,zebra_raw,4,770,3,0.48480059853759494,0.003896103896103896,0.0013258926936253902,0.011391775387498288,0.4428135139465415,0.533311790952578
NON FIBROTIC ILA ADJUDICATED,6,897680878,zebra_raw,5,769,3,0.59320379431022,0.0039011703511053317,0.001327618000260774,0.011406505807889416,0.5333140410123584,0.6558220307281576
NON FIBROTIC ILA ADJUDICATED,6,897680878,zebra_raw,6,769,7,0.7225726201993435,0.009102730819245773,0.004416223152723785,0.01866931220134357,0.6558800260933721,0.7829488296001841
NON FIBROTIC ILA ADJUDICATED,6,897680878,zebra_raw,7,770,5,0.8366443189599918,0.006493506493506494,0.0027767335367897463,0.01510995198893538,0.7829845241567808,0.8898138754865117
NON FIBROTIC ILA ADJUDICATED,6,897680878,zebra_raw,8,769,7,0.9437910837704432,0.009102730819245773,0.004416223152723785,0.01866931220134357,0.8898212661016888,0.9835839766390332
NON FIBROTIC ILA ADJUDICATED,6,897680878,zebra_raw,9,770,18,0.995897255226278,0.023376623376623377,0.014837136266102694,0.036648162649531836,0.9836043583075597,1.0
NON FIBROTIC ILA ADJUDICATED,6,897680878,zebra_isotonic,0,770,0,0.0,0.0,0.0,0.004964141914221508,0.0,0.0
NON FIBROTIC ILA ADJUDICATED,6,897680878,zebra_isotonic,1,769,1,0.0,0.0013003901170351106,0.0002295876800841234,0.007328830355107483,0.0,0.0
NON FIBROTIC ILA ADJUDICATED,6,897680878,zebra_isotonic,2,770,0,0.0,0.0,0.0,0.004964141914221508,0.0,0.0
NON FIBROTIC ILA ADJUDICATED,6,897680878,zebra_isotonic,3,769,2,0.0,0.002600780234070221,0.0007135177289523901,0.009432753192718508,0.0,0.0
NON FIBROTIC ILA ADJUDICATED,6,897680878,zebra_isotonic,4,770,0,0.0006282177058814062,0.0,0.0,0.004964141914221508,0.0,0.002230897936419409
NON FIBROTIC ILA ADJUDICATED,6,897680878,zebra_isotonic,5,769,10,0.0022308979364194094,0.013003901170351105,0.007078545900378475,0.023770548113126753,0.002230897936419409,0.002230897936419409
NON FIBROTIC ILA ADJUDICATED,6,897680878,zebra_isotonic,6,769,1,0.0022308979364194094,0.0013003901170351106,0.0002295876800841234,0.007328830355107483,0.002230897936419409,0.002230897936419409
NON FIBROTIC ILA ADJUDICATED,6,897680878,zebra_isotonic,7,770,5,0.0022308979364194094,0.006493506493506494,0.0027767335367897463,0.01510995198893538,0.002230897936419409,0.002230897936419409
NON FIBROTIC ILA ADJUDICATED,6,897680878,zebra_isotonic,8,769,10,0.010409535780832592,0.013003901170351105,0.007078545900378475,0.023770548113126753,0.002230897936419409,0.013207547169811321
NON FIBROTIC ILA ADJUDICATED,6,897680878,zebra_isotonic,9,770,15,0.03489198701993146,0.01948051948051948,0.011840409174050253,0.0318913635746821,0.013207547169811321,0.05555555555555555
NON FIBROTIC ILA ADJUDICATED,6,897680878,genomic_raw,0,770,5,0.00013777906699933296,0.006493506493506494,0.0027767335367897463,0.01510995198893538,1.2426046277980076e-05,0.00019981159995602406
NON FIBROTIC ILA ADJUDICATED,6,897680878,genomic_raw,1,769,5,0.0002540881514201008,0.006501950585175552,0.002780348414515579,0.015129481166593194,0.00019996769823772033,0.0003143031299229973
NON FIBROTIC ILA ADJUDICATED,6,897680878,genomic_raw,2,770,3,0.00038366229670329805,0.003896103896103896,0.0013258926936253902,0.011391775387498288,0.00031435447965023336,0.00046043057987695435
NON FIBROTIC ILA ADJUDICATED,6,897680878,genomic_raw,3,769,8,0.0005641544693031389,0.010403120936280884,0.005280654829476248,0.0203927334110704,0.00046043900043315957,0.0006861352191365505
NON FIBROTIC ILA ADJUDICATED,6,897680878,genomic_raw,4,770,6,0.000871517710596121,0.007792207792207792,0.0035759904186376326,0.016895203829388215,0.0006864990864958038,0.0011167042691644484
NON FIBROTIC ILA ADJUDICATED,6,897680878,genomic_raw,5,769,2,0.0016860184141944878,0.002600780234070221,0.0007135177289523901,0.009432753192718508,0.0011173184837527824,0.0028059543714554886
NON FIBROTIC ILA ADJUDICATED,6,897680878,genomic_raw,6,769,4,0.050592179700787165,0.005201560468140442,0.0020245891497467933,0.013297387544882687,0.0028084494205341567,0.08535400179600396
NON FIBROTIC ILA ADJUDICATED,6,897680878,genomic_raw,7,770,6,0.11387803504431628,0.007792207792207792,0.0035759904186376326,0.016895203829388215,0.08537731117770166,0.14394951872889084
NON FIBROTIC ILA ADJUDICATED,6,897680878,genomic_raw,8,769,2,0.19004735697555253,0.002600780234070221,0.0007135177289523901,0.009432753192718508,0.14400699993626387,0.24832170075104276
NON FIBROTIC ILA ADJUDICATED,6,897680878,genomic_raw,9,770,3,0.396643464400033,0.003896103896103896,0.0013258926936253902,0.011391775387498288,0.24833231883009196,0.9083998039522012
NON FIBROTIC ILA ADJUDICATED,6,897680878,genomic_isotonic,0,770,6,0.004536631846414455,0.007792207792207792,0.0035759904186376326,0.016895203829388215,0.0,0.004981884057971014
NON FIBROTIC ILA ADJUDICATED,6,897680878,genomic_isotonic,1,769,4,0.004981884057971016,0.005201560468140442,0.0020245891497467933,0.013297387544882687,0.004981884057971014,0.004981884057971014
NON FIBROTIC ILA ADJUDICATED,6,897680878,genomic_isotonic,2,770,4,0.0053608384700849524,0.005194805194805195,0.0020219574690050306,0.013280219334419372,0.004981884057971014,0.006751687921980495
NON FIBROTIC ILA ADJUDICATED,6,897680878,genomic_isotonic,4,770,5,0.006751687921980497,0.006493506493506494,0.0027767335367897463,0.01510995198893538,0.006751687921980495,0.006751687921980495
NON FIBROTIC ILA ADJUDICATED,6,897680878,genomic_isotonic,3,769,6,0.006751687921980498,0.007802340702210663,0.003580646807040671,0.016917035660547395,0.006751687921980495,0.006751687921980495
NON FIBROTIC ILA ADJUDICATED,6,897680878,genomic_isotonic,5,769,5,0.006751687921980498,0.006501950585175552,0.002780348414515579,0.015129481166593194,0.006751687921980495,0.006751687921980495
NON FIBROTIC ILA ADJUDICATED,6,897680878,genomic_isotonic,6,769,3,0.0070386675088350975,0.0039011703511053317,0.001327618000260774,0.011406505807889416,0.006751687921980495,0.007438894792773645
NON FIBROTIC ILA ADJUDICATED,6,897680878,genomic_isotonic,8,769,4,0.007438894792773644,0.005201560468140442,0.0020245891497467933,0.013297387544882687,0.007438894792773645,0.007438894792773645
NON FIBROTIC ILA ADJUDICATED,6,897680878,genomic_isotonic,7,770,4,0.007438894792773645,0.005194805194805195,0.0020219574690050306,0.013280219334419372,0.007438894792773645,0.007438894792773645
NON FIBROTIC ILA ADJUDICATED,6,897680878,genomic_isotonic,9,770,3,0.008811004029307354,0.003896103896103896,0.0013258926936253902,0.011391775387498288,0.007438894792773645,0.00909090909090909
NON FIBROTIC ILA ADJUDICATED,6,897680878,combined_raw,0,770,2,0.00041460301205536765,0.0025974025974025974,0.0007125907061236786,0.009420568652699277,0.0002493634310183247,0.000523811483310376
NON FIBROTIC ILA ADJUDICATED,6,897680878,combined_raw,1,769,2,0.0006639431240414767,0.002600780234070221,0.0007135177289523901,0.009432753192718508,0.0005239420054396232,0.0008384258779203966
NON FIBROTIC ILA ADJUDICATED,6,897680878,combined_raw,2,770,4,0.0012587148143865007,0.005194805194805195,0.0020219574690050306,0.013280219334419372,0.0008397357690506732,0.002134567883738511
NON FIBROTIC ILA ADJUDICATED,6,897680878,combined_raw,3,769,5,0.003406723409022558,0.006501950585175552,0.002780348414515579,0.015129481166593194,0.00213755488880141,0.004770514206253118
NON FIBROTIC ILA ADJUDICATED,6,897680878,combined_raw,4,770,7,0.008698648288713386,0.00909090909090909,0.004410478976495486,0.01864522399383109,0.00477771416243235,0.018905261165066425
NON FIBROTIC ILA ADJUDICATED,6,897680878,combined_raw,5,769,6,0.04601346771132116,0.007802340702210663,0.003580646807040671,0.016917035660547395,0.01891551257137886,0.059490320514269814
NON FIBROTIC ILA ADJUDICATED,6,897680878,combined_raw,6,769,2,0.06868121386393182,0.002600780234070221,0.0007135177289523901,0.009432753192718508,0.059506919028605894,0.07797597464663077
NON FIBROTIC ILA ADJUDICATED,6,897680878,combined_raw,7,770,1,0.09067866470621465,0.0012987012987012987,0.00022928946639889794,0.007319361170123334,0.07797625367747628,0.10550036960026021
NON FIBROTIC ILA ADJUDICATED,6,897680878,combined_raw,8,769,5,0.12752000601490668,0.006501950585175552,0.002780348414515579,0.015129481166593194,0.1055642511631704,0.1597758487016746
NON FIBROTIC ILA ADJUDICATED,6,897680878,combined_raw,9,770,10,0.29236683715910855,0.012987012987012988,0.007069333631553706,0.02373989550567504,0.1599697202103763,0.7721341657688021
NON FIBROTIC ILA ADJUDICATED,6,897680878,combined_isotonic,0,770,2,0.0,0.0025974025974025974,0.0007125907061236786,0.009420568652699277,0.0,0.0
NON FIBROTIC ILA ADJUDICATED,6,897680878,combined_isotonic,1,769,3,0.000777527487196017,0.0039011703511053317,0.001327618000260774,0.011406505807889416,0.0,0.000946073793755913
NON FIBROTIC ILA ADJUDICATED,6,897680878,combined_isotonic,2,770,3,0.0010421190918991376,0.003896103896103896,0.0013258926936253902,0.011391775387498288,0.000946073793755913,0.002785515320334262
NON FIBROTIC ILA ADJUDICATED,6,897680878,combined_isotonic,3,769,4,0.003664837164573626,0.005201560468140442,0.0020245891497467933,0.013297387544882687,0.002785515320334262,0.007469654528478058
NON FIBROTIC ILA ADJUDICATED,6,897680878,combined_isotonic,4,770,8,0.007469654528478058,0.01038961038961039,0.005273784940225151,0.020366426752402144,0.007469654528478058,0.007469654528478058
NON FIBROTIC ILA ADJUDICATED,6,897680878,combined_isotonic,5,769,2,0.007469654528478058,0.002600780234070221,0.0007135177289523901,0.009432753192718508,0.007469654528478058,0.007469654528478058
NON FIBROTIC ILA ADJUDICATED,6,897680878,combined_isotonic,6,769,4,0.007469654528478058,0.005201560468140442,0.0020245891497467933,0.013297387544882687,0.007469654528478058,0.007469654528478058
NON FIBROTIC ILA ADJUDICATED,6,897680878,combined_isotonic,7,770,2,0.007469654528478058,0.0025974025974025974,0.0007125907061236786,0.009420568652699277,0.007469654528478058,0.007469654528478058
NON FIBROTIC ILA ADJUDICATED,6,897680878,combined_isotonic,8,769,7,0.011812262809980507,0.009102730819245773,0.004416223152723785,0.01866931220134357,0.007469654528478058,0.02127659574468085
NON FIBROTIC ILA ADJUDICATED,6,897680878,combined_isotonic,9,770,9,0.023523914052305084,0.011688311688311689,0.006161243000312308,0.022063477414615715,0.02127659574468085,0.0379746835443038
NON FIBROTIC ILA ADJUDICATED,7,97308475,zebra_raw,0,770,0,0.23106828141271651,0.0,0.0,0.004964141914221508,0.11052533634471677,0.2602557535887989
NON FIBROTIC ILA ADJUDICATED,7,97308475,zebra_raw,1,769,0,0.2861229846558532,0.0,0.0,0.004970565148712315,0.2603278428050794,0.3119538397677216
NON FIBROTIC ILA ADJUDICATED,7,97308475,zebra_raw,2,770,0,0.34170306581937254,0.0,0.0,0.004964141914221508,0.31197732063783695,0.37394430797350053
NON FIBROTIC ILA ADJUDICATED,7,97308475,zebra_raw,3,769,0,0.40816624197937323,0.0,0.0,0.004970565148712315,0.37402073602222846,0.44403126292527595
NON FIBROTIC ILA ADJUDICATED,7,97308475,zebra_raw,4,770,3,0.48719888822939705,0.003896103896103896,0.0013258926936253902,0.011391775387498288,0.4441219959352513,0.5334546941956584
NON FIBROTIC ILA ADJUDICATED,7,97308475,zebra_raw,5,769,1,0.5965295519433358,0.0013003901170351106,0.0002295876800841234,0.007328830355107483,0.5336998197510263,0.6589254038351577
NON FIBROTIC ILA ADJUDICATED,7,97308475,zebra_raw,6,769,6,0.7246193590149111,0.007802340702210663,0.003580646807040671,0.016917035660547395,0.6590030779476188,0.784961503527906
NON FIBROTIC ILA ADJUDICATED,7,97308475,zebra_raw,7,770,3,0.8404761676853335,0.003896103896103896,0.0013258926936253902,0.011391775387498288,0.7849866208380365,0.893776351414571
NON FIBROTIC ILA ADJUDICATED,7,97308475,zebra_raw,8,769,8,0.9461230020595176,0.010403120936280884,0.005280654829476248,0.0203927334110704,0.8939394794331671,0.9846988562571408
NON FIBROTIC ILA ADJUDICATED,7,97308475,zebra_raw,9,770,23,0.9961711470263809,0.02987012987012987,0.01998520545069876,0.044422637076439384,0.984722294496873,1.0
NON FIBROTIC ILA ADJUDICATED,7,97308475,zebra_isotonic,0,770,0,0.0,0.0,0.0,0.004964141914221508,0.0,0.0
NON FIBROTIC ILA ADJUDICATED,7,97308475,zebra_isotonic,1,769,0,0.00020013785520428475,0.0,0.0,0.004970565148712315,0.0,0.0007993605115907274
NON FIBROTIC ILA ADJUDICATED,7,97308475,zebra_isotonic,3,769,0,0.0007993605115907272,0.0,0.0,0.004970565148712315,0.0007993605115907274,0.0007993605115907274
NON FIBROTIC ILA ADJUDICATED,7,97308475,zebra_isotonic,2,770,1,0.0007993605115907273,0.0012987012987012987,0.00022928946639889794,0.007319361170123334,0.0007993605115907274,0.0007993605115907274
NON FIBROTIC ILA ADJUDICATED,7,97308475,zebra_isotonic,4,770,1,0.002802986809770275,0.0012987012987012987,0.00022928946639889794,0.007319361170123334,0.0007993605115907274,0.004634994206257242
NON FIBROTIC ILA ADJUDICATED,7,97308475,zebra_isotonic,5,769,4,0.004634994206257244,0.005201560468140442,0.0020245891497467933,0.013297387544882687,0.004634994206257242,0.004634994206257242
NON FIBROTIC ILA ADJUDICATED,7,97308475,zebra_isotonic,6,769,4,0.004634994206257244,0.005201560468140442,0.0020245891497467933,0.013297387544882687,0.004634994206257242,0.004634994206257242
NON FIBROTIC ILA ADJUDICATED,7,97308475,zebra_isotonic,7,770,3,0.004634994206257244,0.003896103896103896,0.0013258926936253902,0.011391775387498288,0.004634994206257242,0.004634994206257242
NON FIBROTIC ILA ADJUDICATED,7,97308475,zebra_isotonic,8,769,8,0.010037822894963792,0.010403120936280884,0.005280654829476248,0.0203927334110704,0.004634994206257242,0.0117096018735363
NON FIBROTIC ILA ADJUDICATED,7,97308475,zebra_isotonic,9,770,23,0.027191090078505,0.02987012987012987,0.01998520545069876,0.044422637076439384,0.0117096018735363,0.07272727272727272
NON FIBROTIC ILA ADJUDICATED,7,97308475,genomic_raw,0,770,4,5.57302258909401e-07,0.005194805194805195,0.0020219574690050306,0.013280219334419372,4.593916060231061e-09,1.3774312000758309e-06
NON FIBROTIC ILA ADJUDICATED,7,97308475,genomic_raw,1,769,5,3.0510368266961498e-06,0.006501950585175552,0.002780348414515579,0.015129481166593194,1.3808342219704168e-06,5.635060583751858e-06
NON FIBROTIC ILA ADJUDICATED,7,97308475,genomic_raw,2,770,2,1.2605007197946719e-05,0.0025974025974025974,0.0007125907061236786,0.009420568652699277,5.643045314229375e-06,2.5622188619686845e-05
NON FIBROTIC ILA ADJUDICATED,7,97308475,genomic_raw,3,769,5,0.00010728750079050801,0.006501950585175552,0.002780348414515579,0.015129481166593194,2.5627354004938438e-05,0.00032327044192422466
NON FIBROTIC ILA ADJUDICATED,7,97308475,genomic_raw,4,770,7,0.0008024778668260016,0.00909090909090909,0.004410478976495486,0.01864522399383109,0.00032337696027242804,0.0013833122668246215
NON FIBROTIC ILA ADJUDICATED,7,97308475,genomic_raw,5,769,5,0.002294686417093362,0.006501950585175552,0.002780348414515579,0.015129481166593194,0.001385008699373205,0.003398744994916107
NON FIBROTIC ILA ADJUDICATED,7,97308475,genomic_raw,6,769,3,0.0051140288740479075,0.0039011703511053317,0.001327618000260774,0.011406505807889416,0.003399307529714207,0.007255583974391054
NON FIBROTIC ILA ADJUDICATED,7,97308475,genomic_raw,7,770,4,0.010986334072137621,0.005194805194805195,0.0020219574690050306,0.013280219334419372,0.007261397925060579,0.016200504908537288
NON FIBROTIC ILA ADJUDICATED,7,97308475,genomic_raw,8,769,6,0.027050469774468778,0.007802340702210663,0.003580646807040671,0.016917035660547395,0.01621408975884571,0.04376291104610773
NON FIBROTIC ILA ADJUDICATED,7,97308475,genomic_raw,9,770,3,0.1316477093007479,0.003896103896103896,0.0013258926936253902,0.011391775387498288,0.0437709047483532,0.9474230381640734
NON FIBROTIC ILA ADJUDICATED,7,97308475,genomic_isotonic,0,770,4,0.003296471509928587,0.005194805194805195,0.0020219574690050306,0.013280219334419372,0.0,0.004640371229698376
NON FIBROTIC ILA ADJUDICATED,7,97308475,genomic_isotonic,1,769,3,0.004640371229698376,0.0039011703511053317,0.001327618000260774,0.011406505807889416,0.004640371229698376,0.004640371229698376
NON FIBROTIC ILA ADJUDICATED,7,97308475,genomic_isotonic,2,770,5,0.004640371229698376,0.006493506493506494,0.0027767335367897463,0.01510995198893538,0.004640371229698376,0.004640371229698376
NON FIBROTIC ILA ADJUDICATED,7,97308475,genomic_isotonic,3,769,5,0.004640371229698376,0.006501950585175552,0.002780348414515579,0.015129481166593194,0.004640371229698376,0.004640371229698376
NON FIBROTIC ILA ADJUDICATED,7,97308475,genomic_isotonic,4,770,6,0.005867735121875828,0.007792207792207792,0.0035759904186376326,0.016895203829388215,0.004640371229698376,0.00641025641025641
NON FIBROTIC ILA ADJUDICATED,7,97308475,genomic_isotonic,5,769,4,0.007645679193626748,0.005201560468140442,0.0020245891497467933,0.013297387544882687,0.00641025641025641,0.007960199004975124
NON FIBROTIC ILA ADJUDICATED,7,97308475,genomic_isotonic,7,770,3,0.007960199004975122,0.003896103896103896,0.0013258926936253902,0.011391775387498288,0.007960199004975124,0.007960199004975124
NON FIBROTIC ILA ADJUDICATED,7,97308475,genomic_isotonic,9,770,4,0.007960199004975122,0.005194805194805195,0.0020219574690050306,0.013280219334419372,0.007960199004975124,0.007960199004975124
NON FIBROTIC ILA ADJUDICATED,7,97308475,genomic_isotonic,6,769,4,0.007960199004975124,0.005201560468140442,0.0020245891497467933,0.013297387544882687,0.007960199004975124,0.007960199004975124
NON FIBROTIC ILA ADJUDICATED,7,97308475,genomic_isotonic,8,769,6,0.007960199004975124,0.007802340702210663,0.003580646807040671,0.016917035660547395,0.007960199004975124,0.007960199004975124
NON FIBROTIC ILA ADJUDICATED,7,97308475,combined_raw,0,770,0,0.007896663264840339,0.0,0.0,0.004964141914221508,0.00434726424736029,0.0095741203175116
NON FIBROTIC ILA ADJUDICATED,7,97308475,combined_raw,1,769,0,0.011107262099535685,0.0,0.0,0.004970565148712315,0.009575578719174435,0.012781905816383098
NON FIBROTIC ILA ADJUDICATED,7,97308475,combined_raw,2,770,2,0.014735532428301784,0.0025974025974025974,0.0007125907061236786,0.009420568652699277,0.012782394549329239,0.01686249802915461
NON FIBROTIC ILA ADJUDICATED,7,97308475,combined_raw,3,769,0,0.0198792700534023,0.0,0.0,0.004970565148712315,0.01686615825259918,0.02329464075822921
NON FIBROTIC ILA ADJUDICATED,7,97308475,combined_raw,4,770,2,0.027223179875454598,0.0025974025974025974,0.0007125907061236786,0.009420568652699277,0.023324275979091272,0.03157334434797092
NON FIBROTIC ILA ADJUDICATED,7,97308475,combined_raw,5,769,4,0.03766901594993643,0.005201560468140442,0.0020245891497467933,0.013297387544882687,0.0315794118852547,0.044813604705694905
NON FIBROTIC ILA ADJUDICATED,7,97308475,combined_raw,6,769,3,0.056647873326559565,0.0039011703511053317,0.001327618000260774,0.011406505807889416,0.044855648829294284,0.07030709798970616
NON FIBROTIC ILA ADJUDICATED,7,97308475,combined_raw,7,770,9,0.08853926491148684,0.011688311688311689,0.006161243000312308,0.022063477414615715,0.07038062931931925,0.10981693676618545
NON FIBROTIC ILA ADJUDICATED,7,97308475,combined_raw,8,769,12,0.14272588344724366,0.015604681404421327,0.008948690331271528,0.027076109455192295,0.10983133002760427,0.18395795746932977
NON FIBROTIC ILA ADJUDICATED,7,97308475,combined_raw,9,770,12,0.24591601742180036,0.015584415584415584,0.008937040176158829,0.027041206405671363,0.18407328720076097,0.40160312991390085
NON FIBROTIC ILA ADJUDICATED,7,97308475,combined_isotonic,0,770,0,0.0023256073836803548,0.0,0.0,0.004964141914221508,0.0,0.0024410089503661514
NON FIBROTIC ILA ADJUDICATED,7,97308475,combined_isotonic,1,769,2,0.0024410089503661514,0.002600780234070221,0.0007135177289523901,0.009432753192718508,0.0024410089503661514,0.0024410089503661514
NON FIBROTIC ILA ADJUDICATED,7,97308475,combined_isotonic,2,770,0,0.0024410089503661514,0.0,0.0,0.004964141914221508,0.0024410089503661514,0.0024410089503661514
NON FIBROTIC ILA ADJUDICATED,7,97308475,combined_isotonic,3,769,0,0.005465105815013556,0.0,0.0,0.004970565148712315,0.0024410089503661514,0.008422234699606962
NON FIBROTIC ILA ADJUDICATED,7,97308475,combined_isotonic,4,770,2,0.00842223469960696,0.0025974025974025974,0.0007125907061236786,0.009420568652699277,0.008422234699606962,0.008422234699606962
NON FIBROTIC ILA ADJUDICATED,7,97308475,combined_isotonic,5,769,1,0.008422234699606962,0.0013003901170351106,0.0002295876800841234,0.007328830355107483,0.008422234699606962,0.008422234699606962
NON FIBROTIC ILA ADJUDICATED,7,97308475,combined_isotonic,6,769,6,0.008422234699606962,0.007802340702210663,0.003580646807040671,0.016917035660547395,0.008422234699606962,0.008422234699606962
NON FIBROTIC ILA ADJUDICATED,7,97308475,combined_isotonic,7,770,8,0.008714200293970886,0.01038961038961039,0.005273784940225151,0.020366426752402144,0.008422234699606962,0.008928571428571428
NON FIBROTIC ILA ADJUDICATED,7,97308475,combined_isotonic,8,769,13,0.00997018147864821,0.016905071521456438,0.009905619514842359,0.028707033158100748,0.008928571428571428,0.013100436681222707
NON FIBROTIC ILA ADJUDICATED,7,97308475,combined_isotonic,9,770,12,0.021683021501965122,0.015584415584415584,0.008937040176158829,0.027041206405671363,0.013100436681222707,0.25
NON FIBROTIC ILA ADJUDICATED,8,1286373922,zebra_raw,0,770,0,0.233001318780019,0.0,0.0,0.004964141914221508,0.11052533634471677,0.2620496868382658
NON FIBROTIC ILA ADJUDICATED,8,1286373922,zebra_raw,1,769,1,0.28659909791343297,0.0013003901170351106,0.0002295876800841234,0.007328830355107483,0.2621427438396359,0.3120190426459585
NON FIBROTIC ILA ADJUDICATED,8,1286373922,zebra_raw,2,770,0,0.34207095793804,0.0,0.0,0.004964141914221508,0.31204399379032866,0.37432903714209376
NON FIBROTIC ILA ADJUDICATED,8,1286373922,zebra_raw,3,769,0,0.4077499503823486,0.0,0.0,0.004970565148712315,0.37442960866501057,0.4444553461993698
NON FIBROTIC ILA ADJUDICATED,8,1286373922,zebra_raw,4,770,3,0.4876568691225623,0.003896103896103896,0.0013258926936253902,0.011391775387498288,0.4445051068049796,0.5368783998050141
NON FIBROTIC ILA ADJUDICATED,8,1286373922,zebra_raw,5,769,2,0.5962663080988866,0.002600780234070221,0.0007135177289523901,0.009432753192718508,0.5369993165800129,0.6581785462763607
NON FIBROTIC ILA ADJUDICATED,8,1286373922,zebra_raw,6,769,4,0.7268825535211656,0.005201560468140442,0.0020245891497467933,0.013297387544882687,0.6584218660615548,0.7857278165369505
NON FIBROTIC ILA ADJUDICATED,8,1286373922,zebra_raw,7,770,3,0.8426071645066238,0.003896103896103896,0.0013258926936253902,0.011391775387498288,0.7859571216592668,0.8988500780327903
NON FIBROTIC ILA ADJUDICATED,8,1286373922,zebra_raw,8,769,8,0.9495152649438261,0.010403120936280884,0.005280654829476248,0.0203927334110704,0.898912828622922,0.984722294496873
NON FIBROTIC ILA ADJUDICATED,8,1286373922,zebra_raw,9,770,23,0.9962871742090278,0.02987012987012987,0.01998520545069876,0.044422637076439384,0.9848326645699333,1.0
NON FIBROTIC ILA ADJUDICATED,8,1286373922,zebra_isotonic,0,770,1,0.0,0.0012987012987012987,0.00022928946639889794,0.007319361170123334,0.0,0.0
NON FIBROTIC ILA ADJUDICATED,8,1286373922,zebra_isotonic,1,769,0,0.0,0.0,0.0,0.004970565148712315,0.0,0.0
NON FIBROTIC ILA ADJUDICATED,8,1286373922,zebra_isotonic,2,770,2,0.0,0.0025974025974025974,0.0007125907061236786,0.009420568652699277,0.0,0.0
NON FIBROTIC ILA ADJUDICATED,8,1286373922,zebra_isotonic,3,769,0,0.0,0.0,0.0,0.004970565148712315,0.0,0.0
NON FIBROTIC ILA ADJUDICATED,8,1286373922,zebra_isotonic,4,770,2,0.0014340527117772581,0.0025974025974025974,0.0007125907061236786,0.009420568652699277,0.0,0.004702194357366771
NON FIBROTIC ILA ADJUDICATED,8,1286373922,zebra_isotonic,5,769,1,0.0047506311758201145,0.0013003901170351106,0.0002295876800841234,0.007328830355107483,0.004702194357366771,0.005555555555555556
NON FIBROTIC ILA ADJUDICATED,8,1286373922,zebra_isotonic,6,769,4,0.005555555555555556,0.005201560468140442,0.0020245891497467933,0.013297387544882687,0.005555555555555556,0.005555555555555556
NON FIBROTIC ILA ADJUDICATED,8,1286373922,zebra_isotonic,7,770,4,0.006308149380221756,0.005194805194805195,0.0020219574690050306,0.013280219334419372,0.005555555555555556,0.009784735812133072
NON FIBROTIC ILA ADJUDICATED,8,1286373922,zebra_isotonic,8,769,8,0.010287703333006973,0.010403120936280884,0.005280654829476248,0.0203927334110704,0.009784735812133072,0.014035087719298246
NON FIBROTIC ILA ADJUDICATED,8,1286373922,zebra_isotonic,9,770,22,0.0270529290861048,0.02857142857142857,0.018942666074440347,0.04288066773039707,0.014035087719298246,0.08620689655172414
NON FIBROTIC ILA ADJUDICATED,8,1286373922,genomic_raw,0,770,6,0.0,0.007792207792207792,0.0035759904186376326,0.016895203829388215,0.0,0.0
NON FIBROTIC ILA ADJUDICATED,8,1286373922,genomic_raw,1,769,3,0.0,0.0039011703511053317,0.001327618000260774,0.011406505807889416,0.0,0.0
NON FIBROTIC ILA ADJUDICATED,8,1286373922,genomic_raw,2,770,3,0.0,0.003896103896103896,0.0013258926936253902,0.011391775387498288,0.0,0.0
NON FIBROTIC ILA ADJUDICATED,8,1286373922,genomic_raw,3,769,8,0.0,0.010403120936280884,0.005280654829476248,0.0203927334110704,0.0,0.0
NON FIBROTIC ILA ADJUDICATED,8,1286373922,genomic_raw,4,770,3,0.0,0.003896103896103896,0.0013258926936253902,0.011391775387498288,0.0,0.0
NON FIBROTIC ILA ADJUDICATED,8,1286373922,genomic_raw,5,769,8,0.0,0.010403120936280884,0.005280654829476248,0.0203927334110704,0.0,0.0
NON FIBROTIC ILA ADJUDICATED,8,1286373922,genomic_raw,6,769,3,0.0,0.0039011703511053317,0.001327618000260774,0.011406505807889416,0.0,0.0
NON FIBROTIC ILA ADJUDICATED,8,1286373922,genomic_raw,7,770,6,0.5605852122526833,0.007792207792207792,0.0035759904186376326,0.016895203829388215,0.0,1.0
NON FIBROTIC ILA ADJUDICATED,8,1286373922,genomic_raw,8,769,4,1.0,0.005201560468140442,0.0020245891497467933,0.013297387544882687,1.0,1.0
NON FIBROTIC ILA ADJUDICATED,8,1286373922,genomic_raw,9,770,0,1.0,0.0,0.0,0.004964141914221508,1.0,1.0
NON FIBROTIC ILA ADJUDICATED,8,1286373922,genomic_isotonic,1,769,4,0.005291005291005291,0.005201560468140442,0.0020245891497467933,0.013297387544882687,0.005291005291005291,0.005291005291005291
NON FIBROTIC ILA ADJUDICATED,8,1286373922,genomic_isotonic,3,769,8,0.005291005291005291,0.010403120936280884,0.005280654829476248,0.0203927334110704,0.005291005291005291,0.005291005291005291
NON FIBROTIC ILA ADJUDICATED,8,1286373922,genomic_isotonic,5,769,8,0.005291005291005291,0.010403120936280884,0.005280654829476248,0.0203927334110704,0.005291005291005291,0.005291005291005291
NON FIBROTIC ILA ADJUDICATED,8,1286373922,genomic_isotonic,6,769,2,0.005291005291005291,0.002600780234070221,0.0007135177289523901,0.009432753192718508,0.005291005291005291,0.005291005291005291
NON FIBROTIC ILA ADJUDICATED,8,1286373922,genomic_isotonic,0,770,6,0.005291005291005292,0.007792207792207792,0.0035759904186376326,0.016895203829388215,0.005291005291005291,0.005291005291005291
NON FIBROTIC ILA ADJUDICATED,8,1286373922,genomic_isotonic,2,770,3,0.005291005291005292,0.003896103896103896,0.0013258926936253902,0.011391775387498288,0.005291005291005291,0.005291005291005291
NON FIBROTIC ILA ADJUDICATED,8,1286373922,genomic_isotonic,4,770,3,0.005291005291005292,0.003896103896103896,0.0013258926936253902,0.011391775387498288,0.005291005291005291,0.005291005291005291
NON FIBROTIC ILA ADJUDICATED,8,1286373922,genomic_isotonic,7,770,6,0.006477429005056019,0.007792207792207792,0.0035759904186376326,0.016895203829388215,0.005291005291005291,0.007407407407407408
NON FIBROTIC ILA ADJUDICATED,8,1286373922,genomic_isotonic,8,769,4,0.007407407407407405,0.005201560468140442,0.0020245891497467933,0.013297387544882687,0.007407407407407408,0.007407407407407408
NON FIBROTIC ILA ADJUDICATED,8,1286373922,genomic_isotonic,9,770,0,0.007407407407407406,0.0,0.0,0.004964141914221508,0.007407407407407408,0.007407407407407408
NON FIBROTIC ILA ADJUDICATED,8,1286373922,combined_raw,0,770,4,3.112038923290934e-19,0.005194805194805195,0.0020219574690050306,0.013280219334419372,1.1578943672846963e-29,2.4354590220917267e-18
NON FIBROTIC ILA ADJUDICATED,8,1286373922,combined_raw,1,769,3,2.3087973851593966e-16,0.0039011703511053317,0.001327618000260774,0.011406505807889416,2.441252071301455e-18,1.5342433882280745e-15
NON FIBROTIC ILA ADJUDICATED,8,1286373922,combined_raw,2,770,8,3.0045713104968186e-13,0.01038961038961039,0.005273784940225151,0.020366426752402144,1.5467045995525216e-15,2.136773093455957e-12
NON FIBROTIC ILA ADJUDICATED,8,1286373922,combined_raw,3,769,6,8.072274794104844e-11,0.007802340702210663,0.003580646807040671,0.016917035660547395,2.179959202965019e-12,3.7517543734380357e-10
NON FIBROTIC ILA ADJUDICATED,8,1286373922,combined_raw,4,770,5,4.039244034367302e-09,0.006493506493506494,0.0027767335367897463,0.01510995198893538,3.758133915000052e-10,1.3568430117770085e-08
NON FIBROTIC ILA ADJUDICATED,8,1286373922,combined_raw,5,769,3,8.207076393130064e-08,0.0039011703511053317,0.001327618000260774,0.011406505807889416,1.3690220553129293e-08,2.507768284594225e-07
NON FIBROTIC ILA ADJUDICATED,8,1286373922,combined_raw,6,769,5,1.4041400349425969e-06,0.006501950585175552,0.002780348414515579,0.015129481166593194,2.510411373071372e-07,4.362434333422932e-06
NON FIBROTIC ILA ADJUDICATED,8,1286373922,combined_raw,7,770,1,3.7469839461127235e-05,0.0012987012987012987,0.00022928946639889794,0.007319361170123334,4.3728727740832445e-06,0.0001438902104483368
NON FIBROTIC ILA ADJUDICATED,8,1286373922,combined_raw,8,769,5,0.004634969041522635,0.006501950585175552,0.002780348414515579,0.015129481166593194,0.00014492929048174393,0.031789323460108494
NON FIBROTIC ILA ADJUDICATED,8,1286373922,combined_raw,9,770,4,0.6560242818197725,0.005194805194805195,0.0020219574690050306,0.013280219334419372,0.03197458419166307,0.9999999999999905
NON FIBROTIC ILA ADJUDICATED,8,1286373922,combined_isotonic,0,770,6,0.0019230769230769232,0.007792207792207792,0.0035759904186376326,0.016895203829388215,0.0019230769230769232,0.0019230769230769232
NON FIBROTIC ILA ADJUDICATED,8,1286373922,combined_isotonic,1,769,4,0.0019230769230769232,0.005201560468140442,0.0020245891497467933,0.013297387544882687,0.0019230769230769232,0.0019230769230769232
NON FIBROTIC ILA ADJUDICATED,8,1286373922,combined_isotonic,2,770,3,0.003492466807366957,0.003896103896103896,0.0013258926936253902,0.011391775387498288,0.0019230769230769232,0.0046444121915820025
NON FIBROTIC ILA ADJUDICATED,8,1286373922,combined_isotonic,3,769,5,0.004644412191582001,0.006501950585175552,0.002780348414515579,0.015129481166593194,0.0046444121915820025,0.0046444121915820025
NON FIBROTIC ILA ADJUDICATED,8,1286373922,combined_isotonic,4,770,4,0.004644412191582001,0.005194805194805195,0.0020219574690050306,0.013280219334419372,0.0046444121915820025,0.0046444121915820025
NON FIBROTIC ILA ADJUDICATED,8,1286373922,combined_isotonic,5,769,7,0.004644412191582001,0.009102730819245773,0.004416223152723785,0.01866931220134357,0.0046444121915820025,0.0046444121915820025
NON FIBROTIC ILA ADJUDICATED,8,1286373922,combined_isotonic,6,769,4,0.004644412191582001,0.005201560468140442,0.0020245891497467933,0.013297387544882687,0.0046444121915820025,0.0046444121915820025
NON FIBROTIC ILA ADJUDICATED,8,1286373922,combined_isotonic,7,770,4,0.004644412191582001,0.005194805194805195,0.0020219574690050306,0.013280219334419372,0.0046444121915820025,0.0046444121915820025
NON FIBROTIC ILA ADJUDICATED,8,1286373922,combined_isotonic,8,769,3,0.005527185050424755,0.0039011703511053317,0.001327618000260774,0.011406505807889416,0.0046444121915820025,0.0076481835564053535
NON FIBROTIC ILA ADJUDICATED,8,1286373922,combined_isotonic,9,770,4,0.017026378806091758,0.005194805194805195,0.0020219574690050306,0.013280219334419372,0.0076481835564053535,0.03333333333333333
NON FIBROTIC ILA ADJUDICATED,9,1192455611,zebra_raw,0,770,0,0.23079369984185596,0.0,0.0,0.004964141914221508,0.11693488945217027,0.259724828647936
NON FIBROTIC ILA ADJUDICATED,9,1192455611,zebra_raw,1,769,0,0.28513743072558606,0.0,0.0,0.004970565148712315,0.2597474148447815,0.31130472529421865
NON FIBROTIC ILA ADJUDICATED,9,1192455611,zebra_raw,2,770,0,0.3411480279062038,0.0,0.0,0.004964141914221508,0.31136030506380313,0.3726751537023029
NON FIBROTIC ILA ADJUDICATED,9,1192455611,zebra_raw,3,769,0,0.4077201437405868,0.0,0.0,0.004970565148712315,0.37293122622020425,0.4433498042527666
NON FIBROTIC ILA ADJUDICATED,9,1192455611,zebra_raw,4,770,3,0.4879283136897184,0.003896103896103896,0.0013258926936253902,0.011391775387498288,0.4433772912540586,0.5380232986555498
NON FIBROTIC ILA ADJUDICATED,9,1192455611,zebra_raw,5,769,2,0.5972440241091637,0.002600780234070221,0.0007135177289523901,0.009432753192718508,0.5382614218396673,0.657746565341141
NON FIBROTIC ILA ADJUDICATED,9,1192455611,zebra_raw,6,769,3,0.7253492499798687,0.0039011703511053317,0.001327618000260774,0.011406505807889416,0.6578689534310453,0.7871543241236005
NON FIBROTIC ILA ADJUDICATED,9,1192455611,zebra_raw,7,770,2,0.8411819310640931,0.0025974025974025974,0.0007125907061236786,0.009420568652699277,0.7872372419200562,0.8958641723145785
NON FIBROTIC ILA ADJUDICATED,9,1192455611,zebra_raw,8,769,6,0.9471814478788666,0.007802340702210663,0.003580646807040671,0.016917035660547395,0.8960377936796976,0.9843899686874735
NON FIBROTIC ILA ADJUDICATED,9,1192455611,zebra_raw,9,770,28,0.9960942101104733,0.03636363636363636,0.025276867554216292,0.05205351858442546,0.9844196976031211,1.0
NON FIBROTIC ILA ADJUDICATED,9,1192455611,zebra_isotonic,0,770,0,0.0,0.0,0.0,0.004964141914221508,0.0,0.0
NON FIBROTIC ILA ADJUDICATED,9,1192455611,zebra_isotonic,1,769,0,0.00018121397574963395,0.0,0.0,0.004970565148712315,0.0,0.0007849293563579278
NON FIBROTIC ILA ADJUDICATED,9,1192455611,zebra_isotonic,2,770,1,0.0007849293563579278,0.0012987012987012987,0.00022928946639889794,0.007319361170123334,0.0007849293563579278,0.0007849293563579278
NON FIBROTIC ILA ADJUDICATED,9,1192455611,zebra_isotonic,3,769,0,0.0007849293563579278,0.0,0.0,0.004970565148712315,0.0007849293563579278,0.0007849293563579278
NON FIBROTIC ILA ADJUDICATED,9,1192455611,zebra_isotonic,4,770,2,0.0028128157999406864,0.0025974025974025974,0.0007125907061236786,0.009420568652699277,0.0007849293563579278,0.0036188178528347406
NON FIBROTIC ILA ADJUDICATED,9,1192455611,zebra_isotonic,5,769,2,0.003828756066101108,0.002600780234070221,0.0007135177289523901,0.009432753192718508,0.0036188178528347406,0.007462686567164179
NON FIBROTIC ILA ADJUDICATED,9,1192455611,zebra_isotonic,6,769,4,0.007554444982732292,0.005201560468140442,0.0020245891497467933,0.013297387544882687,0.007462686567164179,0.007625272331154684
NON FIBROTIC ILA ADJUDICATED,9,1192455611,zebra_isotonic,7,770,2,0.007625272331154685,0.0025974025974025974,0.0007125907061236786,0.009420568652699277,0.007625272331154684,0.007625272331154684
NON FIBROTIC ILA ADJUDICATED,9,1192455611,zebra_isotonic,8,769,10,0.011062896867293092,0.013003901170351105,0.007078545900378475,0.023770548113126753,0.007625272331154684,0.011889035667107
NON FIBROTIC ILA ADJUDICATED,9,1192455611,zebra_isotonic,9,770,23,0.022364692705969323,0.02987012987012987,0.01998520545069876,0.044422637076439384,0.011889035667107,0.05555555555555555
NON FIBROTIC ILA ADJUDICATED,9,1192455611,genomic_raw,0,770,7,2.2733953782851128e-151,0.00909090909090909,0.004410478976495486,0.01864522399383109,0.0,2.2573339630476303e-149
NON FIBROTIC ILA ADJUDICATED,9,1192455611,genomic_raw,1,769,2,3.297778034883986e-112,0.002600780234070221,0.0007135177289523901,0.009432753192718508,2.870073941570254e-149,2.1349563507631878e-110
NON FIBROTIC ILA ADJUDICATED,9,1192455611,genomic_raw,2,770,3,1.694108190017341e-91,0.003896103896103896,0.0013258926936253902,0.011391775387498288,2.17787301164975e-110,5.618272238175108e-90
NON FIBROTIC ILA ADJUDICATED,9,1192455611,genomic_raw,3,769,1,5.997886193296861e-78,0.0013003901170351106,0.0002295876800841234,0.007328830355107483,5.6422601609107695e-90,1.8433233478571957e-76
NON FIBROTIC ILA ADJUDICATED,9,1192455611,genomic_raw,4,770,5,1.0255430644020141e-57,0.006493506493506494,0.0027767335367897463,0.01510995198893538,1.9466459930888542e-76,5.0265018200753775e-56
NON FIBROTIC ILA ADJUDICATED,9,1192455611,genomic_raw,5,769,5,6.729943562242797e-44,0.006501950585175552,0.002780348414515579,0.015129481166593194,5.161909133405309e-56,1.8560577367417165e-42
NON FIBROTIC ILA ADJUDICATED,9,1192455611,genomic_raw,6,769,5,6.163681359136042e-34,0.006501950585175552,0.002780348414515579,0.015129481166593194,1.8887594463540956e-42,1.1665545503858558e-32
NON FIBROTIC ILA ADJUDICATED,9,1192455611,genomic_raw,7,770,6,5.844839353770511e-26,0.007792207792207792,0.0035759904186376326,0.016895203829388215,1.2339687605528623e-32,1.069746866143891e-24
NON FIBROTIC ILA ADJUDICATED,9,1192455611,genomic_raw,8,769,3,1.1554886036749048e-14,0.0039011703511053317,0.001327618000260774,0.011406505807889416,1.1423614325023212e-24,3.2397179788538053e-13
NON FIBROTIC ILA ADJUDICATED,9,1192455611,genomic_raw,9,770,7,0.19028461936862856,0.00909090909090909,0.004410478976495486,0.01864522399383109,3.304559092640895e-13,1.0
NON FIBROTIC ILA ADJUDICATED,9,1192455611,genomic_isotonic,0,770,2,0.005328596802841917,0.0025974025974025974,0.0007125907061236786,0.009420568652699277,0.0053285968028419185,0.0053285968028419185
NON FIBROTIC ILA ADJUDICATED,9,1192455611,genomic_isotonic,1,769,4,0.005328596802841917,0.005201560468140442,0.0020245891497467933,0.013297387544882687,0.0053285968028419185,0.0053285968028419185
NON FIBROTIC ILA ADJUDICATED,9,1192455611,genomic_isotonic,2,770,12,0.005328596802841917,0.015584415584415584,0.008937040176158829,0.027041206405671363,0.0053285968028419185,0.0053285968028419185
NON FIBROTIC ILA ADJUDICATED,9,1192455611,genomic_isotonic,3,769,4,0.005328596802841917,0.005201560468140442,0.0020245891497467933,0.013297387544882687,0.0053285968028419185,0.0053285968028419185
NON FIBROTIC ILA ADJUDICATED,9,1192455611,genomic_isotonic,4,770,3,0.005328596802841917,0.003896103896103896,0.0013258926936253902,0.011391775387498288,0.0053285968028419185,0.0053285968028419185
NON FIBROTIC ILA ADJUDICATED,9,1192455611,genomic_isotonic,5,769,3,0.005328596802841917,0.0039011703511053317,0.001327618000260774,0.011406505807889416,0.0053285968028419185,0.0053285968028419185
NON FIBROTIC ILA ADJUDICATED,9,1192455611,genomic_isotonic,6,769,2,0.005328596802841917,0.002600780234070221,0.0007135177289523901,0.009432753192718508,0.0053285968028419185,0.0053285968028419185
NON FIBROTIC ILA ADJUDICATED,9,1192455611,genomic_isotonic,7,770,6,0.005328596802841917,0.007792207792207792,0.0035759904186376326,0.016895203829388215,0.0053285968028419185,0.0053285968028419185
NON FIBROTIC ILA ADJUDICATED,9,1192455611,genomic_isotonic,8,769,1,0.005328596802841917,0.0013003901170351106,0.0002295876800841234,0.007328830355107483,0.0053285968028419185,0.0053285968028419185
NON FIBROTIC ILA ADJUDICATED,9,1192455611,genomic_isotonic,9,770,7,0.010391923529982834,0.00909090909090909,0.004410478976495486,0.01864522399383109,0.0053285968028419185,0.020618556701030927
NON FIBROTIC ILA ADJUDICATED,9,1192455611,combined_raw,0,770,1,2.9647720536888414e-05,0.0012987012987012987,0.00022928946639889794,0.007319361170123334,1.2773192124325309e-05,3.9673571596457094e-05
NON FIBROTIC ILA ADJUDICATED,9,1192455611,combined_raw,1,769,2,4.874590596500469e-05,0.002600780234070221,0.0007135177289523901,0.009432753192718508,3.969281544519182e-05,5.770288573856858e-05
NON FIBROTIC ILA ADJUDICATED,9,1192455611,combined_raw,2,770,2,6.772879188362259e-05,0.0025974025974025974,0.0007125907061236786,0.009420568652699277,5.770766712797454e-05,7.913928188278553e-05
NON FIBROTIC ILA ADJUDICATED,9,1192455611,combined_raw,3,769,0,9.457411574233101e-05,0.0,0.0,0.004970565148712315,7.920887010005425e-05,0.00011214214830779036
NON FIBROTIC ILA ADJUDICATED,9,1192455611,combined_raw,4,770,2,0.00013664787401811008,0.0025974025974025974,0.0007125907061236786,0.009420568652699277,0.00011218052356182775,0.0001650099487928692
NON FIBROTIC ILA ADJUDICATED,9,1192455611,combined_raw,5,769,5,0.00021856297639088963,0.006501950585175552,0.002780348414515579,0.015129481166593194,0.00016517433907613422,0.0002956690733632436
NON FIBROTIC ILA ADJUDICATED,9,1192455611,combined_raw,6,769,8,0.0007267877997929866,0.010403120936280884,0.005280654829476248,0.0203927334110704,0.00029579685057472873,0.0035651861905697706
NON FIBROTIC ILA ADJUDICATED,9,1192455611,combined_raw,7,770,5,0.013488454997743602,0.006493506493506494,0.0027767335367897463,0.01510995198893538,0.003582909023427098,0.019841093594544237
NON FIBROTIC ILA ADJUDICATED,9,1192455611,combined_raw,8,769,9,0.029836955168930736,0.011703511053315995,0.006169270449727107,0.022091970677298834,0.019856731019821633,0.04461880294210268
NON FIBROTIC ILA ADJUDICATED,9,1192455611,combined_raw,9,770,10,0.1212163455117449,0.012987012987012988,0.007069333631553706,0.02373989550567504,0.0446532427509571,0.7915288582309468
NON FIBROTIC ILA ADJUDICATED,9,1192455611,combined_isotonic,0,770,1,0.0,0.0012987012987012987,0.00022928946639889794,0.007319361170123334,0.0,0.0
NON FIBROTIC ILA ADJUDICATED,9,1192455611,combined_isotonic,1,769,0,0.0031095923942672994,0.0,0.0,0.004970565148712315,0.0,0.0031194295900178253
NON FIBROTIC ILA ADJUDICATED,9,1192455611,combined_isotonic,2,770,7,0.0031194295900178258,0.00909090909090909,0.004410478976495486,0.01864522399383109,0.0031194295900178253,0.0031194295900178253
NON FIBROTIC ILA ADJUDICATED,9,1192455611,combined_isotonic,3,769,2,0.0031194295900178258,0.002600780234070221,0.0007135177289523901,0.009432753192718508,0.0031194295900178253,0.0031194295900178253
NON FIBROTIC ILA ADJUDICATED,9,1192455611,combined_isotonic,4,770,2,0.0031194295900178258,0.0025974025974025974,0.0007125907061236786,0.009420568652699277,0.0031194295900178253,0.0031194295900178253
NON FIBROTIC ILA ADJUDICATED,9,1192455611,combined_isotonic,5,769,0,0.003160309792897066,0.0,0.0,0.004970565148712315,0.0031194295900178253,0.0037974683544303796
NON FIBROTIC ILA ADJUDICATED,9,1192455611,combined_isotonic,6,769,8,0.003883957811190833,0.010403120936280884,0.005280654829476248,0.0203927334110704,0.0037974683544303796,0.006172839506172839
NON FIBROTIC ILA ADJUDICATED,9,1192455611,combined_isotonic,7,770,5,0.006663677821806999,0.006493506493506494,0.0027767335367897463,0.01510995198893538,0.006172839506172839,0.0066815144766146995
NON FIBROTIC ILA ADJUDICATED,9,1192455611,combined_isotonic,8,769,10,0.017043131725224942,0.013003901170351105,0.007078545900378475,0.023770548113126753,0.0066815144766146995,0.017391304347826087
NON FIBROTIC ILA ADJUDICATED,9,1192455611,combined_isotonic,9,770,9,0.017971168139757316,0.011688311688311689,0.006161243000312308,0.022063477414615715,0.017391304347826087,0.02040816326530612
NON FIBROTIC ILA ADJUDICATED,10,1930227992,zebra_raw,0,770,0,0.2325496976298068,0.0,0.0,0.004964141914221508,0.11693488945217027,0.26219562135835695
NON FIBROTIC ILA ADJUDICATED,10,1930227992,zebra_raw,1,769,1,0.2881553773044359,0.0013003901170351106,0.0002295876800841234,0.007328830355107483,0.26219740698377647,0.3138532163788822
NON FIBROTIC ILA ADJUDICATED,10,1930227992,zebra_raw,2,770,0,0.3454825544871995,0.0,0.0,0.004964141914221508,0.31390333165654505,0.37863309767439185
NON FIBROTIC ILA ADJUDICATED,10,1930227992,zebra_raw,3,769,0,0.4128091239359723,0.0,0.0,0.004970565148712315,0.3787565126046534,0.4499845616612384
NON FIBROTIC ILA ADJUDICATED,10,1930227992,zebra_raw,4,770,4,0.49397003999691275,0.005194805194805195,0.0020219574690050306,0.013280219334419372,0.4500096473658561,0.543539525335139
NON FIBROTIC ILA ADJUDICATED,10,1930227992,zebra_raw,5,769,1,0.6029671277016685,0.0013003901170351106,0.0002295876800841234,0.007328830355107483,0.5435939073302997,0.6644660370297129
NON FIBROTIC ILA ADJUDICATED,10,1930227992,zebra_raw,6,769,4,0.7283396411706706,0.005201560468140442,0.0020245891497467933,0.013297387544882687,0.6645632245328221,0.7869327886043372
NON FIBROTIC ILA ADJUDICATED,10,1930227992,zebra_raw,7,770,2,0.8429887463882688,0.0025974025974025974,0.0007125907061236786,0.009420568652699277,0.7870703427693205,0.8971019991461752
NON FIBROTIC ILA ADJUDICATED,10,1930227992,zebra_raw,8,769,8,0.9478360752870776,0.010403120936280884,0.005280654829476248,0.0203927334110704,0.897232731440224,0.9844770975162783
NON FIBROTIC ILA ADJUDICATED,10,1930227992,zebra_raw,9,770,24,0.9962526503125666,0.03116883116883117,0.021033415527337528,0.04595893572210135,0.9845912866223161,1.0
NON FIBROTIC ILA ADJUDICATED,10,1930227992,zebra_isotonic,0,770,0,0.0,0.0,0.0,0.004964141914221508,0.0,0.0
NON FIBROTIC ILA ADJUDICATED,10,1930227992,zebra_isotonic,1,769,0,0.0,0.0,0.0,0.004970565148712315,0.0,0.0
NON FIBROTIC ILA ADJUDICATED,10,1930227992,zebra_isotonic,2,770,0,0.0,0.0,0.0,0.004964141914221508,0.0,0.0
NON FIBROTIC ILA ADJUDICATED,10,1930227992,zebra_isotonic,3,769,2,0.0,0.002600780234070221,0.0007135177289523901,0.009432753192718508,0.0,0.0
NON FIBROTIC ILA ADJUDICATED,10,1930227992,zebra_isotonic,4,770,3,0.0033104431269283105,0.003896103896103896,0.0013258926936253902,0.011391775387498288,0.0,0.00425531914893617
NON FIBROTIC ILA ADJUDICATED,10,1930227992,zebra_isotonic,5,769,1,0.004255319148936169,0.0013003901170351106,0.0002295876800841234,0.007328830355107483,0.00425531914893617,0.00425531914893617
NON FIBROTIC ILA ADJUDICATED,10,1930227992,zebra_isotonic,6,769,3,0.005817996659839383,0.0039011703511053317,0.001327618000260774,0.011406505807889416,0.00425531914893617,0.007352941176470588
NON FIBROTIC ILA ADJUDICATED,10,1930227992,zebra_isotonic,7,770,2,0.008112131108367518,0.0025974025974025974,0.0007125907061236786,0.009420568652699277,0.007352941176470588,0.009478672985781991
NON FIBROTIC ILA ADJUDICATED,10,1930227992,zebra_isotonic,8,769,13,0.00976188445913714,0.016905071521456438,0.009905619514842359,0.028707033158100748,0.009478672985781991,0.009790209790209791
NON FIBROTIC ILA ADJUDICATED,10,1930227992,zebra_isotonic,9,770,20,0.026093759491348446,0.025974025974025976,0.016876091691355087,0.03977822466888089,0.009790209790209791,0.08620689655172414
NON FIBROTIC ILA ADJUDICATED,10,1930227992,genomic_raw,0,770,4,0.0,0.005194805194805195,0.0020219574690050306,0.013280219334419372,0.0,0.0
NON FIBROTIC ILA ADJUDICATED,10,1930227992,genomic_raw,1,769,3,0.0,0.0039011703511053317,0.001327618000260774,0.011406505807889416,0.0,0.0
NON FIBROTIC ILA ADJUDICATED,10,1930227992,genomic_raw,2,770,5,0.0,0.006493506493506494,0.0027767335367897463,0.01510995198893538,0.0,0.0
NON FIBROTIC ILA ADJUDICATED,10,1930227992,genomic_raw,3,769,2,0.0,0.002600780234070221,0.0007135177289523901,0.009432753192718508,0.0,0.0
NON FIBROTIC ILA ADJUDICATED,10,1930227992,genomic_raw,4,770,5,0.0,0.006493506493506494,0.0027767335367897463,0.01510995198893538,0.0,0.0
NON FIBROTIC ILA ADJUDICATED,10,1930227992,genomic_raw,5,769,3,0.0,0.0039011703511053317,0.001327618000260774,0.011406505807889416,0.0,0.0
NON FIBROTIC ILA ADJUDICATED,10,1930227992,genomic_raw,6,769,5,0.0,0.006501950585175552,0.002780348414515579,0.015129481166593194,0.0,0.0
NON FIBROTIC ILA ADJUDICATED,10,1930227992,genomic_raw,7,770,2,0.0,0.0025974025974025974,0.0007125907061236786,0.009420568652699277,0.0,0.0
NON FIBROTIC ILA ADJUDICATED,10,1930227992,genomic_raw,8,769,6,2.0434301728781246e-185,0.007802340702210663,0.003580646807040671,0.016917035660547395,0.0,1.5610417462251707e-182
NON FIBROTIC ILA ADJUDICATED,10,1930227992,genomic_raw,9,770,9,0.7386751098992538,0.011688311688311689,0.006161243000312308,0.022063477414615715,4.5252983699597784e-182,1.0
NON FIBROTIC ILA ADJUDICATED,10,1930227992,genomic_isotonic,0,770,5,0.005838198498748956,0.006493506493506494,0.0027767335367897463,0.01510995198893538,0.005838198498748957,0.005838198498748957
NON FIBROTIC ILA ADJUDICATED,10,1930227992,genomic_isotonic,1,769,3,0.005838198498748956,0.0039011703511053317,0.001327618000260774,0.011406505807889416,0.005838198498748957,0.005838198498748957
NON FIBROTIC ILA ADJUDICATED,10,1930227992,genomic_isotonic,2,770,8,0.005838198498748956,0.01038961038961039,0.005273784940225151,0.020366426752402144,0.005838198498748957,0.005838198498748957
NON FIBROTIC ILA ADJUDICATED,10,1930227992,genomic_isotonic,3,769,2,0.005838198498748956,0.002600780234070221,0.0007135177289523901,0.009432753192718508,0.005838198498748957,0.005838198498748957
NON FIBROTIC ILA ADJUDICATED,10,1930227992,genomic_isotonic,4,770,5,0.005838198498748956,0.006493506493506494,0.0027767335367897463,0.01510995198893538,0.005838198498748957,0.005838198498748957
NON FIBROTIC ILA ADJUDICATED,10,1930227992,genomic_isotonic,5,769,3,0.005838198498748956,0.0039011703511053317,0.001327618000260774,0.011406505807889416,0.005838198498748957,0.005838198498748957
NON FIBROTIC ILA ADJUDICATED,10,1930227992,genomic_isotonic,6,769,4,0.005838198498748956,0.005201560468140442,0.0020245891497467933,0.013297387544882687,0.005838198498748957,0.005838198498748957
NON FIBROTIC ILA ADJUDICATED,10,1930227992,genomic_isotonic,7,770,3,0.005838198498748956,0.003896103896103896,0.0013258926936253902,0.011391775387498288,0.005838198498748957,0.005838198498748957
NON FIBROTIC ILA ADJUDICATED,10,1930227992,genomic_isotonic,8,769,5,0.005838198498748956,0.006501950585175552,0.002780348414515579,0.015129481166593194,0.005838198498748957,0.005838198498748957
NON FIBROTIC ILA ADJUDICATED,10,1930227992,genomic_isotonic,9,770,6,0.00594629570599838,0.007792207792207792,0.0035759904186376326,0.016895203829388215,0.005838198498748957,0.005988023952095809
NON FIBROTIC ILA ADJUDICATED,10,1930227992,combined_raw,0,770,3,3.418548206019243e-11,0.003896103896103896,0.0013258926936253902,0.011391775387498288,3.3636264650565885e-16,1.2474395387595454e-10
NON FIBROTIC ILA ADJUDICATED,10,1930227992,combined_raw,1,769,2,5.246022136772948e-10,0.002600780234070221,0.0007135177289523901,0.009432753192718508,1.2545477271126405e-10,1.2526405181398716e-09
NON FIBROTIC ILA ADJUDICATED,10,1930227992,combined_raw,2,770,2,3.862992175574809e-09,0.0025974025974025974,0.0007125907061236786,0.009420568652699277,1.2534900900576799e-09,8.71484978472702e-09
NON FIBROTIC ILA ADJUDICATED,10,1930227992,combined_raw,3,769,6,2.8307651480697166e-08,0.007802340702210663,0.003580646807040671,0.016917035660547395,8.722491571278337e-09,6.56989812031474e-08
NON FIBROTIC ILA ADJUDICATED,10,1930227992,combined_raw,4,770,4,2.104124349066698e-07,0.005194805194805195,0.0020219574690050306,0.013280219334419372,6.574062916604363e-08,4.6040606616979003e-07
NON FIBROTIC ILA ADJUDICATED,10,1930227992,combined_raw,5,769,1,1.159139610173136e-06,0.0013003901170351106,0.0002295876800841234,0.007328830355107483,4.620756287825583e-07,2.3240730395458357e-06
NON FIBROTIC ILA ADJUDICATED,10,1930227992,combined_raw,6,769,9,5.8967887899249785e-06,0.011703511053315995,0.006169270449727107,0.022091970677298834,2.325223517306247e-06,1.1341755577196796e-05
NON FIBROTIC ILA ADJUDICATED,10,1930227992,combined_raw,7,770,2,2.6177911647870577e-05,0.0025974025974025974,0.0007125907061236786,0.009420568652699277,1.1376030342334523e-05,5.314244438274309e-05
NON FIBROTIC ILA ADJUDICATED,10,1930227992,combined_raw,8,769,3,0.00016673516915998698,0.0039011703511053317,0.001327618000260774,0.011406505807889416,5.315509260925602e-05,0.0004275626964845856
NON FIBROTIC ILA ADJUDICATED,10,1930227992,combined_raw,9,770,12,0.05224715694698363,0.015584415584415584,0.008937040176158829,0.027041206405671363,0.00042764862016665055,0.9998975710160187
NON FIBROTIC ILA ADJUDICATED,10,1930227992,combined_isotonic,0,770,1,0.0031701846968562432,0.0012987012987012987,0.00022928946639889794,0.007319361170123334,0.0,0.00411214953271028
NON FIBROTIC ILA ADJUDICATED,10,1930227992,combined_isotonic,1,769,3,0.00411214953271028,0.0039011703511053317,0.001327618000260774,0.011406505807889416,0.00411214953271028,0.00411214953271028
NON FIBROTIC ILA ADJUDICATED,10,1930227992,combined_isotonic,2,770,3,0.00411214953271028,0.003896103896103896,0.0013258926936253902,0.011391775387498288,0.00411214953271028,0.00411214953271028
NON FIBROTIC ILA ADJUDICATED,10,1930227992,combined_isotonic,3,769,4,0.00411214953271028,0.005201560468140442,0.0020245891497467933,0.013297387544882687,0.00411214953271028,0.00411214953271028
NON FIBROTIC ILA ADJUDICATED,10,1930227992,combined_isotonic,4,770,4,0.00411214953271028,0.005194805194805195,0.0020219574690050306,0.013280219334419372,0.00411214953271028,0.00411214953271028
NON FIBROTIC ILA ADJUDICATED,10,1930227992,combined_isotonic,5,769,5,0.004385032951207909,0.006501950585175552,0.002780348414515579,0.015129481166593194,0.00411214953271028,0.004893964110929853
NON FIBROTIC ILA ADJUDICATED,10,1930227992,combined_isotonic,6,769,1,0.005441106747348651,0.0013003901170351106,0.0002295876800841234,0.007328830355107483,0.004893964110929853,0.00611353711790393
NON FIBROTIC ILA ADJUDICATED,10,1930227992,combined_isotonic,7,770,4,0.006113537117903931,0.005194805194805195,0.0020219574690050306,0.013280219334419372,0.00611353711790393,0.00611353711790393
NON FIBROTIC ILA ADJUDICATED,10,1930227992,combined_isotonic,8,769,10,0.007791071340218154,0.013003901170351105,0.007078545900378475,0.023770548113126753,0.00611353711790393,0.012861736334405145
NON FIBROTIC ILA ADJUDICATED,10,1930227992,combined_isotonic,9,770,9,0.015458442950404366,0.011688311688311689,0.006161243000312308,0.022063477414615715,0.012861736334405145,0.16666666666666666
NON FIBROTIC ILA ADJUDICATED,11,503630262,zebra_raw,0,770,0,0.23397595871738577,0.0,0.0,0.004964141914221508,0.11893743948205666,0.26127235839391816
NON FIBROTIC ILA ADJUDICATED,11,503630262,zebra_raw,1,769,0,0.2864878488003332,0.0,0.0,0.004970565148712315,0.2612877049881964,0.3117260491343149
NON FIBROTIC ILA ADJUDICATED,11,503630262,zebra_raw,2,770,0,0.34116708582271743,0.0,0.0,0.004964141914221508,0.3117422769040575,0.3720668497622141
NON FIBROTIC ILA ADJUDICATED,11,503630262,zebra_raw,3,769,0,0.40637882414434534,0.0,0.0,0.004970565148712315,0.3721701760575374,0.4420662736478386
NON FIBROTIC ILA ADJUDICATED,11,503630262,zebra_raw,4,770,4,0.4882585256652109,0.005194805194805195,0.0020219574690050306,0.013280219334419372,0.4421006947110547,0.5423729888524657
NON FIBROTIC ILA ADJUDICATED,11,503630262,zebra_raw,5,769,2,0.6027334693492912,0.002600780234070221,0.0007135177289523901,0.009432753192718508,0.5424920108032121,0.6636699801067324
NON FIBROTIC ILA ADJUDICATED,11,503630262,zebra_raw,6,769,6,0.7329575326075126,0.007802340702210663,0.003580646807040671,0.016917035660547395,0.6637299821228352,0.7940705398672191
NON FIBROTIC ILA ADJUDICATED,11,503630262,zebra_raw,7,770,2,0.8473464095804365,0.0025974025974025974,0.0007125907061236786,0.009420568652699277,0.7942411356369743,0.8996522859474004
NON FIBROTIC ILA ADJUDICATED,11,503630262,zebra_raw,8,769,8,0.9496381274240616,0.010403120936280884,0.005280654829476248,0.0203927334110704,0.8996621190560748,0.9859102920779055
NON FIBROTIC ILA ADJUDICATED,11,503630262,zebra_raw,9,770,22,0.9966334103318291,0.02857142857142857,0.018942666074440347,0.04288066773039707,0.9859617212522348,1.0
NON FIBROTIC ILA ADJUDICATED,11,503630262,zebra_isotonic,0,770,0,0.0,0.0,0.0,0.004964141914221508,0.0,0.0
NON FIBROTIC ILA ADJUDICATED,11,503630262,zebra_isotonic,1,769,1,0.00017609037365172493,0.0013003901170351106,0.0002295876800841234,0.007328830355107483,0.0,0.0006854009595613434
NON FIBROTIC ILA ADJUDICATED,11,503630262,zebra_isotonic,2,770,1,0.0006854009595613434,0.0012987012987012987,0.00022928946639889794,0.007319361170123334,0.0006854009595613434,0.0006854009595613434
NON FIBROTIC ILA ADJUDICATED,11,503630262,zebra_isotonic,3,769,0,0.0006854009595613434,0.0,0.0,0.004970565148712315,0.0006854009595613434,0.0006854009595613434
NON FIBROTIC ILA ADJUDICATED,11,503630262,zebra_isotonic,4,770,0,0.001419959010261613,0.0,0.0,0.004964141914221508,0.0006854009595613434,0.0029940119760479044
NON FIBROTIC ILA ADJUDICATED,11,503630262,zebra_isotonic,5,769,6,0.003204398356871447,0.007802340702210663,0.003580646807040671,0.016917035660547395,0.0029940119760479044,0.004920049200492005
NON FIBROTIC ILA ADJUDICATED,11,503630262,zebra_isotonic,6,769,4,0.004920049200492007,0.005201560468140442,0.0020245891497467933,0.013297387544882687,0.004920049200492005,0.004920049200492005
NON FIBROTIC ILA ADJUDICATED,11,503630262,zebra_isotonic,7,770,2,0.005038399104588217,0.0025974025974025974,0.0007125907061236786,0.009420568652699277,0.004920049200492005,0.0058997050147492625
NON FIBROTIC ILA ADJUDICATED,11,503630262,zebra_isotonic,8,769,9,0.011476375673929834,0.011703511053315995,0.006169270449727107,0.022091970677298834,0.0058997050147492625,0.020618556701030927
NON FIBROTIC ILA ADJUDICATED,11,503630262,zebra_isotonic,9,770,21,0.03128053803062158,0.02727272727272727,0.017906160074157684,0.04133266500837901,0.020618556701030927,0.05263157894736842
NON FIBROTIC ILA ADJUDICATED,11,503630262,genomic_raw,0,770,8,2.0153048749502565e-28,0.01038961038961039,0.005273784940225151,0.020366426752402144,3.9177783460959e-42,2.113270486546202e-27
NON FIBROTIC ILA ADJUDICATED,11,503630262,genomic_raw,1,769,9,6.458057935639721e-25,0.011703511053315995,0.006169270449727107,0.022091970677298834,2.119549467954942e-27,4.3619416063440875e-24
NON FIBROTIC ILA ADJUDICATED,11,503630262,genomic_raw,2,770,1,1.9166586360811289e-22,0.0012987012987012987,0.00022928946639889794,0.007319361170123334,4.376576480424257e-24,9.056943878710387e-22
NON FIBROTIC ILA ADJUDICATED,11,503630262,genomic_raw,3,769,4,1.2875966079558953e-20,0.005201560468140442,0.0020245891497467933,0.013297387544882687,9.063210456883493e-22,5.702893475326943e-20
NON FIBROTIC ILA ADJUDICATED,11,503630262,genomic_raw,4,770,4,7.332246038810703e-19,0.005194805194805195,0.0020219574690050306,0.013280219334419372,5.746345330254793e-20,2.9336797715518613e-18
NON FIBROTIC ILA ADJUDICATED,11,503630262,genomic_raw,5,769,4,3.3157727310142654e-17,0.005201560468140442,0.0020245891497467933,0.013297387544882687,2.933957297964931e-18,1.2443114846459313e-16
NON FIBROTIC ILA ADJUDICATED,11,503630262,genomic_raw,6,769,1,1.4822694975170357e-15,0.0013003901170351106,0.0002295876800841234,0.007328830355107483,1.2679055954296568e-16,6.438845209764369e-15
NON FIBROTIC ILA ADJUDICATED,11,503630262,genomic_raw,7,770,5,1.2130144862575028e-13,0.006493506493506494,0.0027767335367897463,0.01510995198893538,6.444094576895026e-15,5.69820960089914e-13
NON FIBROTIC ILA ADJUDICATED,11,503630262,genomic_raw,8,769,4,9.682572773475891e-11,0.005201560468140442,0.0020245891497467933,0.013297387544882687,5.70776242230055e-13,8.556946984867673e-10
NON FIBROTIC ILA ADJUDICATED,11,503630262,genomic_raw,9,770,4,0.14411490296750273,0.005194805194805195,0.0020219574690050306,0.013280219334419372,8.699869095170698e-10,0.9999999999428937
NON FIBROTIC ILA ADJUDICATED,11,503630262,genomic_isotonic,0,770,5,0.0044444444444444444,0.006493506493506494,0.0027767335367897463,0.01510995198893538,0.0044444444444444444,0.0044444444444444444
NON FIBROTIC ILA ADJUDICATED,11,503630262,genomic_isotonic,2,770,1,0.0044444444444444444,0.0012987012987012987,0.00022928946639889794,0.007319361170123334,0.0044444444444444444,0.0044444444444444444
NON FIBROTIC ILA ADJUDICATED,11,503630262,genomic_isotonic,4,770,3,0.0044444444444444444,0.003896103896103896,0.0013258926936253902,0.011391775387498288,0.0044444444444444444,0.0044444444444444444
NON FIBROTIC ILA ADJUDICATED,11,503630262,genomic_isotonic,7,770,2,0.0044444444444444444,0.0025974025974025974,0.0007125907061236786,0.009420568652699277,0.0044444444444444444,0.0044444444444444444
NON FIBROTIC ILA ADJUDICATED,11,503630262,genomic_isotonic,1,769,7,0.004444444444444445,0.009102730819245773,0.004416223152723785,0.01866931220134357,0.0044444444444444444,0.0044444444444444444
NON FIBROTIC ILA ADJUDICATED,11,503630262,genomic_isotonic,3,769,6,0.004444444444444445,0.007802340702210663,0.003580646807040671,0.016917035660547395,0.0044444444444444444,0.0044444444444444444
NON FIBROTIC ILA ADJUDICATED,11,503630262,genomic_isotonic,5,769,5,0.004444444444444445,0.006501950585175552,0.002780348414515579,0.015129481166593194,0.0044444444444444444,0.0044444444444444444
NON FIBROTIC ILA ADJUDICATED,11,503630262,genomic_isotonic,6,769,5,0.004444444444444445,0.006501950585175552,0.002780348414515579,0.015129481166593194,0.0044444444444444444,0.0044444444444444444
NON FIBROTIC ILA ADJUDICATED,11,503630262,genomic_isotonic,8,769,7,0.005402424789272356,0.009102730819245773,0.004416223152723785,0.01866931220134357,0.0044444444444444444,0.005902192242833053
NON FIBROTIC ILA ADJUDICATED,11,503630262,genomic_isotonic,9,770,3,0.007907320975530393,0.003896103896103896,0.0013258926936253902,0.011391775387498288,0.005902192242833053,0.013888888888888888
NON FIBROTIC ILA ADJUDICATED,11,503630262,combined_raw,0,770,1,0.0014808985464351168,0.0012987012987012987,0.00022928946639889794,0.007319361170123334,0.0004396001093202219,0.002076817915141319
NON FIBROTIC ILA ADJUDICATED,11,503630262,combined_raw,1,769,1,0.002598141177577573,0.0013003901170351106,0.0002295876800841234,0.007328830355107483,0.0020769256928269194,0.003181041488901881
NON FIBROTIC ILA ADJUDICATED,11,503630262,combined_raw,2,770,2,0.0037965612331344683,0.0025974025974025974,0.0007125907061236786,0.009420568652699277,0.0031821659924140874,0.00449008779151992
NON FIBROTIC ILA ADJUDICATED,11,503630262,combined_raw,3,769,4,0.0053144861536803265,0.005201560468140442,0.0020245891497467933,0.013297387544882687,0.004490486329840152,0.006201731589683837
NON FIBROTIC ILA ADJUDICATED,11,503630262,combined_raw,4,770,0,0.007574587772615179,0.0,0.0,0.004964141914221508,0.006204137370083246,0.009269653193610698
NON FIBROTIC ILA ADJUDICATED,11,503630262,combined_raw,5,769,2,0.011630761650362371,0.002600780234070221,0.0007135177289523901,0.009432753192718508,0.009272547808155274,0.01481312162143355
NON FIBROTIC ILA ADJUDICATED,11,503630262,combined_raw,6,769,4,0.021529106386683663,0.005201560468140442,0.0020245891497467933,0.013297387544882687,0.014814593174626715,0.03182692470262412
NON FIBROTIC ILA ADJUDICATED,11,503630262,combined_raw,7,770,7,0.049620370096568715,0.00909090909090909,0.004410478976495486,0.01864522399383109,0.03184106998634372,0.07523406469766114
NON FIBROTIC ILA ADJUDICATED,11,503630262,combined_raw,8,769,8,0.11564014045482607,0.010403120936280884,0.005280654829476248,0.0203927334110704,0.07525283009372541,0.16933186073890036
NON FIBROTIC ILA ADJUDICATED,11,503630262,combined_raw,9,770,15,0.31941322406652395,0.01948051948051948,0.011840409174050253,0.0318913635746821,0.16945175577071525,0.7847846486900495
NON FIBROTIC ILA ADJUDICATED,11,503630262,combined_isotonic,0,770,2,0.0006388669416262986,0.0025974025974025974,0.0007125907061236786,0.009420568652699277,0.0,0.0014705882352941176
NON FIBROTIC ILA ADJUDICATED,11,503630262,combined_isotonic,1,769,1,0.0018840166293946697,0.0013003901170351106,0.0002295876800841234,0.007328830355107483,0.0014705882352941176,0.004282655246252677
NON FIBROTIC ILA ADJUDICATED,11,503630262,combined_isotonic,2,770,1,0.004282655246252675,0.0012987012987012987,0.00022928946639889794,0.007319361170123334,0.004282655246252677,0.004282655246252677
NON FIBROTIC ILA ADJUDICATED,11,503630262,combined_isotonic,3,769,4,0.004282655246252675,0.005201560468140442,0.0020245891497467933,0.013297387544882687,0.004282655246252677,0.004282655246252677
NON FIBROTIC ILA ADJUDICATED,11,503630262,combined_isotonic,4,770,0,0.004282655246252675,0.0,0.0,0.004964141914221508,0.004282655246252677,0.004282655246252677
NON FIBROTIC ILA ADJUDICATED,11,503630262,combined_isotonic,5,769,6,0.006927808924836967,0.007802340702210663,0.003580646807040671,0.016917035660547395,0.004282655246252677,0.007411630558722919
NON FIBROTIC ILA ADJUDICATED,11,503630262,combined_isotonic,7,770,4,0.007411630558722919,0.005194805194805195,0.0020219574690050306,0.013280219334419372,0.007411630558722919,0.007411630558722919
NON FIBROTIC ILA ADJUDICATED,11,503630262,combined_isotonic,6,769,3,0.00741163055872292,0.0039011703511053317,0.001327618000260774,0.011406505807889416,0.007411630558722919,0.007411630558722919
NON FIBROTIC ILA ADJUDICATED,11,503630262,combined_isotonic,8,769,10,0.008903443589115012,0.013003901170351105,0.007078545900378475,0.023770548113126753,0.007411630558722919,0.00949367088607595
NON FIBROTIC ILA ADJUDICATED,11,503630262,combined_isotonic,9,770,13,0.016401031147385454,0.016883116883116882,0.009892721428977881,0.028670033875153024,0.00949367088607595,0.024844720496894408
NON FIBROTIC ILA ADJUDICATED,12,64492860,zebra_raw,0,770,0,0.23293613386343015,0.0,0.0,0.004964141914221508,0.1314070368880061,0.26122793947356854
NON FIBROTIC ILA ADJUDICATED,12,64492860,zebra_raw,1,769,0,0.28716476461705437,0.0,0.0,0.004970565148712315,0.26124029215840633,0.3131465511809583
NON FIBROTIC ILA ADJUDICATED,12,64492860,zebra_raw,2,770,0,0.3437029862260007,0.0,0.0,0.004964141914221508,0.3132357458358274,0.3765367915240456
NON FIBROTIC ILA ADJUDICATED,12,64492860,zebra_raw,3,769,0,0.40874506015372686,0.0,0.0,0.004970565148712315,0.37656862785595624,0.4433498042527666
NON FIBROTIC ILA ADJUDICATED,12,64492860,zebra_raw,4,770,4,0.4880176407022342,0.005194805194805195,0.0020219574690050306,0.013280219334419372,0.4433772912540586,0.5374405249829425
NON FIBROTIC ILA ADJUDICATED,12,64492860,zebra_raw,5,769,2,0.5988419366500173,0.002600780234070221,0.0007135177289523901,0.009432753192718508,0.5375723485787793,0.6623843890260755
NON FIBROTIC ILA ADJUDICATED,12,64492860,zebra_raw,6,769,5,0.7309345896263927,0.006501950585175552,0.002780348414515579,0.015129481166593194,0.6624211874553052,0.7942411356369743
NON FIBROTIC ILA ADJUDICATED,12,64492860,zebra_raw,7,770,3,0.8486187842651205,0.003896103896103896,0.0013258926936253902,0.011391775387498288,0.7943113857562042,0.9036589812023949
NON FIBROTIC ILA ADJUDICATED,12,64492860,zebra_raw,8,769,8,0.9521340153262163,0.010403120936280884,0.005280654829476248,0.0203927334110704,0.9037300362083645,0.9858032066519998
NON FIBROTIC ILA ADJUDICATED,12,64492860,zebra_raw,9,770,22,0.9964039724014869,0.02857142857142857,0.018942666074440347,0.04288066773039707,0.9858607951392028,1.0
NON FIBROTIC ILA ADJUDICATED,12,64492860,zebra_isotonic,0,770,0,0.0,0.0,0.0,0.004964141914221508,0.0,0.0
NON FIBROTIC ILA ADJUDICATED,12,64492860,zebra_isotonic,1,769,0,0.00017461661997630925,0.0,0.0,0.004970565148712315,0.0,0.0006455777921239509
NON FIBROTIC ILA ADJUDICATED,12,64492860,zebra_isotonic,2,770,0,0.0006455777921239511,0.0,0.0,0.004964141914221508,0.0006455777921239509,0.0006455777921239509
NON FIBROTIC ILA ADJUDICATED,12,64492860,zebra_isotonic,3,769,1,0.0006455777921239511,0.0013003901170351106,0.0002295876800841234,0.007328830355107483,0.0006455777921239509,0.0006455777921239509
NON FIBROTIC ILA ADJUDICATED,12,64492860,zebra_isotonic,4,770,3,0.0010824827351454034,0.003896103896103896,0.0013258926936253902,0.011391775387498288,0.0006455777921239509,0.0036101083032490976
NON FIBROTIC ILA ADJUDICATED,12,64492860,zebra_isotonic,5,769,2,0.0037229229397213654,0.002600780234070221,0.0007135177289523901,0.009432753192718508,0.0036101083032490976,0.004770992366412214
NON FIBROTIC ILA ADJUDICATED,12,64492860,zebra_isotonic,6,769,4,0.004770992366412214,0.005201560468140442,0.0020245891497467933,0.013297387544882687,0.004770992366412214,0.004770992366412214
NON FIBROTIC ILA ADJUDICATED,12,64492860,zebra_isotonic,7,770,4,0.005657264541417919,0.005194805194805195,0.0020219574690050306,0.013280219334419372,0.004770992366412214,0.010869565217391304
NON FIBROTIC ILA ADJUDICATED,12,64492860,zebra_isotonic,8,769,8,0.013550884967353651,0.010403120936280884,0.005280654829476248,0.0203927334110704,0.010869565217391304,0.017857142857142856
NON FIBROTIC ILA ADJUDICATED,12,64492860,zebra_isotonic,9,770,22,0.02757865075912,0.02857142857142857,0.018942666074440347,0.04288066773039707,0.017857142857142856,0.05357142857142857
NON FIBROTIC ILA ADJUDICATED,12,64492860,genomic_raw,0,770,6,2.0274494326437954e-10,0.007792207792207792,0.0035759904186376326,0.016895203829388215,3.2324781058361917e-15,1.1566017248032421e-09
NON FIBROTIC ILA ADJUDICATED,12,64492860,genomic_raw,1,769,8,5.631386641662025e-09,0.010403120936280884,0.005280654829476248,0.0203927334110704,1.1580335001753386e-09,1.216784798691092e-08
NON FIBROTIC ILA ADJUDICATED,12,64492860,genomic_raw,2,770,2,2.4661109307320454e-08,0.0025974025974025974,0.0007125907061236786,0.009420568652699277,1.2173172337446904e-08,4.177701126559849e-08
NON FIBROTIC ILA ADJUDICATED,12,64492860,genomic_raw,3,769,4,6.877232928734941e-08,0.005201560468140442,0.0020245891497467933,0.013297387544882687,4.187885190271083e-08,1.0621371832630926e-07
NON FIBROTIC ILA ADJUDICATED,12,64492860,genomic_raw,4,770,6,1.7074442440116837e-07,0.007792207792207792,0.0035759904186376326,0.016895203829388215,1.0621589478481334e-07,2.5274812577535597e-07
NON FIBROTIC ILA ADJUDICATED,12,64492860,genomic_raw,5,769,3,4.156003712184623e-07,0.0039011703511053317,0.001327618000260774,0.011406505807889416,2.528979393860221e-07,6.442922211298905e-07
NON FIBROTIC ILA ADJUDICATED,12,64492860,genomic_raw,6,769,2,1.2359358964592408e-06,0.002600780234070221,0.0007135177289523901,0.009432753192718508,6.449948367983973e-07,2.307306035305105e-06
NON FIBROTIC ILA ADJUDICATED,12,64492860,genomic_raw,7,770,2,9.29969587080986e-06,0.0025974025974025974,0.0007125907061236786,0.009420568652699277,2.310781954047897e-06,3.1644780201173846e-05
NON FIBROTIC ILA ADJUDICATED,12,64492860,genomic_raw,8,769,7,0.0004106539175065288,0.009102730819245773,0.004416223152723785,0.01866931220134357,3.208776563127559e-05,0.0015582676538945508
NON FIBROTIC ILA ADJUDICATED,12,64492860,genomic_raw,9,770,4,0.12397075478393876,0.005194805194805195,0.0020219574690050306,0.013280219334419372,0.0015678989829922456,0.9997982050785127
NON FIBROTIC ILA ADJUDICATED,12,64492860,genomic_isotonic,0,770,8,0.0008097048854829292,0.01038961038961039,0.005273784940225151,0.020366426752402144,0.0,0.002835538752362949
NON FIBROTIC ILA ADJUDICATED,12,64492860,genomic_isotonic,1,769,4,0.002835538752362949,0.005201560468140442,0.0020245891497467933,0.013297387544882687,0.002835538752362949,0.002835538752362949
NON FIBROTIC ILA ADJUDICATED,12,64492860,genomic_isotonic,2,770,4,0.002835538752362949,0.005194805194805195,0.0020219574690050306,0.013280219334419372,0.002835538752362949,0.002835538752362949
NON FIBROTIC ILA ADJUDICATED,12,64492860,genomic_isotonic,3,769,3,0.004845328192874781,0.0039011703511053317,0.001327618000260774,0.011406505807889416,0.002835538752362949,0.006664734859461026
NON FIBROTIC ILA ADJUDICATED,12,64492860,genomic_isotonic,4,770,2,0.006664734859461026,0.0025974025974025974,0.0007125907061236786,0.009420568652699277,0.006664734859461026,0.006664734859461026
NON FIBROTIC ILA ADJUDICATED,12,64492860,genomic_isotonic,5,769,3,0.006664734859461026,0.0039011703511053317,0.001327618000260774,0.011406505807889416,0.006664734859461026,0.006664734859461026
NON FIBROTIC ILA ADJUDICATED,12,64492860,genomic_isotonic,6,769,6,0.006664734859461026,0.007802340702210663,0.003580646807040671,0.016917035660547395,0.006664734859461026,0.006664734859461026
NON FIBROTIC ILA ADJUDICATED,12,64492860,genomic_isotonic,7,770,5,0.006664734859461026,0.006493506493506494,0.0027767335367897463,0.01510995198893538,0.006664734859461026,0.006664734859461026
NON FIBROTIC ILA ADJUDICATED,12,64492860,genomic_isotonic,8,769,5,0.006664734859461026,0.006501950585175552,0.002780348414515579,0.015129481166593194,0.006664734859461026,0.006664734859461026
NON FIBROTIC ILA ADJUDICATED,12,64492860,genomic_isotonic,9,770,4,0.008774631746702073,0.005194805194805195,0.0020219574690050306,0.013280219334419372,0.006664734859461026,0.008908685968819599
NON FIBROTIC ILA ADJUDICATED,12,64492860,combined_raw,0,770,2,0.001533086612165447,0.0025974025974025974,0.0007125907061236786,0.009420568652699277,0.00011866725079708128,0.004045400453429083
NON FIBROTIC ILA ADJUDICATED,12,64492860,combined_raw,1,769,3,0.006029064725623763,0.0039011703511053317,0.001327618000260774,0.011406505807889416,0.004047086758166511,0.0076272682659591145
NON FIBROTIC ILA ADJUDICATED,12,64492860,combined_raw,2,770,0,0.009202310741974255,0.0,0.0,0.004964141914221508,0.0076296914166749195,0.01093666423723035
NON FIBROTIC ILA ADJUDICATED,12,64492860,combined_raw,3,769,2,0.012620733481015948,0.002600780234070221,0.0007135177289523901,0.009432753192718508,0.010941020693546622,0.014520755467543847
NON FIBROTIC ILA ADJUDICATED,12,64492860,combined_raw,4,770,4,0.017335284011270585,0.005194805194805195,0.0020219574690050306,0.013280219334419372,0.014527056852053969,0.020375703070199015
NON FIBROTIC ILA ADJUDICATED,12,64492860,combined_raw,5,769,2,0.024225828502206868,0.002600780234070221,0.0007135177289523901,0.009432753192718508,0.02038726927758347,0.028993176942120714
NON FIBROTIC ILA ADJUDICATED,12,64492860,combined_raw,6,769,0,0.03558503790463558,0.0,0.0,0.004970565148712315,0.02900440774959976,0.04400322154739328
NON FIBROTIC ILA ADJUDICATED,12,64492860,combined_raw,7,770,7,0.05904669365320283,0.00909090909090909,0.004410478976495486,0.01864522399383109,0.04401492419078487,0.07852245118823625
NON FIBROTIC ILA ADJUDICATED,12,64492860,combined_raw,8,769,4,0.11600290774787182,0.005201560468140442,0.0020245891497467933,0.013297387544882687,0.0785548586019584,0.17117218968416362
NON FIBROTIC ILA ADJUDICATED,12,64492860,combined_raw,9,770,20,0.32134561707651516,0.025974025974025976,0.016876091691355087,0.03977822466888089,0.17152222630846659,0.8469133546390247
NON FIBROTIC ILA ADJUDICATED,12,64492860,combined_isotonic,0,770,1,0.0024818620743074027,0.0012987012987012987,0.00022928946639889794,0.007319361170123334,0.0,0.002485089463220676
NON FIBROTIC ILA ADJUDICATED,12,64492860,combined_isotonic,1,769,4,0.004735923567278599,0.005201560468140442,0.0020245891497467933,0.013297387544882687,0.002485089463220676,0.006006006006006006
NON FIBROTIC ILA ADJUDICATED,12,64492860,combined_isotonic,2,770,0,0.006144005379174,0.0,0.0,0.004964141914221508,0.006006006006006006,0.006417112299465241
NON FIBROTIC ILA ADJUDICATED,12,64492860,combined_isotonic,3,769,3,0.006417112299465242,0.0039011703511053317,0.001327618000260774,0.011406505807889416,0.006417112299465241,0.006417112299465241
NON FIBROTIC ILA ADJUDICATED,12,64492860,combined_isotonic,4,770,2,0.006417112299465242,0.0025974025974025974,0.0007125907061236786,0.009420568652699277,0.006417112299465241,0.006417112299465241
NON FIBROTIC ILA ADJUDICATED,12,64492860,combined_isotonic,5,769,5,0.006417112299465242,0.006501950585175552,0.002780348414515579,0.015129481166593194,0.006417112299465241,0.006417112299465241
NON FIBROTIC ILA ADJUDICATED,12,64492860,combined_isotonic,6,769,2,0.006417112299465242,0.002600780234070221,0.0007135177289523901,0.009432753192718508,0.006417112299465241,0.006417112299465241
NON FIBROTIC ILA ADJUDICATED,12,64492860,combined_isotonic,7,770,2,0.006417112299465242,0.0025974025974025974,0.0007125907061236786,0.009420568652699277,0.006417112299465241,0.006417112299465241
NON FIBROTIC ILA ADJUDICATED,12,64492860,combined_isotonic,8,769,7,0.007602328139294793,0.009102730819245773,0.004416223152723785,0.01866931220134357,0.006417112299465241,0.013651877133105802
NON FIBROTIC ILA ADJUDICATED,12,64492860,combined_isotonic,9,770,18,0.01680392905937948,0.023376623376623377,0.014837136266102694,0.036648162649531836,0.013651877133105802,0.03225806451612903
NON FIBROTIC ILA ADJUDICATED,13,1149444520,zebra_raw,0,770,0,0.23200839040542148,0.0,0.0,0.004964141914221508,0.11052533634471677,0.2603686869559921
NON FIBROTIC ILA ADJUDICATED,13,1149444520,zebra_raw,1,769,1,0.2857709372528097,0.0013003901170351106,0.0002295876800841234,0.007328830355107483,0.2603712147413345,0.31130472529421865
NON FIBROTIC ILA ADJUDICATED,13,1149444520,zebra_raw,2,770,0,0.3416987625469594,0.0,0.0,0.004964141914221508,0.31136030506380313,0.3744961545744017
NON FIBROTIC ILA ADJUDICATED,13,1149444520,zebra_raw,3,769,0,0.40999993992294476,0.0,0.0,0.004970565148712315,0.3746139423417925,0.44715602283742534
NON FIBROTIC ILA ADJUDICATED,13,1149444520,zebra_raw,4,770,5,0.49358619007159366,0.006493506493506494,0.0027767335367897463,0.01510995198893538,0.44729874340067893,0.5430661623395054
NON FIBROTIC ILA ADJUDICATED,13,1149444520,zebra_raw,5,769,2,0.6017392021312963,0.002600780234070221,0.0007135177289523901,0.009432753192718508,0.5431945930178149,0.6637367749806213
NON FIBROTIC ILA ADJUDICATED,13,1149444520,zebra_raw,6,769,7,0.72980796820778,0.009102730819245773,0.004416223152723785,0.01866931220134357,0.6639313742761924,0.7921631693005852
NON FIBROTIC ILA ADJUDICATED,13,1149444520,zebra_raw,7,770,3,0.8481129715588412,0.003896103896103896,0.0013258926936253902,0.011391775387498288,0.792178099230255,0.8998162513949661
NON FIBROTIC ILA ADJUDICATED,13,1149444520,zebra_raw,8,769,6,0.948889645781958,0.007802340702210663,0.003580646807040671,0.016917035660547395,0.8998170492352966,0.9846988562571408
NON FIBROTIC ILA ADJUDICATED,13,1149444520,zebra_raw,9,770,20,0.9966276701396967,0.025974025974025976,0.016876091691355087,0.03977822466888089,0.9848326645699333,1.0
NON FIBROTIC ILA ADJUDICATED,13,1149444520,zebra_isotonic,0,770,0,0.0,0.0,0.0,0.004964141914221508,0.0,0.0
NON FIBROTIC ILA ADJUDICATED,13,1149444520,zebra_isotonic,1,769,0,0.0,0.0,0.0,0.004970565148712315,0.0,0.0
NON FIBROTIC ILA ADJUDICATED,13,1149444520,zebra_isotonic,2,770,2,0.0,0.0025974025974025974,0.0007125907061236786,0.009420568652699277,0.0,0.0
NON FIBROTIC ILA ADJUDICATED,13,1149444520,zebra_isotonic,3,769,0,0.0,0.0,0.0,0.004970565148712315,0.0,0.0
NON FIBROTIC ILA ADJUDICATED,13,1149444520,zebra_isotonic,4,770,3,0.000979838575746504,0.003896103896103896,0.0013258926936253902,0.011391775387498288,0.0,0.0025575447570332483
NON FIBROTIC ILA ADJUDICATED,13,1149444520,zebra_isotonic,5,769,5,0.002557544757033248,0.006501950585175552,0.002780348414515579,0.015129481166593194,0.0025575447570332483,0.0025575447570332483
NON FIBROTIC ILA ADJUDICATED,13,1149444520,zebra_isotonic,6,769,2,0.002557544757033248,0.002600780234070221,0.0007135177289523901,0.009432753192718508,0.0025575447570332483,0.0025575447570332483
NON FIBROTIC ILA ADJUDICATED,13,1149444520,zebra_isotonic,7,770,6,0.0031631910368791964,0.007792207792207792,0.0035759904186376326,0.016895203829388215,0.0025575447570332483,0.004545454545454545
NON FIBROTIC ILA ADJUDICATED,13,1149444520,zebra_isotonic,8,769,9,0.012966933927548632,0.011703511053315995,0.006169270449727107,0.022091970677298834,0.004545454545454545,0.015659955257270694
NON FIBROTIC ILA ADJUDICATED,13,1149444520,zebra_isotonic,9,770,17,0.04199458495699377,0.02207792207792208,0.01382933715277743,0.03507145304055638,0.015659955257270694,0.14285714285714285
NON FIBROTIC ILA ADJUDICATED,13,1149444520,genomic_raw,0,770,6,0.007578912032082545,0.007792207792207792,0.0035759904186376326,0.016895203829388215,0.002402851546003522,0.010894096244951294
NON FIBROTIC ILA ADJUDICATED,13,1149444520,genomic_raw,1,769,5,0.014368396097829066,0.006501950585175552,0.002780348414515579,0.015129481166593194,0.010906284279534422,0.01792961073235529
NON FIBROTIC ILA ADJUDICATED,13,1149444520,genomic_raw,2,770,5,0.02248481700037352,0.006493506493506494,0.0027767335367897463,0.01510995198893538,0.017939823441348784,0.028026187952972074
NON FIBROTIC ILA ADJUDICATED,13,1149444520,genomic_raw,3,769,1,0.03934095897647431,0.0013003901170351106,0.0002295876800841234,0.007328830355107483,0.028053279587841647,0.06961611046245628
NON FIBROTIC ILA ADJUDICATED,13,1149444520,genomic_raw,4,770,2,0.14088672119081513,0.0025974025974025974,0.0007125907061236786,0.009420568652699277,0.06990636425184477,0.18652119304360362
NON FIBROTIC ILA ADJUDICATED,13,1149444520,genomic_raw,5,769,5,0.2206602182284506,0.006501950585175552,0.002780348414515579,0.015129481166593194,0.1868094117403751,0.25285551229839553
NON FIBROTIC ILA ADJUDICATED,13,1149444520,genomic_raw,6,769,2,0.2862544084657694,0.002600780234070221,0.0007135177289523901,0.009432753192718508,0.2528614087684692,0.31837269693562864
NON FIBROTIC ILA ADJUDICATED,13,1149444520,genomic_raw,7,770,4,0.35085700620095395,0.005194805194805195,0.0020219574690050306,0.013280219334419372,0.31844453072292167,0.38436476770736866
NON FIBROTIC ILA ADJUDICATED,13,1149444520,genomic_raw,8,769,5,0.42254288125999034,0.006501950585175552,0.002780348414515579,0.015129481166593194,0.3844079678312257,0.4673882997623074
NON FIBROTIC ILA ADJUDICATED,13,1149444520,genomic_raw,9,770,9,0.5268152206452096,0.011688311688311689,0.006161243000312308,0.022063477414615715,0.467626652152806,0.7520014184770447
NON FIBROTIC ILA ADJUDICATED,13,1149444520,genomic_isotonic,0,770,5,0.00506348426084338,0.006493506493506494,0.0027767335367897463,0.01510995198893538,0.003875968992248062,0.0058428279287175
NON FIBROTIC ILA ADJUDICATED,13,1149444520,genomic_isotonic,1,769,4,0.0058428279287175,0.005201560468140442,0.0020245891497467933,0.013297387544882687,0.0058428279287175,0.0058428279287175
NON FIBROTIC ILA ADJUDICATED,13,1149444520,genomic_isotonic,2,770,1,0.0058428279287175,0.0012987012987012987,0.00022928946639889794,0.007319361170123334,0.0058428279287175,0.0058428279287175
NON FIBROTIC ILA ADJUDICATED,13,1149444520,genomic_isotonic,3,769,7,0.0058428279287175,0.009102730819245773,0.004416223152723785,0.01866931220134357,0.0058428279287175,0.0058428279287175
NON FIBROTIC ILA ADJUDICATED,13,1149444520,genomic_isotonic,4,770,4,0.0058428279287175,0.005194805194805195,0.0020219574690050306,0.013280219334419372,0.0058428279287175,0.0058428279287175
NON FIBROTIC ILA ADJUDICATED,13,1149444520,genomic_isotonic,5,769,1,0.0058428279287175,0.0013003901170351106,0.0002295876800841234,0.007328830355107483,0.0058428279287175,0.0058428279287175
NON FIBROTIC ILA ADJUDICATED,13,1149444520,genomic_isotonic,6,769,5,0.0058428279287175,0.006501950585175552,0.002780348414515579,0.015129481166593194,0.0058428279287175,0.0058428279287175
NON FIBROTIC ILA ADJUDICATED,13,1149444520,genomic_isotonic,7,770,4,0.005923080124446683,0.005194805194805195,0.0020219574690050306,0.013280219334419372,0.0058428279287175,0.005952380952380952
NON FIBROTIC ILA ADJUDICATED,13,1149444520,genomic_isotonic,8,769,4,0.005952380952380953,0.005201560468140442,0.0020245891497467933,0.013297387544882687,0.005952380952380952,0.005952380952380952
NON FIBROTIC ILA ADJUDICATED,13,1149444520,genomic_isotonic,9,770,9,0.007513456373861159,0.011688311688311689,0.006161243000312308,0.022063477414615715,0.005952380952380952,0.09090909090909091
NON FIBROTIC ILA ADJUDICATED,13,1149444520,combined_raw,0,770,1,0.002852713888359116,0.0012987012987012987,0.00022928946639889794,0.007319361170123334,0.002349021303797865,0.0031473763828400703
NON FIBROTIC ILA ADJUDICATED,13,1149444520,combined_raw,1,769,1,0.0034526869085625142,0.0013003901170351106,0.0002295876800841234,0.007328830355107483,0.0031485942662372295,0.003776431155181832
NON FIBROTIC ILA ADJUDICATED,13,1149444520,combined_raw,2,770,1,0.004202211633714897,0.0012987012987012987,0.00022928946639889794,0.007319361170123334,0.003776785911481968,0.004640263636785029
NON FIBROTIC ILA ADJUDICATED,13,1149444520,combined_raw,3,769,1,0.005079523513754717,0.0013003901170351106,0.0002295876800841234,0.007328830355107483,0.004641163824570307,0.005520484763103189
NON FIBROTIC ILA ADJUDICATED,13,1149444520,combined_raw,4,770,3,0.006216600027901313,0.003896103896103896,0.0013258926936253902,0.011391775387498288,0.005522119457086845,0.007263315707829896
NON FIBROTIC ILA ADJUDICATED,13,1149444520,combined_raw,5,769,2,0.009944464310421026,0.002600780234070221,0.0007135177289523901,0.009432753192718508,0.0072653856144190895,0.013028790187175529
NON FIBROTIC ILA ADJUDICATED,13,1149444520,combined_raw,6,769,5,0.017421819276758288,0.006501950585175552,0.002780348414515579,0.015129481166593194,0.013029163957183183,0.02286995532995682
NON FIBROTIC ILA ADJUDICATED,13,1149444520,combined_raw,7,770,9,0.03387326704941229,0.011688311688311689,0.006161243000312308,0.022063477414615715,0.02289836724461415,0.04935533028461231
NON FIBROTIC ILA ADJUDICATED,13,1149444520,combined_raw,8,769,6,0.07895832807572763,0.007802340702210663,0.003580646807040671,0.016917035660547395,0.04936848021655301,0.12029547378043795
NON FIBROTIC ILA ADJUDICATED,13,1149444520,combined_raw,9,770,15,0.2273134806914723,0.01948051948051948,0.011840409174050253,0.0318913635746821,0.12037231475080927,0.6129940340686592
NON FIBROTIC ILA ADJUDICATED,13,1149444520,combined_isotonic,0,770,2,0.0,0.0025974025974025974,0.0007125907061236786,0.009420568652699277,0.0,0.0
NON FIBROTIC ILA ADJUDICATED,13,1149444520,combined_isotonic,1,769,0,0.0,0.0,0.0,0.004970565148712315,0.0,0.0
NON FIBROTIC ILA ADJUDICATED,13,1149444520,combined_isotonic,2,770,2,0.0,0.0025974025974025974,0.0007125907061236786,0.009420568652699277,0.0,0.0
NON FIBROTIC ILA ADJUDICATED,13,1149444520,combined_isotonic,3,769,0,0.0,0.0,0.0,0.004970565148712315,0.0,0.0
NON FIBROTIC ILA ADJUDICATED,13,1149444520,combined_isotonic,4,770,2,0.0005064490811355122,0.0025974025974025974,0.0007125907061236786,0.009420568652699277,0.0,0.002280501710376283
NON FIBROTIC ILA ADJUDICATED,13,1149444520,combined_isotonic,5,769,2,0.0023278574840603465,0.002600780234070221,0.0007135177289523901,0.009432753192718508,0.002280501710376283,0.0024096385542168677
NON FIBROTIC ILA ADJUDICATED,13,1149444520,combined_isotonic,6,769,4,0.0030705662811160725,0.005201560468140442,0.0020245891497467933,0.013297387544882687,0.0024096385542168677,0.008639308855291577
NON FIBROTIC ILA ADJUDICATED,13,1149444520,combined_isotonic,7,770,12,0.010445164452462394,0.015584415584415584,0.008937040176158829,0.027041206405671363,0.008639308855291577,0.0144
NON FIBROTIC ILA ADJUDICATED,13,1149444520,combined_isotonic,8,769,5,0.014403164904871472,0.006501950585175552,0.002780348414515579,0.015129481166593194,0.0144,0.01683381184616326
NON FIBROTIC ILA ADJUDICATED,13,1149444520,combined_isotonic,9,770,15,0.035044651381001476,0.01948051948051948,0.011840409174050253,0.0318913635746821,0.017241379310344827,0.09523809523809523
NON FIBROTIC ILA ADJUDICATED,14,1560081488,zebra_raw,0,770,0,0.23209398992826674,0.0,0.0,0.004964141914221508,0.11052533634471677,0.26012988831572514
NON FIBROTIC ILA ADJUDICATED,14,1560081488,zebra_raw,1,769,0,0.28448725010922216,0.0,0.0,0.004970565148712315,0.2601982884591711,0.31044486610500327
NON FIBROTIC ILA ADJUDICATED,14,1560081488,zebra_raw,2,770,0,0.34098213623484985,0.0,0.0,0.004964141914221508,0.3104923777522535,0.374738259736572
NON FIBROTIC ILA ADJUDICATED,14,1560081488,zebra_raw,3,769,0,0.4091427154323382,0.0,0.0,0.004970565148712315,0.37474196822514005,0.4436878011693051
NON FIBROTIC ILA ADJUDICATED,14,1560081488,zebra_raw,4,770,4,0.48871283806073096,0.005194805194805195,0.0020219574690050306,0.013280219334419372,0.4437147234603458,0.5404581129876334
NON FIBROTIC ILA ADJUDICATED,14,1560081488,zebra_raw,5,769,1,0.6036924713259,0.0013003901170351106,0.0002295876800841234,0.007328830355107483,0.5407244457573239,0.6694562869243691
NON FIBROTIC ILA ADJUDICATED,14,1560081488,zebra_raw,6,769,3,0.7340704506478624,0.0039011703511053317,0.001327618000260774,0.011406505807889416,0.6695284955270118,0.7917499881120212
NON FIBROTIC ILA ADJUDICATED,14,1560081488,zebra_raw,7,770,4,0.8484980190681805,0.005194805194805195,0.0020219574690050306,0.013280219334419372,0.7919419135256038,0.9009422577424787
NON FIBROTIC ILA ADJUDICATED,14,1560081488,zebra_raw,8,769,8,0.9515329352364161,0.010403120936280884,0.005280654829476248,0.0203927334110704,0.9010687245335479,0.9866728440156178
NON FIBROTIC ILA ADJUDICATED,14,1560081488,zebra_raw,9,770,24,0.9967930644257388,0.03116883116883117,0.021033415527337528,0.04595893572210135,0.986683171002475,1.0
NON FIBROTIC ILA ADJUDICATED,14,1560081488,zebra_isotonic,0,770,0,0.0,0.0,0.0,0.004964141914221508,0.0,0.0
NON FIBROTIC ILA ADJUDICATED,14,1560081488,zebra_isotonic,1,769,0,0.00017386092010183716,0.0,0.0,0.004970565148712315,0.0,0.0007993605115907274
NON FIBROTIC ILA ADJUDICATED,14,1560081488,zebra_isotonic,3,769,0,0.0007993605115907272,0.0,0.0,0.004970565148712315,0.0007993605115907274,0.0007993605115907274
NON FIBROTIC ILA ADJUDICATED,14,1560081488,zebra_isotonic,2,770,0,0.0007993605115907273,0.0,0.0,0.004964141914221508,0.0007993605115907274,0.0007993605115907274
NON FIBROTIC ILA ADJUDICATED,14,1560081488,zebra_isotonic,4,770,3,0.003027663212658075,0.003896103896103896,0.0013258926936253902,0.011391775387498288,0.0007993605115907274,0.0038095238095238095
NON FIBROTIC ILA ADJUDICATED,14,1560081488,zebra_isotonic,5,769,3,0.0038095238095238104,0.0039011703511053317,0.001327618000260774,0.011406505807889416,0.0038095238095238095,0.0038095238095238095
NON FIBROTIC ILA ADJUDICATED,14,1560081488,zebra_isotonic,6,769,4,0.00587412828232757,0.005201560468140442,0.0020245891497467933,0.013297387544882687,0.0038095238095238095,0.006179196704428424
NON FIBROTIC ILA ADJUDICATED,14,1560081488,zebra_isotonic,7,770,2,0.006179196704428425,0.0025974025974025974,0.0007125907061236786,0.009420568652699277,0.006179196704428424,0.006179196704428424
NON FIBROTIC ILA ADJUDICATED,14,1560081488,zebra_isotonic,8,769,9,0.012706780104290565,0.011703511053315995,0.006169270449727107,0.022091970677298834,0.006179196704428424,0.017241379310344827
NON FIBROTIC ILA ADJUDICATED,14,1560081488,zebra_isotonic,9,770,23,0.02452505919243381,0.02987012987012987,0.01998520545069876,0.044422637076439384,0.017241379310344827,0.04424778761061947
NON FIBROTIC ILA ADJUDICATED,14,1560081488,genomic_raw,0,770,4,0.00047072758686783996,0.005194805194805195,0.0020219574690050306,0.013280219334419372,0.0001369170840914876,0.0007006835585094581
NON FIBROTIC ILA ADJUDICATED,14,1560081488,genomic_raw,1,769,6,0.0009605667397755717,0.007802340702210663,0.003580646807040671,0.016917035660547395,0.0007008373788724191,0.0012405393688215635
NON FIBROTIC ILA ADJUDICATED,14,1560081488,genomic_raw,2,770,6,0.0015482379421136764,0.007792207792207792,0.0035759904186376326,0.016895203829388215,0.0012422508808688085,0.0018878104543919234
NON FIBROTIC ILA ADJUDICATED,14,1560081488,genomic_raw,3,769,5,0.002361242804111771,0.006501950585175552,0.002780348414515579,0.015129481166593194,0.0018879356144624775,0.0029095640285910244
NON FIBROTIC ILA ADJUDICATED,14,1560081488,genomic_raw,4,770,3,0.003576419194433927,0.003896103896103896,0.0013258926936253902,0.011391775387498288,0.0029096809364640213,0.004330378777702333
NON FIBROTIC ILA ADJUDICATED,14,1560081488,genomic_raw,5,769,5,0.005321063745312339,0.006501950585175552,0.002780348414515579,0.015129481166593194,0.004336937925958906,0.006562625502106186
NON FIBROTIC ILA ADJUDICATED,14,1560081488,genomic_raw,6,769,4,0.00826565576943596,0.005201560468140442,0.0020245891497467933,0.013297387544882687,0.006567025909872773,0.010440943248871815
NON FIBROTIC ILA ADJUDICATED,14,1560081488,genomic_raw,7,770,3,0.013826147660109846,0.003896103896103896,0.0013258926936253902,0.011391775387498288,0.010446397082857365,0.018670734967656043
NON FIBROTIC ILA ADJUDICATED,14,1560081488,genomic_raw,8,769,4,0.02683844156034984,0.005201560468140442,0.0020245891497467933,0.013297387544882687,0.018676796591168165,0.038503220155875685
NON FIBROTIC ILA ADJUDICATED,14,1560081488,genomic_raw,9,770,4,0.10515015159121266,0.005194805194805195,0.0020219574690050306,0.013280219334419372,0.038517320710493325,0.6560323321858859
NON FIBROTIC ILA ADJUDICATED,14,1560081488,genomic_isotonic,0,770,4,0.003813956968496682,0.005194805194805195,0.0020219574690050306,0.013280219334419372,0.0,0.004149377593360996
NON FIBROTIC ILA ADJUDICATED,14,1560081488,genomic_isotonic,1,769,7,0.0048859808079426475,0.009102730819245773,0.004416223152723785,0.01866931220134357,0.004149377593360996,0.004901960784313725
NON FIBROTIC ILA ADJUDICATED,14,1560081488,genomic_isotonic,2,770,3,0.006309156431403935,0.003896103896103896,0.0013258926936253902,0.011391775387498288,0.004901960784313725,0.00667302192564347
NON FIBROTIC ILA ADJUDICATED,14,1560081488,genomic_isotonic,3,769,5,0.006673021925643471,0.006501950585175552,0.002780348414515579,0.015129481166593194,0.00667302192564347,0.00667302192564347
NON FIBROTIC ILA ADJUDICATED,14,1560081488,genomic_isotonic,4,770,4,0.006673021925643471,0.005194805194805195,0.0020219574690050306,0.013280219334419372,0.00667302192564347,0.00667302192564347
NON FIBROTIC ILA ADJUDICATED,14,1560081488,genomic_isotonic,5,769,6,0.006673021925643471,0.007802340702210663,0.003580646807040671,0.016917035660547395,0.00667302192564347,0.00667302192564347
NON FIBROTIC ILA ADJUDICATED,14,1560081488,genomic_isotonic,6,769,4,0.00670468367418984,0.005201560468140442,0.0020245891497467933,0.013297387544882687,0.00667302192564347,0.008025682182985553
NON FIBROTIC ILA ADJUDICATED,14,1560081488,genomic_isotonic,7,770,2,0.008025682182985551,0.0025974025974025974,0.0007125907061236786,0.009420568652699277,0.008025682182985553,0.008025682182985553
NON FIBROTIC ILA ADJUDICATED,14,1560081488,genomic_isotonic,8,769,5,0.008025682182985551,0.006501950585175552,0.002780348414515579,0.015129481166593194,0.008025682182985553,0.008025682182985553
NON FIBROTIC ILA ADJUDICATED,14,1560081488,genomic_isotonic,9,770,4,0.012351896073931511,0.005194805194805195,0.0020219574690050306,0.013280219334419372,0.008025682182985553,0.024390243902439025
NON FIBROTIC ILA ADJUDICATED,14,1560081488,combined_raw,0,770,1,0.0006898815337714517,0.0012987012987012987,0.00022928946639889794,0.007319361170123334,0.0003442344108851867,0.0008941009330195139
NON FIBROTIC ILA ADJUDICATED,14,1560081488,combined_raw,1,769,0,0.001104012074150981,0.0,0.0,0.004970565148712315,0.0008960917273340387,0.0013224734915629657
NON FIBROTIC ILA ADJUDICATED,14,1560081488,combined_raw,2,770,3,0.0016154310862050328,0.003896103896103896,0.0013258926936253902,0.011391775387498288,0.0013228347557297947,0.0019404021515107826
NON FIBROTIC ILA ADJUDICATED,14,1560081488,combined_raw,3,769,2,0.0023951395175178572,0.002600780234070221,0.0007135177289523901,0.009432753192718508,0.0019405170118356615,0.002935469703797463
NON FIBROTIC ILA ADJUDICATED,14,1560081488,combined_raw,4,770,4,0.003858543854617751,0.005194805194805195,0.0020219574690050306,0.013280219334419372,0.002935764568582961,0.005037698590356956
NON FIBROTIC ILA ADJUDICATED,14,1560081488,combined_raw,5,769,7,0.006907513137307335,0.009102730819245773,0.004416223152723785,0.01866931220134357,0.005042633563986824,0.009445859105303728
NON FIBROTIC ILA ADJUDICATED,14,1560081488,combined_raw,6,769,0,0.02124986846980878,0.0,0.0,0.004970565148712315,0.009446950391213136,0.06785906248865357
NON FIBROTIC ILA ADJUDICATED,14,1560081488,combined_raw,7,770,5,0.10909427801295059,0.006493506493506494,0.0027767335367897463,0.01510995198893538,0.06830213925589708,0.14490532282502877
NON FIBROTIC ILA ADJUDICATED,14,1560081488,combined_raw,8,769,10,0.18574990214049053,0.013003901170351105,0.007078545900378475,0.023770548113126753,0.14501563962278777,0.2365453401855325
NON FIBROTIC ILA ADJUDICATED,14,1560081488,combined_raw,9,770,12,0.3622835555734792,0.015584415584415584,0.008937040176158829,0.027041206405671363,0.23680389027362078,0.9196682524727205
NON FIBROTIC ILA ADJUDICATED,14,1560081488,combined_isotonic,0,770,3,0.0,0.003896103896103896,0.0013258926936253902,0.011391775387498288,0.0,0.0
NON FIBROTIC ILA ADJUDICATED,14,1560081488,combined_isotonic,1,769,1,0.0,0.0013003901170351106,0.0002295876800841234,0.007328830355107483,0.0,0.0
NON FIBROTIC ILA ADJUDICATED,14,1560081488,combined_isotonic,2,770,0,0.0,0.0,0.0,0.004964141914221508,0.0,0.0
NON FIBROTIC ILA ADJUDICATED,14,1560081488,combined_isotonic,3,769,4,0.003928682130732309,0.005201560468140442,0.0020245891497467933,0.013297387544882687,0.0,0.004231311706629055
NON FIBROTIC ILA ADJUDICATED,14,1560081488,combined_isotonic,4,770,3,0.004231311706629055,0.003896103896103896,0.0013258926936253902,0.011391775387498288,0.004231311706629055,0.004231311706629055
NON FIBROTIC ILA ADJUDICATED,14,1560081488,combined_isotonic,5,769,5,0.004231311706629055,0.006501950585175552,0.002780348414515579,0.015129481166593194,0.004231311706629055,0.004231311706629055
NON FIBROTIC ILA ADJUDICATED,14,1560081488,combined_isotonic,6,769,2,0.0058072836841979465,0.002600780234070221,0.0007135177289523901,0.009432753192718508,0.004231311706629055,0.00916030534351145
NON FIBROTIC ILA ADJUDICATED,14,1560081488,combined_isotonic,7,770,5,0.011731528292089738,0.006493506493506494,0.0027767335367897463,0.01510995198893538,0.00916030534351145,0.014678899082568808
NON FIBROTIC ILA ADJUDICATED,14,1560081488,combined_isotonic,9,770,13,0.014678899082568806,0.016883116883116882,0.009892721428977881,0.028670033875153024,0.014678899082568808,0.014678899082568808
NON FIBROTIC ILA ADJUDICATED,14,1560081488,combined_isotonic,8,769,8,0.014678899082568808,0.010403120936280884,0.005280654829476248,0.0203927334110704,0.014678899082568808,0.014678899082568808
NON FIBROTIC ILA ADJUDICATED,15,1582292174,zebra_raw,0,770,0,0.2323343445386758,0.0,0.0,0.004964141914221508,0.11693488945217027,0.2611260600445289
NON FIBROTIC ILA ADJUDICATED,15,1582292174,zebra_raw,1,769,0,0.28640819118466215,0.0,0.0,0.004970565148712315,0.2611638888339737,0.3117422769040575
NON FIBROTIC ILA ADJUDICATED,15,1582292174,zebra_raw,2,770,0,0.3431927713064487,0.0,0.0,0.004964141914221508,0.3117823339439391,0.3765367915240456
NON FIBROTIC ILA ADJUDICATED,15,1582292174,zebra_raw,3,769,0,0.4101850630875241,0.0,0.0,0.004970565148712315,0.37656862785595624,0.44672848628970596
NON FIBROTIC ILA ADJUDICATED,15,1582292174,zebra_raw,4,770,3,0.49045610581406124,0.003896103896103896,0.0013258926936253902,0.011391775387498288,0.44672905390816225,0.5387018610907776
NON FIBROTIC ILA ADJUDICATED,15,1582292174,zebra_raw,5,769,2,0.6003673450064737,0.002600780234070221,0.0007135177289523901,0.009432753192718508,0.538853101911673,0.6640242739721478
NON FIBROTIC ILA ADJUDICATED,15,1582292174,zebra_raw,6,769,3,0.729257779885304,0.0039011703511053317,0.001327618000260774,0.011406505807889416,0.6642357512021969,0.7898982149974688
NON FIBROTIC ILA ADJUDICATED,15,1582292174,zebra_raw,7,770,3,0.844753465106368,0.003896103896103896,0.0013258926936253902,0.011391775387498288,0.7900095297159757,0.8974697903393344
NON FIBROTIC ILA ADJUDICATED,15,1582292174,zebra_raw,8,769,8,0.9473830149236833,0.010403120936280884,0.005280654829476248,0.0203927334110704,0.8974983546300257,0.9846591837404637
NON FIBROTIC ILA ADJUDICATED,15,1582292174,zebra_raw,9,770,25,0.9962444660246518,0.032467532467532464,0.022086969431753586,0.04748989053998599,0.9846988562571408,1.0
NON FIBROTIC ILA ADJUDICATED,15,1582292174,zebra_isotonic,0,770,0,0.0,0.0,0.0,0.004964141914221508,0.0,0.0
NON FIBROTIC ILA ADJUDICATED,15,1582292174,zebra_isotonic,1,769,1,0.0001976430809211587,0.0013003901170351106,0.0002295876800841234,0.007328830355107483,0.0,0.000779423226812159
NON FIBROTIC ILA ADJUDICATED,15,1582292174,zebra_isotonic,2,770,0,0.0007794232268121591,0.0,0.0,0.004964141914221508,0.000779423226812159,0.000779423226812159
NON FIBROTIC ILA ADJUDICATED,15,1582292174,zebra_isotonic,3,769,0,0.0007794232268121591,0.0,0.0,0.004970565148712315,0.000779423226812159,0.000779423226812159
NON FIBROTIC ILA ADJUDICATED,15,1582292174,zebra_isotonic,4,770,1,0.0033016992069547675,0.0012987012987012987,0.00022928946639889794,0.007319361170123334,0.000779423226812159,0.004132231404958678
NON FIBROTIC ILA ADJUDICATED,15,1582292174,zebra_isotonic,5,769,4,0.004132231404958678,0.005201560468140442,0.0020245891497467933,0.013297387544882687,0.004132231404958678,0.004132231404958678
NON FIBROTIC ILA ADJUDICATED,15,1582292174,zebra_isotonic,6,769,4,0.006024153198399515,0.005201560468140442,0.0020245891497467933,0.013297387544882687,0.004132231404958678,0.006364359586316627
NON FIBROTIC ILA ADJUDICATED,15,1582292174,zebra_isotonic,7,770,4,0.006364359586316627,0.005194805194805195,0.0020219574690050306,0.013280219334419372,0.006364359586316627,0.006364359586316627
NON FIBROTIC ILA ADJUDICATED,15,1582292174,zebra_isotonic,8,769,8,0.009825490142159088,0.010403120936280884,0.005280654829476248,0.0203927334110704,0.006364359586316627,0.018248175182481747
NON FIBROTIC ILA ADJUDICATED,15,1582292174,zebra_isotonic,9,770,22,0.025562810733228327,0.02857142857142857,0.018942666074440347,0.04288066773039707,0.018248175182481747,0.09090909090909091
NON FIBROTIC ILA ADJUDICATED,15,1582292174,genomic_raw,0,770,5,0.006699862654068414,0.006493506493506494,0.0027767335367897463,0.01510995198893538,0.004179093849497234,0.008136028204885367
NON FIBROTIC ILA ADJUDICATED,15,1582292174,genomic_raw,1,769,7,0.009487146731717817,0.009102730819245773,0.004416223152723785,0.01866931220134357,0.008136922736983188,0.010863975482559352
NON FIBROTIC ILA ADJUDICATED,15,1582292174,genomic_raw,2,770,6,0.012156112006221853,0.007792207792207792,0.0035759904186376326,0.016895203829388215,0.010866708971350215,0.013543492749551042
NON FIBROTIC ILA ADJUDICATED,15,1582292174,genomic_raw,3,769,5,0.015076775767697064,0.006501950585175552,0.002780348414515579,0.015129481166593194,0.01354921297631635,0.01684998607170863
NON FIBROTIC ILA ADJUDICATED,15,1582292174,genomic_raw,4,770,8,0.01894514928378971,0.01038961038961039,0.005273784940225151,0.020366426752402144,0.01685278916588681,0.02130192952135678
NON FIBROTIC ILA ADJUDICATED,15,1582292174,genomic_raw,5,769,4,0.02435865466951933,0.005201560468140442,0.0020245891497467933,0.013297387544882687,0.02133275114786359,0.0276181842019155
NON FIBROTIC ILA ADJUDICATED,15,1582292174,genomic_raw,6,769,3,0.03275574274009987,0.0039011703511053317,0.001327618000260774,0.011406505807889416,0.02765418270319376,0.03868292428223791
NON FIBROTIC ILA ADJUDICATED,15,1582292174,genomic_raw,7,770,3,0.04669866054507412,0.003896103896103896,0.0013258926936253902,0.011391775387498288,0.038687660459144166,0.056776649632556596
NON FIBROTIC ILA ADJUDICATED,15,1582292174,genomic_raw,8,769,1,0.07265886121624889,0.0013003901170351106,0.0002295876800841234,0.007328830355107483,0.05679225004229132,0.09146599963897097
NON FIBROTIC ILA ADJUDICATED,15,1582292174,genomic_raw,9,770,2,0.13737511840028135,0.0025974025974025974,0.0007125907061236786,0.009420568652699277,0.09150152421065559,0.3553499006081347
NON FIBROTIC ILA ADJUDICATED,15,1582292174,genomic_isotonic,0,770,6,0.0002168910519216018,0.007792207792207792,0.0035759904186376326,0.016895203829388215,0.0,0.002036659877800407
NON FIBROTIC ILA ADJUDICATED,15,1582292174,genomic_isotonic,1,769,6,0.002438444380360787,0.007802340702210663,0.003580646807040671,0.016917035660547395,0.002036659877800407,0.003937007874015748
NON FIBROTIC ILA ADJUDICATED,15,1582292174,genomic_isotonic,2,770,6,0.003937007874015748,0.007792207792207792,0.0035759904186376326,0.016895203829388215,0.003937007874015748,0.003937007874015748
NON FIBROTIC ILA ADJUDICATED,15,1582292174,genomic_isotonic,3,769,5,0.005096978852351399,0.006501950585175552,0.002780348414515579,0.015129481166593194,0.003937007874015748,0.005235602094240838
NON FIBROTIC ILA ADJUDICATED,15,1582292174,genomic_isotonic,4,770,8,0.005235602094240837,0.01038961038961039,0.005273784940225151,0.020366426752402144,0.005235602094240838,0.005235602094240838
NON FIBROTIC ILA ADJUDICATED,15,1582292174,genomic_isotonic,5,769,3,0.007457846870882471,0.0039011703511053317,0.001327618000260774,0.011406505807889416,0.005235602094240838,0.0078870900788709
NON FIBROTIC ILA ADJUDICATED,15,1582292174,genomic_isotonic,7,770,4,0.007887090078870899,0.005194805194805195,0.0020219574690050306,0.013280219334419372,0.0078870900788709,0.0078870900788709
NON FIBROTIC ILA ADJUDICATED,15,1582292174,genomic_isotonic,6,769,0,0.0078870900788709,0.0,0.0,0.004970565148712315,0.0078870900788709,0.0078870900788709
NON FIBROTIC ILA ADJUDICATED,15,1582292174,genomic_isotonic,8,769,2,0.0078870900788709,0.002600780234070221,0.0007135177289523901,0.009432753192718508,0.0078870900788709,0.0078870900788709
NON FIBROTIC ILA ADJUDICATED,15,1582292174,genomic_isotonic,9,770,4,0.009990519472817993,0.005194805194805195,0.0020219574690050306,0.013280219334419372,0.0078870900788709,0.14285714285714285
NON FIBROTIC ILA ADJUDICATED,15,1582292174,combined_raw,0,770,0,0.005856908812462244,0.0,0.0,0.004964141914221508,0.002781103535220965,0.007649419363997286
NON FIBROTIC ILA ADJUDICATED,15,1582292174,combined_raw,1,769,1,0.009307955556953539,0.0013003901170351106,0.0002295876800841234,0.007328830355107483,0.007650617364177912,0.01108565638484342
NON FIBROTIC ILA ADJUDICATED,15,1582292174,combined_raw,2,770,6,0.012973608761530748,0.007792207792207792,0.0035759904186376326,0.016895203829388215,0.011100850078207202,0.015073417257906879
NON FIBROTIC ILA ADJUDICATED,15,1582292174,combined_raw,3,769,2,0.017758068326979223,0.002600780234070221,0.0007135177289523901,0.009432753192718508,0.015077228706570992,0.020594085093922465
NON FIBROTIC ILA ADJUDICATED,15,1582292174,combined_raw,4,770,0,0.024643200072952173,0.0,0.0,0.004964141914221508,0.020600697936821805,0.02933255739880207
NON FIBROTIC ILA ADJUDICATED,15,1582292174,combined_raw,5,769,4,0.035267098417526725,0.005201560468140442,0.0020245891497467933,0.013297387544882687,0.029404726606483036,0.04256581328054356
NON FIBROTIC ILA ADJUDICATED,15,1582292174,combined_raw,6,769,6,0.05362355480572462,0.007802340702210663,0.003580646807040671,0.016917035660547395,0.042573590100788754,0.06748068125252117
NON FIBROTIC ILA ADJUDICATED,15,1582292174,combined_raw,7,770,9,0.08923850761100581,0.011688311688311689,0.006161243000312308,0.022063477414615715,0.0675351252806319,0.11382720229575577
NON FIBROTIC ILA ADJUDICATED,15,1582292174,combined_raw,8,769,6,0.15800512066599898,0.007802340702210663,0.003580646807040671,0.016917035660547395,0.11400178522966117,0.21652771043960142
NON FIBROTIC ILA ADJUDICATED,15,1582292174,combined_raw,9,770,10,0.31752684733988584,0.012987012987012988,0.007069333631553706,0.02373989550567504,0.21674510582610013,0.5943907376962478
NON FIBROTIC ILA ADJUDICATED,15,1582292174,combined_isotonic,0,770,0,0.0,0.0,0.0,0.004964141914221508,0.0,0.0
NON FIBROTIC ILA ADJUDICATED,15,1582292174,combined_isotonic,1,769,1,0.001311207177103507,0.0013003901170351106,0.0002295876800841234,0.007328830355107483,0.0,0.0020639834881320948
NON FIBROTIC ILA ADJUDICATED,15,1582292174,combined_isotonic,2,770,6,0.002063983488132095,0.007792207792207792,0.0035759904186376326,0.016895203829388215,0.0020639834881320948,0.0020639834881320948
NON FIBROTIC ILA ADJUDICATED,15,1582292174,combined_isotonic,3,769,3,0.002221329348060228,0.0039011703511053317,0.001327618000260774,0.011406505807889416,0.0020639834881320948,0.0024125452352231603
NON FIBROTIC ILA ADJUDICATED,15,1582292174,combined_isotonic,4,770,0,0.00241254523522316,0.0,0.0,0.004964141914221508,0.0024125452352231603,0.0024125452352231603
NON FIBROTIC ILA ADJUDICATED,15,1582292174,combined_isotonic,5,769,4,0.0030478958924567983,0.005201560468140442,0.0020245891497467933,0.013297387544882687,0.0024125452352231603,0.003205128205128205
NON FIBROTIC ILA ADJUDICATED,15,1582292174,combined_isotonic,6,769,4,0.006107186948049116,0.005201560468140442,0.0020245891497467933,0.013297387544882687,0.003205128205128205,0.01060070671378092
NON FIBROTIC ILA ADJUDICATED,15,1582292174,combined_isotonic,7,770,11,0.010653949757749697,0.014285714285714285,0.007995323688185082,0.025398414171344384,0.01060070671378092,0.011477761836441894
NON FIBROTIC ILA ADJUDICATED,15,1582292174,combined_isotonic,8,769,5,0.011477761836441891,0.006501950585175552,0.002780348414515579,0.015129481166593194,0.011477761836441894,0.011477761836441894
NON FIBROTIC ILA ADJUDICATED,15,1582292174,combined_isotonic,9,770,10,0.019753137237231377,0.012987012987012988,0.007069333631553706,0.02373989550567504,0.011477761836441894,0.25
NON FIBROTIC ILA ADJUDICATED,16,726279661,zebra_raw,0,770,0,0.23222080842398327,0.0,0.0,0.004964141914221508,0.11052533634471677,0.26122793947356854
NON FIBROTIC ILA ADJUDICATED,16,726279661,zebra_raw,1,769,0,0.2873286659600002,0.0,0.0,0.004970565148712315,0.2612387411577535,0.31447335332887394
NON FIBROTIC ILA ADJUDICATED,16,726279661,zebra_raw,2,770,0,0.34617832533746223,0.0,0.0,0.004964141914221508,0.31447837490045416,0.3796100156881386
NON FIBROTIC ILA ADJUDICATED,16,726279661,zebra_raw,3,769,0,0.41646637006936227,0.0,0.0,0.004970565148712315,0.37972523833306626,0.45228387975083073
NON FIBROTIC ILA ADJUDICATED,16,726279661,zebra_raw,4,770,4,0.4982419016997032,0.005194805194805195,0.0020219574690050306,0.013280219334419372,0.4525791655164253,0.5492421374480195
NON FIBROTIC ILA ADJUDICATED,16,726279661,zebra_raw,5,769,3,0.6089564853012173,0.0039011703511053317,0.001327618000260774,0.011406505807889416,0.5492688972226727,0.6711038564817682
NON FIBROTIC ILA ADJUDICATED,16,726279661,zebra_raw,6,769,5,0.7356957271355469,0.006501950585175552,0.002780348414515579,0.015129481166593194,0.6712585506692749,0.7952997811114956
NON FIBROTIC ILA ADJUDICATED,16,726279661,zebra_raw,7,770,0,0.84895612758403,0.0,0.0,0.004964141914221508,0.7954827530548597,0.9041726185512803
NON FIBROTIC ILA ADJUDICATED,16,726279661,zebra_raw,8,769,9,0.9522950626957603,0.011703511053315995,0.006169270449727107,0.022091970677298834,0.9042426403322399,0.9859879776718901
NON FIBROTIC ILA ADJUDICATED,16,726279661,zebra_raw,9,770,23,0.9966374675667419,0.02987012987012987,0.01998520545069876,0.044422637076439384,0.9859988523659691,1.0
NON FIBROTIC ILA ADJUDICATED,16,726279661,zebra_isotonic,0,770,0,0.0,0.0,0.0,0.004964141914221508,0.0,0.0
NON FIBROTIC ILA ADJUDICATED,16,726279661,zebra_isotonic,1,769,1,0.00019126105738280404,0.0013003901170351106,0.0002295876800841234,0.007328830355107483,0.0,0.0006605019815059445
NON FIBROTIC ILA ADJUDICATED,16,726279661,zebra_isotonic,3,769,1,0.0006605019815059443,0.0013003901170351106,0.0002295876800841234,0.007328830355107483,0.0006605019815059445,0.0006605019815059445
NON FIBROTIC ILA ADJUDICATED,16,726279661,zebra_isotonic,2,770,0,0.0006605019815059444,0.0,0.0,0.004964141914221508,0.0006605019815059445,0.0006605019815059445
NON FIBROTIC ILA ADJUDICATED,16,726279661,zebra_isotonic,4,770,3,0.0014585157629757879,0.003896103896103896,0.0013258926936253902,0.011391775387498288,0.0006605019815059445,0.0025348542458808617
NON FIBROTIC ILA ADJUDICATED,16,726279661,zebra_isotonic,5,769,3,0.0025348542458808613,0.0039011703511053317,0.001327618000260774,0.011406505807889416,0.0025348542458808617,0.0025348542458808617
NON FIBROTIC ILA ADJUDICATED,16,726279661,zebra_isotonic,6,769,4,0.005596856937043074,0.005201560468140442,0.0020245891497467933,0.013297387544882687,0.0025348542458808617,0.00683371298405467
NON FIBROTIC ILA ADJUDICATED,16,726279661,zebra_isotonic,7,770,0,0.009590210681136751,0.0,0.0,0.004964141914221508,0.00683371298405467,0.01171303074670571
NON FIBROTIC ILA ADJUDICATED,16,726279661,zebra_isotonic,8,769,7,0.012725311107334544,0.009102730819245773,0.004416223152723785,0.01866931220134357,0.01171303074670571,0.01639344262295082
NON FIBROTIC ILA ADJUDICATED,16,726279661,zebra_isotonic,9,770,25,0.027653903369388413,0.032467532467532464,0.022086969431753586,0.04748989053998599,0.01639344262295082,0.08888888888888889
NON FIBROTIC ILA ADJUDICATED,16,726279661,genomic_raw,0,770,3,0.0,0.003896103896103896,0.0013258926936253902,0.011391775387498288,0.0,0.0
NON FIBROTIC ILA ADJUDICATED,16,726279661,genomic_raw,1,769,4,0.0,0.005201560468140442,0.0020245891497467933,0.013297387544882687,0.0,0.0
NON FIBROTIC ILA ADJUDICATED,16,726279661,genomic_raw,2,770,4,0.0,0.005194805194805195,0.0020219574690050306,0.013280219334419372,0.0,0.0
NON FIBROTIC ILA ADJUDICATED,16,726279661,genomic_raw,3,769,3,0.0,0.0039011703511053317,0.001327618000260774,0.011406505807889416,0.0,0.0
NON FIBROTIC ILA ADJUDICATED,16,726279661,genomic_raw,4,770,3,0.0,0.003896103896103896,0.0013258926936253902,0.011391775387498288,0.0,0.0
NON FIBROTIC ILA ADJUDICATED,16,726279661,genomic_raw,5,769,5,0.0,0.006501950585175552,0.002780348414515579,0.015129481166593194,0.0,0.0
NON FIBROTIC ILA ADJUDICATED,16,726279661,genomic_raw,6,769,2,0.0,0.002600780234070221,0.0007135177289523901,0.009432753192718508,0.0,0.0
NON FIBROTIC ILA ADJUDICATED,16,726279661,genomic_raw,7,770,10,0.5458125613982738,0.012987012987012988,0.007069333631553706,0.02373989550567504,0.0,1.0
NON FIBROTIC ILA ADJUDICATED,16,726279661,genomic_raw,8,769,5,1.0,0.006501950585175552,0.002780348414515579,0.015129481166593194,1.0,1.0
NON FIBROTIC ILA ADJUDICATED,16,726279661,genomic_raw,9,770,5,1.0,0.006493506493506494,0.0027767335367897463,0.01510995198893538,1.0,1.0
NON FIBROTIC ILA ADJUDICATED,16,726279661,genomic_isotonic,0,770,3,0.005847953216374269,0.003896103896103896,0.0013258926936253902,0.011391775387498288,0.005847953216374269,0.005847953216374269
NON FIBROTIC ILA ADJUDICATED,16,726279661,genomic_isotonic,1,769,6,0.005847953216374269,0.007802340702210663,0.003580646807040671,0.016917035660547395,0.005847953216374269,0.005847953216374269
NON FIBROTIC ILA ADJUDICATED,16,726279661,genomic_isotonic,2,770,5,0.005847953216374269,0.006493506493506494,0.0027767335367897463,0.01510995198893538,0.005847953216374269,0.005847953216374269
NON FIBROTIC ILA ADJUDICATED,16,726279661,genomic_isotonic,3,769,3,0.005847953216374269,0.0039011703511053317,0.001327618000260774,0.011406505807889416,0.005847953216374269,0.005847953216374269
NON FIBROTIC ILA ADJUDICATED,16,726279661,genomic_isotonic,4,770,2,0.005847953216374269,0.0025974025974025974,0.0007125907061236786,0.009420568652699277,0.005847953216374269,0.005847953216374269
NON FIBROTIC ILA ADJUDICATED,16,726279661,genomic_isotonic,5,769,4,0.005847953216374269,0.005201560468140442,0.0020245891497467933,0.013297387544882687,0.005847953216374269,0.005847953216374269
NON FIBROTIC ILA ADJUDICATED,16,726279661,genomic_isotonic,6,769,4,0.005847953216374269,0.005201560468140442,0.0020245891497467933,0.013297387544882687,0.005847953216374269,0.005847953216374269
NON FIBROTIC ILA ADJUDICATED,16,726279661,genomic_isotonic,7,770,8,0.005847953216374269,0.01038961038961039,0.005273784940225151,0.020366426752402144,0.005847953216374269,0.005847953216374269
NON FIBROTIC ILA ADJUDICATED,16,726279661,genomic_isotonic,8,769,4,0.005847953216374269,0.005201560468140442,0.0020245891497467933,0.013297387544882687,0.005847953216374269,0.005847953216374269
NON FIBROTIC ILA ADJUDICATED,16,726279661,genomic_isotonic,9,770,5,0.005847953216374269,0.006493506493506494,0.0027767335367897463,0.01510995198893538,0.005847953216374269,0.005847953216374269
NON FIBROTIC ILA ADJUDICATED,16,726279661,combined_raw,0,770,1,0.0003714986960730576,0.0012987012987012987,0.00022928946639889794,0.007319361170123334,9.595037466755076e-05,0.0005624951647622295
NON FIBROTIC ILA ADJUDICATED,16,726279661,combined_raw,1,769,0,0.0007580878477380163,0.0,0.0,0.004970565148712315,0.0005625388765962312,0.0009730296212350291
NON FIBROTIC ILA ADJUDICATED,16,726279661,combined_raw,2,770,2,0.001224825990450578,0.0025974025974025974,0.0007125907061236786,0.009420568652699277,0.0009730350427233793,0.0015146842450183516
NON FIBROTIC ILA ADJUDICATED,16,726279661,combined_raw,3,769,3,0.0019102065657555438,0.0039011703511053317,0.001327618000260774,0.011406505807889416,0.0015154568229495237,0.0023900209986346156
NON FIBROTIC ILA ADJUDICATED,16,726279661,combined_raw,4,770,3,0.0030703975403039525,0.003896103896103896,0.0013258926936253902,0.011391775387498288,0.002393725144730914,0.0038204759622644567
NON FIBROTIC ILA ADJUDICATED,16,726279661,combined_raw,5,769,4,0.005085424783161464,0.005201560468140442,0.0020245891497467933,0.013297387544882687,0.0038216922370252434,0.006619925836864459
NON FIBROTIC ILA ADJUDICATED,16,726279661,combined_raw,6,769,3,0.009199833480514997,0.0039011703511053317,0.001327618000260774,0.011406505807889416,0.006622496319190305,0.012475750491405485
NON FIBROTIC ILA ADJUDICATED,16,726279661,combined_raw,7,770,9,0.018660060386446256,0.011688311688311689,0.006161243000312308,0.022063477414615715,0.012481378036920872,0.027271880979132343
NON FIBROTIC ILA ADJUDICATED,16,726279661,combined_raw,8,769,9,0.04418478964827169,0.011703511053315995,0.006169270449727107,0.022091970677298834,0.02727938661299374,0.06913721959429917
NON FIBROTIC ILA ADJUDICATED,16,726279661,combined_raw,9,770,10,0.17665348069325462,0.012987012987012988,0.007069333631553706,0.02373989550567504,0.0691521977343591,0.8045461491686946
NON FIBROTIC ILA ADJUDICATED,16,726279661,combined_isotonic,0,770,1,0.0013534526182080986,0.0012987012987012987,0.00022928946639889794,0.007319361170123334,0.0,0.003372681281618887
NON FIBROTIC ILA ADJUDICATED,16,726279661,combined_isotonic,1,769,0,0.003372681281618887,0.0,0.0,0.004970565148712315,0.003372681281618887,0.003372681281618887
NON FIBROTIC ILA ADJUDICATED,16,726279661,combined_isotonic,2,770,3,0.005425060361057773,0.003896103896103896,0.0013258926936253902,0.011391775387498288,0.003372681281618887,0.005560704355885079
NON FIBROTIC ILA ADJUDICATED,16,726279661,combined_isotonic,3,769,1,0.00556070435588508,0.0013003901170351106,0.0002295876800841234,0.007328830355107483,0.005560704355885079,0.005560704355885079
NON FIBROTIC ILA ADJUDICATED,16,726279661,combined_isotonic,4,770,5,0.006325321643356854,0.006493506493506494,0.0027767335367897463,0.01510995198893538,0.005560704355885079,0.006396588486140725
NON FIBROTIC ILA ADJUDICATED,16,726279661,combined_isotonic,5,769,4,0.006761591828390175,0.005201560468140442,0.0020245891497467933,0.013297387544882687,0.006396588486140725,0.00683371298405467
NON FIBROTIC ILA ADJUDICATED,16,726279661,combined_isotonic,6,769,3,0.009884180367915793,0.0039011703511053317,0.001327618000260774,0.011406505807889416,0.00683371298405467,0.01124567474048443
NON FIBROTIC ILA ADJUDICATED,16,726279661,combined_isotonic,7,770,10,0.011245674740484431,0.012987012987012988,0.007069333631553706,0.02373989550567504,0.01124567474048443,0.01124567474048443
NON FIBROTIC ILA ADJUDICATED,16,726279661,combined_isotonic,9,770,10,0.011245674740484431,0.012987012987012988,0.007069333631553706,0.02373989550567504,0.01124567474048443,0.01124567474048443
NON FIBROTIC ILA ADJUDICATED,16,726279661,combined_isotonic,8,769,7,0.011245674740484433,0.009102730819245773,0.004416223152723785,0.01866931220134357,0.01124567474048443,0.01124567474048443
NON FIBROTIC ILA ADJUDICATED,17,815708309,zebra_raw,0,770,0,0.2317456389128347,0.0,0.0,0.004964141914221508,0.11693488945217027,0.2621058455556229
NON FIBROTIC ILA ADJUDICATED,17,815708309,zebra_raw,1,769,0,0.28755562732694806,0.0,0.0,0.004970565148712315,0.2621427438396359,0.31359228295302966
NON FIBROTIC ILA ADJUDICATED,17,815708309,zebra_raw,2,770,0,0.3434443273740364,0.0,0.0,0.004964141914221508,0.3136785307331101,0.37583020297963254
NON FIBROTIC ILA ADJUDICATED,17,815708309,zebra_raw,3,769,0,0.4114388297956387,0.0,0.0,0.004970565148712315,0.37591291363267654,0.44772454697228964
NON FIBROTIC ILA ADJUDICATED,17,815708309,zebra_raw,4,770,3,0.4930116797489616,0.003896103896103896,0.0013258926936253902,0.011391775387498288,0.447734556292315,0.5436096690465401
NON FIBROTIC ILA ADJUDICATED,17,815708309,zebra_raw,5,769,1,0.6054400878550682,0.0013003901170351106,0.0002295876800841234,0.007328830355107483,0.5440953606750395,0.6669227467367701
NON FIBROTIC ILA ADJUDICATED,17,815708309,zebra_raw,6,769,5,0.7339061787903267,0.006501950585175552,0.002780348414515579,0.015129481166593194,0.6673312960617217,0.7943113857562042
NON FIBROTIC ILA ADJUDICATED,17,815708309,zebra_raw,7,770,2,0.8489523806349644,0.0025974025974025974,0.0007125907061236786,0.009420568652699277,0.7944035245060267,0.9011655270479736
NON FIBROTIC ILA ADJUDICATED,17,815708309,zebra_raw,8,769,9,0.9508661300917155,0.011703511053315995,0.006169270449727107,0.022091970677298834,0.9013649006890575,0.9859038413093151
NON FIBROTIC ILA ADJUDICATED,17,815708309,zebra_raw,9,770,24,0.9964344510012179,0.03116883116883117,0.021033415527337528,0.04595893572210135,0.9859102920779055,1.0
NON FIBROTIC ILA ADJUDICATED,17,815708309,zebra_isotonic,0,770,0,0.0,0.0,0.0,0.004964141914221508,0.0,0.0
NON FIBROTIC ILA ADJUDICATED,17,815708309,zebra_isotonic,1,769,0,0.00018041605511143964,0.0,0.0,0.004970565148712315,0.0,0.0006702412868632708
NON FIBROTIC ILA ADJUDICATED,17,815708309,zebra_isotonic,2,770,2,0.0006702412868632709,0.0025974025974025974,0.0007125907061236786,0.009420568652699277,0.0006702412868632708,0.0006702412868632708
NON FIBROTIC ILA ADJUDICATED,17,815708309,zebra_isotonic,3,769,0,0.000670241286863271,0.0,0.0,0.004970565148712315,0.0006702412868632708,0.0006702412868632708
NON FIBROTIC ILA ADJUDICATED,17,815708309,zebra_isotonic,4,770,1,0.0027018374272347657,0.0012987012987012987,0.00022928946639889794,0.007319361170123334,0.0006702412868632708,0.006045949214026602
NON FIBROTIC ILA ADJUDICATED,17,815708309,zebra_isotonic,5,769,5,0.006045949214026602,0.006501950585175552,0.002780348414515579,0.015129481166593194,0.006045949214026602,0.006045949214026602
NON FIBROTIC ILA ADJUDICATED,17,815708309,zebra_isotonic,6,769,1,0.006045949214026602,0.0013003901170351106,0.0002295876800841234,0.007328830355107483,0.006045949214026602,0.006045949214026602
NON FIBROTIC ILA ADJUDICATED,17,815708309,zebra_isotonic,7,770,4,0.0061440348990031415,0.005194805194805195,0.0020219574690050306,0.013280219334419372,0.006045949214026602,0.006756756756756757
NON FIBROTIC ILA ADJUDICATED,17,815708309,zebra_isotonic,8,769,9,0.010376056399862676,0.011703511053315995,0.006169270449727107,0.022091970677298834,0.006756756756756757,0.016216216216216217
NON FIBROTIC ILA ADJUDICATED,17,815708309,zebra_isotonic,9,770,22,0.024542683490051908,0.02857142857142857,0.018942666074440347,0.04288066773039707,0.016216216216216217,0.10526315789473684
NON FIBROTIC ILA ADJUDICATED,17,815708309,genomic_raw,0,770,2,0.0023057106765690207,0.0025974025974025974,0.0007125907061236786,0.009420568652699277,0.00044690668163062717,0.004584948483840131
NON FIBROTIC ILA ADJUDICATED,17,815708309,genomic_raw,1,769,7,0.007265973812028384,0.009102730819245773,0.004416223152723785,0.01866931220134357,0.0045867839381467665,0.0096163359118313
NON FIBROTIC ILA ADJUDICATED,17,815708309,genomic_raw,2,770,5,0.012217769517000526,0.006493506493506494,0.0027767335367897463,0.01510995198893538,0.009627938287198481,0.014953975327157957
NON FIBROTIC ILA ADJUDICATED,17,815708309,genomic_raw,3,769,7,0.01861371931565743,0.009102730819245773,0.004416223152723785,0.01866931220134357,0.014958987315495179,0.023091227913499105
NON FIBROTIC ILA ADJUDICATED,17,815708309,genomic_raw,4,770,5,0.03068718897438355,0.006493506493506494,0.0027767335367897463,0.01510995198893538,0.02313018438572583,0.04217589004719819
NON FIBROTIC ILA ADJUDICATED,17,815708309,genomic_raw,5,769,3,0.06347345907637002,0.0039011703511053317,0.001327618000260774,0.011406505807889416,0.042191838350832456,0.08499088635576402
NON FIBROTIC ILA ADJUDICATED,17,815708309,genomic_raw,6,769,7,0.1047029957934617,0.009102730819245773,0.004416223152723785,0.01866931220134357,0.0849915185811092,0.12525972334688407
NON FIBROTIC ILA ADJUDICATED,17,815708309,genomic_raw,7,770,4,0.1487768117062968,0.005194805194805195,0.0020219574690050306,0.013280219334419372,0.1253118790249362,0.17439438949923858
NON FIBROTIC ILA ADJUDICATED,17,815708309,genomic_raw,8,769,1,0.21123272983335345,0.0013003901170351106,0.0002295876800841234,0.007328830355107483,0.17460019749328345,0.2557511578079224
NON FIBROTIC ILA ADJUDICATED,17,815708309,genomic_raw,9,770,3,0.3736286885978265,0.003896103896103896,0.0013258926936253902,0.011391775387498288,0.25580786845309145,0.8750237239631876
NON FIBROTIC ILA ADJUDICATED,17,815708309,genomic_isotonic,0,770,3,0.001160439433935991,0.003896103896103896,0.0013258926936253902,0.011391775387498288,0.0,0.006255585344057194
NON FIBROTIC ILA ADJUDICATED,17,815708309,genomic_isotonic,1,769,7,0.006255585344057196,0.009102730819245773,0.004416223152723785,0.01866931220134357,0.006255585344057194,0.006255585344057194
NON FIBROTIC ILA ADJUDICATED,17,815708309,genomic_isotonic,2,770,5,0.00640720494875991,0.006493506493506494,0.0027767335367897463,0.01510995198893538,0.006255585344057194,0.006666666666666667
NON FIBROTIC ILA ADJUDICATED,17,815708309,genomic_isotonic,4,770,10,0.006666666666666666,0.012987012987012988,0.007069333631553706,0.02373989550567504,0.006666666666666667,0.006666666666666667
NON FIBROTIC ILA ADJUDICATED,17,815708309,genomic_isotonic,7,770,0,0.006666666666666666,0.0,0.0,0.004964141914221508,0.006666666666666667,0.006666666666666667
NON FIBROTIC ILA ADJUDICATED,17,815708309,genomic_isotonic,9,770,3,0.006666666666666666,0.003896103896103896,0.0013258926936253902,0.011391775387498288,0.006666666666666667,0.006666666666666667
NON FIBROTIC ILA ADJUDICATED,17,815708309,genomic_isotonic,3,769,5,0.006666666666666667,0.006501950585175552,0.002780348414515579,0.015129481166593194,0.006666666666666667,0.006666666666666667
NON FIBROTIC ILA ADJUDICATED,17,815708309,genomic_isotonic,5,769,4,0.006666666666666667,0.005201560468140442,0.0020245891497467933,0.013297387544882687,0.006666666666666667,0.006666666666666667
NON FIBROTIC ILA ADJUDICATED,17,815708309,genomic_isotonic,6,769,6,0.006666666666666667,0.007802340702210663,0.003580646807040671,0.016917035660547395,0.006666666666666667,0.006666666666666667
NON FIBROTIC ILA ADJUDICATED,17,815708309,genomic_isotonic,8,769,1,0.006666666666666667,0.0013003901170351106,0.0002295876800841234,0.007328830355107483,0.006666666666666667,0.006666666666666667
NON FIBROTIC ILA ADJUDICATED,17,815708309,combined_raw,0,770,1,0.0004385978683218233,0.0012987012987012987,0.00022928946639889794,0.007319361170123334,0.00016540363392503213,0.0005820362319227186
NON FIBROTIC ILA ADJUDICATED,17,815708309,combined_raw,1,769,0,0.000707230930010143,0.0,0.0,0.004970565148712315,0.0005820591088262466,0.0008363610861958869
NON FIBROTIC ILA ADJUDICATED,17,815708309,combined_raw,2,770,0,0.0009841607078733335,0.0,0.0,0.004964141914221508,0.0008363666667074187,0.0011471865592896954
NON FIBROTIC ILA ADJUDICATED,17,815708309,combined_raw,3,769,1,0.0013511067331360403,0.0013003901170351106,0.0002295876800841234,0.007328830355107483,0.0011473213813393954,0.0015917158444814549
NON FIBROTIC ILA ADJUDICATED,17,815708309,combined_raw,4,770,3,0.0018604177540246214,0.003896103896103896,0.0013258926936253902,0.011391775387498288,0.00159260405369195,0.0021839206507373826
NON FIBROTIC ILA ADJUDICATED,17,815708309,combined_raw,5,769,7,0.0026538053192557078,0.009102730819245773,0.004416223152723785,0.01866931220134357,0.0021850737663524525,0.003214901908755109
NON FIBROTIC ILA ADJUDICATED,17,815708309,combined_raw,6,769,6,0.003984621501947671,0.007802340702210663,0.003580646807040671,0.016917035660547395,0.0032175249693578534,0.004919477744019945
NON FIBROTIC ILA ADJUDICATED,17,815708309,combined_raw,7,770,7,0.006293244979100565,0.00909090909090909,0.004410478976495486,0.01864522399383109,0.004928213639188975,0.008084336418718311
NON FIBROTIC ILA ADJUDICATED,17,815708309,combined_raw,8,769,6,0.011581209719872556,0.007802340702210663,0.003580646807040671,0.016917035660547395,0.008089723288095336,0.01679369303425954
NON FIBROTIC ILA ADJUDICATED,17,815708309,combined_raw,9,770,13,0.048130701374538086,0.016883116883116882,0.009892721428977881,0.028670033875153024,0.016916921318186985,0.7401142590700643
NON FIBROTIC ILA ADJUDICATED,17,815708309,combined_isotonic,0,770,1,0.0003181347921271329,0.0012987012987012987,0.00022928946639889794,0.007319361170123334,0.0,0.0019505851755526658
NON FIBROTIC ILA ADJUDICATED,17,815708309,combined_isotonic,1,769,1,0.0019505851755526663,0.0013003901170351106,0.0002295876800841234,0.007328830355107483,0.0019505851755526658,0.0019505851755526658
NON FIBROTIC ILA ADJUDICATED,17,815708309,combined_isotonic,2,770,0,0.0019505851755526663,0.0,0.0,0.004964141914221508,0.0019505851755526658,0.0019505851755526658
NON FIBROTIC ILA ADJUDICATED,17,815708309,combined_isotonic,3,769,0,0.0019999026191712134,0.0,0.0,0.004970565148712315,0.0019505851755526658,0.0027137042062415195
NON FIBROTIC ILA ADJUDICATED,17,815708309,combined_isotonic,4,770,4,0.00271370420624152,0.005194805194805195,0.0020219574690050306,0.013280219334419372,0.0027137042062415195,0.0027137042062415195
NON FIBROTIC ILA ADJUDICATED,17,815708309,combined_isotonic,5,769,9,0.0067275818747877065,0.011703511053315995,0.006169270449727107,0.022091970677298834,0.0027137042062415195,0.008048289738430584
NON FIBROTIC ILA ADJUDICATED,17,815708309,combined_isotonic,6,769,4,0.00804828973843058,0.005201560468140442,0.0020245891497467933,0.013297387544882687,0.008048289738430584,0.008048289738430584
NON FIBROTIC ILA ADJUDICATED,17,815708309,combined_isotonic,7,770,7,0.00939279812519249,0.00909090909090909,0.004410478976495486,0.01864522399383109,0.008048289738430584,0.009768009768009768
NON FIBROTIC ILA ADJUDICATED,17,815708309,combined_isotonic,8,769,5,0.010532197783446686,0.006501950585175552,0.002780348414515579,0.015129481166593194,0.009768009768009768,0.014314928425357873
NON FIBROTIC ILA ADJUDICATED,17,815708309,combined_isotonic,9,770,13,0.014314928425357872,0.016883116883116882,0.009892721428977881,0.028670033875153024,0.014314928425357873,0.014314928425357873
NON FIBROTIC ILA ADJUDICATED,18,338735430,zebra_raw,0,770,0,0.23236957590172846,0.0,0.0,0.004964141914221508,0.11693488945217027,0.2612877049881964
NON FIBROTIC ILA ADJUDICATED,18,338735430,zebra_raw,1,769,1,0.2868725572108714,0.0013003901170351106,0.0002295876800841234,0.007328830355107483,0.2614461530736853,0.311994686334227
NON FIBROTIC ILA ADJUDICATED,18,338735430,zebra_raw,2,770,0,0.34234099591903144,0.0,0.0,0.004964141914221508,0.31213148847501915,0.3737265474915975
NON FIBROTIC ILA ADJUDICATED,18,338735430,zebra_raw,3,769,0,0.408701929567785,0.0,0.0,0.004970565148712315,0.37386805041072013,0.44568206926096765
NON FIBROTIC ILA ADJUDICATED,18,338735430,zebra_raw,4,770,5,0.4921086990578154,0.006493506493506494,0.0027767335367897463,0.01510995198893538,0.44571740749231,0.5417702961116374
NON FIBROTIC ILA ADJUDICATED,18,338735430,zebra_raw,5,769,2,0.6044059831119716,0.002600780234070221,0.0007135177289523901,0.009432753192718508,0.5417735484207977,0.6659285197485536
NON FIBROTIC ILA ADJUDICATED,18,338735430,zebra_raw,6,769,4,0.731677169183983,0.005201560468140442,0.0020245891497467933,0.013297387544882687,0.6659730227085255,0.7896104572464939
NON FIBROTIC ILA ADJUDICATED,18,338735430,zebra_raw,7,770,3,0.8432296757033236,0.003896103896103896,0.0013258926936253902,0.011391775387498288,0.7896947460373092,0.8973141191166029
NON FIBROTIC ILA ADJUDICATED,18,338735430,zebra_raw,8,769,7,0.9487826860974062,0.009102730819245773,0.004416223152723785,0.01866931220134357,0.8973402391284597,0.9851117929724045
NON FIBROTIC ILA ADJUDICATED,18,338735430,zebra_raw,9,770,22,0.9962313349512206,0.02857142857142857,0.018942666074440347,0.04288066773039707,0.9851722810280237,1.0
NON FIBROTIC ILA ADJUDICATED,18,338735430,zebra_isotonic,0,770,1,0.0,0.0012987012987012987,0.00022928946639889794,0.007319361170123334,0.0,0.0
NON FIBROTIC ILA ADJUDICATED,18,338735430,zebra_isotonic,1,769,1,0.0,0.0013003901170351106,0.0002295876800841234,0.007328830355107483,0.0,0.0
NON FIBROTIC ILA ADJUDICATED,18,338735430,zebra_isotonic,2,770,2,0.0,0.0025974025974025974,0.0007125907061236786,0.009420568652699277,0.0,0.0
NON FIBROTIC ILA ADJUDICATED,18,338735430,zebra_isotonic,3,769,0,0.0,0.0,0.0,0.004970565148712315,0.0,0.0
NON FIBROTIC ILA ADJUDICATED,18,338735430,zebra_isotonic,4,770,2,0.00028925997892188153,0.0025974025974025974,0.0007125907061236786,0.009420568652699277,0.0,0.002355712603062426
NON FIBROTIC ILA ADJUDICATED,18,338735430,zebra_isotonic,5,769,3,0.0023557126030624258,0.0039011703511053317,0.001327618000260774,0.011406505807889416,0.002355712603062426,0.002355712603062426
NON FIBROTIC ILA ADJUDICATED,18,338735430,zebra_isotonic,6,769,3,0.004822352482085877,0.0039011703511053317,0.001327618000260774,0.011406505807889416,0.002355712603062426,0.007680491551459293
NON FIBROTIC ILA ADJUDICATED,18,338735430,zebra_isotonic,7,770,3,0.007985132634021817,0.003896103896103896,0.0013258926936253902,0.011391775387498288,0.007680491551459293,0.01098901098901099
NON FIBROTIC ILA ADJUDICATED,18,338735430,zebra_isotonic,8,769,7,0.01219246244309973,0.009102730819245773,0.004416223152723785,0.01866931220134357,0.01098901098901099,0.01924701389099298
NON FIBROTIC ILA ADJUDICATED,18,338735430,zebra_isotonic,9,770,22,0.029921538048884564,0.02857142857142857,0.018942666074440347,0.04288066773039707,0.02251770206248587,0.058823529411764705
NON FIBROTIC ILA ADJUDICATED,18,338735430,genomic_raw,0,770,1,0.008048002975977195,0.0012987012987012987,0.00022928946639889794,0.007319361170123334,0.0037627916651263357,0.010102053859329071
NON FIBROTIC ILA ADJUDICATED,18,338735430,genomic_raw,1,769,3,0.011628710396821722,0.0039011703511053317,0.001327618000260774,0.011406505807889416,0.010102230679208167,0.013184758090904424
NON FIBROTIC ILA ADJUDICATED,18,338735430,genomic_raw,2,770,4,0.014742521472390052,0.005194805194805195,0.0020219574690050306,0.013280219334419372,0.013186028547498193,0.016347719416618747
NON FIBROTIC ILA ADJUDICATED,18,338735430,genomic_raw,3,769,5,0.01831679015558351,0.006501950585175552,0.002780348414515579,0.015129481166593194,0.016351074992750243,0.020316807126527663
NON FIBROTIC ILA ADJUDICATED,18,338735430,genomic_raw,4,770,5,0.022739402556829314,0.006493506493506494,0.0027767335367897463,0.01510995198893538,0.020325385403751985,0.025299960208578404
NON FIBROTIC ILA ADJUDICATED,18,338735430,genomic_raw,5,769,4,0.028383423104500732,0.005201560468140442,0.0020245891497467933,0.013297387544882687,0.025304178976978585,0.031859967935151286
NON FIBROTIC ILA ADJUDICATED,18,338735430,genomic_raw,6,769,1,0.036329807490691673,0.0013003901170351106,0.0002295876800841234,0.007328830355107483,0.031868664724783134,0.041281690718135644
NON FIBROTIC ILA ADJUDICATED,18,338735430,genomic_raw,7,770,7,0.04777861042570777,0.00909090909090909,0.004410478976495486,0.01864522399383109,0.04129731830912358,0.05499910631091957
NON FIBROTIC ILA ADJUDICATED,18,338735430,genomic_raw,8,769,6,0.06606461273267515,0.007802340702210663,0.003580646807040671,0.016917035660547395,0.05501194516295745,0.08022799622124277
NON FIBROTIC ILA ADJUDICATED,18,338735430,genomic_raw,9,770,8,0.11454571255756398,0.01038961038961039,0.005273784940225151,0.020366426752402144,0.08024970907124923,0.34861923198973827
NON FIBROTIC ILA ADJUDICATED,18,338735430,genomic_isotonic,0,770,1,0.0037601845627653,0.0012987012987012987,0.00022928946639889794,0.007319361170123334,0.0,0.005796113194681214
NON FIBROTIC ILA ADJUDICATED,18,338735430,genomic_isotonic,1,769,5,0.005796113194681214,0.006501950585175552,0.002780348414515579,0.015129481166593194,0.005796113194681214,0.005796113194681214
NON FIBROTIC ILA ADJUDICATED,18,338735430,genomic_isotonic,2,770,2,0.005796113194681214,0.0025974025974025974,0.0007125907061236786,0.009420568652699277,0.005796113194681214,0.005796113194681214
NON FIBROTIC ILA ADJUDICATED,18,338735430,genomic_isotonic,3,769,2,0.005796113194681214,0.002600780234070221,0.0007135177289523901,0.009432753192718508,0.005796113194681214,0.005796113194681214
NON FIBROTIC ILA ADJUDICATED,18,338735430,genomic_isotonic,4,770,6,0.005796113194681214,0.007792207792207792,0.0035759904186376326,0.016895203829388215,0.005796113194681214,0.005796113194681214
NON FIBROTIC ILA ADJUDICATED,18,338735430,genomic_isotonic,5,769,5,0.005796113194681214,0.006501950585175552,0.002780348414515579,0.015129481166593194,0.005796113194681214,0.005796113194681214
NON FIBROTIC ILA ADJUDICATED,18,338735430,genomic_isotonic,6,769,3,0.006326161938245942,0.0039011703511053317,0.001327618000260774,0.011406505807889416,0.005796113194681214,0.006402048655569782
NON FIBROTIC ILA ADJUDICATED,18,338735430,genomic_isotonic,7,770,7,0.006402048655569782,0.00909090909090909,0.004410478976495486,0.01864522399383109,0.006402048655569782,0.006402048655569782
NON FIBROTIC ILA ADJUDICATED,18,338735430,genomic_isotonic,8,769,5,0.007600744997097512,0.006501950585175552,0.002780348414515579,0.015129481166593194,0.006402048655569782,0.008143322475570033
NON FIBROTIC ILA ADJUDICATED,18,338735430,genomic_isotonic,9,770,8,0.008143322475570034,0.01038961038961039,0.005273784940225151,0.020366426752402144,0.008143322475570033,0.008143322475570033
NON FIBROTIC ILA ADJUDICATED,18,338735430,combined_raw,0,770,1,0.0032863769458499593,0.0012987012987012987,0.00022928946639889794,0.007319361170123334,0.0007898616018479764,0.004606834690288114
NON FIBROTIC ILA ADJUDICATED,18,338735430,combined_raw,1,769,1,0.005810152730535361,0.0013003901170351106,0.0002295876800841234,0.007328830355107483,0.00460984715344809,0.007099603605195024
NON FIBROTIC ILA ADJUDICATED,18,338735430,combined_raw,2,770,0,0.008436330289966591,0.0,0.0,0.004964141914221508,0.007101240686161633,0.00997462501258446
NON FIBROTIC ILA ADJUDICATED,18,338735430,combined_raw,3,769,2,0.011789313285994456,0.002600780234070221,0.0007135177289523901,0.009432753192718508,0.009979788795023923,0.013964125131506641
NON FIBROTIC ILA ADJUDICATED,18,338735430,combined_raw,4,770,3,0.017049427452139075,0.003896103896103896,0.0013258926936253902,0.011391775387498288,0.013984917805820783,0.021031970735037587
NON FIBROTIC ILA ADJUDICATED,18,338735430,combined_raw,5,769,1,0.027242065198301357,0.0013003901170351106,0.0002295876800841234,0.007328830355107483,0.021040181270605647,0.035345822231815385
NON FIBROTIC ILA ADJUDICATED,18,338735430,combined_raw,6,769,6,0.05157394329591595,0.007802340702210663,0.003580646807040671,0.016917035660547395,0.03534717051218841,0.07358391831091259
NON FIBROTIC ILA ADJUDICATED,18,338735430,combined_raw,7,770,6,0.10870083166560517,0.007792207792207792,0.0035759904186376326,0.016895203829388215,0.07358762327459185,0.1516365614849386
NON FIBROTIC ILA ADJUDICATED,18,338735430,combined_raw,8,769,8,0.21089922770595723,0.010403120936280884,0.005280654829476248,0.0203927334110704,0.1516529398082664,0.28470384318454245
NON FIBROTIC ILA ADJUDICATED,18,338735430,combined_raw,9,770,16,0.44608962977395883,0.02077922077922078,0.012830175613871217,0.033486105857161864,0.28487957614921455,0.8784393937754466
NON FIBROTIC ILA ADJUDICATED,18,338735430,combined_isotonic,0,770,1,0.0010910809146751819,0.0012987012987012987,0.00022928946639889794,0.007319361170123334,0.0,0.0011025358324145535
NON FIBROTIC ILA ADJUDICATED,18,338735430,combined_isotonic,1,769,1,0.0011025358324145537,0.0013003901170351106,0.0002295876800841234,0.007328830355107483,0.0011025358324145535,0.0011025358324145535
NON FIBROTIC ILA ADJUDICATED,18,338735430,combined_isotonic,2,770,3,0.0011025358324145537,0.003896103896103896,0.0013258926936253902,0.011391775387498288,0.0011025358324145535,0.0011025358324145535
NON FIBROTIC ILA ADJUDICATED,18,338735430,combined_isotonic,3,769,0,0.0011025358324145537,0.0,0.0,0.004970565148712315,0.0011025358324145535,0.0011025358324145535
NON FIBROTIC ILA ADJUDICATED,18,338735430,combined_isotonic,4,770,2,0.0012719983941375107,0.0025974025974025974,0.0007125907061236786,0.009420568652699277,0.0011025358324145535,0.0024390243902439024
NON FIBROTIC ILA ADJUDICATED,18,338735430,combined_isotonic,5,769,1,0.004646166729857848,0.0013003901170351106,0.0002295876800841234,0.007328830355107483,0.0024390243902439024,0.009174311926605505
NON FIBROTIC ILA ADJUDICATED,18,338735430,combined_isotonic,6,769,2,0.011344715749725572,0.002600780234070221,0.0007135177289523901,0.009432753192718508,0.009174311926605505,0.012021857923497269
NON FIBROTIC ILA ADJUDICATED,18,338735430,combined_isotonic,7,770,10,0.012049319276238354,0.012987012987012988,0.007069333631553706,0.02373989550567504,0.012021857923497269,0.013513513513513514
NON FIBROTIC ILA ADJUDICATED,18,338735430,combined_isotonic,8,769,11,0.016049023201168845,0.014304291287386216,0.008005744470847457,0.025431202429137063,0.013513513513513514,0.01680672268907563
NON FIBROTIC ILA ADJUDICATED,18,338735430,combined_isotonic,9,770,13,0.01897236894522766,0.016883116883116882,0.009892721428977881,0.028670033875153024,0.01680672268907563,0.024691358024691357
NON FIBROTIC ILA ADJUDICATED,19,1365751577,zebra_raw,0,770,0,0.23102071733902993,0.0,0.0,0.004964141914221508,0.11052533634471677,0.26012988831572514
NON FIBROTIC ILA ADJUDICATED,19,1365751577,zebra_raw,1,769,0,0.28718024781692353,0.0,0.0,0.004970565148712315,0.2601716094949649,0.3134172517546153
NON FIBROTIC ILA ADJUDICATED,19,1365751577,zebra_raw,2,770,0,0.3446616113661417,0.0,0.0,0.004964141914221508,0.3134570424472098,0.37747676379221107
NON FIBROTIC ILA ADJUDICATED,19,1365751577,zebra_raw,3,769,0,0.4129032551259306,0.0,0.0,0.004970565148712315,0.3775756027319134,0.44965430124805295
NON FIBROTIC ILA ADJUDICATED,19,1365751577,zebra_raw,4,770,4,0.49584618298911814,0.005194805194805195,0.0020219574690050306,0.013280219334419372,0.44973227909715946,0.5488839454116605
NON FIBROTIC ILA ADJUDICATED,19,1365751577,zebra_raw,5,769,3,0.6084966560776827,0.0039011703511053317,0.001327618000260774,0.011406505807889416,0.5492292234640328,0.6700763923966143
NON FIBROTIC ILA ADJUDICATED,19,1365751577,zebra_raw,6,769,3,0.7366185608345729,0.0039011703511053317,0.001327618000260774,0.011406505807889416,0.6703025118052282,0.7948839486070685
NON FIBROTIC ILA ADJUDICATED,19,1365751577,zebra_raw,7,770,3,0.8491017224607031,0.003896103896103896,0.0013258926936253902,0.011391775387498288,0.7949992771625009,0.9004332446160401
NON FIBROTIC ILA ADJUDICATED,19,1365751577,zebra_raw,8,769,8,0.9498698468010367,0.010403120936280884,0.005280654829476248,0.0203927334110704,0.9005024272058008,0.9843899686874735
NON FIBROTIC ILA ADJUDICATED,19,1365751577,zebra_raw,9,770,23,0.9960237820725347,0.02987012987012987,0.01998520545069876,0.044422637076439384,0.9844507805294086,1.0
NON FIBROTIC ILA ADJUDICATED,19,1365751577,zebra_isotonic,0,770,0,0.0,0.0,0.0,0.004964141914221508,0.0,0.0
NON FIBROTIC ILA ADJUDICATED,19,1365751577,zebra_isotonic,1,769,0,0.00019038943048998362,0.0,0.0,0.004970565148712315,0.0,0.0006702412868632708
NON FIBROTIC ILA ADJUDICATED,19,1365751577,zebra_isotonic,2,770,0,0.0006702412868632709,0.0,0.0,0.004964141914221508,0.0006702412868632708,0.0006702412868632708
NON FIBROTIC ILA ADJUDICATED,19,1365751577,zebra_isotonic,3,769,1,0.000670241286863271,0.0013003901170351106,0.0002295876800841234,0.007328830355107483,0.0006702412868632708,0.0006702412868632708
NON FIBROTIC ILA ADJUDICATED,19,1365751577,zebra_isotonic,4,770,2,0.0014246161110481597,0.0025974025974025974,0.0007125907061236786,0.009420568652699277,0.0006702412868632708,0.002607561929595828
NON FIBROTIC ILA ADJUDICATED,19,1365751577,zebra_isotonic,5,769,4,0.0026075619295958283,0.005201560468140442,0.0020245891497467933,0.013297387544882687,0.002607561929595828,0.002607561929595828
NON FIBROTIC ILA ADJUDICATED,19,1365751577,zebra_isotonic,6,769,4,0.006950561510260989,0.005201560468140442,0.0020245891497467933,0.013297387544882687,0.002607561929595828,0.007291666666666667
NON FIBROTIC ILA ADJUDICATED,19,1365751577,zebra_isotonic,7,770,2,0.007291666666666668,0.0025974025974025974,0.0007125907061236786,0.009420568652699277,0.007291666666666667,0.007291666666666667
NON FIBROTIC ILA ADJUDICATED,19,1365751577,zebra_isotonic,8,769,9,0.010919400512108083,0.011703511053315995,0.006169270449727107,0.022091970677298834,0.007291666666666667,0.011111111111111112
NON FIBROTIC ILA ADJUDICATED,19,1365751577,zebra_isotonic,9,770,22,0.02756622957381638,0.02857142857142857,0.018942666074440347,0.04288066773039707,0.011111111111111112,0.0625
NON FIBROTIC ILA ADJUDICATED,19,1365751577,genomic_raw,0,770,5,6.932055252239849e-95,0.006493506493506494,0.0027767335367897463,0.01510995198893538,1.0943338131009224e-197,4.096345234850627e-93
NON FIBROTIC ILA ADJUDICATED,19,1365751577,genomic_raw,1,769,4,1.1774465262365675e-76,0.005201560468140442,0.0020245891497467933,0.013297387544882687,4.548425709107535e-93,3.142170973919384e-75
NON FIBROTIC ILA ADJUDICATED,19,1365751577,genomic_raw,2,770,2,1.220270669065972e-66,0.0025974025974025974,0.0007125907061236786,0.009420568652699277,3.2268878651822637e-75,2.4795862227752275e-65
NON FIBROTIC ILA ADJUDICATED,19,1365751577,genomic_raw,3,769,5,3.8094409087585983e-59,0.006501950585175552,0.002780348414515579,0.015129481166593194,2.5543995190415822e-65,5.7469065501426595e-58
NON FIBROTIC ILA ADJUDICATED,19,1365751577,genomic_raw,4,770,2,6.991814880461053e-53,0.0025974025974025974,0.0007125907061236786,0.009420568652699277,6.0048863237761304e-58,8.176492530496166e-52
NON FIBROTIC ILA ADJUDICATED,19,1365751577,genomic_raw,5,769,3,5.601095540231974e-47,0.0039011703511053317,0.001327618000260774,0.011406505807889416,8.468181642975261e-52,8.024332091361773e-46
NON FIBROTIC ILA ADJUDICATED,19,1365751577,genomic_raw,6,769,7,5.021886997347213e-41,0.009102730819245773,0.004416223152723785,0.01866931220134357,8.345263458967114e-46,6.965629584605038e-40
NON FIBROTIC ILA ADJUDICATED,19,1365751577,genomic_raw,7,770,7,2.860519828633892e-34,0.00909090909090909,0.004410478976495486,0.01864522399383109,7.082819244984413e-40,5.524636528524551e-33
NON FIBROTIC ILA ADJUDICATED,19,1365751577,genomic_raw,8,769,5,5.76477320055296e-23,0.006501950585175552,0.002780348414515579,0.015129481166593194,5.575931965909415e-33,2.1498327203770145e-21
NON FIBROTIC ILA ADJUDICATED,19,1365751577,genomic_raw,9,770,4,0.28221926522615604,0.005194805194805195,0.0020219574690050306,0.013280219334419372,2.1559215240917586e-21,1.0
NON FIBROTIC ILA ADJUDICATED,19,1365751577,genomic_isotonic,0,770,5,0.005847953216374269,0.006493506493506494,0.0027767335367897463,0.01510995198893538,0.005847953216374269,0.005847953216374269
NON FIBROTIC ILA ADJUDICATED,19,1365751577,genomic_isotonic,1,769,4,0.005847953216374269,0.005201560468140442,0.0020245891497467933,0.013297387544882687,0.005847953216374269,0.005847953216374269
NON FIBROTIC ILA ADJUDICATED,19,1365751577,genomic_isotonic,2,770,4,0.005847953216374269,0.005194805194805195,0.0020219574690050306,0.013280219334419372,0.005847953216374269,0.005847953216374269
NON FIBROTIC ILA ADJUDICATED,19,1365751577,genomic_isotonic,3,769,5,0.005847953216374269,0.006501950585175552,0.002780348414515579,0.015129481166593194,0.005847953216374269,0.005847953216374269
NON FIBROTIC ILA ADJUDICATED,19,1365751577,genomic_isotonic,4,770,5,0.005847953216374269,0.006493506493506494,0.0027767335367897463,0.01510995198893538,0.005847953216374269,0.005847953216374269
NON FIBROTIC ILA ADJUDICATED,19,1365751577,genomic_isotonic,5,769,9,0.005847953216374269,0.011703511053315995,0.006169270449727107,0.022091970677298834,0.005847953216374269,0.005847953216374269
NON FIBROTIC ILA ADJUDICATED,19,1365751577,genomic_isotonic,6,769,1,0.005847953216374269,0.0013003901170351106,0.0002295876800841234,0.007328830355107483,0.005847953216374269,0.005847953216374269
NON FIBROTIC ILA ADJUDICATED,19,1365751577,genomic_isotonic,7,770,5,0.005847953216374269,0.006493506493506494,0.0027767335367897463,0.01510995198893538,0.005847953216374269,0.005847953216374269
NON FIBROTIC ILA ADJUDICATED,19,1365751577,genomic_isotonic,8,769,2,0.005847953216374269,0.002600780234070221,0.0007135177289523901,0.009432753192718508,0.005847953216374269,0.005847953216374269
NON FIBROTIC ILA ADJUDICATED,19,1365751577,genomic_isotonic,9,770,4,0.005847953216374269,0.005194805194805195,0.0020219574690050306,0.013280219334419372,0.005847953216374269,0.005847953216374269
NON FIBROTIC ILA ADJUDICATED,19,1365751577,combined_raw,0,770,0,0.005013811952799664,0.0,0.0,0.004964141914221508,0.003747227623627396,0.005685326202222137
NON FIBROTIC ILA ADJUDICATED,19,1365751577,combined_raw,1,769,0,0.006263031222657417,0.0,0.0,0.004970565148712315,0.00568725268418067,0.006811290947044652
NON FIBROTIC ILA ADJUDICATED,19,1365751577,combined_raw,2,770,0,0.00742004197258663,0.0,0.0,0.004964141914221508,0.006814121319840131,0.00800828647061354
NON FIBROTIC ILA ADJUDICATED,19,1365751577,combined_raw,3,769,1,0.008763683746644015,0.0013003901170351106,0.0002295876800841234,0.007328830355107483,0.00800971835178315,0.00959159199048389
NON FIBROTIC ILA ADJUDICATED,19,1365751577,combined_raw,4,770,3,0.010833093307422678,0.003896103896103896,0.0013258926936253902,0.011391775387498288,0.009593487747261155,0.012353113985030273
NON FIBROTIC ILA ADJUDICATED,19,1365751577,combined_raw,5,769,6,0.014241185720919708,0.007802340702210663,0.003580646807040671,0.016917035660547395,0.01235435059877606,0.016361878188191216
NON FIBROTIC ILA ADJUDICATED,19,1365751577,combined_raw,6,769,3,0.0187812458932065,0.0039011703511053317,0.001327618000260774,0.011406505807889416,0.016380794876686845,0.02144557595285836
NON FIBROTIC ILA ADJUDICATED,19,1365751577,combined_raw,7,770,13,0.024817304128260966,0.016883116883116882,0.009892721428977881,0.028670033875153024,0.02145642626916401,0.029088049640263482
NON FIBROTIC ILA ADJUDICATED,19,1365751577,combined_raw,8,769,12,0.03730333766622897,0.015604681404421327,0.008948690331271528,0.027076109455192295,0.02912690096165787,0.04938950877033623
NON FIBROTIC ILA ADJUDICATED,19,1365751577,combined_raw,9,770,6,0.09497540622872412,0.007792207792207792,0.0035759904186376326,0.016895203829388215,0.049412517166490144,0.4503326282296638
NON FIBROTIC ILA ADJUDICATED,19,1365751577,combined_isotonic,0,770,0,0.0006308367938888992,0.0,0.0,0.004964141914221508,0.0,0.0012345679012345679
NON FIBROTIC ILA ADJUDICATED,19,1365751577,combined_isotonic,1,769,0,0.001234567901234568,0.0,0.0,0.004970565148712315,0.0012345679012345679,0.0012345679012345679
NON FIBROTIC ILA ADJUDICATED,19,1365751577,combined_isotonic,2,770,0,0.001234567901234568,0.0,0.0,0.004964141914221508,0.0012345679012345679,0.0012345679012345679
NON FIBROTIC ILA ADJUDICATED,19,1365751577,combined_isotonic,3,769,1,0.0016293759899799539,0.0013003901170351106,0.0002295876800841234,0.007328830355107483,0.0012345679012345679,0.0017331022530329288
NON FIBROTIC ILA ADJUDICATED,19,1365751577,combined_isotonic,4,770,6,0.005129858569576246,0.007792207792207792,0.0035759904186376326,0.016895203829388215,0.0017331022530329288,0.008283132530120483
NON FIBROTIC ILA ADJUDICATED,19,1365751577,combined_isotonic,5,769,2,0.008283132530120483,0.002600780234070221,0.0007135177289523901,0.009432753192718508,0.008283132530120483,0.008283132530120483
NON FIBROTIC ILA ADJUDICATED,19,1365751577,combined_isotonic,6,769,6,0.008283132530120483,0.007802340702210663,0.003580646807040671,0.016917035660547395,0.008283132530120483,0.008283132530120483
NON FIBROTIC ILA ADJUDICATED,19,1365751577,combined_isotonic,7,770,11,0.012054442443390547,0.014285714285714285,0.007995323688185082,0.025398414171344384,0.008283132530120483,0.01353637901861252
NON FIBROTIC ILA ADJUDICATED,19,1365751577,combined_isotonic,8,769,13,0.013536379018612517,0.016905071521456438,0.009905619514842359,0.028707033158100748,0.01353637901861252,0.01353637901861252
NON FIBROTIC ILA ADJUDICATED,19,1365751577,combined_isotonic,9,770,5,0.015614028441875807,0.006493506493506494,0.0027767335367897463,0.01510995198893538,0.01353637901861252,0.015706806282722512
NON FIBROTIC ILA ADJUDICATED,20,406122596,zebra_raw,0,770,0,0.23178393471042383,0.0,0.0,0.004964141914221508,0.11693488945217027,0.2600432461571028
NON FIBROTIC ILA ADJUDICATED,20,406122596,zebra_raw,1,769,1,0.2861172142580922,0.0013003901170351106,0.0002295876800841234,0.007328830355107483,0.26004792933185844,0.3123174521796162
NON FIBROTIC ILA ADJUDICATED,20,406122596,zebra_raw,2,770,0,0.3423589548990252,0.0,0.0,0.004964141914221508,0.31237812141757126,0.37556410307577726
NON FIBROTIC ILA ADJUDICATED,20,406122596,zebra_raw,3,769,0,0.4117272633346458,0.0,0.0,0.004970565148712315,0.3756791677534288,0.4493099110550881
NON FIBROTIC ILA ADJUDICATED,20,406122596,zebra_raw,4,770,4,0.4943627101535334,0.005194805194805195,0.0020219574690050306,0.013280219334419372,0.4493382830520594,0.5447134690457525
NON FIBROTIC ILA ADJUDICATED,20,406122596,zebra_raw,5,769,0,0.6049974436407415,0.0,0.0,0.004970565148712315,0.54471624560242,0.6695284955270118
NON FIBROTIC ILA ADJUDICATED,20,406122596,zebra_raw,6,769,6,0.7403848839329199,0.007802340702210663,0.003580646807040671,0.016917035660547395,0.6696196037942969,0.8022878677948452
NON FIBROTIC ILA ADJUDICATED,20,406122596,zebra_raw,7,770,2,0.8527059359447814,0.0025974025974025974,0.0007125907061236786,0.009420568652699277,0.8024480349348535,0.9057429528389144
NON FIBROTIC ILA ADJUDICATED,20,406122596,zebra_raw,8,769,12,0.9531680532705623,0.015604681404421327,0.008948690331271528,0.027076109455192295,0.9059568639687346,0.9863497300521221
NON FIBROTIC ILA ADJUDICATED,20,406122596,zebra_raw,9,770,19,0.9967660992592163,0.024675324675324677,0.015852913748522608,0.03821689388941264,0.9863920183099711,1.0
NON FIBROTIC ILA ADJUDICATED,20,406122596,zebra_isotonic,0,770,0,0.0,0.0,0.0,0.004964141914221508,0.0,0.0
NON FIBROTIC ILA ADJUDICATED,20,406122596,zebra_isotonic,1,769,0,0.0,0.0,0.0,0.004970565148712315,0.0,0.0
NON FIBROTIC ILA ADJUDICATED,20,406122596,zebra_isotonic,2,770,1,0.0,0.0012987012987012987,0.00022928946639889794,0.007319361170123334,0.0,0.0
NON FIBROTIC ILA ADJUDICATED,20,406122596,zebra_isotonic,3,769,0,0.0,0.0,0.0,0.004970565148712315,0.0,0.0
NON FIBROTIC ILA ADJUDICATED,20,406122596,zebra_isotonic,4,770,4,0.0035015617294098297,0.005194805194805195,0.0020219574690050306,0.013280219334419372,0.0,0.004219409282700422
NON FIBROTIC ILA ADJUDICATED,20,406122596,zebra_isotonic,5,769,2,0.004507772594828047,0.002600780234070221,0.0007135177289523901,0.009432753192718508,0.004219409282700422,0.004757373929590866
NON FIBROTIC ILA ADJUDICATED,20,406122596,zebra_isotonic,6,769,3,0.004757373929590865,0.0039011703511053317,0.001327618000260774,0.011406505807889416,0.004757373929590866,0.004757373929590866
NON FIBROTIC ILA ADJUDICATED,20,406122596,zebra_isotonic,7,770,5,0.005916430191520122,0.006493506493506494,0.0027767335367897463,0.01510995198893538,0.004757373929590866,0.007633587786259542
NON FIBROTIC ILA ADJUDICATED,20,406122596,zebra_isotonic,8,769,9,0.008504071103135948,0.011703511053315995,0.006169270449727107,0.022091970677298834,0.007633587786259542,0.016778523489932886
NON FIBROTIC ILA ADJUDICATED,20,406122596,zebra_isotonic,9,770,20,0.03328085101978622,0.025974025974025976,0.016876091691355087,0.03977822466888089,0.016778523489932886,0.0851063829787234
NON FIBROTIC ILA ADJUDICATED,20,406122596,genomic_raw,0,770,7,4.820835967276094e-10,0.00909090909090909,0.004410478976495486,0.01864522399383109,1.7519532616831335e-13,1.3800366761085007e-09
NON FIBROTIC ILA ADJUDICATED,20,406122596,genomic_raw,1,769,4,3.9093847849913685e-09,0.005201560468140442,0.0020245891497467933,0.013297387544882687,1.3809681842688819e-09,7.989866768890223e-09
NON FIBROTIC ILA ADJUDICATED,20,406122596,genomic_raw,2,770,4,1.756111530552909e-08,0.005194805194805195,0.0020219574690050306,0.013280219334419372,7.995394358277441e-09,3.281161338237006e-08
NON FIBROTIC ILA ADJUDICATED,20,406122596,genomic_raw,3,769,3,7.188173421942333e-08,0.0039011703511053317,0.001327618000260774,0.011406505807889416,3.2865960749644876e-08,1.415024618447464e-07
NON FIBROTIC ILA ADJUDICATED,20,406122596,genomic_raw,4,770,7,3.833483834110302e-07,0.00909090909090909,0.004410478976495486,0.01864522399383109,1.416830283932461e-07,8.446988081326329e-07
NON FIBROTIC ILA ADJUDICATED,20,406122596,genomic_raw,5,769,6,2.783773439931421e-06,0.007802340702210663,0.003580646807040671,0.016917035660547395,8.449092378422062e-07,6.235406522349492e-06
NON FIBROTIC ILA ADJUDICATED,20,406122596,genomic_raw,6,769,3,1.895118149776138e-05,0.0039011703511053317,0.001327618000260774,0.011406505807889416,6.244085778926944e-06,3.965833102663184e-05
NON FIBROTIC ILA ADJUDICATED,20,406122596,genomic_raw,7,770,2,0.00010073670924228702,0.0025974025974025974,0.0007125907061236786,0.009420568652699277,3.9696921957328455e-05,0.0002033667201661729
NON FIBROTIC ILA ADJUDICATED,20,406122596,genomic_raw,8,769,3,0.000556603606762109,0.0039011703511053317,0.001327618000260774,0.011406505807889416,0.0002034523874421398,0.0012915568278488354
NON FIBROTIC ILA ADJUDICATED,20,406122596,genomic_raw,9,770,5,0.03768290901224165,0.006493506493506494,0.0027767335367897463,0.01510995198893538,0.0012927063262111941,0.9534816536926971
NON FIBROTIC ILA ADJUDICATED,20,406122596,genomic_isotonic,0,770,4,0.0012789813223652703,0.005194805194805195,0.0020219574690050306,0.013280219334419372,0.0,0.0021691973969631237
NON FIBROTIC ILA ADJUDICATED,20,406122596,genomic_isotonic,1,769,9,0.0021691973969631237,0.011703511053315995,0.006169270449727107,0.022091970677298834,0.0021691973969631237,0.0021691973969631237
NON FIBROTIC ILA ADJUDICATED,20,406122596,genomic_isotonic,2,770,3,0.0021691973969631237,0.003896103896103896,0.0013258926936253902,0.011391775387498288,0.0021691973969631237,0.0021691973969631237
NON FIBROTIC ILA ADJUDICATED,20,406122596,genomic_isotonic,3,769,1,0.0028868420357553363,0.0013003901170351106,0.0002295876800841234,0.007328830355107483,0.0021691973969631237,0.004784688995215311
NON FIBROTIC ILA ADJUDICATED,20,406122596,genomic_isotonic,4,770,6,0.007187080105635837,0.007792207792207792,0.0035759904186376326,0.016895203829388215,0.004784688995215311,0.0075046904315197
NON FIBROTIC ILA ADJUDICATED,20,406122596,genomic_isotonic,7,770,7,0.0075046904315197015,0.00909090909090909,0.004410478976495486,0.01864522399383109,0.0075046904315197,0.0075046904315197
NON FIBROTIC ILA ADJUDICATED,20,406122596,genomic_isotonic,5,769,1,0.007504690431519702,0.0013003901170351106,0.0002295876800841234,0.007328830355107483,0.0075046904315197,0.0075046904315197
NON FIBROTIC ILA ADJUDICATED,20,406122596,genomic_isotonic,6,769,3,0.007504690431519702,0.0039011703511053317,0.001327618000260774,0.011406505807889416,0.0075046904315197,0.0075046904315197
NON FIBROTIC ILA ADJUDICATED,20,406122596,genomic_isotonic,8,769,5,0.007504690431519702,0.006501950585175552,0.002780348414515579,0.015129481166593194,0.0075046904315197,0.0075046904315197
NON FIBROTIC ILA ADJUDICATED,20,406122596,genomic_isotonic,9,770,5,0.007692010988476879,0.006493506493506494,0.0027767335367897463,0.01510995198893538,0.0075046904315197,0.00784313725490196
NON FIBROTIC ILA ADJUDICATED,20,406122596,combined_raw,0,770,1,9.685147174419835e-07,0.0012987012987012987,0.00022928946639889794,0.007319361170123334,8.849001168902871e-08,1.7193256227031544e-06
NON FIBROTIC ILA ADJUDICATED,20,406122596,combined_raw,1,769,3,2.7712334070670617e-06,0.0039011703511053317,0.001327618000260774,0.011406505807889416,1.7208772792738137e-06,4.058094856558089e-06
NON FIBROTIC ILA ADJUDICATED,20,406122596,combined_raw,2,770,4,5.947943431479714e-06,0.005194805194805195,0.0020219574690050306,0.013280219334419372,4.059836227859355e-06,8.239098993075314e-06
NON FIBROTIC ILA ADJUDICATED,20,406122596,combined_raw,3,769,3,1.191271981686476e-05,0.0039011703511053317,0.001327618000260774,0.011406505807889416,8.242409947772028e-06,1.642308668234088e-05
NON FIBROTIC ILA ADJUDICATED,20,406122596,combined_raw,4,770,3,2.4174849898915045e-05,0.003896103896103896,0.0013258926936253902,0.011391775387498288,1.6424601739963125e-05,3.4451309219355795e-05
NON FIBROTIC ILA ADJUDICATED,20,406122596,combined_raw,5,769,2,5.339275388673527e-05,0.002600780234070221,0.0007135177289523901,0.009432753192718508,3.4507142174126916e-05,7.884624799537563e-05
NON FIBROTIC ILA ADJUDICATED,20,406122596,combined_raw,6,769,5,0.0001283653896136846,0.006501950585175552,0.002780348414515579,0.015129481166593194,7.886021241304702e-05,0.00019416382487029193
NON FIBROTIC ILA ADJUDICATED,20,406122596,combined_raw,7,770,8,0.0003346413778806414,0.01038961038961039,0.005273784940225151,0.020366426752402144,0.0001944442829509929,0.0005349138050061735
NON FIBROTIC ILA ADJUDICATED,20,406122596,combined_raw,8,769,9,0.00120544576832538,0.011703511053315995,0.006169270449727107,0.022091970677298834,0.000537647064460224,0.0024751761278931353
NON FIBROTIC ILA ADJUDICATED,20,406122596,combined_raw,9,770,6,0.041118559875522855,0.007792207792207792,0.0035759904186376326,0.016895203829388215,0.0024762951507551023,0.9355735501060518
NON FIBROTIC ILA ADJUDICATED,20,406122596,combined_isotonic,0,770,3,0.0,0.003896103896103896,0.0013258926936253902,0.011391775387498288,0.0,0.0
NON FIBROTIC ILA ADJUDICATED,20,406122596,combined_isotonic,1,769,3,0.0,0.0039011703511053317,0.001327618000260774,0.011406505807889416,0.0,0.0
NON FIBROTIC ILA ADJUDICATED,20,406122596,combined_isotonic,2,770,4,0.0,0.005194805194805195,0.0020219574690050306,0.013280219334419372,0.0,0.0
NON FIBROTIC ILA ADJUDICATED,20,406122596,combined_isotonic,3,769,1,0.0010096816960121393,0.0013003901170351106,0.0002295876800841234,0.007328830355107483,0.0,0.002188183807439825
NON FIBROTIC ILA ADJUDICATED,20,406122596,combined_isotonic,4,770,3,0.00375602940954866,0.003896103896103896,0.0013258926936253902,0.011391775387498288,0.002188183807439825,0.004576659038901602
NON FIBROTIC ILA ADJUDICATED,20,406122596,combined_isotonic,5,769,4,0.005987922164998253,0.005201560468140442,0.0020245891497467933,0.013297387544882687,0.004576659038901602,0.00631768953068592
NON FIBROTIC ILA ADJUDICATED,20,406122596,combined_isotonic,6,769,5,0.00631768953068592,0.006501950585175552,0.002780348414515579,0.015129481166593194,0.00631768953068592,0.00631768953068592
NON FIBROTIC ILA ADJUDICATED,20,406122596,combined_isotonic,7,770,6,0.00909644266683978,0.007792207792207792,0.0035759904186376326,0.016895203829388215,0.00631768953068592,0.011282051282051283
NON FIBROTIC ILA ADJUDICATED,20,406122596,combined_isotonic,8,769,7,0.011282051282051283,0.009102730819245773,0.004416223152723785,0.01866931220134357,0.011282051282051283,0.011282051282051283
NON FIBROTIC ILA ADJUDICATED,20,406122596,combined_isotonic,9,770,8,0.019513013441294517,0.01038961038961039,0.005273784940225151,0.020366426752402144,0.011282051282051283,0.125
NON FIBROTIC ILA ADJUDICATED,21,630633997,zebra_raw,0,770,0,0.23222517783530175,0.0,0.0,0.004964141914221508,0.11693488945217027,0.2610548534071459
NON FIBROTIC ILA ADJUDICATED,21,630633997,zebra_raw,1,769,0,0.2869092979072992,0.0,0.0,0.004970565148712315,0.2611361694817833,0.3131465511809583
NON FIBROTIC ILA ADJUDICATED,21,630633997,zebra_raw,2,770,0,0.3429626830167221,0.0,0.0,0.004964141914221508,0.31321930129365705,0.37583020297963254
NON FIBROTIC ILA ADJUDICATED,21,630633997,zebra_raw,3,769,0,0.4105734429854862,0.0,0.0,0.004970565148712315,0.37591291363267654,0.4485139057574097
NON FIBROTIC ILA ADJUDICATED,21,630633997,zebra_raw,4,770,4,0.4906936776187788,0.005194805194805195,0.0020219574690050306,0.013280219334419372,0.4486562263513438,0.5387979003574817
NON FIBROTIC ILA ADJUDICATED,21,630633997,zebra_raw,5,769,1,0.5994141946628686,0.0013003901170351106,0.0002295876800841234,0.007328830355107483,0.5390876296067859,0.6615039843134092
NON FIBROTIC ILA ADJUDICATED,21,630633997,zebra_raw,6,769,6,0.726303903198826,0.007802340702210663,0.003580646807040671,0.016917035660547395,0.6617182496814681,0.7852181323368567
NON FIBROTIC ILA ADJUDICATED,21,630633997,zebra_raw,7,770,2,0.8415115251548464,0.0025974025974025974,0.0007125907061236786,0.009420568652699277,0.7852958248408387,0.8956413954458924
NON FIBROTIC ILA ADJUDICATED,21,630633997,zebra_raw,8,769,7,0.9484663100445886,0.009102730819245773,0.004416223152723785,0.01866931220134357,0.896139016526146,0.985721892962206
NON FIBROTIC ILA ADJUDICATED,21,630633997,zebra_raw,9,770,24,0.9965436779071093,0.03116883116883117,0.021033415527337528,0.04595893572210135,0.9857866911449585,1.0
NON FIBROTIC ILA ADJUDICATED,21,630633997,zebra_isotonic,0,770,0,0.0,0.0,0.0,0.004964141914221508,0.0,0.0
NON FIBROTIC ILA ADJUDICATED,21,630633997,zebra_isotonic,1,769,0,0.0001688738238376227,0.0,0.0,0.004970565148712315,0.0,0.000643915003219575
NON FIBROTIC ILA ADJUDICATED,21,630633997,zebra_isotonic,2,770,0,0.0006439150032195749,0.0,0.0,0.004964141914221508,0.000643915003219575,0.000643915003219575
NON FIBROTIC ILA ADJUDICATED,21,630633997,zebra_isotonic,3,769,2,0.0006439150032195749,0.002600780234070221,0.0007135177289523901,0.009432753192718508,0.000643915003219575,0.000643915003219575
NON FIBROTIC ILA ADJUDICATED,21,630633997,zebra_isotonic,4,770,2,0.0012368994608216383,0.0025974025974025974,0.0007125907061236786,0.009420568652699277,0.000643915003219575,0.004791238877481177
NON FIBROTIC ILA ADJUDICATED,21,630633997,zebra_isotonic,5,769,3,0.004791238877481176,0.0039011703511053317,0.001327618000260774,0.011406505807889416,0.004791238877481177,0.004791238877481177
NON FIBROTIC ILA ADJUDICATED,21,630633997,zebra_isotonic,6,769,2,0.004791238877481176,0.002600780234070221,0.0007135177289523901,0.009432753192718508,0.004791238877481177,0.004791238877481177
NON FIBROTIC ILA ADJUDICATED,21,630633997,zebra_isotonic,7,770,4,0.005996648745553876,0.005194805194805195,0.0020219574690050306,0.013280219334419372,0.004791238877481177,0.00980392156862745
NON FIBROTIC ILA ADJUDICATED,21,630633997,zebra_isotonic,8,769,7,0.011075023619963572,0.009102730819245773,0.004416223152723785,0.01866931220134357,0.00980392156862745,0.018018018018018018
NON FIBROTIC ILA ADJUDICATED,21,630633997,zebra_isotonic,9,770,24,0.028291566508465683,0.03116883116883117,0.021033415527337528,0.04595893572210135,0.018018018018018018,0.0625
NON FIBROTIC ILA ADJUDICATED,21,630633997,genomic_raw,0,770,5,0.00023718107185273756,0.006493506493506494,0.0027767335367897463,0.01510995198893538,3.6593469485332e-05,0.00036287114068750783
NON FIBROTIC ILA ADJUDICATED,21,630633997,genomic_raw,1,769,6,0.00048478305365150644,0.007802340702210663,0.003580646807040671,0.016917035660547395,0.00036296936258932894,0.0006168658420429172
NON FIBROTIC ILA ADJUDICATED,21,630633997,genomic_raw,2,770,7,0.0007559858959143533,0.00909090909090909,0.004410478976495486,0.01864522399383109,0.0006175718308541844,0.0009032501470125485
NON FIBROTIC ILA ADJUDICATED,21,630633997,genomic_raw,3,769,5,0.0010867318460440446,0.006501950585175552,0.002780348414515579,0.015129481166593194,0.0009041785221605194,0.001306963619291149
NON FIBROTIC ILA ADJUDICATED,21,630633997,genomic_raw,4,770,3,0.0015791495387672075,0.003896103896103896,0.0013258926936253902,0.011391775387498288,0.0013076941054460623,0.0018686142737981265
NON FIBROTIC ILA ADJUDICATED,21,630633997,genomic_raw,5,769,7,0.00230473002770103,0.009102730819245773,0.004416223152723785,0.01866931220134357,0.0018701469461798231,0.002757746169668513
NON FIBROTIC ILA ADJUDICATED,21,630633997,genomic_raw,6,769,3,0.003470941754290194,0.0039011703511053317,0.001327618000260774,0.011406505807889416,0.0027592396159427986,0.004296598440309105
NON FIBROTIC ILA ADJUDICATED,21,630633997,genomic_raw,7,770,2,0.005558686867601678,0.0025974025974025974,0.0007125907061236786,0.009420568652699277,0.004301005039377914,0.007247816745560005
NON FIBROTIC ILA ADJUDICATED,21,630633997,genomic_raw,8,769,1,0.010531180465243279,0.0013003901170351106,0.0002295876800841234,0.007328830355107483,0.007253842555836328,0.015534574898975088
NON FIBROTIC ILA ADJUDICATED,21,630633997,genomic_raw,9,770,5,0.04578645522916896,0.006493506493506494,0.0027767335367897463,0.01510995198893538,0.015560877651006116,0.4598827538581714
NON FIBROTIC ILA ADJUDICATED,21,630633997,genomic_isotonic,0,770,5,0.004188793085003958,0.006493506493506494,0.0027767335367897463,0.01510995198893538,0.0,0.0042833607907743
NON FIBROTIC ILA ADJUDICATED,21,630633997,genomic_isotonic,1,769,2,0.0042833607907743,0.002600780234070221,0.0007135177289523901,0.009432753192718508,0.0042833607907743,0.0042833607907743
NON FIBROTIC ILA ADJUDICATED,21,630633997,genomic_isotonic,2,770,4,0.0042833607907743,0.005194805194805195,0.0020219574690050306,0.013280219334419372,0.0042833607907743,0.0042833607907743
NON FIBROTIC ILA ADJUDICATED,21,630633997,genomic_isotonic,3,769,8,0.0042833607907743,0.010403120936280884,0.005280654829476248,0.0203927334110704,0.0042833607907743,0.0042833607907743
NON FIBROTIC ILA ADJUDICATED,21,630633997,genomic_isotonic,4,770,4,0.0042833607907743,0.005194805194805195,0.0020219574690050306,0.013280219334419372,0.0042833607907743,0.0042833607907743
NON FIBROTIC ILA ADJUDICATED,21,630633997,genomic_isotonic,5,769,7,0.005545570549889779,0.009102730819245773,0.004416223152723785,0.01866931220134357,0.0042833607907743,0.007049345417925478
NON FIBROTIC ILA ADJUDICATED,21,630633997,genomic_isotonic,6,769,2,0.00704934541792548,0.002600780234070221,0.0007135177289523901,0.009432753192718508,0.007049345417925478,0.007049345417925478
NON FIBROTIC ILA ADJUDICATED,21,630633997,genomic_isotonic,7,770,3,0.00704934541792548,0.003896103896103896,0.0013258926936253902,0.011391775387498288,0.007049345417925478,0.007049345417925478
NON FIBROTIC ILA ADJUDICATED,21,630633997,genomic_isotonic,8,769,5,0.00704934541792548,0.006501950585175552,0.002780348414515579,0.015129481166593194,0.007049345417925478,0.007049345417925478
NON FIBROTIC ILA ADJUDICATED,21,630633997,genomic_isotonic,9,770,4,0.012170792672601965,0.005194805194805195,0.0020219574690050306,0.013280219334419372,0.007049345417925478,0.05555555555555555
NON FIBROTIC ILA ADJUDICATED,21,630633997,combined_raw,0,770,0,0.0014737579749701673,0.0,0.0,0.004964141914221508,0.000817869062354859,0.0018530477516775137
NON FIBROTIC ILA ADJUDICATED,21,630633997,combined_raw,1,769,0,0.0021942773263380283,0.0,0.0,0.004970565148712315,0.0018534489450841246,0.0025811295947266426
NON FIBROTIC ILA ADJUDICATED,21,630633997,combined_raw,2,770,0,0.002976445048580233,0.0,0.0,0.004964141914221508,0.0025822538460382708,0.0034205731333390747
NON FIBROTIC ILA ADJUDICATED,21,630633997,combined_raw,3,769,4,0.004006554058254906,0.005201560468140442,0.0020245891497467933,0.013297387544882687,0.003420587713655241,0.004691573820993977
NON FIBROTIC ILA ADJUDICATED,21,630633997,combined_raw,4,770,5,0.0056245205848752386,0.006493506493506494,0.0027767335367897463,0.01510995198893538,0.0046930288644432645,0.006751162731916297
NON FIBROTIC ILA ADJUDICATED,21,630633997,combined_raw,5,769,3,0.00850490599287626,0.0039011703511053317,0.001327618000260774,0.011406505807889416,0.006752937361712563,0.010517435341925062
NON FIBROTIC ILA ADJUDICATED,21,630633997,combined_raw,6,769,8,0.01334666226581261,0.010403120936280884,0.005280654829476248,0.0203927334110704,0.010517899605634401,0.016536791953935565
NON FIBROTIC ILA ADJUDICATED,21,630633997,combined_raw,7,770,6,0.021113813557995995,0.007792207792207792,0.0035759904186376326,0.016895203829388215,0.01654772505347504,0.02730574975297299
NON FIBROTIC ILA ADJUDICATED,21,630633997,combined_raw,8,769,6,0.03969196233205762,0.007802340702210663,0.003580646807040671,0.016917035660547395,0.027335922603148138,0.059123882866781316
NON FIBROTIC ILA ADJUDICATED,21,630633997,combined_raw,9,770,12,0.13658759624982647,0.015584415584415584,0.008937040176158829,0.027041206405671363,0.05918114526179596,0.6734321825592731
NON FIBROTIC ILA ADJUDICATED,21,630633997,combined_isotonic,0,770,0,0.0,0.0,0.0,0.004964141914221508,0.0,0.0
NON FIBROTIC ILA ADJUDICATED,21,630633997,combined_isotonic,1,769,0,0.0007294670124873612,0.0,0.0,0.004970565148712315,0.0,0.0021810250817884407
NON FIBROTIC ILA ADJUDICATED,21,630633997,combined_isotonic,2,770,0,0.0021810250817884407,0.0,0.0,0.004964141914221508,0.0021810250817884407,0.0021810250817884407
NON FIBROTIC ILA ADJUDICATED,21,630633997,combined_isotonic,3,769,3,0.0025438227533615097,0.0039011703511053317,0.001327618000260774,0.011406505807889416,0.0021810250817884407,0.0030211480362537764
NON FIBROTIC ILA ADJUDICATED,21,630633997,combined_isotonic,4,770,7,0.003759830269205705,0.00909090909090909,0.004410478976495486,0.01864522399383109,0.0030211480362537764,0.004469987228607918
NON FIBROTIC ILA ADJUDICATED,21,630633997,combined_isotonic,5,769,4,0.004469987228607919,0.005201560468140442,0.0020245891497467933,0.013297387544882687,0.004469987228607918,0.004469987228607918
NON FIBROTIC ILA ADJUDICATED,21,630633997,combined_isotonic,6,769,7,0.004469987228607919,0.009102730819245773,0.004416223152723785,0.01866931220134357,0.004469987228607918,0.004469987228607918
NON FIBROTIC ILA ADJUDICATED,21,630633997,combined_isotonic,7,770,6,0.007444695669865123,0.007792207792207792,0.0035759904186376326,0.016895203829388215,0.004469987228607918,0.012987012987012988
NON FIBROTIC ILA ADJUDICATED,21,630633997,combined_isotonic,8,769,6,0.013566476852735291,0.007802340702210663,0.003580646807040671,0.016917035660547395,0.012987012987012988,0.013888888888888888
NON FIBROTIC ILA ADJUDICATED,21,630633997,combined_isotonic,9,770,11,0.020694868201661852,0.014285714285714285,0.007995323688185082,0.025398414171344384,0.013888888888888888,0.02575107296137339
NON FIBROTIC ILA ADJUDICATED,22,2023588537,zebra_raw,0,770,0,0.2304513424471378,0.0,0.0,0.004964141914221508,0.11052533634471677,0.2593542628397692
NON FIBROTIC ILA ADJUDICATED,22,2023588537,zebra_raw,1,769,1,0.28503698048480786,0.0013003901170351106,0.0002295876800841234,0.007328830355107483,0.25938014712367635,0.3111980368732263
NON FIBROTIC ILA ADJUDICATED,22,2023588537,zebra_raw,2,770,0,0.3413438971474778,0.0,0.0,0.004964141914221508,0.31121606017594466,0.37262568542525004
NON FIBROTIC ILA ADJUDICATED,22,2023588537,zebra_raw,3,769,0,0.40595281786917786,0.0,0.0,0.004970565148712315,0.3726751537023029,0.4419487762130504
NON FIBROTIC ILA ADJUDICATED,22,2023588537,zebra_raw,4,770,3,0.48485438498118094,0.003896103896103896,0.0013258926936253902,0.011391775387498288,0.4420662736478386,0.5324458909475378
NON FIBROTIC ILA ADJUDICATED,22,2023588537,zebra_raw,5,769,2,0.5921551206408536,0.002600780234070221,0.0007135177289523901,0.009432753192718508,0.532619892635735,0.6550466177587777
NON FIBROTIC ILA ADJUDICATED,22,2023588537,zebra_raw,6,769,3,0.7230214518533963,0.0039011703511053317,0.001327618000260774,0.011406505807889416,0.6550497917064914,0.7845454906992183
NON FIBROTIC ILA ADJUDICATED,22,2023588537,zebra_raw,7,770,3,0.8383730819591642,0.003896103896103896,0.0013258926936253902,0.011391775387498288,0.7845801313592548,0.8971838605247259
NON FIBROTIC ILA ADJUDICATED,22,2023588537,zebra_raw,8,769,8,0.9490038817220261,0.010403120936280884,0.005280654829476248,0.0203927334110704,0.897232731440224,0.9854116329818159
NON FIBROTIC ILA ADJUDICATED,22,2023588537,zebra_raw,9,770,24,0.9963937409152901,0.03116883116883117,0.021033415527337528,0.04595893572210135,0.985485854363619,1.0
NON FIBROTIC ILA ADJUDICATED,22,2023588537,zebra_isotonic,0,770,1,0.0,0.0012987012987012987,0.00022928946639889794,0.007319361170123334,0.0,0.0
NON FIBROTIC ILA ADJUDICATED,22,2023588537,zebra_isotonic,1,769,0,0.0,0.0,0.0,0.004970565148712315,0.0,0.0
NON FIBROTIC ILA ADJUDICATED,22,2023588537,zebra_isotonic,2,770,0,0.0,0.0,0.0,0.004964141914221508,0.0,0.0
NON FIBROTIC ILA ADJUDICATED,22,2023588537,zebra_isotonic,3,769,0,0.0,0.0,0.0,0.004970565148712315,0.0,0.0
NON FIBROTIC ILA ADJUDICATED,22,2023588537,zebra_isotonic,4,770,1,0.0025155977795225225,0.0012987012987012987,0.00022928946639889794,0.007319361170123334,0.0,0.0034924330616996507
NON FIBROTIC ILA ADJUDICATED,22,2023588537,zebra_isotonic,5,769,4,0.0035749156981407315,0.005201560468140442,0.0020245891497467933,0.013297387544882687,0.0034924330616996507,0.006552006552006552
NON FIBROTIC ILA ADJUDICATED,22,2023588537,zebra_isotonic,7,770,3,0.0065520065520065516,0.003896103896103896,0.0013258926936253902,0.011391775387498288,0.006552006552006552,0.006552006552006552
NON FIBROTIC ILA ADJUDICATED,22,2023588537,zebra_isotonic,6,769,2,0.006552006552006552,0.002600780234070221,0.0007135177289523901,0.009432753192718508,0.006552006552006552,0.006552006552006552
NON FIBROTIC ILA ADJUDICATED,22,2023588537,zebra_isotonic,8,769,14,0.013278889507860065,0.018205461638491547,0.010875078260352153,0.030325427299070243,0.006552006552006552,0.014705882352941176
NON FIBROTIC ILA ADJUDICATED,22,2023588537,zebra_isotonic,9,770,19,0.023730833262670083,0.024675324675324677,0.015852913748522608,0.03821689388941264,0.014705882352941176,0.05084745762711865
NON FIBROTIC ILA ADJUDICATED,22,2023588537,genomic_raw,0,770,9,8.388886166512704e-08,0.011688311688311689,0.006161243000312308,0.022063477414615715,9.605746636716397e-10,2.1666431687156643e-07
NON FIBROTIC ILA ADJUDICATED,22,2023588537,genomic_raw,1,769,3,4.871477902022213e-07,0.0039011703511053317,0.001327618000260774,0.011406505807889416,2.1673081933382938e-07,8.504222045904089e-07
NON FIBROTIC ILA ADJUDICATED,22,2023588537,genomic_raw,2,770,5,1.5793993402118328e-06,0.006493506493506494,0.0027767335367897463,0.01510995198893538,8.514595681742269e-07,2.5398150340994488e-06
NON FIBROTIC ILA ADJUDICATED,22,2023588537,genomic_raw,3,769,3,4.392411713064127e-06,0.0039011703511053317,0.001327618000260774,0.011406505807889416,2.540848445235181e-06,6.901228649423133e-06
NON FIBROTIC ILA ADJUDICATED,22,2023588537,genomic_raw,4,770,1,1.2568024864987958e-05,0.0012987012987012987,0.00022928946639889794,0.007319361170123334,6.929409492174049e-06,2.1365202274264083e-05
NON FIBROTIC ILA ADJUDICATED,22,2023588537,genomic_raw,5,769,4,4.620460140936317e-05,0.005201560468140442,0.0020245891497467933,0.013297387544882687,2.1368411087437585e-05,8.581791427816906e-05
NON FIBROTIC ILA ADJUDICATED,22,2023588537,genomic_raw,6,769,6,0.00023293179717542438,0.007802340702210663,0.003580646807040671,0.016917035660547395,8.591027223392855e-05,0.0004988236064930541
NON FIBROTIC ILA ADJUDICATED,22,2023588537,genomic_raw,7,770,7,0.0011362151233831957,0.00909090909090909,0.004410478976495486,0.01864522399383109,0.0004991711881385493,0.002135640551587954
NON FIBROTIC ILA ADJUDICATED,22,2023588537,genomic_raw,8,769,2,0.00495614319891547,0.002600780234070221,0.0007135177289523901,0.009432753192718508,0.002136704794529481,0.009908738773315474
NON FIBROTIC ILA ADJUDICATED,22,2023588537,genomic_raw,9,770,4,0.080514768456757,0.005194805194805195,0.0020219574690050306,0.013280219334419372,0.009918087153530252,0.9930037925944598
NON FIBROTIC ILA ADJUDICATED,22,2023588537,genomic_isotonic,0,770,9,0.005393960802285251,0.011688311688311689,0.006161243000312308,0.022063477414615715,0.005154639175257732,0.005414185165132647
NON FIBROTIC ILA ADJUDICATED,22,2023588537,genomic_isotonic,1,769,3,0.0054141851651326465,0.0039011703511053317,0.001327618000260774,0.011406505807889416,0.005414185165132647,0.005414185165132647
NON FIBROTIC ILA ADJUDICATED,22,2023588537,genomic_isotonic,2,770,4,0.0054141851651326465,0.005194805194805195,0.0020219574690050306,0.013280219334419372,0.005414185165132647,0.005414185165132647
NON FIBROTIC ILA ADJUDICATED,22,2023588537,genomic_isotonic,3,769,3,0.0054141851651326465,0.0039011703511053317,0.001327618000260774,0.011406505807889416,0.005414185165132647,0.005414185165132647
NON FIBROTIC ILA ADJUDICATED,22,2023588537,genomic_isotonic,4,770,2,0.0054141851651326465,0.0025974025974025974,0.0007125907061236786,0.009420568652699277,0.005414185165132647,0.005414185165132647
NON FIBROTIC ILA ADJUDICATED,22,2023588537,genomic_isotonic,5,769,3,0.0054141851651326465,0.0039011703511053317,0.001327618000260774,0.011406505807889416,0.005414185165132647,0.005414185165132647
NON FIBROTIC ILA ADJUDICATED,22,2023588537,genomic_isotonic,6,769,7,0.0058444294956484155,0.009102730819245773,0.004416223152723785,0.01866931220134357,0.005414185165132647,0.007226738934056007
NON FIBROTIC ILA ADJUDICATED,22,2023588537,genomic_isotonic,7,770,1,0.007226738934056008,0.0012987012987012987,0.00022928946639889794,0.007319361170123334,0.007226738934056007,0.007226738934056007
NON FIBROTIC ILA ADJUDICATED,22,2023588537,genomic_isotonic,8,769,9,0.007226738934056008,0.011703511053315995,0.006169270449727107,0.022091970677298834,0.007226738934056007,0.007226738934056007
NON FIBROTIC ILA ADJUDICATED,22,2023588537,genomic_isotonic,9,770,3,0.0075606085899216375,0.003896103896103896,0.0013258926936253902,0.011391775387498288,0.007226738934056007,0.009174311926605505
NON FIBROTIC ILA ADJUDICATED,22,2023588537,combined_raw,0,770,0,0.0022205116117321273,0.0,0.0,0.004964141914221508,0.0011902932187148635,0.0028116422836705303
NON FIBROTIC ILA ADJUDICATED,22,2023588537,combined_raw,1,769,0,0.003301671913391197,0.0,0.0,0.004970565148712315,0.0028150216486366115,0.003793705249866368
NON FIBROTIC ILA ADJUDICATED,22,2023588537,combined_raw,2,770,0,0.004341521766862783,0.0,0.0,0.004964141914221508,0.003794653087381015,0.004963647948212285
NON FIBROTIC ILA ADJUDICATED,22,2023588537,combined_raw,3,769,1,0.005778069130107882,0.0013003901170351106,0.0002295876800841234,0.007328830355107483,0.004963887083440203,0.0067533433871456204
NON FIBROTIC ILA ADJUDICATED,22,2023588537,combined_raw,4,770,1,0.008005770261385657,0.0012987012987012987,0.00022928946639889794,0.007319361170123334,0.006759309195782252,0.00942193641742838
NON FIBROTIC ILA ADJUDICATED,22,2023588537,combined_raw,5,769,9,0.011517364316899521,0.011703511053315995,0.006169270449727107,0.022091970677298834,0.009423866558640387,0.014033296132078602
NON FIBROTIC ILA ADJUDICATED,22,2023588537,combined_raw,6,769,10,0.017555837300472395,0.013003901170351105,0.007078545900378475,0.023770548113126753,0.014049862434274415,0.02193280271971245
NON FIBROTIC ILA ADJUDICATED,22,2023588537,combined_raw,7,770,8,0.02799148454478329,0.01038961038961039,0.005273784940225151,0.020366426752402144,0.021932908288145446,0.035975480378109104
NON FIBROTIC ILA ADJUDICATED,22,2023588537,combined_raw,8,769,6,0.049720489976895724,0.007802340702210663,0.003580646807040671,0.016917035660547395,0.03608134781556451,0.06961216674872686
NON FIBROTIC ILA ADJUDICATED,22,2023588537,combined_raw,9,770,9,0.13848802163105084,0.011688311688311689,0.006161243000312308,0.022063477414615715,0.069621462842186,0.7453300252059171
NON FIBROTIC ILA ADJUDICATED,22,2023588537,combined_isotonic,0,770,0,0.0008022988236142666,0.0,0.0,0.004964141914221508,0.0,0.0015455950540958269
NON FIBROTIC ILA ADJUDICATED,22,2023588537,combined_isotonic,1,769,0,0.0015455950540958266,0.0,0.0,0.004970565148712315,0.0015455950540958269,0.0015455950540958269
NON FIBROTIC ILA ADJUDICATED,22,2023588537,combined_isotonic,2,770,0,0.002616442368832801,0.0,0.0,0.004964141914221508,0.0015455950540958269,0.002711864406779661
NON FIBROTIC ILA ADJUDICATED,22,2023588537,combined_isotonic,3,769,1,0.002711864406779661,0.0013003901170351106,0.0002295876800841234,0.007328830355107483,0.002711864406779661,0.002711864406779661
NON FIBROTIC ILA ADJUDICATED,22,2023588537,combined_isotonic,4,770,3,0.0029870035869191424,0.003896103896103896,0.0013258926936253902,0.011391775387498288,0.002711864406779661,0.004448398576512456
NON FIBROTIC ILA ADJUDICATED,22,2023588537,combined_isotonic,5,769,6,0.004448398576512456,0.007802340702210663,0.003580646807040671,0.016917035660547395,0.004448398576512456,0.004448398576512456
NON FIBROTIC ILA ADJUDICATED,22,2023588537,combined_isotonic,6,769,9,0.005459076500194966,0.011703511053315995,0.006169270449727107,0.022091970677298834,0.004448398576512456,0.011502516175413372
NON FIBROTIC ILA ADJUDICATED,22,2023588537,combined_isotonic,7,770,6,0.011502516175413369,0.007792207792207792,0.0035759904186376326,0.016895203829388215,0.011502516175413372,0.011502516175413372
NON FIBROTIC ILA ADJUDICATED,22,2023588537,combined_isotonic,8,769,9,0.011502516175413372,0.011703511053315995,0.006169270449727107,0.022091970677298834,0.011502516175413372,0.011502516175413372
NON FIBROTIC ILA ADJUDICATED,22,2023588537,combined_isotonic,9,770,10,0.013977633360364837,0.012987012987012988,0.007069333631553706,0.02373989550567504,0.011502516175413372,0.018518518518518517
NON FIBROTIC ILA ADJUDICATED,23,324670859,zebra_raw,0,770,0,0.23152246255773923,0.0,0.0,0.004964141914221508,0.11052533634471677,0.259724828647936
NON FIBROTIC ILA ADJUDICATED,23,324670859,zebra_raw,1,769,1,0.28460642565395056,0.0013003901170351106,0.0002295876800841234,0.007328830355107483,0.2597474148447815,0.3107560012291755
NON FIBROTIC ILA ADJUDICATED,23,324670859,zebra_raw,2,770,0,0.3403534319524116,0.0,0.0,0.004964141914221508,0.31080703418834127,0.37116105781551645
NON FIBROTIC ILA ADJUDICATED,23,324670859,zebra_raw,3,769,0,0.4062677176399207,0.0,0.0,0.004970565148712315,0.3711992981781743,0.4444683497373484
NON FIBROTIC ILA ADJUDICATED,23,324670859,zebra_raw,4,770,3,0.48816006621449154,0.003896103896103896,0.0013258926936253902,0.011391775387498288,0.44448296297374135,0.5368218326253179
NON FIBROTIC ILA ADJUDICATED,23,324670859,zebra_raw,5,769,2,0.5989149225535508,0.002600780234070221,0.0007135177289523901,0.009432753192718508,0.536850197496605,0.6644660370297129
NON FIBROTIC ILA ADJUDICATED,23,324670859,zebra_raw,6,769,6,0.7316087453067314,0.007802340702210663,0.003580646807040671,0.016917035660547395,0.6645632245328221,0.7904669395525127
NON FIBROTIC ILA ADJUDICATED,23,324670859,zebra_raw,7,770,3,0.844626908043111,0.003896103896103896,0.0013258926936253902,0.011391775387498288,0.7906546756562879,0.8984497355800539
NON FIBROTIC ILA ADJUDICATED,23,324670859,zebra_raw,8,769,12,0.9502991418697093,0.015604681404421327,0.008948690331271528,0.027076109455192295,0.8984952352663406,0.985485854363619
NON FIBROTIC ILA ADJUDICATED,23,324670859,zebra_raw,9,770,17,0.9964046773444603,0.02207792207792208,0.01382933715277743,0.03507145304055638,0.9855111624726878,1.0
NON FIBROTIC ILA ADJUDICATED,23,324670859,zebra_isotonic,0,770,1,0.0,0.0012987012987012987,0.00022928946639889794,0.007319361170123334,0.0,0.0
NON FIBROTIC ILA ADJUDICATED,23,324670859,zebra_isotonic,1,769,0,0.0,0.0,0.0,0.004970565148712315,0.0,0.0
NON FIBROTIC ILA ADJUDICATED,23,324670859,zebra_isotonic,2,770,0,0.0,0.0,0.0,0.004964141914221508,0.0,0.0
NON FIBROTIC ILA ADJUDICATED,23,324670859,zebra_isotonic,3,769,1,0.0,0.0013003901170351106,0.0002295876800841234,0.007328830355107483,0.0,0.0
NON FIBROTIC ILA ADJUDICATED,23,324670859,zebra_isotonic,4,770,3,0.0025767740297430383,0.003896103896103896,0.0013258926936253902,0.011391775387498288,0.0,0.00354924578527063
NON FIBROTIC ILA ADJUDICATED,23,324670859,zebra_isotonic,5,769,2,0.0035492457852706306,0.002600780234070221,0.0007135177289523901,0.009432753192718508,0.00354924578527063,0.00354924578527063
NON FIBROTIC ILA ADJUDICATED,23,324670859,zebra_isotonic,6,769,6,0.0041692912961617395,0.007802340702210663,0.003580646807040671,0.016917035660547395,0.00354924578527063,0.004555808656036446
NON FIBROTIC ILA ADJUDICATED,23,324670859,zebra_isotonic,7,770,5,0.004555808656036447,0.006493506493506494,0.0027767335367897463,0.01510995198893538,0.004555808656036446,0.004555808656036446
NON FIBROTIC ILA ADJUDICATED,23,324670859,zebra_isotonic,8,769,8,0.004757418192194087,0.010403120936280884,0.005280654829476248,0.0203927334110704,0.004555808656036446,0.025454545454545455
NON FIBROTIC ILA ADJUDICATED,23,324670859,zebra_isotonic,9,770,18,0.0374267005439429,0.023376623376623377,0.014837136266102694,0.036648162649531836,0.025454545454545455,0.10714285714285714
NON FIBROTIC ILA ADJUDICATED,23,324670859,genomic_raw,0,770,4,2.2957264078508857e-08,0.005194805194805195,0.0020219574690050306,0.013280219334419372,4.681827042784666e-11,5.4155619366692295e-08
NON FIBROTIC ILA ADJUDICATED,23,324670859,genomic_raw,1,769,6,9.426502989843283e-08,0.007802340702210663,0.003580646807040671,0.016917035660547395,5.4205195278818656e-08,1.4046012147713852e-07
NON FIBROTIC ILA ADJUDICATED,23,324670859,genomic_raw,2,770,1,1.9924440846589213e-07,0.0012987012987012987,0.00022928946639889794,0.007319361170123334,1.4063409392870744e-07,2.617383384566109e-07
NON FIBROTIC ILA ADJUDICATED,23,324670859,genomic_raw,3,769,4,3.463816865672184e-07,0.005201560468140442,0.0020245891497467933,0.013297387544882687,2.6175602332160974e-07,4.440725665989807e-07
NON FIBROTIC ILA ADJUDICATED,23,324670859,genomic_raw,4,770,6,5.856149461491834e-07,0.007792207792207792,0.0035759904186376326,0.016895203829388215,4.441556318432077e-07,7.691605139840877e-07
NON FIBROTIC ILA ADJUDICATED,23,324670859,genomic_raw,5,769,6,1.066466009449962e-06,0.007802340702210663,0.003580646807040671,0.016917035660547395,7.693844764252283e-07,1.457718551751661e-06
NON FIBROTIC ILA ADJUDICATED,23,324670859,genomic_raw,6,769,5,2.3281992375518124e-06,0.006501950585175552,0.002780348414515579,0.015129481166593194,1.4584729306521401e-06,3.7843402674357044e-06
NON FIBROTIC ILA ADJUDICATED,23,324670859,genomic_raw,7,770,6,2.671818165844558e-05,0.007792207792207792,0.0035759904186376326,0.016895203829388215,3.788870413925195e-06,0.00012663845982610042
NON FIBROTIC ILA ADJUDICATED,23,324670859,genomic_raw,8,769,2,0.0006780313771629777,0.002600780234070221,0.0007135177289523901,0.009432753192718508,0.00012684107058110293,0.0019985888671497777
NON FIBROTIC ILA ADJUDICATED,23,324670859,genomic_raw,9,770,4,0.05850033171200696,0.005194805194805195,0.0020219574690050306,0.013280219334419372,0.0020055977406925056,0.9747463875015245
NON FIBROTIC ILA ADJUDICATED,23,324670859,genomic_isotonic,0,770,5,0.0013462651997683845,0.006493506493506494,0.0027767335367897463,0.01510995198893538,0.0,0.0015923566878980893
NON FIBROTIC ILA ADJUDICATED,23,324670859,genomic_isotonic,1,769,4,0.0029750778815268502,0.005201560468140442,0.0020245891497467933,0.013297387544882687,0.0015923566878980893,0.005129958960328317
NON FIBROTIC ILA ADJUDICATED,23,324670859,genomic_isotonic,2,770,8,0.005129958960328318,0.01038961038961039,0.005273784940225151,0.020366426752402144,0.005129958960328317,0.005129958960328317
NON FIBROTIC ILA ADJUDICATED,23,324670859,genomic_isotonic,3,769,2,0.005129958960328318,0.002600780234070221,0.0007135177289523901,0.009432753192718508,0.005129958960328317,0.005129958960328317
NON FIBROTIC ILA ADJUDICATED,23,324670859,genomic_isotonic,4,770,6,0.005129958960328318,0.007792207792207792,0.0035759904186376326,0.016895203829388215,0.005129958960328317,0.005129958960328317
NON FIBROTIC ILA ADJUDICATED,23,324670859,genomic_isotonic,5,769,3,0.005129958960328318,0.0039011703511053317,0.001327618000260774,0.011406505807889416,0.005129958960328317,0.005129958960328317
NON FIBROTIC ILA ADJUDICATED,23,324670859,genomic_isotonic,6,769,6,0.005129958960328318,0.007802340702210663,0.003580646807040671,0.016917035660547395,0.005129958960328317,0.005129958960328317
NON FIBROTIC ILA ADJUDICATED,23,324670859,genomic_isotonic,7,770,3,0.005619228568822134,0.003896103896103896,0.0013258926936253902,0.011391775387498288,0.005129958960328317,0.008032128514056224
NON FIBROTIC ILA ADJUDICATED,23,324670859,genomic_isotonic,8,769,4,0.009682372936080812,0.005201560468140442,0.0020245891497467933,0.013297387544882687,0.008032128514056224,0.010638297872340425
NON FIBROTIC ILA ADJUDICATED,23,324670859,genomic_isotonic,9,770,3,0.011696004542704894,0.003896103896103896,0.0013258926936253902,0.011391775387498288,0.010638297872340425,0.03225806451612903
NON FIBROTIC ILA ADJUDICATED,23,324670859,combined_raw,0,770,3,3.2485039558350063e-06,0.003896103896103896,0.0013258926936253902,0.011391775387498288,6.434622554127325e-07,5.031487776190962e-06
NON FIBROTIC ILA ADJUDICATED,23,324670859,combined_raw,1,769,0,7.014060983761091e-06,0.0,0.0,0.004970565148712315,5.033718061255515e-06,9.492012216833996e-06
NON FIBROTIC ILA ADJUDICATED,23,324670859,combined_raw,2,770,1,1.297526570376277e-05,0.0012987012987012987,0.00022928946639889794,0.007319361170123334,9.4923324439144e-06,1.7245476026630757e-05
NON FIBROTIC ILA ADJUDICATED,23,324670859,combined_raw,3,769,0,2.4322389091048465e-05,0.0,0.0,0.004970565148712315,1.724601045628519e-05,3.448605148932418e-05
NON FIBROTIC ILA ADJUDICATED,23,324670859,combined_raw,4,770,3,5.735481401190953e-05,0.003896103896103896,0.0013258926936253902,0.011391775387498288,3.448966594712835e-05,0.00010087008491882299
NON FIBROTIC ILA ADJUDICATED,23,324670859,combined_raw,5,769,10,0.00034655687599004237,0.013003901170351105,0.007078545900378475,0.023770548113126753,0.00010092369881609395,0.0007163171591817062
NON FIBROTIC ILA ADJUDICATED,23,324670859,combined_raw,6,769,6,0.0011807793686103296,0.007802340702210663,0.003580646807040671,0.016917035660547395,0.0007193422016349943,0.0017739505049640966
NON FIBROTIC ILA ADJUDICATED,23,324670859,combined_raw,7,770,8,0.0028234132489715017,0.01038961038961039,0.005273784940225151,0.020366426752402144,0.001774264254487364,0.00428905477951045
NON FIBROTIC ILA ADJUDICATED,23,324670859,combined_raw,8,769,7,0.00824879141722108,0.009102730819245773,0.004416223152723785,0.01866931220134357,0.004289194220781755,0.015165230694008455
NON FIBROTIC ILA ADJUDICATED,23,324670859,combined_raw,9,770,6,0.08112159238527684,0.007792207792207792,0.0035759904186376326,0.016895203829388215,0.015168316071226607,0.8206931579664846
NON FIBROTIC ILA ADJUDICATED,23,324670859,combined_isotonic,0,770,4,0.0013695640835024868,0.005194805194805195,0.0020219574690050306,0.013280219334419372,0.0,0.0022692889561270802
NON FIBROTIC ILA ADJUDICATED,23,324670859,combined_isotonic,1,769,0,0.0022692889561270802,0.0,0.0,0.004970565148712315,0.0022692889561270802,0.0022692889561270802
NON FIBROTIC ILA ADJUDICATED,23,324670859,combined_isotonic,2,770,0,0.0022692889561270802,0.0,0.0,0.004964141914221508,0.0022692889561270802,0.0022692889561270802
NON FIBROTIC ILA ADJUDICATED,23,324670859,combined_isotonic,3,769,0,0.0023912002077229296,0.0,0.0,0.004970565148712315,0.0022692889561270802,0.002617801047120419
NON FIBROTIC ILA ADJUDICATED,23,324670859,combined_isotonic,4,770,9,0.0039049770921034946,0.011688311688311689,0.006161243000312308,0.022063477414615715,0.002617801047120419,0.0046822742474916385
NON FIBROTIC ILA ADJUDICATED,23,324670859,combined_isotonic,5,769,3,0.0046822742474916385,0.0039011703511053317,0.001327618000260774,0.011406505807889416,0.0046822742474916385,0.0046822742474916385
NON FIBROTIC ILA ADJUDICATED,23,324670859,combined_isotonic,6,769,6,0.004698672907029728,0.007802340702210663,0.003580646807040671,0.016917035660547395,0.0046822742474916385,0.004739336492890996
NON FIBROTIC ILA ADJUDICATED,23,324670859,combined_isotonic,7,770,9,0.008881576814974795,0.011688311688311689,0.006161243000312308,0.022063477414615715,0.004739336492890996,0.010509296685529508
NON FIBROTIC ILA ADJUDICATED,23,324670859,combined_isotonic,8,769,6,0.010509296685529506,0.007802340702210663,0.003580646807040671,0.016917035660547395,0.010509296685529508,0.010509296685529508
NON FIBROTIC ILA ADJUDICATED,23,324670859,combined_isotonic,9,770,7,0.01290806522341894,0.00909090909090909,0.004410478976495486,0.01864522399383109,0.010509296685529508,0.14285714285714285
NON FIBROTIC ILA ADJUDICATED,24,939142854,zebra_raw,0,770,0,0.2306973189891063,0.0,0.0,0.004964141914221508,0.11693488945217027,0.25975319901855765
NON FIBROTIC ILA ADJUDICATED,24,939142854,zebra_raw,1,769,0,0.2839594509418768,0.0,0.0,0.004970565148712315,0.2597607800877409,0.308959249382931
NON FIBROTIC ILA ADJUDICATED,24,939142854,zebra_raw,2,770,0,0.33822741990893307,0.0,0.0,0.004964141914221508,0.30896778466749053,0.36984958165284787
NON FIBROTIC ILA ADJUDICATED,24,939142854,zebra_raw,3,769,0,0.4044785517259262,0.0,0.0,0.004970565148712315,0.37009015641536397,0.4399747892438294
NON FIBROTIC ILA ADJUDICATED,24,939142854,zebra_raw,4,770,5,0.48493917038172774,0.006493506493506494,0.0027767335367897463,0.01510995198893538,0.4401050449126534,0.5377903758457281
NON FIBROTIC ILA ADJUDICATED,24,939142854,zebra_raw,5,769,3,0.5972894674924792,0.0039011703511053317,0.001327618000260774,0.011406505807889416,0.5379181778535597,0.6576243543896337
NON FIBROTIC ILA ADJUDICATED,24,939142854,zebra_raw,6,769,6,0.7247870381059651,0.007802340702210663,0.003580646807040671,0.016917035660547395,0.657731294681242,0.7859983195022427
NON FIBROTIC ILA ADJUDICATED,24,939142854,zebra_raw,7,770,0,0.8409225602145539,0.0,0.0,0.004964141914221508,0.7864694522444148,0.8973402391284597
NON FIBROTIC ILA ADJUDICATED,24,939142854,zebra_raw,8,769,10,0.9481184753135249,0.013003901170351105,0.007078545900378475,0.023770548113126753,0.8974983546300257,0.9856611905222097
NON FIBROTIC ILA ADJUDICATED,24,939142854,zebra_raw,9,770,20,0.9964793192960998,0.025974025974025976,0.016876091691355087,0.03977822466888089,0.9857425356329601,1.0
NON FIBROTIC ILA ADJUDICATED,24,939142854,zebra_isotonic,0,770,0,0.0,0.0,0.0,0.004964141914221508,0.0,0.0
NON FIBROTIC ILA ADJUDICATED,24,939142854,zebra_isotonic,1,769,1,0.00011452977177556934,0.0013003901170351106,0.0002295876800841234,0.007328830355107483,0.0,0.0006116207951070336
NON FIBROTIC ILA ADJUDICATED,24,939142854,zebra_isotonic,2,770,2,0.0006116207951070335,0.0025974025974025974,0.0007125907061236786,0.009420568652699277,0.0006116207951070336,0.0006116207951070336
NON FIBROTIC ILA ADJUDICATED,24,939142854,zebra_isotonic,3,769,1,0.0006116207951070335,0.0013003901170351106,0.0002295876800841234,0.007328830355107483,0.0006116207951070336,0.0006116207951070336
NON FIBROTIC ILA ADJUDICATED,24,939142854,zebra_isotonic,4,770,2,0.0006637874472123289,0.0025974025974025974,0.0007125907061236786,0.009420568652699277,0.0006116207951070336,0.0013157894736842105
NON FIBROTIC ILA ADJUDICATED,24,939142854,zebra_isotonic,5,769,4,0.0013157894736842111,0.005201560468140442,0.0020245891497467933,0.013297387544882687,0.0013157894736842105,0.0013157894736842105
NON FIBROTIC ILA ADJUDICATED,24,939142854,zebra_isotonic,6,769,4,0.003678884428792498,0.005201560468140442,0.0020245891497467933,0.013297387544882687,0.0013157894736842105,0.0055762081784386614
NON FIBROTIC ILA ADJUDICATED,24,939142854,zebra_isotonic,7,770,1,0.007566247697121765,0.0012987012987012987,0.00022928946639889794,0.007319361170123334,0.0055762081784386614,0.00963855421686747
NON FIBROTIC ILA ADJUDICATED,24,939142854,zebra_isotonic,8,769,8,0.009752666831146605,0.010403120936280884,0.005280654829476248,0.0203927334110704,0.00963855421686747,0.017699115044247787
NON FIBROTIC ILA ADJUDICATED,24,939142854,zebra_isotonic,9,770,21,0.031575370307801005,0.02727272727272727,0.017906160074157684,0.04133266500837901,0.017699115044247787,0.08771929824561403
NON FIBROTIC ILA ADJUDICATED,24,939142854,genomic_raw,0,770,5,0.0,0.006493506493506494,0.0027767335367897463,0.01510995198893538,0.0,0.0
NON FIBROTIC ILA ADJUDICATED,24,939142854,genomic_raw,1,769,4,0.0,0.005201560468140442,0.0020245891497467933,0.013297387544882687,0.0,0.0
NON FIBROTIC ILA ADJUDICATED,24,939142854,genomic_raw,2,770,5,0.0,0.006493506493506494,0.0027767335367897463,0.01510995198893538,0.0,0.0
NON FIBROTIC ILA ADJUDICATED,24,939142854,genomic_raw,3,769,5,0.0,0.006501950585175552,0.002780348414515579,0.015129481166593194,0.0,0.0
NON FIBROTIC ILA ADJUDICATED,24,939142854,genomic_raw,4,770,6,0.0,0.007792207792207792,0.0035759904186376326,0.016895203829388215,0.0,0.0
NON FIBROTIC ILA ADJUDICATED,24,939142854,genomic_raw,5,769,1,0.0,0.0013003901170351106,0.0002295876800841234,0.007328830355107483,0.0,0.0
NON FIBROTIC ILA ADJUDICATED,24,939142854,genomic_raw,6,769,2,5.586249793249046e-272,0.002600780234070221,0.0007135177289523901,0.009432753192718508,0.0,2.9670306881949603e-269
NON FIBROTIC ILA ADJUDICATED,24,939142854,genomic_raw,7,770,6,0.49172868258113694,0.007792207792207792,0.0035759904186376326,0.016895203829388215,5.007437501832493e-268,1.0
NON FIBROTIC ILA ADJUDICATED,24,939142854,genomic_raw,8,769,2,1.0,0.002600780234070221,0.0007135177289523901,0.009432753192718508,1.0,1.0
NON FIBROTIC ILA ADJUDICATED,24,939142854,genomic_raw,9,770,8,1.0,0.01038961038961039,0.005273784940225151,0.020366426752402144,1.0,1.0
NON FIBROTIC ILA ADJUDICATED,24,939142854,genomic_isotonic,0,770,7,0.005847953216374269,0.00909090909090909,0.004410478976495486,0.01864522399383109,0.005847953216374269,0.005847953216374269
NON FIBROTIC ILA ADJUDICATED,24,939142854,genomic_isotonic,1,769,4,0.005847953216374269,0.005201560468140442,0.0020245891497467933,0.013297387544882687,0.005847953216374269,0.005847953216374269
NON FIBROTIC ILA ADJUDICATED,24,939142854,genomic_isotonic,2,770,4,0.005847953216374269,0.005194805194805195,0.0020219574690050306,0.013280219334419372,0.005847953216374269,0.005847953216374269
NON FIBROTIC ILA ADJUDICATED,24,939142854,genomic_isotonic,3,769,3,0.005847953216374269,0.0039011703511053317,0.001327618000260774,0.011406505807889416,0.005847953216374269,0.005847953216374269
NON FIBROTIC ILA ADJUDICATED,24,939142854,genomic_isotonic,4,770,6,0.005847953216374269,0.007792207792207792,0.0035759904186376326,0.016895203829388215,0.005847953216374269,0.005847953216374269
NON FIBROTIC ILA ADJUDICATED,24,939142854,genomic_isotonic,5,769,3,0.005847953216374269,0.0039011703511053317,0.001327618000260774,0.011406505807889416,0.005847953216374269,0.005847953216374269
NON FIBROTIC ILA ADJUDICATED,24,939142854,genomic_isotonic,6,769,6,0.005847953216374269,0.007802340702210663,0.003580646807040671,0.016917035660547395,0.005847953216374269,0.005847953216374269
NON FIBROTIC ILA ADJUDICATED,24,939142854,genomic_isotonic,7,770,3,0.005847953216374269,0.003896103896103896,0.0013258926936253902,0.011391775387498288,0.005847953216374269,0.005847953216374269
NON FIBROTIC ILA ADJUDICATED,24,939142854,genomic_isotonic,8,769,5,0.005847953216374269,0.006501950585175552,0.002780348414515579,0.015129481166593194,0.005847953216374269,0.005847953216374269
NON FIBROTIC ILA ADJUDICATED,24,939142854,genomic_isotonic,9,770,3,0.005847953216374269,0.003896103896103896,0.0013258926936253902,0.011391775387498288,0.005847953216374269,0.005847953216374269
NON FIBROTIC ILA ADJUDICATED,24,939142854,combined_raw,0,770,1,0.0056536367457172025,0.0012987012987012987,0.00022928946639889794,0.007319361170123334,0.0038775961130853775,0.0067737898724379905
NON FIBROTIC ILA ADJUDICATED,24,939142854,combined_raw,1,769,3,0.007865580206934673,0.0039011703511053317,0.001327618000260774,0.011406505807889416,0.0067739559068357965,0.008872328191701296
NON FIBROTIC ILA ADJUDICATED,24,939142854,combined_raw,2,770,4,0.009838583411421707,0.005194805194805195,0.0020219574690050306,0.013280219334419372,0.008873570967971804,0.010745332331201512
NON FIBROTIC ILA ADJUDICATED,24,939142854,combined_raw,3,769,5,0.011628946550626879,0.006501950585175552,0.002780348414515579,0.015129481166593194,0.010748225761902904,0.012533102987556314
NON FIBROTIC ILA ADJUDICATED,24,939142854,combined_raw,4,770,2,0.013571264852448126,0.0025974025974025974,0.0007125907061236786,0.009420568652699277,0.01253335894001502,0.014614605728181521
NON FIBROTIC ILA ADJUDICATED,24,939142854,combined_raw,5,769,2,0.01603640741678188,0.002600780234070221,0.0007135177289523901,0.009432753192718508,0.014619504715680059,0.01765786220246258
NON FIBROTIC ILA ADJUDICATED,24,939142854,combined_raw,6,769,1,0.02019742445743727,0.0013003901170351106,0.0002295876800841234,0.007328830355107483,0.01766155895939573,0.023610412383778593
NON FIBROTIC ILA ADJUDICATED,24,939142854,combined_raw,7,770,6,0.030211164365112318,0.007792207792207792,0.0035759904186376326,0.016895203829388215,0.0236141898263442,0.04168513112821266
NON FIBROTIC ILA ADJUDICATED,24,939142854,combined_raw,8,769,9,0.07089855511977072,0.011703511053315995,0.006169270449727107,0.022091970677298834,0.04181808246830475,0.1073920941884895
NON FIBROTIC ILA ADJUDICATED,24,939142854,combined_raw,9,770,11,0.17516642399905358,0.014285714285714285,0.007995323688185082,0.025398414171344384,0.10751543191612407,0.5301527752231198
NON FIBROTIC ILA ADJUDICATED,24,939142854,combined_isotonic,0,770,1,0.001536586255602948,0.0012987012987012987,0.00022928946639889794,0.007319361170123334,0.0,0.0016638935108153079
NON FIBROTIC ILA ADJUDICATED,24,939142854,combined_isotonic,1,769,8,0.0016638935108153074,0.010403120936280884,0.005280654829476248,0.0203927334110704,0.0016638935108153079,0.0016638935108153079
NON FIBROTIC ILA ADJUDICATED,24,939142854,combined_isotonic,2,770,2,0.0016638935108153074,0.0025974025974025974,0.0007125907061236786,0.009420568652699277,0.0016638935108153079,0.0016638935108153079
NON FIBROTIC ILA ADJUDICATED,24,939142854,combined_isotonic,3,769,3,0.0016638935108153074,0.0039011703511053317,0.001327618000260774,0.011406505807889416,0.0016638935108153079,0.0016638935108153079
NON FIBROTIC ILA ADJUDICATED,24,939142854,combined_isotonic,4,770,2,0.0016638935108153074,0.0025974025974025974,0.0007125907061236786,0.009420568652699277,0.0016638935108153079,0.0016638935108153079
NON FIBROTIC ILA ADJUDICATED,24,939142854,combined_isotonic,5,769,2,0.006033021319961067,0.002600780234070221,0.0007135177289523901,0.009432753192718508,0.0016638935108153079,0.009708737864077669
NON FIBROTIC ILA ADJUDICATED,24,939142854,combined_isotonic,6,769,0,0.011592808919783837,0.0,0.0,0.004970565148712315,0.009708737864077669,0.01343408900083963
NON FIBROTIC ILA ADJUDICATED,24,939142854,combined_isotonic,8,769,7,0.013434089000839628,0.009102730819245773,0.004416223152723785,0.01866931220134357,0.01343408900083963,0.01343408900083963
NON FIBROTIC ILA ADJUDICATED,24,939142854,combined_isotonic,7,770,8,0.01343408900083963,0.01038961038961039,0.005273784940225151,0.020366426752402144,0.01343408900083963,0.01343408900083963
NON FIBROTIC ILA ADJUDICATED,24,939142854,combined_isotonic,9,770,11,0.014066631471540112,0.014285714285714285,0.007995323688185082,0.025398414171344384,0.01343408900083963,0.014634146341463415
NON FIBROTIC ILA ADJUDICATED,25,750149971,zebra_raw,0,770,0,0.2321210673266106,0.0,0.0,0.004964141914221508,0.11052533634471677,0.2612672167631389
NON FIBROTIC ILA ADJUDICATED,25,750149971,zebra_raw,1,769,1,0.28620849149221317,0.0013003901170351106,0.0002295876800841234,0.007328830355107483,0.26127235839391816,0.3114993106107179
NON FIBROTIC ILA ADJUDICATED,25,750149971,zebra_raw,2,770,0,0.34063086696925693,0.0,0.0,0.004964141914221508,0.3116540483720635,0.3741246351067505
NON FIBROTIC ILA ADJUDICATED,25,750149971,zebra_raw,3,769,0,0.40862170129172126,0.0,0.0,0.004970565148712315,0.37419969814270454,0.44470615459288737
NON FIBROTIC ILA ADJUDICATED,25,750149971,zebra_raw,4,770,6,0.49041903795845415,0.007792207792207792,0.0035759904186376326,0.016895203829388215,0.4451961669765333,0.5421931634455274
NON FIBROTIC ILA ADJUDICATED,25,750149971,zebra_raw,5,769,1,0.6015903991628181,0.0013003901170351106,0.0002295876800841234,0.007328830355107483,0.5422765918315045,0.6662018686088061
NON FIBROTIC ILA ADJUDICATED,25,750149971,zebra_raw,6,769,3,0.7313233607824798,0.0039011703511053317,0.001327618000260774,0.011406505807889416,0.6664357679714032,0.7921354450694238
NON FIBROTIC ILA ADJUDICATED,25,750149971,zebra_raw,7,770,3,0.8478628956184484,0.003896103896103896,0.0013258926936253902,0.011391775387498288,0.792178099230255,0.9004332446160401
NON FIBROTIC ILA ADJUDICATED,25,750149971,zebra_raw,8,769,9,0.9495284854369141,0.011703511053315995,0.006169270449727107,0.022091970677298834,0.9005135956656438,0.9848700379705291
NON FIBROTIC ILA ADJUDICATED,25,750149971,zebra_raw,9,770,21,0.996281381471252,0.02727272727272727,0.017906160074157684,0.04133266500837901,0.9848923307586299,1.0
NON FIBROTIC ILA ADJUDICATED,25,750149971,zebra_isotonic,0,770,3,0.0,0.003896103896103896,0.0013258926936253902,0.011391775387498288,0.0,0.0
NON FIBROTIC ILA ADJUDICATED,25,750149971,zebra_isotonic,1,769,1,0.0,0.0013003901170351106,0.0002295876800841234,0.007328830355107483,0.0,0.0
NON FIBROTIC ILA ADJUDICATED,25,750149971,zebra_isotonic,2,770,0,0.0,0.0,0.0,0.004964141914221508,0.0,0.0
NON FIBROTIC ILA ADJUDICATED,25,750149971,zebra_isotonic,3,769,0,0.0,0.0,0.0,0.004970565148712315,0.0,0.0
NON FIBROTIC ILA ADJUDICATED,25,750149971,zebra_isotonic,4,770,3,0.0,0.003896103896103896,0.0013258926936253902,0.011391775387498288,0.0,0.0
NON FIBROTIC ILA ADJUDICATED,25,750149971,zebra_isotonic,5,769,2,0.0026861800183909912,0.002600780234070221,0.0007135177289523901,0.009432753192718508,0.0,0.006456241032998565
NON FIBROTIC ILA ADJUDICATED,25,750149971,zebra_isotonic,7,770,2,0.0064562410329985645,0.0025974025974025974,0.0007125907061236786,0.009420568652699277,0.006456241032998565,0.006456241032998565
NON FIBROTIC ILA ADJUDICATED,25,750149971,zebra_isotonic,6,769,5,0.006456241032998565,0.006501950585175552,0.002780348414515579,0.015129481166593194,0.006456241032998565,0.006456241032998565
NON FIBROTIC ILA ADJUDICATED,25,750149971,zebra_isotonic,8,769,6,0.0094913065187815,0.007802340702210663,0.003580646807040671,0.016917035660547395,0.006456241032998565,0.022988505747126436
NON FIBROTIC ILA ADJUDICATED,25,750149971,zebra_isotonic,9,770,22,0.03338572820261101,0.02857142857142857,0.018942666074440347,0.04288066773039707,0.022988505747126436,0.06976744186046512
NON FIBROTIC ILA ADJUDICATED,25,750149971,genomic_raw,0,770,7,1.4462740232790261e-06,0.00909090909090909,0.004410478976495486,0.01864522399383109,1.4780967714412723e-07,2.3401500894288966e-06
NON FIBROTIC ILA ADJUDICATED,25,750149971,genomic_raw,1,769,5,3.4375452583103094e-06,0.006501950585175552,0.002780348414515579,0.015129481166593194,2.341495054631971e-06,4.751008745155987e-06
NON FIBROTIC ILA ADJUDICATED,25,750149971,genomic_raw,2,770,3,6.488709387593685e-06,0.003896103896103896,0.0013258926936253902,0.011391775387498288,4.751169810829309e-06,8.483738245129538e-06
NON FIBROTIC ILA ADJUDICATED,25,750149971,genomic_raw,3,769,6,1.121726427769561e-05,0.007802340702210663,0.003580646807040671,0.016917035660547395,8.489919610578648e-06,1.4870910148497814e-05
NON FIBROTIC ILA ADJUDICATED,25,750149971,genomic_raw,4,770,3,2.0359387131269244e-05,0.003896103896103896,0.0013258926936253902,0.011391775387498288,1.4879242663553913e-05,2.7492564411125933e-05
NON FIBROTIC ILA ADJUDICATED,25,750149971,genomic_raw,5,769,5,4.225669439157897e-05,0.006501950585175552,0.002780348414515579,0.015129481166593194,2.7525813821804077e-05,6.380691900370935e-05
NON FIBROTIC ILA ADJUDICATED,25,750149971,genomic_raw,6,769,0,0.00013745559151783626,0.0,0.0,0.004970565148712315,6.385527188192545e-05,0.0003088413155649601
NON FIBROTIC ILA ADJUDICATED,25,750149971,genomic_raw,7,770,6,0.0009807829400998126,0.007792207792207792,0.0035759904186376326,0.016895203829388215,0.00030951021799140226,0.002025076085902399
NON FIBROTIC ILA ADJUDICATED,25,750149971,genomic_raw,8,769,5,0.004467885418223585,0.006501950585175552,0.002780348414515579,0.015129481166593194,0.00202587581415745,0.008654258382629686
NON FIBROTIC ILA ADJUDICATED,25,750149971,genomic_raw,9,770,4,0.05613840087929146,0.005194805194805195,0.0020219574690050306,0.013280219334419372,0.008654308301323839,0.8463844918088566
NON FIBROTIC ILA ADJUDICATED,25,750149971,genomic_isotonic,0,770,2,0.00484434809005501,0.0025974025974025974,0.0007125907061236786,0.009420568652699277,0.0,0.004851425106124924
NON FIBROTIC ILA ADJUDICATED,25,750149971,genomic_isotonic,1,769,9,0.0048514251061249234,0.011703511053315995,0.006169270449727107,0.022091970677298834,0.004851425106124924,0.004851425106124924
NON FIBROTIC ILA ADJUDICATED,25,750149971,genomic_isotonic,2,770,6,0.0051945297796291414,0.007792207792207792,0.0035759904186376326,0.016895203829388215,0.004851425106124924,0.005324813631522897
NON FIBROTIC ILA ADJUDICATED,25,750149971,genomic_isotonic,3,769,3,0.005324813631522895,0.0039011703511053317,0.001327618000260774,0.011406505807889416,0.005324813631522897,0.005324813631522897
NON FIBROTIC ILA ADJUDICATED,25,750149971,genomic_isotonic,4,770,2,0.005324813631522895,0.0025974025974025974,0.0007125907061236786,0.009420568652699277,0.005324813631522897,0.005324813631522897
NON FIBROTIC ILA ADJUDICATED,25,750149971,genomic_isotonic,5,769,6,0.005324813631522895,0.007802340702210663,0.003580646807040671,0.016917035660547395,0.005324813631522897,0.005324813631522897
NON FIBROTIC ILA ADJUDICATED,25,750149971,genomic_isotonic,6,769,5,0.006606058807033992,0.006501950585175552,0.002780348414515579,0.015129481166593194,0.005324813631522897,0.006925207756232687
NON FIBROTIC ILA ADJUDICATED,25,750149971,genomic_isotonic,7,770,6,0.006925207756232689,0.007792207792207792,0.0035759904186376326,0.016895203829388215,0.006925207756232687,0.006925207756232687
NON FIBROTIC ILA ADJUDICATED,25,750149971,genomic_isotonic,8,769,2,0.00692520775623269,0.002600780234070221,0.0007135177289523901,0.009432753192718508,0.006925207756232687,0.006925207756232687
NON FIBROTIC ILA ADJUDICATED,25,750149971,genomic_isotonic,9,770,3,0.00856842770250019,0.003896103896103896,0.0013258926936253902,0.011391775387498288,0.006925207756232687,0.05555555555555555
NON FIBROTIC ILA ADJUDICATED,25,750149971,combined_raw,0,770,3,4.2566136273635204e-05,0.003896103896103896,0.0013258926936253902,0.011391775387498288,1.9304574759560973e-05,5.5907380130729864e-05
NON FIBROTIC ILA ADJUDICATED,25,750149971,combined_raw,1,769,1,6.919080998401117e-05,0.0013003901170351106,0.0002295876800841234,0.007328830355107483,5.593014521591697e-05,8.401458164022341e-05
NON FIBROTIC ILA ADJUDICATED,25,750149971,combined_raw,2,770,1,0.00010054872928084295,0.0012987012987012987,0.00022928946639889794,0.007319361170123334,8.401676229751559e-05,0.00011882882940695479
NON FIBROTIC ILA ADJUDICATED,25,750149971,combined_raw,3,769,4,0.00014446192048626528,0.005201560468140442,0.0020245891497467933,0.013297387544882687,0.00011889174365976968,0.00017536697927215858
NON FIBROTIC ILA ADJUDICATED,25,750149971,combined_raw,4,770,3,0.00021875454688515694,0.003896103896103896,0.0013258926936253902,0.011391775387498288,0.00017537354010914276,0.00027361494544569226
NON FIBROTIC ILA ADJUDICATED,25,750149971,combined_raw,5,769,3,0.0003769122858498315,0.0039011703511053317,0.001327618000260774,0.011406505807889416,0.00027362719968757206,0.0005184863500343197
NON FIBROTIC ILA ADJUDICATED,25,750149971,combined_raw,6,769,5,0.0007771833695170872,0.006501950585175552,0.002780348414515579,0.015129481166593194,0.0005185168054000937,0.001121331750865528
NON FIBROTIC ILA ADJUDICATED,25,750149971,combined_raw,7,770,9,0.001855089780692092,0.011688311688311689,0.006161243000312308,0.022063477414615715,0.001123763862663609,0.0028852018211372667
NON FIBROTIC ILA ADJUDICATED,25,750149971,combined_raw,8,769,5,0.005265863868837887,0.006501950585175552,0.002780348414515579,0.015129481166593194,0.0028859871329620294,0.009456931948613025
NON FIBROTIC ILA ADJUDICATED,25,750149971,combined_raw,9,770,10,0.049845667871325224,0.012987012987012988,0.007069333631553706,0.02373989550567504,0.009458102567570834,0.7143916477634136
NON FIBROTIC ILA ADJUDICATED,25,750149971,combined_isotonic,0,770,2,0.0,0.0025974025974025974,0.0007125907061236786,0.009420568652699277,0.0,0.0
NON FIBROTIC ILA ADJUDICATED,25,750149971,combined_isotonic,1,769,1,0.0,0.0013003901170351106,0.0002295876800841234,0.007328830355107483,0.0,0.0
NON FIBROTIC ILA ADJUDICATED,25,750149971,combined_isotonic,2,770,2,0.0,0.0025974025974025974,0.0007125907061236786,0.009420568652699277,0.0,0.0
NON FIBROTIC ILA ADJUDICATED,25,750149971,combined_isotonic,3,769,4,0.001030443061489875,0.005201560468140442,0.0020245891497467933,0.013297387544882687,0.0,0.002232142857142857
NON FIBROTIC ILA ADJUDICATED,25,750149971,combined_isotonic,4,770,5,0.0037880236696987463,0.006493506493506494,0.0027767335367897463,0.01510995198893538,0.002232142857142857,0.004739336492890996
NON FIBROTIC ILA ADJUDICATED,25,750149971,combined_isotonic,5,769,2,0.004739336492890996,0.002600780234070221,0.0007135177289523901,0.009432753192718508,0.004739336492890996,0.004739336492890996
NON FIBROTIC ILA ADJUDICATED,25,750149971,combined_isotonic,6,769,6,0.00901778786618499,0.007802340702210663,0.003580646807040671,0.016917035660547395,0.004739336492890996,0.009770114942528735
NON FIBROTIC ILA ADJUDICATED,25,750149971,combined_isotonic,7,770,8,0.009770114942528732,0.01038961038961039,0.005273784940225151,0.020366426752402144,0.009770114942528735,0.009770114942528735
NON FIBROTIC ILA ADJUDICATED,25,750149971,combined_isotonic,8,769,5,0.009770114942528734,0.006501950585175552,0.002780348414515579,0.015129481166593194,0.009770114942528735,0.009770114942528735
NON FIBROTIC ILA ADJUDICATED,25,750149971,combined_isotonic,9,770,9,0.018689581930052324,0.011688311688311689,0.006161243000312308,0.022063477414615715,0.009770114942528735,0.042105263157894736
NON FIBROTIC ILA ADJUDICATED,26,2135904865,zebra_raw,0,770,0,0.23169979199475846,0.0,0.0,0.004964141914221508,0.11052533634471677,0.26244562102792846
NON FIBROTIC ILA ADJUDICATED,26,2135904865,zebra_raw,1,769,1,0.2876547315986029,0.0013003901170351106,0.0002295876800841234,0.007328830355107483,0.2624486440304649,0.3134172517546153
NON FIBROTIC ILA ADJUDICATED,26,2135904865,zebra_raw,2,770,0,0.34422470637358643,0.0,0.0,0.004964141914221508,0.3134570424472098,0.37661447713663365
NON FIBROTIC ILA ADJUDICATED,26,2135904865,zebra_raw,3,769,0,0.4100960133650387,0.0,0.0,0.004970565148712315,0.3766736141998482,0.4456334338560118
NON FIBROTIC ILA ADJUDICATED,26,2135904865,zebra_raw,4,770,5,0.4897015343896466,0.006493506493506494,0.0027767335367897463,0.01510995198893538,0.4457161392409732,0.5379181778535597
NON FIBROTIC ILA ADJUDICATED,26,2135904865,zebra_raw,5,769,3,0.5973222566192151,0.0039011703511053317,0.001327618000260774,0.011406505807889416,0.5379526697031828,0.6588745089876784
NON FIBROTIC ILA ADJUDICATED,26,2135904865,zebra_raw,6,769,6,0.72799607708443,0.007802340702210663,0.003580646807040671,0.016917035660547395,0.6589254038351577,0.7887575909874593
NON FIBROTIC ILA ADJUDICATED,26,2135904865,zebra_raw,7,770,4,0.846401970092253,0.005194805194805195,0.0020219574690050306,0.013280219334419372,0.7893712027603661,0.8998307879232259
NON FIBROTIC ILA ADJUDICATED,26,2135904865,zebra_raw,8,769,10,0.9510662707409726,0.013003901170351105,0.007078545900378475,0.023770548113126753,0.9001362981113881,0.9858032066519998
NON FIBROTIC ILA ADJUDICATED,26,2135904865,zebra_raw,9,770,15,0.9965388375463478,0.01948051948051948,0.011840409174050253,0.0318913635746821,0.9858607951392028,1.0
NON FIBROTIC ILA ADJUDICATED,26,2135904865,zebra_isotonic,0,770,1,0.0,0.0012987012987012987,0.00022928946639889794,0.007319361170123334,0.0,0.0
NON FIBROTIC ILA ADJUDICATED,26,2135904865,zebra_isotonic,1,769,0,0.0,0.0,0.0,0.004970565148712315,0.0,0.0
NON FIBROTIC ILA ADJUDICATED,26,2135904865,zebra_isotonic,2,770,1,0.0,0.0012987012987012987,0.00022928946639889794,0.007319361170123334,0.0,0.0
NON FIBROTIC ILA ADJUDICATED,26,2135904865,zebra_isotonic,3,769,0,0.0,0.0,0.0,0.004970565148712315,0.0,0.0
NON FIBROTIC ILA ADJUDICATED,26,2135904865,zebra_isotonic,4,770,3,0.0004097624552940936,0.003896103896103896,0.0013258926936253902,0.011391775387498288,0.0,0.0012285012285012285
NON FIBROTIC ILA ADJUDICATED,26,2135904865,zebra_isotonic,5,769,5,0.0012285012285012285,0.006501950585175552,0.002780348414515579,0.015129481166593194,0.0012285012285012285,0.0012285012285012285
NON FIBROTIC ILA ADJUDICATED,26,2135904865,zebra_isotonic,6,769,3,0.0024935201329296026,0.0039011703511053317,0.001327618000260774,0.011406505807889416,0.0012285012285012285,0.0029411764705882353
NON FIBROTIC ILA ADJUDICATED,26,2135904865,zebra_isotonic,7,770,8,0.0029411764705882353,0.01038961038961039,0.005273784940225151,0.020366426752402144,0.0029411764705882353,0.0029411764705882353
NON FIBROTIC ILA ADJUDICATED,26,2135904865,zebra_isotonic,8,769,7,0.008946745956314518,0.009102730819245773,0.004416223152723785,0.01866931220134357,0.0029411764705882353,0.031818181818181815
NON FIBROTIC ILA ADJUDICATED,26,2135904865,zebra_isotonic,9,770,16,0.04162690288515095,0.02077922077922078,0.012830175613871217,0.033486105857161864,0.031818181818181815,0.09259259259259259
NON FIBROTIC ILA ADJUDICATED,26,2135904865,genomic_raw,0,770,8,3.062676210968973e-28,0.01038961038961039,0.005273784940225151,0.020366426752402144,1.1747796137819224e-34,2.0661076518314785e-27
NON FIBROTIC ILA ADJUDICATED,26,2135904865,genomic_raw,1,769,5,1.7787148281674006e-25,0.006501950585175552,0.002780348414515579,0.015129481166593194,2.066595824621149e-27,1.2060922286792521e-24
NON FIBROTIC ILA ADJUDICATED,26,2135904865,genomic_raw,2,770,4,1.0850014898324134e-15,0.005194805194805195,0.0020219574690050306,0.013280219334419372,1.2162422035484176e-24,1.826054078323132e-14
NON FIBROTIC ILA ADJUDICATED,26,2135904865,genomic_raw,3,769,5,4.45332422755182e-12,0.006501950585175552,0.002780348414515579,0.015129481166593194,1.8425600325041547e-14,2.4917254062049956e-11
NON FIBROTIC ILA ADJUDICATED,26,2135904865,genomic_raw,4,770,3,1.1108730251934962e-09,0.003896103896103896,0.0013258926936253902,0.011391775387498288,2.5120663068745757e-11,5.613159604619489e-09
NON FIBROTIC ILA ADJUDICATED,26,2135904865,genomic_raw,5,769,3,2.2186667592612637e-07,0.0039011703511053317,0.001327618000260774,0.011406505807889416,5.615998676798602e-09,1.1943820543933205e-06
NON FIBROTIC ILA ADJUDICATED,26,2135904865,genomic_raw,6,769,3,1.9895759484725386e-05,0.0039011703511053317,0.001327618000260774,0.011406505807889416,1.2034978913054656e-06,8.784689661063312e-05
NON FIBROTIC ILA ADJUDICATED,26,2135904865,genomic_raw,7,770,4,0.0008057179622213978,0.005194805194805195,0.0020219574690050306,0.013280219334419372,8.819984337109739e-05,0.0029088218863728217
NON FIBROTIC ILA ADJUDICATED,26,2135904865,genomic_raw,8,769,7,0.03994074315287768,0.009102730819245773,0.004416223152723785,0.01866931220134357,0.0029094315014629134,0.1806944440885786
NON FIBROTIC ILA ADJUDICATED,26,2135904865,genomic_raw,9,770,2,0.7545455630565484,0.0025974025974025974,0.0007125907061236786,0.009420568652699277,0.1809105245708026,1.0
NON FIBROTIC ILA ADJUDICATED,26,2135904865,genomic_isotonic,0,770,8,0.0,0.01038961038961039,0.005273784940225151,0.020366426752402144,0.0,0.0
NON FIBROTIC ILA ADJUDICATED,26,2135904865,genomic_isotonic,1,769,8,0.0,0.010403120936280884,0.005280654829476248,0.0203927334110704,0.0,0.0
NON FIBROTIC ILA ADJUDICATED,26,2135904865,genomic_isotonic,2,770,4,0.0,0.005194805194805195,0.0020219574690050306,0.013280219334419372,0.0,0.0
NON FIBROTIC ILA ADJUDICATED,26,2135904865,genomic_isotonic,3,769,3,0.0021980045341035937,0.0039011703511053317,0.001327618000260774,0.011406505807889416,0.0,0.004424778761061947
NON FIBROTIC ILA ADJUDICATED,26,2135904865,genomic_isotonic,4,770,3,0.004424778761061947,0.003896103896103896,0.0013258926936253902,0.011391775387498288,0.004424778761061947,0.004424778761061947
NON FIBROTIC ILA ADJUDICATED,26,2135904865,genomic_isotonic,5,769,0,0.004817251040536889,0.0,0.0,0.004970565148712315,0.004424778761061947,0.0050150451354062184
NON FIBROTIC ILA ADJUDICATED,26,2135904865,genomic_isotonic,6,769,5,0.005015045135406218,0.006501950585175552,0.002780348414515579,0.015129481166593194,0.0050150451354062184,0.0050150451354062184
NON FIBROTIC ILA ADJUDICATED,26,2135904865,genomic_isotonic,7,770,3,0.006874251094211067,0.003896103896103896,0.0013258926936253902,0.011391775387498288,0.0050150451354062184,0.006898714330511132
NON FIBROTIC ILA ADJUDICATED,26,2135904865,genomic_isotonic,9,770,4,0.006898714330511132,0.005194805194805195,0.0020219574690050306,0.013280219334419372,0.006898714330511132,0.006898714330511132
NON FIBROTIC ILA ADJUDICATED,26,2135904865,genomic_isotonic,8,769,6,0.006898714330511133,0.007802340702210663,0.003580646807040671,0.016917035660547395,0.006898714330511132,0.006898714330511132
NON FIBROTIC ILA ADJUDICATED,26,2135904865,combined_raw,0,770,2,0.00048591697119747176,0.0025974025974025974,0.0007125907061236786,0.009420568652699277,3.7145187325141446e-05,0.0008187626715463173
NON FIBROTIC ILA ADJUDICATED,26,2135904865,combined_raw,1,769,4,0.001176250037541047,0.005201560468140442,0.0020245891497467933,0.013297387544882687,0.0008195545845495537,0.0015611384046794472
NON FIBROTIC ILA ADJUDICATED,26,2135904865,combined_raw,2,770,1,0.002074091459037838,0.0012987012987012987,0.00022928946639889794,0.007319361170123334,0.0015622191024864587,0.002625994750579054
NON FIBROTIC ILA ADJUDICATED,26,2135904865,combined_raw,3,769,1,0.0033633138213104556,0.0013003901170351106,0.0002295876800841234,0.007328830355107483,0.0026273339352096163,0.004200866589724015
NON FIBROTIC ILA ADJUDICATED,26,2135904865,combined_raw,4,770,2,0.005409460996463412,0.0025974025974025974,0.0007125907061236786,0.009420568652699277,0.004201806868912855,0.0068982726504973795
NON FIBROTIC ILA ADJUDICATED,26,2135904865,combined_raw,5,769,6,0.009253400955012155,0.007802340702210663,0.003580646807040671,0.016917035660547395,0.006903760257216283,0.012431983613705185
NON FIBROTIC ILA ADJUDICATED,26,2135904865,combined_raw,6,769,7,0.01771064699391138,0.009102730819245773,0.004416223152723785,0.01866931220134357,0.012439124454804027,0.024529224779768762
NON FIBROTIC ILA ADJUDICATED,26,2135904865,combined_raw,7,770,5,0.038151807301376434,0.006493506493506494,0.0027767335367897463,0.01510995198893538,0.024542525254628748,0.058404318256783896
NON FIBROTIC ILA ADJUDICATED,26,2135904865,combined_raw,8,769,7,0.10015097529146992,0.009102730819245773,0.004416223152723785,0.01866931220134357,0.05845841242023918,0.1614609453356161
NON FIBROTIC ILA ADJUDICATED,26,2135904865,combined_raw,9,770,9,0.3649913457063897,0.011688311688311689,0.006161243000312308,0.022063477414615715,0.16191164133282493,0.9088766114988911
NON FIBROTIC ILA ADJUDICATED,26,2135904865,combined_isotonic,0,770,3,0.0,0.003896103896103896,0.0013258926936253902,0.011391775387498288,0.0,0.0
NON FIBROTIC ILA ADJUDICATED,26,2135904865,combined_isotonic,1,769,1,0.00022919327715074532,0.0013003901170351106,0.0002295876800841234,0.007328830355107483,0.0,0.0006958942240779402
NON FIBROTIC ILA ADJUDICATED,26,2135904865,combined_isotonic,3,769,2,0.0006958942240779402,0.002600780234070221,0.0007135177289523901,0.009432753192718508,0.0006958942240779402,0.0006958942240779402
NON FIBROTIC ILA ADJUDICATED,26,2135904865,combined_isotonic,2,770,1,0.0006958942240779403,0.0012987012987012987,0.00022928946639889794,0.007319361170123334,0.0006958942240779402,0.0006958942240779402
NON FIBROTIC ILA ADJUDICATED,26,2135904865,combined_isotonic,4,770,5,0.002554225451768923,0.006493506493506494,0.0027767335367897463,0.01510995198893538,0.0006958942240779402,0.0038338658146964857
NON FIBROTIC ILA ADJUDICATED,26,2135904865,combined_isotonic,5,769,10,0.0038338658146964853,0.013003901170351105,0.007078545900378475,0.023770548113126753,0.0038338658146964857,0.0038338658146964857
NON FIBROTIC ILA ADJUDICATED,26,2135904865,combined_isotonic,6,769,4,0.0038338658146964853,0.005201560468140442,0.0020245891497467933,0.013297387544882687,0.0038338658146964857,0.0038338658146964857
NON FIBROTIC ILA ADJUDICATED,26,2135904865,combined_isotonic,7,770,3,0.010401529575839978,0.003896103896103896,0.0013258926936253902,0.011391775387498288,0.0038338658146964857,0.015625
NON FIBROTIC ILA ADJUDICATED,26,2135904865,combined_isotonic,8,769,7,0.02188887409898775,0.009102730819245773,0.004416223152723785,0.01866931220134357,0.015625,0.024054982817869417
NON FIBROTIC ILA ADJUDICATED,26,2135904865,combined_isotonic,9,770,8,0.03200701685623925,0.01038961038961039,0.005273784940225151,0.020366426752402144,0.024054982817869417,0.05555555555555555
NON FIBROTIC ILA ADJUDICATED,27,1566613695,zebra_raw,0,770,0,0.2320260915191143,0.0,0.0,0.004964141914221508,0.11052533634471677,0.2617403435599508
NON FIBROTIC ILA ADJUDICATED,27,1566613695,zebra_raw,1,769,0,0.2866047246436292,0.0,0.0,0.004970565148712315,0.2617774313723784,0.3117823339439391
NON FIBROTIC ILA ADJUDICATED,27,1566613695,zebra_raw,2,770,0,0.3426941690108907,0.0,0.0,0.004964141914221508,0.3118102720735881,0.3766736141998482
NON FIBROTIC ILA ADJUDICATED,27,1566613695,zebra_raw,3,769,0,0.4095640701027714,0.0,0.0,0.004970565148712315,0.37670270468505757,0.4441442775243989
NON FIBROTIC ILA ADJUDICATED,27,1566613695,zebra_raw,4,770,1,0.489586201830996,0.0012987012987012987,0.00022928946639889794,0.007319361170123334,0.44415242844132996,0.5418736368405029
NON FIBROTIC ILA ADJUDICATED,27,1566613695,zebra_raw,5,769,2,0.6010455838827715,0.002600780234070221,0.0007135177289523901,0.009432753192718508,0.5421931634455274,0.6609998749213049
NON FIBROTIC ILA ADJUDICATED,27,1566613695,zebra_raw,6,769,4,0.7265963664253773,0.005201560468140442,0.0020245891497467933,0.013297387544882687,0.6610940218280053,0.7873127283656928
NON FIBROTIC ILA ADJUDICATED,27,1566613695,zebra_raw,7,770,5,0.8447056200371512,0.006493506493506494,0.0027767335367897463,0.01510995198893538,0.787387991780509,0.898712194658097
NON FIBROTIC ILA ADJUDICATED,27,1566613695,zebra_raw,8,769,14,0.9488674586318417,0.018205461638491547,0.010875078260352153,0.030325427299070243,0.898799002791246,0.9856793662718599
NON FIBROTIC ILA ADJUDICATED,27,1566613695,zebra_raw,9,770,18,0.9964688331094889,0.023376623376623377,0.014837136266102694,0.036648162649531836,0.9857425356329601,1.0
NON FIBROTIC ILA ADJUDICATED,27,1566613695,zebra_isotonic,0,770,0,0.0,0.0,0.0,0.004964141914221508,0.0,0.0
NON FIBROTIC ILA ADJUDICATED,27,1566613695,zebra_isotonic,1,769,0,0.00020466188282634908,0.0,0.0,0.004970565148712315,0.0,0.0008071025020177562
NON FIBROTIC ILA ADJUDICATED,27,1566613695,zebra_isotonic,2,770,0,0.000807102502017756,0.0,0.0,0.004964141914221508,0.0008071025020177562,0.0008071025020177562
NON FIBROTIC ILA ADJUDICATED,27,1566613695,zebra_isotonic,3,769,0,0.000807102502017756,0.0,0.0,0.004970565148712315,0.0008071025020177562,0.0008071025020177562
NON FIBROTIC ILA ADJUDICATED,27,1566613695,zebra_isotonic,4,770,2,0.0038816852388762154,0.0025974025974025974,0.0007125907061236786,0.009420568652699277,0.0008071025020177562,0.004815409309791332
NON FIBROTIC ILA ADJUDICATED,27,1566613695,zebra_isotonic,5,769,7,0.004815409309791332,0.009102730819245773,0.004416223152723785,0.01866931220134357,0.004815409309791332,0.004815409309791332
NON FIBROTIC ILA ADJUDICATED,27,1566613695,zebra_isotonic,6,769,6,0.004815409309791332,0.007802340702210663,0.003580646807040671,0.016917035660547395,0.004815409309791332,0.004815409309791332
NON FIBROTIC ILA ADJUDICATED,27,1566613695,zebra_isotonic,7,770,8,0.004815409309791332,0.01038961038961039,0.005273784940225151,0.020366426752402144,0.004815409309791332,0.004815409309791332
NON FIBROTIC ILA ADJUDICATED,27,1566613695,zebra_isotonic,8,769,3,0.004815409309791332,0.0039011703511053317,0.001327618000260774,0.011406505807889416,0.004815409309791332,0.004815409309791332
NON FIBROTIC ILA ADJUDICATED,27,1566613695,zebra_isotonic,9,770,18,0.03372310132092042,0.023376623376623377,0.014837136266102694,0.036648162649531836,0.004815409309791332,0.0625
NON FIBROTIC ILA ADJUDICATED,27,1566613695,genomic_raw,0,770,2,9.204333459363709e-07,0.0025974025974025974,0.0007125907061236786,0.009420568652699277,3.9189903650270226e-10,4.544587264862496e-06
NON FIBROTIC ILA ADJUDICATED,27,1566613695,genomic_raw,1,769,4,9.763727646137408e-06,0.005201560468140442,0.0020245891497467933,0.013297387544882687,4.553095625642182e-06,1.4120014443909316e-05
NON FIBROTIC ILA ADJUDICATED,27,1566613695,genomic_raw,2,770,6,1.7977062657308698e-05,0.007792207792207792,0.0035759904186376326,0.016895203829388215,1.4129379035276115e-05,2.178452373886668e-05
NON FIBROTIC ILA ADJUDICATED,27,1566613695,genomic_raw,3,769,5,2.68024800701484e-05,0.006501950585175552,0.002780348414515579,0.015129481166593194,2.1795841905173022e-05,3.2216057074349984e-05
NON FIBROTIC ILA ADJUDICATED,27,1566613695,genomic_raw,4,770,8,3.899100032128637e-05,0.01038961038961039,0.005273784940225151,0.020366426752402144,3.22632243008884e-05,4.6840359614021496e-05
NON FIBROTIC ILA ADJUDICATED,27,1566613695,genomic_raw,5,769,1,6.091408671398435e-05,0.0013003901170351106,0.0002295876800841234,0.007328830355107483,4.687018898975588e-05,8.187995914082607e-05
NON FIBROTIC ILA ADJUDICATED,27,1566613695,genomic_raw,6,769,4,0.00012920543777667173,0.005201560468140442,0.0020245891497467933,0.013297387544882687,8.191499098168236e-05,0.00021902216666199947
NON FIBROTIC ILA ADJUDICATED,27,1566613695,genomic_raw,7,770,3,0.0006291426918439434,0.003896103896103896,0.0013258926936253902,0.011391775387498288,0.00021911440048471545,0.0013491370375696247
NON FIBROTIC ILA ADJUDICATED,27,1566613695,genomic_raw,8,769,5,0.006602835013121167,0.006501950585175552,0.002780348414515579,0.015129481166593194,0.0013514599011933137,0.018374218303718246
NON FIBROTIC ILA ADJUDICATED,27,1566613695,genomic_raw,9,770,6,0.1854499439489758,0.007792207792207792,0.0035759904186376326,0.016895203829388215,0.01839392320388976,0.9906122110584057
NON FIBROTIC ILA ADJUDICATED,27,1566613695,genomic_isotonic,0,770,2,0.0023409363745498205,0.0025974025974025974,0.0007125907061236786,0.009420568652699277,0.0,0.0063025210084033615
NON FIBROTIC ILA ADJUDICATED,27,1566613695,genomic_isotonic,1,769,5,0.006302521008403362,0.006501950585175552,0.002780348414515579,0.015129481166593194,0.0063025210084033615,0.0063025210084033615
NON FIBROTIC ILA ADJUDICATED,27,1566613695,genomic_isotonic,2,770,6,0.006302521008403362,0.007792207792207792,0.0035759904186376326,0.016895203829388215,0.0063025210084033615,0.0063025210084033615
NON FIBROTIC ILA ADJUDICATED,27,1566613695,genomic_isotonic,3,769,3,0.006302521008403362,0.0039011703511053317,0.001327618000260774,0.011406505807889416,0.0063025210084033615,0.0063025210084033615
NON FIBROTIC ILA ADJUDICATED,27,1566613695,genomic_isotonic,4,770,5,0.006302521008403362,0.006493506493506494,0.0027767335367897463,0.01510995198893538,0.0063025210084033615,0.0063025210084033615
NON FIBROTIC ILA ADJUDICATED,27,1566613695,genomic_isotonic,5,769,6,0.006302521008403362,0.007802340702210663,0.003580646807040671,0.016917035660547395,0.0063025210084033615,0.0063025210084033615
NON FIBROTIC ILA ADJUDICATED,27,1566613695,genomic_isotonic,6,769,5,0.006302521008403362,0.006501950585175552,0.002780348414515579,0.015129481166593194,0.0063025210084033615,0.0063025210084033615
NON FIBROTIC ILA ADJUDICATED,27,1566613695,genomic_isotonic,7,770,3,0.006302521008403362,0.003896103896103896,0.0013258926936253902,0.011391775387498288,0.0063025210084033615,0.0063025210084033615
NON FIBROTIC ILA ADJUDICATED,27,1566613695,genomic_isotonic,8,769,3,0.006303414956791854,0.0039011703511053317,0.001327618000260774,0.011406505807889416,0.0063025210084033615,0.006679659246775537
NON FIBROTIC ILA ADJUDICATED,27,1566613695,genomic_isotonic,9,770,6,0.006741561680647758,0.007792207792207792,0.0035759904186376326,0.016895203829388215,0.006732831177425027,0.006741573033707865
NON FIBROTIC ILA ADJUDICATED,27,1566613695,combined_raw,0,770,3,2.345332323613732e-07,0.003896103896103896,0.0013258926936253902,0.011391775387498288,7.773011752088624e-11,1.1724710384724019e-06
NON FIBROTIC ILA ADJUDICATED,27,1566613695,combined_raw,1,769,3,2.9624628929654525e-06,0.0039011703511053317,0.001327618000260774,0.011406505807889416,1.1738815590006713e-06,4.486767442522188e-06
NON FIBROTIC ILA ADJUDICATED,27,1566613695,combined_raw,2,770,3,5.678267149919298e-06,0.003896103896103896,0.0013258926936253902,0.011391775387498288,4.495346138651115e-06,6.7884915066444e-06
NON FIBROTIC ILA ADJUDICATED,27,1566613695,combined_raw,3,769,2,8.035074449428014e-06,0.002600780234070221,0.0007135177289523901,0.009432753192718508,6.792210045827923e-06,9.414725660521244e-06
NON FIBROTIC ILA ADJUDICATED,27,1566613695,combined_raw,4,770,5,1.1089442114125192e-05,0.006493506493506494,0.0027767335367897463,0.01510995198893538,9.416007821784928e-06,1.3107740773649942e-05
NON FIBROTIC ILA ADJUDICATED,27,1566613695,combined_raw,5,769,6,1.636451405475921e-05,0.007802340702210663,0.003580646807040671,0.016917035660547395,1.3115872159547185e-05,2.0631121577786036e-05
NON FIBROTIC ILA ADJUDICATED,27,1566613695,combined_raw,6,769,5,3.2211582847178365e-05,0.006501950585175552,0.002780348414515579,0.015129481166593194,2.0642898465612818e-05,5.596584528762799e-05
NON FIBROTIC ILA ADJUDICATED,27,1566613695,combined_raw,7,770,5,0.003532658021840024,0.006493506493506494,0.0027767335367897463,0.01510995198893538,5.597799222956768e-05,0.011092268542580006
NON FIBROTIC ILA ADJUDICATED,27,1566613695,combined_raw,8,769,7,0.022882389508746066,0.009102730819245773,0.004416223152723785,0.01866931220134357,0.011095735905345792,0.041777091167539464
NON FIBROTIC ILA ADJUDICATED,27,1566613695,combined_raw,9,770,5,0.1894366983871555,0.006493506493506494,0.0027767335367897463,0.01510995198893538,0.04179813371673515,0.9778796283207051
NON FIBROTIC ILA ADJUDICATED,27,1566613695,combined_isotonic,0,770,4,0.000836712694420204,0.005194805194805195,0.0020219574690050306,0.013280219334419372,0.0,0.001976284584980237
NON FIBROTIC ILA ADJUDICATED,27,1566613695,combined_isotonic,1,769,3,0.006671572092110337,0.0039011703511053317,0.001327618000260774,0.011406505807889416,0.001976284584980237,0.007246376811594203
NON FIBROTIC ILA ADJUDICATED,27,1566613695,combined_isotonic,2,770,4,0.007246376811594204,0.005194805194805195,0.0020219574690050306,0.013280219334419372,0.007246376811594203,0.007246376811594203
NON FIBROTIC ILA ADJUDICATED,27,1566613695,combined_isotonic,4,770,5,0.007246376811594204,0.006493506493506494,0.0027767335367897463,0.01510995198893538,0.007246376811594203,0.007246376811594203
NON FIBROTIC ILA ADJUDICATED,27,1566613695,combined_isotonic,7,770,4,0.007246376811594204,0.005194805194805195,0.0020219574690050306,0.013280219334419372,0.007246376811594203,0.007246376811594203
NON FIBROTIC ILA ADJUDICATED,27,1566613695,combined_isotonic,3,769,6,0.007246376811594205,0.007802340702210663,0.003580646807040671,0.016917035660547395,0.007246376811594203,0.007246376811594203
NON FIBROTIC ILA ADJUDICATED,27,1566613695,combined_isotonic,5,769,3,0.007246376811594205,0.0039011703511053317,0.001327618000260774,0.011406505807889416,0.007246376811594203,0.007246376811594203
NON FIBROTIC ILA ADJUDICATED,27,1566613695,combined_isotonic,6,769,4,0.007246376811594205,0.005201560468140442,0.0020245891497467933,0.013297387544882687,0.007246376811594203,0.007246376811594203
NON FIBROTIC ILA ADJUDICATED,27,1566613695,combined_isotonic,8,769,5,0.007277841179425111,0.006501950585175552,0.002780348414515579,0.015129481166593194,0.007246376811594203,0.007614213197969543
NON FIBROTIC ILA ADJUDICATED,27,1566613695,combined_isotonic,9,770,6,0.007614213197969543,0.007792207792207792,0.0035759904186376326,0.016895203829388215,0.007614213197969543,0.007614213197969543
NON FIBROTIC ILA ADJUDICATED,28,243672353,zebra_raw,0,770,0,0.23185978002899116,0.0,0.0,0.004964141914221508,0.11893743948205666,0.2612877049881964
NON FIBROTIC ILA ADJUDICATED,28,243672353,zebra_raw,1,769,1,0.28701054211852073,0.0013003901170351106,0.0002295876800841234,0.007328830355107483,0.2614461530736853,0.3134907084506088
NON FIBROTIC ILA ADJUDICATED,28,243672353,zebra_raw,2,770,0,0.3437642125673138,0.0,0.0,0.004964141914221508,0.31359228295302966,0.37656862785595624
NON FIBROTIC ILA ADJUDICATED,28,243672353,zebra_raw,3,769,0,0.40960551714948285,0.0,0.0,0.004970565148712315,0.3765965052693407,0.444421144056957
NON FIBROTIC ILA ADJUDICATED,28,243672353,zebra_raw,4,770,3,0.48592019767686623,0.003896103896103896,0.0013258926936253902,0.011391775387498288,0.4444553461993698,0.5322065820274733
NON FIBROTIC ILA ADJUDICATED,28,243672353,zebra_raw,5,769,1,0.595208371738296,0.0013003901170351106,0.0002295876800841234,0.007328830355107483,0.5322343982810075,0.6614092468583902
NON FIBROTIC ILA ADJUDICATED,28,243672353,zebra_raw,6,769,4,0.7278765848434192,0.005201560468140442,0.0020245891497467933,0.013297387544882687,0.6616977521600221,0.7887575909874593
NON FIBROTIC ILA ADJUDICATED,28,243672353,zebra_raw,7,770,4,0.8447361917539863,0.005194805194805195,0.0020219574690050306,0.013280219334419372,0.7889768531409792,0.8984362180389591
NON FIBROTIC ILA ADJUDICATED,28,243672353,zebra_raw,8,769,9,0.9491344893908374,0.011703511053315995,0.006169270449727107,0.022091970677298834,0.8984497355800539,0.9844770975162783
NON FIBROTIC ILA ADJUDICATED,28,243672353,zebra_raw,9,770,22,0.9963018239446482,0.02857142857142857,0.018942666074440347,0.04288066773039707,0.9846591837404637,1.0
NON FIBROTIC ILA ADJUDICATED,28,243672353,zebra_isotonic,0,770,1,0.0,0.0012987012987012987,0.00022928946639889794,0.007319361170123334,0.0,0.0
NON FIBROTIC ILA ADJUDICATED,28,243672353,zebra_isotonic,1,769,0,0.0,0.0,0.0,0.004970565148712315,0.0,0.0
NON FIBROTIC ILA ADJUDICATED,28,243672353,zebra_isotonic,2,770,0,0.0,0.0,0.0,0.004964141914221508,0.0,0.0
NON FIBROTIC ILA ADJUDICATED,28,243672353,zebra_isotonic,3,769,0,0.0,0.0,0.0,0.004970565148712315,0.0,0.0
NON FIBROTIC ILA ADJUDICATED,28,243672353,zebra_isotonic,4,770,2,0.0031409601634320725,0.0025974025974025974,0.0007125907061236786,0.009420568652699277,0.0,0.004213483146067416
NON FIBROTIC ILA ADJUDICATED,28,243672353,zebra_isotonic,5,769,3,0.004551761981883198,0.0039011703511053317,0.001327618000260774,0.011406505807889416,0.004213483146067416,0.0051698670605613
NON FIBROTIC ILA ADJUDICATED,28,243672353,zebra_isotonic,6,769,4,0.0051698670605613,0.005201560468140442,0.0020245891497467933,0.013297387544882687,0.0051698670605613,0.0051698670605613
NON FIBROTIC ILA ADJUDICATED,28,243672353,zebra_isotonic,7,770,4,0.0051698670605613,0.005194805194805195,0.0020219574690050306,0.013280219334419372,0.0051698670605613,0.0051698670605613
NON FIBROTIC ILA ADJUDICATED,28,243672353,zebra_isotonic,8,769,9,0.007416937324148047,0.011703511053315995,0.006169270449727107,0.022091970677298834,0.0051698670605613,0.017142857142857144
NON FIBROTIC ILA ADJUDICATED,28,243672353,zebra_isotonic,9,770,21,0.030952637444315142,0.02727272727272727,0.017906160074157684,0.04133266500837901,0.017142857142857144,0.09259259259259259
NON FIBROTIC ILA ADJUDICATED,28,243672353,genomic_raw,0,770,3,0.000516304277654261,0.003896103896103896,0.0013258926936253902,0.011391775387498288,8.985794558765743e-05,0.0007677990664621815
NON FIBROTIC ILA ADJUDICATED,28,243672353,genomic_raw,1,769,4,0.0010056710050356348,0.005201560468140442,0.0020245891497467933,0.013297387544882687,0.0007680259785142041,0.0012430584078224418
NON FIBROTIC ILA ADJUDICATED,28,243672353,genomic_raw,2,770,4,0.0015050843572767944,0.005194805194805195,0.0020219574690050306,0.013280219334419372,0.0012432902793508222,0.0017962437020054849
NON FIBROTIC ILA ADJUDICATED,28,243672353,genomic_raw,3,769,2,0.0021995703885145466,0.002600780234070221,0.0007135177289523901,0.009432753192718508,0.0017963920038654851,0.0026482331065642017
NON FIBROTIC ILA ADJUDICATED,28,243672353,genomic_raw,4,770,6,0.0033699797290005257,0.007792207792207792,0.0035759904186376326,0.016895203829388215,0.002650334174470562,0.004261485424194235
NON FIBROTIC ILA ADJUDICATED,28,243672353,genomic_raw,5,769,4,0.006221159715270148,0.005201560468140442,0.0020245891497467933,0.013297387544882687,0.0042754338623915,0.010805576201056625
NON FIBROTIC ILA ADJUDICATED,28,243672353,genomic_raw,6,769,6,0.13281281961668553,0.007802340702210663,0.003580646807040671,0.016917035660547395,0.010903027547887165,0.2141523392959882
NON FIBROTIC ILA ADJUDICATED,28,243672353,genomic_raw,7,770,4,0.274956704875992,0.005194805194805195,0.0020219574690050306,0.013280219334419372,0.21415307907294803,0.3360192172165045
NON FIBROTIC ILA ADJUDICATED,28,243672353,genomic_raw,8,769,4,0.40549521712719516,0.005201560468140442,0.0020245891497467933,0.013297387544882687,0.3363482433153367,0.47861038032858944
NON FIBROTIC ILA ADJUDICATED,28,243672353,genomic_raw,9,770,7,0.5801190526375805,0.00909090909090909,0.004410478976495486,0.01864522399383109,0.47863898452514997,0.8741511398819387
NON FIBROTIC ILA ADJUDICATED,28,243672353,genomic_isotonic,0,770,4,0.004760852822001645,0.005194805194805195,0.0020219574690050306,0.013280219334419372,0.00425531914893617,0.004766160262138814
NON FIBROTIC ILA ADJUDICATED,28,243672353,genomic_isotonic,1,769,3,0.004766160262138816,0.0039011703511053317,0.001327618000260774,0.011406505807889416,0.004766160262138814,0.004766160262138814
NON FIBROTIC ILA ADJUDICATED,28,243672353,genomic_isotonic,2,770,4,0.004766160262138816,0.005194805194805195,0.0020219574690050306,0.013280219334419372,0.004766160262138814,0.004766160262138814
NON FIBROTIC ILA ADJUDICATED,28,243672353,genomic_isotonic,3,769,5,0.004766160262138816,0.006501950585175552,0.002780348414515579,0.015129481166593194,0.004766160262138814,0.004766160262138814
NON FIBROTIC ILA ADJUDICATED,28,243672353,genomic_isotonic,4,770,3,0.004766160262138816,0.003896103896103896,0.0013258926936253902,0.011391775387498288,0.004766160262138814,0.004766160262138814
NON FIBROTIC ILA ADJUDICATED,28,243672353,genomic_isotonic,5,769,2,0.004766160262138816,0.002600780234070221,0.0007135177289523901,0.009432753192718508,0.004766160262138814,0.004766160262138814
NON FIBROTIC ILA ADJUDICATED,28,243672353,genomic_isotonic,6,769,5,0.006910281720493939,0.006501950585175552,0.002780348414515579,0.015129481166593194,0.004766160262138814,0.007518796992481203
NON FIBROTIC ILA ADJUDICATED,28,243672353,genomic_isotonic,7,770,5,0.007518796992481203,0.006493506493506494,0.0027767335367897463,0.01510995198893538,0.007518796992481203,0.007518796992481203
NON FIBROTIC ILA ADJUDICATED,28,243672353,genomic_isotonic,8,769,7,0.007545200688393205,0.009102730819245773,0.004416223152723785,0.01866931220134357,0.007518796992481203,0.007556675062972292
NON FIBROTIC ILA ADJUDICATED,28,243672353,genomic_isotonic,9,770,6,0.010124566001137425,0.007792207792207792,0.0035759904186376326,0.016895203829388215,0.007556675062972292,0.025974025974025976
NON FIBROTIC ILA ADJUDICATED,28,243672353,combined_raw,0,770,0,0.004293902103946811,0.0,0.0,0.004964141914221508,0.0027170264249877355,0.005054156628357703
NON FIBROTIC ILA ADJUDICATED,28,243672353,combined_raw,1,769,0,0.005686401620500774,0.0,0.0,0.004970565148712315,0.0050550502750237826,0.006275361857054745
NON FIBROTIC ILA ADJUDICATED,28,243672353,combined_raw,2,770,0,0.006949798826626891,0.0,0.0,0.004964141914221508,0.006275570296149778,0.007697140284978387
NON FIBROTIC ILA ADJUDICATED,28,243672353,combined_raw,3,769,1,0.00855344830926681,0.0013003901170351106,0.0002295876800841234,0.007328830355107483,0.007699170375923098,0.009639824513341866
NON FIBROTIC ILA ADJUDICATED,28,243672353,combined_raw,4,770,3,0.011335513328800353,0.003896103896103896,0.0013258926936253902,0.011391775387498288,0.009640979919092026,0.013588370243341565
NON FIBROTIC ILA ADJUDICATED,28,243672353,combined_raw,5,769,4,0.016849664313807383,0.005201560468140442,0.0020245891497467933,0.013297387544882687,0.013600176368799254,0.020541116104254895
NON FIBROTIC ILA ADJUDICATED,28,243672353,combined_raw,6,769,4,0.02609475773454329,0.005201560468140442,0.0020245891497467933,0.013297387544882687,0.020550323301844718,0.03269691119125847
NON FIBROTIC ILA ADJUDICATED,28,243672353,combined_raw,7,770,8,0.04217410769341309,0.01038961038961039,0.005273784940225151,0.020366426752402144,0.03273194489963802,0.05456526110283374
NON FIBROTIC ILA ADJUDICATED,28,243672353,combined_raw,8,769,5,0.07455359744349158,0.006501950585175552,0.002780348414515579,0.015129481166593194,0.0546325269186513,0.10179919610458144
NON FIBROTIC ILA ADJUDICATED,28,243672353,combined_raw,9,770,19,0.19096643425255955,0.024675324675324677,0.015852913748522608,0.03821689388941264,0.10192787651495304,0.6329039837540058
NON FIBROTIC ILA ADJUDICATED,28,243672353,combined_isotonic,0,770,0,0.0015950854125127984,0.0,0.0,0.004964141914221508,0.0,0.002074688796680498
NON FIBROTIC ILA ADJUDICATED,28,243672353,combined_isotonic,1,769,0,0.002074688796680498,0.0,0.0,0.004970565148712315,0.002074688796680498,0.002074688796680498
NON FIBROTIC ILA ADJUDICATED,28,243672353,combined_isotonic,2,770,1,0.0024741493664197697,0.0012987012987012987,0.00022928946639889794,0.007319361170123334,0.002074688796680498,0.0027824151363383415
NON FIBROTIC ILA ADJUDICATED,28,243672353,combined_isotonic,3,769,0,0.002782415136338341,0.0,0.0,0.004970565148712315,0.0027824151363383415,0.0027824151363383415
NON FIBROTIC ILA ADJUDICATED,28,243672353,combined_isotonic,4,770,2,0.002782415136338341,0.0025974025974025974,0.0007125907061236786,0.009420568652699277,0.0027824151363383415,0.0027824151363383415
NON FIBROTIC ILA ADJUDICATED,28,243672353,combined_isotonic,5,769,6,0.003336974292089831,0.007802340702210663,0.003580646807040671,0.016917035660547395,0.0027824151363383415,0.0036900369003690036
NON FIBROTIC ILA ADJUDICATED,28,243672353,combined_isotonic,6,769,4,0.005830429212004922,0.005201560468140442,0.0020245891497467933,0.013297387544882687,0.0036900369003690036,0.008898776418242492
NON FIBROTIC ILA ADJUDICATED,28,243672353,combined_isotonic,7,770,5,0.008898776418242492,0.006493506493506494,0.0027767335367897463,0.01510995198893538,0.008898776418242492,0.008898776418242492
NON FIBROTIC ILA ADJUDICATED,28,243672353,combined_isotonic,8,769,10,0.011103096195418426,0.013003901170351105,0.007078545900378475,0.023770548113126753,0.008898776418242492,0.01417004048582996
NON FIBROTIC ILA ADJUDICATED,28,243672353,combined_isotonic,9,770,16,0.01864846989035192,0.02077922077922078,0.012830175613871217,0.033486105857161864,0.01417004048582996,0.025477707006369428
NON FIBROTIC ILA ADJUDICATED,29,1911963976,zebra_raw,0,770,0,0.23209564083340758,0.0,0.0,0.004964141914221508,0.11052533634471677,0.2605507168074891
NON FIBROTIC ILA ADJUDICATED,29,1911963976,zebra_raw,1,769,1,0.28705581652091605,0.0013003901170351106,0.0002295876800841234,0.007328830355107483,0.26061351545512534,0.3138532163788822
NON FIBROTIC ILA ADJUDICATED,29,1911963976,zebra_raw,2,770,0,0.3443763383958393,0.0,0.0,0.004964141914221508,0.3138879619137422,0.3771495928919676
NON FIBROTIC ILA ADJUDICATED,29,1911963976,zebra_raw,3,769,0,0.41082139509567384,0.0,0.0,0.004970565148712315,0.37718670117353315,0.44631748077308125
NON FIBROTIC ILA ADJUDICATED,29,1911963976,zebra_raw,4,770,2,0.49012498933303206,0.0025974025974025974,0.0007125907061236786,0.009420568652699277,0.44638399663992084,0.5389318981564682
NON FIBROTIC ILA ADJUDICATED,29,1911963976,zebra_raw,5,769,2,0.5981139024763765,0.002600780234070221,0.0007135177289523901,0.009432753192718508,0.5392314108609721,0.6615039843134092
NON FIBROTIC ILA ADJUDICATED,29,1911963976,zebra_raw,6,769,3,0.7304158351010772,0.0039011703511053317,0.001327618000260774,0.011406505807889416,0.6616977521600221,0.7927303182113955
NON FIBROTIC ILA ADJUDICATED,29,1911963976,zebra_raw,7,770,3,0.8471833976686667,0.003896103896103896,0.0013258926936253902,0.011391775387498288,0.7931774164190927,0.9025689321917897
NON FIBROTIC ILA ADJUDICATED,29,1911963976,zebra_raw,8,769,13,0.9522653641328677,0.016905071521456438,0.009905619514842359,0.028707033158100748,0.9026412280438324,0.9860843461239837
NON FIBROTIC ILA ADJUDICATED,29,1911963976,zebra_raw,9,770,20,0.9968361886081979,0.025974025974025976,0.016876091691355087,0.03977822466888089,0.986090694495255,1.0
NON FIBROTIC ILA ADJUDICATED,29,1911963976,zebra_isotonic,0,770,0,0.0,0.0,0.0,0.004964141914221508,0.0,0.0
NON FIBROTIC ILA ADJUDICATED,29,1911963976,zebra_isotonic,1,769,0,0.0,0.0,0.0,0.004970565148712315,0.0,0.0
NON FIBROTIC ILA ADJUDICATED,29,1911963976,zebra_isotonic,2,770,1,0.0,0.0012987012987012987,0.00022928946639889794,0.007319361170123334,0.0,0.0
NON FIBROTIC ILA ADJUDICATED,29,1911963976,zebra_isotonic,3,769,1,0.0,0.0013003901170351106,0.0002295876800841234,0.007328830355107483,0.0,0.0
NON FIBROTIC ILA ADJUDICATED,29,1911963976,zebra_isotonic,4,770,3,0.002043891712128448,0.003896103896103896,0.0013258926936253902,0.011391775387498288,0.0,0.006200177147918512
NON FIBROTIC ILA ADJUDICATED,29,1911963976,zebra_isotonic,7,770,3,0.006200177147918511,0.003896103896103896,0.0013258926936253902,0.011391775387498288,0.006200177147918512,0.006200177147918512
NON FIBROTIC ILA ADJUDICATED,29,1911963976,zebra_isotonic,5,769,7,0.006200177147918512,0.009102730819245773,0.004416223152723785,0.01866931220134357,0.006200177147918512,0.006200177147918512
NON FIBROTIC ILA ADJUDICATED,29,1911963976,zebra_isotonic,6,769,4,0.006200177147918512,0.005201560468140442,0.0020245891497467933,0.013297387544882687,0.006200177147918512,0.006200177147918512
NON FIBROTIC ILA ADJUDICATED,29,1911963976,zebra_isotonic,8,769,3,0.006342206722841948,0.0039011703511053317,0.001327618000260774,0.011406505807889416,0.006200177147918512,0.010948905109489052
NON FIBROTIC ILA ADJUDICATED,29,1911963976,zebra_isotonic,9,770,22,0.03306396657839582,0.02857142857142857,0.018942666074440347,0.04288066773039707,0.010948905109489052,0.12
NON FIBROTIC ILA ADJUDICATED,29,1911963976,genomic_raw,0,770,4,2.65831844136392e-78,0.005194805194805195,0.0020219574690050306,0.013280219334419372,8.354090585865924e-124,1.1875101512226632e-76
NON FIBROTIC ILA ADJUDICATED,29,1911963976,genomic_raw,1,769,3,6.216699271651079e-51,0.0039011703511053317,0.001327618000260774,0.011406505807889416,1.404055941326184e-76,2.3824300999307547e-49
NON FIBROTIC ILA ADJUDICATED,29,1911963976,genomic_raw,2,770,7,6.379735637031759e-37,0.00909090909090909,0.004410478976495486,0.01864522399383109,2.666279384309537e-49,1.3679727478180147e-35
NON FIBROTIC ILA ADJUDICATED,29,1911963976,genomic_raw,3,769,3,3.468548779494544e-29,0.0039011703511053317,0.001327618000260774,0.011406505807889416,1.399843729836652e-35,5.579054248511807e-28
NON FIBROTIC ILA ADJUDICATED,29,1911963976,genomic_raw,4,770,1,4.698382828988246e-24,0.0012987012987012987,0.00022928946639889794,0.007319361170123334,5.630677422481746e-28,4.5446807309900305e-23
NON FIBROTIC ILA ADJUDICATED,29,1911963976,genomic_raw,5,769,3,2.2091302873991156e-20,0.0039011703511053317,0.001327618000260774,0.011406505807889416,4.611091495717433e-23,1.6716368682739044e-19
NON FIBROTIC ILA ADJUDICATED,29,1911963976,genomic_raw,6,769,5,2.0012651677991764e-17,0.006501950585175552,0.002780348414515579,0.015129481166593194,1.7029607323441027e-19,1.2938627904598746e-16
NON FIBROTIC ILA ADJUDICATED,29,1911963976,genomic_raw,7,770,6,9.120918242679005e-15,0.007792207792207792,0.0035759904186376326,0.016895203829388215,1.2986355576254414e-16,5.921892186359738e-14
NON FIBROTIC ILA ADJUDICATED,29,1911963976,genomic_raw,8,769,6,1.5066977828974117e-11,0.007802340702210663,0.003580646807040671,0.016917035660547395,5.94202842941683e-14,1.3261750502145552e-10
NON FIBROTIC ILA ADJUDICATED,29,1911963976,genomic_raw,9,770,6,0.17990376157240107,0.007792207792207792,0.0035759904186376326,0.016895203829388215,1.327469710607287e-10,1.0
NON FIBROTIC ILA ADJUDICATED,29,1911963976,genomic_isotonic,0,770,8,0.005648330058939097,0.01038961038961039,0.005273784940225151,0.020366426752402144,0.005648330058939097,0.005648330058939097
NON FIBROTIC ILA ADJUDICATED,29,1911963976,genomic_isotonic,1,769,4,0.005648330058939097,0.005201560468140442,0.0020245891497467933,0.013297387544882687,0.005648330058939097,0.005648330058939097
NON FIBROTIC ILA ADJUDICATED,29,1911963976,genomic_isotonic,2,770,0,0.005648330058939097,0.0,0.0,0.004964141914221508,0.005648330058939097,0.005648330058939097
NON FIBROTIC ILA ADJUDICATED,29,1911963976,genomic_isotonic,3,769,3,0.005648330058939097,0.0039011703511053317,0.001327618000260774,0.011406505807889416,0.005648330058939097,0.005648330058939097
NON FIBROTIC ILA ADJUDICATED,29,1911963976,genomic_isotonic,4,770,5,0.005648330058939097,0.006493506493506494,0.0027767335367897463,0.01510995198893538,0.005648330058939097,0.005648330058939097
NON FIBROTIC ILA ADJUDICATED,29,1911963976,genomic_isotonic,5,769,4,0.005648330058939097,0.005201560468140442,0.0020245891497467933,0.013297387544882687,0.005648330058939097,0.005648330058939097
NON FIBROTIC ILA ADJUDICATED,29,1911963976,genomic_isotonic,6,769,3,0.005648330058939097,0.0039011703511053317,0.001327618000260774,0.011406505807889416,0.005648330058939097,0.005648330058939097
NON FIBROTIC ILA ADJUDICATED,29,1911963976,genomic_isotonic,7,770,2,0.005648330058939097,0.0025974025974025974,0.0007125907061236786,0.009420568652699277,0.005648330058939097,0.005648330058939097
NON FIBROTIC ILA ADJUDICATED,29,1911963976,genomic_isotonic,8,769,6,0.005648330058939097,0.007802340702210663,0.003580646807040671,0.016917035660547395,0.005648330058939097,0.005648330058939097
NON FIBROTIC ILA ADJUDICATED,29,1911963976,genomic_isotonic,9,770,9,0.0075808739849922094,0.011688311688311689,0.006161243000312308,0.022063477414615715,0.005648330058939097,0.030303030303030304
NON FIBROTIC ILA ADJUDICATED,29,1911963976,combined_raw,0,770,2,0.0015595413274963508,0.0025974025974025974,0.0007125907061236786,0.009420568652699277,0.0004548328240041842,0.002142249886024927
NON FIBROTIC ILA ADJUDICATED,29,1911963976,combined_raw,1,769,0,0.0027244035085455228,0.0,0.0,0.004970565148712315,0.002142422495007622,0.0033454130527944704
NON FIBROTIC ILA ADJUDICATED,29,1911963976,combined_raw,2,770,1,0.004025655688919757,0.0012987012987012987,0.00022928946639889794,0.007319361170123334,0.003347680240222,0.004755039593854134
NON FIBROTIC ILA ADJUDICATED,29,1911963976,combined_raw,3,769,1,0.005752818646887312,0.0013003901170351106,0.0002295876800841234,0.007328830355107483,0.004756508924301765,0.00691259781988528
NON FIBROTIC ILA ADJUDICATED,29,1911963976,combined_raw,4,770,1,0.008498625746914809,0.0012987012987012987,0.00022928946639889794,0.007319361170123334,0.0069126938091872685,0.010391575658238431
NON FIBROTIC ILA ADJUDICATED,29,1911963976,combined_raw,5,769,3,0.012899399353962381,0.0039011703511053317,0.001327618000260774,0.011406505807889416,0.010396377865210275,0.01583960175191786
NON FIBROTIC ILA ADJUDICATED,29,1911963976,combined_raw,6,769,9,0.020595896216756594,0.011703511053315995,0.006169270449727107,0.022091970677298834,0.01586420969357088,0.02607462929587333
NON FIBROTIC ILA ADJUDICATED,29,1911963976,combined_raw,7,770,10,0.034741982936212716,0.012987012987012988,0.007069333631553706,0.02373989550567504,0.026124273630954677,0.046023989793489394
NON FIBROTIC ILA ADJUDICATED,29,1911963976,combined_raw,8,769,5,0.0688654972543031,0.006501950585175552,0.002780348414515579,0.015129481166593194,0.04603366826205148,0.10006587284702874
NON FIBROTIC ILA ADJUDICATED,29,1911963976,combined_raw,9,770,12,0.2465562712230648,0.015584415584415584,0.008937040176158829,0.027041206405671363,0.10011026543518863,0.8838764965775578
NON FIBROTIC ILA ADJUDICATED,29,1911963976,combined_isotonic,0,770,2,0.001142579079644055,0.0025974025974025974,0.0007125907061236786,0.009420568652699277,0.0,0.0032310177705977385
NON FIBROTIC ILA ADJUDICATED,29,1911963976,combined_isotonic,1,769,1,0.003231017770597739,0.0013003901170351106,0.0002295876800841234,0.007328830355107483,0.0032310177705977385,0.0032310177705977385
NON FIBROTIC ILA ADJUDICATED,29,1911963976,combined_isotonic,2,770,0,0.0038756100980700614,0.0,0.0,0.004964141914221508,0.0032310177705977385,0.004181913225300575
NON FIBROTIC ILA ADJUDICATED,29,1911963976,combined_isotonic,3,769,0,0.004181913225300574,0.0,0.0,0.004970565148712315,0.004181913225300575,0.004181913225300575
NON FIBROTIC ILA ADJUDICATED,29,1911963976,combined_isotonic,4,770,3,0.004181913225300574,0.003896103896103896,0.0013258926936253902,0.011391775387498288,0.004181913225300575,0.004181913225300575
NON FIBROTIC ILA ADJUDICATED,29,1911963976,combined_isotonic,5,769,4,0.004451975475594675,0.005201560468140442,0.0020245891497467933,0.013297387544882687,0.004181913225300575,0.005448241703813769
NON FIBROTIC ILA ADJUDICATED,29,1911963976,combined_isotonic,6,769,9,0.00544824170381377,0.011703511053315995,0.006169270449727107,0.022091970677298834,0.005448241703813769,0.005448241703813769
NON FIBROTIC ILA ADJUDICATED,29,1911963976,combined_isotonic,7,770,8,0.00544824170381377,0.01038961038961039,0.005273784940225151,0.020366426752402144,0.005448241703813769,0.005448241703813769
NON FIBROTIC ILA ADJUDICATED,29,1911963976,combined_isotonic,8,769,5,0.00544824170381377,0.006501950585175552,0.002780348414515579,0.015129481166593194,0.005448241703813769,0.005448241703813769
NON FIBROTIC ILA ADJUDICATED,29,1911963976,combined_isotonic,9,770,12,0.022026326828073706,0.015584415584415584,0.008937040176158829,0.027041206405671363,0.005448241703813769,0.06666666666666667
NON FIBROTIC ILA ADJUDICATED,30,349271345,zebra_raw,0,770,0,0.23303256727251184,0.0,0.0,0.004964141914221508,0.1314070368880061,0.26244562102792846
NON FIBROTIC ILA ADJUDICATED,30,349271345,zebra_raw,1,769,1,0.28897412182552196,0.0013003901170351106,0.0002295876800841234,0.007328830355107483,0.2624486440304649,0.315465767595495
NON FIBROTIC ILA ADJUDICATED,30,349271345,zebra_raw,2,770,0,0.3464432303835006,0.0,0.0,0.004964141914221508,0.31552067942717316,0.37863309767439185
NON FIBROTIC ILA ADJUDICATED,30,349271345,zebra_raw,3,769,0,0.4125939487068937,0.0,0.0,0.004970565148712315,0.3788804071466528,0.4488211359125135
NON FIBROTIC ILA ADJUDICATED,30,349271345,zebra_raw,4,770,1,0.49288024199402397,0.0012987012987012987,0.00022928946639889794,0.007319361170123334,0.4489316582898533,0.5427457610054819
NON FIBROTIC ILA ADJUDICATED,30,349271345,zebra_raw,5,769,2,0.6012731292197628,0.002600780234070221,0.0007135177289523901,0.009432753192718508,0.5428851516742825,0.6638281870023752
NON FIBROTIC ILA ADJUDICATED,30,349271345,zebra_raw,6,769,7,0.7332759880242313,0.009102730819245773,0.004416223152723785,0.01866931220134357,0.6639483623897079,0.7913408419573393
NON FIBROTIC ILA ADJUDICATED,30,349271345,zebra_raw,7,770,2,0.8476852924699017,0.0025974025974025974,0.0007125907061236786,0.009420568652699277,0.7913670010332758,0.8998162513949661
NON FIBROTIC ILA ADJUDICATED,30,349271345,zebra_raw,8,769,10,0.9511704735570701,0.013003901170351105,0.007078545900378475,0.023770548113126753,0.9001362981113881,0.9861733406921771
NON FIBROTIC ILA ADJUDICATED,30,349271345,zebra_raw,9,770,21,0.9967233969418361,0.02727272727272727,0.017906160074157684,0.04133266500837901,0.9861877252437659,1.0
NON FIBROTIC ILA ADJUDICATED,30,349271345,zebra_isotonic,0,770,0,0.0,0.0,0.0,0.004964141914221508,0.0,0.0
NON FIBROTIC ILA ADJUDICATED,30,349271345,zebra_isotonic,1,769,1,0.0,0.0013003901170351106,0.0002295876800841234,0.007328830355107483,0.0,0.0
NON FIBROTIC ILA ADJUDICATED,30,349271345,zebra_isotonic,2,770,0,0.0,0.0,0.0,0.004964141914221508,0.0,0.0
NON FIBROTIC ILA ADJUDICATED,30,349271345,zebra_isotonic,3,769,0,0.0,0.0,0.0,0.004970565148712315,0.0,0.0
NON FIBROTIC ILA ADJUDICATED,30,349271345,zebra_isotonic,4,770,1,0.003720406400456703,0.0012987012987012987,0.00022928946639889794,0.007319361170123334,0.0,0.004555808656036446
NON FIBROTIC ILA ADJUDICATED,30,349271345,zebra_isotonic,5,769,2,0.004555808656036447,0.002600780234070221,0.0007135177289523901,0.009432753192718508,0.004555808656036446,0.004555808656036446
NON FIBROTIC ILA ADJUDICATED,30,349271345,zebra_isotonic,6,769,5,0.004555808656036447,0.006501950585175552,0.002780348414515579,0.015129481166593194,0.004555808656036446,0.004555808656036446
NON FIBROTIC ILA ADJUDICATED,30,349271345,zebra_isotonic,7,770,4,0.005737919598008137,0.005194805194805195,0.0020219574690050306,0.013280219334419372,0.004555808656036446,0.00749063670411985
NON FIBROTIC ILA ADJUDICATED,30,349271345,zebra_isotonic,8,769,10,0.009271668007291992,0.013003901170351105,0.007078545900378475,0.023770548113126753,0.00749063670411985,0.01968503937007874
NON FIBROTIC ILA ADJUDICATED,30,349271345,zebra_isotonic,9,770,21,0.03214115300536395,0.02727272727272727,0.017906160074157684,0.04133266500837901,0.01968503937007874,0.08333333333333333
NON FIBROTIC ILA ADJUDICATED,30,349271345,genomic_raw,0,770,4,2.2397531658625668e-10,0.005194805194805195,0.0020219574690050306,0.013280219334419372,6.781749590151395e-18,1.026132926556662e-09
NON FIBROTIC ILA ADJUDICATED,30,349271345,genomic_raw,1,769,3,5.136614373727611e-09,0.0039011703511053317,0.001327618000260774,0.011406505807889416,1.0270859280821463e-09,1.2566834337688768e-08
NON FIBROTIC ILA ADJUDICATED,30,349271345,genomic_raw,2,770,3,2.8926856789628478e-08,0.003896103896103896,0.0013258926936253902,0.011391775387498288,1.2608251570917155e-08,5.172661289032451e-08
NON FIBROTIC ILA ADJUDICATED,30,349271345,genomic_raw,3,769,5,9.285395447976207e-08,0.006501950585175552,0.002780348414515579,0.015129481166593194,5.1934402473801415e-08,1.4665135739134397e-07
NON FIBROTIC ILA ADJUDICATED,30,349271345,genomic_raw,4,770,2,2.37258415314106e-07,0.0025974025974025974,0.0007125907061236786,0.009420568652699277,1.466795991061228e-07,3.58999119709115e-07
NON FIBROTIC ILA ADJUDICATED,30,349271345,genomic_raw,5,769,8,6.066449936084041e-07,0.010403120936280884,0.005280654829476248,0.0203927334110704,3.590170292012824e-07,9.654204765186637e-07
NON FIBROTIC ILA ADJUDICATED,30,349271345,genomic_raw,6,769,6,1.6539546793891983e-06,0.007802340702210663,0.003580646807040671,0.016917035660547395,9.663728256316593e-07,2.7542414424720756e-06
NON FIBROTIC ILA ADJUDICATED,30,349271345,genomic_raw,7,770,2,5.857161391138352e-06,0.0025974025974025974,0.0007125907061236786,0.009420568652699277,2.756800015384662e-06,1.1810886207344512e-05
NON FIBROTIC ILA ADJUDICATED,30,349271345,genomic_raw,8,769,5,7.430496936344556e-05,0.006501950585175552,0.002780348414515579,0.015129481166593194,1.1829924869666007e-05,0.00037406862416287527
NON FIBROTIC ILA ADJUDICATED,30,349271345,genomic_raw,9,770,6,0.21471471087015065,0.007792207792207792,0.0035759904186376326,0.016895203829388215,0.0003743566753849902,0.9999999999946185
NON FIBROTIC ILA ADJUDICATED,30,349271345,genomic_isotonic,0,770,4,0.005681895950097725,0.005194805194805195,0.0020219574690050306,0.013280219334419372,0.004571710999169554,0.005688282138794083
NON FIBROTIC ILA ADJUDICATED,30,349271345,genomic_isotonic,1,769,1,0.005688282138794083,0.0013003901170351106,0.0002295876800841234,0.007328830355107483,0.005688282138794083,0.005688282138794083
NON FIBROTIC ILA ADJUDICATED,30,349271345,genomic_isotonic,2,770,4,0.005688282138794083,0.005194805194805195,0.0020219574690050306,0.013280219334419372,0.005688282138794083,0.005688282138794083
NON FIBROTIC ILA ADJUDICATED,30,349271345,genomic_isotonic,3,769,1,0.005688282138794083,0.0013003901170351106,0.0002295876800841234,0.007328830355107483,0.005688282138794083,0.005688282138794083
NON FIBROTIC ILA ADJUDICATED,30,349271345,genomic_isotonic,4,770,4,0.005688282138794083,0.005194805194805195,0.0020219574690050306,0.013280219334419372,0.005688282138794083,0.005688282138794083
NON FIBROTIC ILA ADJUDICATED,30,349271345,genomic_isotonic,5,769,5,0.005688282138794083,0.006501950585175552,0.002780348414515579,0.015129481166593194,0.005688282138794083,0.005688282138794083
NON FIBROTIC ILA ADJUDICATED,30,349271345,genomic_isotonic,6,769,6,0.005688282138794083,0.007802340702210663,0.003580646807040671,0.016917035660547395,0.005688282138794083,0.005688282138794083
NON FIBROTIC ILA ADJUDICATED,30,349271345,genomic_isotonic,7,770,6,0.005688282138794083,0.007792207792207792,0.0035759904186376326,0.016895203829388215,0.005688282138794083,0.005688282138794083
NON FIBROTIC ILA ADJUDICATED,30,349271345,genomic_isotonic,8,769,6,0.007039183102240927,0.007802340702210663,0.003580646807040671,0.016917035660547395,0.005688282138794083,0.015873015873015872
NON FIBROTIC ILA ADJUDICATED,30,349271345,genomic_isotonic,9,770,7,0.016465120488590015,0.00909090909090909,0.004410478976495486,0.01864522399383109,0.015873015873015872,0.01694915254237288
NON FIBROTIC ILA ADJUDICATED,30,349271345,combined_raw,0,770,2,8.65504444977968e-12,0.0025974025974025974,0.0007125907061236786,0.009420568652699277,1.8231188876839622e-16,4.118822376812817e-11
NON FIBROTIC ILA ADJUDICATED,30,349271345,combined_raw,1,769,0,1.8653489112825936e-10,0.0,0.0,0.004970565148712315,4.180733128238831e-11,4.3775683230943547e-10
NON FIBROTIC ILA ADJUDICATED,30,349271345,combined_raw,2,770,2,1.0601123105396712e-09,0.0025974025974025974,0.0007125907061236786,0.009420568652699277,4.3802976106837345e-10,2.081538438516895e-09
NON FIBROTIC ILA ADJUDICATED,30,349271345,combined_raw,3,769,1,5.4424991841077366e-09,0.0013003901170351106,0.0002295876800841234,0.007328830355107483,2.0862366329264046e-09,1.2326370670417746e-08
NON FIBROTIC ILA ADJUDICATED,30,349271345,combined_raw,4,770,4,4.567810412516857e-08,0.005194805194805195,0.0020219574690050306,0.013280219334419372,1.2335337146848903e-08,1.300433001896698e-07
NON FIBROTIC ILA ADJUDICATED,30,349271345,combined_raw,5,769,8,8.863475949051502e-07,0.010403120936280884,0.005280654829476248,0.0203927334110704,1.3009204596442973e-07,2.7894290947220518e-06
NON FIBROTIC ILA ADJUDICATED,30,349271345,combined_raw,6,769,4,1.0375249862042804e-05,0.005201560468140442,0.0020245891497467933,0.013297387544882687,2.7958484966723224e-06,2.4522994128813243e-05
NON FIBROTIC ILA ADJUDICATED,30,349271345,combined_raw,7,770,6,7.379809321869352e-05,0.007792207792207792,0.0035759904186376326,0.016895203829388215,2.4622673764253295e-05,0.00016990142263112587
NON FIBROTIC ILA ADJUDICATED,30,349271345,combined_raw,8,769,8,0.0005815660220040588,0.010403120936280884,0.005280654829476248,0.0203927334110704,0.00017027420451303058,0.0015941951987436676
NON FIBROTIC ILA ADJUDICATED,30,349271345,combined_raw,9,770,9,0.05264391372390178,0.011688311688311689,0.006161243000312308,0.022063477414615715,0.0016057645400941042,0.983173300398451
NON FIBROTIC ILA ADJUDICATED,30,349271345,combined_isotonic,0,770,3,0.0024465388549652057,0.003896103896103896,0.0013258926936253902,0.011391775387498288,0.0,0.0036072144288577155
NON FIBROTIC ILA ADJUDICATED,30,349271345,combined_isotonic,2,770,1,0.003607214428857716,0.0012987012987012987,0.00022928946639889794,0.007319361170123334,0.0036072144288577155,0.0036072144288577155
NON FIBROTIC ILA ADJUDICATED,30,349271345,combined_isotonic,4,770,6,0.003607214428857716,0.007792207792207792,0.0035759904186376326,0.016895203829388215,0.0036072144288577155,0.0036072144288577155
NON FIBROTIC ILA ADJUDICATED,30,349271345,combined_isotonic,1,769,2,0.0036072144288577163,0.002600780234070221,0.0007135177289523901,0.009432753192718508,0.0036072144288577155,0.0036072144288577155
NON FIBROTIC ILA ADJUDICATED,30,349271345,combined_isotonic,3,769,2,0.0036072144288577163,0.002600780234070221,0.0007135177289523901,0.009432753192718508,0.0036072144288577155,0.0036072144288577155
NON FIBROTIC ILA ADJUDICATED,30,349271345,combined_isotonic,5,769,1,0.0036072144288577163,0.0013003901170351106,0.0002295876800841234,0.007328830355107483,0.0036072144288577155,0.0036072144288577155
NON FIBROTIC ILA ADJUDICATED,30,349271345,combined_isotonic,6,769,6,0.005362357814656928,0.007802340702210663,0.003580646807040671,0.016917035660547395,0.0036072144288577155,0.005738880918220947
NON FIBROTIC ILA ADJUDICATED,30,349271345,combined_isotonic,7,770,7,0.007535776334495194,0.00909090909090909,0.004410478976495486,0.01864522399383109,0.005738880918220947,0.008333333333333333
NON FIBROTIC ILA ADJUDICATED,30,349271345,combined_isotonic,8,769,6,0.00959671549263521,0.007802340702210663,0.003580646807040671,0.016917035660547395,0.008333333333333333,0.014150943396226415
NON FIBROTIC ILA ADJUDICATED,30,349271345,combined_isotonic,9,770,10,0.021581210637710093,0.012987012987012988,0.007069333631553706,0.02373989550567504,0.014150943396226415,0.027522935779816515
