target_name,repeat,split_seed,model,tpr,ppv,acc,npv,LR+,LR-,threshold,expected_fp,expected_tn,expected_flags,fpr,tpr_upper,ppv_upper,acc_upper,npv_upper,LR+_upper,LR-_upper,threshold_upper,expected_fp_upper,expected_tn_upper,expected_flags_upper,fpr_lower,tpr_lower,ppv_lower,acc_lower,npv_lower,LR+_lower,LR-_lower,threshold_lower,expected_fp_lower,expected_tn_lower,expected_flags_lower,sensitivity,specificity,requested_fpr,fpr_distance
FILD or FILA ADJUDICATED,1,392429752,zebra,0.05746052631578948,0.5365853658536586,0.980401689408707,0.9813519285562545,,,1.0,7.543,7535.457,16.277,0.001,0.09241881124331612,0.6404490397952912,0.9813578454782745,0.9820377310008376,,,1.0,7.543,7535.457,16.277,0.001,0.044319249231413275,0.4294472560322624,0.9793785236887472,0.9810800158365509,,,1.0,7.543,7535.457,16.277,0.05746052631578948,0.999,0.001,0.0
FILD or FILA ADJUDICATED,1,392429752,zebra,0.2873026315789474,0.5365853658536586,0.9810207927225472,0.9857719884602848,57.46052631578948,0.7162679880079947,1.0,37.715,7505.285,81.385,0.005,0.36349490680502444,0.6404490397952912,0.9838539355511444,0.9872909049726737,99.67006613476877,0.7837690680074515,1.0,37.715,7505.285,81.385,0.005,0.22159624615706638,0.4294472560322624,0.9779008073762084,0.9844518686069157,32.326311588780456,0.6388244196180446,1.0,37.715,7505.285,81.385,0.2873026315789474,0.995,0.005,0.0
FILD or FILA ADJUDICATED,1,392429752,zebra,0.2894736842105263,0.368422969187675,0.9761624431448993,0.9857436469518124,,,0.9999954112343536,75.43,7467.57,119.43,0.01,0.36605544926939826,0.45777565932505954,0.979644693194868,0.9872861207778568,,,0.9999954112343536,75.43,7467.57,119.43,0.01,0.22327077698444972,0.2872705938013867,0.9723962259735422,0.9843970800940202,,,0.9999954112343536,75.43,7467.57,119.43,0.2894736842105263,0.99,0.01,0.0
FILD or FILA ADJUDICATED,1,392429752,zebra,0.3355263157894737,0.2506265664160401,0.9672696556205329,0.9865210045165899,16.776404966887416,0.6780343731372047,0.999898759170256,150.86,7392.14,201.86000000000004,0.02,0.4138238578453593,0.3150869489991239,0.9716822196463268,0.9881253760257009,24.23396031233112,0.7522752797190725,0.999898759170256,150.86,7392.14,201.86000000000004,0.02,0.2653372564154593,0.19558902646545898,0.9625382567730564,0.9850671701573056,11.33326716299319,0.5963597626727638,0.999898759170256,150.86,7392.14,201.86000000000004,0.3355263157894737,0.98,0.02,0.0
FILD or FILA ADJUDICATED,1,392429752,zebra,0.4342105263157895,0.14893386614605572,0.9398115659519168,0.9881409571063215,,,0.9979177611121961,377.15000000000003,7165.85,443.15000000000003,0.05,0.5136678584972509,0.18509334446937573,0.945981795523974,0.9898390778486404,,,0.9979177611121961,377.15000000000003,7165.85,443.15000000000003,0.05,0.35799658720707644,0.1188447214402022,0.9332563386714904,0.9864927005552859,,,0.9979177611121961,377.15000000000003,7165.85,443.15000000000003,0.4342105263157895,0.95,0.05,0.0
FILD or FILA ADJUDICATED,1,392429752,zebra,0.5197368421052632,0.09547788801914542,0.892488628979857,0.9893612369637823,,,0.9837256760367001,754.3000000000001,6788.7,833.3000000000001,0.1,0.5976919125435891,0.11704224047807057,0.9004666129152363,0.9911367802589403,,,0.9837256760367001,754.3000000000001,6788.7,833.3000000000001,0.1,0.4408087537451127,0.07757354795786775,0.884092256286688,0.9875390672212735,,,0.9837256760367001,754.3000000000001,6788.7,833.3000000000001,0.5197368421052632,0.9,0.1,0.0
FILD or FILA ADJUDICATED,1,392429752,genomic,0.006578947368421052,0.13636363636363635,0.9793966211825862,0.9803550581712467,,,0.8645196800308713,7.543,7535.457,8.543,0.001,0.036321051462105534,0.4280850279540029,0.9804768463514252,0.9809414013172958,,,0.8645196800308713,7.543,7535.457,8.543,0.001,0.0011622913203507626,0.03808193986964365,0.978298935799453,0.9802304538646637,,,0.8645196800308713,7.543,7535.457,8.543,0.006578947368421052,0.999,0.001,0.0
FILD or FILA ADJUDICATED,1,392429752,genomic,0.019736842105263157,0.06756756756756757,0.975735542560104,0.9805337793774066,3.9479405227596014,0.9851891069755788,0.6872284715681543,37.715,7505.285,40.715,0.005,0.05641580175457883,0.1945082747350503,0.9777923870426295,0.9812735984047852,15.49832544239823,1.0001293354787621,0.6872284715681543,37.715,7505.285,40.715,0.005,0.006734651887011962,0.028475995013206013,0.9736524161450593,0.9802444092783018,0.9813857001301448,0.9470321842122671,0.6872284715681543,37.715,7505.285,40.715,0.019736842105263157,0.995,0.005,0.0
FILD or FILA ADJUDICATED,1,392429752,genomic,0.03289473684210526,0.06026849471579548,0.9710942170240416,0.9806949045551608,3.289615131578947,0.9768740074834897,0.6103533103252724,75.43,7467.57,80.43,0.01,0.07468664329518646,0.13740961281188532,0.9738892599904392,0.981550472665213,9.347090510060694,0.9983565752189099,0.6103533103252724,75.43,7467.57,80.43,0.01,0.01413092120553882,0.028475995013206003,0.9682650683285268,0.9802787360883414,1.129784654460495,0.9327669025121529,0.6103533103252724,75.43,7467.57,80.43,0.03289473684210526,0.99,0.01,0.0
FILD or FILA ADJUDICATED,1,392429752,genomic,0.046052631578947366,0.0469880154162927,0.961551656920078,0.9807619335308507,,,0.4942800969013359,150.86,7392.14,157.86,0.02,0.09200033996577209,0.08869291739084237,0.9653252118857424,0.9817250898082311,,,0.4942800969013359,150.86,7392.14,157.86,0.02,0.0224843353940877,0.028475995013206003,0.9577411620368317,0.9802285139820164,,,0.4942800969013359,150.86,7392.14,157.86,0.046052631578947366,0.98,0.02,0.0
FILD or FILA ADJUDICATED,1,392429752,genomic,0.125,0.0469880154162927,0.9337037037037037,0.9817779512774831,,,0.3254072941289614,377.15000000000003,7165.85,396.15000000000003,0.05,0.18698374924427225,0.07411334542480781,0.9395287760819399,0.9831288295200149,,,0.3254072941289614,377.15000000000003,7165.85,396.15000000000003,0.05,0.08150359127039453,0.028475995013206003,0.9277947486282967,0.9807872475062172,,,0.3254072941289614,377.15000000000003,7165.85,396.15000000000003,0.125,0.95,0.05,0.0
FILD or FILA ADJUDICATED,1,392429752,genomic,0.21710526315789475,0.039627725101533125,0.8865107212475634,0.9827728476158851,2.171053432466141,0.8698830448996623,0.2037883852447477,754.3000000000001,6788.7,787.3000000000001,0.1,0.2891812863086289,0.056156511031337446,0.894372575853805,0.9844457243628891,3.0950957638926258,0.9417701049796403,0.2037883852447477,754.3000000000001,6788.7,787.3000000000001,0.1,0.1589758302199794,0.027723144801570055,0.8785251861923643,0.981375711698809,1.4861020576907065,0.7840766732384881,0.2037883852447477,754.3000000000001,6788.7,787.3000000000001,0.21710526315789475,0.9,0.1,0.0
FILD or FILA ADJUDICATED,1,392429752,combined,0.08552631578947369,0.6200367965367966,0.9809560753736193,0.9818879693266065,,,0.8534351065960142,7.543,7535.457,20.543000000000003,0.001,0.14082381103246616,0.8045173446545003,0.9825410983923212,0.9829729532109002,,,0.8534351065960142,7.543,7535.457,20.543000000000003,0.001,0.050662196904797105,0.41108993545491174,0.9792767117122322,0.9811917562733413,,,0.8534351065960142,7.543,7535.457,20.543000000000003,0.08552631578947369,0.999,0.001,0.0
FILD or FILA ADJUDICATED,1,392429752,combined,0.15601973684210527,0.38524590163934425,0.9784275503573749,0.9831946326016415,,,0.8082618599972602,37.715,7505.285,61.43,0.005,0.22209497269102493,0.5106867173061366,0.9810650620240902,0.9845107501192742,,,0.8082618599972602,37.715,7505.285,61.43,0.005,0.10690258167405142,0.2806406868635469,0.9756310419186305,0.9822012485699214,,,0.8082618599972602,37.715,7505.285,61.43,0.15601973684210527,0.995,0.005,0.0
FILD or FILA ADJUDICATED,1,392429752,combined,0.2565789473684211,0.3408260869565217,0.9755126705653021,0.9850934691610292,25.65899802631579,0.7509303594941112,0.7748786010790825,75.43,7467.57,114.43,0.01,0.33141131282701675,0.431575489836077,0.978960364573784,0.9866006358033443,41.47637918079808,0.8164652539556485,0.7748786010790825,75.43,7467.57,114.43,0.01,0.19374713627899498,0.2604164073765021,0.9718130429472617,0.9838136095021373,15.4903235415308,0.6739742750605928,0.7748786010790825,75.43,7467.57,114.43,0.2565789473684211,0.99,0.01,0.0
FILD or FILA ADJUDICATED,1,392429752,combined,0.3157894736842105,0.24137657986904212,0.9668797920727746,0.9861261929175796,,,0.733015759366614,150.86,7392.14,198.86,0.02,0.3934507494802998,0.3053902546283137,0.9712797878761528,0.9877177312573122,,,0.733015759366614,150.86,7392.14,198.86,0.02,0.2472096984918171,0.1871654132549021,0.9621801815548116,0.984704343443666,,,0.733015759366614,150.86,7392.14,198.86,0.3157894736842105,0.98,0.02,0.0
FILD or FILA ADJUDICATED,1,392429752,combined,0.4144736842105263,0.1431331168831169,0.9394217024041586,0.9877323445397743,,,0.6371157666670789,377.15000000000003,7165.85,440.1500000000001,0.05,0.49395491032566785,0.17894201212330338,0.9455924039551526,0.9894315685772762,,,0.6371157666670789,377.15000000000003,7165.85,440.1500000000001,0.05,0.33920886908995784,0.11349952045287683,0.9328852232518929,0.9861029134493371,,,0.6371157666670789,377.15000000000003,7165.85,440.1500000000001,0.4144736842105263,0.95,0.05,0.0
FILD or FILA ADJUDICATED,1,392429752,combined,0.5526315789473685,0.1003562945368171,0.8931384015594542,0.9900826927962788,,,0.5048825909471604,754.3000000000001,6788.7,838.3000000000002,0.1,0.6294101335898308,0.1225017579609106,0.9010931456766436,0.9918298528925951,,,0.5048825909471604,754.3000000000001,6788.7,838.3000000000002,0.1,0.47325830984670736,0.08184086618777148,0.8847332351726453,0.9882536744201167,,,0.5048825909471604,754.3000000000001,6788.7,838.3000000000002,0.5526315789473685,0.9,0.1,0.0
FILD or FILA ADJUDICATED,2,2018504452,zebra,0.08398076923076925,0.6285714285714288,0.9809255460588795,0.9818684125605218,,,0.9999999953344358,7.543,7535.457,20.30807692307692,0.001,0.12369682226966709,0.7322934866530888,0.9820210318181771,0.9826486617249982,,,0.9999999953344358,7.543,7535.457,20.30807692307692,0.001,0.0647742873382194,0.5114720115842712,0.9797372247391293,0.9814773646478704,,,0.9999999953344358,7.543,7535.457,20.30807692307692,0.08398076923076925,0.999,0.001,0.0
FILD or FILA ADJUDICATED,2,2018504452,zebra,0.29605263157894735,0.5440530414340289,0.98119363222872,0.9859437737320328,,,0.9999992597664201,37.715,7505.285,82.71499999999999,0.005,0.37292990042352286,0.6470388350169554,0.9840445173867074,0.9874764800337402,,,0.9999992597664201,37.715,7505.285,82.71499999999999,0.005,0.22922988125989224,0.4371555197498274,0.9780473836388446,0.9846015940157445,,,0.9999992597664201,37.715,7505.285,82.71499999999999,0.29605263157894735,0.995,0.005,0.0
FILD or FILA ADJUDICATED,2,2018504452,zebra,0.3026315789473684,0.37825614754098363,0.9764223521767381,0.98600395844325,30.264459210526315,0.7044125496139451,0.9999891669297839,75.43,7467.57,121.42999999999999,0.01,0.37978706128398243,0.4672065063745434,0.9799159349136747,0.9875580845028801,47.53064108586256,0.7744809728143031,0.9999891669297839,75.43,7467.57,121.42999999999999,0.01,0.235206275829,0.29680672554799264,0.9726319889136815,0.9846331557825309,18.805033104299596,0.6252088522792745,0.9999891669297839,75.43,7467.57,121.42999999999999,0.3026315789473684,0.99,0.01,0.0
FILD or FILA ADJUDICATED,2,2018504452,zebra,0.3355263157894737,0.2526511009309886,0.9672696556205329,0.9865210045165899,16.776404966887416,0.6780343731372047,0.9998768177849486,150.86,7392.14,201.86000000000004,0.02,0.4138238578453593,0.31683133922679946,0.9716822196463268,0.9881253760257009,24.23396031233112,0.7522752797190725,0.9998768177849486,150.86,7392.14,201.86000000000004,0.02,0.2653372564154593,0.1977093045456588,0.9625382567730564,0.9850671701573056,11.33326716299319,0.5963597626727638,0.9998768177849486,150.86,7392.14,201.86000000000004,0.3355263157894737,0.98,0.02,0.0
FILD or FILA ADJUDICATED,2,2018504452,zebra,0.4342105263157895,0.14893386614605572,0.9398115659519168,0.9881409571063215,8.684218296071744,0.5955678685149439,0.9975208150339093,377.15000000000003,7165.85,443.15000000000003,0.05,0.5136678584972509,0.18509334446937573,0.945981795523974,0.9898390778486404,11.337608557400346,0.6794776429582311,0.9975208150339093,377.15000000000003,7165.85,443.15000000000003,0.05,0.35799658720707644,0.11880853707580534,0.9332563386714904,0.9864927005552859,6.491150941795389,0.5094118559842944,0.9975208150339093,377.15000000000003,7165.85,443.15000000000003,0.4342105263157895,0.95,0.05,0.0
FILD or FILA ADJUDICATED,2,2018504452,zebra,0.5328947368421053,0.09661835748792269,0.892748538011696,0.989649693089074,5.328949334235073,0.5190058503182858,0.9824530835259865,754.3000000000001,6788.7,835.3000000000002,0.1,0.6104192680185561,0.11864394062665419,0.9007180174678282,0.9914147684270691,6.533293059033935,0.611686729570639,0.9824530835259865,754.3000000000001,6788.7,835.3000000000002,0.1,0.45374850912928033,0.07831846504760888,0.8843478563930419,0.9878239038169989,4.241629637398607,0.42973146092838116,0.9824530835259865,754.3000000000001,6788.7,835.3000000000002,0.5328947368421053,0.9,0.1,0.0
FILD or FILA ADJUDICATED,2,2018504452,genomic,0.0,0.05,0.9792666666666667,0.980227531596177,,,0.6637034339690894,7.543,7535.457,7.543,0.001,0.024649787352889047,0.3773584364515956,0.980246302862848,0.9807150310823073,,,0.6637034339690894,7.543,7535.457,7.543,0.001,0.0,0.030391361803163288,0.9782759769585572,0.980207904466031,,,0.6637034339690894,7.543,7535.457,7.543,0.0,0.999,0.001,0.0
FILD or FILA ADJUDICATED,2,2018504452,genomic,0.006578947368421052,0.04428330998316989,0.9754756335282652,0.9802776411112061,,,0.6041799831855083,37.715,7505.285,38.715,0.005,0.036321051462105534,0.1327044766448916,0.977395453703519,0.9808824214704875,,,0.6041799831855083,37.715,7505.285,38.715,0.005,0.0011622913203507626,0.030391361803163288,0.9735423448252241,0.9801357791758853,,,0.6041799831855083,37.715,7505.285,38.715,0.006578947368421052,0.995,0.005,0.0
FILD or FILA ADJUDICATED,2,2018504452,genomic,0.013157894736842105,0.04428330998316989,0.9707043534762833,0.9803086810316686,,,0.5712505324536158,75.43,7467.57,77.43,0.01,0.04670108102456133,0.08937578299799898,0.9733364587604022,0.9810030776730969,,,0.5712505324536158,75.43,7467.57,77.43,0.01,0.0036158171874622162,0.03039136180316328,0.968057362570145,0.9800725842018589,,,0.5712505324536158,75.43,7467.57,77.43,0.013157894736842105,0.99,0.01,0.0
FILD or FILA ADJUDICATED,2,2018504452,genomic,0.039473684210526314,0.04428330998316989,0.9614217024041586,0.9806318269083195,,,0.5316589689768154,150.86,7392.14,156.86,0.02,0.08343651522247675,0.07806885635997943,0.9651560499155044,0.9815559085003256,,,0.5316589689768154,150.86,7392.14,156.86,0.02,0.018214604707815794,0.03039136180316328,0.9576568216775967,0.9801438680880084,,,0.5316589689768154,150.86,7392.14,156.86,0.039473684210526314,0.98,0.02,0.0
FILD or FILA ADJUDICATED,2,2018504452,genomic,0.10625000000000022,0.04428330998316988,0.9333333333333333,0.9813947482956442,,,0.4628815653736076,377.15000000000003,7165.85,393.30000000000007,0.05,0.1652979308465061,0.067098723619523,0.9391004142370457,0.9826866167934165,,,0.4628815653736076,377.15000000000003,7165.85,393.30000000000007,0.05,0.06661377669389446,0.030391361803163278,0.9275006288341929,0.9804818706021178,,,0.4628815653736076,377.15000000000003,7165.85,393.30000000000007,0.10625000000000022,0.95,0.05,0.0
FILD or FILA ADJUDICATED,2,2018504452,genomic,0.23684210526315788,0.04428330998316988,0.8869005847953216,0.9831998493039538,,,0.3891731387497167,754.3000000000001,6788.7,790.3000000000002,0.1,0.31039211715169945,0.06242442298448015,0.894791555228483,0.9849028567752729,,,0.3891731387497167,754.3000000000001,6788.7,790.3000000000002,0.1,0.17626566566561055,0.030391361803163278,0.8788667138061051,0.9817516042229101,,,0.3891731387497167,754.3000000000001,6788.7,790.3000000000002,0.23684210526315788,0.9,0.1,0.0
FILD or FILA ADJUDICATED,2,2018504452,combined,0.09868421052631579,0.6628215472235405,0.9812159844054582,0.9821439207052559,,,0.8450143151449084,7.543,7535.457,22.543,0.001,0.15643415657102436,0.82308686081353,0.9828494508967865,0.983277143648265,,,0.8450143151449084,7.543,7535.457,22.543,0.001,0.060718962225373437,0.4842643682446295,0.9794753638667127,0.9813872920427731,,,0.8450143151449084,7.543,7535.457,22.543,0.09868421052631579,0.999,0.001,0.0
FILD or FILA ADJUDICATED,2,2018504452,combined,0.23684210526315788,0.48838578304331726,0.9800240415854451,0.9847794695504842,,,0.6973937857169258,37.715,7505.285,73.715,0.005,0.31039211715169945,0.6002091450559446,0.9828092031492394,0.9862446877488962,,,0.6973937857169258,37.715,7505.285,73.715,0.005,0.17626566566561055,0.37771124645071513,0.9770011769110563,0.9835608721379892,,,0.6973937857169258,37.715,7505.285,73.715,0.23684210526315788,0.995,0.005,0.0
FILD or FILA ADJUDICATED,2,2018504452,combined,0.3355263157894737,0.40339145106861646,0.9770721247563353,0.9866553390624436,33.55407434210526,0.6711855425566834,0.6581200669375019,75.43,7467.57,126.42999999999999,0.01,0.4138238578453593,0.49053094028633665,0.9805882666976031,0.9882328523674561,51.7903721983494,0.743968338598136,0.6581200669375019,75.43,7467.57,126.42999999999999,0.01,0.2653372564154593,0.3198711424559258,0.9732271687771178,0.9852296292126135,21.21404232565777,0.59089788392467,0.6581200669375019,75.43,7467.57,126.42999999999999,0.3355263157894737,0.99,0.01,0.0
FILD or FILA ADJUDICATED,2,2018504452,combined,0.3881578947368421,0.2811405787195261,0.9683092917478883,0.9875753826648755,19.407997902869756,0.6243286802154461,0.6056958537738882,150.86,7392.14,209.86,0.02,0.4674765939081062,0.34547679071518866,0.9727420267784305,0.9892005232527167,27.375920959941872,0.7020844876893365,0.6056958537738882,150.86,7392.14,209.86,0.02,0.31435296378925043,0.22467271506181252,0.9635064682767361,0.9860495696340955,13.426859726490823,0.5417749192372846,0.6056958537738882,150.86,7392.14,209.86,0.3881578947368421,0.98,0.02,0.0
FILD or FILA ADJUDICATED,2,2018504452,combined,0.4407894736842105,0.1507311586051744,0.9399415204678363,0.9882772364335002,8.815797361163739,0.5886426607415144,0.4774053896568015,377.15000000000003,7165.85,444.1500000000001,0.05,0.5202115409440079,0.1869764494138789,0.9461110534488483,0.9899744241342164,11.482039844813006,0.6728206252793468,0.4774053896568015,377.15000000000003,7165.85,444.1500000000001,0.05,0.36428646018988675,0.12047116473510312,0.9333805830760891,0.9866232648474474,6.605198160107351,0.5025576320173689,0.4774053896568015,377.15000000000003,7165.85,444.1500000000001,0.4407894736842105,0.95,0.05,0.0
FILD or FILA ADJUDICATED,2,2018504452,combined,0.5,0.09153320864686179,0.8920987654320988,0.9889288679274113,,,0.3562740574196698,754.3000000000001,6788.7,830.3000000000002,0.1,0.5785012537366268,0.11307367794722797,0.9000875381733704,0.9907179166264529,,,0.3562740574196698,754.3000000000001,6788.7,830.3000000000002,0.1,0.4214987462633732,0.07375495187975639,0.8837108240401351,0.9871143106766909,,,0.3562740574196698,754.3000000000001,6788.7,830.3000000000002,0.5,0.9,0.1,0.0
FILD or FILA ADJUDICATED,3,1899814237,zebra,0.07363709677419354,0.5974025974025974,0.980721226602947,0.9816675946078787,,,1.0,7.543,7535.457,18.735838709677417,0.001,0.11106270532909024,0.6997798270317196,0.9817497862747562,0.9824024927074344,,,1.0,7.543,7535.457,18.735838709677417,0.001,0.0572309980186499,0.4857685316794947,0.979609904232967,0.981331466045539,,,1.0,7.543,7535.457,18.735838709677417,0.07363709677419354,0.999,0.001,0.0
FILD or FILA ADJUDICATED,3,1899814237,zebra,0.3092105263157895,0.5548172268907563,0.9814535412605588,0.9862028819723027,61.851068189900424,0.6942607800834616,0.9999995908852107,37.715,7505.285,84.715,0.005,0.38662724600175197,0.655974938258373,0.9843150822376354,0.9877466843692169,106.21270454508753,0.7640440640640108,0.9999995908852107,37.715,7505.285,84.715,0.005,0.24119964654079779,0.44890227717729936,0.9782838234468625,0.9848370994488953,35.14805040600369,0.6156141020964508,0.9999995908852107,37.715,7505.285,84.715,0.3092105263157895,0.995,0.005,0.0
FILD or FILA ADJUDICATED,3,1899814237,zebra,0.3092105263157895,0.3838991070238571,0.9765523066926576,0.9861341657523401,,,0.9999930843939251,75.43,7467.57,122.43,0.01,0.38662724600175197,0.4723308819885132,0.9800510496735318,0.9876936148346097,,,0.9999930843939251,75.43,7467.57,122.43,0.01,0.24119964654079779,0.3025311661699565,0.9727503764832973,0.9847517431074803,,,0.9999930843939251,75.43,7467.57,122.43,0.3092105263157895,0.99,0.01,0.0
FILD or FILA ADJUDICATED,3,1899814237,zebra,0.35526315789473684,0.26359540889526545,0.9676595191682912,0.9869161323806636,,,0.9998984902522323,150.86,7392.14,204.86000000000004,0.02,0.4340558411514238,0.3278790339681499,0.9720818637610145,0.9885305301576816,,,0.9998984902522323,150.86,7392.14,204.86000000000004,0.02,0.28360593939809664,0.20801453227839195,0.9628991196467874,0.9854330921244124,,,0.9998984902522323,150.86,7392.14,204.86000000000004,0.35526315789473684,0.98,0.02,0.0
FILD or FILA ADJUDICATED,3,1899814237,zebra,0.45394736842105265,0.15465660456857375,0.9402014294996751,0.9885499078886424,,,0.9979709060284441,377.15000000000003,7165.85,446.15000000000003,0.05,0.5332583650033167,0.19114226240786686,0.946368768491995,0.9902443886763632,,,0.9979709060284441,377.15000000000003,7165.85,446.15000000000003,0.05,0.3769067469897125,0.12406716037704317,0.9336298726918881,0.9868853392406476,,,0.9979709060284441,377.15000000000003,7165.85,446.15000000000003,0.45394736842105265,0.95,0.05,0.0
FILD or FILA ADJUDICATED,3,1899814237,zebra,0.5394736842105263,0.09846698113207547,0.8928784925276153,0.9897939842371722,,,0.9837256760367001,754.3000000000001,6788.7,836.3000000000001,0.1,0.6167629496691474,0.12048905707439697,0.9008433247596918,0.9915533840005881,,,0.9837256760367001,754.3000000000001,6788.7,836.3000000000001,0.1,0.46023838290825614,0.08018835918064302,0.8844760514306512,0.9879668241588586,,,0.9837256760367001,754.3000000000001,6788.7,836.3000000000001,0.5394736842105263,0.9,0.1,0.0
FILD or FILA ADJUDICATED,3,1899814237,genomic,0.0,0.022890150109635094,0.9792666666666667,0.980227531596177,,,0.811095921171421,7.543,7535.457,7.543,0.001,0.024649787352889047,0.27753279986288926,0.980246302862848,0.9807150310823073,,,0.811095921171421,7.543,7535.457,7.543,0.001,0.0,0.01791376948133092,0.9782759769585572,0.980207904466031,,,0.811095921171421,7.543,7535.457,7.543,0.0,0.999,0.001,0.0
FILD or FILA ADJUDICATED,3,1899814237,genomic,0.006578947368421052,0.022890150109635094,0.9754756335282652,0.9802776411112061,,,0.6820261809183411,37.715,7505.285,38.715,0.005,0.036321051462105534,0.1327044766448916,0.977395453703519,0.9808824214704875,,,0.6820261809183411,37.715,7505.285,38.715,0.005,0.0011622913203507626,0.01791376948133092,0.9735423448252241,0.9801357791758853,,,0.6820261809183411,37.715,7505.285,38.715,0.006578947368421052,0.995,0.005,0.0
FILD or FILA ADJUDICATED,3,1899814237,genomic,0.006578947368421052,0.022890150109635094,0.9705743989603639,0.9801800074505257,,,0.6075507372889284,75.43,7467.57,76.43,0.01,0.036321051462105534,0.07046060141829741,0.9731314211394154,0.9808002004542108,,,0.6075507372889284,75.43,7467.57,76.43,0.01,0.0011622913203507626,0.01791376948133092,0.9680088978616589,0.9800244945393152,,,0.6075507372889284,75.43,7467.57,76.43,0.006578947368421052,0.99,0.01,0.0
FILD or FILA ADJUDICATED,3,1899814237,genomic,0.019736842105263157,0.022890150109635094,0.9610318388564003,0.9802417140756668,,,0.4995734422962503,150.86,7392.14,153.86,0.02,0.05641580175457883,0.055752930306746815,0.9646223074272496,0.9810224870310119,,,0.4995734422962503,150.86,7392.14,153.86,0.02,0.006734651887011962,0.01791376948133092,0.9574300571774327,0.9799163545777232,,,0.4995734422962503,150.86,7392.14,153.86,0.019736842105263157,0.98,0.02,0.0
FILD or FILA ADJUDICATED,3,1899814237,genomic,0.039473684210526314,0.022890150109635094,0.9320142949967511,0.9800324130899545,,,0.3524160279036224,377.15000000000003,7165.85,383.15000000000003,0.05,0.08343651522247675,0.03556198498183186,0.9374833986197809,0.9810208677250665,,,0.3524160279036224,377.15000000000003,7165.85,383.15000000000003,0.05,0.018214604707815794,0.01791376948133092,0.9265445958073074,0.979490544508731,,,0.3524160279036224,377.15000000000003,7165.85,383.15000000000003,0.039473684210526314,0.95,0.05,0.0
FILD or FILA ADJUDICATED,3,1899814237,genomic,0.09210526315789473,0.022890150109635094,0.8840415854450943,0.9800770929007973,,,0.2344637327325019,754.3000000000001,6788.7,768.3000000000001,0.1,0.148660910626281,0.030705092003078555,0.8915968647292154,0.9814279368560466,,,0.2344637327325019,754.3000000000001,6788.7,768.3000000000001,0.1,0.0556586527405495,0.01791376948133092,0.8764843530569681,0.9791355129795137,,,0.2344637327325019,754.3000000000001,6788.7,768.3000000000001,0.09210526315789473,0.9,0.1,0.0
FILD or FILA ADJUDICATED,3,1899814237,combined,0.0364671052631579,0.44881889763779526,0.9799870045484081,0.9809348376123054,,,0.7910770890898307,7.543,7535.457,13.086000000000002,0.001,0.07943782375170509,0.6770161300973522,0.9813285356806023,0.981778591321257,,,0.7910770890898307,7.543,7535.457,13.086000000000002,0.001,0.016348361347275218,0.2562997737564812,0.9785989075530712,0.9805251763032845,,,0.7910770890898307,7.543,7535.457,13.086000000000002,0.0364671052631579,0.999,0.001,0.0
FILD or FILA ADJUDICATED,3,1899814237,combined,0.14473684210526316,0.3703703703703704,0.9782046783625731,0.982973785463885,28.951563833570415,0.8595609658176191,0.7345466191926384,37.715,7505.285,59.715,0.005,0.2094228683627548,0.4955548466704622,0.9808147488521738,0.9842623928969838,57.53182030605583,0.908671162362536,0.7345466191926384,37.715,7505.285,59.715,0.005,0.09756513844061371,0.2562997737564812,0.9754465985955008,0.9820185009047704,14.21736910878674,0.7934660088149927,0.7345466191926384,37.715,7505.285,59.715,0.14473684210526316,0.995,0.005,0.0
FILD or FILA ADJUDICATED,3,1899814237,combined,0.2236842105263158,0.30697674418604654,0.974862897985705,0.9844441484947551,22.36938289473684,0.7841573665513727,0.7021128406130014,75.43,7467.57,109.43,0.01,0.2962738793003613,0.39956062103824125,0.9782662918127636,0.9859063618480206,37.07890251061471,0.8458633100043388,0.7021128406130014,75.43,7467.57,109.43,0.01,0.16471679265781417,0.22771557334365497,0.9712396040609174,0.9832405618914621,13.16931160891387,0.7093947461857498,0.7021128406130014,75.43,7467.57,109.43,0.2236842105263158,0.99,0.01,0.0
FILD or FILA ADJUDICATED,3,1899814237,combined,0.3157894736842105,0.24137657986904212,0.9668797920727746,0.9861261929175796,,,0.6495250846039063,150.86,7392.14,198.86,0.02,0.3934507494802998,0.3053902546283137,0.9712797878761528,0.9877177312573122,,,0.6495250846039063,150.86,7392.14,198.86,0.02,0.2472096984918171,0.1871654132549021,0.9621801815548116,0.984704343443666,,,0.6495250846039063,150.86,7392.14,198.86,0.3157894736842105,0.98,0.02,0.0
FILD or FILA ADJUDICATED,3,1899814237,combined,0.4144736842105263,0.1431331168831169,0.9394217024041586,0.9877323445397743,,,0.5343907508028575,377.15000000000003,7165.85,440.1500000000001,0.05,0.49395491032566785,0.17894201212330338,0.9455924039551526,0.9894315685772762,,,0.5343907508028575,377.15000000000003,7165.85,440.1500000000001,0.05,0.33920886908995784,0.11349952045287683,0.9328852232518929,0.9861029134493371,,,0.5343907508028575,377.15000000000003,7165.85,440.1500000000001,0.4144736842105263,0.95,0.05,0.0
FILD or FILA ADJUDICATED,3,1899814237,combined,0.4868421052631579,0.08933963858440702,0.89183885640026,0.9886408317900286,,,0.4167809225229543,754.3000000000001,6788.7,828.3000000000002,0.1,0.5656411819815536,0.11070772016677367,0.8998335120646282,0.9904374251864092,,,0.4167809225229543,754.3000000000001,6788.7,828.3000000000002,0.1,0.4086917071593119,0.07176306438259514,0.8834578454899313,0.9868327994864468,,,0.4167809225229543,754.3000000000001,6788.7,828.3000000000002,0.4868421052631579,0.9,0.1,0.0
FILD or FILA ADJUDICATED,4,999367164,zebra,0.060354729729729724,0.548780487804878,0.9804588588588589,0.9814085723448392,,,1.0,7.542999999999999,7535.457,16.716918918918918,0.001,0.09565186553915365,0.651887299785124,0.9814247208949007,0.9821011438669994,,,1.0,7.542999999999999,7535.457,16.716918918918918,0.001,0.046731918766036946,0.4413077613182808,0.9794231687428462,0.981127170357947,,,1.0,7.542999999999999,7535.457,16.716918918918918,0.060354729729729724,0.999,0.001,0.0
FILD or FILA ADJUDICATED,4,999367164,zebra,0.29605263157894735,0.5440530414340289,0.98119363222872,0.9859437737320328,59.21910784139402,0.7074847949421942,0.9999999708018961,37.715,7505.285,82.71499999999999,0.005,0.37292990042352286,0.6470388350169554,0.9840445173867074,0.9874764800337402,102.44982406007945,0.7760965467354057,0.9999999708018961,37.715,7505.285,82.71499999999999,0.005,0.22922988125989224,0.4371555197498274,0.9780473836388446,0.9846015940157445,33.40379447746053,0.6293614996524732,0.9999999708018961,37.715,7505.285,82.71499999999999,0.29605263157894735,0.995,0.005,0.0
FILD or FILA ADJUDICATED,4,999367164,zebra,0.3026315789473684,0.3788253624170167,0.9764223521767381,0.98600395844325,,,0.999992958630842,75.43,7467.57,121.42999999999999,0.01,0.37978706128398243,0.4675695441320883,0.9799159349136747,0.9875580845028801,,,0.999992958630842,75.43,7467.57,121.42999999999999,0.01,0.235206275829,0.29751258210894765,0.9726319889136815,0.9846331557825309,,,0.999992958630842,75.43,7467.57,121.42999999999999,0.3026315789473684,0.99,0.01,0.0
FILD or FILA ADJUDICATED,4,999367164,zebra,0.34210526315789475,0.2559055118110236,0.9673996101364523,0.9866526786452905,17.10535408388521,0.671321161521985,0.9998912771314271,150.86,7392.14,202.86,0.02,0.420583241190861,0.3204016652713973,0.9718157383296947,0.9882606986244966,24.629796909533624,0.7460554876532504,0.9998912771314271,150.86,7392.14,202.86,0.02,0.27141142849952493,0.20009203506904602,0.9626582404191614,0.9851888057456304,11.592711373552609,0.5894829487633464,0.9998912771314271,150.86,7392.14,202.86,0.34210526315789475,0.98,0.02,0.0
FILD or FILA ADJUDICATED,4,999367164,zebra,0.45394736842105265,0.15370394823715833,0.9402014294996751,0.9885499078886424,9.078955491347733,0.5747922451946551,0.9976736481269277,377.15000000000003,7165.85,446.15000000000003,0.05,0.5332583650033167,0.19013560405429683,0.946368768491995,0.9902443886763632,11.770007607745379,0.6594636826878774,0.9976736481269277,377.15000000000003,7165.85,446.15000000000003,0.05,0.3769067469897125,0.12319155456901995,0.9336298726918881,0.9868853392406476,6.8340276782475105,0.48889164885159153,0.9976736481269277,377.15000000000003,7165.85,446.15000000000003,0.45394736842105265,0.95,0.05,0.0
FILD or FILA ADJUDICATED,4,999367164,zebra,0.5526315789473685,0.10029850746268655,0.8931384015594542,0.9900826927962788,,,0.9827663954647373,754.3000000000001,6788.7,838.3000000000002,0.1,0.6294101335898308,0.1225017579609106,0.9010931456766436,0.9918298528925951,,,0.9827663954647373,754.3000000000001,6788.7,838.3000000000002,0.1,0.47325830984670736,0.08174359496936422,0.8847332351726453,0.9882536744201167,,,0.9827663954647373,754.3000000000001,6788.7,838.3000000000002,0.5526315789473685,0.9,0.1,0.0
FILD or FILA ADJUDICATED,4,999367164,genomic,0.0,0.048427331341722245,0.9792666666666667,0.980227531596177,,,0.2951158294292415,7.543,7535.457,7.543,0.001,0.024649787352889047,0.2153108027376358,0.980246302862848,0.9807150310823073,,,0.2951158294292415,7.543,7535.457,7.543,0.001,0.0,0.03260032043359693,0.9782759769585572,0.980207904466031,,,0.2951158294292415,7.543,7535.457,7.543,0.0,0.999,0.001,0.0
FILD or FILA ADJUDICATED,4,999367164,genomic,0.0,0.04842733134172224,0.9753456790123457,0.9801496221535144,,,0.2897927239580543,37.715,7505.285,37.715,0.005,0.024649787352889047,0.11226290859039287,0.9771649102149418,0.9806553645119755,,,0.2897927239580543,37.715,7505.285,37.715,0.005,0.0,0.03260032043359693,0.9735193859843282,0.9801131239809229,,,0.2897927239580543,37.715,7505.285,37.715,0.0,0.995,0.005,0.0
FILD or FILA ADJUDICATED,4,999367164,genomic,0.013157894736842105,0.048427331341722224,0.9707043534762834,0.9803086798203533,,,0.2846026918094331,75.43,7467.57,77.43,0.01,0.04670108102456133,0.09595917405706511,0.9733362848835903,0.9810030734201429,,,0.2846026918094331,75.43,7467.57,77.43,0.01,0.0036158171874622162,0.03260032043359693,0.968057536446957,0.9800725861921499,,,0.2846026918094331,75.43,7467.57,77.43,0.013157894736842105,0.99,0.01,0.0
FILD or FILA ADJUDICATED,4,999367164,genomic,0.05263157894736842,0.048427331341722224,0.9616816114359975,0.9808920746820992,,,0.27891636134903136,150.86,7392.14,158.86,0.02,0.10041073889314774,0.09276320828172703,0.9654913432225795,0.9818912969082922,,,0.27891636134903136,150.86,7392.14,158.86,0.02,0.026907491896279292,0.03260032043359693,0.9578285330294676,0.9803162169073195,,,0.27891636134903136,150.86,7392.14,158.86,0.05263157894736842,0.98,0.02,0.0
FILD or FILA ADJUDICATED,4,999367164,genomic,0.13815789473684212,0.048427331341722224,0.9339636127355426,0.9820470476556695,,,0.26438040320871853,377.15000000000003,7165.85,398.15000000000003,0.05,0.20198270641797986,0.07747298659978777,0.9398250517791983,0.9834349220130977,,,0.26438040320871853,377.15000000000003,7165.85,398.15000000000003,0.05,0.09217174495582145,0.03260032043359693,0.9280054775899841,0.9810061612982803,,,0.26438040320871853,377.15000000000003,7165.85,398.15000000000003,0.13815789473684212,0.95,0.05,0.0
FILD or FILA ADJUDICATED,4,999367164,genomic,0.23026315789473684,0.044343103752546874,0.8867706302794023,0.9830574741857818,,,0.2466747427842987,754.3000000000001,6788.7,789.3000000000001,0.1,0.30334393672233473,0.061045386523670475,0.8946523319113596,0.9847509084347871,,,0.2466747427842987,754.3000000000001,6788.7,789.3000000000001,0.1,0.17048029066540799,0.03205463067647209,0.8787524347937555,0.9816257942700659,,,0.2466747427842987,754.3000000000001,6788.7,789.3000000000001,0.23026315789473684,0.9,0.1,0.0
FILD or FILA ADJUDICATED,4,999367164,combined,0.04003947368421053,0.5062571103526736,0.9800575698505524,0.9810041968164291,,,0.3855953253095683,7.543,7535.457,13.629000000000001,0.001,0.08408798058731445,0.689959807185987,0.9814203906304416,0.9818689915316163,,,0.3855953253095683,7.543,7535.457,13.629000000000001,0.001,0.018666825109920866,0.36156019515434373,0.9786447043681358,0.9805701951169442,,,0.3855953253095683,7.543,7535.457,13.629000000000001,0.04003947368421053,0.999,0.001,0.0
FILD or FILA ADJUDICATED,4,999367164,combined,0.2218092105263158,0.47183098591549294,0.9797270955165692,0.9844843100797198,44.3610793029872,0.7821011192711388,0.34037145125681434,37.715,7505.285,71.43,0.005,0.29425249029771755,0.5862178267112244,0.98249039570521,0.9859272950892851,80.82353093365042,0.8427027541235216,0.34037145125681434,37.715,7505.285,71.43,0.005,0.16308061836303125,0.3601725416951408,0.97674073153224,0.9833021401531907,23.76055931951383,0.708326245167487,0.34037145125681434,37.715,7505.285,71.43,0.2218092105263158,0.995,0.005,0.0
FILD or FILA ADJUDICATED,4,999367164,combined,0.28289473684210525,0.3630900156672838,0.9760324886289798,0.9856135427422427,28.29069013157895,0.7243487538483019,0.32475821891527606,75.43,7467.57,118.42999999999999,0.01,0.35916337306610735,0.45273764427640584,0.9795085534180129,0.9871496750677411,44.94957073755605,0.7925843893692461,0.32475821891527606,75.43,7467.57,118.42999999999999,0.01,0.21732929775817333,0.2820448709193906,0.9722788634209245,0.9842796040527948,17.37574656319071,0.6459986675758678,0.32475821891527606,75.43,7467.57,118.42999999999999,0.28289473684210525,0.99,0.01,0.0
FILD or FILA ADJUDICATED,4,999367164,combined,0.36092105263157903,0.2658536585365854,0.9677712800519819,0.9870294649569156,18.045884768211923,0.6521212669711988,0.30127336286692247,150.86,7392.14,205.72000000000003,0.02,0.4398295434003942,0.3302319726304742,0.9721959122005004,0.9886462161339629,25.75653990498693,0.7281791873547736,0.30127336286692247,150.86,7392.14,205.72000000000003,0.02,0.28886909481855416,0.21008935129822592,0.9630030832106483,0.9855385675799093,12.338182485408653,0.5699021788325601,0.30127336286692247,150.86,7392.14,205.72000000000003,0.36092105263157903,0.98,0.02,0.0
FILD or FILA ADJUDICATED,4,999367164,combined,0.45394736842105265,0.15465660456857375,0.9402014294996751,0.9885499078886424,9.078955491347733,0.5747922451946551,0.2591772103888029,377.15000000000003,7165.85,446.15000000000003,0.05,0.5332583650033167,0.19114226240786686,0.946368768491995,0.9902443886763632,11.770007607745379,0.6594636826878774,0.2591772103888029,377.15000000000003,7165.85,446.15000000000003,0.05,0.3769067469897125,0.12406716037704317,0.9336298726918881,0.9868853392406476,6.8340276782475105,0.48889164885159153,0.2591772103888029,377.15000000000003,7165.85,446.15000000000003,0.45394736842105265,0.95,0.05,0.0
FILD or FILA ADJUDICATED,4,999367164,combined,0.5723684210526315,0.10341141780653614,0.8935282651072125,0.9905160715685529,,,0.2188060262293982,754.3000000000001,6788.7,841.3000000000001,0.1,0.6482796862240238,0.12582187660194225,0.9014658775805289,0.9922426302082797,,,0.2188060262293982,754.3000000000001,6788.7,841.3000000000001,0.1,0.4928894235012159,0.08460622301005093,0.8851210102571789,0.9886864949781782,,,0.2188060262293982,754.3000000000001,6788.7,841.3000000000001,0.5723684210526315,0.9,0.1,0.0
FILD or FILA ADJUDICATED,5,1716593074,zebra,0.06466287878787878,0.5657894736842105,0.9805439580995137,0.9814919079032685,,,0.9999999953344358,7.543,7535.457,17.371757575757577,0.001,0.10111148362667104,0.6713906818078297,0.9815457881453797,0.9822072679227719,,,0.9999999953344358,7.543,7535.457,17.371757575757577,0.001,0.04967620887848186,0.45385753068359985,0.9794681046173047,0.9811837550189915,,,0.9999999953344358,7.543,7535.457,17.371757575757577,0.06466287878787878,0.999,0.001,0.0
FILD or FILA ADJUDICATED,5,1716593074,zebra,0.28289473684210525,0.5327554012345679,0.9809337231968811,0.9856848016086758,56.587147492887624,0.7207088098009268,0.9999997216652204,37.715,7505.285,80.715,0.005,0.35916337306610735,0.6376195988493584,0.9837725859821165,0.9872050598786102,98.66793823090948,0.788079369545036,0.9999997216652204,37.715,7505.285,80.715,0.005,0.21732929775817333,0.4249134564661298,0.9778123103844897,0.9843675613681663,31.669619843384016,0.6431783317873838,0.9999997216652204,37.715,7505.285,80.715,0.28289473684210525,0.995,0.005,0.0
FILD or FILA ADJUDICATED,5,1716593074,zebra,0.28289473684210525,0.3630900156672838,0.9760324886289798,0.9856135427422427,,,0.9999927261271354,75.43,7467.57,118.42999999999999,0.01,0.35916337306610735,0.45273764427640584,0.9795085534180129,0.9871496750677411,,,0.9999927261271354,75.43,7467.57,118.42999999999999,0.01,0.21732929775817333,0.2820448709193906,0.9722788634209245,0.9842796040527948,,,0.9999927261271354,75.43,7467.57,118.42999999999999,0.28289473684210525,0.99,0.01,0.0
FILD or FILA ADJUDICATED,5,1716593074,zebra,0.3092105263157895,0.23754242936984055,0.9667498375568552,0.9859946592667475,,,0.9998894343493427,150.86,7392.14,197.86,0.02,0.38662724600175197,0.301485014371803,0.9711450026222556,0.9875812752091926,,,0.9998894343493427,150.86,7392.14,197.86,0.02,0.24119964654079779,0.18359699736027998,0.9620614644792359,0.9845841100357942,,,0.9998894343493427,150.86,7392.14,197.86,0.3092105263157895,0.98,0.02,0.0
FILD or FILA ADJUDICATED,5,1716593074,zebra,0.4407894736842105,0.15067945643485212,0.9399415204678363,0.9882772364335002,8.815797361163739,0.5886426607415144,0.9976162450250613,377.15000000000003,7165.85,444.1500000000001,0.05,0.5202115409440079,0.18705961480177918,0.9461110534488483,0.9899744241342164,11.482039844813006,0.6728206252793468,0.9976162450250613,377.15000000000003,7165.85,444.1500000000001,0.05,0.36428646018988675,0.12032812197074734,0.9333805830760891,0.9866232648474474,6.605198160107351,0.5025576320173689,0.9976162450250613,377.15000000000003,7165.85,444.1500000000001,0.4407894736842105,0.95,0.05,0.0
FILD or FILA ADJUDICATED,5,1716593074,zebra,0.5526315789473685,0.1002028212925377,0.8931384015594542,0.9900826927962788,,,0.9824530835259865,754.3000000000001,6788.7,838.3000000000002,0.1,0.6294101335898308,0.12238834226918671,0.9010931456766436,0.9918298528925951,,,0.9824530835259865,754.3000000000001,6788.7,838.3000000000002,0.1,0.47325830984670736,0.08158464352497041,0.8847332351726453,0.9882536744201167,,,0.9824530835259865,754.3000000000001,6788.7,838.3000000000002,0.5526315789473685,0.9,0.1,0.0
FILD or FILA ADJUDICATED,5,1716593074,genomic,0.010151315789473685,0.16666666666666666,0.9794671864847304,0.9804243271578925,,,0.7717827435259845,7.543,7535.457,9.086000000000002,0.001,0.041957407514519034,0.5098375284633582,0.9805881817796209,0.9810507732875176,,,0.7717827435259845,7.543,7535.457,9.086000000000002,0.001,0.0024945558661922827,0.056682151454375246,0.978325252136161,0.980256304745693,,,0.7717827435259845,7.543,7535.457,9.086000000000002,0.010151315789473685,0.999,0.001,0.0
FILD or FILA ADJUDICATED,5,1716593074,genomic,0.019736842105263157,0.06578947368421052,0.975735542560104,0.9805337793774066,3.9479405227596014,0.9851891069755788,0.6283624881615081,37.715,7505.285,40.715,0.005,0.05641580175457883,0.1904887450336099,0.9777923870426295,0.9812735984047852,15.49832544239823,1.0001293354787621,0.6283624881615081,37.715,7505.285,40.715,0.005,0.006734651887011962,0.02538173593556573,0.9736524161450593,0.9802444092783018,0.9813857001301448,0.9470321842122671,0.6283624881615081,37.715,7505.285,40.715,0.019736842105263157,0.995,0.005,0.0
FILD or FILA ADJUDICATED,5,1716593074,genomic,0.02631578947368421,0.05063291139240506,0.9709642625081222,0.9805661295706726,,,0.5614715293728211,75.43,7467.57,79.43,0.01,0.06570377320639395,0.11871569479748861,0.9737118205812778,0.9813747020023617,,,0.5614715293728211,75.43,7467.57,79.43,0.01,0.010280235864764092,0.025381735935565725,0.9681890054082152,0.9802032321402728,,,0.5614715293728211,75.43,7467.57,79.43,0.02631578947368421,0.99,0.01,0.0
FILD or FILA ADJUDICATED,5,1716593074,genomic,0.05263157894736842,0.05063291139240506,0.9616816114359975,0.9808920746820992,,,0.4837916465963379,150.86,7392.14,158.86,0.02,0.10041073889314774,0.09830663781979317,0.9654913432225795,0.9818912969082922,,,0.4837916465963379,150.86,7392.14,158.86,0.02,0.026907491896279292,0.025381735935565725,0.9578285330294676,0.9803162169073195,,,0.4837916465963379,150.86,7392.14,158.86,0.05263157894736842,0.98,0.02,0.0
FILD or FILA ADJUDICATED,5,1716593074,genomic,0.08552631578947369,0.03332054560954816,0.9329239766081872,0.9809715462559592,,,0.35095278427668597,377.15000000000003,7165.85,390.1500000000001,0.05,0.14082381103246616,0.05616711962040438,0.9386169748333116,0.9821880110497961,,,0.35095278427668597,377.15000000000003,7165.85,390.1500000000001,0.05,0.050662196904797105,0.019574327611261367,0.9271855359000873,0.980154921774698,,,0.35095278427668597,377.15000000000003,7165.85,390.1500000000001,0.08552631578947369,0.95,0.05,0.0
FILD or FILA ADJUDICATED,5,1716593074,genomic,0.125,0.024263805889552886,0.8846913580246913,0.9807850671680364,,,0.2473168106125414,754.3000000000001,6788.7,773.3000000000001,0.1,0.18698374924427225,0.037432580911138325,0.8923538590722868,0.9822491140757109,,,0.2473168106125414,754.3000000000001,6788.7,773.3000000000001,0.1,0.08150359127039453,0.017822820181134996,0.8769948703612614,0.9796949421080304,,,0.2473168106125414,754.3000000000001,6788.7,773.3000000000001,0.125,0.9,0.1,0.0
FILD or FILA ADJUDICATED,5,1716593074,combined,0.08251973684210527,0.6,0.9808966861598442,0.9818295113553165,,,0.7885574172111144,7.543,7535.457,20.086000000000002,0.001,0.13721022314707287,0.7998087350234276,0.9824697188785356,0.9829025732204139,,,0.7885574172111144,7.543,7535.457,20.086000000000002,0.001,0.04841084995887817,0.4029219205158,0.9792322406614485,0.9811479999190192,,,0.7885574172111144,7.543,7535.457,20.086000000000002,0.08251973684210527,0.999,0.001,0.0
FILD or FILA ADJUDICATED,5,1716593074,combined,0.125,0.3350297619047619,0.9778148148148148,0.9825877143279544,,,0.7195026445368672,37.715,7505.285,56.715,0.005,0.18698374924427225,0.46483560113251055,0.9803715069930432,0.9838229350762349,,,0.7195026445368672,37.715,7505.285,56.715,0.005,0.08150359127039453,0.22615263478186465,0.9751293334662126,0.9817043212113223,,,0.7195026445368672,37.715,7505.285,56.715,0.125,0.995,0.005,0.0
FILD or FILA ADJUDICATED,5,1716593074,combined,0.23026315789473684,0.30324357405140756,0.9749928525016245,0.9845739441394157,23.02730592105263,0.7775119651399205,0.6462704429561822,75.43,7467.57,110.43,0.01,0.30334393672233473,0.40050444587644574,0.9784059472680124,0.9860459792502921,37.96372560238661,0.8400268087326097,0.6462704429561822,75.43,7467.57,110.43,0.01,0.17048029066540799,0.22020841224209176,0.9713534509351415,0.9833542779667674,13.630110413909037,0.7022677383302035,0.6462704429561822,75.43,7467.57,110.43,0.23026315789473684,0.99,0.01,0.0
FILD or FILA ADJUDICATED,5,1716593074,combined,0.29513157894736847,0.22856130403968813,0.9664717348927876,0.9857132993015697,14.756393598233997,0.7192533831233974,0.5592322159225115,150.86,7392.14,195.72000000000003,0.02,0.3719674772619455,0.29202323184393153,0.9708554269434445,0.9872882417426008,21.782457782425226,0.7901024477152604,0.5592322159225115,150.86,7392.14,195.72000000000003,0.02,0.22839560666133035,0.17595294769509517,0.9618085451729748,0.9843280619272059,9.755202383600897,0.6389432081578482,0.5592322159225115,150.86,7392.14,195.72000000000003,0.29513157894736847,0.98,0.02,0.0
FILD or FILA ADJUDICATED,5,1716593074,combined,0.3881578947368421,0.13527465202695607,0.9389018843404808,0.987188053173015,,,0.4272655636788201,377.15000000000003,7165.85,436.15000000000003,0.05,0.4674765939081062,0.17057478142018415,0.945069375482707,0.9888847322497687,,,0.4272655636788201,377.15000000000003,7165.85,436.15000000000003,0.05,0.31435296378925043,0.10634318254355848,0.9323942424064469,0.985587703289084,,,0.4272655636788201,377.15000000000003,7165.85,436.15000000000003,0.3881578947368421,0.95,0.05,0.0
FILD or FILA ADJUDICATED,5,1716593074,combined,0.48026315789473684,0.08798189542224162,0.8917089018843405,0.9884968766323861,,,0.32568789332771403,754.3000000000001,6788.7,827.3000000000001,0.1,0.5591912462548873,0.10944001334652542,0.8997061059268175,0.9902968052270248,,,0.32568789332771403,754.3000000000001,6788.7,827.3000000000001,0.1,0.4023080874564109,0.07039524774920557,0.8833317492982692,0.9866925412638559,,,0.32568789332771403,754.3000000000001,6788.7,827.3000000000001,0.48026315789473684,0.9,0.1,0.0
FILD or FILA ADJUDICATED,6,1452511707,zebra,0.0627610294117647,0.5584415584415584,0.98050639070443,0.9814548737910613,,,0.9999999953344358,7.542999999999999,7535.457,17.082676470588236,0.001,0.09886261020685391,0.6639466536654247,0.9814978689612317,0.9821633446740222,,,0.9999999953344358,7.542999999999999,7535.457,17.082676470588236,0.001,0.04821514391146769,0.4473823615613035,0.9794427410678858,0.9811553804993403,,,0.9999999953344358,7.542999999999999,7535.457,17.082676470588236,0.0627610294117647,0.999,0.001,0.0
FILD or FILA ADJUDICATED,6,1452511707,zebra,0.28289473684210525,0.5327554012345679,0.9809337231968811,0.9856848016086758,56.587147492887624,0.7207088098009268,0.9999998174224998,37.715,7505.285,80.715,0.005,0.35916337306610735,0.6376195988493584,0.9837725859821165,0.9872050598786102,98.66793823090948,0.788079369545036,0.9999998174224998,37.715,7505.285,80.715,0.005,0.21732929775817333,0.4249134564661298,0.9778123103844897,0.9843675613681663,31.669619843384016,0.6431783317873838,0.9999998174224998,37.715,7505.285,80.715,0.28289473684210525,0.995,0.005,0.0
FILD or FILA ADJUDICATED,6,1452511707,zebra,0.29605263157894735,0.3736673553719008,0.9762923976608188,0.985873785514279,29.606536184210523,0.7110579510253973,0.9999886001916524,75.43,7467.57,120.42999999999999,0.01,0.37292990042352286,0.4627186952831847,0.9797804848226038,0.9874222551366796,46.67246216153417,0.7805330672987628,0.9999886001916524,75.43,7467.57,120.42999999999999,0.01,0.22922988125989224,0.2924261095152812,0.9725139366752794,0.9845149327913687,18.32721295549483,0.6321212486577468,0.9999886001916524,75.43,7467.57,120.42999999999999,0.29605263157894735,0.99,0.01,0.0
FILD or FILA ADJUDICATED,6,1452511707,zebra,0.34868421052631576,0.2599830966869506,0.9675295646523717,0.9867843879286217,17.434303200883,0.6646079499067652,0.999850638249699,150.86,7392.14,203.86,0.02,0.4273271684082069,0.3242387740914463,0.9719489517068275,0.9883957487347464,25.024728379616924,0.7398198689197045,0.999850638249699,150.86,7392.14,203.86,0.02,0.27750105671174624,0.20458473539420988,0.9627785293715015,0.9853107810011504,11.852815756875025,0.5826218595009353,0.999850638249699,150.86,7392.14,203.86,0.34868421052631576,0.98,0.02,0.0
FILD or FILA ADJUDICATED,6,1452511707,zebra,0.4473684210526316,0.15275759560638885,0.9400714749837558,0.9884135533557541,,,0.9969122398491255,377.15000000000003,7165.85,445.1500000000001,0.05,0.5267416901532926,0.18913712788055284,0.9462400440505131,0.9901095274086291,,,0.9969122398491255,377.15000000000003,7165.85,445.1500000000001,0.05,0.3705898664101692,0.12231990405208903,0.9335050948038972,0.986754144737749,,,0.9969122398491255,377.15000000000003,7165.85,445.1500000000001,0.4473684210526316,0.95,0.05,0.0
FILD or FILA ADJUDICATED,6,1452511707,zebra,0.5526315789473685,0.1002028212925377,0.8931384015594542,0.9900826927962788,,,0.9794153220851248,754.3000000000001,6788.7,838.3000000000002,0.1,0.6294101335898308,0.12238834226918671,0.9010931456766436,0.9918298528925951,,,0.9794153220851248,754.3000000000001,6788.7,838.3000000000002,0.1,0.47325830984670736,0.0816646797975729,0.8847332351726453,0.9882536744201167,,,0.9794153220851248,754.3000000000001,6788.7,838.3000000000002,0.5526315789473685,0.9,0.1,0.0
FILD or FILA ADJUDICATED,6,1452511707,genomic,0.013157894736842105,0.20481927710843376,0.9795265756985055,0.9804826179327817,,,0.6536913093438392,7.543,7535.457,9.543000000000001,0.001,0.04670108102456133,0.5098375284633583,0.980681883972412,0.9811428152046272,,,0.6536913093438392,7.543,7535.457,9.543000000000001,0.001,0.0036158171874622162,0.06844970439650448,0.9783474005079391,0.9802780576723298,,,0.6536913093438392,7.543,7535.457,9.543000000000001,0.013157894736842105,0.999,0.001,0.0
FILD or FILA ADJUDICATED,6,1452511707,genomic,0.019736842105263157,0.0736920731707317,0.975735542560104,0.9805337793774066,,,0.6236335011673888,37.715,7505.285,40.715,0.005,0.05641580175457883,0.1955193225889762,0.9777923870426295,0.9812735984047852,,,0.6236335011673888,37.715,7505.285,40.715,0.005,0.006734651887011962,0.02886828075716676,0.9736524161450593,0.9802444092783018,,,0.6236335011673888,37.715,7505.285,40.715,0.019736842105263157,0.995,0.005,0.0
FILD or FILA ADJUDICATED,6,1452511707,genomic,0.02631578947368421,0.05036075949367088,0.9709642625081222,0.9805661295706726,,,0.6027593109043369,75.43,7467.57,79.43,0.01,0.06570377320639395,0.12245177615148409,0.9737118205812778,0.9813747020023617,,,0.6027593109043369,75.43,7467.57,79.43,0.01,0.010280235864764092,0.02886828075716676,0.9681890054082152,0.9802032321402728,,,0.6027593109043369,75.43,7467.57,79.43,0.02631578947368421,0.99,0.01,0.0
FILD or FILA ADJUDICATED,6,1452511707,genomic,0.046052631578947366,0.04804804804804804,0.961551656920078,0.9807619335308507,,,0.5758432366094796,150.86,7392.14,157.86,0.02,0.09200033996577209,0.09004182098020179,0.9653252118857424,0.9817250898082311,,,0.5758432366094796,150.86,7392.14,157.86,0.02,0.0224843353940877,0.028868280757166746,0.9577411620368317,0.9802285139820164,,,0.5758432366094796,150.86,7392.14,157.86,0.046052631578947366,0.98,0.02,0.0
FILD or FILA ADJUDICATED,6,1452511707,genomic,0.13815789473684212,0.04736842105263159,0.9339636127355426,0.9820470476556695,2.763160366931919,0.907202218319275,0.5298979497444232,377.15000000000003,7165.85,398.15000000000003,0.05,0.20198270641797986,0.07495155947574365,0.9398250517791983,0.9834349220130977,4.4581353940089405,0.9608188845364678,0.5298979497444232,377.15000000000003,7165.85,398.15000000000003,0.05,0.09217174495582145,0.028868280757166746,0.9280054775899841,0.9810061612982803,1.671246962839981,0.8358885542194469,0.5298979497444232,377.15000000000003,7165.85,398.15000000000003,0.13815789473684212,0.95,0.05,0.0
FILD or FILA ADJUDICATED,6,1452511707,genomic,0.19078947368421054,0.037022864701436134,0.8859909031838856,0.9822040886408946,,,0.4851508542942571,754.3000000000001,6788.7,783.3000000000001,0.1,0.260570491926481,0.052665037518575535,0.8938074243598366,0.9838297809447898,,,0.4851508542942571,754.3000000000001,6788.7,783.3000000000001,0.1,0.13625240288385826,0.02589959540370979,0.878076328368441,0.9808821267979717,,,0.4851508542942571,754.3000000000001,6788.7,783.3000000000001,0.19078947368421054,0.9,0.1,0.0
FILD or FILA ADJUDICATED,6,1452511707,combined,0.08552631578947369,0.6331928571428571,0.9809560753736193,0.9818879693266065,,,0.5493938188135489,7.543,7535.457,20.543000000000003,0.001,0.14082381103246616,0.8045173446545003,0.9825410983923212,0.9829729532109002,,,0.5493938188135489,7.543,7535.457,20.543000000000003,0.001,0.050662196904797105,0.4197854944440315,0.9792767117122322,0.9811917562733413,,,0.5493938188135489,7.543,7535.457,20.543000000000003,0.08552631578947369,0.999,0.001,0.0
FILD or FILA ADJUDICATED,6,1452511707,combined,0.21052631578947367,0.4573468922876668,0.9795042235217674,0.9842628832338032,42.111365576102415,0.793440891523956,0.45927484460192963,37.715,7505.285,69.715,0.005,0.2820654483248809,0.5745853195962287,0.9822496640119195,0.985687754555636,77.48790193946257,0.8525933202059914,0.45927484460192963,37.715,7505.285,69.715,0.005,0.15325811277416007,0.3412385155589116,0.9765467067304845,0.9831094696863056,22.333050442526403,0.7205579829109247,0.45927484460192963,37.715,7505.285,69.715,0.21052631578947367,0.995,0.005,0.0
FILD or FILA ADJUDICATED,6,1452511707,combined,0.27631578947368424,0.35766623207301174,0.9759025341130604,0.9854834728719691,27.63276710526316,0.7309941552597542,0.40942370470077305,75.43,7467.57,117.43,0.01,0.3522533149537639,0.44760173529518554,0.9793720584429543,0.9870129112180621,44.08477168171181,0.798582916579546,0.40942370470077305,75.43,7467.57,117.43,0.01,0.21140580044094956,0.276747769189794,0.9721618560665102,0.9841625114614925,16.902155615198293,0.6529643873019754,0.40942370470077305,75.43,7467.57,117.43,0.27631578947368424,0.99,0.01,0.0
FILD or FILA ADJUDICATED,6,1452511707,combined,0.32894736842105265,0.24893034825870647,0.9671397011046134,0.9863893655284468,,,0.3693565454111545,150.86,7392.14,200.86,0.02,0.4070488033613299,0.3130625048521596,0.9715483914096052,0.9879897768746447,,,0.3693565454111545,150.86,7392.14,200.86,0.02,0.2592787554699216,0.19422141409561317,0.962418582680305,0.9849458782997564,,,0.3693565454111545,150.86,7392.14,200.86,0.32894736842105265,0.98,0.02,0.0
FILD or FILA ADJUDICATED,6,1452511707,combined,0.42105263157894735,0.14507546608386943,0.939551656920078,0.9878685111749962,,,0.28961789536099286,377.15000000000003,7165.85,441.15000000000003,0.05,0.5005396210214392,0.1810040484150372,0.9457224723145753,0.9895676514620504,,,0.28961789536099286,377.15000000000003,7165.85,441.15000000000003,0.05,0.3454577138237537,0.11527476989593277,0.9330086572219433,0.9862325234793485,,,0.28961789536099286,377.15000000000003,7165.85,441.15000000000003,0.42105263157894735,0.95,0.05,0.0
FILD or FILA ADJUDICATED,6,1452511707,combined,0.5,0.09153320864686179,0.8920987654320988,0.9889288679274113,,,0.21584556915841885,754.3000000000001,6788.7,830.3000000000002,0.1,0.5785012537366268,0.11307367794722797,0.9000875381733704,0.9907179166264529,,,0.21584556915841885,754.3000000000001,6788.7,830.3000000000002,0.1,0.4214987462633732,0.07375495187975639,0.8837108240401351,0.9871143106766909,,,0.21584556915841885,754.3000000000001,6788.7,830.3000000000002,0.5,0.9,0.1,0.0
FILD or FILA ADJUDICATED,7,2065650435,zebra,0.07523790322580645,0.6025641025641024,0.9807528474711271,0.981699094790327,,,0.9999999953344358,7.543,7535.457,18.97916129032258,0.001,0.11272707672670754,0.7038813535561761,0.9817826627468079,0.9824353059738171,,,0.9999999953344358,7.543,7535.457,18.97916129032258,0.001,0.05868932044700767,0.49161858291311733,0.9796387106019222,0.9813601330187132,,,0.9999999953344358,7.543,7535.457,18.97916129032258,0.07523790322580645,0.999,0.001,0.0
FILD or FILA ADJUDICATED,7,2065650435,zebra,0.3092105263157895,0.5548172268907563,0.9814535412605588,0.9862028819723027,61.851068189900424,0.6942607800834616,0.9999993629862983,37.715,7505.285,84.715,0.005,0.38662724600175197,0.655974938258373,0.9843150822376354,0.9877466843692169,106.21270454508753,0.7640440640640108,0.9999993629862983,37.715,7505.285,84.715,0.005,0.24119964654079779,0.44890227717729936,0.9782838234468625,0.9848370994488953,35.14805040600369,0.6156141020964508,0.9999993629862983,37.715,7505.285,84.715,0.3092105263157895,0.995,0.005,0.0
FILD or FILA ADJUDICATED,7,2065650435,zebra,0.3092105263157895,0.3838991070238571,0.9765523066926576,0.9861341657523401,,,0.9999897441950651,75.43,7467.57,122.43,0.01,0.38662724600175197,0.4723308819885132,0.9800510496735318,0.9876936148346097,,,0.9999897441950651,75.43,7467.57,122.43,0.01,0.24119964654079779,0.3025311661699565,0.9727503764832973,0.9847517431074803,,,0.9999897441950651,75.43,7467.57,122.43,0.3092105263157895,0.99,0.01,0.0
FILD or FILA ADJUDICATED,7,2065650435,zebra,0.34868421052631576,0.2599830966869506,0.9675295646523717,0.9867843879286217,17.434303200883,0.6646079499067652,0.9998855977194467,150.86,7392.14,203.86,0.02,0.4273271684082069,0.3242387740914463,0.9719489517068275,0.9883957487347464,25.024728379616924,0.7398198689197045,0.9998855977194467,150.86,7392.14,203.86,0.02,0.27750105671174624,0.20460568887159583,0.9627785293715015,0.9853107810011504,11.852815756875025,0.5826218595009353,0.9998855977194467,150.86,7392.14,203.86,0.34868421052631576,0.98,0.02,0.0
FILD or FILA ADJUDICATED,7,2065650435,zebra,0.4605263157894737,0.15654711968680085,0.9403313840155946,0.9886863000477324,,,0.997993477685113,377.15000000000003,7165.85,447.15000000000003,0.05,0.5397616170917438,0.19313638533902688,0.9464972277925072,0.9903790087927942,,,0.997993477685113,377.15000000000003,7165.85,447.15000000000003,0.05,0.38323705033085265,0.12580878764989128,0.9337549157208489,0.9870168475212314,,,0.997993477685113,377.15000000000003,7165.85,447.15000000000003,0.4605263157894737,0.95,0.05,0.0
FILD or FILA ADJUDICATED,7,2065650435,zebra,0.5526315789473685,0.1002028212925377,0.8931384015594542,0.9900826927962788,,,0.9837728325489052,754.3000000000001,6788.7,838.3000000000002,0.1,0.6294101335898308,0.12238834226918671,0.9010931456766436,0.9918298528925951,,,0.9837728325489052,754.3000000000001,6788.7,838.3000000000002,0.1,0.47325830984670736,0.0816646797975729,0.8847332351726453,0.9882536744201167,,,0.9837728325489052,754.3000000000001,6788.7,838.3000000000002,0.5526315789473685,0.9,0.1,0.0
FILD or FILA ADJUDICATED,7,2065650435,genomic,0.0,0.04210526315789473,0.9792666666666667,0.980227531596177,,,0.3917357277909938,7.543,7535.457,7.543,0.001,0.024649787352889047,0.27753279986288926,0.980246302862848,0.9807150310823073,,,0.3917357277909938,7.543,7535.457,7.543,0.001,0.0,0.018324170455974453,0.9782759769585572,0.980207904466031,,,0.3917357277909938,7.543,7535.457,7.543,0.0,0.999,0.001,0.0
FILD or FILA ADJUDICATED,7,2065650435,genomic,0.013157894736842105,0.04210526315789473,0.9756055880441845,0.9804056935148008,,,0.13127704675719248,37.715,7505.285,39.715,0.005,0.04670108102456133,0.15397524590443182,0.9776004913245058,0.9810844466456652,,,0.13127704675719248,37.715,7505.285,39.715,0.005,0.0036158171874622162,0.018324170455974453,0.9735908095337101,0.9801836063455068,,,0.13127704675719248,37.715,7505.285,39.715,0.013157894736842105,0.995,0.005,0.0
FILD or FILA ADJUDICATED,7,2065650435,genomic,0.019736842105263157,0.04210526315789473,0.9708343079922027,0.9804373884006143,,,0.06854303404719085,75.43,7467.57,78.42999999999999,0.01,0.05641580175457883,0.11048264124225592,0.9735283544785259,0.9811930275079276,,,0.06854303404719085,75.43,7467.57,78.42999999999999,0.01,0.006734651887011962,0.018324170455974453,0.9681189691814941,0.98013372088125,,,0.06854303404719085,75.43,7467.57,78.42999999999999,0.019736842105263157,0.99,0.01,0.0
FILD or FILA ADJUDICATED,7,2065650435,genomic,0.039473684210526314,0.039099185433636795,0.9614217024041586,0.9806318269083195,,,0.031579901562951505,150.86,7392.14,156.86,0.02,0.08343651522247675,0.0834686503365528,0.9651560499155044,0.9815559085003256,,,0.031579901562951505,150.86,7392.14,156.86,0.02,0.018214604707815794,0.018324170455974453,0.9576568216775967,0.9801438680880084,,,0.031579901562951505,150.86,7392.14,156.86,0.039473684210526314,0.98,0.02,0.0
FILD or FILA ADJUDICATED,7,2065650435,genomic,0.08552631578947369,0.031199202978344064,0.9329239766081872,0.9809715462559592,,,0.009674440500774378,377.15000000000003,7165.85,390.1500000000001,0.05,0.14082381103246616,0.05375567432878117,0.9386169748333116,0.9821880110497961,,,0.009674440500774378,377.15000000000003,7165.85,390.1500000000001,0.05,0.050662196904797105,0.018324170455974453,0.9271855359000873,0.980154921774698,,,0.009674440500774378,377.15000000000003,7165.85,390.1500000000001,0.08552631578947369,0.95,0.05,0.0
FILD or FILA ADJUDICATED,7,2065650435,genomic,0.13157894736842105,0.026383526383526385,0.8848213125406108,0.9809267847791717,,,0.003108007996085033,754.3000000000001,6788.7,774.3000000000001,0.1,0.1945037807028201,0.04019327649569405,0.8925024029035667,0.9824104137243385,,,0.003108007996085033,754.3000000000001,6788.7,774.3000000000001,0.1,0.08681711524141389,0.018324170455974453,0.8770998288594544,0.9798100357404911,,,0.003108007996085033,754.3000000000001,6788.7,774.3000000000001,0.13157894736842105,0.9,0.1,0.0
FILD or FILA ADJUDICATED,7,2065650435,combined,0.10225657894736842,0.7088235294117647,0.9812865497076024,0.9822134427455934,,,0.9561410420271363,7.543,7535.457,23.086,0.001,0.1606232271545447,0.8334865499768792,0.9829321979700413,0.9833588147462274,,,0.9561410420271363,7.543,7535.457,23.086,0.001,0.06349851224010811,0.5516700672014232,0.9795302685583618,0.9814413558837572,,,0.9561410420271363,7.543,7535.457,23.086,0.10225657894736842,0.999,0.001,0.0
FILD or FILA ADJUDICATED,7,2065650435,combined,0.3092105263157895,0.5548172268907563,0.9814535412605588,0.9862028819723027,,,0.8332544552088017,37.715,7505.285,84.715,0.005,0.38662724600175197,0.655974938258373,0.9843150822376354,0.9877466843692169,,,0.8332544552088017,37.715,7505.285,84.715,0.005,0.24119964654079779,0.44890227717729936,0.9782838234468625,0.9848370994488953,,,0.8332544552088017,37.715,7505.285,84.715,0.3092105263157895,0.995,0.005,0.0
FILD or FILA ADJUDICATED,7,2065650435,combined,0.33835526315789477,0.4055118110236221,0.9771280051981807,0.9867114063762584,33.83484736842105,0.668327801830823,0.7543381531019855,75.43,7467.57,126.86000000000001,0.01,0.41673039268392503,0.4924605581104006,0.9806456797314513,0.9882905244381701,52.15107487106762,0.7413231364494796,0.7543381531019855,75.43,7467.57,126.86000000000001,0.01,0.26794915041160755,0.32411166747281583,0.973278761744943,0.9852813762189123,21.42146864895692,0.5879677380297695,0.7543381531019855,75.43,7467.57,126.86000000000001,0.33835526315789477,0.99,0.01,0.0
FILD or FILA ADJUDICATED,7,2065650435,combined,0.3684210526315789,0.2696078431372549,0.96791942820013,0.9871797268472392,18.421150551876377,0.6444683150611055,0.6820181476228119,150.86,7392.14,206.86,0.02,0.447468167185745,0.33434358054120444,0.9723467985962604,0.9887993009147081,26.204206449264525,0.7210200534491102,0.6820181476228119,150.86,7392.14,206.86,0.02,0.2958607242229099,0.21338924992276195,0.9631411894704874,0.9856787080158973,12.63700648733899,0.5621309517563544,0.6820181476228119,150.86,7392.14,206.86,0.3684210526315789,0.98,0.02,0.0
FILD or FILA ADJUDICATED,7,2065650435,combined,0.4473684210526316,0.15202702702702703,0.9400714749837558,0.9884135533557541,8.947376426255737,0.5817174529680846,0.5490589070167057,377.15000000000003,7165.85,445.1500000000001,0.05,0.5267416901532926,0.18839881297660124,0.9462400440505131,0.9901095274086291,11.626172428410671,0.6661492844175696,0.5490589070167057,377.15000000000003,7165.85,445.1500000000001,0.05,0.3705898664101692,0.12162489484816984,0.9335050948038972,0.986754144737749,6.719490761448934,0.4957175835305936,0.5490589070167057,377.15000000000003,7165.85,445.1500000000001,0.4473684210526316,0.95,0.05,0.0
FILD or FILA ADJUDICATED,7,2065650435,combined,0.534868421052632,0.09748803827751196,0.8927875243664718,0.9896929848054707,,,0.4152047652254452,754.3000000000001,6788.7,835.6000000000001,0.1,0.6123223725137338,0.11947430843797627,0.9007556096553873,0.9914563571558267,,,0.4152047652254452,754.3000000000001,6788.7,835.6000000000001,0.1,0.45569547126297344,0.07918397614171031,0.8843863149043247,0.9878667843959764,,,0.4152047652254452,754.3000000000001,6788.7,835.6000000000001,0.534868421052632,0.9,0.1,0.0
FILD or FILA ADJUDICATED,8,901254218,zebra,0.0794,0.6153846153846153,0.9808350617283951,0.9817805103269652,,,0.9999999953344358,7.543,7535.457,19.6118,0.001,0.11737864259712437,0.7155095724433158,0.9818785007131157,0.9825264987782174,,,0.9999999953344358,7.543,7535.457,19.6118,0.001,0.06215675852412588,0.5044278560846391,0.9797032480222325,0.9814278632750977,,,0.9999999953344358,7.543,7535.457,19.6118,0.0794,0.999,0.001,0.0
FILD or FILA ADJUDICATED,8,901254218,zebra,0.3157894736842105,0.5600109439124487,0.9815834957764783,0.9863324871698205,,,0.9999994066912029,37.715,7505.285,85.715,0.005,0.3934507494802998,0.6602734550661169,0.9844498674915326,0.9878813452161436,,,0.9999994066912029,37.715,7505.285,85.715,0.005,0.2472096984918171,0.4545987622209533,0.9784025405224381,0.9849553898621908,,,0.9999994066912029,37.715,7505.285,85.715,0.3157894736842105,0.995,0.005,0.0
FILD or FILA ADJUDICATED,8,901254218,zebra,0.3186184210526316,0.3911290322580645,0.9767381416504224,0.9863204303416397,,,0.9999905042918659,75.43,7467.57,123.86,0.01,0.39637780210409224,0.4790559925865216,0.980243653250862,0.9878868834767339,,,0.9999905042918659,75.43,7467.57,123.86,0.01,0.24980107470273866,0.3097453159515759,0.9729202812371135,0.9849219922320436,,,0.9999905042918659,75.43,7467.57,123.86,0.3186184210526316,0.99,0.01,0.0
FILD or FILA ADJUDICATED,8,901254218,zebra,0.34868421052631576,0.2599830966869506,0.9675295646523717,0.9867843879286217,17.434303200883,0.6646079499067652,0.999894248564352,150.86,7392.14,203.86,0.02,0.4273271684082069,0.3242387740914463,0.9719489517068275,0.9883957487347464,25.024728379616924,0.7398198689197045,0.999894248564352,150.86,7392.14,203.86,0.02,0.27750105671174624,0.20460568887159583,0.9627785293715015,0.9853107810011504,11.852815756875025,0.5826218595009353,0.999894248564352,150.86,7392.14,203.86,0.34868421052631576,0.98,0.02,0.0
FILD or FILA ADJUDICATED,8,901254218,zebra,0.45493421052631605,0.15548098434004473,0.940220922677063,0.9885703690842775,,,0.9978573859297634,377.15000000000003,7165.85,446.30000000000007,0.05,0.534233852816581,0.1919935905170039,0.9463880373870719,0.9902645839214927,,,0.9978573859297634,377.15000000000003,7165.85,446.30000000000007,0.05,0.3778562924908837,0.12485883557037783,0.9336486291462323,0.9869050678795646,,,0.9978573859297634,377.15000000000003,7165.85,446.30000000000007,0.45493421052631605,0.95,0.05,0.0
FILD or FILA ADJUDICATED,8,901254218,zebra,0.5657894736842105,0.10234443123265952,0.893398310591293,0.9903715698287318,5.65789682400267,0.4824561425493925,0.9823095888506527,754.3000000000001,6788.7,840.3000000000002,0.1,0.6420034127929235,0.12468087860133241,0.9013419018090503,0.9921052966518953,6.871336899785739,0.5751999174389425,0.9823095888506527,754.3000000000001,6788.7,840.3000000000002,0.1,0.486332141502749,0.08362722992746782,0.8849914836991845,0.9885418799456382,4.5462206123301145,0.39489221051928014,0.9823095888506527,754.3000000000001,6788.7,840.3000000000002,0.5657894736842105,0.9,0.1,0.0
FILD or FILA ADJUDICATED,8,901254218,genomic,0.0,0.10966340933767643,0.9792666666666667,0.980227531596177,,,0.4948718146827982,7.543,7535.457,7.543,0.001,0.024649787352889047,0.29865282859127673,0.980246302862848,0.9807150310823073,,,0.4948718146827982,7.543,7535.457,7.543,0.001,0.0,0.04600151463184521,0.9782759769585572,0.980207904466031,,,0.4948718146827982,7.543,7535.457,7.543,0.0,0.999,0.001,0.0
FILD or FILA ADJUDICATED,8,901254218,genomic,0.03289473684210526,0.10966340933767643,0.9759954515919429,0.9807900515321216,,,0.44569885479082355,37.715,7505.285,42.715,0.005,0.07468664329518646,0.24627711918881479,0.9781532925545428,0.9816295409027395,,,0.44569885479082355,37.715,7505.285,42.715,0.005,0.01413092120553882,0.04600151463184521,0.9737985152920919,0.980388632674893,,,0.44569885479082355,37.715,7505.285,42.715,0.03289473684210526,0.995,0.005,0.0
FILD or FILA ADJUDICATED,8,901254218,genomic,0.03289473684210526,0.0621682098765432,0.9710942170240416,0.9806949045551608,,,0.42514296362636284,75.43,7467.57,80.43,0.01,0.07468664329518646,0.13740961281188532,0.9738892599904392,0.981550472665213,,,0.42514296362636284,75.43,7467.57,80.43,0.01,0.01413092120553882,0.026844524334102466,0.9682650683285268,0.9802787360883414,,,0.42514296362636284,75.43,7467.57,80.43,0.03289473684210526,0.99,0.01,0.0
FILD or FILA ADJUDICATED,8,901254218,genomic,0.05263157894736842,0.04803001876172607,0.9616816114359975,0.9808920746820992,,,0.39722329797866285,150.86,7392.14,158.86,0.02,0.10041073889314774,0.09621499794688244,0.9654913432225795,0.9818912969082922,,,0.39722329797866285,150.86,7392.14,158.86,0.02,0.026907491896279292,0.0230086254165499,0.9578285330294676,0.9803162169073195,,,0.39722329797866285,150.86,7392.14,158.86,0.05263157894736842,0.98,0.02,0.0
FILD or FILA ADJUDICATED,8,901254218,genomic,0.06578947368421052,0.02582980367084898,0.9325341130604289,0.9805688403102079,,,0.3504449690410977,377.15000000000003,7165.85,387.15000000000003,0.05,0.11686053432719501,0.04688740119904942,0.9381436261576519,0.9817003081763404,,,0.3504449690410977,377.15000000000003,7165.85,387.15000000000003,0.05,0.036124807321366526,0.018922795603598493,0.9268983775873282,0.9798571515724362,,,0.3504449690410977,377.15000000000003,7165.85,387.15000000000003,0.06578947368421052,0.95,0.05,0.0
FILD or FILA ADJUDICATED,8,901254218,genomic,0.11842105263157894,0.02564747380159028,0.884561403508772,0.9806433904997738,,,0.3090504264357005,754.3000000000001,6788.7,772.3000000000001,0.1,0.17941997512450975,0.03623173910498106,0.8922044511884397,0.9820869295972762,,,0.3090504264357005,754.3000000000001,6788.7,772.3000000000001,0.1,0.07623380996058976,0.018922795603598493,0.8768907759156357,0.9795808226667855,,,0.3090504264357005,754.3000000000001,6788.7,772.3000000000001,0.11842105263157894,0.9,0.1,0.0
FILD or FILA ADJUDICATED,8,901254218,combined,0.046052631578947366,0.48189999999999994,0.9801763482781027,0.9811209149911307,,,0.7642793509431668,7.543,7535.457,14.543000000000001,0.001,0.09200033996577209,0.7139924432540135,0.9815766841490284,0.9820227701000667,,,0.7642793509431668,7.543,7535.457,14.543000000000001,0.001,0.0224843353940877,0.2571881322434843,0.9787201119786872,0.9806443030604882,,,0.7642793509431668,7.543,7535.457,14.543000000000001,0.046052631578947366,0.999,0.001,0.0
FILD or FILA ADJUDICATED,8,901254218,combined,0.10526315789473684,0.29591836734693877,0.9774249512670565,0.9822019463382657,21.055682788051207,0.8992330103938169,0.7072898756829787,37.715,7505.285,53.714999999999996,0.005,0.16414883536203786,0.42954555210435796,0.9799204469657399,0.9833761285153622,45.09431741302924,0.9406177143110669,0.7072898756829787,37.715,7505.285,53.714999999999996,0.005,0.06583783886392716,0.18926487366973377,0.9748198865050971,0.9813980772559315,9.594009411702212,0.8389054793365365,0.7072898756829787,37.715,7505.285,53.714999999999996,0.10526315789473684,0.995,0.005,0.0
FILD or FILA ADJUDICATED,8,901254218,combined,0.17105263157894737,0.25571616294349536,0.9738232618583496,0.9834070140216543,,,0.6624984573364516,75.43,7467.57,101.43,0.01,0.2388346451563104,0.34910933200876304,0.9771316896568317,0.9847735325982844,,,0.6624984573364516,75.43,7467.57,101.43,0.01,0.11948758336532714,0.18926487366973377,0.9703461875810658,0.9823490840691292,,,0.6624984573364516,75.43,7467.57,101.43,0.17105263157894737,0.99,0.01,0.0
FILD or FILA ADJUDICATED,8,901254218,combined,0.32894736842105265,0.24893034825870647,0.9671397011046134,0.9863893655284468,16.447455849889625,0.6847475847524247,0.5911634262301387,150.86,7392.14,200.86,0.02,0.4070488033613299,0.3130625048521596,0.9715483914096052,0.9879897768746447,23.837205996775918,0.7584790249522185,0.5911634262301387,150.86,7392.14,200.86,0.02,0.2592787554699216,0.18926487366973369,0.962418582680305,0.9849458782997564,11.074492308867484,0.6032525199749278,0.5911634262301387,150.86,7392.14,200.86,0.32894736842105265,0.98,0.02,0.0
FILD or FILA ADJUDICATED,8,901254218,combined,0.4868421052631579,0.1640253713478406,0.9408512020792723,0.9892322452577643,,,0.4529848799901236,377.15000000000003,7165.85,451.15000000000003,0.05,0.5656411819815536,0.20100505728913187,0.9470084290742813,0.9909150897679211,,,0.4529848799901236,377.15000000000003,7165.85,451.15000000000003,0.05,0.4086917071593119,0.13271890444942966,0.9342577237569666,0.9875460068592737,,,0.4529848799901236,377.15000000000003,7165.85,451.15000000000003,0.4868421052631579,0.95,0.05,0.0
FILD or FILA ADJUDICATED,8,901254218,combined,0.5592105263157895,0.10127490209432996,0.8932683560753737,0.9902271102441216,,,0.33062954714784976,754.3000000000001,6788.7,839.3000000000001,0.1,0.6357135398101132,0.12353637580190928,0.9012176574044516,0.991967703652757,,,0.33062954714784976,754.3000000000001,6788.7,839.3000000000001,0.1,0.47978845905599204,0.0826467128499208,0.8848622257743103,0.9883976070071027,,,0.33062954714784976,754.3000000000001,6788.7,839.3000000000001,0.5592105263157895,0.9,0.1,0.0
FILD or FILA ADJUDICATED,9,600930718,zebra,0.0744375,0.5999999999999999,0.9807370370370371,0.9816828723955803,,,1.0,7.543,7535.457,18.8575,0.001,0.11221901711594874,0.7033748435413321,0.9817765821850925,0.9824247871494743,,,1.0,7.543,7535.457,18.8575,0.001,0.05763603314477891,0.48688038796210664,0.9796139497431343,0.9813390105298674,,,1.0,7.543,7535.457,18.8575,0.0744375,0.999,0.001,0.0
FILD or FILA ADJUDICATED,9,600930718,zebra,0.29605263157894735,0.5440530414340289,0.98119363222872,0.9859437737320328,,,0.9999994993694822,37.715,7505.285,82.71499999999999,0.005,0.37292990042352286,0.6470388350169554,0.9840445173867074,0.9874764800337402,,,0.9999994993694822,37.715,7505.285,82.71499999999999,0.005,0.22922988125989224,0.4371555197498274,0.9780473836388446,0.9846015940157445,,,0.9999994993694822,37.715,7505.285,82.71499999999999,0.29605263157894735,0.995,0.005,0.0
FILD or FILA ADJUDICATED,9,600930718,zebra,0.3026315789473684,0.37825614754098363,0.9764223521767381,0.98600395844325,30.264459210526315,0.7044125496139451,0.9999895583303174,75.43,7467.57,121.42999999999999,0.01,0.37978706128398243,0.4672065063745434,0.9799159349136747,0.9875580845028801,47.53064108586256,0.7744809728143031,0.9999895583303174,75.43,7467.57,121.42999999999999,0.01,0.235206275829,0.29680672554799264,0.9726319889136815,0.9846331557825309,18.805033104299596,0.6252088522792745,0.9999895583303174,75.43,7467.57,121.42999999999999,0.3026315789473684,0.99,0.01,0.0
FILD or FILA ADJUDICATED,9,600930718,zebra,0.34868421052631576,0.2599830966869506,0.9675295646523717,0.9867843879286217,,,0.9998774029769734,150.86,7392.14,203.86,0.02,0.4273271684082069,0.3242387740914463,0.9719489517068275,0.9883957487347464,,,0.9998774029769734,150.86,7392.14,203.86,0.02,0.27750105671174624,0.20460568887159583,0.9627785293715015,0.9853107810011504,,,0.9998774029769734,150.86,7392.14,203.86,0.34868421052631576,0.98,0.02,0.0
FILD or FILA ADJUDICATED,9,600930718,zebra,0.4342105263157895,0.14893386614605572,0.9398115659519168,0.9881409571063215,,,0.9972810267799634,377.15000000000003,7165.85,443.15000000000003,0.05,0.5136678584972509,0.18509334446937573,0.945981795523974,0.9898390778486404,,,0.9972810267799634,377.15000000000003,7165.85,443.15000000000003,0.05,0.35799658720707644,0.11880853707580534,0.9332563386714904,0.9864927005552859,,,0.9972810267799634,377.15000000000003,7165.85,443.15000000000003,0.4342105263157895,0.95,0.05,0.0
FILD or FILA ADJUDICATED,9,600930718,zebra,0.5328947368421053,0.0963855421686747,0.892748538011696,0.989649693089074,5.328949334235073,0.5190058503182858,0.9825579712721796,754.3000000000001,6788.7,835.3000000000002,0.1,0.6104192680185561,0.11836192645436408,0.9007180174678282,0.9914147684270691,6.533293059033935,0.611686729570639,0.9825579712721796,754.3000000000001,6788.7,835.3000000000002,0.1,0.45374850912928033,0.0781280575245525,0.8843478563930419,0.9878239038169989,4.241629637398607,0.42973146092838116,0.9825579712721796,754.3000000000001,6788.7,835.3000000000002,0.5328947368421053,0.9,0.1,0.0
FILD or FILA ADJUDICATED,9,600930718,genomic,0.0,0.03234071527589591,0.9792666666666667,0.980227531596177,,,0.7655876255341929,7.543,7535.457,7.543,0.001,0.024649787352889047,0.27753279986288926,0.980246302862848,0.9807150310823073,,,0.7655876255341929,7.543,7535.457,7.543,0.001,0.0,0.02282881807541813,0.9782759769585572,0.980207904466031,,,0.7655876255341929,7.543,7535.457,7.543,0.0,0.999,0.001,0.0
FILD or FILA ADJUDICATED,9,600930718,genomic,0.004703947368421057,0.03234071527589591,0.9754385964912281,0.9802411590463582,,,0.5123703124516701,37.715,7505.285,38.43,0.005,0.032994741190978845,0.11347853642523166,0.9773297488092745,0.9808177152257507,,,0.5123703124516701,37.715,7505.285,38.43,0.005,0.000831038294050796,0.02282881807541813,0.9735358015555687,0.9801293231295021,,,0.5123703124516701,37.715,7505.285,38.43,0.004703947368421057,0.995,0.005,0.0
FILD or FILA ADJUDICATED,9,600930718,genomic,0.006578947368421052,0.032340715275895895,0.9705743989603639,0.9801800074505257,,,0.3941812909985909,75.43,7467.57,76.43,0.01,0.036321051462105534,0.07274417212024986,0.9731314211394154,0.9808002004542108,,,0.3941812909985909,75.43,7467.57,76.43,0.01,0.0011622913203507626,0.02282881807541813,0.9680088978616589,0.9800244945393152,,,0.3941812909985909,75.43,7467.57,76.43,0.006578947368421052,0.99,0.01,0.0
FILD or FILA ADJUDICATED,9,600930718,genomic,0.019736842105263157,0.032340715275895895,0.9610318388564003,0.9802417140756668,,,0.26855082051372037,150.86,7392.14,153.86,0.02,0.05641580175457883,0.055752930306746815,0.9646223074272496,0.9810224870310119,,,0.26855082051372037,150.86,7392.14,153.86,0.02,0.006734651887011962,0.02282881807541813,0.9574300571774327,0.9799163545777232,,,0.26855082051372037,150.86,7392.14,153.86,0.019736842105263157,0.98,0.02,0.0
FILD or FILA ADJUDICATED,9,600930718,genomic,0.06578947368421052,0.03234071527589589,0.9325341130604289,0.9805688403102079,,,0.14414669072675546,377.15000000000003,7165.85,387.15000000000003,0.05,0.11686053432719501,0.05155114172788885,0.9381436261576519,0.9817003081763404,,,0.14414669072675546,377.15000000000003,7165.85,387.15000000000003,0.05,0.036124807321366526,0.02282881807541813,0.9268983775873282,0.9798571515724362,,,0.14414669072675546,377.15000000000003,7165.85,387.15000000000003,0.06578947368421052,0.95,0.05,0.0
FILD or FILA ADJUDICATED,9,600930718,genomic,0.1513157894736842,0.03234071527589589,0.8852111760883691,0.9813521834473709,,,0.06284325236267174,754.3000000000001,6788.7,777.3000000000001,0.1,0.21682635757948435,0.04676261349210257,0.8929433426937231,0.9828895302540638,,,0.06284325236267174,754.3000000000001,6788.7,777.3000000000001,0.1,0.10299520465345144,0.02282881807541813,0.8774193960577169,0.9801606279582269,,,0.06284325236267174,754.3000000000001,6788.7,777.3000000000001,0.1513157894736842,0.9,0.1,0.0
FILD or FILA ADJUDICATED,9,600930718,combined,0.11955263157894737,0.7058823529411765,0.9816282001299546,0.9825502159560637,,,0.9126311246235148,7.543,7535.457,25.715000000000003,0.001,0.18063157068208263,0.8458814799979104,0.9833274245088568,0.9837491389522484,,,0.9126311246235148,7.543,7535.457,25.715000000000003,0.001,0.07722958593690246,0.5004983963285597,0.9798014996437305,0.9817085400219822,,,0.9126311246235148,7.543,7535.457,25.715000000000003,0.11955263157894737,0.999,0.001,0.0
FILD or FILA ADJUDICATED,9,600930718,combined,0.22838815789473685,0.4791666666666667,0.9798570500324886,0.9846134639386787,45.6770594772404,0.7754891118417724,0.8125877454387888,37.715,7505.285,72.42999999999999,0.005,0.3013289703570723,0.592456489783066,0.9826301780273701,0.9860664350277056,82.7675927166634,0.8369058936128013,0.8125877454387888,37.715,7505.285,72.42999999999999,0.005,0.16883769373324375,0.3676372555718391,0.9768544515395527,0.9834150979643367,24.59947570368586,0.7012239071970434,0.8125877454387888,37.715,7505.285,72.42999999999999,0.22838815789473685,0.995,0.005,0.0
FILD or FILA ADJUDICATED,9,600930718,combined,0.28289473684210525,0.3630900156672838,0.9760324886289798,0.9856135427422427,28.29069013157895,0.7243487538483019,0.7558537652236039,75.43,7467.57,118.42999999999999,0.01,0.35916337306610735,0.45273764427640584,0.9795085534180129,0.9871496750677411,44.94957073755605,0.7925843893692461,0.7558537652236039,75.43,7467.57,118.42999999999999,0.01,0.21732929775817333,0.2820448709193906,0.9722788634209245,0.9842796040527948,17.37574656319071,0.6459986675758678,0.7558537652236039,75.43,7467.57,118.42999999999999,0.28289473684210525,0.99,0.01,0.0
FILD or FILA ADJUDICATED,9,600930718,combined,0.36750000000000005,0.26941747572815533,0.9679012345679012,0.9871612748622095,18.374833885209714,0.645408055355979,0.655566381774478,150.86,7392.14,206.72000000000003,0.02,0.44653034655821433,0.3338138251742088,0.9723282737443586,0.9887805072543546,26.148946740354862,0.721899410453003,0.655566381774478,150.86,7392.14,206.72000000000003,0.02,0.29500184709030125,0.21346360003793433,0.9631242239962631,0.9856614939745257,12.600128344328931,0.5630849630495124,0.655566381774478,150.86,7392.14,206.72000000000003,0.36750000000000005,0.98,0.02,0.0
FILD or FILA ADJUDICATED,9,600930718,combined,0.4417763157894739,0.15212527964205816,0.9399610136452242,0.9882976863409786,,,0.5038887848124136,377.15000000000003,7165.85,444.3000000000001,0.05,0.5211910633254009,0.18837256532925456,0.946130402039098,0.9899946918598085,,,0.5038887848124136,377.15000000000003,7165.85,444.3000000000001,0.05,0.3652319711229293,0.1218063883120207,0.9333992598352603,0.9866428992150839,,,0.5038887848124136,377.15000000000003,7165.85,444.3000000000001,0.4417763157894739,0.95,0.05,0.0
FILD or FILA ADJUDICATED,9,600930718,combined,0.5197368421052632,0.09520958083832336,0.892488628979857,0.9893612369637823,,,0.3623648926012785,754.3000000000001,6788.7,833.3000000000001,0.1,0.5976919125435891,0.11701150949104666,0.9004666129152363,0.9911367802589403,,,0.3623648926012785,754.3000000000001,6788.7,833.3000000000001,0.1,0.4408087537451127,0.07736070256199279,0.884092256286688,0.9875390672212735,,,0.3623648926012785,754.3000000000001,6788.7,833.3000000000001,0.5197368421052632,0.9,0.1,0.0
FILD or FILA ADJUDICATED,10,240607979,zebra,0.06165530303030303,0.5540540540540541,0.9804845491956604,0.9814327803149714,,,1.0,7.543,7535.457,16.91460606060606,0.001,0.09794834286070009,0.6618417767153216,0.9814833063524717,0.9821449698712492,,,1.0,7.543,7535.457,16.91460606060606,0.001,0.04697247033504519,0.44093122010669095,0.9794146974361998,0.981130647034389,,,1.0,7.543,7535.457,16.91460606060606,0.06165530303030303,0.999,0.001,0.0
FILD or FILA ADJUDICATED,10,240607979,zebra,0.27631578947368424,0.5268939873417722,0.9808037686809616,0.9855553665573255,55.271167318634426,0.727320817230293,0.9999997122680142,37.715,7505.285,79.715,0.005,0.3522533149537639,0.6327161720772893,0.9836360910070578,0.9870688777586785,96.76963445572135,0.7940438013525486,0.9999997122680142,37.715,7505.285,79.715,0.005,0.21140580044094956,0.4185973617335012,0.9776953030300753,0.9842511134399676,30.806437059862013,0.6501136401990072,0.9999997122680142,37.715,7505.285,79.715,0.27631578947368424,0.995,0.005,0.0
FILD or FILA ADJUDICATED,10,240607979,zebra,0.27631578947368424,0.35766623207301174,0.9759025341130604,0.9854834728719691,,,0.9999928650564887,75.43,7467.57,117.43,0.01,0.3522533149537639,0.44760173529518554,0.9793720584429543,0.9870129112180621,,,0.9999928650564887,75.43,7467.57,117.43,0.01,0.21140580044094956,0.276747769189794,0.9721618560665102,0.9841625114614925,,,0.9999928650564887,75.43,7467.57,117.43,0.27631578947368424,0.99,0.01,0.0
FILD or FILA ADJUDICATED,10,240607979,zebra,0.3157894736842105,0.24137657986904212,0.9668797920727746,0.9861261929175796,15.789557615894038,0.6981740079828643,0.9998855977194467,150.86,7392.14,198.86,0.02,0.3934507494802998,0.3053902546283137,0.9712797878761528,0.9877177312573122,23.040889661140753,0.7708374210917176,0.9998855977194467,150.86,7392.14,198.86,0.02,0.2472096984918171,0.1871654132549021,0.9621801815548116,0.984704343443666,10.558990456673476,0.617086812437761,0.9998855977194467,150.86,7392.14,198.86,0.3157894736842105,0.98,0.02,0.0
FILD or FILA ADJUDICATED,10,240607979,zebra,0.42105263157894735,0.14383561643835616,0.939551656920078,0.9878685111749962,8.421060165887752,0.6094182840618031,0.9975816833682847,377.15000000000003,7165.85,441.15000000000003,0.05,0.5005396210214392,0.179798697869135,0.9457224723145753,0.9895676514620504,11.047843848382364,0.6927484199698167,0.9975816833682847,377.15000000000003,7165.85,441.15000000000003,0.05,0.3454577138237537,0.11406579002007838,0.9330086572219433,0.9862325234793485,6.26379760190411,0.5231631161779783,0.9975816833682847,377.15000000000003,7165.85,441.15000000000003,0.42105263157894735,0.95,0.05,0.0
FILD or FILA ADJUDICATED,10,240607979,zebra,0.5131578947368421,0.09359903381642512,0.8923586744639377,0.9892170719498187,5.131580840374515,0.5409356749796218,0.9827793826263871,754.3000000000001,6788.7,832.3000000000001,0.1,0.5913082928406881,0.11534924039968167,0.9003405167235741,0.9909974093029029,6.328749054572498,0.633399103708173,0.9827793826263871,754.3000000000001,6788.7,832.3000000000001,0.1,0.43435881801844656,0.07559358231715711,0.8839648501488773,0.9873971492334549,4.060375293150648,0.4508120396345745,0.9827793826263871,754.3000000000001,6788.7,832.3000000000001,0.5131578947368421,0.9,0.1,0.0
FILD or FILA ADJUDICATED,10,240607979,genomic,0.0,0.023520676408822185,0.9792666666666667,0.980227531596177,,,0.8469225755682369,7.543,7535.457,7.543,0.001,0.024649787352889047,0.27753279986288926,0.980246302862848,0.9807150310823073,,,0.8469225755682369,7.543,7535.457,7.543,0.001,0.0,0.018706578709405626,0.9782759769585572,0.980207904466031,,,0.8469225755682369,7.543,7535.457,7.543,0.0,0.999,0.001,0.0
FILD or FILA ADJUDICATED,10,240607979,genomic,0.0,0.023520676408822185,0.9753456790123457,0.9801496221535144,,,0.7186543435633092,37.715,7505.285,37.715,0.005,0.024649787352889047,0.10830355290885617,0.9771649102149418,0.9806553645119755,,,0.7186543435633092,37.715,7505.285,37.715,0.005,0.0,0.018706578709405626,0.9735193859843282,0.9801131239809229,,,0.7186543435633092,37.715,7505.285,37.715,0.0,0.995,0.005,0.0
FILD or FILA ADJUDICATED,10,240607979,genomic,0.006578947368421052,0.023520676408822185,0.9705743989603639,0.9801800074505257,,,0.6642161616482283,75.43,7467.57,76.43,0.01,0.036321051462105534,0.07046060141829741,0.9731314211394154,0.9808002004542108,,,0.6642161616482283,75.43,7467.57,76.43,0.01,0.0011622913203507626,0.018706578709405626,0.9680088978616589,0.9800244945393152,,,0.6642161616482283,75.43,7467.57,76.43,0.006578947368421052,0.99,0.01,0.0
FILD or FILA ADJUDICATED,10,240607979,genomic,0.019736842105263157,0.023520676408822185,0.9610318388564003,0.9802417140756668,,,0.5930233106299714,150.86,7392.14,153.86,0.02,0.05641580175457883,0.05556528110224835,0.9646223074272496,0.9810224870310119,,,0.5930233106299714,150.86,7392.14,153.86,0.02,0.006734651887011962,0.018706578709405626,0.9574300571774327,0.9799163545777232,,,0.5930233106299714,150.86,7392.14,153.86,0.019736842105263157,0.98,0.02,0.0
FILD or FILA ADJUDICATED,10,240607979,genomic,0.046052631578947366,0.023520676408822185,0.9321442495126706,0.9801664648644238,,,0.4594523297130404,377.15000000000003,7165.85,384.15000000000003,0.05,0.09200033996577209,0.0399733461914754,0.9376525605900189,0.9811948627529623,,,0.4594523297130404,377.15000000000003,7165.85,384.15000000000003,0.05,0.0224843353940877,0.018706578709405616,0.9266289361665424,0.9795779174653283,,,0.4594523297130404,377.15000000000003,7165.85,384.15000000000003,0.046052631578947366,0.95,0.05,0.0
FILD or FILA ADJUDICATED,10,240607979,genomic,0.10526315789473684,0.023520676408822185,0.8843014944769331,0.9803601599209154,,,0.3544876221165065,754.3000000000001,6788.7,770.3000000000002,0.1,0.16414883536203786,0.033473180964959506,0.8919027990449835,0.9817596448844639,,,0.3544876221165065,754.3000000000001,6788.7,770.3000000000002,0.1,0.06583783886392716,0.018706578709405616,0.876685423400146,0.9793557712620153,,,0.3544876221165065,754.3000000000001,6788.7,770.3000000000002,0.10526315789473684,0.9,0.1,0.0
FILD or FILA ADJUDICATED,10,240607979,combined,0.07236842105263158,0.6034271725826194,0.9806961663417805,0.9816321513174949,,,0.9506860202645145,7.543,7535.457,18.543,0.001,0.1249318695895122,0.7792739249702588,0.9822271834996208,0.9826634687386125,,,0.9506860202645145,7.543,7535.457,18.543,0.001,0.0408870274886166,0.45595014299255227,0.9790836219459866,0.9810017702935335,,,0.9506860202645145,7.543,7535.457,18.543,0.07236842105263158,0.999,0.001,0.0
FILD or FILA ADJUDICATED,10,240607979,combined,0.26973684210526316,0.520883641674781,0.9806738141650423,0.9854259654950006,53.95518714438123,0.7339328246596594,0.729556485180451,37.715,7505.285,78.715,0.005,0.34532489430738517,0.6276762163737941,0.9834992333152776,0.9869323714699434,94.8662861979667,0.7999897437312323,0.729556485180451,37.715,7505.285,78.715,0.005,0.20550066565776098,0.41214598639081196,0.9775786583923828,0.9841350539140157,29.94593009813788,0.6570673782438815,0.729556485180451,37.715,7505.285,78.715,0.26973684210526316,0.995,0.005,0.0
FILD or FILA ADJUDICATED,10,240607979,combined,0.2894736842105263,0.368422969187675,0.9761624431448993,0.9857436469518124,,,0.5600096948101806,75.43,7467.57,119.43,0.01,0.36605544926939826,0.45777565932505954,0.979644693194868,0.9872861207778568,,,0.5600096948101806,75.43,7467.57,119.43,0.01,0.22327077698444972,0.2872705938013867,0.9723962259735422,0.9843970800940202,,,0.5600096948101806,75.43,7467.57,119.43,0.2894736842105263,0.99,0.01,0.0
FILD or FILA ADJUDICATED,10,240607979,combined,0.3092105263157895,0.23754242936984055,0.9667498375568552,0.9859946592667475,,,0.4279138830865292,150.86,7392.14,197.86,0.02,0.38662724600175197,0.301485014371803,0.9711450026222556,0.9875812752091926,,,0.4279138830865292,150.86,7392.14,197.86,0.02,0.24119964654079779,0.18359699736027998,0.9620614644792359,0.9845841100357942,,,0.4279138830865292,150.86,7392.14,197.86,0.3092105263157895,0.98,0.02,0.0
FILD or FILA ADJUDICATED,10,240607979,combined,0.3815789473684211,0.1332874617737003,0.9387719298245615,0.9870520740473401,,,0.25462554207609056,377.15000000000003,7165.85,435.1500000000001,0.05,0.4608215904986017,0.1684524894657122,0.9449379186252352,0.9887473866157731,,,0.25462554207609056,377.15000000000003,7165.85,435.1500000000001,0.05,0.3081744117691877,0.104540379926405,0.9322721969344456,0.9854597185534107,,,0.25462554207609056,377.15000000000003,7165.85,435.1500000000001,0.3815789473684211,0.95,0.05,0.0
FILD or FILA ADJUDICATED,10,240607979,combined,0.506578947368421,0.09262603559196517,0.8922287199480182,0.9890729489438145,,,0.14231801465912775,754.3000000000001,6788.7,831.3000000000001,0.1,0.5849114032097994,0.11425095643039256,0.9002141584098775,0.9908577879426512,,,0.14231801465912775,754.3000000000001,6788.7,831.3000000000001,0.1,0.4279221522197677,0.07474876889236261,0.8838377061331009,0.9872555638820532,,,0.14231801465912775,754.3000000000001,6788.7,831.3000000000001,0.506578947368421,0.9,0.1,0.0
FILD or FILA ADJUDICATED,11,24781287,zebra,0.06107692307692308,0.5517241379310346,0.9804731244064578,0.98142347945832,,,0.9999999953344358,7.543,7535.457,16.82669230769231,0.001,0.09597967600230081,0.6518282287184777,0.9814252743953826,0.98210832255826,,,0.9999999953344358,7.543,7535.457,16.82669230769231,0.001,0.04781289117240452,0.4472454774597166,0.9794504430521325,0.9811490597058135,,,0.9999999953344358,7.543,7535.457,16.82669230769231,0.06107692307692308,0.999,0.001,0.0
FILD or FILA ADJUDICATED,11,24781287,zebra,0.30538461538461537,0.5517241379310346,0.9813779677113011,0.9861297429706122,61.07692307692307,0.6980542172379859,0.9999999953344358,37.715,7505.285,84.13346153846155,0.005,0.3812992305999479,0.6518282287184777,0.984191080136685,0.9876438627597858,103.95918464367598,0.7661283065187532,0.9999999953344358,37.715,7505.285,84.13346153846155,0.005,0.2390644558620226,0.44724547745971654,0.9782604041931349,0.9847970879532285,35.01653245499994,0.6209291525473419,0.9999999953344358,37.715,7505.285,84.13346153846155,0.30538461538461537,0.995,0.005,0.0
FILD or FILA ADJUDICATED,11,24781287,zebra,0.3223684210526316,0.39380193548387094,0.9768122157244964,0.9863946835653742,,,0.9999945202120887,75.43,7467.57,124.43,0.01,0.40025784860539837,0.48159518824568504,0.9803202961447149,0.9879638003800103,,,0.9999945202120887,75.43,7467.57,124.43,0.01,0.2532361547962858,0.3123692306779834,0.97298813467106,0.9849899887740279,,,0.9999945202120887,75.43,7467.57,124.43,0.3223684210526316,0.99,0.01,0.0
FILD or FILA ADJUDICATED,11,24781287,zebra,0.34210526315789475,0.2561662132686322,0.9673996101364523,0.9866526786452905,17.10535408388521,0.671321161521985,0.9999006217151106,150.86,7392.14,202.86,0.02,0.420583241190861,0.3204016652713973,0.9718157383296947,0.9882606986244966,24.629796909533624,0.7460554876532504,0.9999006217151106,150.86,7392.14,202.86,0.02,0.27141142849952493,0.2008352529048603,0.9626582404191614,0.9851888057456304,11.592711373552609,0.5894829487633464,0.9999006217151106,150.86,7392.14,202.86,0.34210526315789475,0.98,0.02,0.0
FILD or FILA ADJUDICATED,11,24781287,zebra,0.4351973684210529,0.15136501516683518,0.9398310591293048,0.9881614013732241,,,0.9978660159610749,377.15000000000003,7165.85,443.30000000000007,0.05,0.5146494108642647,0.18744764772316294,0.9460011842127051,0.9898593820293083,,,0.9978660159610749,377.15000000000003,7165.85,443.30000000000007,0.05,0.3589400681544982,0.12118835397963382,0.9332749753321802,0.9865122875768135,,,0.9978660159610749,377.15000000000003,7165.85,443.30000000000007,0.4351973684210529,0.95,0.05,0.0
FILD or FILA ADJUDICATED,11,24781287,zebra,0.5460526315789473,0.09738497293958949,0.8930084470435348,0.98993831746677,,,0.9825657777380467,754.3000000000001,6788.7,837.3000000000001,0.1,0.6230932530102874,0.11948087201566258,0.9009683677886525,0.9916917458893099,,,0.9825657777380467,754.3000000000001,6788.7,837.3000000000001,0.1,0.4667416349966832,0.07905194654086911,0.8846045107311634,0.988110080608537,,,0.9825657777380467,754.3000000000001,6788.7,837.3000000000001,0.5460526315789473,0.9,0.1,0.0
FILD or FILA ADJUDICATED,11,24781287,genomic,0.013157894736842105,0.15384615384615385,0.9795265756985055,0.9804826179327817,,,0.6211877615977429,7.543,7535.457,9.543000000000001,0.001,0.04670108102456133,0.5098375284633583,0.980681883972412,0.9811428152046272,,,0.6211877615977429,7.543,7535.457,9.543000000000001,0.001,0.0036158171874622162,0.05668215145437526,0.9783474005079391,0.9802780576723298,,,0.6211877615977429,7.543,7535.457,9.543000000000001,0.013157894736842105,0.999,0.001,0.0
FILD or FILA ADJUDICATED,11,24781287,genomic,0.019736842105263157,0.0736920731707317,0.975735542560104,0.9805337793774066,,,0.44122229787997386,37.715,7505.285,40.715,0.005,0.05641580175457883,0.1955193225889762,0.9777923870426295,0.9812735984047852,,,0.44122229787997386,37.715,7505.285,40.715,0.005,0.006734651887011962,0.02862295972916842,0.9736524161450593,0.9802444092783018,,,0.44122229787997386,37.715,7505.285,40.715,0.019736842105263157,0.995,0.005,0.0
FILD or FILA ADJUDICATED,11,24781287,genomic,0.03289473684210526,0.0621682098765432,0.9710942170240416,0.9806949045551608,,,0.3418646415399921,75.43,7467.57,80.43,0.01,0.07468664329518646,0.13740961281188532,0.9738892599904392,0.981550472665213,,,0.3418646415399921,75.43,7467.57,80.43,0.01,0.01413092120553882,0.026844524334102466,0.9682650683285268,0.9802787360883414,,,0.3418646415399921,75.43,7467.57,80.43,0.03289473684210526,0.99,0.01,0.0
FILD or FILA ADJUDICATED,11,24781287,genomic,0.05263157894736842,0.04966887417218543,0.9616816114359975,0.9808920746820992,2.6315929359823396,0.9667024725916583,0.25776415472084946,150.86,7392.14,158.86,0.02,0.10041073889314774,0.09621499794688244,0.9654913432225795,0.9818912969082922,5.880158466304997,0.9964210722794358,0.25776415472084946,150.86,7392.14,158.86,0.02,0.026907491896279292,0.024859976463163583,0.9578285330294676,0.9803162169073195,1.1492912773211301,0.9152177983305219,0.25776415472084946,150.86,7392.14,158.86,0.05263157894736842,0.98,0.02,0.0
FILD or FILA ADJUDICATED,11,24781287,genomic,0.10526315789473684,0.04008241601007306,0.9333138401559454,0.98137458310904,,,0.15835114075351278,377.15000000000003,7165.85,393.15000000000003,0.05,0.16414883536203786,0.06507948429789791,0.9390777160546365,0.9826631897636299,,,0.15835114075351278,377.15000000000003,7165.85,393.15000000000003,0.05,0.06583783886392716,0.024234265757918018,0.9274853016671812,0.9804659584717271,,,0.15835114075351278,377.15000000000003,7165.85,393.15000000000003,0.10526315789473684,0.95,0.05,0.0
FILD or FILA ADJUDICATED,11,24781287,genomic,0.1513157894736842,0.03067484662576687,0.8852111760883691,0.9813521834473709,,,0.09829390870568927,754.3000000000001,6788.7,777.3000000000001,0.1,0.21682635757948435,0.044886411986826275,0.8929433426937231,0.9828895302540638,,,0.09829390870568927,754.3000000000001,6788.7,777.3000000000001,0.1,0.10299520465345144,0.020849619737547127,0.8774193960577169,0.9801606279582269,,,0.09829390870568927,754.3000000000001,6788.7,777.3000000000001,0.1513157894736842,0.9,0.1,0.0
FILD or FILA ADJUDICATED,11,24781287,combined,0.0364671052631579,0.4230769230769231,0.9799870045484081,0.9809348376123054,,,0.8566452214745318,7.543,7535.457,13.086000000000002,0.001,0.07943782375170509,0.6770161300973522,0.9813285356806023,0.981778591321257,,,0.8566452214745318,7.543,7535.457,13.086000000000002,0.001,0.016348361347275218,0.21150130763243016,0.9785989075530712,0.9805251763032845,,,0.8566452214745318,7.543,7535.457,13.086000000000002,0.0364671052631579,0.999,0.001,0.0
FILD or FILA ADJUDICATED,11,24781287,combined,0.1118421052631579,0.3149882903981265,0.977554905782976,0.9823305020072892,22.37166296230441,0.8926210029644507,0.7910860926332128,37.715,7505.285,54.715,0.005,0.17180947192515766,0.44822690472066856,0.9800717681818014,0.9835259775381453,47.19881712514278,0.935409047847252,0.7910860926332128,37.715,7505.285,54.715,0.005,0.0710107577303746,0.21150130763243016,0.9749220676185084,0.9814991795877366,10.347816540657966,0.8312168497576202,0.7910860926332128,37.715,7505.285,54.715,0.1118421052631579,0.995,0.005,0.0
FILD or FILA ADJUDICATED,11,24781287,combined,0.1936184210526316,0.28095238095238095,0.9742690058479532,0.9838514259948068,19.36054078947369,0.8145266328827737,0.7377585678300481,75.43,7467.57,104.86000000000001,0.01,0.2636623730824064,0.3734740259861991,0.9776221139121621,0.9852628799414485,32.99430054281305,0.8722307513553788,0.7377585678300481,75.43,7467.57,104.86000000000001,0.01,0.1386789505626468,0.20389406159312104,0.9707252763158277,0.9827271596956186,11.086255236970398,0.7422687321444824,0.7377585678300481,75.43,7467.57,104.86000000000001,0.1936184210526316,0.99,0.01,0.0
FILD or FILA ADJUDICATED,11,24781287,combined,0.2565789473684211,0.20541520467836255,0.9657102014294997,0.9849436519183499,,,0.6744144769429136,150.86,7392.14,189.86000000000004,0.02,0.33141131282701675,0.2684508110751556,0.9700543175225077,0.9864784554386204,,,0.6744144769429136,150.86,7392.14,189.86000000000004,0.02,0.19374713627899498,0.15434428702442593,0.9611241309432003,0.9836358343593803,,,0.6744144769429136,150.86,7392.14,189.86000000000004,0.2565789473684211,0.98,0.02,0.0
FILD or FILA ADJUDICATED,11,24781287,combined,0.40131578947368424,0.13876146788990826,0.9391617933723198,0.9874601238525886,8.026322970611764,0.6301939073820917,0.5534042743876496,377.15000000000003,7165.85,438.15000000000003,0.05,0.4807438558937293,0.17437681951376421,0.9453314448552624,0.9891586552426459,10.610914357078768,0.712545140515813,0.5534042743876496,377.15000000000003,7165.85,438.15000000000003,0.05,0.32675281266276185,0.10945606733453257,0.9326391776928372,0.9858446585247761,5.924642590023701,0.5438983228274423,0.5534042743876496,377.15000000000003,7165.85,438.15000000000003,0.40131578947368424,0.95,0.05,0.0
FILD or FILA ADJUDICATED,11,24781287,combined,0.5526315789473685,0.09976105137395459,0.8931384015594542,0.9900826927962788,5.526317828095632,0.49707602565694975,0.4385699320692265,754.3000000000001,6788.7,838.3000000000002,0.1,0.6294101335898308,0.12192770322349888,0.9010931456766436,0.9918298528925951,6.73655153517051,0.5898398579467367,0.4385699320692265,754.3000000000001,6788.7,838.3000000000002,0.1,0.47325830984670736,0.08125145927235469,0.8847332351726453,0.9882536744201167,4.424006763224494,0.40878337049092317,0.4385699320692265,754.3000000000001,6788.7,838.3000000000002,0.5526315789473685,0.9,0.1,0.0
FILD or FILA ADJUDICATED,12,635099648,zebra,0.05927430555555555,0.5443037974683544,0.9804375171467764,0.9813869776086875,,,0.9999999953344358,7.543,7535.457,16.552694444444445,0.001,0.09473967560385586,0.6495154240600665,0.9814098248415324,0.9820828160394545,,,0.9999999953344358,7.543,7535.457,16.552694444444445,0.001,0.04553652480527504,0.4349833293376869,0.9793964335093788,0.9811033631243771,,,0.9999999953344358,7.543,7535.457,16.552694444444445,0.05927430555555555,0.999,0.001,0.0
FILD or FILA ADJUDICATED,12,635099648,zebra,0.28289473684210525,0.5327554012345679,0.9809337231968811,0.9856848016086758,56.587147492887624,0.7207088098009268,0.9999999327251157,37.715,7505.285,80.715,0.005,0.35916337306610735,0.6376195988493584,0.9837725859821165,0.9872050598786102,98.66793823090948,0.788079369545036,0.9999999327251157,37.715,7505.285,80.715,0.005,0.21732929775817333,0.4249134564661298,0.9778123103844897,0.9843675613681663,31.669619843384016,0.6431783317873838,0.9999999327251157,37.715,7505.285,80.715,0.28289473684210525,0.995,0.005,0.0
FILD or FILA ADJUDICATED,12,635099648,zebra,0.28289473684210525,0.3630900156672838,0.9760324886289798,0.9856135427422427,,,0.9999928650564887,75.43,7467.57,118.42999999999999,0.01,0.35916337306610735,0.45273764427640584,0.9795085534180129,0.9871496750677411,,,0.9999928650564887,75.43,7467.57,118.42999999999999,0.01,0.21732929775817333,0.2820448709193906,0.9722788634209245,0.9842796040527948,,,0.9999928650564887,75.43,7467.57,118.42999999999999,0.28289473684210525,0.99,0.01,0.0
FILD or FILA ADJUDICATED,12,635099648,zebra,0.34210526315789475,0.2556390977443609,0.9673996101364523,0.9866526786452905,17.10535408388521,0.671321161521985,0.9998980953868397,150.86,7392.14,202.86,0.02,0.420583241190861,0.32035145738749193,0.9718157383296947,0.9882606986244966,24.629796909533624,0.7460554876532504,0.9998980953868397,150.86,7392.14,202.86,0.02,0.27141142849952493,0.20012413170896853,0.9626582404191614,0.9851888057456304,11.592711373552609,0.5894829487633464,0.9998980953868397,150.86,7392.14,202.86,0.34210526315789475,0.98,0.02,0.0
FILD or FILA ADJUDICATED,12,635099648,zebra,0.4605263157894737,0.15654711968680085,0.9403313840155946,0.9886863000477324,,,0.997519782101777,377.15000000000003,7165.85,447.15000000000003,0.05,0.5397616170917438,0.19313638533902688,0.9464972277925072,0.9903790087927942,,,0.997519782101777,377.15000000000003,7165.85,447.15000000000003,0.05,0.38323705033085265,0.12580878764989128,0.9337549157208489,0.9870168475212314,,,0.997519782101777,377.15000000000003,7165.85,447.15000000000003,0.4605263157894737,0.95,0.05,0.0
FILD or FILA ADJUDICATED,12,635099648,zebra,0.5394736842105263,0.0986052689838388,0.8928784925276153,0.9897939842371722,,,0.9828807571371784,754.3000000000001,6788.7,836.3000000000001,0.1,0.6167629496691474,0.12067861414943573,0.9008433247596918,0.9915533840005881,,,0.9828807571371784,754.3000000000001,6788.7,836.3000000000001,0.1,0.46023838290825614,0.08020253124755994,0.8844760514306512,0.9879668241588586,,,0.9828807571371784,754.3000000000001,6788.7,836.3000000000001,0.5394736842105263,0.9,0.1,0.0
FILD or FILA ADJUDICATED,12,635099648,genomic,0.013723684210526318,0.18018018018018017,0.9795377517868746,0.9804936141739466,,,0.4807857025072144,7.543,7535.457,9.629000000000001,0.001,0.04723250087091854,0.5656453011761291,0.9806923811545621,0.9811531757500755,,,0.4807857025072144,7.543,7535.457,9.629000000000001,0.001,0.004188083108047795,0.09746059290024893,0.9783587045261235,0.9802891690899114,,,0.4807857025072144,7.543,7535.457,9.629000000000001,0.013723684210526318,0.999,0.001,0.0
FILD or FILA ADJUDICATED,12,635099648,genomic,0.019736842105263157,0.0736920731707317,0.975735542560104,0.9805337793774066,,,0.45372960063276313,37.715,7505.285,40.715,0.005,0.05641580175457883,0.1955193225889762,0.9777923870426295,0.9812735984047852,,,0.45372960063276313,37.715,7505.285,40.715,0.005,0.006734651887011962,0.02726542747398559,0.9736524161450593,0.9802444092783018,,,0.45372960063276313,37.715,7505.285,40.715,0.019736842105263157,0.995,0.005,0.0
FILD or FILA ADJUDICATED,12,635099648,genomic,0.02631578947368421,0.05555555555555556,0.9709642625081222,0.9805661295706726,,,0.43953674785584756,75.43,7467.57,79.43,0.01,0.06570377320639395,0.12245177615148409,0.9737118205812778,0.9813747020023617,,,0.43953674785584756,75.43,7467.57,79.43,0.01,0.010280235864764092,0.02726542747398559,0.9681890054082152,0.9802032321402728,,,0.43953674785584756,75.43,7467.57,79.43,0.02631578947368421,0.99,0.01,0.0
FILD or FILA ADJUDICATED,12,635099648,genomic,0.05921052631578947,0.05555555555555556,0.9618115659519169,0.9810222503758117,,,0.4214895369682495,150.86,7392.14,159.86000000000004,0.02,0.10869148223357711,0.10631069492381694,0.9656549134614028,0.9820549967349144,,,0.4214895369682495,150.86,7392.14,159.86000000000004,0.02,0.03146030398541715,0.02726542747398559,0.9579184651201172,0.9804065070527496,,,0.4214895369682495,150.86,7392.14,159.86000000000004,0.05921052631578947,0.98,0.02,0.0
FILD or FILA ADJUDICATED,12,635099648,genomic,0.08552631578947369,0.034329549294357,0.9329239766081872,0.9809715462559592,,,0.38808619176170445,377.15000000000003,7165.85,390.1500000000001,0.05,0.14082381103246616,0.056623824702456096,0.9386169748333116,0.9821880110497961,,,0.38808619176170445,377.15000000000003,7165.85,390.1500000000001,0.05,0.050662196904797105,0.023141534833321976,0.9271855359000873,0.980154921774698,,,0.38808619176170445,377.15000000000003,7165.85,390.1500000000001,0.08552631578947369,0.95,0.05,0.0
FILD or FILA ADJUDICATED,12,635099648,genomic,0.1513157894736842,0.033178964749870705,0.8852111760883691,0.9813521834473709,,,0.3539991165280819,754.3000000000001,6788.7,777.3000000000001,0.1,0.21682635757948435,0.046919585174041205,0.8929433426937231,0.9828895302540638,,,0.3539991165280819,754.3000000000001,6788.7,777.3000000000001,0.1,0.10299520465345144,0.023141534833321976,0.8774193960577169,0.9801606279582269,,,0.3539991165280819,754.3000000000001,6788.7,777.3000000000001,0.1513157894736842,0.9,0.1,0.0
FILD or FILA ADJUDICATED,12,635099648,combined,0.1118421052631579,0.6929483333333333,0.981475893437297,0.9824000055577679,,,0.4883424854829706,7.543,7535.457,24.543000000000003,0.001,0.17180947192515766,0.8384158743733785,0.9831531608297076,0.9835769382732643,,,0.4883424854829706,7.543,7535.457,24.543000000000003,0.001,0.0710107577303746,0.49859007145016926,0.9796786585927374,0.9815874782567731,,,0.4883424854829706,7.543,7535.457,24.543000000000003,0.1118421052631579,0.999,0.001,0.0
FILD or FILA ADJUDICATED,12,635099648,combined,0.21710526315789475,0.4665630740967544,0.9796341780376868,0.9843919789964393,43.42734575035562,0.7868288840945898,0.39910428716106033,37.715,7505.285,70.715,0.005,0.2891812863086289,0.5816520767764837,0.9823902237745614,0.9858276005221859,79.44273674527217,0.8468360903173151,0.39910428716106033,37.715,7505.285,70.715,0.005,0.1589758302199794,0.35481631416407244,0.9766596492973154,0.9832216111826381,23.166246609581947,0.7134161426800472,0.39910428716106033,37.715,7505.285,70.715,0.21710526315789475,0.995,0.005,0.0
FILD or FILA ADJUDICATED,12,635099648,combined,0.29605263157894735,0.3736673553719008,0.9762923976608188,0.985873785514279,29.606536184210523,0.7110579510253973,0.35239788250792886,75.43,7467.57,120.42999999999999,0.01,0.37292990042352286,0.4627186952831847,0.9797804848226038,0.9874222551366796,46.67246216153417,0.7805330672987628,0.35239788250792886,75.43,7467.57,120.42999999999999,0.01,0.22922988125989224,0.2924261095152812,0.9725139366752794,0.9845149327913687,18.32721295549483,0.6321212486577468,0.35239788250792886,75.43,7467.57,120.42999999999999,0.29605263157894735,0.99,0.01,0.0
FILD or FILA ADJUDICATED,12,635099648,combined,0.34210526315789475,0.2561662132686322,0.9673996101364523,0.9866526786452905,17.10535408388521,0.671321161521985,0.30039676292780054,150.86,7392.14,202.86,0.02,0.420583241190861,0.3204016652713973,0.9718157383296947,0.9882606986244966,24.629796909533624,0.7460554876532504,0.30039676292780054,150.86,7392.14,202.86,0.02,0.27141142849952493,0.2008352529048603,0.9626582404191614,0.9851888057456304,11.592711373552609,0.5894829487633464,0.30039676292780054,150.86,7392.14,202.86,0.34210526315789475,0.98,0.02,0.0
FILD or FILA ADJUDICATED,12,635099648,combined,0.4407894736842105,0.15085003542868708,0.9399415204678363,0.9882772364335002,,,0.22472431210726787,377.15000000000003,7165.85,444.1500000000001,0.05,0.5202115409440079,0.1871208625367235,0.9461110534488483,0.9899744241342164,,,0.22472431210726787,377.15000000000003,7165.85,444.1500000000001,0.05,0.36428646018988675,0.12056702646015527,0.9333805830760891,0.9866232648474474,,,0.22472431210726787,377.15000000000003,7165.85,444.1500000000001,0.4407894736842105,0.95,0.05,0.0
FILD or FILA ADJUDICATED,12,635099648,combined,0.5328947368421053,0.09697117726269948,0.892748538011696,0.989649693089074,,,0.1653224571772238,754.3000000000001,6788.7,835.3000000000002,0.1,0.6104192680185561,0.11892279016330641,0.9007180174678282,0.9914147684270691,,,0.1653224571772238,754.3000000000001,6788.7,835.3000000000002,0.1,0.45374850912928033,0.07870957147550389,0.8843478563930419,0.9878239038169989,,,0.1653224571772238,754.3000000000001,6788.7,835.3000000000002,0.5328947368421053,0.9,0.1,0.0
FILD or FILA ADJUDICATED,13,141387367,zebra,0.06315909090909091,0.5600000000000002,0.980514253647587,0.9814623402293569,,,0.9999999953344358,7.543,7535.457,17.14318181818182,0.001,0.09953201185874962,0.6666854250875084,0.9815145887030504,0.9821761559288413,,,0.9999999953344358,7.543,7535.457,17.14318181818182,0.001,0.048322240991699475,0.44746771381455486,0.9794413595726275,0.9811571566706663,,,0.9999999953344358,7.543,7535.457,17.14318181818182,0.06315909090909091,0.999,0.001,0.0
FILD or FILA ADJUDICATED,13,141387367,zebra,0.28289473684210525,0.5327554012345679,0.9809337231968811,0.9856848016086758,56.587147492887624,0.7207088098009268,0.999999730908718,37.715,7505.285,80.715,0.005,0.35916337306610735,0.6376195988493584,0.9837725859821165,0.9872050598786102,98.66793823090948,0.788079369545036,0.999999730908718,37.715,7505.285,80.715,0.005,0.21732929775817333,0.42485617390544195,0.9778123103844897,0.9843675613681663,31.669619843384016,0.6431783317873838,0.999999730908718,37.715,7505.285,80.715,0.28289473684210525,0.995,0.005,0.0
FILD or FILA ADJUDICATED,13,141387367,zebra,0.28289473684210525,0.3630900156672838,0.9760324886289798,0.9856135427422427,,,0.999992077856681,75.43,7467.57,118.42999999999999,0.01,0.35916337306610735,0.45273764427640584,0.9795085534180129,0.9871496750677411,,,0.999992077856681,75.43,7467.57,118.42999999999999,0.01,0.21732929775817333,0.2820448709193906,0.9722788634209245,0.9842796040527948,,,0.999992077856681,75.43,7467.57,118.42999999999999,0.28289473684210525,0.99,0.01,0.0
FILD or FILA ADJUDICATED,13,141387367,zebra,0.32894736842105265,0.24893034825870647,0.9671397011046134,0.9863893655284468,,,0.9998908861498862,150.86,7392.14,200.86,0.02,0.4070488033613299,0.3130625048521596,0.9715483914096052,0.9879897768746447,,,0.9998908861498862,150.86,7392.14,200.86,0.02,0.2592787554699216,0.19422141409561317,0.962418582680305,0.9849458782997564,,,0.9998908861498862,150.86,7392.14,200.86,0.32894736842105265,0.98,0.02,0.0
FILD or FILA ADJUDICATED,13,141387367,zebra,0.4473684210526316,0.15275759560638885,0.9400714749837558,0.9884135533557541,,,0.9978672006040832,377.15000000000003,7165.85,445.1500000000001,0.05,0.5267416901532926,0.18913712788055284,0.9462400440505131,0.9901095274086291,,,0.9978672006040832,377.15000000000003,7165.85,445.1500000000001,0.05,0.3705898664101692,0.12231990405208903,0.9335050948038972,0.986754144737749,,,0.9978672006040832,377.15000000000003,7165.85,445.1500000000001,0.4473684210526316,0.95,0.05,0.0
FILD or FILA ADJUDICATED,13,141387367,zebra,0.5526315789473685,0.1003562945368171,0.8931384015594542,0.9900826927962788,,,0.9820798957056844,754.3000000000001,6788.7,838.3000000000002,0.1,0.6294101335898308,0.1225017579609106,0.9010931456766436,0.9918298528925951,,,0.9820798957056844,754.3000000000001,6788.7,838.3000000000002,0.1,0.47325830984670736,0.08174457323401116,0.8847332351726453,0.9882536744201167,,,0.9820798957056844,754.3000000000001,6788.7,838.3000000000002,0.5526315789473685,0.9,0.1,0.0
FILD or FILA ADJUDICATED,13,141387367,genomic,0.0,0.04018024784078108,0.9792666666666667,0.980227531596177,,,0.7493708065822914,7.543,7535.457,7.543,0.001,0.024649787352889047,0.27753279986288926,0.980246302862848,0.9807150310823073,,,0.7493708065822914,7.543,7535.457,7.543,0.001,0.0,0.016709339903614624,0.9782759769585572,0.980207904466031,,,0.7493708065822914,7.543,7535.457,7.543,0.0,0.999,0.001,0.0
FILD or FILA ADJUDICATED,13,141387367,genomic,0.006578947368421052,0.04018024784078108,0.9754756335282652,0.9802776411112061,,,0.6894765634432718,37.715,7505.285,38.715,0.005,0.036321051462105534,0.13781046443375006,0.977395453703519,0.9808824214704875,,,0.6894765634432718,37.715,7505.285,38.715,0.005,0.0011622913203507626,0.016709339903614624,0.9735423448252241,0.9801357791758853,,,0.6894765634432718,37.715,7505.285,38.715,0.006578947368421052,0.995,0.005,0.0
FILD or FILA ADJUDICATED,13,141387367,genomic,0.019736842105263157,0.038252190847127554,0.9708343079922027,0.9804373884006143,,,0.6588443277897432,75.43,7467.57,78.42999999999999,0.01,0.05641580175457883,0.10653241237180468,0.9735283544785259,0.9811930275079276,,,0.6588443277897432,75.43,7467.57,78.42999999999999,0.01,0.006734651887011962,0.016709339903614624,0.9681189691814941,0.98013372088125,,,0.6588443277897432,75.43,7467.57,78.42999999999999,0.019736842105263157,0.99,0.01,0.0
FILD or FILA ADJUDICATED,13,141387367,genomic,0.02631578947368421,0.025829912023460407,0.9611617933723198,0.9803717171944563,,,0.6251301551592823,150.86,7392.14,154.86000000000004,0.02,0.06570377320639395,0.06452546300104209,0.9648057735300015,0.9812057773833508,,,0.6251301551592823,150.86,7392.14,154.86000000000004,0.02,0.010280235864764092,0.016709339903614624,0.9575000934041538,0.9799866108623179,,,0.6251301551592823,150.86,7392.14,154.86000000000004,0.02631578947368421,0.98,0.02,0.0
FILD or FILA ADJUDICATED,13,141387367,genomic,0.05263157894736842,0.0210900581951894,0.9322742040285901,0.9803005533159183,,,0.5641820921891486,377.15000000000003,7165.85,385.1500000000001,0.05,0.10041073889314774,0.040445663223128855,0.937818691926856,0.9813658006421452,,,0.5641820921891486,377.15000000000003,7165.85,385.1500000000001,0.05,0.026907491896279292,0.016709339903614617,0.9267163071591783,0.9796684464662997,,,0.5641820921891486,377.15000000000003,7165.85,385.1500000000001,0.05263157894736842,0.95,0.05,0.0
FILD or FILA ADJUDICATED,13,141387367,genomic,0.09210526315789473,0.021090058195189394,0.8840415854450943,0.9800770929007973,,,0.5049708576935575,754.3000000000001,6788.7,768.3000000000001,0.1,0.148660910626281,0.032937379078610274,0.8915968647292154,0.9814279368560466,,,0.5049708576935575,754.3000000000001,6788.7,768.3000000000001,0.1,0.0556586527405495,0.016709339903614617,0.8764843530569681,0.9791355129795137,,,0.5049708576935575,754.3000000000001,6788.7,768.3000000000001,0.09210526315789473,0.9,0.1,0.0
FILD or FILA ADJUDICATED,13,141387367,combined,0.049625,0.49999999999999994,0.9802469135802471,0.9811902922598994,,,0.5657944507954787,7.543,7535.457,15.086,0.001,0.09656718658333707,0.7254900143883996,0.981666893464931,0.982111580581447,,,0.5657944507954787,7.543,7535.457,15.086,0.001,0.024886109374777737,0.27769638502755806,0.9787675544276885,0.9806909475806149,,,0.5657944507954787,7.543,7535.457,15.086,0.049625,0.999,0.001,0.0
FILD or FILA ADJUDICATED,13,141387367,combined,0.17575657894736843,0.3987473903966597,0.9788174139051332,0.9835811809144637,35.14921808321479,0.828385171276703,0.5048372671458101,37.715,7505.285,64.43,0.005,0.24403542678278903,0.5327327162832991,0.9814984537098534,0.9849410385986981,67.02778280753719,0.8825943644146942,0.5048372671458101,37.715,7505.285,64.43,0.005,0.12346279387098906,0.27769638502755806,0.975958157221286,0.9825255140878426,17.9874993661387,0.7587268045581675,0.5048372671458101,37.715,7505.285,64.43,0.17575657894736843,0.995,0.005,0.0
FILD or FILA ADJUDICATED,13,141387367,combined,0.25,0.3350147492625369,0.9753827160493828,0.9849635365120795,,,0.46406221948967963,75.43,7467.57,113.42999999999999,0.01,0.3244252542790286,0.4260161204702332,0.9788223683555521,0.9864625217158217,,,0.46406221948967963,75.43,7467.57,113.42999999999999,0.01,0.18789963939741583,0.25482200411654526,0.9716975368360207,0.9836981284884805,,,0.46406221948967963,75.43,7467.57,113.42999999999999,0.25,0.99,0.01,0.0
FILD or FILA ADJUDICATED,13,141387367,combined,0.3157894736842105,0.24295389993445485,0.9668797920727746,0.9861261929175796,,,0.42151422437030933,150.86,7392.14,198.86,0.02,0.3934507494802998,0.3064252663935181,0.9712797878761528,0.9877177312573122,,,0.42151422437030933,150.86,7392.14,198.86,0.02,0.2472096984918171,0.18967635113231635,0.9621801815548116,0.984704343443666,,,0.42151422437030933,150.86,7392.14,198.86,0.3157894736842105,0.98,0.02,0.0
FILD or FILA ADJUDICATED,13,141387367,combined,0.4407894736842105,0.15085003542868708,0.9399415204678363,0.9882772364335002,,,0.3336763537433476,377.15000000000003,7165.85,444.1500000000001,0.05,0.5202115409440079,0.1871208625367235,0.9461110534488483,0.9899744241342164,,,0.3336763537433476,377.15000000000003,7165.85,444.1500000000001,0.05,0.36428646018988675,0.12056702646015527,0.9333805830760891,0.9866232648474474,,,0.3336763537433476,377.15000000000003,7165.85,444.1500000000001,0.4407894736842105,0.95,0.05,0.0
FILD or FILA ADJUDICATED,13,141387367,combined,0.5657894736842105,0.10234443123265952,0.893398310591293,0.9903715698287318,,,0.2589770612999684,754.3000000000001,6788.7,840.3000000000002,0.1,0.6420034127929235,0.12468087860133241,0.9013419018090503,0.9921052966518953,,,0.2589770612999684,754.3000000000001,6788.7,840.3000000000002,0.1,0.486332141502749,0.08362722992746782,0.8849914836991845,0.9885418799456382,,,0.2589770612999684,754.3000000000001,6788.7,840.3000000000002,0.5657894736842105,0.9,0.1,0.0
FILD or FILA ADJUDICATED,14,1887021617,zebra,0.07753906250000002,0.6097560975609757,0.9807983024691359,0.9817448948395614,,,0.9999999953344358,7.543,7535.457,19.328937500000002,0.001,0.11478840540762873,0.7081531864011577,0.9818195887687609,0.9824764925743784,,,0.9999999953344358,7.543,7535.457,19.328937500000002,0.001,0.06111686414092558,0.5015357010815032,0.9796904536639167,0.9814083129547917,,,0.9999999953344358,7.543,7535.457,19.328937500000002,0.07753906250000002,0.999,0.001,0.0
FILD or FILA ADJUDICATED,14,1887021617,zebra,0.32894736842105265,0.5700431034482759,0.9818434048083171,0.9865917997867646,65.79900871266004,0.6744247577953627,0.999999513077461,37.715,7505.285,87.715,0.005,0.4070488033613299,0.6685526222828521,0.9847184710249851,0.9881498103513149,111.82283383787302,0.7458400189579533,0.999999513077461,37.715,7505.285,87.715,0.005,0.2592787554699216,0.46565458109401114,0.9786409416479316,0.9851930200365047,37.782570982836255,0.5951179215677609,0.999999513077461,37.715,7505.285,87.715,0.32894736842105265,0.995,0.005,0.0
FILD or FILA ADJUDICATED,14,1887021617,zebra,0.3355263157894737,0.40339145106861646,0.9770721247563353,0.9866553390624436,33.55407434210526,0.6711855425566834,0.9999876391907092,75.43,7467.57,126.42999999999999,0.01,0.4138238578453593,0.49053094028633665,0.9805882666976031,0.9882328523674561,51.7903721983494,0.743968338598136,0.9999876391907092,75.43,7467.57,126.42999999999999,0.01,0.2653372564154593,0.3219492973921533,0.9732271687771178,0.9852296292126135,21.21404232565777,0.59089788392467,0.9999876391907092,75.43,7467.57,126.42999999999999,0.3355263157894737,0.99,0.01,0.0
FILD or FILA ADJUDICATED,14,1887021617,zebra,0.3815789473684211,0.2786098901098901,0.9681793372319689,0.9874434621578105,,,0.9998880870772777,150.86,7392.14,208.86,0.02,0.4608215904986017,0.34285086939806475,0.9726105699209587,0.9890670365446907,,,0.9998880870772777,150.86,7392.14,208.86,0.02,0.3081744117691877,0.22233368887837496,0.9633844228047349,0.9859256278150619,,,0.9998880870772777,150.86,7392.14,208.86,0.3815789473684211,0.98,0.02,0.0
FILD or FILA ADJUDICATED,14,1887021617,zebra,0.47368421052631576,0.16030289532293981,0.9405912930474334,0.9889591973068314,,,0.9972873607067034,377.15000000000003,7165.85,449.15000000000003,0.05,0.552728023762286,0.19709206049578856,0.9467533543440241,0.9906475282628212,,,0.9972873607067034,377.15000000000003,7165.85,449.15000000000003,0.05,0.3959377545194448,0.1292751317773236,0.9340057938282779,0.987280802813702,,,0.9972873607067034,377.15000000000003,7165.85,449.15000000000003,0.47368421052631576,0.95,0.05,0.0
FILD or FILA ADJUDICATED,14,1887021617,zebra,0.5526315789473685,0.09927797833935018,0.8931384015594542,0.9900826927962788,5.526317828095632,0.49707602565694975,0.9825961106770273,754.3000000000001,6788.7,838.3000000000002,0.1,0.6294101335898308,0.12148952255046092,0.9010931456766436,0.9918298528925951,6.73655153517051,0.5898398579467367,0.9825961106770273,754.3000000000001,6788.7,838.3000000000002,0.1,0.47325830984670736,0.08074913388298363,0.8847332351726453,0.9882536744201167,4.424006763224494,0.40878337049092317,0.9825961106770273,754.3000000000001,6788.7,838.3000000000002,0.5526315789473685,0.9,0.1,0.0
FILD or FILA ADJUDICATED,14,1887021617,genomic,0.0,0.0484848484848485,0.9792666666666667,0.980227531596177,,,0.705116077248172,7.543,7535.457,7.543,0.001,0.024649787352889047,0.27753279986288926,0.980246302862848,0.9807150310823073,,,0.705116077248172,7.543,7535.457,7.543,0.001,0.0,0.026473961198807582,0.9782759769585572,0.980207904466031,,,0.705116077248172,7.543,7535.457,7.543,0.0,0.999,0.001,0.0
FILD or FILA ADJUDICATED,14,1887021617,genomic,0.006578947368421052,0.0484848484848485,0.9754756335282652,0.9802776411112061,,,0.5750147789293362,37.715,7505.285,38.715,0.005,0.036321051462105534,0.1327044766448916,0.977395453703519,0.9808824214704875,,,0.5750147789293362,37.715,7505.285,38.715,0.005,0.0011622913203507626,0.026473961198807582,0.9735423448252241,0.9801357791758853,,,0.5750147789293362,37.715,7505.285,38.715,0.006578947368421052,0.995,0.005,0.0
FILD or FILA ADJUDICATED,14,1887021617,genomic,0.03289473684210526,0.0484848484848485,0.9710942170240416,0.9806949045551608,,,0.4909846256286562,75.43,7467.57,80.43,0.01,0.07468664329518646,0.1288950762537,0.9738892599904392,0.981550472665213,,,0.4909846256286562,75.43,7467.57,80.43,0.01,0.01413092120553882,0.026473961198807582,0.9682650683285268,0.9802787360883414,,,0.4909846256286562,75.43,7467.57,80.43,0.03289473684210526,0.99,0.01,0.0
FILD or FILA ADJUDICATED,14,1887021617,genomic,0.05263157894736842,0.04848484848484848,0.9616816114359975,0.9808920746820992,,,0.4001782652117956,150.86,7392.14,158.86,0.02,0.10041073889314774,0.09621499794688244,0.9654913432225795,0.9818912969082922,,,0.4001782652117956,150.86,7392.14,158.86,0.02,0.026907491896279292,0.02647396119880757,0.9578285330294676,0.9803162169073195,,,0.4001782652117956,150.86,7392.14,158.86,0.05263157894736842,0.98,0.02,0.0
FILD or FILA ADJUDICATED,14,1887021617,genomic,0.1118421052631579,0.03952937521842114,0.9334437946718649,0.9815090023322007,,,0.29910918070309206,377.15000000000003,7165.85,394.15000000000003,0.05,0.17180947192515766,0.0657112334405468,0.9392290372706981,0.9828193530005221,,,0.29910918070309206,377.15000000000003,7165.85,394.15000000000003,0.05,0.0710107577303746,0.02647396119880757,0.9275874827805926,0.980572026623479,,,0.29910918070309206,377.15000000000003,7165.85,394.15000000000003,0.1118421052631579,0.95,0.05,0.0
FILD or FILA ADJUDICATED,14,1887021617,genomic,0.19736842105263158,0.03840528840528841,0.8861208576998051,0.9823462166587339,,,0.20994063954778933,754.3000000000001,6788.7,784.3000000000001,0.1,0.2677609132193307,0.054270202060953655,0.8939494573730288,0.9839845063833825,,,0.20994063954778933,754.3000000000001,6788.7,784.3000000000001,0.1,0.14189553702057578,0.02647396119880756,0.8781877976847218,0.9810046572871409,,,0.20994063954778933,754.3000000000001,6788.7,784.3000000000001,0.19736842105263158,0.9,0.1,0.0
FILD or FILA ADJUDICATED,14,1887021617,combined,0.125,0.7160726495726496,0.9817358024691358,0.9826562239885759,,,0.8486874771661647,7.543,7535.457,26.543,0.001,0.18698374924427225,0.851288661417472,0.9834528996409494,0.9838729922655606,,,0.8486874771661647,7.543,7535.457,26.543,0.001,0.08150359127039453,0.5200234536820245,0.9798859244404415,0.981791658966511,,,0.8486874771661647,7.543,7535.457,26.543,0.125,0.999,0.001,0.0
FILD or FILA ADJUDICATED,14,1887021617,combined,0.34023026315789473,0.5782815656565656,0.9820662768031189,0.9868142758750094,68.0487224395448,0.6630849855425454,0.790817427590223,37.715,7505.285,89.43,0.005,0.41865681693739304,0.6753320806314647,0.9849477651203147,0.9883791084328184,114.99997450133635,0.7353664125353283,0.790817427590223,37.715,7505.285,89.43,0.005,0.2696802894555662,0.4747816222111532,0.978846404047648,0.9853979166301103,39.29423379317534,0.5834673357114559,0.790817427590223,37.715,7505.285,89.43,0.34023026315789473,0.995,0.005,0.0
FILD or FILA ADJUDICATED,14,1887021617,combined,0.35526315789473684,0.4168575721153846,0.9774619883040936,0.9870465807044734,35.52784342105263,0.6512493383223266,0.7068039008382331,75.43,7467.57,129.43,0.01,0.4340558411514238,0.5031863509449191,0.9809879108122908,0.988634381658208,54.32242037746485,0.7254682556067835,0.7068039008382331,75.43,7467.57,129.43,0.01,0.28360593939809664,0.33534230125744713,0.9735880316508488,0.9855916284260189,22.674646159673717,0.5705029287850613,0.7068039008382331,75.43,7467.57,129.43,0.35526315789473684,0.99,0.01,0.0
FILD or FILA ADJUDICATED,14,1887021617,combined,0.39473684210526316,0.28440622236331886,0.9684392462638077,0.9877073384252918,19.73694701986755,0.6176154686002261,0.6506403440301214,150.86,7392.14,210.86,0.02,0.47411730747882846,0.3487532626506374,0.9728732013674818,0.989333759253962,27.764808130334497,0.6957431809029219,0.6506403440301214,150.86,7392.14,210.86,0.02,0.3205458056480955,0.22777915653533018,0.9636287960171578,0.9861738293813084,13.691372641987938,0.535018836749081,0.6506403440301214,150.86,7392.14,210.86,0.39473684210526316,0.98,0.02,0.0
FILD or FILA ADJUDICATED,14,1887021617,combined,0.4868421052631579,0.16369710467706014,0.9408512020792723,0.9892322452577643,9.736850816807713,0.5401662063275072,0.5043183118531525,377.15000000000003,7165.85,451.15000000000003,0.05,0.5656411819815536,0.20073059831652354,0.9470084290742813,0.9909150897679211,12.484756831026113,0.6258234100862008,0.5043183118531525,377.15000000000003,7165.85,451.15000000000003,0.05,0.4086917071593119,0.13235271746817798,0.9342577237569666,0.9875460068592737,7.410348742505259,0.454972050513076,0.5043183118531525,377.15000000000003,7165.85,451.15000000000003,0.4868421052631579,0.95,0.05,0.0
FILD or FILA ADJUDICATED,14,1887021617,combined,0.5657894736842105,0.10234443123265952,0.893398310591293,0.9903715698287318,,,0.34782272995558555,754.3000000000001,6788.7,840.3000000000002,0.1,0.6420034127929235,0.12468087860133241,0.9013419018090503,0.9921052966518953,,,0.34782272995558555,754.3000000000001,6788.7,840.3000000000002,0.1,0.486332141502749,0.08362722992746782,0.8849914836991845,0.9885418799456382,,,0.34782272995558555,754.3000000000001,6788.7,840.3000000000002,0.5657894736842105,0.9,0.1,0.0
FILD or FILA ADJUDICATED,15,652485927,zebra,0.06502586206896552,0.5671641791044776,0.980551128139634,0.9814975291229485,,,1.0,7.543,7535.457,17.426931034482756,0.001,0.10262242000888458,0.6789568850245825,0.9815911509954802,0.9822354367354497,,,1.0,7.543,7535.457,17.426931034482756,0.001,0.04887334413705888,0.44808736490792916,0.9794367283675162,0.9811666194868911,,,1.0,7.543,7535.457,17.426931034482756,0.06502586206896552,0.999,0.001,0.0
FILD or FILA ADJUDICATED,15,652485927,zebra,0.25,0.5019,0.980283950617284,0.9850379661083511,,,0.9999994976300033,37.715,7505.285,75.715,0.005,0.3244252542790286,0.6116764133587244,0.9830864009196557,0.9865208277129031,,,0.9999994976300033,37.715,7505.285,75.715,0.005,0.18789963939741583,0.391938436039841,0.9772309837995858,0.9837892856399311,,,0.9999994976300033,37.715,7505.285,75.715,0.25,0.995,0.005,0.0
FILD or FILA ADJUDICATED,15,652485927,zebra,0.2565789473684211,0.3400296267795305,0.9755126705653021,0.9850934691610292,25.65899802631579,0.7509303594941112,0.9999891669297839,75.43,7467.57,114.43,0.01,0.33141131282701675,0.4309926087859949,0.978960364573784,0.9866006358033443,41.47637918079808,0.8164652539556485,0.9999891669297839,75.43,7467.57,114.43,0.01,0.19374713627899498,0.2595093963609712,0.9718130429472617,0.9838136095021373,15.4903235415308,0.6739742750605928,0.9999891669297839,75.43,7467.57,114.43,0.2565789473684211,0.99,0.01,0.0
FILD or FILA ADJUDICATED,15,652485927,zebra,0.3026315789473684,0.23364723428750847,0.9666198830409357,0.9858631607002566,15.131659381898453,0.7116004312133041,0.9998786473576237,150.86,7392.14,196.86000000000004,0.02,0.37978706128398243,0.2975324301447997,0.9710098878623984,0.9874445234072904,22.240729710978187,0.7831286094228405,0.9998786473576237,150.86,7392.14,196.86000000000004,0.02,0.235206275829,0.17994707825771009,0.9619430769096201,0.9844642395781055,10.046292022439921,0.6309878794788703,0.9998786473576237,150.86,7392.14,196.86000000000004,0.3026315789473684,0.98,0.02,0.0
FILD or FILA ADJUDICATED,15,652485927,zebra,0.40131578947368424,0.13922182003515668,0.9391617933723198,0.9874601238525886,,,0.9972810267799634,377.15000000000003,7165.85,438.15000000000003,0.05,0.4807438558937293,0.1747824935503279,0.9453314448552624,0.9891586552426459,,,0.9972810267799634,377.15000000000003,7165.85,438.15000000000003,0.05,0.32675281266276185,0.10993237663623232,0.9326391776928372,0.9858446585247761,,,0.9972810267799634,377.15000000000003,7165.85,438.15000000000003,0.40131578947368424,0.95,0.05,0.0
FILD or FILA ADJUDICATED,15,652485927,zebra,0.5328947368421053,0.09697117726269948,0.892748538011696,0.989649693089074,,,0.980584381936114,754.3000000000001,6788.7,835.3000000000002,0.1,0.6104192680185561,0.11892279016330641,0.9007180174678282,0.9914147684270691,,,0.980584381936114,754.3000000000001,6788.7,835.3000000000002,0.1,0.45374850912928033,0.07868126319771448,0.8843478563930419,0.9878239038169989,,,0.980584381936114,754.3000000000001,6788.7,835.3000000000002,0.5328947368421053,0.9,0.1,0.0
FILD or FILA ADJUDICATED,15,652485927,genomic,0.006578947368421052,0.11745833333333332,0.9793966211825862,0.9803550581712467,,,0.7295541513456494,7.543,7535.457,8.543,0.001,0.036321051462105534,0.4041500267952384,0.9804768463514252,0.9809414013172958,,,0.7295541513456494,7.543,7535.457,8.543,0.001,0.0011622913203507626,0.020446045091638457,0.978298935799453,0.9802304538646637,,,0.7295541513456494,7.543,7535.457,8.543,0.006578947368421052,0.999,0.001,0.0
FILD or FILA ADJUDICATED,15,652485927,genomic,0.013157894736842105,0.05217391304347827,0.9756055880441845,0.9804056935148008,,,0.4768937777029609,37.715,7505.285,39.715,0.005,0.04670108102456133,0.16612679732505667,0.9776004913245058,0.9810844466456652,,,0.4768937777029609,37.715,7505.285,39.715,0.005,0.0036158171874622162,0.020446045091638457,0.9735908095337101,0.9801836063455068,,,0.4768937777029609,37.715,7505.285,39.715,0.013157894736842105,0.995,0.005,0.0
FILD or FILA ADJUDICATED,15,652485927,genomic,0.02631578947368421,0.05036075949367088,0.9709642625081222,0.9805661295706726,,,0.3630221676620048,75.43,7467.57,79.43,0.01,0.06570377320639395,0.12245177615148409,0.9737118205812778,0.9813747020023617,,,0.3630221676620048,75.43,7467.57,79.43,0.01,0.010280235864764092,0.020446045091638457,0.9681890054082152,0.9802032321402728,,,0.3630221676620048,75.43,7467.57,79.43,0.02631578947368421,0.99,0.01,0.0
FILD or FILA ADJUDICATED,15,652485927,genomic,0.046052631578947366,0.0412438269929994,0.961551656920078,0.9807619335308507,,,0.24572914915375615,150.86,7392.14,157.86,0.02,0.09200033996577209,0.08753179129399087,0.9653252118857424,0.9817250898082311,,,0.24572914915375615,150.86,7392.14,157.86,0.02,0.0224843353940877,0.020446045091638443,0.9577411620368317,0.9802285139820164,,,0.24572914915375615,150.86,7392.14,157.86,0.046052631578947366,0.98,0.02,0.0
FILD or FILA ADJUDICATED,15,652485927,genomic,0.07894736842105263,0.03083646430690132,0.9327940220922677,0.980837274193358,,,0.12835893173507337,377.15000000000003,7165.85,389.15000000000003,0.05,0.13291661653488784,0.053118858075158745,0.9384607833370632,0.9820270295209721,,,0.12835893173507337,377.15000000000003,7165.85,389.15000000000003,0.05,0.045735835972808184,0.0177261466685588,0.9270882250668628,0.9800539945640591,,,0.12835893173507337,377.15000000000003,7165.85,389.15000000000003,0.07894736842105263,0.95,0.05,0.0
FILD or FILA ADJUDICATED,15,652485927,genomic,0.11842105263157894,0.023180940115904696,0.884561403508772,0.9806433904997738,,,0.0684927418702457,754.3000000000001,6788.7,772.3000000000001,0.1,0.17941997512450975,0.03634122247080324,0.8922044511884397,0.9820869295972762,,,0.0684927418702457,754.3000000000001,6788.7,772.3000000000001,0.1,0.07623380996058976,0.017359634589978905,0.8768907759156357,0.9795808226667855,,,0.0684927418702457,754.3000000000001,6788.7,772.3000000000001,0.11842105263157894,0.9,0.1,0.0
FILD or FILA ADJUDICATED,15,652485927,combined,0.06936184210526317,0.58667718794835,0.9806367771280053,0.9815737237990124,,,0.6871754774369523,7.543,7535.457,18.086000000000002,0.001,0.12124326937463326,0.7755770008049917,0.9821543222608083,0.9825916732298402,,,0.6871754774369523,7.543,7535.457,18.086000000000002,0.001,0.03871069287218332,0.3637166273242225,0.9790406326202299,0.9809594880902894,,,0.6871754774369523,7.543,7535.457,18.086000000000002,0.06936184210526317,0.999,0.001,0.0
FILD or FILA ADJUDICATED,15,652485927,combined,0.15601973684210527,0.38524590163934425,0.9784275503573749,0.9831946326016415,,,0.5766896286584597,37.715,7505.285,61.43,0.005,0.22209497269102493,0.5106867173061366,0.9810650620240902,0.9845107501192742,,,0.5766896286584597,37.715,7505.285,61.43,0.005,0.10690258167405142,0.2778200095920322,0.9756310419186305,0.9822012485699214,,,0.5766896286584597,37.715,7505.285,61.43,0.15601973684210527,0.995,0.005,0.0
FILD or FILA ADJUDICATED,15,652485927,combined,0.24342105263157895,0.3297509398496241,0.9752527615334633,0.9848336381345311,24.34315197368421,0.7642211623170158,0.48213935281645215,75.43,7467.57,112.43,0.01,0.3174190329381704,0.42083547749244665,0.9786839738599302,0.9863240478419822,39.72523465491231,0.8282879640035277,0.48213935281645215,75.43,7467.57,112.43,0.01,0.18207230530870683,0.2502583136987645,0.9715824290021696,0.9835830726330125,14.55690634375592,0.6880792649825808,0.48213935281645215,75.43,7467.57,112.43,0.24342105263157895,0.99,0.01,0.0
FILD or FILA ADJUDICATED,15,652485927,combined,0.32894736842105265,0.24893034825870647,0.9671397011046134,0.9863893655284468,16.447455849889625,0.6847475847524247,0.3620634706183277,150.86,7392.14,200.86,0.02,0.4070488033613299,0.3130625048521596,0.9715483914096052,0.9879897768746447,23.837205996775918,0.7584790249522185,0.3620634706183277,150.86,7392.14,200.86,0.02,0.2592787554699216,0.19422141409561317,0.962418582680305,0.9849458782997564,11.074492308867484,0.6032525199749278,0.3620634706183277,150.86,7392.14,200.86,0.32894736842105265,0.98,0.02,0.0
FILD or FILA ADJUDICATED,15,652485927,combined,0.40131578947368424,0.13922182003515668,0.9391617933723198,0.9874601238525886,,,0.21864011831188493,377.15000000000003,7165.85,438.15000000000003,0.05,0.4807438558937293,0.1747824935503279,0.9453314448552624,0.9891586552426459,,,0.21864011831188493,377.15000000000003,7165.85,438.15000000000003,0.05,0.32675281266276185,0.10993237663623232,0.9326391776928372,0.9858446585247761,,,0.21864011831188493,377.15000000000003,7165.85,438.15000000000003,0.40131578947368424,0.95,0.05,0.0
FILD or FILA ADJUDICATED,15,652485927,combined,0.5197368421052632,0.09481325307238507,0.892488628979857,0.9893612369637823,,,0.1376233841120176,754.3000000000001,6788.7,833.3000000000001,0.1,0.5976919125435891,0.11659426911535624,0.9004666129152363,0.9911367802589403,,,0.1376233841120176,754.3000000000001,6788.7,833.3000000000001,0.1,0.4408087537451127,0.07675522738186177,0.884092256286688,0.9875390672212735,,,0.1376233841120176,754.3000000000001,6788.7,833.3000000000001,0.5197368421052632,0.9,0.1,0.0
FILD or FILA ADJUDICATED,16,1703799941,zebra,0.06403225806451612,0.563380281690141,0.980531501393867,0.9814787670451482,,,0.9999999953344358,7.543,7535.457,17.275903225806452,0.001,0.10098687386954898,0.6725387725484673,0.981550757505185,0.9822040377201574,,,0.9999999953344358,7.543,7535.457,17.275903225806452,0.001,0.04857066652234102,0.4477154306941805,0.9794388359564967,0.9811613667844606,,,0.9999999953344358,7.543,7535.457,17.275903225806452,0.06403225806451612,0.999,0.001,0.0
FILD or FILA ADJUDICATED,16,1703799941,zebra,0.26973684210526316,0.520883641674781,0.9806738141650423,0.9854259654950006,53.95518714438123,0.7339328246596594,0.9999994976300033,37.715,7505.285,78.715,0.005,0.34532489430738517,0.6276762163737941,0.9834992333152776,0.9869323714699434,94.8662861979667,0.7999897437312323,0.9999994976300033,37.715,7505.285,78.715,0.005,0.20550066565776098,0.41214598639081196,0.9775786583923828,0.9841350539140157,29.94593009813788,0.6570673782438815,0.9999994976300033,37.715,7505.285,78.715,0.26973684210526316,0.995,0.005,0.0
FILD or FILA ADJUDICATED,16,1703799941,zebra,0.28289473684210525,0.3635868644067797,0.9760324886289798,0.9856135427422427,28.29069013157895,0.7243487538483019,0.9999869202458875,75.43,7467.57,118.42999999999999,0.01,0.35916337306610735,0.4530795886725155,0.9795085534180129,0.9871496750677411,44.94957073755605,0.7925843893692461,0.9999869202458875,75.43,7467.57,118.42999999999999,0.01,0.21732929775817333,0.2826359288342923,0.9722788634209245,0.9842796040527948,17.37574656319071,0.6459986675758678,0.9999869202458875,75.43,7467.57,118.42999999999999,0.28289473684210525,0.99,0.01,0.0
FILD or FILA ADJUDICATED,16,1703799941,zebra,0.32894736842105265,0.24893034825870647,0.9671397011046134,0.9863893655284468,16.447455849889625,0.6847475847524247,0.999875318267006,150.86,7392.14,200.86,0.02,0.4070488033613299,0.3130625048521596,0.9715483914096052,0.9879897768746447,23.837205996775918,0.7584790249522185,0.999875318267006,150.86,7392.14,200.86,0.02,0.2592787554699216,0.19422141409561317,0.962418582680305,0.9849458782997564,11.074492308867484,0.6032525199749278,0.999875318267006,150.86,7392.14,200.86,0.32894736842105265,0.98,0.02,0.0
FILD or FILA ADJUDICATED,16,1703799941,zebra,0.4407894736842105,0.15085003542868708,0.9399415204678363,0.9882772364335002,,,0.9973730127856827,377.15000000000003,7165.85,444.1500000000001,0.05,0.5202115409440079,0.1871208625367235,0.9461110534488483,0.9899744241342164,,,0.9973730127856827,377.15000000000003,7165.85,444.1500000000001,0.05,0.36428646018988675,0.12056702646015527,0.9333805830760891,0.9866232648474474,,,0.9973730127856827,377.15000000000003,7165.85,444.1500000000001,0.4407894736842105,0.95,0.05,0.0
FILD or FILA ADJUDICATED,16,1703799941,zebra,0.5263157894736842,0.09594755661501789,0.8926185834957765,0.9895054440040743,,,0.9806946709854331,754.3000000000001,6788.7,834.3000000000001,0.1,0.6040622454805551,0.11778871842066072,0.9005924466522628,0.9912759002150774,,,0.9806946709854331,754.3000000000001,6788.7,834.3000000000001,0.1,0.44727197623771375,0.07782080423451522,0.8842199248791344,0.98768131848552,,,0.9806946709854331,754.3000000000001,6788.7,834.3000000000001,0.5263157894736842,0.9,0.1,0.0
FILD or FILA ADJUDICATED,16,1703799941,genomic,0.006578947368421052,0.11745833333333332,0.9793966211825862,0.9803550581712467,,,0.734074948246703,7.543,7535.457,8.543,0.001,0.036321051462105534,0.4041500267952384,0.9804768463514252,0.9809414013172958,,,0.734074948246703,7.543,7535.457,8.543,0.001,0.0011622913203507626,0.023854077568662545,0.978298935799453,0.9802304538646637,,,0.734074948246703,7.543,7535.457,8.543,0.006578947368421052,0.999,0.001,0.0
FILD or FILA ADJUDICATED,16,1703799941,genomic,0.019736842105263157,0.0736920731707317,0.975735542560104,0.9805337793774066,,,0.6488732398722552,37.715,7505.285,40.715,0.005,0.05641580175457883,0.1955193225889762,0.9777923870426295,0.9812735984047852,,,0.6488732398722552,37.715,7505.285,40.715,0.005,0.006734651887011962,0.023854077568662545,0.9736524161450593,0.9802444092783018,,,0.6488732398722552,37.715,7505.285,40.715,0.019736842105263157,0.995,0.005,0.0
FILD or FILA ADJUDICATED,16,1703799941,genomic,0.02631578947368421,0.049999999999999996,0.9709642625081222,0.9805661295706726,,,0.5921968439380952,75.43,7467.57,79.43,0.01,0.06570377320639395,0.12245177615148409,0.9737118205812778,0.9813747020023617,,,0.5921968439380952,75.43,7467.57,79.43,0.01,0.010280235864764092,0.022589381702191696,0.9681890054082152,0.9802032321402728,,,0.5921968439380952,75.43,7467.57,79.43,0.02631578947368421,0.99,0.01,0.0
FILD or FILA ADJUDICATED,16,1703799941,genomic,0.039473684210526314,0.03825085742283194,0.9614217024041586,0.9806318269083195,,,0.5369702132006818,150.86,7392.14,156.86,0.02,0.08343651522247675,0.08093082033647803,0.9651560499155044,0.9815559085003256,,,0.5369702132006818,150.86,7392.14,156.86,0.02,0.018214604707815794,0.022589381702191696,0.9576568216775967,0.9801438680880084,,,0.5369702132006818,150.86,7392.14,156.86,0.039473684210526314,0.98,0.02,0.0
FILD or FILA ADJUDICATED,16,1703799941,genomic,0.09868421052631579,0.03619909502262443,0.933183885640026,0.981240200698692,,,0.42400942192242785,377.15000000000003,7165.85,392.15000000000003,0.05,0.15643415657102436,0.06200590126815502,0.938925327337777,0.9825059750126129,,,0.42400942192242785,377.15000000000003,7165.85,392.15000000000003,0.05,0.060718962225373437,0.022589381702191696,0.9273841880545679,0.980361021015179,,,0.42400942192242785,377.15000000000003,7165.85,392.15000000000003,0.09868421052631579,0.95,0.05,0.0
FILD or FILA ADJUDICATED,16,1703799941,genomic,0.17763157894736842,0.0344599072233267,0.8857309941520468,0.981919955949896,,,0.32506017538438853,754.3000000000001,6788.7,781.3000000000001,0.1,0.24610846561292388,0.049812886608772186,0.8935217547042602,0.9835187304417543,,,0.32506017538438853,754.3000000000001,6788.7,781.3000000000001,0.1,0.12504731833828087,0.022589381702191696,0.8778549933650716,0.9806389192844,,,0.32506017538438853,754.3000000000001,6788.7,781.3000000000001,0.17763157894736842,0.9,0.1,0.0
FILD or FILA ADJUDICATED,16,1703799941,combined,0.05676973684210526,0.5746268656716419,0.9803880441845355,0.9813291010196087,,,0.9148446092391296,7.543,7535.457,16.172,0.001,0.10549942550402475,0.7471117889855602,0.9818433327522531,0.9822853694478519,,,0.9148446092391296,7.543,7535.457,16.172,0.001,0.029891111650600106,0.40041830115906496,0.9788664186701739,0.9807881752999171,,,0.9148446092391296,7.543,7535.457,16.172,0.05676973684210526,0.999,0.001,0.0
FILD or FILA ADJUDICATED,16,1703799941,combined,0.16917763157894739,0.4047619047619048,0.9786874593892138,0.9834522977093767,33.83323790896159,0.8349971787060692,0.8574400414951068,37.715,7505.285,63.430000000000014,0.005,0.2367530025891268,0.5280299747892457,0.9813546033554107,0.984798176554839,65.02713154584772,0.8881838578508802,0.8574400414951068,37.715,7505.285,63.430000000000014,0.005,0.11791166263508407,0.29244318062924735,0.9758485052462558,0.9824167935347551,17.178598659987514,0.7660358390355073,0.8574400414951068,37.715,7505.285,63.430000000000014,0.16917763157894739,0.995,0.005,0.0
FILD or FILA ADJUDICATED,16,1703799941,combined,0.2565789473684211,0.34174125874125877,0.9755126705653021,0.9850934691610292,25.65899802631579,0.7509303594941112,0.7727704712435012,75.43,7467.57,114.43,0.01,0.33141131282701675,0.43201455375678977,0.978960364573784,0.9866006358033443,41.47637918079808,0.8164652539556485,0.7727704712435012,75.43,7467.57,114.43,0.01,0.19374713627899498,0.26217342518187925,0.9718130429472617,0.9838136095021373,15.4903235415308,0.6739742750605928,0.7727704712435012,75.43,7467.57,114.43,0.2565789473684211,0.99,0.01,0.0
FILD or FILA ADJUDICATED,16,1703799941,combined,0.29605263157894735,0.229756671899529,0.9664899285250164,0.9857316972040716,,,0.6915874605465557,150.86,7392.14,195.86,0.02,0.37292990042352286,0.2935315108450249,0.9708744377713275,0.9873074702195901,,,0.6915874605465557,150.86,7392.14,195.86,0.02,0.22922988125989224,0.17637864258501734,0.961825024671218,0.9843447377122785,,,0.6915874605465557,150.86,7392.14,195.86,0.29605263157894735,0.98,0.02,0.0
FILD or FILA ADJUDICATED,16,1703799941,combined,0.4144736842105263,0.1431331168831169,0.9394217024041586,0.9877323445397743,8.289481100795756,0.6163434918352326,0.5235960667746238,377.15000000000003,7165.85,440.1500000000001,0.05,0.49395491032566785,0.17894201212330338,0.9455924039551526,0.9894315685772762,10.902506990922003,0.699362014549416,0.5235960667746238,377.15000000000003,7165.85,440.1500000000001,0.05,0.33920886908995784,0.11349952045287683,0.9328852232518929,0.9861029134493371,6.150494302854922,0.5300603154588808,0.5235960667746238,377.15000000000003,7165.85,440.1500000000001,0.4144736842105263,0.95,0.05,0.0
FILD or FILA ADJUDICATED,16,1703799941,combined,0.5131578947368421,0.09371623649459783,0.8923586744639377,0.9892170719498187,,,0.37193732430021986,754.3000000000001,6788.7,832.3000000000001,0.1,0.5913082928406881,0.11542447661755369,0.9003405167235741,0.9909974093029029,,,0.37193732430021986,754.3000000000001,6788.7,832.3000000000001,0.1,0.43435881801844656,0.07574115106837566,0.8839648501488773,0.9873971492334549,,,0.37193732430021986,754.3000000000001,6788.7,832.3000000000001,0.5131578947368421,0.9,0.1,0.0
FILD or FILA ADJUDICATED,17,1940430485,zebra,0.06723387096774194,0.5753424657534246,0.980594743130227,0.9815416765340348,,,1.0,7.543,7535.457,17.762548387096775,0.001,0.10436312311719224,0.6821580845742111,0.9816174488483483,0.9822705002729433,,,1.0,7.543,7535.457,17.762548387096775,0.001,0.05143980492664782,0.4609938046379387,0.9794955102953472,0.9812176933336711,,,1.0,7.543,7535.457,17.762548387096775,0.06723387096774194,0.999,0.001,0.0
FILD or FILA ADJUDICATED,17,1940430485,zebra,0.28289473684210525,0.5327554012345679,0.9809337231968811,0.9856848016086758,56.587147492887624,0.7207088098009268,0.9999995599481692,37.715,7505.285,80.715,0.005,0.35916337306610735,0.6376195988493584,0.9837725859821165,0.9872050598786102,98.66793823090948,0.788079369545036,0.9999995599481692,37.715,7505.285,80.715,0.005,0.21732929775817333,0.4249134564661298,0.9778123103844897,0.9843675613681663,31.669619843384016,0.6431783317873838,0.9999995599481692,37.715,7505.285,80.715,0.28289473684210525,0.995,0.005,0.0
FILD or FILA ADJUDICATED,17,1940430485,zebra,0.28289473684210525,0.3630900156672838,0.9760324886289798,0.9856135427422427,,,0.9999928674044405,75.43,7467.57,118.42999999999999,0.01,0.35916337306610735,0.45273764427640584,0.9795085534180129,0.9871496750677411,,,0.9999928674044405,75.43,7467.57,118.42999999999999,0.01,0.21732929775817333,0.2820448709193906,0.9722788634209245,0.9842796040527948,,,0.9999928674044405,75.43,7467.57,118.42999999999999,0.28289473684210525,0.99,0.01,0.0
FILD or FILA ADJUDICATED,17,1940430485,zebra,0.3092105263157895,0.23754242936984055,0.9667498375568552,0.9859946592667475,,,0.999894433773359,150.86,7392.14,197.86,0.02,0.38662724600175197,0.301485014371803,0.9711450026222556,0.9875812752091926,,,0.999894433773359,150.86,7392.14,197.86,0.02,0.24119964654079779,0.18359699736027998,0.9620614644792359,0.9845841100357942,,,0.999894433773359,150.86,7392.14,197.86,0.3092105263157895,0.98,0.02,0.0
FILD or FILA ADJUDICATED,17,1940430485,zebra,0.39473684210526316,0.1368909512761021,0.9390318388564003,0.987324069769601,7.894743905519768,0.6371191151555213,0.9975668274714071,377.15000000000003,7165.85,437.15000000000003,0.05,0.47411730747882846,0.17253321681332648,0.9452005500717583,0.9890218210102473,10.464654063054141,0.7191144552766228,0.9975668274714071,377.15000000000003,7165.85,437.15000000000003,0.05,0.3205458056480955,0.10763334544564386,0.9325165701468685,0.9857160173929043,5.812097887451784,0.5508393453072105,0.9975668274714071,377.15000000000003,7165.85,437.15000000000003,0.39473684210526316,0.95,0.05,0.0
FILD or FILA ADJUDICATED,17,1940430485,zebra,0.4934210526315789,0.09104796822487014,0.8919688109161794,0.9887848288822616,,,0.9833518794142878,754.3000000000001,6788.7,829.3000000000001,0.1,0.5720778477802321,0.11225792397191069,0.8999606560804045,0.990577795655922,,,0.9833518794142878,754.3000000000001,6788.7,829.3000000000001,0.1,0.4150885967902005,0.07351690618146989,0.883584203803628,0.9869733892758451,,,0.9833518794142878,754.3000000000001,6788.7,829.3000000000001,0.4934210526315789,0.9,0.1,0.0
FILD or FILA ADJUDICATED,17,1940430485,genomic,0.0,0.04444444444444445,0.9792666666666667,0.980227531596177,,,0.8156627610893825,7.543,7535.457,7.543,0.001,0.024649787352889047,0.27753279986288926,0.980246302862848,0.9807150310823073,,,0.8156627610893825,7.543,7535.457,7.543,0.001,0.0,0.01958508802817071,0.9782759769585572,0.980207904466031,,,0.8156627610893825,7.543,7535.457,7.543,0.0,0.999,0.001,0.0
FILD or FILA ADJUDICATED,17,1940430485,genomic,0.0,0.04444444444444445,0.9753456790123457,0.9801496221535144,,,0.6661167878177692,37.715,7505.285,37.715,0.005,0.024649787352889047,0.11989867407296897,0.9771649102149418,0.9806553645119755,,,0.6661167878177692,37.715,7505.285,37.715,0.005,0.0,0.01958508802817071,0.9735193859843282,0.9801131239809229,,,0.6661167878177692,37.715,7505.285,37.715,0.0,0.995,0.005,0.0
FILD or FILA ADJUDICATED,17,1940430485,genomic,0.03289473684210526,0.04444444444444445,0.9710942170240416,0.9806949045551608,3.289615131578947,0.9768740074834897,0.5715059648971313,75.43,7467.57,80.43,0.01,0.07468664329518646,0.11989867407296897,0.9738892599904392,0.981550472665213,9.347090510060694,0.9983565752189099,0.5715059648971313,75.43,7467.57,80.43,0.01,0.01413092120553882,0.01958508802817071,0.9682650683285268,0.9802787360883414,1.129784654460495,0.9327669025121529,0.5715059648971313,75.43,7467.57,80.43,0.03289473684210526,0.99,0.01,0.0
FILD or FILA ADJUDICATED,17,1940430485,genomic,0.039473684210526314,0.0391566265060241,0.9614217024041586,0.9806318269083195,,,0.45264090559841874,150.86,7392.14,156.86,0.02,0.08343651522247675,0.08093082033647803,0.9651560499155044,0.9815559085003256,,,0.45264090559841874,150.86,7392.14,156.86,0.02,0.018214604707815794,0.018982855230262545,0.9576568216775967,0.9801438680880084,,,0.45264090559841874,150.86,7392.14,156.86,0.039473684210526314,0.98,0.02,0.0
FILD or FILA ADJUDICATED,17,1940430485,genomic,0.06578947368421052,0.02582980367084898,0.9325341130604289,0.9805688403102079,,,0.2995608713532955,377.15000000000003,7165.85,387.15000000000003,0.05,0.11686053432719501,0.04688740119904942,0.9381436261576519,0.9817003081763404,,,0.2995608713532955,377.15000000000003,7165.85,387.15000000000003,0.05,0.036124807321366526,0.01773519786775042,0.9268983775873282,0.9798571515724362,,,0.2995608713532955,377.15000000000003,7165.85,387.15000000000003,0.06578947368421052,0.95,0.05,0.0
FILD or FILA ADJUDICATED,17,1940430485,genomic,0.10526315789473684,0.02209300248128527,0.8843014944769331,0.9803601599209154,,,0.1855202441051888,754.3000000000001,6788.7,770.3000000000002,0.1,0.16414883536203786,0.03372283014555754,0.8919027990449835,0.9817596448844639,,,0.1855202441051888,754.3000000000001,6788.7,770.3000000000002,0.1,0.06583783886392716,0.01773519786775042,0.876685423400146,0.9793557712620153,,,0.1855202441051888,754.3000000000001,6788.7,770.3000000000002,0.10526315789473684,0.9,0.1,0.0
FILD or FILA ADJUDICATED,17,1940430485,combined,0.013157894736842105,0.26658905704307334,0.9795265756985055,0.9804826179327817,,,0.8528719093491806,7.543,7535.457,9.543000000000001,0.001,0.04670108102456133,0.5098375284633583,0.980681883972412,0.9811428152046272,,,0.8528719093491806,7.543,7535.457,9.543000000000001,0.001,0.0036158171874622162,0.1526943585593989,0.9783474005079391,0.9802780576723298,,,0.8528719093491806,7.543,7535.457,9.543000000000001,0.013157894736842105,0.999,0.001,0.0
FILD or FILA ADJUDICATED,17,1940430485,combined,0.08552631578947369,0.25635490196078436,0.9770350877192983,0.9818164811379098,17.10774226529161,0.9190690326819158,0.7756025331557577,37.715,7505.285,50.715,0.005,0.14082381103246616,0.3906347133496921,0.979459705744415,0.9829201508560123,38.686559182734854,0.9558982279591901,0.7756025331557577,37.715,7505.285,50.715,0.005,0.050662196904797105,0.1526943585593989,0.9745201207380032,0.9811015964254904,7.3825873131513875,0.8623157365014124,0.7756025331557577,37.715,7505.285,50.715,0.08552631578947369,0.995,0.005,0.0
FILD or FILA ADJUDICATED,17,1940430485,combined,0.13815789473684212,0.2170058269834155,0.9731734892787525,0.982759913963271,13.81638355263158,0.8705475849002527,0.7213535835807452,75.43,7467.57,96.43,0.01,0.20198270641797986,0.3100987657469149,0.9764037501261981,0.9840481004261719,25.278290134074783,0.9193272485035738,0.7213535835807452,75.43,7467.57,96.43,0.01,0.09217174495582145,0.14553532139133354,0.9698066154643348,0.9818114653323147,7.3692451830469965,0.8044454494166495,0.7213535835807452,75.43,7467.57,96.43,0.13815789473684212,0.99,0.01,0.0
FILD or FILA ADJUDICATED,17,1940430485,combined,0.2565789473684211,0.1981872443904057,0.9657102014294997,0.9849436519183499,,,0.6351788170853759,150.86,7392.14,189.86000000000004,0.02,0.33141131282701675,0.26329886300660493,0.9700543175225077,0.9864784554386204,,,0.6351788170853759,150.86,7392.14,189.86000000000004,0.02,0.19374713627899498,0.1450752574747682,0.9611241309432003,0.9836358343593803,,,0.6351788170853759,150.86,7392.14,189.86000000000004,0.2565789473684211,0.98,0.02,0.0
FILD or FILA ADJUDICATED,17,1940430485,combined,0.3881578947368421,0.13527465202695607,0.9389018843404808,0.987188053173015,7.763164840427771,0.6440443229289511,0.45698340364964213,377.15000000000003,7165.85,436.15000000000003,0.05,0.4674765939081062,0.17057478142018415,0.945069375482707,0.9888847322497687,10.318081117596881,0.7256687780506332,0.45698340364964213,377.15000000000003,7165.85,436.15000000000003,0.05,0.31435296378925043,0.10634318254355848,0.9323942424064469,0.985587703289084,5.699810025776778,0.5577952051742323,0.45698340364964213,377.15000000000003,7165.85,436.15000000000003,0.3881578947368421,0.95,0.05,0.0
FILD or FILA ADJUDICATED,17,1940430485,combined,0.45394736842105265,0.08380908704833133,0.8911890838206628,0.9879214749815705,,,0.31224543739619537,754.3000000000001,6788.7,823.3000000000002,0.1,0.5332583650033167,0.10472477183002299,0.899193851482342,0.9897318255244251,,,0.31224543739619537,754.3000000000001,6788.7,823.3000000000002,0.1,0.3769067469897125,0.0667591996533275,0.8828299944248529,0.9861348283741652,,,0.31224543739619537,754.3000000000001,6788.7,823.3000000000002,0.45394736842105265,0.9,0.1,0.0
FILD or FILA ADJUDICATED,18,908618432,zebra,0.05706875,0.5348837209302325,0.980393950617284,0.9813448377895573,,,1.0,7.543000000000001,7535.457,16.21745,0.001,0.091619798784445,0.6365412845995113,0.9813363417622707,0.9820226157643455,,,1.0,7.543000000000001,7535.457,16.21745,0.001,0.044354023464453676,0.4302430272177626,0.979384931341031,0.9810812682990868,,,1.0,7.543000000000001,7535.457,16.21745,0.05706875,0.999,0.001,0.0
FILD or FILA ADJUDICATED,18,908618432,zebra,0.28534375,0.5348837209302325,0.9809820987654321,0.9857365346267983,57.06875,0.718161681160869,1.0,37.715,7505.285,81.08725000000001,0.005,0.35949984451066874,0.6365412845995112,0.9837464169711251,0.9872153287902131,97.45830288004304,0.7834977710147712,1.0,37.715,7505.285,81.08725000000001,0.005,0.22177011732226837,0.4302430272177626,0.9779328456376277,0.9844581309195952,32.61065919219447,0.6427879234828171,1.0,37.715,7505.285,81.08725000000001,0.28534375,0.995,0.005,0.0
FILD or FILA ADJUDICATED,18,908618432,zebra,0.3157894736842105,0.38877526435550797,0.976682261208577,0.9862644074551719,31.580305263157893,0.6911217467910403,0.999988897909791,75.43,7467.57,123.42999999999999,0.01,0.3934507494802998,0.4770052755795867,0.9801858349274291,0.9878288517158036,49.240662110203566,0.7623255089719754,0.999988897909791,75.43,7467.57,123.42999999999999,0.01,0.2472096984918171,0.30693169748981874,0.972869093558873,0.9848706891820558,19.764721614921147,0.6114351009080008,0.999988897909791,75.43,7467.57,123.42999999999999,0.3157894736842105,0.99,0.01,0.0
FILD or FILA ADJUDICATED,18,908618432,zebra,0.36750000000000005,0.26941747572815533,0.9679012345679012,0.9871612748622095,18.374833885209714,0.645408055355979,0.9998835412685522,150.86,7392.14,206.72000000000003,0.02,0.44653034655821433,0.3338138251742088,0.9723282737443586,0.9887805072543546,26.148946740354862,0.721899410453003,0.9998835412685522,150.86,7392.14,206.72000000000003,0.02,0.29500184709030125,0.21346360003793433,0.9631242239962631,0.9856614939745257,12.600128344328931,0.5630849630495124,0.9998835412685522,150.86,7392.14,206.72000000000003,0.36750000000000005,0.98,0.02,0.0
FILD or FILA ADJUDICATED,18,908618432,zebra,0.4473684210526316,0.15275759560638885,0.9400714749837558,0.9884135533557541,,,0.9980515789906151,377.15000000000003,7165.85,445.1500000000001,0.05,0.5267416901532926,0.18913712788055284,0.9462400440505131,0.9901095274086291,,,0.9980515789906151,377.15000000000003,7165.85,445.1500000000001,0.05,0.3705898664101692,0.12231990405208903,0.9335050948038972,0.986754144737749,,,0.9980515789906151,377.15000000000003,7165.85,445.1500000000001,0.4473684210526316,0.95,0.05,0.0
FILD or FILA ADJUDICATED,18,908618432,zebra,0.5394736842105263,0.09805096808492393,0.8928784925276153,0.9897939842371722,,,0.9846651527447533,754.3000000000001,6788.7,836.3000000000001,0.1,0.6167629496691474,0.12008157669755605,0.9008433247596918,0.9915533840005881,,,0.9846651527447533,754.3000000000001,6788.7,836.3000000000001,0.1,0.46023838290825614,0.07969609999100916,0.8844760514306512,0.9879668241588586,,,0.9846651527447533,754.3000000000001,6788.7,836.3000000000001,0.5394736842105263,0.9,0.1,0.0
FILD or FILA ADJUDICATED,18,908618432,genomic,0.0,0.030741908483352922,0.9792666666666667,0.980227531596177,,,0.8216827674748594,7.543,7535.457,7.543,0.001,0.024649787352889047,0.27753279986288926,0.980246302862848,0.9807150310823073,,,0.8216827674748594,7.543,7535.457,7.543,0.001,0.0,0.02013282404133309,0.9782759769585572,0.980207904466031,,,0.8216827674748594,7.543,7535.457,7.543,0.0,0.999,0.001,0.0
FILD or FILA ADJUDICATED,18,908618432,genomic,0.006578947368421052,0.030741908483352922,0.9754756335282652,0.9802776411112061,,,0.7464898045774366,37.715,7505.285,38.715,0.005,0.036321051462105534,0.1327044766448916,0.977395453703519,0.9808824214704875,,,0.7464898045774366,37.715,7505.285,38.715,0.005,0.0011622913203507626,0.02013282404133309,0.9735423448252241,0.9801357791758853,,,0.7464898045774366,37.715,7505.285,38.715,0.006578947368421052,0.995,0.005,0.0
FILD or FILA ADJUDICATED,18,908618432,genomic,0.006578947368421052,0.03074190848335292,0.9705743989603639,0.9801800074505257,,,0.6896740626049791,75.43,7467.57,76.43,0.01,0.036321051462105534,0.07046060141829741,0.9731314211394154,0.9808002004542108,,,0.6896740626049791,75.43,7467.57,76.43,0.01,0.0011622913203507626,0.02013282404133309,0.9680088978616589,0.9800244945393152,,,0.6896740626049791,75.43,7467.57,76.43,0.006578947368421052,0.99,0.01,0.0
FILD or FILA ADJUDICATED,18,908618432,genomic,0.012236842105263223,0.03074190848335292,0.9608836907082521,0.9800935566764613,,,0.6092593870573979,150.86,7392.14,152.72000000000003,0.02,0.04524787688581762,0.05791014400027537,0.9644017064421878,0.9808021961108913,,,0.6092593870573979,150.86,7392.14,152.72000000000003,0.02,0.003272323566066637,0.02013282404133309,0.9573616655068955,0.979847758848429,,,0.6092593870573979,150.86,7392.14,152.72000000000003,0.012236842105263223,0.98,0.02,0.0
FILD or FILA ADJUDICATED,18,908618432,genomic,0.09210526315789473,0.03074190848335292,0.9330539311241066,0.9811058550860356,,,0.49581837002214174,377.15000000000003,7165.85,391.15000000000003,0.05,0.148660910626281,0.05791014400027537,0.9387717817388684,0.9823476176131599,,,0.49581837002214174,377.15000000000003,7165.85,391.15000000000003,0.05,0.0556586527405495,0.02013282404133309,0.9272842313240034,0.9802573062669905,,,0.49581837002214174,377.15000000000003,7165.85,391.15000000000003,0.09210526315789473,0.95,0.05,0.0
FILD or FILA ADJUDICATED,18,908618432,genomic,0.15789473684210525,0.030741908483352915,0.8853411306042885,0.9814940650076052,,,0.3701299234063541,754.3000000000001,6788.7,778.3000000000001,0.1,0.22419505004317747,0.046065077302192024,0.8930888971127591,0.9830477894416849,,,0.3701299234063541,754.3000000000001,6788.7,778.3000000000001,0.1,0.10846006761932553,0.02013282404133309,0.8775273439681539,0.9802791126333656,,,0.3701299234063541,754.3000000000001,6788.7,778.3000000000001,0.15789473684210525,0.9,0.1,0.0
FILD or FILA ADJUDICATED,18,908618432,combined,0.08251973684210527,0.6296296296296297,0.9808966861598442,0.9818295113553165,,,0.803504079781425,7.543,7535.457,20.086000000000002,0.001,0.13721022314707287,0.8012935171571215,0.9824697188785356,0.9829025732204139,,,0.803504079781425,7.543,7535.457,20.086000000000002,0.001,0.04841084995887817,0.4224704894864639,0.9792322406614485,0.9811479999190192,,,0.803504079781425,7.543,7535.457,20.086000000000002,0.08251973684210527,0.999,0.001,0.0
FILD or FILA ADJUDICATED,18,908618432,combined,0.26973684210526316,0.520883641674781,0.9806738141650423,0.9854259654950006,53.95518714438123,0.7339328246596594,0.7356251244781005,37.715,7505.285,78.715,0.005,0.34532489430738517,0.6276762163737941,0.9834992333152776,0.9869323714699434,94.8662861979667,0.7999897437312323,0.7356251244781005,37.715,7505.285,78.715,0.005,0.20550066565776098,0.41214598639081196,0.9775786583923828,0.9841350539140157,29.94593009813788,0.6570673782438815,0.7356251244781005,37.715,7505.285,78.715,0.26973684210526316,0.995,0.005,0.0
FILD or FILA ADJUDICATED,18,908618432,combined,0.2894736842105263,0.368422969187675,0.9761624431448993,0.9857436469518124,,,0.6981777064918414,75.43,7467.57,119.43,0.01,0.36605544926939826,0.45777565932505954,0.979644693194868,0.9872861207778568,,,0.6981777064918414,75.43,7467.57,119.43,0.01,0.22327077698444972,0.2872705938013867,0.9723962259735422,0.9843970800940202,,,0.6981777064918414,75.43,7467.57,119.43,0.2894736842105263,0.99,0.01,0.0
FILD or FILA ADJUDICATED,18,908618432,combined,0.3618421052631579,0.267172626095193,0.9677894736842106,0.9870479120155043,18.09220143487859,0.6511815266763253,0.6439746574121721,150.86,7392.14,205.86,0.02,0.4407694484176684,0.3314780537050196,0.972214478225533,0.9886650464456813,25.8119224335138,0.727301964442767,0.6439746574121721,150.86,7392.14,205.86,0.02,0.28972588756141926,0.211397385628926,0.963020007511742,0.9855557355663751,12.374971129676538,0.5689460471644644,0.6439746574121721,150.86,7392.14,205.86,0.3618421052631579,0.98,0.02,0.0
FILD or FILA ADJUDICATED,18,908618432,combined,0.4605263157894737,0.15654711968680085,0.9403313840155946,0.9886863000477324,,,0.5507943926652445,377.15000000000003,7165.85,447.15000000000003,0.05,0.5397616170917438,0.19313638533902688,0.9464972277925072,0.9903790087927942,,,0.5507943926652445,377.15000000000003,7165.85,447.15000000000003,0.05,0.38323705033085265,0.12580878764989128,0.9337549157208489,0.9870168475212314,,,0.5507943926652445,377.15000000000003,7165.85,447.15000000000003,0.4605263157894737,0.95,0.05,0.0
FILD or FILA ADJUDICATED,18,908618432,combined,0.5592105263157895,0.10127490209432996,0.8932683560753737,0.9902271102441216,,,0.4663128528135229,754.3000000000001,6788.7,839.3000000000001,0.1,0.6357135398101132,0.12353637580190928,0.9012176574044516,0.991967703652757,,,0.4663128528135229,754.3000000000001,6788.7,839.3000000000001,0.1,0.47978845905599204,0.0826467128499208,0.8848622257743103,0.9883976070071027,,,0.4663128528135229,754.3000000000001,6788.7,839.3000000000001,0.5592105263157895,0.9,0.1,0.0
FILD or FILA ADJUDICATED,19,1691610011,zebra,0.05096621621621621,0.5066666666666667,0.9802734067400735,0.981223927076683,,,0.9999999953344358,7.542999999999999,7535.457,15.289864864864864,0.001,0.08576347240758825,0.6166998975220928,0.9812293946108205,0.9819063351488789,,,0.9999999953344358,7.542999999999999,7535.457,15.289864864864864,0.001,0.03830613459391101,0.3959837845781367,0.97925673349994,0.9809615869172195,,,0.9999999953344358,7.542999999999999,7535.457,15.289864864864864,0.05096621621621621,0.999,0.001,0.0
FILD or FILA ADJUDICATED,19,1691610011,zebra,0.25,0.5019,0.980283950617284,0.9850379661083511,50.00724662162162,0.7537688469477583,0.9999999769468281,37.715,7505.285,75.715,0.005,0.3244252542790286,0.6116764133587244,0.9830864009196557,0.9865208277129031,89.12481992939321,0.8177124023651473,0.9999999769468281,37.715,7505.285,75.715,0.005,0.18789963939741583,0.391938436039841,0.9772309837995858,0.9837892856399311,27.381076595786805,0.6780433884209369,0.9999999769468281,37.715,7505.285,75.715,0.25,0.995,0.005,0.0
FILD or FILA ADJUDICATED,19,1691610011,zebra,0.25,0.3350147492625369,0.9753827160493828,0.9849635365120795,,,0.9999923464395487,75.43,7467.57,113.42999999999999,0.01,0.3244252542790286,0.4260161204702332,0.9788223683555521,0.9864625217158217,,,0.9999923464395487,75.43,7467.57,113.42999999999999,0.01,0.18789963939741583,0.25482200411654526,0.9716975368360207,0.9836981284884805,,,0.9999923464395487,75.43,7467.57,113.42999999999999,0.25,0.99,0.01,0.0
FILD or FILA ADJUDICATED,19,1691610011,zebra,0.3026315789473684,0.2336693255982596,0.9666198830409357,0.9858631607002566,15.131659381898453,0.7116004312133041,0.9998978731031374,150.86,7392.14,196.86000000000004,0.02,0.37978706128398243,0.2975324301447997,0.9710098878623984,0.9874445234072904,22.240729710978187,0.7831286094228405,0.9998978731031374,150.86,7392.14,196.86000000000004,0.02,0.235206275829,0.17995988061431062,0.9619430769096201,0.9844642395781055,10.046292022439921,0.6309878794788703,0.9998978731031374,150.86,7392.14,196.86000000000004,0.3026315789473684,0.98,0.02,0.0
FILD or FILA ADJUDICATED,19,1691610011,zebra,0.4144736842105263,0.1431331168831169,0.9394217024041586,0.9877323445397743,,,0.9980456919960762,377.15000000000003,7165.85,440.1500000000001,0.05,0.49395491032566785,0.17894201212330338,0.9455924039551526,0.9894315685772762,,,0.9980456919960762,377.15000000000003,7165.85,440.1500000000001,0.05,0.33920886908995784,0.11349952045287683,0.9328852232518929,0.9861029134493371,,,0.9980456919960762,377.15000000000003,7165.85,440.1500000000001,0.4144736842105263,0.95,0.05,0.0
FILD or FILA ADJUDICATED,19,1691610011,zebra,0.5263157894736842,0.09629186602870814,0.8926185834957765,0.9895054440040743,,,0.9817965391031552,754.3000000000001,6788.7,834.3000000000001,0.1,0.6040622454805551,0.11817432795040725,0.9005924466522628,0.9912759002150774,,,0.9817965391031552,754.3000000000001,6788.7,834.3000000000001,0.1,0.44727197623771375,0.07808053650699057,0.8842199248791344,0.98768131848552,,,0.9817965391031552,754.3000000000001,6788.7,834.3000000000001,0.5263157894736842,0.9,0.1,0.0
FILD or FILA ADJUDICATED,19,1691610011,genomic,0.006578947368421052,0.1176470588235294,0.9793966211825862,0.9803550581712467,,,0.8793008298021908,7.543,7535.457,8.543,0.001,0.036321051462105534,0.4041500267952384,0.9804768463514252,0.9809414013172958,,,0.8793008298021908,7.543,7535.457,8.543,0.001,0.0011622913203507626,0.03292463214669436,0.978298935799453,0.9802304538646637,,,0.8793008298021908,7.543,7535.457,8.543,0.006578947368421052,0.999,0.001,0.0
FILD or FILA ADJUDICATED,19,1691610011,genomic,0.013157894736842105,0.05833333333333333,0.9756055880441845,0.9804056935148008,,,0.8407150691158356,37.715,7505.285,39.715,0.005,0.04670108102456133,0.16612679732505667,0.9776004913245058,0.9810844466456652,,,0.8407150691158356,37.715,7505.285,39.715,0.005,0.0036158171874622162,0.026679490607075234,0.9735908095337101,0.9801836063455068,,,0.8407150691158356,37.715,7505.285,39.715,0.013157894736842105,0.995,0.005,0.0
FILD or FILA ADJUDICATED,19,1691610011,genomic,0.03289473684210526,0.05833333333333333,0.9710942170240416,0.9806949045551608,,,0.8080973395006196,75.43,7467.57,80.43,0.01,0.07468664329518646,0.13740961281188532,0.9738892599904392,0.981550472665213,,,0.8080973395006196,75.43,7467.57,80.43,0.01,0.01413092120553882,0.026679490607075234,0.9682650683285268,0.9802787360883414,,,0.8080973395006196,75.43,7467.57,80.43,0.03289473684210526,0.99,0.01,0.0
FILD or FILA ADJUDICATED,19,1691610011,genomic,0.05921052631578947,0.05369944542134451,0.9618115659519169,0.9810222503758117,,,0.7670073438245075,150.86,7392.14,159.86000000000004,0.02,0.10869148223357711,0.10352425133908866,0.9656549134614028,0.9820549967349144,,,0.7670073438245075,150.86,7392.14,159.86000000000004,0.02,0.03146030398541715,0.026679490607075234,0.9579184651201172,0.9804065070527496,,,0.7670073438245075,150.86,7392.14,159.86000000000004,0.05921052631578947,0.98,0.02,0.0
FILD or FILA ADJUDICATED,19,1691610011,genomic,0.09868421052631579,0.03933354894110561,0.933183885640026,0.981240200698692,,,0.6761575727967142,377.15000000000003,7165.85,392.15000000000003,0.05,0.15643415657102436,0.061764985935257935,0.938925327337777,0.9825059750126129,,,0.6761575727967142,377.15000000000003,7165.85,392.15000000000003,0.05,0.060718962225373437,0.02573387717690083,0.9273841880545679,0.980361021015179,,,0.6761575727967142,377.15000000000003,7165.85,392.15000000000003,0.09868421052631579,0.95,0.05,0.0
FILD or FILA ADJUDICATED,19,1691610011,genomic,0.19736842105263158,0.03815205785551531,0.8861208576998051,0.9823462166587339,,,0.557021307929505,754.3000000000001,6788.7,784.3000000000001,0.1,0.2677609132193307,0.054079594389791416,0.8939494573730288,0.9839845063833825,,,0.557021307929505,754.3000000000001,6788.7,784.3000000000001,0.1,0.14189553702057578,0.025733877176900823,0.8781877976847218,0.9810046572871409,,,0.557021307929505,754.3000000000001,6788.7,784.3000000000001,0.19736842105263158,0.9,0.1,0.0
FILD or FILA ADJUDICATED,19,1691610011,combined,0.01929861111111111,0.3613333333333334,0.9796478737997257,0.9806023826641843,,,0.7582228395938124,7.543,7535.457,10.47638888888889,0.001,0.052873410595054425,0.5104211449825775,0.9806710355381505,0.981261007862575,,,0.7582228395938124,7.543,7535.457,10.47638888888889,0.001,0.009422185659866862,0.24983325400184353,0.9785948651998381,0.9803936732635421,,,0.7582228395938124,7.543,7535.457,10.47638888888889,0.01929861111111111,0.999,0.001,0.0
FILD or FILA ADJUDICATED,19,1691610011,combined,0.13815789473684212,0.3613333333333333,0.9780747238466537,0.9828450611699033,,,0.7351381696482635,37.714999999999996,7505.285,58.715,0.005,0.20198270641797986,0.4914302951103421,0.980667688367065,0.9841166362647442,,,0.7351381696482635,37.714999999999996,7505.285,58.715,0.005,0.09217174495582145,0.24983325400184353,0.9753401567511367,0.9819129798130215,,,0.7351381696482635,37.714999999999996,7505.285,58.715,0.13815789473684212,0.995,0.005,0.0
FILD or FILA ADJUDICATED,19,1691610011,combined,0.19078947368421054,0.27770421245421245,0.9742131254061078,0.9837956832591955,,,0.660284730116486,75.43,7467.57,104.43,0.01,0.260570491926481,0.37032020951448713,0.9775610397164894,0.9852019054615963,,,0.660284730116486,75.43,7467.57,104.43,0.01,0.13625240288385826,0.20086217632575815,0.9706773445098269,0.9826793337958847,,,0.660284730116486,75.43,7467.57,104.43,0.19078947368421054,0.99,0.01,0.0
FILD or FILA ADJUDICATED,19,1691610011,combined,0.25,0.19765871229176044,0.9655802469135804,0.9848124335219449,12.500066445916115,0.7653061241350628,0.5927529416654362,150.86,7392.14,188.86,0.02,0.3244252542790286,0.26099208085840736,0.9699163213042759,0.9863390994135575,18.998684071651276,0.8315693578681754,0.5927529416654362,150.86,7392.14,188.86,0.02,0.18789963939741583,0.1467045380370548,0.9610086248319593,0.9835191062647259,8.025698471030555,0.6873114854947217,0.5927529416654362,150.86,7392.14,188.86,0.25,0.98,0.02,0.0
FILD or FILA ADJUDICATED,19,1691610011,combined,0.39473684210526316,0.13725275069747028,0.9390318388564003,0.987324069769601,,,0.48239943932734297,377.15000000000003,7165.85,437.15000000000003,0.05,0.47411730747882846,0.1726847333916633,0.9452005500717583,0.9890218210102473,,,0.48239943932734297,377.15000000000003,7165.85,437.15000000000003,0.05,0.3205458056480955,0.10814052389505592,0.9325165701468685,0.9857160173929043,,,0.48239943932734297,377.15000000000003,7165.85,437.15000000000003,0.39473684210526316,0.95,0.05,0.0
FILD or FILA ADJUDICATED,19,1691610011,combined,0.5,0.09153320864686179,0.8920987654320988,0.9889288679274113,,,0.39330837434652005,754.3000000000001,6788.7,830.3000000000002,0.1,0.5785012537366268,0.11307367794722797,0.9000875381733704,0.9907179166264529,,,0.39330837434652005,754.3000000000001,6788.7,830.3000000000002,0.1,0.4214987462633732,0.07375495187975639,0.8837108240401351,0.9871143106766909,,,0.39330837434652005,754.3000000000001,6788.7,830.3000000000002,0.5,0.9,0.1,0.0
FILD or FILA ADJUDICATED,20,1552999739,zebra,0.07774583333333333,0.6103896103896104,0.9808023868312757,0.981747955805343,,,1.0,7.543,7535.457,19.360366666666668,0.001,0.11566298637250148,0.7115774709359347,0.981844611207444,0.982492668823218,,,1.0,7.543,7535.457,19.360366666666668,0.001,0.060645631128574594,0.49871066893677457,0.9796733985921969,0.9813981556765037,,,1.0,7.543,7535.457,19.360366666666668,0.07774583333333333,0.999,0.001,0.0
FILD or FILA ADJUDICATED,20,1552999739,zebra,0.3092105263157895,0.5548172268907563,0.9814535412605588,0.9862028819723027,,,0.9999991416731133,37.715,7505.285,84.715,0.005,0.38662724600175197,0.655974938258373,0.9843150822376354,0.9877466843692169,,,0.9999991416731133,37.715,7505.285,84.715,0.005,0.24119964654079779,0.44890227717729936,0.9782838234468625,0.9848370994488953,,,0.9999991416731133,37.715,7505.285,84.715,0.3092105263157895,0.995,0.005,0.0
FILD or FILA ADJUDICATED,20,1552999739,zebra,0.3092105263157895,0.3843079058699101,0.9765523066926576,0.9861341657523401,,,0.9999913895174786,75.43,7467.57,122.43,0.01,0.38662724600175197,0.47258876016455137,0.9800510496735318,0.9876936148346097,,,0.9999913895174786,75.43,7467.57,122.43,0.01,0.24119964654079779,0.30304248559220115,0.9727503764832973,0.9847517431074803,,,0.9999913895174786,75.43,7467.57,122.43,0.3092105263157895,0.99,0.01,0.0
FILD or FILA ADJUDICATED,20,1552999739,zebra,0.36750000000000005,0.26941747572815533,0.9679012345679012,0.9871612748622095,18.374833885209714,0.645408055355979,0.9998835412685522,150.86,7392.14,206.72000000000003,0.02,0.44653034655821433,0.3338138251742088,0.9723282737443586,0.9887805072543546,26.148946740354862,0.721899410453003,0.9998835412685522,150.86,7392.14,206.72000000000003,0.02,0.29500184709030125,0.21346360003793433,0.9631242239962631,0.9856614939745257,12.600128344328931,0.5630849630495124,0.9998835412685522,150.86,7392.14,206.72000000000003,0.36750000000000005,0.98,0.02,0.0
FILD or FILA ADJUDICATED,20,1552999739,zebra,0.4605263157894737,0.15654711968680085,0.9403313840155946,0.9886863000477324,,,0.997422688221772,377.15000000000003,7165.85,447.15000000000003,0.05,0.5397616170917438,0.19313638533902688,0.9464972277925072,0.9903790087927942,,,0.997422688221772,377.15000000000003,7165.85,447.15000000000003,0.05,0.38323705033085265,0.12580878764989128,0.9337549157208489,0.9870168475212314,,,0.997422688221772,377.15000000000003,7165.85,447.15000000000003,0.4605263157894737,0.95,0.05,0.0
FILD or FILA ADJUDICATED,20,1552999739,zebra,0.5131578947368421,0.0952019488772772,0.8923586744639377,0.9892170719498187,,,0.9833290674920336,754.3000000000001,6788.7,832.3000000000001,0.1,0.5913082928406881,0.11685242260711848,0.9003405167235741,0.9909974093029029,,,0.9833290674920336,754.3000000000001,6788.7,832.3000000000001,0.1,0.43435881801844656,0.07721344871161491,0.8839648501488773,0.9873971492334549,,,0.9833290674920336,754.3000000000001,6788.7,832.3000000000001,0.5131578947368421,0.9,0.1,0.0
FILD or FILA ADJUDICATED,20,1552999739,genomic,0.013157894736842105,0.15527950310559005,0.9795265756985055,0.9804826179327817,,,0.757917064586358,7.543,7535.457,9.543000000000001,0.001,0.04670108102456133,0.5098375284633583,0.980681883972412,0.9811428152046272,,,0.757917064586358,7.543,7535.457,9.543000000000001,0.001,0.0036158171874622162,0.05668215145437526,0.9783474005079391,0.9802780576723298,,,0.757917064586358,7.543,7535.457,9.543000000000001,0.013157894736842105,0.999,0.001,0.0
FILD or FILA ADJUDICATED,20,1552999739,genomic,0.02631578947368421,0.09590011614401855,0.9758654970760234,0.9806618987121394,,,0.6331929748013175,37.715,7505.285,41.714999999999996,0.005,0.06570377320639395,0.2220263982520245,0.9779758531453814,0.9814545092988712,,,0.6331929748013175,37.715,7505.285,41.714999999999996,0.005,0.010280235864764092,0.03792867709194077,0.9737224523717803,0.9803135410223552,,,0.6331929748013175,37.715,7505.285,41.714999999999996,0.02631578947368421,0.995,0.005,0.0
FILD or FILA ADJUDICATED,20,1552999739,genomic,0.03289473684210526,0.06707317073170732,0.9710942170240416,0.9806949045551608,,,0.5842360129332236,75.43,7467.57,80.43,0.01,0.07468664329518646,0.14275910611598827,0.9738892599904392,0.981550472665213,,,0.5842360129332236,75.43,7467.57,80.43,0.01,0.01413092120553882,0.030435614181111913,0.9682650683285268,0.9802787360883414,,,0.5842360129332236,75.43,7467.57,80.43,0.03289473684210526,0.99,0.01,0.0
FILD or FILA ADJUDICATED,20,1552999739,genomic,0.05921052631578947,0.05629952830188677,0.9618115659519169,0.9810222503758117,,,0.5174665842477681,150.86,7392.14,159.86000000000004,0.02,0.10869148223357711,0.10352425133908866,0.9656549134614028,0.9820549967349144,,,0.5174665842477681,150.86,7392.14,159.86000000000004,0.02,0.03146030398541715,0.029898856446705726,0.9579184651201172,0.9804065070527496,,,0.5174665842477681,150.86,7392.14,159.86000000000004,0.05921052631578947,0.98,0.02,0.0
FILD or FILA ADJUDICATED,20,1552999739,genomic,0.10526315789473684,0.040669856459330134,0.9333138401559454,0.98137458310904,,,0.42906174561313437,377.15000000000003,7165.85,393.15000000000003,0.05,0.16414883536203786,0.06485804568033988,0.9390777160546365,0.9826631897636299,,,0.42906174561313437,377.15000000000003,7165.85,393.15000000000003,0.05,0.06583783886392716,0.02555633549131168,0.9274853016671812,0.9804659584717271,,,0.42906174561313437,377.15000000000003,7165.85,393.15000000000003,0.10526315789473684,0.95,0.05,0.0
FILD or FILA ADJUDICATED,20,1552999739,genomic,0.19078947368421054,0.03630221993255901,0.8859909031838856,0.9822040886408946,,,0.331819178182372,754.3000000000001,6788.7,783.3000000000001,0.1,0.260570491926481,0.0516065724044612,0.8938074243598366,0.9838297809447898,,,0.331819178182372,754.3000000000001,6788.7,783.3000000000001,0.1,0.13625240288385826,0.02555633549131168,0.878076328368441,0.9808821267979717,,,0.331819178182372,754.3000000000001,6788.7,783.3000000000001,0.19078947368421054,0.9,0.1,0.0
FILD or FILA ADJUDICATED,20,1552999739,combined,0.09868421052631579,0.6546235854675402,0.9812159844054582,0.9821439207052559,,,0.723607070934591,7.543,7535.457,22.543,0.001,0.15643415657102436,0.82308686081353,0.9828494508967865,0.983277143648265,,,0.723607070934591,7.543,7535.457,22.543,0.001,0.060718962225373437,0.4511109356129784,0.9794753638667127,0.9813872920427731,,,0.723607070934591,7.543,7535.457,22.543,0.09868421052631579,0.999,0.001,0.0
FILD or FILA ADJUDICATED,20,1552999739,combined,0.19736842105263158,0.4425950226244344,0.9792443144899285,0.9840047932616505,39.47940522759602,0.8066649063826886,0.6910570139416363,37.715,7505.285,67.71499999999999,0.005,0.2677609132193307,0.5612454665907919,0.9819671052937852,0.9854067507500005,73.55821675422926,0.8640344173502227,0.6910570139416363,37.715,7505.285,67.71499999999999,0.005,0.14189553702057578,0.33010233373510034,0.9763222607896729,0.9828866915905455,20.67727527429263,0.7349147887480089,0.6910570139416363,37.715,7505.285,67.71499999999999,0.19736842105263158,0.995,0.005,0.0
FILD or FILA ADJUDICATED,20,1552999739,combined,0.2565789473684211,0.3377777777777778,0.9755126705653021,0.9850934691610292,,,0.6638723972366863,75.43,7467.57,114.43,0.01,0.33141131282701675,0.4292356637422533,0.978960364573784,0.9866006358033443,,,0.6638723972366863,75.43,7467.57,114.43,0.01,0.19374713627899498,0.2583516626032866,0.9718130429472617,0.9838136095021373,,,0.6638723972366863,75.43,7467.57,114.43,0.2565789473684211,0.99,0.01,0.0
FILD or FILA ADJUDICATED,20,1552999739,combined,0.3355263157894737,0.2526511009309886,0.9672696556205329,0.9865210045165899,,,0.6341437459740173,150.86,7392.14,201.86000000000004,0.02,0.4138238578453593,0.31683133922679946,0.9716822196463268,0.9881253760257009,,,0.6341437459740173,150.86,7392.14,201.86000000000004,0.02,0.2653372564154593,0.1977093045456588,0.9625382567730564,0.9850671701573056,,,0.6341437459740173,150.86,7392.14,201.86000000000004,0.3355263157894737,0.98,0.02,0.0
FILD or FILA ADJUDICATED,20,1552999739,combined,0.4342105263157895,0.14893386614605572,0.9398115659519168,0.9881409571063215,,,0.5642863067260884,377.15000000000003,7165.85,443.15000000000003,0.05,0.5136678584972509,0.18509334446937573,0.945981795523974,0.9898390778486404,,,0.5642863067260884,377.15000000000003,7165.85,443.15000000000003,0.05,0.35799658720707644,0.11880853707580534,0.9332563386714904,0.9864927005552859,,,0.5642863067260884,377.15000000000003,7165.85,443.15000000000003,0.4342105263157895,0.95,0.05,0.0
FILD or FILA ADJUDICATED,20,1552999739,combined,0.5657894736842105,0.10234443123265952,0.893398310591293,0.9903715698287318,,,0.47582164446067454,754.3000000000001,6788.7,840.3000000000002,0.1,0.6420034127929235,0.12468087860133241,0.9013419018090503,0.9921052966518953,,,0.47582164446067454,754.3000000000001,6788.7,840.3000000000002,0.1,0.486332141502749,0.08362722992746782,0.8849914836991845,0.9885418799456382,,,0.47582164446067454,754.3000000000001,6788.7,840.3000000000002,0.5657894736842105,0.9,0.1,0.0
FILD or FILA ADJUDICATED,21,9901539,zebra,0.052106250000000014,0.5121951219512195,0.980295925925926,0.9812471375473727,,,1.0,7.543000000000001,7535.457,15.463150000000002,0.001,0.08642762257022403,0.6173910413938009,0.9812337802568045,0.9819202215326233,,,1.0,7.543000000000001,7535.457,15.463150000000002,0.001,0.03986584881815207,0.4059077238820504,0.9792962760393757,0.9809929752499165,,,1.0,7.543000000000001,7535.457,15.463150000000002,0.052106250000000014,0.999,0.001,0.0
FILD or FILA ADJUDICATED,21,9901539,zebra,0.26053125000000005,0.5121951219512194,0.980491975308642,0.9852480334158757,52.10625000000001,0.7431064615820338,1.0,37.715,7505.285,77.31575000000001,0.005,0.33353896343956396,0.6173910413938007,0.9832336094437946,0.9867033576316022,90.39278521811767,0.8061016762271065,1.0,37.715,7505.285,77.31575000000001,0.005,0.19932924409076033,0.4059077238820503,0.977489569129351,0.9840166656737436,29.310793196883175,0.6688503677746529,1.0,37.715,7505.285,77.31575000000001,0.26053125000000005,0.995,0.005,0.0
FILD or FILA ADJUDICATED,21,9901539,zebra,0.28289473684210525,0.3630900156672838,0.9760324886289798,0.9856135427422427,,,0.9999955026569417,75.43,7467.57,118.42999999999999,0.01,0.35916337306610735,0.45273764427640584,0.9795085534180129,0.9871496750677411,,,0.9999955026569417,75.43,7467.57,118.42999999999999,0.01,0.21732929775817333,0.2820448709193906,0.9722788634209245,0.9842796040527948,,,0.9999955026569417,75.43,7467.57,118.42999999999999,0.28289473684210525,0.99,0.01,0.0
FILD or FILA ADJUDICATED,21,9901539,zebra,0.34210526315789475,0.2563351704628591,0.9673996101364523,0.9866526786452905,17.10535408388521,0.671321161521985,0.9999136847334877,150.86,7392.14,202.86,0.02,0.420583241190861,0.3205564814880335,0.9718157383296947,0.9882606986244966,24.629796909533624,0.7460554876532504,0.9999136847334877,150.86,7392.14,202.86,0.02,0.27141142849952493,0.20117067223023652,0.9626582404191614,0.9851888057456304,11.592711373552609,0.5894829487633464,0.9999136847334877,150.86,7392.14,202.86,0.34210526315789475,0.98,0.02,0.0
FILD or FILA ADJUDICATED,21,9901539,zebra,0.4342105263157895,0.14883138820638817,0.9398115659519168,0.9881409571063215,8.684218296071744,0.5955678685149439,0.9977925350855601,377.15000000000003,7165.85,443.15000000000003,0.05,0.5136678584972509,0.18509334446937573,0.945981795523974,0.9898390778486404,11.337608557400346,0.6794776429582311,0.9977925350855601,377.15000000000003,7165.85,443.15000000000003,0.05,0.35799658720707644,0.11863791429141388,0.9332563386714904,0.9864927005552859,6.491150941795389,0.5094118559842944,0.9977925350855601,377.15000000000003,7165.85,443.15000000000003,0.4342105263157895,0.95,0.05,0.0
FILD or FILA ADJUDICATED,21,9901539,zebra,0.5328947368421053,0.09788392718220008,0.892748538011696,0.989649693089074,,,0.9837181972911605,754.3000000000001,6788.7,835.3000000000002,0.1,0.6104192680185561,0.11945277043482827,0.9007180174678282,0.9914147684270691,,,0.9837181972911605,754.3000000000001,6788.7,835.3000000000002,0.1,0.45374850912928033,0.07981419850161538,0.8843478563930419,0.9878239038169989,,,0.9837181972911605,754.3000000000001,6788.7,835.3000000000002,0.5328947368421053,0.9,0.1,0.0
FILD or FILA ADJUDICATED,21,9901539,genomic,0.0,0.08218756412887342,0.9792666666666667,0.980227531596177,,,0.302755225125974,7.543,7535.457,7.543,0.001,0.024649787352889047,0.27753279986288926,0.980246302862848,0.9807150310823073,,,0.302755225125974,7.543,7535.457,7.543,0.001,0.0,0.04428880126976524,0.9782759769585572,0.980207904466031,,,0.302755225125974,7.543,7535.457,7.543,0.0,0.999,0.001,0.0
FILD or FILA ADJUDICATED,21,9901539,genomic,0.017861842105263162,0.08218756412887342,0.9756985055230669,0.9804972782481838,,,0.29371586847492276,37.715,7505.285,40.43,0.005,0.05364710634652385,0.18653494830258335,0.9777376967629642,0.9812196943126431,,,0.29371586847492276,37.715,7505.285,40.43,0.005,0.005845783997640287,0.04428880126976524,0.9736348582608247,0.9802270822790304,,,0.29371586847492276,37.715,7505.285,40.43,0.017861842105263162,0.995,0.005,0.0
FILD or FILA ADJUDICATED,21,9901539,genomic,0.046052631578947366,0.08218756412887342,0.9713541260558805,0.9809525560207293,,,0.28946867013155814,75.43,7467.57,82.43,0.01,0.09200033996577209,0.16583752614604796,0.9742312589370187,0.981889432940622,,,0.28946867013155814,75.43,7467.57,82.43,0.01,0.0224843353940877,0.04428880126976524,0.9684300740408931,0.9804425691979466,,,0.28946867013155814,75.43,7467.57,82.43,0.046052631578947366,0.99,0.01,0.0
FILD or FILA ADJUDICATED,21,9901539,genomic,0.08552631578947369,0.0793172285226037,0.9623313840155946,0.981543298850501,4.2763385209713025,0.9331364145155591,0.28293743925874953,150.86,7392.14,163.86,0.02,0.14082381103246616,0.13099615876116188,0.9662896261290351,0.9826907294282048,8.246790471097711,0.9720968806541253,0.28293743925874953,150.86,7392.14,163.86,0.02,0.050662196904797105,0.04428880126976523,0.9582977617703766,0.980787496901256,2.1639185553619056,0.8741026311023014,0.28293743925874953,150.86,7392.14,163.86,0.08552631578947369,0.98,0.02,0.0
FILD or FILA ADJUDICATED,21,9901539,genomic,0.13815789473684212,0.05274398307326104,0.9339636127355426,0.9820470476556695,,,0.27079576020069734,377.15000000000003,7165.85,398.15000000000003,0.05,0.20198270641797986,0.07928250780914767,0.9398250517791983,0.9834349220130977,,,0.27079576020069734,377.15000000000003,7165.85,398.15000000000003,0.05,0.09217174495582145,0.03475348455050417,0.9280054775899841,0.9810061612982803,,,0.27079576020069734,377.15000000000003,7165.85,398.15000000000003,0.13815789473684212,0.95,0.05,0.0
FILD or FILA ADJUDICATED,21,9901539,genomic,0.26973684210526316,0.04854298729783797,0.8875503573749188,0.9839123439439867,,,0.24502749954143008,754.3000000000001,6788.7,795.3000000000002,0.1,0.34532489430738517,0.06744269933489272,0.8954815853945212,0.985656648433375,,,0.24502749954143008,754.3000000000001,6788.7,795.3000000000002,0.1,0.20550066565776098,0.03452270088293291,0.8794441952874317,0.9823878480809036,,,0.24502749954143008,754.3000000000001,6788.7,795.3000000000002,0.26973684210526316,0.9,0.1,0.0
FILD or FILA ADJUDICATED,21,9901539,combined,0.02631578947368421,0.309812108559499,0.9797864847303445,0.9807378370670781,,,0.9390622577146021,7.543,7535.457,11.543,0.001,0.06570377320639395,0.6262050689919829,0.9810572457932876,0.9815117574582691,,,0.9390622577146021,7.543,7535.457,11.543,0.001,0.010280235864764092,0.21168206351025304,0.9784790433460093,0.9804073854177972,,,0.9390622577146021,7.543,7535.457,11.543,0.02631578947368421,0.999,0.001,0.0
FILD or FILA ADJUDICATED,21,9901539,combined,0.10526315789473684,0.309812108559499,0.9774249512670565,0.9822019463382657,,,0.8388628104329612,37.715,7505.285,53.714999999999996,0.005,0.16414883536203786,0.4341285060698567,0.9799204469657399,0.9833761285153622,,,0.8388628104329612,37.715,7505.285,53.714999999999996,0.005,0.06583783886392716,0.211682063510253,0.9748198865050971,0.9813980772559315,,,0.8388628104329612,37.715,7505.285,53.714999999999996,0.10526315789473684,0.995,0.005,0.0
FILD or FILA ADJUDICATED,21,9901539,combined,0.20394736842105263,0.2956171735241503,0.9744730344379468,0.9840549668099509,,,0.691380702924642,75.43,7467.57,106.43,0.01,0.27492559983088427,0.3863178590626152,0.9778445974034901,0.9854850221756751,,,0.691380702924642,75.43,7467.57,106.43,0.01,0.14756440583858949,0.211682063510253,0.9709007914817722,0.9829022941259501,,,0.691380702924642,75.43,7467.57,106.43,0.20394736842105263,0.99,0.01,0.0
FILD or FILA ADJUDICATED,21,9901539,combined,0.3157894736842105,0.2412675201198796,0.9668797920727746,0.9861261929175796,15.789557615894038,0.6981740079828643,0.5016271174394861,150.86,7392.14,198.86,0.02,0.3934507494802998,0.305359535494354,0.9712797878761528,0.9877177312573122,23.040889661140753,0.7708374210917176,0.5016271174394861,150.86,7392.14,198.86,0.02,0.2472096984918171,0.186867596507685,0.9621801815548116,0.984704343443666,10.558990456673476,0.617086812437761,0.5016271174394861,150.86,7392.14,198.86,0.3157894736842105,0.98,0.02,0.0
FILD or FILA ADJUDICATED,21,9901539,combined,0.3618421052631579,0.1270368007665929,0.9383820662768032,0.986644361341005,7.236848580059787,0.6717451540226692,0.2848250661822026,377.15000000000003,7165.85,432.15000000000003,0.05,0.4407694484176684,0.16186651767820892,0.9445418269298095,0.9883337820562272,9.72860455945295,0.7517333555509973,0.2848250661822026,377.15000000000003,7165.85,432.15000000000003,0.05,0.28972588756141926,0.09909971562532209,0.9319077816414527,0.9850777669481857,5.253274849849287,0.5857697834332133,0.2848250661822026,377.15000000000003,7165.85,432.15000000000003,0.3618421052631579,0.95,0.05,0.0
FILD or FILA ADJUDICATED,21,9901539,combined,0.47368421052631576,0.08713544975713727,0.891578947368421,0.9883529633910185,,,0.15611830723065298,754.3000000000001,6788.7,826.3000000000001,0.1,0.552728023762286,0.10832634400390516,0.899578437334371,0.9901559356402873,,,0.15611830723065298,754.3000000000001,6788.7,826.3000000000001,0.1,0.3959377545194448,0.06976559717049416,0.8832059155612426,0.9865526147122142,,,0.15611830723065298,754.3000000000001,6788.7,826.3000000000001,0.47368421052631576,0.9,0.1,0.0
FILD or FILA ADJUDICATED,22,814105639,zebra,0.07523790322580645,0.6025641025641024,0.9807528474711271,0.981699094790327,,,1.0,7.543,7535.457,18.97916129032258,0.001,0.11272707672670754,0.7038813535561761,0.9817826627468079,0.9824353059738171,,,1.0,7.543,7535.457,18.97916129032258,0.001,0.05868932044700767,0.49161858291311733,0.9796387106019222,0.9813601330187132,,,1.0,7.543,7535.457,18.97916129032258,0.07523790322580645,0.999,0.001,0.0
FILD or FILA ADJUDICATED,22,814105639,zebra,0.3092105263157895,0.5548172268907563,0.9814535412605588,0.9862028819723027,61.851068189900424,0.6942607800834616,0.9999994976300033,37.715,7505.285,84.715,0.005,0.38662724600175197,0.655974938258373,0.9843150822376354,0.9877466843692169,106.21270454508753,0.7640440640640108,0.9999994976300033,37.715,7505.285,84.715,0.005,0.24119964654079779,0.44890227717729936,0.9782838234468625,0.9848370994488953,35.14805040600369,0.6156141020964508,0.9999994976300033,37.715,7505.285,84.715,0.3092105263157895,0.995,0.005,0.0
FILD or FILA ADJUDICATED,22,814105639,zebra,0.3092105263157895,0.38405231532884854,0.9765523066926576,0.9861341657523401,,,0.9999923951185824,75.43,7467.57,122.43,0.01,0.38662724600175197,0.4723308819885132,0.9800510496735318,0.9876936148346097,,,0.9999923951185824,75.43,7467.57,122.43,0.01,0.24119964654079779,0.3030002127597783,0.9727503764832973,0.9847517431074803,,,0.9999923951185824,75.43,7467.57,122.43,0.3092105263157895,0.99,0.01,0.0
FILD or FILA ADJUDICATED,22,814105639,zebra,0.375,0.27422380156075804,0.9680493827160495,0.9873115768899712,,,0.9998781859760993,150.86,7392.14,207.86,0.02,0.4541521629991626,0.33855542792719084,0.9724788281431921,0.9889332966556537,,,0.9998781859760993,150.86,7392.14,207.86,0.02,0.3020102838390596,0.21808587786992809,0.9632626622530287,0.9858020063883223,,,0.9998781859760993,150.86,7392.14,207.86,0.375,0.98,0.02,0.0
FILD or FILA ADJUDICATED,22,814105639,zebra,0.46710526315789475,0.15992824617082932,0.940461338531514,0.9888227298486004,,,0.9978589415526343,377.15000000000003,7165.85,448.15000000000003,0.05,0.5462514908707197,0.1965047888858542,0.9466254228301166,0.9905133884667744,,,0.9978589415526343,377.15000000000003,7165.85,448.15000000000003,0.05,0.389580731981444,0.12906638518699878,0.9338802230127125,0.987148668892609,,,0.9978589415526343,377.15000000000003,7165.85,448.15000000000003,0.46710526315789475,0.95,0.05,0.0
FILD or FILA ADJUDICATED,22,814105639,zebra,0.5611842105263162,0.10208451689026789,0.8933073424301494,0.9902704525017373,,,0.9831715746626769,754.3000000000001,6788.7,839.6000000000001,0.1,0.6376005017049566,0.12429946704475482,0.9012549307258312,0.9920089855838001,,,0.9831715746626769,754.3000000000001,6788.7,839.6000000000001,0.1,0.4817515637900195,0.08345743717997027,0.8849010031517726,0.9884408934127679,,,0.9831715746626769,754.3000000000001,6788.7,839.6000000000001,0.5611842105263162,0.9,0.1,0.0
FILD or FILA ADJUDICATED,22,814105639,genomic,0.006578947368421052,0.1,0.9793966211825862,0.9803550581712467,,,0.14323128669758006,7.543,7535.457,8.543,0.001,0.036321051462105534,0.4041500267952384,0.9804768463514252,0.9809414013172958,,,0.14323128669758006,7.543,7535.457,8.543,0.001,0.0011622913203507626,0.026930073931820703,0.978298935799453,0.9802304538646637,,,0.14323128669758006,7.543,7535.457,8.543,0.006578947368421052,0.999,0.001,0.0
FILD or FILA ADJUDICATED,22,814105639,genomic,0.013157894736842105,0.050365384615384604,0.9756055880441845,0.9804056935148008,,,0.047971124592867426,37.715,7505.285,39.715,0.005,0.04670108102456133,0.16612679732505667,0.9776004913245058,0.9810844466456652,,,0.047971124592867426,37.715,7505.285,39.715,0.005,0.0036158171874622162,0.018642012250315677,0.9735908095337101,0.9801836063455068,,,0.047971124592867426,37.715,7505.285,39.715,0.013157894736842105,0.995,0.005,0.0
FILD or FILA ADJUDICATED,22,814105639,genomic,0.019736842105263157,0.038252190847127554,0.9708343079922027,0.9804373884006143,,,0.022904521939800946,75.43,7467.57,78.42999999999999,0.01,0.05641580175457883,0.10653241237180468,0.9735283544785259,0.9811930275079276,,,0.022904521939800946,75.43,7467.57,78.42999999999999,0.01,0.006734651887011962,0.018642012250315677,0.9681189691814941,0.98013372088125,,,0.022904521939800946,75.43,7467.57,78.42999999999999,0.019736842105263157,0.99,0.01,0.0
FILD or FILA ADJUDICATED,22,814105639,genomic,0.019736842105263157,0.02801120448179272,0.9610318388564003,0.9802417140756668,,,0.01128803518578381,150.86,7392.14,153.86,0.02,0.05641580175457883,0.059914386534390636,0.9646223074272496,0.9810224870310119,,,0.01128803518578381,150.86,7392.14,153.86,0.02,0.006734651887011962,0.018642012250315677,0.9574300571774327,0.9799163545777232,,,0.01128803518578381,150.86,7392.14,153.86,0.019736842105263157,0.98,0.02,0.0
FILD or FILA ADJUDICATED,22,814105639,genomic,0.07236842105263158,0.02801120448179271,0.9326640675763483,0.9807030388831367,,,0.00396455986098559,377.15000000000003,7165.85,388.15000000000003,0.05,0.1249318695895122,0.050026906266691096,0.9383030599406113,0.9818645226521634,,,0.00396455986098559,377.15000000000003,7165.85,388.15000000000003,0.05,0.0408870274886166,0.018642012250315677,0.9269924461338418,0.9799546764786607,,,0.00396455986098559,377.15000000000003,7165.85,388.15000000000003,0.07236842105263158,0.95,0.05,0.0
FILD or FILA ADJUDICATED,22,814105639,genomic,0.10526315789473684,0.025437806886295145,0.8843014944769331,0.9803601599209154,,,0.0016145114427795748,754.3000000000001,6788.7,770.3000000000002,0.1,0.16414883536203786,0.03677596196796554,0.8919027990449835,0.9817596448844639,,,0.0016145114427795748,754.3000000000001,6788.7,770.3000000000002,0.1,0.06583783886392716,0.018642012250315677,0.876685423400146,0.9793557712620153,,,0.0016145114427795748,754.3000000000001,6788.7,770.3000000000002,0.10526315789473684,0.9,0.1,0.0
FILD or FILA ADJUDICATED,22,814105639,combined,0.09210526315789473,0.6502121212121211,0.9810860298895387,0.9820159283382212,,,0.5477404880578713,7.543,7535.457,21.542999999999996,0.001,0.148660910626281,0.8142686792346804,0.982695905297878,0.9831256470408568,,,0.5477404880578713,7.543,7535.457,21.542999999999996,0.001,0.0556586527405495,0.4368671906452288,0.9793754071361482,0.9812888936577846,,,0.5477404880578713,7.543,7535.457,21.542999999999996,0.09210526315789473,0.999,0.001,0.0
FILD or FILA ADJUDICATED,22,814105639,combined,0.18421052631578946,0.4257942708333333,0.9789844054580897,0.9837468386049163,36.847444879089615,0.8198889212414213,0.4898603288429771,37.715,7505.285,65.715,0.005,0.25335336252972424,0.5464271766559542,0.9816825116999164,0.9851238851742898,69.60023153606745,0.8753717870183854,0.4898603288429771,37.715,7505.285,65.715,0.005,0.13063597685104775,0.31338985468813135,0.9760998497245958,0.982666032823722,19.03651172399836,0.7493749866022105,0.4898603288429771,37.715,7505.285,65.715,0.18421052631578946,0.995,0.005,0.0
FILD or FILA ADJUDICATED,22,814105639,combined,0.24342105263157895,0.3288888888888889,0.9752527615334633,0.9848336381345311,24.34315197368421,0.7642211623170158,0.4555348630689187,75.43,7467.57,112.43,0.01,0.3174190329381704,0.42017837503147687,0.9786839738599302,0.9863240478419822,39.72523465491231,0.8282879640035277,0.4555348630689187,75.43,7467.57,112.43,0.01,0.18207230530870683,0.2489867456744111,0.9715824290021696,0.9835830726330125,14.55690634375592,0.6880792649825808,0.4555348630689187,75.43,7467.57,112.43,0.24342105263157895,0.99,0.01,0.0
FILD or FILA ADJUDICATED,22,814105639,combined,0.34210526315789475,0.2563351704628591,0.9673996101364523,0.9866526786452905,,,0.4120216926377513,150.86,7392.14,202.86,0.02,0.420583241190861,0.3205564814880335,0.9718157383296947,0.9882606986244966,,,0.4120216926377513,150.86,7392.14,202.86,0.02,0.27141142849952493,0.20117067223023652,0.9626582404191614,0.9851888057456304,,,0.4120216926377513,150.86,7392.14,202.86,0.34210526315789475,0.98,0.02,0.0
FILD or FILA ADJUDICATED,22,814105639,combined,0.47368421052631576,0.16030289532293981,0.9405912930474334,0.9889591973068314,,,0.3292763340250651,377.15000000000003,7165.85,449.15000000000003,0.05,0.552728023762286,0.19709206049578856,0.9467533543440241,0.9906475282628212,,,0.3292763340250651,377.15000000000003,7165.85,449.15000000000003,0.05,0.3959377545194448,0.1292751317773236,0.9340057938282779,0.987280802813702,,,0.3292763340250651,377.15000000000003,7165.85,449.15000000000003,0.47368421052631576,0.95,0.05,0.0
FILD or FILA ADJUDICATED,22,814105639,combined,0.5526315789473685,0.1002028212925377,0.8931384015594542,0.9900826927962788,,,0.252009618619464,754.3000000000001,6788.7,838.3000000000002,0.1,0.6294101335898308,0.12238834226918671,0.9010931456766436,0.9918298528925951,,,0.252009618619464,754.3000000000001,6788.7,838.3000000000002,0.1,0.47325830984670736,0.0816646797975729,0.8847332351726453,0.9882536744201167,,,0.252009618619464,754.3000000000001,6788.7,838.3000000000002,0.5526315789473685,0.9,0.1,0.0
FILD or FILA ADJUDICATED,23,1109149096,zebra,0.06805714285714286,0.5783132530120483,0.9806110052910053,0.9815594922340202,,,1.0,7.543,7535.457,17.887685714285713,0.001,0.10413166327651932,0.6787698509817467,0.9815985850126583,0.9822676364138994,,,1.0,7.543,7535.457,17.887685714285713,0.001,0.053277221592107904,0.4709282330502336,0.9795460967349836,0.9812552621730555,,,1.0,7.543,7535.457,17.887685714285713,0.06805714285714286,0.999,0.001,0.0
FILD or FILA ADJUDICATED,23,1109149096,zebra,0.3223684210526316,0.5650848703555199,0.9817134502923976,0.9864621264368293,64.48302853840683,0.6810367652247289,0.9999998119949429,37.715,7505.285,86.715,0.005,0.40025784860539837,0.6644646757177862,0.9845843287088185,0.9880157189152131,109.95724966466773,0.7519243771888814,0.9999998119949429,37.715,7505.285,86.715,0.005,0.2532361547962858,0.4601817930282265,0.9785215816346252,0.9850740316835281,36.90203224197879,0.6019336914029865,0.9999998119949429,37.715,7505.285,86.715,0.3223684210526316,0.995,0.005,0.0
FILD or FILA ADJUDICATED,23,1109149096,zebra,0.3223684210526316,0.39380193548387094,0.9768122157244964,0.9863946835653742,,,0.9999926028511629,75.43,7467.57,124.43,0.01,0.40025784860539837,0.48159518824568504,0.9803202961447149,0.9879638003800103,,,0.9999926028511629,75.43,7467.57,124.43,0.01,0.2532361547962858,0.3123692306779834,0.97298813467106,0.9849899887740279,,,0.9999926028511629,75.43,7467.57,124.43,0.3223684210526316,0.99,0.01,0.0
FILD or FILA ADJUDICATED,23,1109149096,zebra,0.3815789473684211,0.27769874861980126,0.9681793372319689,0.9874434621578105,19.079048785871965,0.631041891830666,0.9998973107865865,150.86,7392.14,208.86,0.02,0.4608215904986017,0.3420352554339593,0.9726105699209587,0.9890670365446907,26.986196961562282,0.708411162057596,0.9998973107865865,150.86,7392.14,208.86,0.02,0.3081744117691877,0.22139759037978124,0.9633844228047349,0.9859256278150619,13.162957168403837,0.5485455398212107,0.9998973107865865,150.86,7392.14,208.86,0.3815789473684211,0.98,0.02,0.0
FILD or FILA ADJUDICATED,23,1109149096,zebra,0.4868421052631579,0.1640253713478406,0.9408512020792723,0.9892322452577643,,,0.9974773709175034,377.15000000000003,7165.85,451.15000000000003,0.05,0.5656411819815536,0.20100505728913187,0.9470084290742813,0.9909150897679211,,,0.9974773709175034,377.15000000000003,7165.85,451.15000000000003,0.05,0.4086917071593119,0.13271890444942966,0.9342577237569666,0.9875460068592737,,,0.9974773709175034,377.15000000000003,7165.85,451.15000000000003,0.4868421052631579,0.95,0.05,0.0
FILD or FILA ADJUDICATED,23,1109149096,zebra,0.5657894736842105,0.10190703218116806,0.893398310591293,0.9903715698287318,5.65789682400267,0.4824561425493925,0.9815449090416326,754.3000000000001,6788.7,840.3000000000002,0.1,0.6420034127929235,0.12422565214937095,0.9013419018090503,0.9921052966518953,6.871336899785739,0.5751999174389425,0.9815449090416326,754.3000000000001,6788.7,840.3000000000002,0.1,0.486332141502749,0.08321723219306609,0.8849914836991845,0.9885418799456382,4.5462206123301145,0.39489221051928014,0.9815449090416326,754.3000000000001,6788.7,840.3000000000002,0.5657894736842105,0.9,0.1,0.0
FILD or FILA ADJUDICATED,23,1109149096,genomic,0.0,0.061869313482216706,0.9792666666666667,0.980227531596177,,,0.8604449083895066,7.543,7535.457,7.543,0.001,0.024649787352889047,0.27753279986288926,0.980246302862848,0.9807150310823073,,,0.8604449083895066,7.543,7535.457,7.543,0.001,0.0,0.02774873704004542,0.9782759769585572,0.980207904466031,,,0.8604449083895066,7.543,7535.457,7.543,0.0,0.999,0.001,0.0
FILD or FILA ADJUDICATED,23,1109149096,genomic,0.013157894736842105,0.061869313482216706,0.9756055880441845,0.9804056935148008,,,0.7556729838236464,37.715,7505.285,39.715,0.005,0.04670108102456133,0.1641785617093457,0.9776004913245058,0.9810844466456652,,,0.7556729838236464,37.715,7505.285,39.715,0.005,0.0036158171874622162,0.02774873704004542,0.9735908095337101,0.9801836063455068,,,0.7556729838236464,37.715,7505.285,39.715,0.013157894736842105,0.995,0.005,0.0
FILD or FILA ADJUDICATED,23,1109149096,genomic,0.03289473684210526,0.06186931348221669,0.9710942170240416,0.9806949045551608,,,0.6842321673484846,75.43,7467.57,80.43,0.01,0.07468664329518646,0.1407730059894115,0.9738892599904392,0.981550472665213,,,0.6842321673484846,75.43,7467.57,80.43,0.01,0.01413092120553882,0.02774873704004542,0.9682650683285268,0.9802787360883414,,,0.6842321673484846,75.43,7467.57,80.43,0.03289473684210526,0.99,0.01,0.0
FILD or FILA ADJUDICATED,23,1109149096,genomic,0.05263157894736842,0.05214723926380368,0.9616816114359975,0.9808920746820992,,,0.6112925292050928,150.86,7392.14,158.86,0.02,0.10041073889314774,0.09772276370052221,0.9654913432225795,0.9818912969082922,,,0.6112925292050928,150.86,7392.14,158.86,0.02,0.026907491896279292,0.02731341235986467,0.9578285330294676,0.9803162169073195,,,0.6112925292050928,150.86,7392.14,158.86,0.05263157894736842,0.98,0.02,0.0
FILD or FILA ADJUDICATED,23,1109149096,genomic,0.09868421052631579,0.037433155080213894,0.933183885640026,0.981240200698692,,,0.45796264191689684,377.15000000000003,7165.85,392.15000000000003,0.05,0.15643415657102436,0.061836819192280956,0.938925327337777,0.9825059750126129,,,0.45796264191689684,377.15000000000003,7165.85,392.15000000000003,0.05,0.060718962225373437,0.02243672517216496,0.9273841880545679,0.980361021015179,,,0.45796264191689684,377.15000000000003,7165.85,392.15000000000003,0.09868421052631579,0.95,0.05,0.0
FILD or FILA ADJUDICATED,23,1109149096,genomic,0.15789473684210525,0.0314711893131293,0.8853411306042885,0.9814940650076052,,,0.34294150406136775,754.3000000000001,6788.7,778.3000000000001,0.1,0.22419505004317747,0.04620894397187441,0.8930888971127591,0.9830477894416849,,,0.34294150406136775,754.3000000000001,6788.7,778.3000000000001,0.1,0.10846006761932553,0.021483538738241482,0.8775273439681539,0.9802791126333656,,,0.34294150406136775,754.3000000000001,6788.7,778.3000000000001,0.15789473684210525,0.9,0.1,0.0
FILD or FILA ADJUDICATED,23,1109149096,combined,0.05263157894736842,0.5306459970887919,0.9803063027940222,0.9812486741437687,,,0.3733708616930967,7.543,7535.457,15.543,0.001,0.10041073889314774,0.7345827929745099,0.9817428154858655,0.9821863189757667,,,0.3733708616930967,7.543,7535.457,15.543,0.001,0.026907491896279292,0.35141941970197477,0.9788074829713231,0.9807301978741444,,,0.3733708616930967,7.543,7535.457,15.543,0.05263157894736842,0.999,0.001,0.0
FILD or FILA ADJUDICATED,23,1109149096,combined,0.20019736842105265,0.46446961894953653,0.9793001949317739,0.9840602917518653,,,0.33333669643428127,37.715,7505.285,68.14500000000001,0.005,0.27083439407812937,0.5775818847260153,0.9820278160267985,0.9854671365683696,,,0.33333669643428127,37.715,7505.285,68.14500000000001,0.005,0.1443404849964911,0.35141941970197477,0.976370556058333,0.9829346363829682,,,0.33333669643428127,37.715,7505.285,68.14500000000001,0.20019736842105265,0.995,0.005,0.0
FILD or FILA ADJUDICATED,23,1109149096,combined,0.3355263157894737,0.40339145106861646,0.9770721247563353,0.9866553390624436,33.55407434210526,0.6711855425566834,0.31243165124683436,75.43,7467.57,126.42999999999999,0.01,0.4138238578453593,0.49053094028633665,0.9805882666976031,0.9882328523674561,51.7903721983494,0.743968338598136,0.31243165124683436,75.43,7467.57,126.42999999999999,0.01,0.2653372564154593,0.3219492973921533,0.9732271687771178,0.9852296292126135,21.21404232565777,0.59089788392467,0.31243165124683436,75.43,7467.57,126.42999999999999,0.3355263157894737,0.99,0.01,0.0
FILD or FILA ADJUDICATED,23,1109149096,combined,0.3815789473684211,0.27769874861980126,0.9681793372319689,0.9874434621578105,,,0.2946398576976888,150.86,7392.14,208.86,0.02,0.4608215904986017,0.3420352554339593,0.9726105699209587,0.9890670365446907,,,0.2946398576976888,150.86,7392.14,208.86,0.02,0.3081744117691877,0.22139190438543635,0.9633844228047349,0.9859256278150619,,,0.2946398576976888,150.86,7392.14,208.86,0.3815789473684211,0.98,0.02,0.0
FILD or FILA ADJUDICATED,23,1109149096,combined,0.4868421052631579,0.1640253713478406,0.9408512020792723,0.9892322452577643,,,0.25890870557385537,377.15000000000003,7165.85,451.15000000000003,0.05,0.5656411819815536,0.20100505728913187,0.9470084290742813,0.9909150897679211,,,0.25890870557385537,377.15000000000003,7165.85,451.15000000000003,0.05,0.4086917071593119,0.13271890444942966,0.9342577237569666,0.9875460068592737,,,0.25890870557385537,377.15000000000003,7165.85,451.15000000000003,0.4868421052631579,0.95,0.05,0.0
FILD or FILA ADJUDICATED,23,1109149096,combined,0.6052631578947368,0.10870852766404024,0.8941780376868096,0.9912392132421269,,,0.20606282216239424,754.3000000000001,6788.7,846.3000000000001,0.1,0.6794541943519046,0.13147516884374036,0.9020816703336721,0.9929253354618831,,,0.20606282216239424,754.3000000000001,6788.7,846.3000000000001,0.1,0.5258826925211715,0.08947807537865397,0.8857727291514003,0.9894147747458383,,,0.20606282216239424,754.3000000000001,6788.7,846.3000000000001,0.6052631578947368,0.9,0.1,0.0
FILD or FILA ADJUDICATED,24,1128551543,zebra,0.056331081081081084,0.5316455696202531,0.9803793793793795,0.9813293970966765,,,0.99999983518477,7.542999999999999,7535.457,16.105324324324325,0.001,0.09143663623649442,0.6376421584342222,0.9813414571062062,0.9820180545765875,,,0.99999983518477,7.542999999999999,7535.457,16.105324324324325,0.001,0.04309821493854277,0.4227140939927444,0.979351391877118,0.9810557273217608,,,0.99999983518477,7.542999999999999,7535.457,16.105324324324325,0.056331081081081084,0.999,0.001,0.0
FILD or FILA ADJUDICATED,24,1128551543,zebra,0.27631578947368424,0.5268939873417722,0.9808037686809616,0.9855553665573255,55.271167318634426,0.727320817230293,0.9999996345713582,37.715,7505.285,79.715,0.005,0.3522533149537639,0.6327161720772893,0.9836360910070578,0.9870688777586785,96.76963445572135,0.7940438013525486,0.9999996345713582,37.715,7505.285,79.715,0.005,0.21140580044094956,0.4185973617335012,0.9776953030300753,0.9842511134399676,30.806437059862013,0.6501136401990072,0.9999996345713582,37.715,7505.285,79.715,0.27631578947368424,0.995,0.005,0.0
FILD or FILA ADJUDICATED,24,1128551543,zebra,0.27631578947368424,0.35766623207301174,0.9759025341130604,0.9854834728719691,,,0.9999923951185824,75.43,7467.57,117.43,0.01,0.3522533149537639,0.44760173529518554,0.9793720584429543,0.9870129112180621,,,0.9999923951185824,75.43,7467.57,117.43,0.01,0.21140580044094956,0.276747769189794,0.9721618560665102,0.9841625114614925,,,0.9999923951185824,75.43,7467.57,117.43,0.27631578947368424,0.99,0.01,0.0
FILD or FILA ADJUDICATED,24,1128551543,zebra,0.3355263157894737,0.2526511009309886,0.9672696556205329,0.9865210045165899,16.776404966887416,0.6780343731372047,0.9998781859760993,150.86,7392.14,201.86000000000004,0.02,0.4138238578453593,0.31683133922679946,0.9716822196463268,0.9881253760257009,24.23396031233112,0.7522752797190725,0.9998781859760993,150.86,7392.14,201.86000000000004,0.02,0.2653372564154593,0.19767914334479988,0.9625382567730564,0.9850671701573056,11.33326716299319,0.5963597626727638,0.9998781859760993,150.86,7392.14,201.86000000000004,0.3355263157894737,0.98,0.02,0.0
FILD or FILA ADJUDICATED,24,1128551543,zebra,0.45493421052631605,0.15505617977528094,0.940220922677063,0.9885703690842775,,,0.9977575327797369,377.15000000000003,7165.85,446.30000000000007,0.05,0.534233852816581,0.19162352859572854,0.9463880373870719,0.9902645839214927,,,0.9977575327797369,377.15000000000003,7165.85,446.30000000000007,0.05,0.3778562924908837,0.1244618259191406,0.9336486291462323,0.9869050678795646,,,0.9977575327797369,377.15000000000003,7165.85,446.30000000000007,0.45493421052631605,0.95,0.05,0.0
FILD or FILA ADJUDICATED,24,1128551543,zebra,0.5875000000000004,0.10604265402843602,0.8938271604938272,0.9908485944750534,5.874983860909589,0.45833310928463833,0.9817076444688435,754.3000000000001,6788.7,843.6000000000001,0.1,0.6626616308320885,0.12862902748849175,0.901749965375256,0.9925574784572048,7.09242171632531,0.5509086280599106,0.9817076444688435,754.3000000000001,6788.7,843.6000000000001,0.1,0.5080246563811567,0.0870262239746532,0.8854199778202395,0.9890204597742422,4.748985176314321,0.3721047231968436,0.9817076444688435,754.3000000000001,6788.7,843.6000000000001,0.5875000000000004,0.9,0.1,0.0
FILD or FILA ADJUDICATED,24,1128551543,genomic,0.0,0.026315789473684206,0.9792666666666667,0.980227531596177,,,0.8349827787504278,7.543,7535.457,7.543,0.001,0.024649787352889047,0.27753279986288926,0.980246302862848,0.9807150310823073,,,0.8349827787504278,7.543,7535.457,7.543,0.001,0.0,0.018353324767465123,0.9782759769585572,0.980207904466031,,,0.8349827787504278,7.543,7535.457,7.543,0.0,0.999,0.001,0.0
FILD or FILA ADJUDICATED,24,1128551543,genomic,0.006578947368421052,0.02583333333333333,0.9754756335282652,0.9802776411112061,,,0.737592897475171,37.715,7505.285,38.715,0.005,0.036321051462105534,0.1327044766448916,0.977395453703519,0.9808824214704875,,,0.737592897475171,37.715,7505.285,38.715,0.005,0.0011622913203507626,0.018353324767465123,0.9735423448252241,0.9801357791758853,,,0.737592897475171,37.715,7505.285,38.715,0.006578947368421052,0.995,0.005,0.0
FILD or FILA ADJUDICATED,24,1128551543,genomic,0.006578947368421052,0.025077623775755592,0.9705743989603639,0.9801800074505257,,,0.685710625085916,75.43,7467.57,76.43,0.01,0.036321051462105534,0.08050436469319244,0.9731314211394154,0.9808002004542108,,,0.685710625085916,75.43,7467.57,76.43,0.01,0.0011622913203507626,0.018353324767465123,0.9680088978616589,0.9800244945393152,,,0.685710625085916,75.43,7467.57,76.43,0.006578947368421052,0.99,0.01,0.0
FILD or FILA ADJUDICATED,24,1128551543,genomic,0.02631578947368421,0.025077623775755592,0.9611617933723198,0.9803717171944563,,,0.6277074039522949,150.86,7392.14,154.86000000000004,0.02,0.06570377320639395,0.06452546300104209,0.9648057735300015,0.9812057773833508,,,0.6277074039522949,150.86,7392.14,154.86000000000004,0.02,0.010280235864764092,0.018353324767465123,0.9575000934041538,0.9799866108623179,,,0.6277074039522949,150.86,7392.14,154.86000000000004,0.02631578947368421,0.98,0.02,0.0
FILD or FILA ADJUDICATED,24,1128551543,genomic,0.05921052631578947,0.025077623775755578,0.9324041585445094,0.980434678459492,,,0.5130193158466434,377.15000000000003,7165.85,386.15000000000003,0.05,0.10869148223357711,0.0436956183991898,0.9379822621656793,0.9815341615343475,,,0.5130193158466434,377.15000000000003,7165.85,386.15000000000003,0.05,0.03146030398541715,0.018353324767465123,0.926806239249828,0.9797616466129933,,,0.5130193158466434,377.15000000000003,7165.85,386.15000000000003,0.05921052631578947,0.95,0.05,0.0
FILD or FILA ADJUDICATED,24,1128551543,genomic,0.13157894736842105,0.025077623775755578,0.8848213125406108,0.9809267847791717,,,0.4015269318436131,754.3000000000001,6788.7,774.3000000000001,0.1,0.1945037807028201,0.03870862034286032,0.8925024029035667,0.9824104137243385,,,0.4015269318436131,754.3000000000001,6788.7,774.3000000000001,0.1,0.08681711524141389,0.018353324767465123,0.8770998288594544,0.9798100357404911,,,0.4015269318436131,754.3000000000001,6788.7,774.3000000000001,0.13157894736842105,0.9,0.1,0.0
FILD or FILA ADJUDICATED,24,1128551543,combined,0.0729342105263158,0.5764705882352941,0.9807073424301495,0.9816431733969809,,,0.7739577353182925,7.543,7535.457,18.629,0.001,0.12557898696597222,0.7824255233902786,0.9822399660650817,0.9826760983520523,,,0.7739577353182925,7.543,7535.457,18.629,0.001,0.041343595879099346,0.39669822073871625,0.9790926405808603,0.98101065905663,,,0.7739577353182925,7.543,7535.457,18.629,0.0729342105263158,0.999,0.001,0.0
FILD or FILA ADJUDICATED,24,1128551543,combined,0.22838815789473685,0.4791666666666667,0.9798570500324886,0.9846134639386787,45.6770594772404,0.7754891118417724,0.6710306335025814,37.715,7505.285,72.42999999999999,0.005,0.3013289703570723,0.592456489783066,0.9826301780273701,0.9860664350277056,82.7675927166634,0.8369058936128013,0.6710306335025814,37.715,7505.285,72.42999999999999,0.005,0.16883769373324375,0.3677887759052382,0.9768544515395527,0.9834150979643367,24.59947570368586,0.7012239071970434,0.6710306335025814,37.715,7505.285,72.42999999999999,0.22838815789473685,0.995,0.005,0.0
FILD or FILA ADJUDICATED,24,1128551543,combined,0.27631578947368424,0.35766623207301174,0.9759025341130604,0.9854834728719691,,,0.6167766762708861,75.43,7467.57,117.43,0.01,0.3522533149537639,0.44760173529518554,0.9793720584429543,0.9870129112180621,,,0.6167766762708861,75.43,7467.57,117.43,0.01,0.21140580044094956,0.276747769189794,0.9721618560665102,0.9841625114614925,,,0.6167766762708861,75.43,7467.57,117.43,0.27631578947368424,0.99,0.01,0.0
FILD or FILA ADJUDICATED,24,1128551543,combined,0.35434210526315796,0.26108374384236455,0.9676413255360624,0.9868976902465433,17.71693565121413,0.6588344785864187,0.563282061341305,150.86,7392.14,204.72000000000003,0.02,0.4331138269673735,0.3255406378202961,0.9720632560734284,0.9885116627304088,25.363259723558414,0.7344436934591227,0.563282061341305,150.86,7392.14,204.72000000000003,0.02,0.28275125582200766,0.2055018279073948,0.9628822370082474,0.9854159706563599,12.07687361811632,0.5767345669759942,0.563282061341305,150.86,7392.14,204.72000000000003,0.35434210526315796,0.98,0.02,0.0
FILD or FILA ADJUDICATED,24,1128551543,combined,0.4559210526315794,0.15617977528089888,0.940240415854451,0.9885908359274964,,,0.48109094985735296,377.15000000000003,7165.85,446.4500000000001,0.05,0.5352073338834276,0.19283229080065897,0.9464072666427132,0.9902847430968859,,,0.48109094985735296,377.15000000000003,7165.85,446.4500000000001,0.05,0.3788078447384727,0.12541328354820663,0.9336674252400118,0.9869248434884567,,,0.48109094985735296,377.15000000000003,7165.85,446.4500000000001,0.4559210526315794,0.95,0.05,0.0
FILD or FILA ADJUDICATED,24,1128551543,combined,0.5526315789473685,0.1002028212925377,0.8931384015594542,0.9900826927962788,,,0.3935962499222821,754.3000000000001,6788.7,838.3000000000002,0.1,0.6294101335898308,0.12238834226918671,0.9010931456766436,0.9918298528925951,,,0.3935962499222821,754.3000000000001,6788.7,838.3000000000002,0.1,0.47325830984670736,0.0816646797975729,0.8847332351726453,0.9882536744201167,,,0.3935962499222821,754.3000000000001,6788.7,838.3000000000002,0.5526315789473685,0.9,0.1,0.0
FILD or FILA ADJUDICATED,25,159583996,zebra,0.0561546052631579,0.5308641975308641,0.980375893437297,0.9813262280010507,,,0.9999999953344358,7.543,7535.457,16.078500000000002,0.001,0.09105073411696288,0.6356662664381766,0.9813308217325688,0.9820107609243902,,,0.9999999953344358,7.543,7535.457,16.078500000000002,0.001,0.04313986560499741,0.423267185078341,0.9793552272220526,0.9810568242696878,,,0.9999999953344358,7.543,7535.457,16.078500000000002,0.0561546052631579,0.999,0.001,0.0
FILD or FILA ADJUDICATED,25,159583996,zebra,0.2807730263157895,0.5308641975308641,0.9808918128654971,0.9856434856842659,56.1546052631579,0.7228306545636243,0.9999999953344358,37.715,7505.285,80.3925,0.005,0.35665452117325824,0.6356662664381766,0.9837188168226157,0.9871560545904369,97.79348243041767,0.7897069981265535,0.9999999953344358,37.715,7505.285,80.3925,0.005,0.21569932802498706,0.4232671850783409,0.9777843250427354,0.9843359107726004,31.466073131419535,0.6456900203485598,0.9999999953344358,37.715,7505.285,80.3925,0.2807730263157895,0.995,0.005,0.0
FILD or FILA ADJUDICATED,25,159583996,zebra,0.28289473684210525,0.3630900156672838,0.9760324886289798,0.9856135427422427,,,0.9999930924375273,75.43,7467.57,118.42999999999999,0.01,0.35916337306610735,0.45273764427640584,0.9795085534180129,0.9871496750677411,,,0.9999930924375273,75.43,7467.57,118.42999999999999,0.01,0.21732929775817333,0.2820448709193906,0.9722788634209245,0.9842796040527948,,,0.9999930924375273,75.43,7467.57,118.42999999999999,0.28289473684210525,0.99,0.01,0.0
FILD or FILA ADJUDICATED,25,159583996,zebra,0.3223684210526316,0.24517236180904523,0.967009746588694,0.986257761666796,,,0.9998915887084523,150.86,7392.14,199.86000000000004,0.02,0.40025784860539837,0.3092491091181485,0.9714142490934387,0.9878538968301784,,,0.9998915887084523,150.86,7392.14,199.86000000000004,0.02,0.2532361547962858,0.1907068360330352,0.9622992226669986,0.9848249345157335,,,0.9998915887084523,150.86,7392.14,199.86000000000004,0.3223684210526316,0.98,0.02,0.0
FILD or FILA ADJUDICATED,25,159583996,zebra,0.4144736842105263,0.1431331168831169,0.9394217024041586,0.9877323445397743,8.289481100795756,0.6163434918352326,0.9976528115587113,377.15000000000003,7165.85,440.1500000000001,0.05,0.49395491032566785,0.17894201212330338,0.9455924039551526,0.9894315685772762,10.902506990922003,0.699362014549416,0.9976528115587113,377.15000000000003,7165.85,440.1500000000001,0.05,0.33920886908995784,0.11349952045287683,0.9328852232518929,0.9861029134493371,6.150494302854922,0.5300603154588808,0.9976528115587113,377.15000000000003,7165.85,440.1500000000001,0.4144736842105263,0.95,0.05,0.0
FILD or FILA ADJUDICATED,25,159583996,zebra,0.5394736842105263,0.09779865608562134,0.8928784925276153,0.9897939842371722,5.394738832188592,0.5116959087645072,0.9813371471936626,754.3000000000001,6788.7,836.3000000000001,0.1,0.6167629496691474,0.12008157669755605,0.9008433247596918,0.9915533840005881,6.601189230514664,0.6044194365132596,0.9813371471936626,754.3000000000001,6788.7,836.3000000000001,0.1,0.46023838290825614,0.07908842391816853,0.8844760514306512,0.9879668241588586,4.302296814061521,0.4227339906748908,0.9813371471936626,754.3000000000001,6788.7,836.3000000000001,0.5394736842105263,0.9,0.1,0.0
FILD or FILA ADJUDICATED,25,159583996,genomic,0.0,0.04545454545454546,0.9792666666666667,0.980227531596177,,,0.8411391143277823,7.543,7535.457,7.543,0.001,0.024649787352889047,0.28132198495943744,0.980246302862848,0.9807150310823073,,,0.8411391143277823,7.543,7535.457,7.543,0.001,0.0,0.0191251181005117,0.9782759769585572,0.980207904466031,,,0.8411391143277823,7.543,7535.457,7.543,0.0,0.999,0.001,0.0
FILD or FILA ADJUDICATED,25,159583996,genomic,0.013157894736842105,0.04545454545454546,0.9756055880441845,0.9804056935148008,,,0.7243270734337973,37.715,7505.285,39.715,0.005,0.04670108102456133,0.15772017158062987,0.9776004913245058,0.9810844466456652,,,0.7243270734337973,37.715,7505.285,39.715,0.005,0.0036158171874622162,0.0191251181005117,0.9735908095337101,0.9801836063455068,,,0.7243270734337973,37.715,7505.285,39.715,0.013157894736842105,0.995,0.005,0.0
FILD or FILA ADJUDICATED,25,159583996,genomic,0.019736842105263157,0.04375,0.9708343079922027,0.9804373884006143,,,0.6810796861831897,75.43,7467.57,78.42999999999999,0.01,0.05641580175457883,0.11309719464886639,0.9735283544785259,0.9811930275079276,,,0.6810796861831897,75.43,7467.57,78.42999999999999,0.01,0.006734651887011962,0.0191251181005117,0.9681189691814941,0.98013372088125,,,0.6810796861831897,75.43,7467.57,78.42999999999999,0.019736842105263157,0.99,0.01,0.0
FILD or FILA ADJUDICATED,25,159583996,genomic,0.02631578947368421,0.025829912023460407,0.9611617933723198,0.9803717171944563,,,0.6201056506857816,150.86,7392.14,154.86000000000004,0.02,0.06570377320639395,0.06452546300104209,0.9648057735300015,0.9812057773833508,,,0.6201056506857816,150.86,7392.14,154.86000000000004,0.02,0.010280235864764092,0.01912511810051169,0.9575000934041538,0.9799866108623179,,,0.6201056506857816,150.86,7392.14,154.86000000000004,0.02631578947368421,0.98,0.02,0.0
FILD or FILA ADJUDICATED,25,159583996,genomic,0.046052631578947366,0.024619463124180768,0.9321442495126706,0.9801664648644238,,,0.5215401705267689,377.15000000000003,7165.85,384.15000000000003,0.05,0.09200033996577209,0.03713000232079376,0.9376525605900189,0.9811948627529623,,,0.5215401705267689,377.15000000000003,7165.85,384.15000000000003,0.05,0.0224843353940877,0.01912511810051169,0.9266289361665424,0.9795779174653283,,,0.5215401705267689,377.15000000000003,7165.85,384.15000000000003,0.046052631578947366,0.95,0.05,0.0
FILD or FILA ADJUDICATED,25,159583996,genomic,0.08552631578947369,0.024619463124180757,0.8839116309291748,0.9799356206809983,,,0.4162040139321353,754.3000000000001,6788.7,767.3000000000001,0.1,0.14082381103246616,0.032154900428554595,0.8914420578236586,0.9812601734962146,,,0.4162040139321353,754.3000000000001,6788.7,767.3000000000001,0.1,0.050662196904797105,0.01912511810051169,0.8763856576330521,0.9790274353971105,,,0.4162040139321353,754.3000000000001,6788.7,767.3000000000001,0.08552631578947369,0.9,0.1,0.0
FILD or FILA ADJUDICATED,25,159583996,combined,0.04661842105263158,0.4956896551724138,0.9801875243664718,0.9811319255756875,,,0.9315905784081049,7.543,7535.457,14.629,0.001,0.0926535186756511,0.7148750475676571,0.9815895864445322,0.9820355043496831,,,0.9315905784081049,7.543,7535.457,14.629,0.001,0.022934842451151478,0.31120405928154526,0.9787290108835182,0.9806530652806447,,,0.9315905784081049,7.543,7535.457,14.629,0.04661842105263158,0.999,0.001,0.0
FILD or FILA ADJUDICATED,25,159583996,combined,0.15789473684210525,0.3889053410893707,0.978464587394412,0.9832313348122566,31.58352418207681,0.8463369509588865,0.8948792367518211,37.715,7505.285,61.715,0.005,0.22419505004317747,0.5136037487034288,0.9811065450335155,0.9845519123245273,61.58997550472482,0.8977009434776287,0.8948792367518211,37.715,7505.285,61.715,0.005,0.10846006761932553,0.2772250145860198,0.975661807073105,0.9822317309518767,15.804997969090362,0.7786398475583665,0.8948792367518211,37.715,7505.285,61.715,0.15789473684210525,0.995,0.005,0.0
FILD or FILA ADJUDICATED,25,159583996,combined,0.24342105263157895,0.3318777292576419,0.9752527615334633,0.9848336381345311,24.34315197368421,0.7642211623170158,0.8399285434598704,75.43,7467.57,112.43,0.01,0.3174190329381704,0.42234392047953034,0.9786839738599302,0.9863240478419822,39.72523465491231,0.8282879640035277,0.8399285434598704,75.43,7467.57,112.43,0.01,0.18207230530870683,0.2523290200681747,0.9715824290021696,0.9835830726330125,14.55690634375592,0.6880792649825808,0.8399285434598704,75.43,7467.57,112.43,0.24342105263157895,0.99,0.01,0.0
FILD or FILA ADJUDICATED,25,159583996,combined,0.32894736842105265,0.24893034825870647,0.9671397011046134,0.9863893655284468,16.447455849889625,0.6847475847524247,0.7091886406999249,150.86,7392.14,200.86,0.02,0.4070488033613299,0.3130625048521596,0.9715483914096052,0.9879897768746447,23.837205996775918,0.7584790249522185,0.7091886406999249,150.86,7392.14,200.86,0.02,0.2592787554699216,0.19422141409561317,0.962418582680305,0.9849458782997564,11.074492308867484,0.6032525199749278,0.7091886406999249,150.86,7392.14,200.86,0.32894736842105265,0.98,0.02,0.0
FILD or FILA ADJUDICATED,25,159583996,combined,0.4144736842105263,0.1431331168831169,0.9394217024041586,0.9877323445397743,8.289481100795756,0.6163434918352326,0.5668160950577878,377.15000000000003,7165.85,440.1500000000001,0.05,0.49395491032566785,0.17894201212330338,0.9455924039551526,0.9894315685772762,10.902506990922003,0.699362014549416,0.5668160950577878,377.15000000000003,7165.85,440.1500000000001,0.05,0.33920886908995784,0.11349952045287683,0.9328852232518929,0.9861029134493371,6.150494302854922,0.5300603154588808,0.5668160950577878,377.15000000000003,7165.85,440.1500000000001,0.4144736842105263,0.95,0.05,0.0
FILD or FILA ADJUDICATED,25,159583996,combined,0.5131578947368421,0.09326113116726835,0.8923586744639377,0.9892170719498187,5.131580840374515,0.5409356749796218,0.4582822994160904,754.3000000000001,6788.7,832.3000000000001,0.1,0.5913082928406881,0.11494712914739678,0.9003405167235741,0.9909974093029029,6.328749054572498,0.633399103708173,0.4582822994160904,754.3000000000001,6788.7,832.3000000000001,0.1,0.43435881801844656,0.07531829447978078,0.8839648501488773,0.9873971492334549,4.060375293150648,0.4508120396345745,0.4582822994160904,754.3000000000001,6788.7,832.3000000000001,0.5131578947368421,0.9,0.1,0.0
FILD or FILA ADJUDICATED,26,2074640194,zebra,0.07187068965517242,0.5915492957746479,0.9806863346104726,0.9816319552603707,,,1.0,7.543,7535.457,18.46734482758621,0.001,0.10986059454921314,0.6983126973007014,0.9817341272826966,0.9823778524937201,,,1.0,7.543,7535.457,18.46734482758621,0.001,0.05498737768020974,0.4753878184942343,0.9795574994004673,0.9812865849752941,,,1.0,7.543,7535.457,18.46734482758621,0.07187068965517242,0.999,0.001,0.0
FILD or FILA ADJUDICATED,26,2074640194,zebra,0.27631578947368424,0.5268939873417722,0.9808037686809616,0.9855553665573255,,,0.9999993031130886,37.715,7505.285,79.715,0.005,0.3522533149537639,0.6327161720772893,0.9836360910070578,0.9870688777586785,,,0.9999993031130886,37.715,7505.285,79.715,0.005,0.21140580044094956,0.4185973617335012,0.9776953030300753,0.9842511134399676,,,0.9999993031130886,37.715,7505.285,79.715,0.27631578947368424,0.995,0.005,0.0
FILD or FILA ADJUDICATED,26,2074640194,zebra,0.2894736842105263,0.368422969187675,0.9761624431448993,0.9857436469518124,28.948613157894737,0.7177033524368496,0.9999873325828573,75.43,7467.57,119.43,0.01,0.36605544926939826,0.45777565932505954,0.979644693194868,0.9872861207778568,45.81211934373431,0.7865676524823026,0.9999873325828573,75.43,7467.57,119.43,0.01,0.22327077698444972,0.2872705938013867,0.9723962259735422,0.9843970800940202,17.850775187086214,0.6390510746059413,0.9999873325828573,75.43,7467.57,119.43,0.2894736842105263,0.99,0.01,0.0
FILD or FILA ADJUDICATED,26,2074640194,zebra,0.34210526315789475,0.2563351704628591,0.9673996101364523,0.9866526786452905,17.10535408388521,0.671321161521985,0.9998774029769734,150.86,7392.14,202.86,0.02,0.420583241190861,0.3205564814880335,0.9718157383296947,0.9882606986244966,24.629796909533624,0.7460554876532504,0.9998774029769734,150.86,7392.14,202.86,0.02,0.27141142849952493,0.20117067223023652,0.9626582404191614,0.9851888057456304,11.592711373552609,0.5894829487633464,0.9998774029769734,150.86,7392.14,202.86,0.34210526315789475,0.98,0.02,0.0
FILD or FILA ADJUDICATED,26,2074640194,zebra,0.4407894736842105,0.15085003542868708,0.9399415204678363,0.9882772364335002,,,0.997220661522501,377.15000000000003,7165.85,444.1500000000001,0.05,0.5202115409440079,0.1871208625367235,0.9461110534488483,0.9899744241342164,,,0.997220661522501,377.15000000000003,7165.85,444.1500000000001,0.05,0.36428646018988675,0.12056702646015527,0.9333805830760891,0.9866232648474474,,,0.997220661522501,377.15000000000003,7165.85,444.1500000000001,0.4407894736842105,0.95,0.05,0.0
FILD or FILA ADJUDICATED,26,2074640194,zebra,0.5328947368421053,0.09706411024565609,0.892748538011696,0.989649693089074,,,0.9830043635273469,754.3000000000001,6788.7,835.3000000000002,0.1,0.6104192680185561,0.11903494525870449,0.9007180174678282,0.9914147684270691,,,0.9830043635273469,754.3000000000001,6788.7,835.3000000000002,0.1,0.45374850912928033,0.07880389036090904,0.8843478563930419,0.9878239038169989,,,0.9830043635273469,754.3000000000001,6788.7,835.3000000000002,0.5328947368421053,0.9,0.1,0.0
FILD or FILA ADJUDICATED,26,2074640194,genomic,0.0,0.03638827714721328,0.9792666666666667,0.980227531596177,,,0.7524163821589528,7.543,7535.457,7.543,0.001,0.024649787352889047,0.27753279986288926,0.980246302862848,0.9807150310823073,,,0.7524163821589528,7.543,7535.457,7.543,0.001,0.0,0.01829689443962759,0.9782759769585572,0.980207904466031,,,0.7524163821589528,7.543,7535.457,7.543,0.0,0.999,0.001,0.0
FILD or FILA ADJUDICATED,26,2074640194,genomic,0.013157894736842105,0.03638827714721327,0.9756055880441845,0.9804056935148008,2.631960348506401,0.9918011144049451,0.6320530480293091,37.715,7505.285,39.715,0.005,0.04670108102456133,0.14861301947185954,0.9776004913245058,0.9810844466456652,12.829535869739116,1.0032697229708407,0.6320530480293091,37.715,7505.285,39.715,0.005,0.0036158171874622162,0.01829689443962759,0.9735908095337101,0.9801836063455068,0.5269034452847756,0.9567824038631134,0.6320530480293091,37.715,7505.285,39.715,0.013157894736842105,0.995,0.005,0.0
FILD or FILA ADJUDICATED,26,2074640194,genomic,0.019736842105263157,0.03638827714721327,0.9708343079922027,0.9804373884006143,,,0.5572093459824147,75.43,7467.57,78.42999999999999,0.01,0.05641580175457883,0.10653241237180468,0.9735283544785259,0.9811930275079276,,,0.5572093459824147,75.43,7467.57,78.42999999999999,0.01,0.006734651887011962,0.01829689443962759,0.9681189691814941,0.98013372088125,,,0.5572093459824147,75.43,7467.57,78.42999999999999,0.019736842105263157,0.99,0.01,0.0
FILD or FILA ADJUDICATED,26,2074640194,genomic,0.031973684210526376,0.03638827714721327,0.9612735542560105,0.9804835515708186,,,0.4580916537231661,150.86,7392.14,155.72000000000003,0.02,0.0734290414827556,0.07719901637320149,0.9649583714218803,0.9813582876927227,,,0.4580916537231661,150.86,7392.14,155.72000000000003,0.02,0.013591825257830396,0.01829689443962759,0.9575655075156217,0.9800522416128263,,,0.4580916537231661,150.86,7392.14,155.72000000000003,0.031973684210526376,0.98,0.02,0.0
FILD or FILA ADJUDICATED,26,2074640194,genomic,0.08552631578947369,0.03138450084917293,0.9329239766081872,0.9809715462559592,,,0.3160374376441089,377.15000000000003,7165.85,390.1500000000001,0.05,0.14082381103246616,0.054660419252194996,0.9386169748333116,0.9821880110497961,,,0.3160374376441089,377.15000000000003,7165.85,390.1500000000001,0.05,0.050662196904797105,0.01829689443962759,0.9271855359000873,0.980154921774698,,,0.3160374376441089,377.15000000000003,7165.85,390.1500000000001,0.08552631578947369,0.95,0.05,0.0
FILD or FILA ADJUDICATED,26,2074640194,genomic,0.13815789473684212,0.027086298636514794,0.8849512670565303,0.9810685433509302,,,0.19137627918412345,754.3000000000001,6788.7,775.3000000000002,0.1,0.20198270641797986,0.041052584230604934,0.8926501347695452,0.9825708842327742,,,0.19137627918412345,754.3000000000001,6788.7,775.3000000000002,0.1,0.09217174495582145,0.01829689443962759,0.8772055993229488,0.9799260471042958,,,0.19137627918412345,754.3000000000001,6788.7,775.3000000000002,0.13815789473684212,0.9,0.1,0.0
FILD or FILA ADJUDICATED,26,2074640194,combined,0.0704934210526316,0.6459627329192547,0.9806591293047434,0.9815958317044566,,,0.9362727867143541,7.543,7535.457,18.258000000000003,0.001,0.12235503706479765,0.7986145231640847,0.9821762831040709,0.9826134779364228,,,0.9362727867143541,7.543,7535.457,18.258000000000003,0.001,0.03980629671590447,0.4985605885847551,0.9790622741776367,0.9809808436358655,,,0.9362727867143541,7.543,7535.457,18.258000000000003,0.0704934210526316,0.999,0.001,0.0
FILD or FILA ADJUDICATED,26,2074640194,combined,0.28289473684210525,0.5327554012345679,0.9809337231968811,0.9856848016086758,,,0.8123937317524381,37.715,7505.285,80.715,0.005,0.35916337306610735,0.6376195988493584,0.9837725859821165,0.9872050598786102,,,0.8123937317524381,37.715,7505.285,80.715,0.005,0.21732929775817333,0.4249134564661298,0.9778123103844897,0.9843675613681663,,,0.8123937317524381,37.715,7505.285,80.715,0.28289473684210525,0.995,0.005,0.0
FILD or FILA ADJUDICATED,26,2074640194,combined,0.3092105263157895,0.3838991070238571,0.9765523066926576,0.9861341657523401,,,0.7535536030838412,75.43,7467.57,122.43,0.01,0.38662724600175197,0.4723308819885132,0.9800510496735318,0.9876936148346097,,,0.7535536030838412,75.43,7467.57,122.43,0.01,0.24119964654079779,0.3025311661699565,0.9727503764832973,0.9847517431074803,,,0.7535536030838412,75.43,7467.57,122.43,0.3092105263157895,0.99,0.01,0.0
FILD or FILA ADJUDICATED,26,2074640194,combined,0.34868421052631576,0.2599830966869506,0.9675295646523717,0.9867843879286217,17.434303200883,0.6646079499067652,0.6973236364382038,150.86,7392.14,203.86,0.02,0.4273271684082069,0.3242387740914463,0.9719489517068275,0.9883957487347464,25.024728379616924,0.7398198689197045,0.6973236364382038,150.86,7392.14,203.86,0.02,0.27750105671174624,0.20460568887159583,0.9627785293715015,0.9853107810011504,11.852815756875025,0.5826218595009353,0.6973236364382038,150.86,7392.14,203.86,0.34868421052631576,0.98,0.02,0.0
FILD or FILA ADJUDICATED,26,2074640194,combined,0.3881578947368421,0.13684871311989957,0.9389018843404808,0.987188053173015,,,0.5872052209284679,377.15000000000003,7165.85,436.15000000000003,0.05,0.4674765939081062,0.17186907516350583,0.945069375482707,0.9888847322497687,,,0.5872052209284679,377.15000000000003,7165.85,436.15000000000003,0.05,0.31435296378925043,0.10803307677462554,0.9323942424064469,0.985587703289084,,,0.5872052209284679,377.15000000000003,7165.85,436.15000000000003,0.3881578947368421,0.95,0.05,0.0
FILD or FILA ADJUDICATED,26,2074640194,combined,0.5328947368421053,0.09652278177458035,0.892748538011696,0.989649693089074,,,0.4747580718409488,754.3000000000001,6788.7,835.3000000000002,0.1,0.6104192680185561,0.11845358705646875,0.9007180174678282,0.9914147684270691,,,0.4747580718409488,754.3000000000001,6788.7,835.3000000000002,0.1,0.45374850912928033,0.07824759253867006,0.8843478563930419,0.9878239038169989,,,0.4747580718409488,754.3000000000001,6788.7,835.3000000000002,0.5328947368421053,0.9,0.1,0.0
FILD or FILA ADJUDICATED,27,143163447,zebra,0.05746052631578948,0.5365853658536586,0.980401689408707,0.9813519285562545,,,0.9999999953344358,7.543,7535.457,16.277,0.001,0.09241881124331612,0.6404490397952912,0.9813578454782745,0.9820377310008376,,,0.9999999953344358,7.543,7535.457,16.277,0.001,0.044319249231413275,0.4294472560322624,0.9793785236887472,0.9810800158365509,,,0.9999999953344358,7.543,7535.457,16.277,0.05746052631578948,0.999,0.001,0.0
FILD or FILA ADJUDICATED,27,143163447,zebra,0.2873026315789474,0.5365853658536586,0.9810207927225472,0.9857719884602848,57.46052631578948,0.7162679880079947,0.9999999953344358,37.715,7505.285,81.385,0.005,0.36349490680502444,0.6404490397952912,0.9838539355511444,0.9872909049726737,99.67006613476877,0.7837690680074515,0.9999999953344358,37.715,7505.285,81.385,0.005,0.22159624615706638,0.4294472560322624,0.9779008073762084,0.9844518686069157,32.326311588780456,0.6388244196180446,0.9999999953344358,37.715,7505.285,81.385,0.2873026315789474,0.995,0.005,0.0
FILD or FILA ADJUDICATED,27,143163447,zebra,0.2894736842105263,0.368896798388777,0.9761624431448993,0.9857436469518124,,,0.9999916241698614,75.43,7467.57,119.43,0.01,0.36605544926939826,0.4580954541150239,0.979644693194868,0.9872861207778568,,,0.9999916241698614,75.43,7467.57,119.43,0.01,0.22327077698444972,0.28784103078502876,0.9723962259735422,0.9843970800940202,,,0.9999916241698614,75.43,7467.57,119.43,0.2894736842105263,0.99,0.01,0.0
FILD or FILA ADJUDICATED,27,143163447,zebra,0.3355263157894737,0.2525717508459706,0.9672696556205329,0.9865210045165899,16.776404966887416,0.6780343731372047,0.9998973730537466,150.86,7392.14,201.86000000000004,0.02,0.4138238578453593,0.3168311506186267,0.9716822196463268,0.9881253760257009,24.23396031233112,0.7522752797190725,0.9998973730537466,150.86,7392.14,201.86000000000004,0.02,0.2653372564154593,0.19757639630237314,0.9625382567730564,0.9850671701573056,11.33326716299319,0.5963597626727638,0.9998973730537466,150.86,7392.14,201.86000000000004,0.3355263157894737,0.98,0.02,0.0
FILD or FILA ADJUDICATED,27,143163447,zebra,0.4144736842105263,0.14386704700483693,0.9394217024041586,0.9877323445397743,,,0.9978794447106507,377.15000000000003,7165.85,440.1500000000001,0.05,0.49395491032566785,0.17938211451803987,0.9455924039551526,0.9894315685772762,,,0.9978794447106507,377.15000000000003,7165.85,440.1500000000001,0.05,0.33920886908995784,0.11440312662702735,0.9328852232518929,0.9861029134493371,,,0.9978794447106507,377.15000000000003,7165.85,440.1500000000001,0.4144736842105263,0.95,0.05,0.0
FILD or FILA ADJUDICATED,27,143163447,zebra,0.5131578947368421,0.09450679267572357,0.8923586744639377,0.9892170719498187,,,0.983545470463524,754.3000000000001,6788.7,832.3000000000001,0.1,0.5913082928406881,0.11608465043951681,0.9003405167235741,0.9909974093029029,,,0.983545470463524,754.3000000000001,6788.7,832.3000000000001,0.1,0.43435881801844656,0.07652506519552252,0.8839648501488773,0.9873971492334549,,,0.983545470463524,754.3000000000001,6788.7,832.3000000000001,0.5131578947368421,0.9,0.1,0.0
FILD or FILA ADJUDICATED,27,143163447,genomic,0.0,0.02727272727272728,0.9792666666666667,0.980227531596177,,,0.6992920746870336,7.543,7535.457,7.543,0.001,0.024649787352889047,0.27753279986288926,0.980246302862848,0.9807150310823073,,,0.6992920746870336,7.543,7535.457,7.543,0.001,0.0,0.01834467866899643,0.9782759769585572,0.980207904466031,,,0.6992920746870336,7.543,7535.457,7.543,0.0,0.999,0.001,0.0
FILD or FILA ADJUDICATED,27,143163447,genomic,0.006578947368421052,0.02727272727272728,0.9754756335282652,0.9802776411112061,,,0.4740614133481985,37.715,7505.285,38.715,0.005,0.036321051462105534,0.1327044766448916,0.977395453703519,0.9808824214704875,,,0.4740614133481985,37.715,7505.285,38.715,0.005,0.0011622913203507626,0.01834467866899643,0.9735423448252241,0.9801357791758853,,,0.4740614133481985,37.715,7505.285,38.715,0.006578947368421052,0.995,0.005,0.0
FILD or FILA ADJUDICATED,27,143163447,genomic,0.019736842105263157,0.027272727272727268,0.9708343079922027,0.9804373884006143,1.9737690789473683,0.9901648103063944,0.36663623304771564,75.43,7467.57,78.42999999999999,0.01,0.05641580175457883,0.10140476061127444,0.9735283544785259,0.9811930275079276,7.0604807222829775,1.0058465292757615,0.36663623304771564,75.43,7467.57,78.42999999999999,0.01,0.006734651887011962,0.01834467866899643,0.9681189691814941,0.98013372088125,0.5384437606302119,0.9511849185784224,0.36663623304771564,75.43,7467.57,78.42999999999999,0.019736842105263157,0.99,0.01,0.0
FILD or FILA ADJUDICATED,27,143163447,genomic,0.019736842105263157,0.027006782905413845,0.9610318388564003,0.9802417140756668,,,0.2854511303952924,150.86,7392.14,153.86,0.02,0.05641580175457883,0.05803161103191291,0.9646223074272496,0.9810224870310119,,,0.2854511303952924,150.86,7392.14,153.86,0.02,0.006734651887011962,0.01834467866899643,0.9574300571774327,0.9799163545777232,,,0.2854511303952924,150.86,7392.14,153.86,0.019736842105263157,0.98,0.02,0.0
FILD or FILA ADJUDICATED,27,143163447,genomic,0.05921052631578947,0.02425178812581497,0.9324041585445094,0.980434678459492,,,0.1721858017461981,377.15000000000003,7165.85,386.15000000000003,0.05,0.10869148223357711,0.0436956183991898,0.9379822621656793,0.9815341615343475,,,0.1721858017461981,377.15000000000003,7165.85,386.15000000000003,0.05,0.03146030398541715,0.018344678668996424,0.926806239249828,0.9797616466129933,,,0.1721858017461981,377.15000000000003,7165.85,386.15000000000003,0.05921052631578947,0.95,0.05,0.0
FILD or FILA ADJUDICATED,27,143163447,genomic,0.09868421052631579,0.02425178812581497,0.8841715399610137,0.98021860597487,,,0.10739767069053083,754.3000000000001,6788.7,769.3000000000001,0.1,0.15643415657102436,0.033488547645470226,0.891750410328124,0.9815943900195909,,,0.10739767069053083,754.3000000000001,6788.7,769.3000000000001,0.1,0.060718962225373437,0.018344678668996424,0.8765843097875327,0.9792449960946361,,,0.10739767069053083,754.3000000000001,6788.7,769.3000000000001,0.09868421052631579,0.9,0.1,0.0
FILD or FILA ADJUDICATED,27,143163447,combined,0.039473684210526314,0.43140993788819876,0.9800463937621833,0.980993189102795,,,0.36002817059222364,7.543,7535.457,13.543000000000001,0.001,0.08343651522247675,0.6856261898854693,0.9814075221787905,0.9818562936579435,,,0.36002817059222364,7.543,7535.457,13.543000000000001,0.001,0.018214604707815794,0.21626975524485817,0.9786357716194523,0.9805614019468584,,,0.36002817059222364,7.543,7535.457,13.543000000000001,0.039473684210526314,0.999,0.001,0.0
FILD or FILA ADJUDICATED,27,143163447,combined,0.1118421052631579,0.3201267828843106,0.977554905782976,0.9823305020072892,,,0.3057284279152043,37.715,7505.285,54.715,0.005,0.17180947192515766,0.4500499927789378,0.9800717681818014,0.9835259775381453,,,0.3057284279152043,37.715,7505.285,54.715,0.005,0.0710107577303746,0.2144634285189947,0.9749220676185084,0.9814991795877366,,,0.3057284279152043,37.715,7505.285,54.715,0.1118421052631579,0.995,0.005,0.0
FILD or FILA ADJUDICATED,27,143163447,combined,0.18421052631578946,0.2773241206030151,0.9740831708901885,0.9836660927150296,,,0.2710925725848015,75.43,7467.57,103.42999999999999,0.01,0.25335336252972424,0.36225996310418473,0.9774184791358128,0.9850596280250489,,,0.2710925725848015,75.43,7467.57,103.42999999999999,0.01,0.13063597685104775,0.20570345309007776,0.9705664027610307,0.9825686712400301,,,0.2710925725848015,75.43,7467.57,103.42999999999999,0.18421052631578946,0.99,0.01,0.0
FILD or FILA ADJUDICATED,27,143163447,combined,0.32894736842105265,0.2489408866995074,0.9671397011046134,0.9863893655284468,,,0.23432499058789666,150.86,7392.14,200.86,0.02,0.4070488033613299,0.3130625048521596,0.9715483914096052,0.9879897768746447,,,0.23432499058789666,150.86,7392.14,200.86,0.02,0.2592787554699216,0.19444149375969802,0.962418582680305,0.9849458782997564,,,0.23432499058789666,150.86,7392.14,200.86,0.32894736842105265,0.98,0.02,0.0
FILD or FILA ADJUDICATED,27,143163447,combined,0.4605263157894737,0.15655751325664566,0.9403313840155946,0.9886863000477324,,,0.18080964394117577,377.15000000000003,7165.85,447.15000000000003,0.05,0.5397616170917438,0.19313638533902688,0.9464972277925072,0.9903790087927942,,,0.18080964394117577,377.15000000000003,7165.85,447.15000000000003,0.05,0.38323705033085265,0.1258321192698386,0.9337549157208489,0.9870168475212314,,,0.18080964394117577,377.15000000000003,7165.85,447.15000000000003,0.4605263157894737,0.95,0.05,0.0
FILD or FILA ADJUDICATED,27,143163447,combined,0.5328947368421053,0.09697117726269948,0.892748538011696,0.989649693089074,,,0.12988950652105477,754.3000000000001,6788.7,835.3000000000002,0.1,0.6104192680185561,0.11892279016330641,0.9007180174678282,0.9914147684270691,,,0.12988950652105477,754.3000000000001,6788.7,835.3000000000002,0.1,0.45374850912928033,0.07870957147550389,0.8843478563930419,0.9878239038169989,,,0.12988950652105477,754.3000000000001,6788.7,835.3000000000002,0.5328947368421053,0.9,0.1,0.0
FILD or FILA ADJUDICATED,28,1669194470,zebra,0.06616666666666668,0.5714285714285714,0.9805736625514404,0.9815214833397617,,,0.9999999953344358,7.543,7535.457,17.60033333333333,0.001,0.10268684516610811,0.6759634757739537,0.9815769063980107,0.9822383075026333,,,0.9999999953344358,7.543,7535.457,17.60033333333333,0.001,0.051034286993748616,0.46010532061427006,0.9794949308516804,0.9812104404303481,,,0.9999999953344358,7.543,7535.457,17.60033333333333,0.06616666666666668,0.999,0.001,0.0
FILD or FILA ADJUDICATED,28,1669194470,zebra,0.2894736842105263,0.5384733514001807,0.9810636777128006,0.9858142706624446,57.90312766714083,0.7140968023715605,0.9999998174224998,37.715,7505.285,81.715,0.005,0.36605544926939826,0.6423920653031941,0.9839087257589716,0.9873409250501277,100.5613020873177,0.7820968315639962,0.9999998174224998,37.715,7505.285,81.715,0.005,0.22327077698444972,0.4310982333685973,0.9779296729371074,0.9844843904793923,32.535422983340375,0.636261070993173,0.9999998174224998,37.715,7505.285,81.715,0.2894736842105263,0.995,0.005,0.0
FILD or FILA ADJUDICATED,28,1669194470,zebra,0.2894736842105263,0.3693628598980576,0.9761624431448993,0.9857436469518124,,,0.9999883256401937,75.43,7467.57,119.43,0.01,0.36605544926939826,0.45840897975881545,0.979644693194868,0.9872861207778568,,,0.9999883256401937,75.43,7467.57,119.43,0.01,0.22327077698444972,0.28846532723180474,0.9723962259735422,0.9843970800940202,,,0.9999883256401937,75.43,7467.57,119.43,0.2894736842105263,0.99,0.01,0.0
FILD or FILA ADJUDICATED,28,1669194470,zebra,0.32894736842105265,0.24893034825870647,0.9671397011046134,0.9863893655284468,16.447455849889625,0.6847475847524247,0.999879486760348,150.86,7392.14,200.86,0.02,0.4070488033613299,0.3130625048521596,0.9715483914096052,0.9879897768746447,23.837205996775918,0.7584790249522185,0.999879486760348,150.86,7392.14,200.86,0.02,0.2592787554699216,0.19422141409561317,0.962418582680305,0.9849458782997564,11.074492308867484,0.6032525199749278,0.999879486760348,150.86,7392.14,200.86,0.32894736842105265,0.98,0.02,0.0
FILD or FILA ADJUDICATED,28,1669194470,zebra,0.4407894736842105,0.15085003542868708,0.9399415204678363,0.9882772364335002,8.815797361163739,0.5886426607415144,0.997523706770873,377.15000000000003,7165.85,444.1500000000001,0.05,0.5202115409440079,0.1871208625367235,0.9461110534488483,0.9899744241342164,11.482039844813006,0.6728206252793468,0.997523706770873,377.15000000000003,7165.85,444.1500000000001,0.05,0.36428646018988675,0.12056702646015527,0.9333805830760891,0.9866232648474474,6.605198160107351,0.5025576320173689,0.997523706770873,377.15000000000003,7165.85,444.1500000000001,0.4407894736842105,0.95,0.05,0.0
FILD or FILA ADJUDICATED,28,1669194470,zebra,0.5328947368421053,0.09755582759930768,0.892748538011696,0.989649693089074,,,0.9833963129610842,754.3000000000001,6788.7,835.3000000000002,0.1,0.6104192680185561,0.11941127011646495,0.9007180174678282,0.9914147684270691,,,0.9833963129610842,754.3000000000001,6788.7,835.3000000000002,0.1,0.45374850912928033,0.07934119609483242,0.8843478563930419,0.9878239038169989,,,0.9833963129610842,754.3000000000001,6788.7,835.3000000000002,0.5328947368421053,0.9,0.1,0.0
FILD or FILA ADJUDICATED,28,1669194470,genomic,0.0,0.06060606060606061,0.9792666666666667,0.980227531596177,,,0.8446335023353602,7.543,7535.457,7.543,0.001,0.024649787352889047,0.29914422655002804,0.980246302862848,0.9807150310823073,,,0.8446335023353602,7.543,7535.457,7.543,0.001,0.0,0.02230483653173793,0.9782759769585572,0.980207904466031,,,0.8446335023353602,7.543,7535.457,7.543,0.0,0.999,0.001,0.0
FILD or FILA ADJUDICATED,28,1669194470,genomic,0.013157894736842105,0.050365384615384604,0.9756055880441845,0.9804056935148008,,,0.7698354053343174,37.715,7505.285,39.715,0.005,0.04670108102456133,0.16612679732505667,0.9776004913245058,0.9810844466456652,,,0.7698354053343174,37.715,7505.285,39.715,0.005,0.0036158171874622162,0.022304836531737926,0.9735908095337101,0.9801836063455068,,,0.7698354053343174,37.715,7505.285,39.715,0.013157894736842105,0.995,0.005,0.0
FILD or FILA ADJUDICATED,28,1669194470,genomic,0.02631578947368421,0.04687499999999999,0.9709642625081222,0.9805661295706726,,,0.7247522368767149,75.43,7467.57,79.43,0.01,0.06570377320639395,0.12245177615148409,0.9737118205812778,0.9813747020023617,,,0.7247522368767149,75.43,7467.57,79.43,0.01,0.010280235864764092,0.022304836531737926,0.9681890054082152,0.9802032321402728,,,0.7247522368767149,75.43,7467.57,79.43,0.02631578947368421,0.99,0.01,0.0
FILD or FILA ADJUDICATED,28,1669194470,genomic,0.02631578947368421,0.030460264526824724,0.9611617933723198,0.9803717171944563,,,0.6710857128951089,150.86,7392.14,154.86000000000004,0.02,0.06570377320639395,0.06452546300104209,0.9648057735300015,0.9812057773833508,,,0.6710857128951089,150.86,7392.14,154.86000000000004,0.02,0.010280235864764092,0.022304836531737926,0.9575000934041538,0.9799866108623179,,,0.6710857128951089,150.86,7392.14,154.86000000000004,0.02631578947368421,0.98,0.02,0.0
FILD or FILA ADJUDICATED,28,1669194470,genomic,0.05921052631578947,0.030460264526824717,0.9324041585445094,0.980434678459492,,,0.573509713223457,377.15000000000003,7165.85,386.15000000000003,0.05,0.10869148223357711,0.04630047356741286,0.9379822621656793,0.9815341615343475,,,0.573509713223457,377.15000000000003,7165.85,386.15000000000003,0.05,0.03146030398541715,0.022304836531737926,0.926806239249828,0.9797616466129933,,,0.573509713223457,377.15000000000003,7165.85,386.15000000000003,0.05921052631578947,0.95,0.05,0.0
FILD or FILA ADJUDICATED,28,1669194470,genomic,0.16447368421052633,0.030460264526824717,0.885471085120208,0.9816359875995679,,,0.4788825293150765,754.3000000000001,6788.7,779.3000000000001,0.1,0.23153063614864863,0.046300473567412855,0.89323379757904,0.983205388225184,,,0.4788825293150765,754.3000000000001,6788.7,779.3000000000001,0.1,0.11395803694342163,0.022304836531737926,0.8776359458313459,0.9803983440032926,,,0.4788825293150765,754.3000000000001,6788.7,779.3000000000001,0.16447368421052633,0.9,0.1,0.0
FILD or FILA ADJUDICATED,28,1669194470,combined,0.049625,0.5213675213675214,0.9802469135802471,0.9811902922598994,,,0.3824563591961816,7.543,7535.457,15.086,0.001,0.09656718658333707,0.7301029573732313,0.981666893464931,0.982111580581447,,,0.3824563591961816,7.543,7535.457,15.086,0.001,0.024886109374777737,0.3128395272091596,0.9787675544276885,0.9806909475806149,,,0.3824563591961816,7.543,7535.457,15.086,0.049625,0.999,0.001,0.0
FILD or FILA ADJUDICATED,28,1669194470,combined,0.13157894736842105,0.34843220338983044,0.9779447693307343,0.9827163710060409,26.31960348506401,0.8727849806763517,0.35103329515574283,37.715,7505.285,57.715,0.005,0.1945037807028201,0.4765004251424031,0.9805200508243231,0.9839701670352302,53.433307678987305,0.9194934600701404,0.35103329515574283,37.715,7505.285,57.715,0.005,0.08681711524141389,0.23839834085790385,0.9752342919644055,0.9818082367228228,12.651147654534011,0.8084396128657121,0.35103329515574283,37.715,7505.285,57.715,0.13157894736842105,0.995,0.005,0.0
FILD or FILA ADJUDICATED,28,1669194470,combined,0.21052631578947367,0.2967941998602376,0.9746029889538661,0.9841846598435481,21.05353684210526,0.7974481693742774,0.3346924618332082,75.43,7467.57,107.42999999999999,0.01,0.2820654483248809,0.38924143648097376,0.9779856314478159,0.9856258974929084,35.30070651097839,0.8574671310909718,0.3346924618332082,75.43,7467.57,107.42999999999999,0.01,0.15325811277416007,0.21845140771058838,0.9710132597669193,0.9830145557508821,12.25317595826335,0.723717628325648,0.3346924618332082,75.43,7467.57,107.42999999999999,0.21052631578947367,0.99,0.01,0.0
FILD or FILA ADJUDICATED,28,1669194470,combined,0.3223684210526316,0.24517236180904523,0.967009746588694,0.986257761666796,,,0.3117283052174129,150.86,7392.14,199.86000000000004,0.02,0.40025784860539837,0.3092491091181485,0.9714142490934387,0.9878538968301784,,,0.3117283052174129,150.86,7392.14,199.86000000000004,0.02,0.2532361547962858,0.1907068360330352,0.9622992226669986,0.9848249345157335,,,0.3117283052174129,150.86,7392.14,199.86000000000004,0.3223684210526316,0.98,0.02,0.0
FILD or FILA ADJUDICATED,28,1669194470,combined,0.4473684210526316,0.15202702702702703,0.9400714749837558,0.9884135533557541,8.947376426255737,0.5817174529680846,0.2742953455628667,377.15000000000003,7165.85,445.1500000000001,0.05,0.5267416901532926,0.18839881297660124,0.9462400440505131,0.9901095274086291,11.626172428410671,0.6661492844175696,0.2742953455628667,377.15000000000003,7165.85,445.1500000000001,0.05,0.3705898664101692,0.12162489484816984,0.9335050948038972,0.986754144737749,6.719490761448934,0.4957175835305936,0.2742953455628667,377.15000000000003,7165.85,445.1500000000001,0.4473684210526316,0.95,0.05,0.0
FILD or FILA ADJUDICATED,28,1669194470,combined,0.5263157894736842,0.09588879794368096,0.8926185834957765,0.9895054440040743,,,0.2353053599397542,754.3000000000001,6788.7,834.3000000000001,0.1,0.6040622454805551,0.11776036386398928,0.9005924466522628,0.9912759002150774,,,0.2353053599397542,754.3000000000001,6788.7,834.3000000000001,0.1,0.44727197623771375,0.07772156350267888,0.8842199248791344,0.98768131848552,,,0.2353053599397542,754.3000000000001,6788.7,834.3000000000001,0.5263157894736842,0.9,0.1,0.0
FILD or FILA ADJUDICATED,29,1234196783,zebra,0.06268421052631579,0.5581395348837209,0.980504873294347,0.9814547983301127,,,0.9999999953344358,7.543,7535.457,17.071,0.001,0.09785677833518008,0.6583726164106655,0.9814652621121879,0.9821450077469184,,,0.9999999953344358,7.543,7535.457,17.071,0.001,0.0490711251506257,0.4529345699514576,0.9794723879044354,0.9811735132007472,,,0.9999999953344358,7.543,7535.457,17.071,0.06268421052631579,0.999,0.001,0.0
FILD or FILA ADJUDICATED,29,1234196783,zebra,0.31342105263157893,0.5581395348837209,0.9815367121507473,0.9862863373295756,62.68421052631579,0.6900173217854764,0.9999999953344358,37.715,7505.285,85.355,0.005,0.3906847422643442,0.6583726164106655,0.9843910187207113,0.9878272887030776,107.12929502823867,0.7598444462720487,0.9999999953344358,37.715,7505.285,85.355,0.005,0.2453556257531285,0.4529345699514576,0.9783701284546492,0.9849193554278975,35.79231392996643,0.6115343567120595,0.9999999953344358,37.715,7505.285,85.355,0.31342105263157893,0.995,0.005,0.0
FILD or FILA ADJUDICATED,29,1234196783,zebra,0.3157894736842105,0.3888906372934697,0.976682261208577,0.9862644074551719,,,0.9999945970843963,75.43,7467.57,123.42999999999999,0.01,0.3934507494802998,0.4770052755795867,0.9801858349274291,0.9878288517158036,,,0.9999945970843963,75.43,7467.57,123.42999999999999,0.01,0.2472096984918171,0.3074830052744869,0.972869093558873,0.9848706891820558,,,0.9999945970843963,75.43,7467.57,123.42999999999999,0.3157894736842105,0.99,0.01,0.0
FILD or FILA ADJUDICATED,29,1234196783,zebra,0.34868421052631576,0.2599830966869506,0.9675295646523717,0.9867843879286217,,,0.9998700634971455,150.86,7392.14,203.86,0.02,0.4273271684082069,0.3242387740914463,0.9719489517068275,0.9883957487347464,,,0.9998700634971455,150.86,7392.14,203.86,0.02,0.27750105671174624,0.20460568887159583,0.9627785293715015,0.9853107810011504,,,0.9998700634971455,150.86,7392.14,203.86,0.34868421052631576,0.98,0.02,0.0
FILD or FILA ADJUDICATED,29,1234196783,zebra,0.4868421052631579,0.16380666888157297,0.9408512020792723,0.9892322452577643,9.736850816807713,0.5401662063275072,0.9975113266698576,377.15000000000003,7165.85,451.15000000000003,0.05,0.5656411819815536,0.20100505728913187,0.9470084290742813,0.9909150897679211,12.484756831026113,0.6258234100862008,0.9975113266698576,377.15000000000003,7165.85,451.15000000000003,0.05,0.4086917071593119,0.13216292934150814,0.9342577237569666,0.9875460068592737,7.410348742505259,0.454972050513076,0.9975113266698576,377.15000000000003,7165.85,451.15000000000003,0.4868421052631579,0.95,0.05,0.0
FILD or FILA ADJUDICATED,29,1234196783,zebra,0.5677631578947372,0.10320284697508897,0.8934372969460689,0.9904149247354814,,,0.9827505032245942,754.3000000000001,6788.7,840.6000000000001,0.1,0.6438862948222539,0.12557136324404225,0.9013790945404938,0.9921465007436351,,,0.9827505032245942,754.3000000000001,6788.7,840.6000000000001,0.1,0.48829932610228943,0.0844342814178375,0.8850303416665828,0.9885852689915732,,,0.9827505032245942,754.3000000000001,6788.7,840.6000000000001,0.5677631578947372,0.9,0.1,0.0
FILD or FILA ADJUDICATED,29,1234196783,genomic,0.006578947368421052,0.0952380952380952,0.9793966211825862,0.9803550581712467,,,0.31856765623131106,7.543,7535.457,8.543,0.001,0.036321051462105534,0.4041500267952384,0.9804768463514252,0.9809414013172958,,,0.31856765623131106,7.543,7535.457,8.543,0.001,0.0011622913203507626,0.04513839384071466,0.978298935799453,0.9802304538646637,,,0.31856765623131106,7.543,7535.457,8.543,0.006578947368421052,0.999,0.001,0.0
FILD or FILA ADJUDICATED,29,1234196783,genomic,0.019736842105263157,0.08606245239908607,0.975735542560104,0.9805337793774066,,,0.2949690800841633,37.715,7505.285,40.715,0.005,0.05641580175457883,0.2049422082512964,0.9777923870426295,0.9812735984047852,,,0.2949690800841633,37.715,7505.285,40.715,0.005,0.006734651887011962,0.04513839384071466,0.9736524161450593,0.9802444092783018,,,0.2949690800841633,37.715,7505.285,40.715,0.019736842105263157,0.995,0.005,0.0
FILD or FILA ADJUDICATED,29,1234196783,genomic,0.039473684210526314,0.08463783496948793,0.971224171539961,0.9808237133674027,,,0.28257023046257496,75.43,7467.57,81.43,0.01,0.08343651522247675,0.15661940130096397,0.9740620969667807,0.9817217447246609,,,0.28257023046257496,75.43,7467.57,81.43,0.01,0.018214604707815794,0.04513839384071466,0.9683457336816581,0.9803588213568522,,,0.28257023046257496,75.43,7467.57,81.43,0.039473684210526314,0.99,0.01,0.0
FILD or FILA ADJUDICATED,29,1234196783,genomic,0.07894736842105263,0.0783132530120482,0.9622014294996751,0.9814129848493148,,,0.2678697889046164,150.86,7392.14,162.86,0.02,0.13291661653488784,0.1293423643704412,0.9661334346327867,0.9825342105824627,,,0.2678697889046164,150.86,7392.14,162.86,0.02,0.045735835972808184,0.04513839384071466,0.9582004509371521,0.980689723431555,,,0.2678697889046164,150.86,7392.14,162.86,0.07894736842105263,0.98,0.02,0.0
FILD or FILA ADJUDICATED,29,1234196783,genomic,0.16447368421052633,0.06216590743552707,0.9344834307992204,0.9825856831959411,,,0.24424960762454356,377.15000000000003,7165.85,402.15000000000003,0.05,0.23153063614864863,0.09015829732961478,0.940408714588693,0.9840384818350401,,,0.24424960762454356,377.15000000000003,7165.85,402.15000000000003,0.05,0.11395803694342163,0.04245902558980739,0.9284358240983811,0.9814535264075728,,,0.24424960762454356,377.15000000000003,7165.85,402.15000000000003,0.16447368421052633,0.95,0.05,0.0
FILD or FILA ADJUDICATED,29,1234196783,genomic,0.21710526315789475,0.04191542128109701,0.8865107212475634,0.9827728476158851,,,0.2206543330266851,754.3000000000001,6788.7,787.3000000000001,0.1,0.2891812863086289,0.058279734123601996,0.894372575853805,0.9844457243628891,,,0.2206543330266851,754.3000000000001,6788.7,787.3000000000001,0.1,0.1589758302199794,0.029999651898937413,0.8785251861923643,0.981375711698809,,,0.2206543330266851,754.3000000000001,6788.7,787.3000000000001,0.21710526315789475,0.9,0.1,0.0
FILD or FILA ADJUDICATED,29,1234196783,combined,0.03289473684210526,0.4150489445011916,0.9799164392462639,0.9808654964657718,,,0.907377742306697,7.543,7535.457,12.543,0.001,0.07468664329518646,0.661094029251081,0.9812346852024489,0.9816862588382843,,,0.907377742306697,7.543,7535.457,12.543,0.001,0.01413092120553882,0.2993603868332486,0.9785551062663209,0.9804821262389514,,,0.907377742306697,7.543,7535.457,12.543,0.03289473684210526,0.999,0.001,0.0
FILD or FILA ADJUDICATED,29,1234196783,combined,0.20207236842105264,0.4136874361593463,0.979337231968811,0.9840970517195403,40.41313878022759,0.8019371415592376,0.8350275696503328,37.715,7505.285,68.43,0.005,0.2728836641465915,0.5480930229765126,0.9820682954355582,0.9855073728457467,74.95304621170928,0.859952986594128,0.8350275696503328,37.715,7505.285,68.43,0.005,0.14594877822545557,0.2993603868332486,0.976402324813473,0.9829661550142381,21.2641247487429,0.7297731542844313,0.8350275696503328,37.715,7505.285,68.43,0.20207236842105264,0.995,0.005,0.0
FILD or FILA ADJUDICATED,29,1234196783,combined,0.3026315789473684,0.3776773660283786,0.9764223521767381,0.98600395844325,30.264459210526315,0.7044125496139451,0.7484941663572239,75.43,7467.57,121.42999999999999,0.01,0.37978706128398243,0.4668359817079121,0.9799159349136747,0.9875580845028801,47.53064108586256,0.7744809728143031,0.7484941663572239,75.43,7467.57,121.42999999999999,0.01,0.235206275829,0.2960911591262846,0.9726319889136815,0.9846331557825309,18.805033104299596,0.6252088522792745,0.7484941663572239,75.43,7467.57,121.42999999999999,0.3026315789473684,0.99,0.01,0.0
FILD or FILA ADJUDICATED,29,1234196783,combined,0.3815789473684211,0.27769874861980126,0.9681793372319689,0.9874434621578105,,,0.5195843418886419,150.86,7392.14,208.86,0.02,0.4608215904986017,0.3420352554339593,0.9726105699209587,0.9890670365446907,,,0.5195843418886419,150.86,7392.14,208.86,0.02,0.3081744117691877,0.22139190438543635,0.9633844228047349,0.9859256278150619,,,0.5195843418886419,150.86,7392.14,208.86,0.3815789473684211,0.98,0.02,0.0
FILD or FILA ADJUDICATED,29,1234196783,combined,0.45394736842105265,0.1545877709939855,0.9402014294996751,0.9885499078886424,9.078955491347733,0.5747922451946551,0.3095161596652265,377.15000000000003,7165.85,446.15000000000003,0.05,0.5332583650033167,0.19114226240786686,0.946368768491995,0.9902443886763632,11.770007607745379,0.6594636826878774,0.3095161596652265,377.15000000000003,7165.85,446.15000000000003,0.05,0.3769067469897125,0.12392565984546237,0.9336298726918881,0.9868853392406476,6.8340276782475105,0.48889164885159153,0.3095161596652265,377.15000000000003,7165.85,446.15000000000003,0.45394736842105265,0.95,0.05,0.0
FILD or FILA ADJUDICATED,29,1234196783,combined,0.5328947368421053,0.09697117726269948,0.892748538011696,0.989649693089074,,,0.192056539555777,754.3000000000001,6788.7,835.3000000000002,0.1,0.6104192680185561,0.11892279016330641,0.9007180174678282,0.9914147684270691,,,0.192056539555777,754.3000000000001,6788.7,835.3000000000002,0.1,0.45374850912928033,0.07870957147550389,0.8843478563930419,0.9878239038169989,,,0.192056539555777,754.3000000000001,6788.7,835.3000000000002,0.5328947368421053,0.9,0.1,0.0
FILD or FILA ADJUDICATED,30,1834175265,zebra,0.055828125,0.5294117647058824,0.9803694444444445,0.9813204031002093,,,1.0,7.543000000000001,7535.457,16.028875000000003,0.001,0.09032670967518383,0.6319382998623788,0.981310799261347,0.9819971043891826,,,1.0,7.543000000000001,7535.457,16.028875000000003,0.001,0.04322702485858418,0.4243417305015005,0.9793626696401744,0.9810590896637955,,,1.0,7.543000000000001,7535.457,16.028875000000003,0.055828125,0.999,0.001,0.0
FILD or FILA ADJUDICATED,30,1834175265,zebra,0.27914062500000003,0.5294117647058822,0.9808595679012345,0.9856143611800586,55.828125,0.7243978762661603,1.0,37.715,7505.285,80.14437500000001,0.005,0.35303439896436295,0.6319382998623787,0.9836187044665067,0.9870877719143993,95.6986661568316,0.7891737020266136,1.0,37.715,7505.285,80.14437500000001,0.005,0.2161351242929209,0.4243417305015004,0.9778215371333443,0.9843472377431389,31.78204964168678,0.6492786629115357,1.0,37.715,7505.285,80.14437500000001,0.27914062500000003,0.995,0.005,0.0
FILD or FILA ADJUDICATED,30,1834175265,zebra,0.29605263157894735,0.3736673553719008,0.9762923976608188,0.985873785514279,,,0.9999954656708085,75.43,7467.57,120.42999999999999,0.01,0.37292990042352286,0.4627186952831847,0.9797804848226038,0.9874222551366796,,,0.9999954656708085,75.43,7467.57,120.42999999999999,0.01,0.22922988125989224,0.2924261095152812,0.9725139366752794,0.9845149327913687,,,0.9999954656708085,75.43,7467.57,120.42999999999999,0.29605263157894735,0.99,0.01,0.0
FILD or FILA ADJUDICATED,30,1834175265,zebra,0.32894736842105265,0.24893034825870647,0.9671397011046134,0.9863893655284468,16.447455849889625,0.6847475847524247,0.9999143310228504,150.86,7392.14,200.86,0.02,0.4070488033613299,0.3130625048521596,0.9715483914096052,0.9879897768746447,23.837205996775918,0.7584790249522185,0.9999143310228504,150.86,7392.14,200.86,0.02,0.2592787554699216,0.19422141409561317,0.962418582680305,0.9849458782997564,11.074492308867484,0.6032525199749278,0.9999143310228504,150.86,7392.14,200.86,0.32894736842105265,0.98,0.02,0.0
FILD or FILA ADJUDICATED,30,1834175265,zebra,0.4473684210526316,0.152677647464643,0.9400714749837558,0.9884135533557541,8.947376426255737,0.5817174529680846,0.9981220957954718,377.15000000000003,7165.85,445.1500000000001,0.05,0.5267416901532926,0.18913712788055284,0.9462400440505131,0.9901095274086291,11.626172428410671,0.6661492844175696,0.9981220957954718,377.15000000000003,7165.85,445.1500000000001,0.05,0.3705898664101692,0.12216875094674248,0.9335050948038972,0.986754144737749,6.719490761448934,0.4957175835305936,0.9981220957954718,377.15000000000003,7165.85,445.1500000000001,0.4473684210526316,0.95,0.05,0.0
FILD or FILA ADJUDICATED,30,1834175265,zebra,0.5592105263157895,0.10127490209432996,0.8932683560753737,0.9902271102441216,,,0.984378071067424,754.3000000000001,6788.7,839.3000000000001,0.1,0.6357135398101132,0.12353637580190928,0.9012176574044516,0.991967703652757,,,0.984378071067424,754.3000000000001,6788.7,839.3000000000001,0.1,0.47978845905599204,0.0826467128499208,0.8848622257743103,0.9883976070071027,,,0.984378071067424,754.3000000000001,6788.7,839.3000000000001,0.5592105263157895,0.9,0.1,0.0
FILD or FILA ADJUDICATED,30,1834175265,genomic,0.0,0.09758234057463212,0.9792666666666667,0.980227531596177,,,0.7727524574429468,7.543,7535.457,7.543,0.001,0.024649787352889047,0.27753279986288926,0.980246302862848,0.9807150310823073,,,0.7727524574429468,7.543,7535.457,7.543,0.001,0.0,0.04974863850739429,0.9782759769585572,0.980207904466031,,,0.7727524574429468,7.543,7535.457,7.543,0.0,0.999,0.001,0.0
FILD or FILA ADJUDICATED,30,1834175265,genomic,0.03289473684210526,0.09758234057463212,0.9759954515919429,0.9807900515321216,6.579900871266003,0.9719650921168461,0.5896306585587591,37.715,7505.285,42.715,0.005,0.07468664329518646,0.24627711918881479,0.9781532925545428,0.9816295409027395,20.51761861020016,0.9926819540387337,0.5896306585587591,37.715,7505.285,42.715,0.005,0.01413092120553882,0.04974863850739429,0.9737985152920919,0.980388632674893,2.0591834935858198,0.9286945785128788,0.5896306585587591,37.715,7505.285,42.715,0.03289473684210526,0.995,0.005,0.0
FILD or FILA ADJUDICATED,30,1834175265,genomic,0.05921052631578947,0.09758234057463212,0.9716140350877193,0.981210342903996,5.921307236842105,0.9502924018376805,0.4699119036271975,75.43,7467.57,84.42999999999999,0.01,0.10869148223357711,0.18833484470377013,0.974560960512679,0.9822164268132764,13.602822101597607,0.9808076900627462,0.4699119036271975,75.43,7467.57,84.42999999999999,0.01,0.03146030398541715,0.049748638507394284,0.9686073771241787,0.980618673335513,2.515290273747681,0.8984881492042549,0.4699119036271975,75.43,7467.57,84.42999999999999,0.05921052631578947,0.99,0.01,0.0
FILD or FILA ADJUDICATED,30,1834175265,genomic,0.08552631578947369,0.07933637587909621,0.9623313840155946,0.981543298850501,,,0.31050849236054023,150.86,7392.14,163.86,0.02,0.14082381103246616,0.13099615876116188,0.9662896261290351,0.9826907294282048,,,0.31050849236054023,150.86,7392.14,163.86,0.02,0.050662196904797105,0.04692317823944814,0.9582977617703766,0.980787496901256,,,0.31050849236054023,150.86,7392.14,163.86,0.08552631578947369,0.98,0.02,0.0
FILD or FILA ADJUDICATED,30,1834175265,genomic,0.13157894736842105,0.04975124378109452,0.9338336582196232,0.9819124810298876,,,0.16192788089344193,377.15000000000003,7165.85,397.15000000000003,0.05,0.1945037807028201,0.07559294277116353,0.9396773199132198,0.9832822713797978,,,0.16192788089344193,377.15000000000003,7165.85,397.15000000000003,0.05,0.08681711524141389,0.03243841302159905,0.9278997071264896,0.9808962704370496,,,0.16192788089344193,377.15000000000003,7165.85,397.15000000000003,0.13157894736842105,0.95,0.05,0.0
FILD or FILA ADJUDICATED,30,1834175265,genomic,0.18421052631578946,0.0356217616580311,0.8858609486679663,0.9820620017438964,,,0.07920756754249456,754.3000000000001,6788.7,782.3000000000001,0.1,0.25335336252972424,0.0511636463554465,0.89366486377916,0.9836745297169105,,,0.07920756754249456,754.3000000000001,6788.7,782.3000000000001,0.1,0.13063597685104775,0.024678487968726463,0.8779653866196447,0.9807602066152844,,,0.07920756754249456,754.3000000000001,6788.7,782.3000000000001,0.18421052631578946,0.9,0.1,0.0
FILD or FILA ADJUDICATED,30,1834175265,combined,0.05319736842105263,0.5360262008733624,0.9803174788823912,0.9812596876003714,,,0.8337857686301625,7.543,7535.457,15.629,0.001,0.10106363021719023,0.7314056345226176,0.981755712104612,0.9821990508580359,,,0.8337857686301625,7.543,7535.457,15.629,0.001,0.027358286339179597,0.39422084874965313,0.9788163875529113,0.9807389679227918,,,0.8337857686301625,7.543,7535.457,15.629,0.05319736842105263,0.999,0.001,0.0
FILD or FILA ADJUDICATED,30,1834175265,combined,0.26128289473684213,0.5104438642297651,0.9805068226120858,0.9852597418754545,52.256960348506404,0.742429074694941,0.8031440912957746,37.715,7505.285,77.42999999999999,0.005,0.3363922831552755,0.6192328295322503,0.9833227866752359,0.9867564405296338,92.40022748983198,0.8076002987831391,0.8031440912957746,37.715,7505.285,77.42999999999999,0.005,0.1979421580828768,0.3942208487496531,0.9774293545390517,0.9839865451899011,28.840561669431928,0.6660324706261658,0.8031440912957746,37.715,7505.285,77.42999999999999,0.26128289473684213,0.995,0.005,0.0
FILD or FILA ADJUDICATED,30,1834175265,combined,0.3026315789473684,0.3788253624170167,0.9764223521767381,0.98600395844325,30.264459210526315,0.7044125496139451,0.7276609779096197,75.43,7467.57,121.42999999999999,0.01,0.37978706128398243,0.4675695441320883,0.9799159349136747,0.9875580845028801,47.53064108586256,0.7744809728143031,0.7276609779096197,75.43,7467.57,121.42999999999999,0.01,0.235206275829,0.29751258210894765,0.9726319889136815,0.9846331557825309,18.805033104299596,0.6252088522792745,0.7276609779096197,75.43,7467.57,121.42999999999999,0.3026315789473684,0.99,0.01,0.0
FILD or FILA ADJUDICATED,30,1834175265,combined,0.34118421052631587,0.25495049504950495,0.9673814165042235,0.9866342463541932,17.059037417218544,0.6722609018168584,0.6443112098097306,150.86,7392.14,202.72000000000003,0.02,0.4196369275224908,0.31923753513499,0.9717970457140233,0.9882417554394264,24.574036760613613,0.7469261491002781,0.6443112098097306,150.86,7392.14,202.72000000000003,0.02,0.2705610444077558,0.19980996396997394,0.9626414427087067,0.985171778839886,11.556197901533054,0.5904455997223812,0.6443112098097306,150.86,7392.14,202.72000000000003,0.34118421052631587,0.98,0.02,0.0
FILD or FILA ADJUDICATED,30,1834175265,combined,0.45394736842105265,0.15465660456857375,0.9402014294996751,0.9885499078886424,9.078955491347733,0.5747922451946551,0.5419641047727896,377.15000000000003,7165.85,446.15000000000003,0.05,0.5332583650033167,0.19114226240786686,0.946368768491995,0.9902443886763632,11.770007607745379,0.6594636826878774,0.5419641047727896,377.15000000000003,7165.85,446.15000000000003,0.05,0.3769067469897125,0.12406716037704317,0.9336298726918881,0.9868853392406476,6.8340276782475105,0.48889164885159153,0.5419641047727896,377.15000000000003,7165.85,446.15000000000003,0.45394736842105265,0.95,0.05,0.0
FILD or FILA ADJUDICATED,30,1834175265,combined,0.5526315789473685,0.1002028212925377,0.8931384015594542,0.9900826927962788,,,0.45477368692404463,754.3000000000001,6788.7,838.3000000000002,0.1,0.6294101335898308,0.12238834226918671,0.9010931456766436,0.9918298528925951,,,0.45477368692404463,754.3000000000001,6788.7,838.3000000000002,0.1,0.47325830984670736,0.0816646797975729,0.8847332351726453,0.9882536744201167,,,0.45477368692404463,754.3000000000001,6788.7,838.3000000000002,0.5526315789473685,0.9,0.1,0.0
NONFIBROTIC ILD ADJUDICATED,1,283399477,zebra,0.01777546296296296,0.03571428571428571,0.9969597670444974,0.9979559201398933,,,1.0,7.679,7671.321,7.963407407407407,0.001,0.21602667547574583,0.09981693572513449,0.9975661870091258,0.9983682319487274,,,1.0,7.679,7671.321,7.963407407407407,0.001,0.006248998675246506,0.012219669231335379,0.9962436312872125,0.9979303184758771,,,1.0,7.679,7671.321,7.963407407407407,0.01777546296296296,0.999,0.001,0.0
NONFIBROTIC ILD ADJUDICATED,1,283399477,zebra,0.08887731481481481,0.03571428571428571,0.9931159242413304,0.9980966897183099,,,1.0,38.395,7640.605,39.81703703703703,0.005,0.30570265524098317,0.09981693572513449,0.9945377717507357,0.998550697460902,,,1.0,38.395,7640.605,39.81703703703703,0.005,0.03124499337623253,0.012219669231335377,0.9915311067010332,0.997972833408851,,,1.0,38.395,7640.605,39.81703703703703,0.08887731481481481,0.995,0.005,0.0
NONFIBROTIC ILD ADJUDICATED,1,283399477,zebra,0.17775462962962962,0.03571428571428571,0.9883111207373716,0.9982726516913307,,,1.0,76.79,7602.21,79.63407407407406,0.01,0.4177976299475299,0.09981693572513449,0.990752252677748,0.9987787793511201,,,1.0,76.79,7602.21,79.63407407407406,0.01,0.06248998675246506,0.012219669231335377,0.985640450968309,0.9980259770750683,,,1.0,76.79,7602.21,79.63407407407406,0.17775462962962962,0.99,0.01,0.0
NONFIBROTIC ILD ADJUDICATED,1,283399477,zebra,0.25,0.02538418124647262,0.9784821312540611,0.9984079432947279,,,0.9999786960720337,153.58,7525.42,157.58,0.02,0.49498316535508774,0.0634433883036137,0.9818851793251864,0.9989305825086291,,,0.9999786960720337,153.58,7525.42,157.58,0.02,0.10182067491213048,0.009914700027544226,0.9748013580230823,0.9980874129954797,,,0.9999786960720337,153.58,7525.42,157.58,0.25,0.98,0.02,0.0
NONFIBROTIC ILD ADJUDICATED,1,283399477,zebra,0.3125,0.012855126812074312,0.948674463937622,0.998494398476634,,,0.9987982294105653,383.95000000000005,7295.05,388.95000000000005,0.05,0.5559564416525933,0.029735602917520896,0.953824610253533,0.9990317792768534,,,0.9987982294105653,383.95000000000005,7295.05,388.95000000000005,0.05,0.14164643854782039,0.005503103986723824,0.9432262099957447,0.9981108079920087,,,0.9987982294105653,383.95000000000005,7295.05,388.95000000000005,0.3125,0.95,0.05,0.0
NONFIBROTIC ILD ADJUDICATED,1,283399477,zebra,0.4375,0.009033425022922396,0.8990383365821962,0.9986994407570826,,,0.9855200290320125,767.9000000000001,6911.1,774.9000000000001,0.1,0.6682144360118811,0.018528087386419218,0.9060157319738412,0.9992379761730831,,,0.9855200290320125,767.9000000000001,6911.1,774.9000000000001,0.1,0.23098652405492354,0.0043825478046784294,0.89171208932613,0.9982090801546115,,,0.9855200290320125,767.9000000000001,6911.1,774.9000000000001,0.4375,0.9,0.1,0.0
NONFIBROTIC ILD ADJUDICATED,1,283399477,genomic,0.0,0.00929754071313496,0.9969228070175439,0.9979186507160284,,,0.45213139655007273,7.679,7671.321,7.679000000000001,0.001,0.1936076805344365,0.27753279986288915,0.9978240523900588,0.9983217773973239,,,0.45213139655007273,7.679,7671.321,7.679000000000001,0.001,0.0,0.0028490145401482525,0.9959261573425542,0.9979165721881269,,,0.45213139655007273,7.679,7671.321,7.679000000000001,0.0,0.999,0.001,0.0
NONFIBROTIC ILD ADJUDICATED,1,283399477,genomic,0.0,0.009297540713134959,0.9929311241065627,0.9979103009669136,,,0.3159441751866309,38.395,7640.605,38.395,0.005,0.1936076805344365,0.09096337749096901,0.9946798394206848,0.9983164792695998,,,0.3159441751866309,38.395,7640.605,38.395,0.005,0.0,0.002849014540148252,0.9910909962124582,0.9979064292074967,,,0.3159441751866309,38.395,7640.605,38.395,0.0,0.995,0.005,0.0
NONFIBROTIC ILD ADJUDICATED,1,283399477,genomic,0.0,0.009297540713134959,0.9879415204678362,0.997899769099863,,,0.2621189371483715,76.79,7602.21,76.79,0.01,0.1936076805344365,0.04764340883680176,0.9903332483619185,0.9983090997612283,,,0.2621189371483715,76.79,7602.21,76.79,0.01,0.0,0.002849014540148252,0.9854633696468871,0.9978944987549554,,,0.2621189371483715,76.79,7602.21,76.79,0.0,0.99,0.01,0.0
NONFIBROTIC ILD ADJUDICATED,1,283399477,genomic,0.125,0.009297540713134959,0.9782222222222222,0.9981430932273311,,,0.19078335125029305,153.58,7525.42,155.58,0.02,0.36022827265758695,0.04375883958077191,0.981604987215614,0.9986456136722623,,,0.19078335125029305,153.58,7525.42,155.58,0.02,0.03497748774324047,0.002849014540148252,0.9746623728385856,0.9979453692670687,,,0.19078335125029305,153.58,7525.42,155.58,0.125,0.98,0.02,0.0
NONFIBROTIC ILD ADJUDICATED,1,283399477,genomic,0.1875,0.007752942121540744,0.9484145549057831,0.9982211397005275,,,0.10472119667691747,383.95000000000005,7295.05,386.95000000000005,0.05,0.4300888096197414,0.022543277925487527,0.9535628971784811,0.9987576704700947,,,0.10472119667691747,383.95000000000005,7295.05,386.95000000000005,0.05,0.06591599071428142,0.0027672859298091307,0.9430687457767276,0.9979444717873013,,,0.10472119667691747,383.95000000000005,7295.05,386.95000000000005,0.1875,0.95,0.05,0.0
NONFIBROTIC ILD ADJUDICATED,1,283399477,genomic,0.25,0.005182019179720838,0.898648473034438,0.9982666724411708,,,0.05122494053149855,767.9000000000001,6911.1,771.9,0.1,0.49498316535508774,0.013247723548346288,0.9056555369991162,0.9988405709869635,,,0.05122494053149855,767.9000000000001,6911.1,771.9,0.1,0.10182067491213048,0.0020169763833869196,0.8914435183597512,0.9979089008146523,,,0.05122494053149855,767.9000000000001,6911.1,771.9,0.25,0.9,0.1,0.0
NONFIBROTIC ILD ADJUDICATED,1,283399477,combined,0.0625,0.11556944444444445,0.9970527615334633,0.9980484811842576,,,0.7061257765432941,7.679,7671.321,8.679,0.001,0.28328737570298945,0.40415002679523837,0.9980105208920337,0.9985081357721768,,,0.7061257765432941,7.679,7671.321,8.679,0.001,0.01111934476464252,0.017876213095072924,0.9959492774876139,0.9979396908104109,,,0.7061257765432941,7.679,7671.321,8.679,0.0625,0.999,0.001,0.0
NONFIBROTIC ILD ADJUDICATED,1,283399477,combined,0.125,0.049518292682926825,0.9931910331384015,0.9981710355979045,,,0.4179844637367668,38.395,7640.605,40.395,0.005,0.36022827265758695,0.16359742462126767,0.9950262889949499,0.9986638714977031,,,0.4179844637367668,38.395,7640.605,40.395,0.005,0.03497748774324047,0.01491738543539916,0.9911637239322623,0.9979795090980321,,,0.4179844637367668,38.395,7640.605,40.395,0.125,0.995,0.005,0.0
NONFIBROTIC ILD ADJUDICATED,1,283399477,combined,0.1875,0.03759968354430379,0.9883313840155945,0.9982928901452243,,,0.2876147537807899,76.79,7602.21,79.79,0.01,0.4300888096197414,0.1048104205234943,0.9908249570123883,0.9988043771827548,,,0.2876147537807899,76.79,7602.21,79.79,0.01,0.06591599071428142,0.012868907693511542,0.985600426937521,0.9980330119646759,,,0.2876147537807899,76.79,7602.21,79.79,0.1875,0.99,0.01,0.0
NONFIBROTIC ILD ADJUDICATED,1,283399477,combined,0.1875,0.019159725624693775,0.9783521767381417,0.9982755006943465,,,0.18277901846267802,153.58,7525.42,156.58,0.02,0.4300888096197414,0.054811013917662264,0.9817502462918186,0.998793328832326,,,0.18277901846267802,153.58,7525.42,156.58,0.02,0.06591599071428142,0.0065910982221944825,0.9747267024094155,0.9980111094648655,,,0.18277901846267802,153.58,7525.42,156.58,0.1875,0.98,0.02,0.0
NONFIBROTIC ILD ADJUDICATED,1,283399477,combined,0.25,0.010310610298622765,0.9485445094217025,0.9983577503902842,,,0.08887680470097623,383.95000000000005,7295.05,387.95000000000005,0.05,0.49498316535508774,0.026207195109994398,0.9536978302118488,0.9988989756612178,,,0.08887680470097623,383.95000000000005,7295.05,387.95000000000005,0.05,0.10182067491213048,0.004016696265936149,0.9431434013903944,0.9980233268003532,,,0.08887680470097623,383.95000000000005,7295.05,387.95000000000005,0.25,0.95,0.05,0.0
NONFIBROTIC ILD ADJUDICATED,1,283399477,combined,0.25,0.005182019179720838,0.898648473034438,0.9982666724411708,,,0.04143717591303639,767.9000000000001,6911.1,771.9,0.1,0.49498316535508774,0.013247723548346288,0.9056555369991162,0.9988405709869635,,,0.04143717591303639,767.9000000000001,6911.1,771.9,0.1,0.10182067491213048,0.0020169763833869196,0.8914435183597512,0.9979089008146523,,,0.04143717591303639,767.9000000000001,6911.1,771.9,0.25,0.9,0.1,0.0
NONFIBROTIC ILD ADJUDICATED,2,360641445,zebra,0.018459134615384617,0.04404145077720207,0.9969611885839956,0.9979573399487485,,,1.0,7.679,7671.321,7.974346153846154,0.001,0.21688894451195004,0.11058694763727434,0.9975713043061676,0.9983700277520622,,,1.0,7.679,7671.321,7.974346153846154,0.001,0.006489344778140603,0.01692550524869499,0.9962408066272371,0.9979308119797536,,,1.0,7.679,7671.321,7.974346153846154,0.018459134615384617,0.999,0.001,0.0
NONFIBROTIC ILD ADJUDICATED,2,360641445,zebra,0.09229567307692309,0.04404145077720207,0.9931230319388215,0.9981037887625855,,,1.0,38.395,7640.605,39.87173076923077,0.005,0.3100140004220042,0.11058694763727434,0.9945633582359446,0.9985596764775763,,,1.0,38.395,7640.605,39.87173076923077,0.005,0.032446723890703015,0.01692550524869499,0.991516983401156,0.997975300928234,,,1.0,38.395,7640.605,39.87173076923077,0.09229567307692309,0.995,0.005,0.0
NONFIBROTIC ILD ADJUDICATED,2,360641445,zebra,0.18459134615384618,0.04404145077720207,0.9883253361323537,0.998286849779882,,,1.0,76.79,7602.21,79.74346153846155,0.01,0.42642032030957194,0.11058694763727431,0.9908034256481657,0.998796737384469,,,1.0,76.79,7602.21,79.74346153846155,0.01,0.06489344778140603,0.01692550524869499,0.9856122043685547,0.9980309121138347,,,1.0,76.79,7602.21,79.74346153846155,0.18459134615384618,0.99,0.01,0.0
NONFIBROTIC ILD ADJUDICATED,2,360641445,zebra,0.25,0.02538418124647262,0.9784821312540611,0.9984079432947279,,,0.9999713564166313,153.58,7525.42,157.58,0.02,0.49498316535508774,0.0634433883036137,0.9818851793251864,0.9989305825086291,,,0.9999713564166313,153.58,7525.42,157.58,0.02,0.10182067491213048,0.009914700027544226,0.9748013580230823,0.9980874129954797,,,0.9999713564166313,153.58,7525.42,157.58,0.25,0.98,0.02,0.0
NONFIBROTIC ILD ADJUDICATED,2,360641445,zebra,0.375,0.015386592841605692,0.9488044184535414,0.9986310839749352,,,0.998704102707911,383.95000000000005,7295.05,389.95000000000005,0.05,0.6135895945449727,0.033157657439387464,0.9539444452692938,0.999157340362372,,,0.998704102707911,383.95000000000005,7295.05,389.95000000000005,0.05,0.18481232558863633,0.006915801663359721,0.9433159636270187,0.9982056434131169,,,0.998704102707911,383.95000000000005,7295.05,389.95000000000005,0.375,0.95,0.05,0.0
NONFIBROTIC ILD ADJUDICATED,2,360641445,zebra,0.625,0.012786002691790036,0.8994282001299545,0.9991325844629564,,,0.9859643468942003,767.9000000000001,6911.1,777.9000000000001,0.1,0.8151876744113636,0.02350049442731312,0.9063213293506303,0.9995753915606481,,,0.9859643468942003,767.9000000000001,6911.1,777.9000000000001,0.1,0.38641040545502714,0.006787609123722827,0.8920352578904447,0.9985705222160962,,,0.9859643468942003,767.9000000000001,6911.1,777.9000000000001,0.625,0.9,0.1,0.0
NONFIBROTIC ILD ADJUDICATED,2,360641445,genomic,0.0,0.0049504950495049506,0.9969228070175439,0.9979186507160284,,,0.6093965633031736,7.679,7671.321,7.679000000000001,0.001,0.1936076805344365,0.27753279986288915,0.9978240523900588,0.9983217773973239,,,0.6093965633031736,7.679,7671.321,7.679000000000001,0.001,0.0,0.001323382984413368,0.9959261573425542,0.9979165721881269,,,0.6093965633031736,7.679,7671.321,7.679000000000001,0.0,0.999,0.001,0.0
NONFIBROTIC ILD ADJUDICATED,2,360641445,genomic,0.0,0.0049504950495049506,0.9929311241065627,0.9979103009669136,,,0.45783571063356915,38.395,7640.605,38.395,0.005,0.1936076805344365,0.09096337749096901,0.9946798394206848,0.9983164792695998,,,0.45783571063356915,38.395,7640.605,38.395,0.005,0.0,0.001323382984413368,0.9910909962124582,0.9979064292074967,,,0.45783571063356915,38.395,7640.605,38.395,0.0,0.995,0.005,0.0
NONFIBROTIC ILD ADJUDICATED,2,360641445,genomic,0.0,0.0049504950495049506,0.9879415204678362,0.997899769099863,,,0.3376925289752332,76.79,7602.21,76.79,0.01,0.1936076805344365,0.04764340883680176,0.9903332483619185,0.9983090997612283,,,0.3376925289752332,76.79,7602.21,76.79,0.01,0.0,0.0013233829844133676,0.9854633696468871,0.9978944987549554,,,0.3376925289752332,76.79,7602.21,76.79,0.0,0.99,0.01,0.0
NONFIBROTIC ILD ADJUDICATED,2,360641445,genomic,0.0625,0.0049504950495049506,0.9780922677063029,0.9980107208797039,,,0.20888812256768355,153.58,7525.42,154.58,0.02,0.28328737570298945,0.03573037123070862,0.9814450061433238,0.9984829781429401,,,0.20888812256768355,153.58,7525.42,154.58,0.02,0.01111934476464252,0.0013233829844133676,0.9746127652638412,0.9978946798053583,,,0.20888812256768355,153.58,7525.42,154.58,0.0625,0.98,0.02,0.0
NONFIBROTIC ILD ADJUDICATED,2,360641445,genomic,0.0625,0.0025977408008658,0.9481546458739443,0.9979480304494044,,,0.08321190326887536,383.95000000000005,7295.05,384.95000000000005,0.05,0.28328737570298945,0.01456595072155569,0.9532576570299862,0.9984381629428766,,,0.08321190326887536,383.95000000000005,7295.05,384.95000000000005,0.05,0.01111934476464252,0.0013233829844133676,0.9429548086311533,0.9978241496627362,,,0.08321190326887536,383.95000000000005,7295.05,384.95000000000005,0.0625,0.95,0.05,0.0
NONFIBROTIC ILD ADJUDICATED,2,360641445,genomic,0.0625,0.0024580864820525775,0.8982586094866797,0.9978342790274269,,,0.016468686530533898,767.9000000000001,6911.1,768.9000000000001,0.1,0.28328737570298945,0.007329779726867508,0.9052153638172535,0.9983553543534605,,,0.016468686530533898,767.9000000000001,6911.1,768.9000000000001,0.1,0.01111934476464252,0.0013233829844133676,0.8912549256005101,0.9976982202699737,,,0.016468686530533898,767.9000000000001,6911.1,768.9000000000001,0.0625,0.9,0.1,0.0
NONFIBROTIC ILD ADJUDICATED,2,360641445,combined,0.0,0.007601362288437384,0.9969228070175439,0.9979186507160284,,,0.34062789583413255,7.679,7671.321,7.679000000000001,0.001,0.1936076805344365,0.27753279986288915,0.9978240523900588,0.9983217773973239,,,0.34062789583413255,7.679,7671.321,7.679000000000001,0.001,0.0,0.002308715806626707,0.9959261573425542,0.9979165721881269,,,0.34062789583413255,7.679,7671.321,7.679000000000001,0.0,0.999,0.001,0.0
NONFIBROTIC ILD ADJUDICATED,2,360641445,combined,0.0,0.007601362288437384,0.9929311241065627,0.9979103009669136,,,0.27685837855324597,38.395,7640.605,38.395,0.005,0.1936076805344365,0.09096337749096901,0.9946798394206848,0.9983164792695998,,,0.27685837855324597,38.395,7640.605,38.395,0.005,0.0,0.002308715806626707,0.9910909962124582,0.9979064292074967,,,0.27685837855324597,38.395,7640.605,38.395,0.0,0.995,0.005,0.0
NONFIBROTIC ILD ADJUDICATED,2,360641445,combined,0.0625,0.007601362288437384,0.9880714749837557,0.9980307750419266,6.250177183014355,0.9469696996878232,0.24011669705310745,76.79,7602.21,77.79,0.01,0.28328737570298945,0.059499332251961884,0.9905197168638934,0.9984968638056275,35.38257196455998,1.0013812151954593,0.24011669705310745,76.79,7602.21,77.79,0.01,0.01111934476464252,0.002308715806626707,0.9854864897919468,0.9979178618026102,0.8907565022428068,0.7224974393404994,0.24011669705310745,76.79,7602.21,77.79,0.0625,0.99,0.01,0.0
NONFIBROTIC ILD ADJUDICATED,2,360641445,combined,0.0625,0.007601362288437384,0.9780922677063029,0.9980107208797039,,,0.20427796264324874,153.58,7525.42,154.58,0.02,0.28328737570298945,0.03573037123070862,0.9814450061433238,0.9984829781429401,,,0.20427796264324874,153.58,7525.42,154.58,0.02,0.01111934476464252,0.002308715806626707,0.9746127652638412,0.9978946798053583,,,0.20427796264324874,153.58,7525.42,154.58,0.0625,0.98,0.02,0.0
NONFIBROTIC ILD ADJUDICATED,2,360641445,combined,0.1875,0.007601362288437384,0.9484145549057831,0.9982211397005275,,,0.14723770784096057,383.95000000000005,7295.05,386.95000000000005,0.05,0.4300888096197414,0.022543277925487527,0.9535628971784811,0.9987576704700947,,,0.14723770784096057,383.95000000000005,7295.05,386.95000000000005,0.05,0.06591599071428142,0.002308715806626707,0.9430687457767276,0.9979444717873013,,,0.14723770784096057,383.95000000000005,7295.05,386.95000000000005,0.1875,0.95,0.05,0.0
NONFIBROTIC ILD ADJUDICATED,2,360641445,combined,0.25,0.0055418719211822644,0.898648473034438,0.9982666724411708,,,0.09915991508440201,767.9000000000001,6911.1,771.9,0.1,0.49498316535508774,0.013465119653218187,0.9056555369991162,0.9988405709869635,,,0.09915991508440201,767.9000000000001,6911.1,771.9,0.1,0.10182067491213048,0.002308715806626707,0.8914435183597512,0.9979089008146523,,,0.09915991508440201,767.9000000000001,6911.1,771.9,0.25,0.9,0.1,0.0
NONFIBROTIC ILD ADJUDICATED,3,1202872163,zebra,0.018944901315789475,0.03797468354430379,0.9969621986252181,0.997958348730542,,,1.0,7.679,7671.321,7.982118421052632,0.001,0.21750160935346355,0.10580062767684709,0.9975748940086897,0.998371303645246,,,1.0,7.679,7671.321,7.982118421052632,0.001,0.006660117009144303,0.012998086889435873,0.9962388459036832,0.9979311626771855,,,1.0,7.679,7671.321,7.982118421052632,0.018944901315789475,0.999,0.001,0.0
NONFIBROTIC ILD ADJUDICATED,3,1202872163,zebra,0.09472450657894736,0.037974683544303785,0.9931280821449335,0.9981088326715536,,,1.0,38.395,7640.605,39.910592105263156,0.005,0.3130773246295718,0.10580062767684707,0.9945813067485548,0.9985660559434952,,,1.0,38.395,7640.605,39.910592105263156,0.005,0.03330058504572152,0.01299808688943587,0.9915071797833866,0.9979770544153935,,,1.0,38.395,7640.605,39.910592105263156,0.09472450657894736,0.995,0.005,0.0
NONFIBROTIC ILD ADJUDICATED,3,1202872163,zebra,0.1875,0.03759968354430379,0.9883313840155945,0.9982928901452243,18.75053154904306,0.82070707306278,0.9999999963142043,76.79,7602.21,79.79,0.01,0.4300888096197414,0.1048104205234943,0.9908249570123883,0.9988043771827548,53.718060043301286,0.9458918782171511,0.9999999963142043,76.79,7602.21,79.79,0.01,0.06591599071428142,0.012868907693511542,0.985600426937521,0.9980330119646759,5.280445797240311,0.5745111244623436,0.9999999963142043,76.79,7602.21,79.79,0.1875,0.99,0.01,0.0
NONFIBROTIC ILD ADJUDICATED,3,1202872163,zebra,0.1875,0.019159725624693775,0.9783521767381417,0.9982755006943465,,,0.9999733816620164,153.58,7525.42,156.58,0.02,0.4300888096197414,0.054811013917662264,0.9817502462918186,0.998793328832326,,,0.9999733816620164,153.58,7525.42,156.58,0.02,0.06591599071428142,0.006537088406967185,0.9747267024094155,0.9980111094648655,,,0.9999733816620164,153.58,7525.42,156.58,0.1875,0.98,0.02,0.0
NONFIBROTIC ILD ADJUDICATED,3,1202872163,zebra,0.25,0.011298269630157471,0.9485445094217025,0.9983577503902842,,,0.9984157508783151,383.95000000000005,7295.05,387.95000000000005,0.05,0.49498316535508774,0.026207195109994398,0.9536978302118488,0.9988989756612178,,,0.9984157508783151,383.95000000000005,7295.05,387.95000000000005,0.05,0.10182067491213048,0.005134498956300241,0.9431434013903944,0.9980233268003532,,,0.9984157508783151,383.95000000000005,7295.05,387.95000000000005,0.25,0.95,0.05,0.0
NONFIBROTIC ILD ADJUDICATED,3,1202872163,zebra,0.5,0.010310608579980046,0.8991682910981157,0.9988437802582651,,,0.9856856832079699,767.9000000000001,6911.1,775.9000000000001,0.1,0.7200043638967398,0.02021259151370982,0.9061234173339656,0.9993568474598599,,,0.9856856832079699,767.9000000000001,6911.1,775.9000000000001,0.1,0.27999563610326017,0.005134498956300238,0.8918139926130401,0.9983230238026473,,,0.9856856832079699,767.9000000000001,6911.1,775.9000000000001,0.5,0.9,0.1,0.0
NONFIBROTIC ILD ADJUDICATED,3,1202872163,genomic,0.0,0.002164502164502165,0.9969228070175439,0.9979186507160284,,,0.9864875820137208,7.679,7671.321,7.679000000000001,0.001,0.1936076805344365,0.27753279986288915,0.9978240523900588,0.9983217773973239,,,0.9864875820137208,7.679,7671.321,7.679000000000001,0.001,0.0,0.0010926675531926055,0.9959261573425542,0.9979165721881269,,,0.9864875820137208,7.679,7671.321,7.679000000000001,0.0,0.999,0.001,0.0
NONFIBROTIC ILD ADJUDICATED,3,1202872163,genomic,0.0,0.0021645021645021645,0.9929311241065627,0.9979103009669136,,,0.3507215001492983,38.395,7640.605,38.395,0.005,0.1936076805344365,0.09096337749096901,0.9946798394206848,0.9983164792695998,,,0.3507215001492983,38.395,7640.605,38.395,0.005,0.0,0.0010926675531926055,0.9910909962124582,0.9979064292074967,,,0.3507215001492983,38.395,7640.605,38.395,0.0,0.995,0.005,0.0
NONFIBROTIC ILD ADJUDICATED,3,1202872163,genomic,0.0,0.0021645021645021645,0.9879415204678362,0.997899769099863,,,0.061356168618166555,76.79,7602.21,76.79,0.01,0.1936076805344365,0.04764340883680176,0.9903332483619185,0.9983090997612283,,,0.061356168618166555,76.79,7602.21,76.79,0.01,0.0,0.0010926675531926055,0.9854633696468871,0.9978944987549554,,,0.061356168618166555,76.79,7602.21,76.79,0.0,0.99,0.01,0.0
NONFIBROTIC ILD ADJUDICATED,3,1202872163,genomic,0.0,0.0021645021645021645,0.9779623131903834,0.997878383637494,,,0.008474870909793144,153.58,7525.42,153.58,0.02,0.1936076805344365,0.024402623692136836,0.9812585376413488,0.9982934825374115,,,0.008474870909793144,153.58,7525.42,153.58,0.02,0.0,0.0010926675531926055,0.9745896451187815,0.9978710571944039,,,0.008474870909793144,153.58,7525.42,153.58,0.0,0.98,0.02,0.0
NONFIBROTIC ILD ADJUDICATED,3,1202872163,genomic,0.0625,0.0021645021645021645,0.9481546458739443,0.9979480304494044,,,0.0003447555918294686,383.95000000000005,7295.05,384.95000000000005,0.05,0.28328737570298945,0.01456595072155569,0.9532576570299862,0.9984381629428766,,,0.0003447555918294686,383.95000000000005,7295.05,384.95000000000005,0.05,0.01111934476464252,0.0010926675531926055,0.9429548086311533,0.9978241496627362,,,0.0003447555918294686,383.95000000000005,7295.05,384.95000000000005,0.0625,0.95,0.05,0.0
NONFIBROTIC ILD ADJUDICATED,3,1202872163,genomic,0.0625,0.002014384850993943,0.8982586094866797,0.9978342790274269,,,1.3874533645269651e-05,767.9000000000001,6911.1,768.9000000000001,0.1,0.28328737570298945,0.007329779726867508,0.9052153638172535,0.9983553543534605,,,1.3874533645269651e-05,767.9000000000001,6911.1,768.9000000000001,0.1,0.01111934476464252,0.0010926675531926055,0.8912549256005101,0.9976982202699737,,,1.3874533645269651e-05,767.9000000000001,6911.1,768.9000000000001,0.0625,0.9,0.1,0.0
NONFIBROTIC ILD ADJUDICATED,3,1202872163,combined,0.0,0.008260965275277341,0.9969228070175439,0.9979186507160284,,,0.5082910574405121,7.679,7671.321,7.679000000000001,0.001,0.1936076805344365,0.27753279986288915,0.9978240523900588,0.9983217773973239,,,0.5082910574405121,7.679,7671.321,7.679000000000001,0.001,0.0,0.0038310544790209557,0.9959261573425542,0.9979165721881269,,,0.5082910574405121,7.679,7671.321,7.679000000000001,0.0,0.999,0.001,0.0
NONFIBROTIC ILD ADJUDICATED,3,1202872163,combined,0.0,0.008260965275277341,0.9929311241065627,0.9979103009669136,,,0.4203849774702204,38.395,7640.605,38.395,0.005,0.1936076805344365,0.09096337749096901,0.9946798394206848,0.9983164792695998,,,0.4203849774702204,38.395,7640.605,38.395,0.005,0.0,0.0038310544790209557,0.9910909962124582,0.9979064292074967,,,0.4203849774702204,38.395,7640.605,38.395,0.0,0.995,0.005,0.0
NONFIBROTIC ILD ADJUDICATED,3,1202872163,combined,0.0,0.008260965275277341,0.9879415204678362,0.997899769099863,,,0.360011137894009,76.79,7602.21,76.79,0.01,0.1936076805344365,0.04764340883680176,0.9903332483619185,0.9983090997612283,,,0.360011137894009,76.79,7602.21,76.79,0.01,0.0,0.0038310544790209557,0.9854633696468871,0.9978944987549554,,,0.360011137894009,76.79,7602.21,76.79,0.0,0.99,0.01,0.0
NONFIBROTIC ILD ADJUDICATED,3,1202872163,combined,0.0625,0.00826096527527734,0.9780922677063029,0.9980107208797039,,,0.2780129500909646,153.58,7525.42,154.58,0.02,0.28328737570298945,0.03809811311300813,0.9814450061433238,0.9984829781429401,,,0.2780129500909646,153.58,7525.42,154.58,0.02,0.01111934476464252,0.0038310544790209557,0.9746127652638412,0.9978946798053583,,,0.2780129500909646,153.58,7525.42,154.58,0.0625,0.98,0.02,0.0
NONFIBROTIC ILD ADJUDICATED,3,1202872163,combined,0.125,0.00826096527527734,0.9482846003898636,0.9980845663920145,,,0.16352069141477107,383.95000000000005,7295.05,385.95,0.05,0.36022827265758695,0.019093669264118155,0.9534176381022764,0.9986055962706862,,,0.16352069141477107,383.95000000000005,7295.05,385.95,0.05,0.03497748774324047,0.0038310544790209557,0.9430044162058977,0.9978765336539906,,,0.16352069141477107,383.95000000000005,7295.05,385.95,0.125,0.95,0.05,0.0
NONFIBROTIC ILD ADJUDICATED,3,1202872163,combined,0.4375,0.00826096527527734,0.8990383365821962,0.9986994407570826,,,0.07814388974070093,767.9000000000001,6911.1,774.9000000000001,0.1,0.6682144360118811,0.018362681929384558,0.9060157319738412,0.9992379761730831,,,0.07814388974070093,767.9000000000001,6911.1,774.9000000000001,0.1,0.23098652405492354,0.0038310544790209557,0.89171208932613,0.9982090801546115,,,0.07814388974070093,767.9000000000001,6911.1,774.9000000000001,0.4375,0.9,0.1,0.0
NONFIBROTIC ILD ADJUDICATED,4,680185041,zebra,0.01156475903614458,0.023529411764705885,0.9969468533001401,0.9979428939308888,,,1.0,7.679000000000001,7671.321,7.864036144578314,0.001,0.2090230965213482,0.0817869968792071,0.9975495013183548,0.9983535556106344,,,1.0,7.679000000000001,7671.321,7.864036144578314,0.001,0.003236049739522212,0.006476511225947849,0.996239489889453,0.9979239885865532,,,1.0,7.679000000000001,7671.321,7.864036144578314,0.01156475903614458,0.999,0.001,0.0
NONFIBROTIC ILD ADJUDICATED,4,680185041,zebra,0.0578237951807229,0.023529411764705885,0.993051355519544,0.9980315586732871,,,1.0,38.395,7640.605,39.32018072289157,0.005,0.2706847604689951,0.0817869968792071,0.9944543432968809,0.9984773157704375,,,1.0,38.395,7640.605,39.32018072289157,0.005,0.01618024869761106,0.006476511225947849,0.9915103997122355,0.9979411839622316,,,1.0,38.395,7640.605,39.32018072289157,0.0578237951807229,0.995,0.005,0.0
NONFIBROTIC ILD ADJUDICATED,4,680185041,zebra,0.1156475903614458,0.023529411764705875,0.9881819832937989,0.998142389601285,11.56475903614458,0.8931980191698864,1.0,76.79,7602.21,78.64036144578314,0.01,0.3477618404035536,0.08178699687920708,0.9905853957700385,0.9986320159701914,41.27150685973113,0.9797833461179034,1.0,76.79,7602.21,78.64036144578314,0.01,0.03236049739522212,0.006476511225947848,0.9855990369907137,0.9979626781818298,2.6144867015200557,0.6574499430429153,1.0,76.79,7602.21,78.64036144578314,0.1156475903614458,0.99,0.01,0.0
NONFIBROTIC ILD ADJUDICATED,4,680185041,zebra,0.125,0.012855252274607112,0.9782222222222222,0.9981430932273311,,,0.9999675295060177,153.58,7525.42,155.58,0.02,0.36022827265758695,0.04565496145718123,0.981604987215614,0.9986456136722623,,,0.9999675295060177,153.58,7525.42,155.58,0.02,0.03497748774324047,0.004048225652508385,0.9746623728385856,0.9979453692670687,,,0.9999675295060177,153.58,7525.42,155.58,0.125,0.98,0.02,0.0
NONFIBROTIC ILD ADJUDICATED,4,680185041,zebra,0.1875,0.00892857142857143,0.9484145549057831,0.9982211397005275,,,0.9986235985705569,383.95000000000005,7295.05,386.95000000000005,0.05,0.4300888096197414,0.022543277925487527,0.9535628971784811,0.9987576704700947,,,0.9986235985705569,383.95000000000005,7295.05,386.95000000000005,0.05,0.06591599071428142,0.004048225652508385,0.9430687457767276,0.9979444717873013,,,0.9986235985705569,383.95000000000005,7295.05,386.95000000000005,0.1875,0.95,0.05,0.0
NONFIBROTIC ILD ADJUDICATED,4,680185041,zebra,0.5,0.008928571428571426,0.8991682910981157,0.9988437802582651,,,0.9861228015992529,767.9000000000001,6911.1,775.9000000000001,0.1,0.7200043638967398,0.0200225443100454,0.9061234173339656,0.9993568474598599,,,0.9861228015992529,767.9000000000001,6911.1,775.9000000000001,0.1,0.27999563610326017,0.004048225652508385,0.8918139926130401,0.9983230238026473,,,0.9861228015992529,767.9000000000001,6911.1,775.9000000000001,0.5,0.9,0.1,0.0
NONFIBROTIC ILD ADJUDICATED,4,680185041,genomic,0.0,0.004008016032064128,0.9969228070175439,0.9979186507160284,,,0.3133537662259883,7.679,7671.321,7.679000000000001,0.001,0.1936076805344365,0.27753279986288915,0.9978240523900588,0.9983217773973239,,,0.3133537662259883,7.679,7671.321,7.679000000000001,0.001,0.0,0.0011602186476801573,0.9959261573425542,0.9979165721881269,,,0.3133537662259883,7.679,7671.321,7.679000000000001,0.0,0.999,0.001,0.0
NONFIBROTIC ILD ADJUDICATED,4,680185041,genomic,0.0,0.004008016032064128,0.9929311241065627,0.9979103009669136,,,0.2525789697961917,38.395,7640.605,38.395,0.005,0.1936076805344365,0.09096337749096901,0.9946798394206848,0.9983164792695998,,,0.2525789697961917,38.395,7640.605,38.395,0.005,0.0,0.0011602186476801573,0.9910909962124582,0.9979064292074967,,,0.2525789697961917,38.395,7640.605,38.395,0.0,0.995,0.005,0.0
NONFIBROTIC ILD ADJUDICATED,4,680185041,genomic,0.0,0.004008016032064128,0.9879415204678362,0.997899769099863,,,0.2193034566326756,76.79,7602.21,76.79,0.01,0.1936076805344365,0.04764340883680176,0.9903332483619185,0.9983090997612283,,,0.2193034566326756,76.79,7602.21,76.79,0.01,0.0,0.0011602186476801573,0.9854633696468871,0.9978944987549554,,,0.2193034566326756,76.79,7602.21,76.79,0.0,0.99,0.01,0.0
NONFIBROTIC ILD ADJUDICATED,4,680185041,genomic,0.0,0.004008016032064128,0.9779623131903834,0.997878383637494,,,0.19364043327403505,153.58,7525.42,153.58,0.02,0.1936076805344365,0.026571142209082785,0.9812585376413488,0.9982934825374115,,,0.19364043327403505,153.58,7525.42,153.58,0.02,0.0,0.0011602186476801573,0.9745896451187815,0.9978710571944039,,,0.19364043327403505,153.58,7525.42,153.58,0.0,0.98,0.02,0.0
NONFIBROTIC ILD ADJUDICATED,4,680185041,genomic,0.125,0.004008016032064128,0.9482846003898636,0.9980845663920145,,,0.14585062616403052,383.95000000000005,7295.05,385.95,0.05,0.36022827265758695,0.018694818983814993,0.9534176381022764,0.9986055962706862,,,0.14585062616403052,383.95000000000005,7295.05,385.95,0.05,0.03497748774324047,0.0011602186476801573,0.9430044162058977,0.9978765336539906,,,0.14585062616403052,383.95000000000005,7295.05,385.95,0.125,0.95,0.05,0.0
NONFIBROTIC ILD ADJUDICATED,4,680185041,genomic,0.125,0.0025977403610693596,0.898388564002599,0.997978368539621,,,0.10802644494104062,767.9000000000001,6911.1,769.9000000000001,0.1,0.36022827265758695,0.0094217871067012,0.9053753448895437,0.9985316519397164,,,0.10802644494104062,767.9000000000001,6911.1,769.9000000000001,0.1,0.03497748774324047,0.001160218647680157,0.8913045331752545,0.9977536292088469,,,0.10802644494104062,767.9000000000001,6911.1,769.9000000000001,0.125,0.9,0.1,0.0
NONFIBROTIC ILD ADJUDICATED,4,680185041,combined,0.0,0.005091649694501024,0.9969228070175439,0.9979186507160284,,,0.9019956920465723,7.679,7671.321,7.679000000000001,0.001,0.1936076805344365,0.27753279986288915,0.9978240523900588,0.9983217773973239,,,0.9019956920465723,7.679,7671.321,7.679000000000001,0.001,0.0,0.0019983122474750868,0.9959261573425542,0.9979165721881269,,,0.9019956920465723,7.679,7671.321,7.679000000000001,0.0,0.999,0.001,0.0
NONFIBROTIC ILD ADJUDICATED,4,680185041,combined,0.0,0.005091649694501024,0.9929311241065627,0.9979103009669136,,,0.627665939465458,38.395,7640.605,38.395,0.005,0.1936076805344365,0.09096337749096901,0.9946798394206848,0.9983164792695998,,,0.627665939465458,38.395,7640.605,38.395,0.005,0.0,0.0019983122474750868,0.9910909962124582,0.9979064292074967,,,0.627665939465458,38.395,7640.605,38.395,0.0,0.995,0.005,0.0
NONFIBROTIC ILD ADJUDICATED,4,680185041,combined,0.0,0.005091649694501024,0.9879415204678362,0.997899769099863,,,0.4456637845409153,76.79,7602.21,76.79,0.01,0.1936076805344365,0.04764340883680176,0.9903332483619185,0.9983090997612283,,,0.4456637845409153,76.79,7602.21,76.79,0.01,0.0,0.0019983122474750868,0.9854633696468871,0.9978944987549554,,,0.4456637845409153,76.79,7602.21,76.79,0.0,0.99,0.01,0.0
NONFIBROTIC ILD ADJUDICATED,4,680185041,combined,0.0,0.005091649694501024,0.9779623131903834,0.997878383637494,,,0.28840484217240686,153.58,7525.42,153.58,0.02,0.1936076805344365,0.024402623692136836,0.9812585376413488,0.9982934825374115,,,0.28840484217240686,153.58,7525.42,153.58,0.02,0.0,0.0019983122474750868,0.9745896451187815,0.9978710571944039,,,0.28840484217240686,153.58,7525.42,153.58,0.0,0.98,0.02,0.0
NONFIBROTIC ILD ADJUDICATED,4,680185041,combined,0.0625,0.005091649694501024,0.9481546458739443,0.9979480304494044,,,0.09439081119398068,383.95000000000005,7295.05,384.95000000000005,0.05,0.28328737570298945,0.015912878150059408,0.9532576570299862,0.9984381629428766,,,0.09439081119398068,383.95000000000005,7295.05,384.95000000000005,0.05,0.01111934476464252,0.001998312247475086,0.9429548086311533,0.9978241496627362,,,0.09439081119398068,383.95000000000005,7295.05,384.95000000000005,0.0625,0.95,0.05,0.0
NONFIBROTIC ILD ADJUDICATED,4,680185041,combined,0.3125,0.005091649694501024,0.8987784275503574,0.9984108868666071,,,0.042372783931017066,767.9000000000001,6911.1,772.9000000000001,0.1,0.5559564416525933,0.015053603657021535,0.9057823170408004,0.9989804120809168,,,0.042372783931017066,767.9000000000001,6911.1,772.9000000000001,0.1,0.14164643854782039,0.001998312247475086,0.8915263269651015,0.9980014359910003,,,0.042372783931017066,767.9000000000001,6911.1,772.9000000000001,0.3125,0.9,0.1,0.0
NONFIBROTIC ILD ADJUDICATED,5,958117292,zebra,0.006314967105263158,0.025512887953708575,0.9969359375534352,0.9979318675002729,,,1.0,7.679,7671.321,7.7800394736842104,0.001,0.20266886973442752,0.08041955513362885,0.9975440527047384,0.9983402355150331,,,1.0,7.679,7671.321,7.7800394736842104,0.001,0.0011234927427327618,0.008166369828593369,0.9962273337544613,0.9979195293042026,,,1.0,7.679,7671.321,7.7800394736842104,0.006314967105263158,0.999,0.001,0.0
NONFIBROTIC ILD ADJUDICATED,5,958117292,zebra,0.031574835526315785,0.025512887953708575,0.9929967767860197,0.9979764265202078,,,1.0,38.395,7640.605,38.900197368421054,0.005,0.23891362653439163,0.08041955513362885,0.9944271002287988,0.9984107152924311,,,1.0,38.395,7640.605,38.900197368421054,0.005,0.00561746371366381,0.008166369828593369,0.9914496190372771,0.9979188875504785,,,1.0,38.395,7640.605,38.900197368421054,0.031574835526315785,0.995,0.005,0.0
NONFIBROTIC ILD ADJUDICATED,5,958117292,zebra,0.0625,0.025512887953708572,0.9880714749837557,0.9980307750419266,,,0.9999999963142043,76.79,7602.21,77.79,0.01,0.28328737570298945,0.08041955513362885,0.9905197168638934,0.9984968638056275,,,0.9999999963142043,76.79,7602.21,77.79,0.01,0.01111934476464252,0.008166369828593369,0.9854864897919468,0.9979178618026102,,,0.9999999963142043,76.79,7602.21,77.79,0.0625,0.99,0.01,0.0
NONFIBROTIC ILD ADJUDICATED,5,958117292,zebra,0.1875,0.019159725624693775,0.9783521767381417,0.9982755006943465,,,0.9999561749646374,153.58,7525.42,156.58,0.02,0.4300888096197414,0.054811013917662264,0.9817502462918186,0.998793328832326,,,0.9999561749646374,153.58,7525.42,156.58,0.02,0.06591599071428142,0.006537088406967185,0.9747267024094155,0.9980111094648655,,,0.9999561749646374,153.58,7525.42,156.58,0.1875,0.98,0.02,0.0
NONFIBROTIC ILD ADJUDICATED,5,958117292,zebra,0.3125,0.013289036544850499,0.948674463937622,0.998494398476634,,,0.9985031726903811,383.95000000000005,7295.05,388.95000000000005,0.05,0.5559564416525933,0.029735602917520896,0.953824610253533,0.9990317792768534,,,0.9985031726903811,383.95000000000005,7295.05,388.95000000000005,0.05,0.14164643854782039,0.005940435167225434,0.9432262099957447,0.9981108079920087,,,0.9985031726903811,383.95000000000005,7295.05,388.95000000000005,0.3125,0.95,0.05,0.0
NONFIBROTIC ILD ADJUDICATED,5,958117292,zebra,0.5,0.010310608579980046,0.8991682910981157,0.9988437802582651,,,0.9859180606373039,767.9000000000001,6911.1,775.9000000000001,0.1,0.7200043638967398,0.02021259151370982,0.9061234173339656,0.9993568474598599,,,0.9859180606373039,767.9000000000001,6911.1,775.9000000000001,0.1,0.27999563610326017,0.005233614451525993,0.8918139926130401,0.9983230238026473,,,0.9859180606373039,767.9000000000001,6911.1,775.9000000000001,0.5,0.9,0.1,0.0
NONFIBROTIC ILD ADJUDICATED,5,958117292,genomic,0.0,0.002136955086113779,0.9969228070175439,0.9979186507160284,,,0.4940196199010815,7.679,7671.321,7.679000000000001,0.001,0.1936076805344365,0.27753279986288915,0.9978240523900588,0.9983217773973239,,,0.4940196199010815,7.679,7671.321,7.679000000000001,0.001,0.0,0.0011703629116405654,0.9959261573425542,0.9979165721881269,,,0.4940196199010815,7.679,7671.321,7.679000000000001,0.0,0.999,0.001,0.0
NONFIBROTIC ILD ADJUDICATED,5,958117292,genomic,0.0,0.002136955086113779,0.9929311241065627,0.9979103009669136,,,0.2759474106151525,38.395,7640.605,38.395,0.005,0.1936076805344365,0.09096337749096901,0.9946798394206848,0.9983164792695998,,,0.2759474106151525,38.395,7640.605,38.395,0.005,0.0,0.0011703629116405654,0.9910909962124582,0.9979064292074967,,,0.2759474106151525,38.395,7640.605,38.395,0.0,0.995,0.005,0.0
NONFIBROTIC ILD ADJUDICATED,5,958117292,genomic,0.0,0.002136955086113779,0.9879415204678362,0.997899769099863,,,0.20521972152904627,76.79,7602.21,76.79,0.01,0.1936076805344365,0.04764340883680176,0.9903332483619185,0.9983090997612283,,,0.20521972152904627,76.79,7602.21,76.79,0.01,0.0,0.0011703629116405654,0.9854633696468871,0.9978944987549554,,,0.20521972152904627,76.79,7602.21,76.79,0.0,0.99,0.01,0.0
NONFIBROTIC ILD ADJUDICATED,5,958117292,genomic,0.0,0.002136955086113779,0.9779623131903834,0.997878383637494,,,0.1564751223638014,153.58,7525.42,153.58,0.02,0.1936076805344365,0.024402623692136836,0.9812585376413488,0.9982934825374115,,,0.1564751223638014,153.58,7525.42,153.58,0.02,0.0,0.0011703629116405654,0.9745896451187815,0.9978710571944039,,,0.1564751223638014,153.58,7525.42,153.58,0.0,0.98,0.02,0.0
NONFIBROTIC ILD ADJUDICATED,5,958117292,genomic,0.0,0.002136955086113778,0.9480246913580248,0.9978115318573644,,,0.10363237931193432,383.95000000000005,7295.05,383.95000000000005,0.05,0.1936076805344365,0.009905994444976836,0.9530711885280113,0.9982430791907458,,,0.10363237931193432,383.95000000000005,7295.05,383.95000000000005,0.05,0.0,0.0011703629116405648,0.9429316884860937,0.9977997374177304,,,0.10363237931193432,383.95000000000005,7295.05,383.95000000000005,0.0,0.95,0.05,0.0
NONFIBROTIC ILD ADJUDICATED,5,958117292,genomic,0.0,0.002136955086113778,0.8981286549707602,0.9976902311169167,,,0.06552098213601816,767.9000000000001,6911.1,767.9000000000001,0.1,0.1936076805344365,0.005533064907092217,0.9050288953152786,0.9981499464278752,,,0.06552098213601816,767.9000000000001,6911.1,767.9000000000001,0.1,0.0,0.0011703629116405648,0.8912318054554504,0.9976723984390342,,,0.06552098213601816,767.9000000000001,6911.1,767.9000000000001,0.0,0.9,0.1,0.0
NONFIBROTIC ILD ADJUDICATED,5,958117292,combined,0.0,0.008474576271186442,0.9969228070175439,0.9979186507160284,,,0.704538628593505,7.679,7671.321,7.679000000000001,0.001,0.1936076805344365,0.27753279986288915,0.9978240523900588,0.9983217773973239,,,0.704538628593505,7.679,7671.321,7.679000000000001,0.001,0.0,0.0022054881617577073,0.9959261573425542,0.9979165721881269,,,0.704538628593505,7.679,7671.321,7.679000000000001,0.0,0.999,0.001,0.0
NONFIBROTIC ILD ADJUDICATED,5,958117292,combined,0.0,0.008474576271186442,0.9929311241065627,0.9979103009669136,,,0.12479098666243042,38.395,7640.605,38.395,0.005,0.1936076805344365,0.09096337749096901,0.9946798394206848,0.9983164792695998,,,0.12479098666243042,38.395,7640.605,38.395,0.005,0.0,0.0022054881617577073,0.9910909962124582,0.9979064292074967,,,0.12479098666243042,38.395,7640.605,38.395,0.0,0.995,0.005,0.0
NONFIBROTIC ILD ADJUDICATED,5,958117292,combined,0.0625,0.008474576271186439,0.9880714749837557,0.9980307750419266,,,0.0425162257125165,76.79,7602.21,77.79,0.01,0.28328737570298945,0.06928778803427665,0.9905197168638934,0.9984968638056275,,,0.0425162257125165,76.79,7602.21,77.79,0.01,0.01111934476464252,0.0022054881617577073,0.9854864897919468,0.9979178618026102,,,0.0425162257125165,76.79,7602.21,77.79,0.0625,0.99,0.01,0.0
NONFIBROTIC ILD ADJUDICATED,5,958117292,combined,0.0625,0.006469208211143695,0.9780922677063029,0.9980107208797039,,,0.009702103656370214,153.58,7525.42,154.58,0.02,0.28328737570298945,0.03573037123070862,0.9814450061433238,0.9984829781429401,,,0.009702103656370214,153.58,7525.42,154.58,0.02,0.01111934476464252,0.0022054881617577073,0.9746127652638412,0.9978946798053583,,,0.009702103656370214,153.58,7525.42,154.58,0.0625,0.98,0.02,0.0
NONFIBROTIC ILD ADJUDICATED,5,958117292,combined,0.125,0.005553793290436453,0.9482846003898636,0.9980845663920145,,,0.0012408261514014493,383.95000000000005,7295.05,385.95,0.05,0.36022827265758695,0.018694818983814993,0.9534176381022764,0.9986055962706862,,,0.0012408261514014493,383.95000000000005,7295.05,385.95,0.05,0.03497748774324047,0.002205488161757706,0.9430044162058977,0.9978765336539906,,,0.0012408261514014493,383.95000000000005,7295.05,385.95,0.125,0.95,0.05,0.0
NONFIBROTIC ILD ADJUDICATED,5,958117292,combined,0.25,0.005553793290436453,0.898648473034438,0.9982666724411708,,,0.00017035689392238604,767.9000000000001,6911.1,771.9,0.1,0.49498316535508774,0.01379629622925168,0.9056555369991162,0.9988405709869635,,,0.00017035689392238604,767.9000000000001,6911.1,771.9,0.1,0.10182067491213048,0.002205488161757706,0.8914435183597512,0.9979089008146523,,,0.00017035689392238604,767.9000000000001,6911.1,771.9,0.25,0.9,0.1,0.0
NONFIBROTIC ILD ADJUDICATED,6,1465855912,zebra,0.006075158227848101,0.012499999999999999,0.9969354389254901,0.9979313690702366,,,1.0,7.679000000000001,7671.321,7.776202531645571,0.001,0.2023247739420228,0.06746270077668665,0.9975398939784478,0.9983395152248219,,,1.0,7.679000000000001,7671.321,7.776202531645571,0.001,0.0010808284613631634,0.0026382508576527556,0.9962306883012614,0.9979194468160624,,,1.0,7.679000000000001,7671.321,7.776202531645571,0.006075158227848101,0.999,0.001,0.0
NONFIBROTIC ILD ADJUDICATED,6,1465855912,zebra,0.030375791139240507,0.012499999999999997,0.9929942836462935,0.9979739343700262,,,1.0,38.395,7640.605,38.88101265822785,0.005,0.23719314757236803,0.06746270077668665,0.9944063065973454,0.9984071138413745,,,1.0,38.395,7640.605,38.88101265822785,0.005,0.0054041423068158165,0.0026382508576527556,0.9914663917712774,0.9979184751097778,,,1.0,38.395,7640.605,38.88101265822785,0.030375791139240507,0.995,0.005,0.0
NONFIBROTIC ILD ADJUDICATED,6,1465855912,zebra,0.060751582278481014,0.012499999999999997,0.9880678395472978,0.9980271409947633,6.075158227848101,0.9487208683794137,1.0,76.79,7602.21,77.7620253164557,0.01,0.28077861461029957,0.06746270077668663,0.9904893223709674,0.9984916121120653,34.28351664679433,1.001671019761015,1.0,76.79,7602.21,77.7620253164557,0.01,0.010808284613631633,0.002638250857652755,0.9855110211087975,0.9979172604769221,0.8685471711986419,0.7250259280344667,1.0,76.79,7602.21,77.7620253164557,0.060751582278481014,0.99,0.01,0.0
NONFIBROTIC ILD ADJUDICATED,6,1465855912,zebra,0.0625,0.007121659197782299,0.9780922677063029,0.9980107208797039,,,0.999969785291303,153.58,7525.42,154.58,0.02,0.28328737570298945,0.03573037123070862,0.9814450061433238,0.9984829781429401,,,0.999969785291303,153.58,7525.42,154.58,0.02,0.01111934476464252,0.002638250857652755,0.9746127652638412,0.9978946798053583,,,0.999969785291303,153.58,7525.42,154.58,0.0625,0.98,0.02,0.0
NONFIBROTIC ILD ADJUDICATED,6,1465855912,zebra,0.1875,0.007121659197782299,0.9484145549057831,0.9982211397005275,,,0.9988001678445075,383.95000000000005,7295.05,386.95000000000005,0.05,0.4300888096197414,0.022543277925487527,0.9535628971784811,0.9987576704700947,,,0.9988001678445075,383.95000000000005,7295.05,386.95000000000005,0.05,0.06591599071428142,0.002638250857652755,0.9430687457767276,0.9979444717873013,,,0.9988001678445075,383.95000000000005,7295.05,386.95000000000005,0.1875,0.95,0.05,0.0
NONFIBROTIC ILD ADJUDICATED,6,1465855912,zebra,0.3125,0.006469143167391697,0.8987784275503574,0.9984108868666071,,,0.9868054095987875,767.9000000000001,6911.1,772.9000000000001,0.1,0.5559564416525933,0.015053603657021535,0.9057823170408004,0.9989804120809168,,,0.9868054095987875,767.9000000000001,6911.1,772.9000000000001,0.1,0.14164643854782039,0.002638250857652755,0.8915263269651015,0.9980014359910003,,,0.9868054095987875,767.9000000000001,6911.1,772.9000000000001,0.3125,0.9,0.1,0.0
NONFIBROTIC ILD ADJUDICATED,6,1465855912,genomic,0.0,0.006172839506172838,0.9969228070175439,0.9979186507160284,,,0.9985175279422445,7.679,7671.321,7.679000000000001,0.001,0.1936076805344365,0.27753279986288915,0.9978240523900588,0.9983217773973239,,,0.9985175279422445,7.679,7671.321,7.679000000000001,0.001,0.0,0.00113409167320981,0.9959261573425542,0.9979165721881269,,,0.9985175279422445,7.679,7671.321,7.679000000000001,0.0,0.999,0.001,0.0
NONFIBROTIC ILD ADJUDICATED,6,1465855912,genomic,0.0,0.006172839506172838,0.9929311241065627,0.9979103009669136,,,0.4345411662758656,38.395,7640.605,38.395,0.005,0.1936076805344365,0.09096337749096901,0.9946798394206848,0.9983164792695998,,,0.4345411662758656,38.395,7640.605,38.395,0.005,0.0,0.00113409167320981,0.9910909962124582,0.9979064292074967,,,0.4345411662758656,38.395,7640.605,38.395,0.0,0.995,0.005,0.0
NONFIBROTIC ILD ADJUDICATED,6,1465855912,genomic,0.0,0.006172839506172838,0.9879415204678362,0.997899769099863,,,0.07319619411216556,76.79,7602.21,76.79,0.01,0.1936076805344365,0.05599472215527264,0.9903332483619185,0.9983090997612283,,,0.07319619411216556,76.79,7602.21,76.79,0.01,0.0,0.00113409167320981,0.9854633696468871,0.9978944987549554,,,0.07319619411216556,76.79,7602.21,76.79,0.0,0.99,0.01,0.0
NONFIBROTIC ILD ADJUDICATED,6,1465855912,genomic,0.0625,0.006172839506172838,0.9780922677063029,0.9980107208797039,,,0.004276763573539786,153.58,7525.42,154.58,0.02,0.28328737570298945,0.03573037123070862,0.9814450061433238,0.9984829781429401,,,0.004276763573539786,153.58,7525.42,154.58,0.02,0.01111934476464252,0.00113409167320981,0.9746127652638412,0.9978946798053583,,,0.004276763573539786,153.58,7525.42,154.58,0.0625,0.98,0.02,0.0
NONFIBROTIC ILD ADJUDICATED,6,1465855912,genomic,0.0625,0.0025977408008658,0.9481546458739443,0.9979480304494044,,,0.00010407949291717243,383.95000000000005,7295.05,384.95000000000005,0.05,0.28328737570298945,0.01456595072155569,0.9532576570299862,0.9984381629428766,,,0.00010407949291717243,383.95000000000005,7295.05,384.95000000000005,0.05,0.01111934476464252,0.00113409167320981,0.9429548086311533,0.9978241496627362,,,0.00010407949291717243,383.95000000000005,7295.05,384.95000000000005,0.0625,0.95,0.05,0.0
NONFIBROTIC ILD ADJUDICATED,6,1465855912,genomic,0.0625,0.0020766117914897075,0.8982586094866797,0.9978342790274269,,,1.282157583895622e-06,767.9000000000001,6911.1,768.9000000000001,0.1,0.28328737570298945,0.0081902704126775,0.9052153638172535,0.9983553543534605,,,1.282157583895622e-06,767.9000000000001,6911.1,768.9000000000001,0.1,0.01111934476464252,0.00113409167320981,0.8912549256005101,0.9976982202699737,,,1.282157583895622e-06,767.9000000000001,6911.1,768.9000000000001,0.0625,0.9,0.1,0.0
NONFIBROTIC ILD ADJUDICATED,6,1465855912,combined,0.0,0.004651162790697675,0.9969228070175439,0.9979186507160284,,,0.31325626479089724,7.679,7671.321,7.679000000000001,0.001,0.1936076805344365,0.27753279986288915,0.9978240523900588,0.9983217773973239,,,0.31325626479089724,7.679,7671.321,7.679000000000001,0.001,0.0,0.0022036340166158913,0.9959261573425542,0.9979165721881269,,,0.31325626479089724,7.679,7671.321,7.679000000000001,0.0,0.999,0.001,0.0
NONFIBROTIC ILD ADJUDICATED,6,1465855912,combined,0.0,0.004651162790697675,0.9929311241065627,0.9979103009669136,,,0.23894409539955805,38.395,7640.605,38.395,0.005,0.1936076805344365,0.09096337749096901,0.9946798394206848,0.9983164792695998,,,0.23894409539955805,38.395,7640.605,38.395,0.005,0.0,0.0022036340166158913,0.9910909962124582,0.9979064292074967,,,0.23894409539955805,38.395,7640.605,38.395,0.0,0.995,0.005,0.0
NONFIBROTIC ILD ADJUDICATED,6,1465855912,combined,0.0,0.004651162790697675,0.9879415204678362,0.997899769099863,,,0.20831381079723738,76.79,7602.21,76.79,0.01,0.1936076805344365,0.04764340883680176,0.9903332483619185,0.9983090997612283,,,0.20831381079723738,76.79,7602.21,76.79,0.01,0.0,0.0022036340166158913,0.9854633696468871,0.9978944987549554,,,0.20831381079723738,76.79,7602.21,76.79,0.0,0.99,0.01,0.0
NONFIBROTIC ILD ADJUDICATED,6,1465855912,combined,0.0,0.004651162790697675,0.9779623131903834,0.997878383637494,,,0.1753461847938028,153.58,7525.42,153.58,0.02,0.1936076805344365,0.024402623692136836,0.9812585376413488,0.9982934825374115,,,0.1753461847938028,153.58,7525.42,153.58,0.02,0.0,0.0022036340166158913,0.9745896451187815,0.9978710571944039,,,0.1753461847938028,153.58,7525.42,153.58,0.0,0.98,0.02,0.0
NONFIBROTIC ILD ADJUDICATED,6,1465855912,combined,0.125,0.004651162790697675,0.9482846003898636,0.9980845663920145,,,0.1265750089556642,383.95000000000005,7295.05,385.95,0.05,0.36022827265758695,0.018694818983814993,0.9534176381022764,0.9986055962706862,,,0.1265750089556642,383.95000000000005,7295.05,385.95,0.05,0.03497748774324047,0.0022036340166158913,0.9430044162058977,0.9978765336539906,,,0.1265750089556642,383.95000000000005,7295.05,385.95,0.125,0.95,0.05,0.0
NONFIBROTIC ILD ADJUDICATED,6,1465855912,combined,0.1875,0.004651162790697675,0.8985185185185185,0.998122499671524,,,0.08533335328952084,767.9000000000001,6911.1,770.9000000000001,0.1,0.4300888096197414,0.011378552206133978,0.9055206039657484,0.9986917799711593,,,0.08533335328952084,767.9000000000001,6911.1,770.9000000000001,0.1,0.06591599071428142,0.0022036340166158913,0.8913688627460844,0.9978254909753369,,,0.08533335328952084,767.9000000000001,6911.1,770.9000000000001,0.1875,0.9,0.1,0.0
NONFIBROTIC ILD ADJUDICATED,7,2122967150,zebra,0.006232954545454546,0.022788203753351204,0.9969357670269952,0.9979316970482867,,,1.0,7.679,7671.321,7.778727272727273,0.001,0.20255119195260946,0.08215131198089351,0.9975426397624291,0.9983399892002138,,,1.0,7.679,7671.321,7.778727272727273,0.001,0.0011089019278920766,0.006155996512304062,0.9962284716743476,0.9979195010831878,,,1.0,7.679,7671.321,7.778727272727273,0.006232954545454546,0.999,0.001,0.0
NONFIBROTIC ILD ADJUDICATED,7,2122967150,zebra,0.03116477272727273,0.022788203753351204,0.9929959241538189,0.9979755742602767,,,1.0,38.395,7640.605,38.89363636363637,0.005,0.2383252376253013,0.08215131198089351,0.9944200355172517,0.9984094837183342,,,1.0,38.395,7640.605,38.89363636363637,0.005,0.0055445096394603835,0.0061559965123040615,0.9914553086367083,0.9979187464454051,,,1.0,38.395,7640.605,38.89363636363637,0.03116477272727273,0.995,0.005,0.0
NONFIBROTIC ILD ADJUDICATED,7,2122967150,zebra,0.06232954545454546,0.022788203753351204,0.9880711205623487,0.9980304207752643,,,1.0,76.79,7602.21,77.78727272727274,0.01,0.2830427947161661,0.08215131198089348,0.9905167802107798,0.9984963518659847,,,1.0,76.79,7602.21,77.78727272727274,0.01,0.011089019278920767,0.0061559965123040615,0.9854888548396593,0.9979178031481768,,,1.0,76.79,7602.21,77.78727272727274,0.06232954545454546,0.99,0.01,0.0
NONFIBROTIC ILD ADJUDICATED,7,2122967150,zebra,0.125,0.012855252274607112,0.9782222222222222,0.9981430932273311,,,0.9999588556085994,153.58,7525.42,155.58,0.02,0.36022827265758695,0.04565496145718123,0.981604987215614,0.9986456136722623,,,0.9999588556085994,153.58,7525.42,155.58,0.02,0.03497748774324047,0.003912792781372747,0.9746623728385856,0.9979453692670687,,,0.9999588556085994,153.58,7525.42,155.58,0.125,0.98,0.02,0.0
NONFIBROTIC ILD ADJUDICATED,7,2122967150,zebra,0.1875,0.00925925925925926,0.9484145549057831,0.9982211397005275,,,0.9985134685884728,383.95000000000005,7295.05,386.95000000000005,0.05,0.4300888096197414,0.02260544466962752,0.9535628971784811,0.9987576704700947,,,0.9985134685884728,383.95000000000005,7295.05,386.95000000000005,0.05,0.06591599071428142,0.003912792781372747,0.9430687457767276,0.9979444717873013,,,0.9985134685884728,383.95000000000005,7295.05,386.95000000000005,0.1875,0.95,0.05,0.0
NONFIBROTIC ILD ADJUDICATED,7,2122967150,zebra,0.4375,0.008990318118948822,0.8990383365821962,0.9986994407570826,,,0.9848973426694065,767.9000000000001,6911.1,774.9000000000001,0.1,0.6682144360118811,0.018528087386419218,0.9060157319738412,0.9992379761730831,,,0.9848973426694065,767.9000000000001,6911.1,774.9000000000001,0.1,0.23098652405492354,0.003912792781372747,0.89171208932613,0.9982090801546115,,,0.9848973426694065,767.9000000000001,6911.1,774.9000000000001,0.4375,0.9,0.1,0.0
NONFIBROTIC ILD ADJUDICATED,7,2122967150,genomic,0.0,0.002191445545408478,0.9969228070175439,0.9979186507160284,,,0.9999999999991682,7.679,7671.321,7.679000000000001,0.001,0.1936076805344365,0.27753279986288915,0.9978240523900588,0.9983217773973239,,,0.9999999999991682,7.679,7671.321,7.679000000000001,0.001,0.0,0.0012297022991817448,0.9959261573425542,0.9979165721881269,,,0.9999999999991682,7.679,7671.321,7.679000000000001,0.0,0.999,0.001,0.0
NONFIBROTIC ILD ADJUDICATED,7,2122967150,genomic,0.0,0.002191445545408478,0.9929311241065627,0.9979103009669136,,,0.9903558724703174,38.395,7640.605,38.395,0.005,0.1936076805344365,0.09096337749096901,0.9946798394206848,0.9983164792695998,,,0.9903558724703174,38.395,7640.605,38.395,0.005,0.0,0.0012297022991817448,0.9910909962124582,0.9979064292074967,,,0.9903558724703174,38.395,7640.605,38.395,0.0,0.995,0.005,0.0
NONFIBROTIC ILD ADJUDICATED,7,2122967150,genomic,0.0,0.002191445545408478,0.9879415204678362,0.997899769099863,,,0.0016189938495384422,76.79,7602.21,76.79,0.01,0.1936076805344365,0.04764340883680176,0.9903332483619185,0.9983090997612283,,,0.0016189938495384422,76.79,7602.21,76.79,0.01,0.0,0.0012297022991817448,0.9854633696468871,0.9978944987549554,,,0.0016189938495384422,76.79,7602.21,76.79,0.0,0.99,0.01,0.0
NONFIBROTIC ILD ADJUDICATED,7,2122967150,genomic,0.0,0.002191445545408478,0.9779623131903834,0.997878383637494,,,8.359459341735082e-09,153.58,7525.42,153.58,0.02,0.1936076805344365,0.024402623692136836,0.9812585376413488,0.9982934825374115,,,8.359459341735082e-09,153.58,7525.42,153.58,0.02,0.0,0.0012297022991817448,0.9745896451187815,0.9978710571944039,,,8.359459341735082e-09,153.58,7525.42,153.58,0.0,0.98,0.02,0.0
NONFIBROTIC ILD ADJUDICATED,7,2122967150,genomic,0.0,0.002191445545408478,0.9480246913580248,0.9978115318573644,,,2.8210745809885057e-14,383.95000000000005,7295.05,383.95000000000005,0.05,0.1936076805344365,0.009905994444976836,0.9530711885280113,0.9982430791907458,,,2.8210745809885057e-14,383.95000000000005,7295.05,383.95000000000005,0.05,0.0,0.0012297022991817448,0.9429316884860937,0.9977997374177304,,,2.8210745809885057e-14,383.95000000000005,7295.05,383.95000000000005,0.0,0.95,0.05,0.0
NONFIBROTIC ILD ADJUDICATED,7,2122967150,genomic,0.0,0.002191445545408478,0.8981286549707602,0.9976902311169167,,,4.2436287594129287e-19,767.9000000000001,6911.1,767.9000000000001,0.1,0.1936076805344365,0.00497765068583608,0.9050288953152786,0.9981499464278752,,,4.2436287594129287e-19,767.9000000000001,6911.1,767.9000000000001,0.1,0.0,0.0012297022991817448,0.8912318054554504,0.9976723984390342,,,4.2436287594129287e-19,767.9000000000001,6911.1,767.9000000000001,0.0,0.9,0.1,0.0
NONFIBROTIC ILD ADJUDICATED,7,2122967150,combined,0.0,0.0015232756859434597,0.9969228070175439,0.9979186507160284,,,0.999999999052661,7.679,7671.321,7.679000000000001,0.001,0.1936076805344365,0.27753279986288915,0.9978240523900588,0.9983217773973239,,,0.999999999052661,7.679,7671.321,7.679000000000001,0.001,0.0,0.0007442422706462975,0.9959261573425542,0.9979165721881269,,,0.999999999052661,7.679,7671.321,7.679000000000001,0.0,0.999,0.001,0.0
NONFIBROTIC ILD ADJUDICATED,7,2122967150,combined,0.0,0.0015232756859434597,0.9929311241065627,0.9979103009669136,,,0.9374552451353985,38.395,7640.605,38.395,0.005,0.1936076805344365,0.09096337749096901,0.9946798394206848,0.9983164792695998,,,0.9374552451353985,38.395,7640.605,38.395,0.005,0.0,0.0007442422706462975,0.9910909962124582,0.9979064292074967,,,0.9374552451353985,38.395,7640.605,38.395,0.0,0.995,0.005,0.0
NONFIBROTIC ILD ADJUDICATED,7,2122967150,combined,0.0,0.0015232756859434597,0.9879415204678362,0.997899769099863,,,0.05092617098387796,76.79,7602.21,76.79,0.01,0.1936076805344365,0.04764340883680176,0.9903332483619185,0.9983090997612283,,,0.05092617098387796,76.79,7602.21,76.79,0.01,0.0,0.0007442422706462975,0.9854633696468871,0.9978944987549554,,,0.05092617098387796,76.79,7602.21,76.79,0.0,0.99,0.01,0.0
NONFIBROTIC ILD ADJUDICATED,7,2122967150,combined,0.0,0.0015232756859434597,0.9779623131903834,0.997878383637494,,,2.766892391911014e-05,153.58,7525.42,153.58,0.02,0.1936076805344365,0.024402623692136836,0.9812585376413488,0.9982934825374115,,,2.766892391911014e-05,153.58,7525.42,153.58,0.02,0.0,0.0007442422706462975,0.9745896451187815,0.9978710571944039,,,2.766892391911014e-05,153.58,7525.42,153.58,0.0,0.98,0.02,0.0
NONFIBROTIC ILD ADJUDICATED,7,2122967150,combined,0.0,0.0015232756859434597,0.9480246913580248,0.9978115318573644,,,3.332346550919633e-09,383.95000000000005,7295.05,383.95000000000005,0.05,0.1936076805344365,0.009905994444976836,0.9530711885280113,0.9982430791907458,,,3.332346550919633e-09,383.95000000000005,7295.05,383.95000000000005,0.05,0.0,0.0007442422706462974,0.9429316884860937,0.9977997374177304,,,3.332346550919633e-09,383.95000000000005,7295.05,383.95000000000005,0.0,0.95,0.05,0.0
NONFIBROTIC ILD ADJUDICATED,7,2122967150,combined,0.0625,0.001523275685943459,0.8982586094866797,0.9978342790274269,,,3.460763868096856e-12,767.9000000000001,6911.1,768.9000000000001,0.1,0.28328737570298945,0.007329779726867508,0.9052153638172535,0.9983553543534605,,,3.460763868096856e-12,767.9000000000001,6911.1,768.9000000000001,0.1,0.01111934476464252,0.0007442422706462974,0.8912549256005101,0.9976982202699737,,,3.460763868096856e-12,767.9000000000001,6911.1,768.9000000000001,0.0625,0.9,0.1,0.0
NONFIBROTIC ILD ADJUDICATED,8,1841939654,zebra,0.02148973880597015,0.042857142857142844,0.9969674900352041,0.9979636332090228,,,1.0,7.678999999999999,7671.321,8.022835820895521,0.001,0.2207112415828851,0.11859668748527546,0.997593130238664,0.9983779869319519,,,1.0,7.678999999999999,7671.321,8.022835820895521,0.001,0.007554759592462194,0.014681541004111388,0.9962291435784527,0.9979330005696746,,,1.0,7.678999999999999,7671.321,8.022835820895521,0.02148973880597015,0.999,0.001,0.0
NONFIBROTIC ILD ADJUDICATED,8,1841939654,zebra,0.10744869402985074,0.042857142857142844,0.993154539194864,0.9981352550639574,,,1.0,38.394999999999996,7640.605,40.11417910447761,0.005,0.3291254857766795,0.11859668748527546,0.9946724878984263,0.998599472377025,,,1.0,38.394999999999996,7640.605,40.11417910447761,0.005,0.03777379796231097,0.014681541004111388,0.9914586681572344,0.9979862438778387,,,1.0,38.394999999999996,7640.605,40.11417910447761,0.10744869402985074,0.995,0.005,0.0
NONFIBROTIC ILD ADJUDICATED,8,1841939654,zebra,0.1875,0.03759968354430379,0.9883313840155945,0.9982928901452243,,,0.9999994961921034,76.79,7602.21,79.79,0.01,0.4300888096197414,0.1048104205234943,0.9908249570123883,0.9988043771827548,,,0.9999994961921034,76.79,7602.21,79.79,0.01,0.06591599071428142,0.012868907693511542,0.985600426937521,0.9980330119646759,,,0.9999994961921034,76.79,7602.21,79.79,0.1875,0.99,0.01,0.0
NONFIBROTIC ILD ADJUDICATED,8,1841939654,zebra,0.1875,0.019159725624693775,0.9783521767381417,0.9982755006943465,,,0.9999553658675749,153.58,7525.42,156.58,0.02,0.4300888096197414,0.054811013917662264,0.9817502462918186,0.998793328832326,,,0.9999553658675749,153.58,7525.42,156.58,0.02,0.06591599071428142,0.006537088406967185,0.9747267024094155,0.9980111094648655,,,0.9999553658675749,153.58,7525.42,156.58,0.1875,0.98,0.02,0.0
NONFIBROTIC ILD ADJUDICATED,8,1841939654,zebra,0.3125,0.012855126812074312,0.948674463937622,0.998494398476634,,,0.998544726398029,383.95000000000005,7295.05,388.95000000000005,0.05,0.5559564416525933,0.029735602917520896,0.953824610253533,0.9990317792768534,,,0.998544726398029,383.95000000000005,7295.05,388.95000000000005,0.05,0.14164643854782039,0.005345051341107874,0.9432262099957447,0.9981108079920087,,,0.998544726398029,383.95000000000005,7295.05,388.95000000000005,0.3125,0.95,0.05,0.0
NONFIBROTIC ILD ADJUDICATED,8,1841939654,zebra,0.5,0.009881422924901184,0.8991682910981157,0.9988437802582651,,,0.9865111296894321,767.9000000000001,6911.1,775.9000000000001,0.1,0.7200043638967398,0.019786712612300267,0.9061234173339656,0.9993568474598599,,,0.9865111296894321,767.9000000000001,6911.1,775.9000000000001,0.1,0.27999563610326017,0.004730746703042829,0.8918139926130401,0.9983230238026473,,,0.9865111296894321,767.9000000000001,6911.1,775.9000000000001,0.5,0.9,0.1,0.0
NONFIBROTIC ILD ADJUDICATED,8,1841939654,genomic,0.0,0.0008188567546583849,0.9969228070175439,0.9979185467957408,,,1.0,7.679,7671.321,7.679,0.001,0.1936076805344365,0.010166853665778115,0.997419473279833,0.9983210290440028,,,1.0,7.679,7671.321,7.679,0.001,0.0,0.00018720082132688416,0.9963307364527803,0.9979172914329746,,,1.0,7.679,7671.321,7.679,0.0,0.999,0.001,0.0
NONFIBROTIC ILD ADJUDICATED,8,1841939654,genomic,0.0,0.0008188567546583849,0.9929311241065627,0.9979098229975472,,,1.0,38.395,7640.605,38.395,0.005,0.1936076805344365,0.010166853665778115,0.9938042031042714,0.9983146829372792,,,1.0,38.395,7640.605,38.395,0.005,0.0,0.00018720082132688416,0.9919666325288717,0.9979076981943388,,,1.0,38.395,7640.605,38.395,0.0,0.995,0.005,0.0
NONFIBROTIC ILD ADJUDICATED,8,1841939654,genomic,0.0,0.0008188567546583849,0.9879415204678362,0.997898918249805,,,1.0,76.79,7602.21,76.79,0.01,0.1936076805344365,0.010166853665778115,0.9892851153848194,0.9983067503038748,,,1.0,76.79,7602.21,76.79,0.01,0.0,0.00018720082132688416,0.9865115026239861,0.997895706646044,,,1.0,76.79,7602.21,76.79,0.0,0.99,0.01,0.0
NONFIBROTIC ILD ADJUDICATED,8,1841939654,genomic,0.0,0.0008188567546583849,0.9779623131903834,0.9978771087543209,,,1.0,153.58,7525.42,153.58,0.02,0.1936076805344365,0.010166853665778115,0.9802469399459155,0.9982908850370659,,,1.0,153.58,7525.42,153.58,0.02,0.0,0.00018720082132688416,0.9756012428142149,0.9978717235494545,,,1.0,153.58,7525.42,153.58,0.0,0.98,0.02,0.0
NONFIBROTIC ILD ADJUDICATED,8,1841939654,genomic,0.0,0.0008188567546583848,0.9480246913580248,0.9978115318573644,,,0.007668478377777441,383.95000000000005,7295.05,383.95000000000005,0.05,0.1936076805344365,0.009905994444976836,0.9530711885280113,0.9982430791907458,,,0.007668478377777441,383.95000000000005,7295.05,383.95000000000005,0.05,0.0,0.00018720082132688416,0.9429316884860937,0.9977997374177304,,,0.007668478377777441,383.95000000000005,7295.05,383.95000000000005,0.0,0.95,0.05,0.0
NONFIBROTIC ILD ADJUDICATED,8,1841939654,genomic,0.07519893662574936,0.0008188567546583848,0.89828501403327,0.9978635522005413,,,9.543783393692279e-308,767.9000000000001,6911.1,769.103182986012,0.1,0.2929956297774665,0.008288316511639162,0.9047693839180488,0.9983767485797815,,,9.543783393692279e-308,767.9000000000001,6911.1,769.103182986012,0.1,0.021891740610933907,0.00018720082132688416,0.8917434903468536,0.9977305126878125,,,9.543783393692279e-308,767.9000000000001,6911.1,769.103182986012,0.07519893662574936,0.9,0.1,0.0
NONFIBROTIC ILD ADJUDICATED,8,1841939654,combined,0.009055424528301886,0.018518518518518514,0.9969416357105202,0.997937560463745,,,1.0,7.679,7671.321,7.823886792452831,0.001,0.2066010839155557,0.09771437488781931,0.997586768774075,0.9983484577354828,,,1.0,7.679,7671.321,7.823886792452831,0.001,0.0016110461971262247,0.0032764877182290615,0.9961938075853416,0.9979204781941725,,,1.0,7.679,7671.321,7.823886792452831,0.009055424528301886,0.999,0.001,0.0
NONFIBROTIC ILD ADJUDICATED,8,1841939654,combined,0.04527712264150943,0.018518518518518514,0.9930252675714443,0.9980048913375684,,,1.0,38.395,7640.605,39.11943396226416,0.005,0.25857469744003253,0.09771437488781931,0.9946406805754814,0.9984518263946788,,,1.0,38.395,7640.605,39.11943396226416,0.005,0.008055230985631124,0.0032764877182290615,0.9912819881916785,0.9979236320003282,,,1.0,38.395,7640.605,39.11943396226416,0.04527712264150943,0.995,0.005,0.0
NONFIBROTIC ILD ADJUDICATED,8,1841939654,combined,0.0625,0.012855477855477854,0.9880714749837557,0.9980307750419266,,,0.9999999999431987,76.79,7602.21,77.79,0.01,0.28328737570298945,0.06928778803427665,0.9905197168638934,0.9984968638056275,,,0.9999999999431987,76.79,7602.21,77.79,0.01,0.01111934476464252,0.002272923717924698,0.9854864897919468,0.9979178618026102,,,0.9999999999431987,76.79,7602.21,77.79,0.0625,0.99,0.01,0.0
NONFIBROTIC ILD ADJUDICATED,8,1841939654,combined,0.0625,0.007978723404255317,0.9780922677063029,0.9980107208797039,,,0.9965282775119213,153.58,7525.42,154.58,0.02,0.28328737570298945,0.03573037123070862,0.9814450061433238,0.9984829781429401,,,0.9965282775119213,153.58,7525.42,154.58,0.02,0.01111934476464252,0.0019305765084640647,0.9746127652638412,0.9978946798053583,,,0.9965282775119213,153.58,7525.42,154.58,0.0625,0.98,0.02,0.0
NONFIBROTIC ILD ADJUDICATED,8,1841939654,combined,0.125,0.005182020052486374,0.9482846003898636,0.9980845663920145,,,4.3080661212982175e-05,383.95000000000005,7295.05,385.95,0.05,0.36022827265758695,0.018694818983814993,0.9534176381022764,0.9986055962706862,,,4.3080661212982175e-05,383.95000000000005,7295.05,385.95,0.05,0.03497748774324047,0.0017270972760404383,0.9430044162058977,0.9978765336539906,,,4.3080661212982175e-05,383.95000000000005,7295.05,385.95,0.125,0.95,0.05,0.0
NONFIBROTIC ILD ADJUDICATED,8,1841939654,combined,0.25,0.0049180327868852455,0.898648473034438,0.9982666724411708,,,2.476892437279464e-10,767.9000000000001,6911.1,771.9,0.1,0.49498316535508774,0.013247723548346288,0.9056555369991162,0.9988405709869635,,,2.476892437279464e-10,767.9000000000001,6911.1,771.9,0.1,0.10182067491213048,0.001727097276040438,0.8914435183597512,0.9979089008146523,,,2.476892437279464e-10,767.9000000000001,6911.1,771.9,0.25,0.9,0.1,0.0
NONFIBROTIC ILD ADJUDICATED,9,2048233029,zebra,0.0137125,0.03868031854379977,0.9969513190383366,0.997947354673798,,,1.0,7.679000000000001,7671.321,7.8984000000000005,0.001,0.2118859594903461,0.10476456013093716,0.9975707000834255,0.9983595248520547,,,1.0,7.679000000000001,7671.321,7.8984000000000005,0.001,0.00383703040543348,0.014286760807524517,0.9962254933983471,0.9979252099227668,,,1.0,7.679000000000001,7671.321,7.8984000000000005,0.0137125,0.999,0.001,0.0
NONFIBROTIC ILD ADJUDICATED,9,2048233029,zebra,0.0685625,0.03868031854379977,0.9930736842105263,0.9980538623878337,,,1.0,38.395,7640.605,39.492000000000004,0.005,0.28499907531398455,0.10476456013093716,0.9945603371222341,0.9985071619775387,,,1.0,38.395,7640.605,39.492000000000004,0.005,0.0191851520271674,0.014286760807524517,0.991440417256706,0.9979472906432999,,,1.0,38.395,7640.605,39.492000000000004,0.0685625,0.995,0.005,0.0
NONFIBROTIC ILD ADJUDICATED,9,2048233029,zebra,0.1875,0.03868031854379977,0.9883313840155945,0.9982928901452243,,,0.9999995252460994,76.79,7602.21,79.79,0.01,0.4300888096197414,0.10459284633885323,0.9908249570123883,0.9988043771827548,,,0.9999995252460994,76.79,7602.21,79.79,0.01,0.06591599071428142,0.014286760807524512,0.985600426937521,0.9980330119646759,,,0.9999995252460994,76.79,7602.21,79.79,0.1875,0.99,0.01,0.0
NONFIBROTIC ILD ADJUDICATED,9,2048233029,zebra,0.25,0.02538418124647262,0.9784821312540611,0.9984079432947279,,,0.9999594007868002,153.58,7525.42,157.58,0.02,0.49498316535508774,0.0634433883036137,0.9818851793251864,0.9989305825086291,,,0.9999594007868002,153.58,7525.42,157.58,0.02,0.10182067491213048,0.009914700027544226,0.9748013580230823,0.9980874129954797,,,0.9999594007868002,153.58,7525.42,157.58,0.25,0.98,0.02,0.0
NONFIBROTIC ILD ADJUDICATED,9,2048233029,zebra,0.3125,0.012855126812074312,0.948674463937622,0.998494398476634,,,0.9983722936581216,383.95000000000005,7295.05,388.95000000000005,0.05,0.5559564416525933,0.029735602917520896,0.953824610253533,0.9990317792768534,,,0.9983722936581216,383.95000000000005,7295.05,388.95000000000005,0.05,0.14164643854782039,0.005503103986723824,0.9432262099957447,0.9981108079920087,,,0.9983722936581216,383.95000000000005,7295.05,388.95000000000005,0.3125,0.95,0.05,0.0
NONFIBROTIC ILD ADJUDICATED,9,2048233029,zebra,0.5,0.009798996224650691,0.8991682910981157,0.9988437802582651,,,0.9852913548878401,767.9000000000001,6911.1,775.9000000000001,0.1,0.7200043638967398,0.02021259151370982,0.9061234173339656,0.9993568474598599,,,0.9852913548878401,767.9000000000001,6911.1,775.9000000000001,0.1,0.27999563610326017,0.004663287739455635,0.8918139926130401,0.9983230238026473,,,0.9852913548878401,767.9000000000001,6911.1,775.9000000000001,0.5,0.9,0.1,0.0
NONFIBROTIC ILD ADJUDICATED,9,2048233029,genomic,0.0,0.002562665188256101,0.9969228070175439,0.9979186507160284,,,0.594121349822785,7.679,7671.321,7.679000000000001,0.001,0.1936076805344365,0.27753279986288915,0.9978240523900588,0.9983217773973239,,,0.594121349822785,7.679,7671.321,7.679000000000001,0.001,0.0,0.0014152034338494423,0.9959261573425542,0.9979165721881269,,,0.594121349822785,7.679,7671.321,7.679000000000001,0.0,0.999,0.001,0.0
NONFIBROTIC ILD ADJUDICATED,9,2048233029,genomic,0.0,0.0025626651882561004,0.9929311241065627,0.9979103009669136,,,0.451506340484817,38.395,7640.605,38.395,0.005,0.1936076805344365,0.09096337749096901,0.9946798394206848,0.9983164792695998,,,0.451506340484817,38.395,7640.605,38.395,0.005,0.0,0.0014152034338494423,0.9910909962124582,0.9979064292074967,,,0.451506340484817,38.395,7640.605,38.395,0.0,0.995,0.005,0.0
NONFIBROTIC ILD ADJUDICATED,9,2048233029,genomic,0.0,0.0025626651882561004,0.9879415204678362,0.997899769099863,,,0.34956810277802913,76.79,7602.21,76.79,0.01,0.1936076805344365,0.04764340883680176,0.9903332483619185,0.9983090997612283,,,0.34956810277802913,76.79,7602.21,76.79,0.01,0.0,0.0014152034338494423,0.9854633696468871,0.9978944987549554,,,0.34956810277802913,76.79,7602.21,76.79,0.0,0.99,0.01,0.0
NONFIBROTIC ILD ADJUDICATED,9,2048233029,genomic,0.0,0.0025626651882561004,0.9779623131903834,0.997878383637494,,,0.2587135724016088,153.58,7525.42,153.58,0.02,0.1936076805344365,0.024402623692136836,0.9812585376413488,0.9982934825374115,,,0.2587135724016088,153.58,7525.42,153.58,0.02,0.0,0.0014152034338494423,0.9745896451187815,0.9978710571944039,,,0.2587135724016088,153.58,7525.42,153.58,0.0,0.98,0.02,0.0
NONFIBROTIC ILD ADJUDICATED,9,2048233029,genomic,0.0,0.0025626651882561,0.9480246913580248,0.9978115318573644,,,0.16523613022325123,383.95000000000005,7295.05,383.95000000000005,0.05,0.1936076805344365,0.009905994444976836,0.9530711885280113,0.9982430791907458,,,0.16523613022325123,383.95000000000005,7295.05,383.95000000000005,0.05,0.0,0.0014152034338494423,0.9429316884860937,0.9977997374177304,,,0.16523613022325123,383.95000000000005,7295.05,383.95000000000005,0.0,0.95,0.05,0.0
NONFIBROTIC ILD ADJUDICATED,9,2048233029,genomic,0.125,0.0025626651882561,0.898388564002599,0.997978368539621,,,0.09239537055217861,767.9000000000001,6911.1,769.9000000000001,0.1,0.36022827265758695,0.0094217871067012,0.9053753448895437,0.9985316519397164,,,0.09239537055217861,767.9000000000001,6911.1,769.9000000000001,0.1,0.03497748774324047,0.0014152034338494423,0.8913045331752545,0.9977536292088469,,,0.09239537055217861,767.9000000000001,6911.1,769.9000000000001,0.125,0.9,0.1,0.0
NONFIBROTIC ILD ADJUDICATED,9,2048233029,combined,0.0,0.027777777777777776,0.9969228070175439,0.9979186507160284,,,0.9999999956239666,7.679,7671.321,7.679000000000001,0.001,0.1936076805344365,0.27753279986288915,0.9978240523900588,0.9983217773973239,,,0.9999999956239666,7.679,7671.321,7.679000000000001,0.001,0.0,0.00534327529110981,0.9959261573425542,0.9979165721881269,,,0.9999999956239666,7.679,7671.321,7.679000000000001,0.0,0.999,0.001,0.0
NONFIBROTIC ILD ADJUDICATED,9,2048233029,combined,0.0625,0.025387820512820507,0.9930610786224822,0.9980406512534066,,,0.9879784534411815,38.395,7640.605,39.395,0.005,0.28328737570298945,0.1306263979333156,0.9948663079226597,0.9985034250935446,,,0.9879784534411815,38.395,7640.605,39.395,0.005,0.01111934476464252,0.004495723819658166,0.9911141163575179,0.9979296601472057,,,0.9879784534411815,38.395,7640.605,39.395,0.0625,0.995,0.005,0.0
NONFIBROTIC ILD ADJUDICATED,9,2048233029,combined,0.0625,0.01346801346801347,0.9880714749837557,0.9980307750419266,,,0.8926984144835557,76.79,7602.21,77.79,0.01,0.28328737570298945,0.06928778803427665,0.9905197168638934,0.9984968638056275,,,0.8926984144835557,76.79,7602.21,77.79,0.01,0.01111934476464252,0.00394646668089289,0.9854864897919468,0.9979178618026102,,,0.8926984144835557,76.79,7602.21,77.79,0.0625,0.99,0.01,0.0
NONFIBROTIC ILD ADJUDICATED,9,2048233029,combined,0.125,0.01346801346801347,0.9782222222222222,0.9981430932273311,,,0.6868477712881642,153.58,7525.42,155.58,0.02,0.36022827265758695,0.04565496145718123,0.981604987215614,0.9986456136722623,,,0.6868477712881642,153.58,7525.42,155.58,0.02,0.03497748774324047,0.00394646668089289,0.9746623728385856,0.9979453692670687,,,0.6868477712881642,153.58,7525.42,155.58,0.125,0.98,0.02,0.0
NONFIBROTIC ILD ADJUDICATED,9,2048233029,combined,0.1875,0.007752942121540744,0.9484145549057831,0.9982211397005275,,,0.27011928967138166,383.95000000000005,7295.05,386.95000000000005,0.05,0.4300888096197414,0.022543277925487527,0.9535628971784811,0.9987576704700947,,,0.27011928967138166,383.95000000000005,7295.05,386.95000000000005,0.05,0.06591599071428142,0.0026401329874767582,0.9430687457767276,0.9979444717873013,,,0.27011928967138166,383.95000000000005,7295.05,386.95000000000005,0.1875,0.95,0.05,0.0
NONFIBROTIC ILD ADJUDICATED,9,2048233029,combined,0.25,0.0047043010752688165,0.898648473034438,0.9982666724411708,,,0.07257746650479896,767.9000000000001,6911.1,771.9,0.1,0.49498316535508774,0.012764666771802179,0.9056555369991162,0.9988405709869635,,,0.07257746650479896,767.9000000000001,6911.1,771.9,0.1,0.10182067491213048,0.0020832068153072026,0.8914435183597512,0.9979089008146523,,,0.07257746650479896,767.9000000000001,6911.1,771.9,0.25,0.9,0.1,0.0
NONFIBROTIC ILD ADJUDICATED,10,2044296988,zebra,0.01945692567567568,0.04771784232365145,0.9969632632632632,0.9979594120166512,,,1.0,7.679,7671.321,7.9903108108108105,0.001,0.21814739121343726,0.11849345593145517,0.9975786380116828,0.9983726484442027,,,1.0,7.679,7671.321,7.9903108108108105,0.001,0.006840120171553609,0.01844594625438378,0.9962368189325755,0.9979315323755714,,,1.0,7.679,7671.321,7.9903108108108105,0.01945692567567568,0.999,0.001,0.0
NONFIBROTIC ILD ADJUDICATED,10,2044296988,zebra,0.09728462837837838,0.04771784232365145,0.9931334053351597,0.998114149102099,,,1.0,38.395,7640.605,39.95155405405405,0.005,0.3163062339294403,0.11849345593145517,0.9946000267635202,0.9985727799382786,,,1.0,38.395,7640.605,39.95155405405405,0.005,0.03420060085776804,0.01844594625438378,0.9914970449278483,0.9979789029073226,,,1.0,38.395,7640.605,39.95155405405405,0.09728462837837838,0.995,0.005,0.0
NONFIBROTIC ILD ADJUDICATED,10,2044296988,zebra,0.25,0.047717842323651435,0.988461338531514,0.9984239993335703,25.00070873205742,0.7575757597502585,0.9999998525801176,76.79,7602.21,80.79,0.01,0.49498316535508774,0.11849345593145512,0.990959890045756,0.9989403754897662,61.823360204318725,0.9095333185639703,0.9999998525801176,76.79,7602.21,80.79,0.01,0.10182067491213048,0.018445946254383776,0.9856750825511879,0.9981084768012797,8.156724173993819,0.5090929857872679,0.9999998525801176,76.79,7602.21,80.79,0.25,0.99,0.01,0.0
NONFIBROTIC ILD ADJUDICATED,10,2044296988,zebra,0.3125,0.03153013295119815,0.9786120857699806,0.9985404210424608,,,0.999960892123583,153.58,7525.42,158.58,0.02,0.5559564416525933,0.07167869988663822,0.9820119593668706,0.9990595773512074,,,0.999960892123583,153.58,7525.42,158.58,0.02,0.14164643854782039,0.013541485060692937,0.9748841666284326,0.9981720631332242,,,0.999960892123583,153.58,7525.42,158.58,0.3125,0.98,0.02,0.0
NONFIBROTIC ILD ADJUDICATED,10,2044296988,zebra,0.4375,0.017905108531706994,0.9489343729694608,0.9987678069005536,,,0.9983722936581216,383.95000000000005,7295.05,390.95,0.05,0.6682144360118811,0.03649241268833739,0.9540580251865739,0.9992763765994236,,,0.9983722936581216,383.95000000000005,7295.05,390.95,0.05,0.23098652405492354,0.008699710575371932,0.9434119723567732,0.998307108043434,,,0.9983722936581216,383.95000000000005,7295.05,390.95,0.4375,0.95,0.05,0.0
NONFIBROTIC ILD ADJUDICATED,10,2044296988,zebra,0.5625,0.011584504239143412,0.899298245614035,0.9989881614875237,,,0.9857469511841599,767.9000000000001,6911.1,776.9,0.1,0.7690134759450765,0.02186886262378031,0.9062253206208758,0.9994693621027952,,,0.9857469511841599,767.9000000000001,6911.1,776.9,0.1,0.331785563988119,0.006106418824504645,0.8919216779731646,0.9984434609756947,,,0.9857469511841599,767.9000000000001,6911.1,776.9,0.5625,0.9,0.1,0.0
NONFIBROTIC ILD ADJUDICATED,10,2044296988,genomic,0.0,0.0017968601341368737,0.9969228070175439,0.9979186171396521,,,1.0,7.679,7671.321,7.679,0.001,0.1936076805344365,0.028701561194431426,0.9974817693554575,0.9983211830305064,,,1.0,7.679,7671.321,7.679,0.001,0.0,0.0009181401344583998,0.9962684403771557,0.9979172414506083,,,1.0,7.679,7671.321,7.679,0.0,0.999,0.001,0.0
NONFIBROTIC ILD ADJUDICATED,10,2044296988,genomic,0.0,0.0017968601341368737,0.9929311241065627,0.9979101747171042,,,1.0,38.395,7640.605,38.395,0.005,0.1936076805344365,0.028701561194431426,0.994115683482394,0.9983154528697974,,,1.0,38.395,7640.605,38.395,0.005,0.0,0.0009181401344583996,0.9916551521507491,0.9979074482825073,,,1.0,38.395,7640.605,38.395,0.0,0.995,0.005,0.0
NONFIBROTIC ILD ADJUDICATED,10,2044296988,genomic,0.0,0.0017968601341368737,0.9879415204678362,0.9978996216889192,,,1.0,76.79,7602.21,76.79,0.01,0.1936076805344365,0.028701561194431426,0.9899080761410647,0.9983082901689111,,,1.0,76.79,7602.21,76.79,0.01,0.0,0.0009181401344583996,0.9858885418677409,0.9978952068223811,,,1.0,76.79,7602.21,76.79,0.0,0.99,0.01,0.0
NONFIBROTIC ILD ADJUDICATED,10,2044296988,genomic,0.0,0.0017968601341368737,0.9779623131903834,0.997878383637494,,,9.2008606713831e-06,153.58,7525.42,153.58,0.02,0.1936076805344365,0.024402623692136836,0.9812585376413488,0.9982934825374115,,,9.2008606713831e-06,153.58,7525.42,153.58,0.02,0.0,0.0009181401344583996,0.9745896451187815,0.9978710571944039,,,9.2008606713831e-06,153.58,7525.42,153.58,0.0,0.98,0.02,0.0
NONFIBROTIC ILD ADJUDICATED,10,2044296988,genomic,0.0,0.0017968601341368737,0.9480246913580248,0.9978115318573644,,,8.324912016345188e-13,383.95000000000005,7295.05,383.95000000000005,0.05,0.1936076805344365,0.009905994444976836,0.9530711885280113,0.9982430791907458,,,8.324912016345188e-13,383.95000000000005,7295.05,383.95000000000005,0.05,0.0,0.0009181401344583995,0.9429316884860937,0.9977997374177304,,,8.324912016345188e-13,383.95000000000005,7295.05,383.95000000000005,0.0,0.95,0.05,0.0
NONFIBROTIC ILD ADJUDICATED,10,2044296988,genomic,0.0,0.0017968601341368737,0.8981286549707602,0.9976902311169167,,,2.1786189679915386e-34,767.9000000000001,6911.1,767.9000000000001,0.1,0.1936076805344365,0.00497765068583608,0.9050288953152786,0.9981499464278752,,,2.1786189679915386e-34,767.9000000000001,6911.1,767.9000000000001,0.1,0.0,0.0009181401344583995,0.8912318054554504,0.9976723984390342,,,2.1786189679915386e-34,767.9000000000001,6911.1,767.9000000000001,0.0,0.9,0.1,0.0
NONFIBROTIC ILD ADJUDICATED,10,2044296988,combined,0.0,0.006891279187062659,0.9969228070175439,0.9979186507160284,,,0.6023389843663898,7.679,7671.321,7.679000000000001,0.001,0.1936076805344365,0.27753279986288915,0.9978240523900588,0.9983217773973239,,,0.6023389843663898,7.679,7671.321,7.679000000000001,0.001,0.0,0.002938531867674002,0.9959261573425542,0.9979165721881269,,,0.6023389843663898,7.679,7671.321,7.679000000000001,0.0,0.999,0.001,0.0
NONFIBROTIC ILD ADJUDICATED,10,2044296988,combined,0.0,0.006891279187062659,0.9929311241065627,0.9979103009669136,,,0.36533852586508286,38.395,7640.605,38.395,0.005,0.1936076805344365,0.09096337749096901,0.9946798394206848,0.9983164792695998,,,0.36533852586508286,38.395,7640.605,38.395,0.005,0.0,0.0029385318676740015,0.9910909962124582,0.9979064292074967,,,0.36533852586508286,38.395,7640.605,38.395,0.0,0.995,0.005,0.0
NONFIBROTIC ILD ADJUDICATED,10,2044296988,combined,0.0,0.006891279187062659,0.9879415204678362,0.997899769099863,,,0.3001180078427954,76.79,7602.21,76.79,0.01,0.1936076805344365,0.04764340883680176,0.9903332483619185,0.9983090997612283,,,0.3001180078427954,76.79,7602.21,76.79,0.01,0.0,0.0029385318676740015,0.9854633696468871,0.9978944987549554,,,0.3001180078427954,76.79,7602.21,76.79,0.0,0.99,0.01,0.0
NONFIBROTIC ILD ADJUDICATED,10,2044296988,combined,0.0,0.006891279187062659,0.9779623131903834,0.997878383637494,,,0.2212514627727484,153.58,7525.42,153.58,0.02,0.1936076805344365,0.028967622280272786,0.9812585376413488,0.9982934825374115,,,0.2212514627727484,153.58,7525.42,153.58,0.02,0.0,0.002938531867674001,0.9745896451187815,0.9978710571944039,,,0.2212514627727484,153.58,7525.42,153.58,0.0,0.98,0.02,0.0
NONFIBROTIC ILD ADJUDICATED,10,2044296988,combined,0.1875,0.006891279187062659,0.9484145549057831,0.9982211397005275,,,0.12542681154028895,383.95000000000005,7295.05,386.95000000000005,0.05,0.4300888096197414,0.022543277925487527,0.9535628971784811,0.9987576704700947,,,0.12542681154028895,383.95000000000005,7295.05,386.95000000000005,0.05,0.06591599071428142,0.002938531867674001,0.9430687457767276,0.9979444717873013,,,0.12542681154028895,383.95000000000005,7295.05,386.95000000000005,0.1875,0.95,0.05,0.0
NONFIBROTIC ILD ADJUDICATED,10,2044296988,combined,0.25,0.0058601925491837585,0.898648473034438,0.9982666724411708,,,0.06712405185532441,767.9000000000001,6911.1,771.9,0.1,0.49498316535508774,0.014050093855991732,0.9056555369991162,0.9988405709869635,,,0.06712405185532441,767.9000000000001,6911.1,771.9,0.1,0.10182067491213048,0.0029385318676740007,0.8914435183597512,0.9979089008146523,,,0.06712405185532441,767.9000000000001,6911.1,771.9,0.25,0.9,0.1,0.0
NONFIBROTIC ILD ADJUDICATED,11,1525056890,zebra,0.006314967105263158,0.012987012987012986,0.9969359375534352,0.9979318675002729,,,1.0,7.679,7671.321,7.7800394736842104,0.001,0.20266886973442752,0.06996198914680525,0.9975440527047384,0.9983402355150331,,,1.0,7.679,7671.321,7.7800394736842104,0.001,0.0011234927427327618,0.00344226128484887,0.9962273337544613,0.9979195293042026,,,1.0,7.679,7671.321,7.7800394736842104,0.006314967105263158,0.999,0.001,0.0
NONFIBROTIC ILD ADJUDICATED,11,1525056890,zebra,0.031574835526315785,0.012987012987012984,0.9929967767860197,0.9979764265202078,,,1.0,38.395,7640.605,38.900197368421054,0.005,0.23891362653439163,0.06996198914680522,0.9944271002287988,0.9984107152924311,,,1.0,38.395,7640.605,38.900197368421054,0.005,0.00561746371366381,0.00344226128484887,0.9914496190372771,0.9979188875504785,,,1.0,38.395,7640.605,38.900197368421054,0.031574835526315785,0.995,0.005,0.0
NONFIBROTIC ILD ADJUDICATED,11,1525056890,zebra,0.0625,0.012855477855477854,0.9880714749837557,0.9980307750419266,6.250177183014355,0.9469696996878232,0.9999999963142043,76.79,7602.21,77.79,0.01,0.28328737570298945,0.06928778803427665,0.9905197168638934,0.9984968638056275,35.38257196455998,1.0013812151954593,0.9999999963142043,76.79,7602.21,77.79,0.01,0.01111934476464252,0.00344226128484887,0.9854864897919468,0.9979178618026102,0.8907565022428068,0.7224974393404994,0.9999999963142043,76.79,7602.21,77.79,0.0625,0.99,0.01,0.0
NONFIBROTIC ILD ADJUDICATED,11,1525056890,zebra,0.0625,0.008549098297768298,0.9780922677063029,0.9980107208797039,,,0.9999669360870458,153.58,7525.42,154.58,0.02,0.28328737570298945,0.03573037123070862,0.9814450061433238,0.9984829781429401,,,0.9999669360870458,153.58,7525.42,154.58,0.02,0.01111934476464252,0.00344226128484887,0.9746127652638412,0.9978946798053583,,,0.9999669360870458,153.58,7525.42,154.58,0.0625,0.98,0.02,0.0
NONFIBROTIC ILD ADJUDICATED,11,1525056890,zebra,0.1875,0.008549098297768296,0.9484145549057831,0.9982211397005275,,,0.9983502639848787,383.95000000000005,7295.05,386.95000000000005,0.05,0.4300888096197414,0.023647087211890887,0.9535628971784811,0.9987576704700947,,,0.9983502639848787,383.95000000000005,7295.05,386.95000000000005,0.05,0.06591599071428142,0.00344226128484887,0.9430687457767276,0.9979444717873013,,,0.9983502639848787,383.95000000000005,7295.05,386.95000000000005,0.1875,0.95,0.05,0.0
NONFIBROTIC ILD ADJUDICATED,11,1525056890,zebra,0.375,0.00775294082252775,0.8989083820662768,0.9985551429658889,,,0.9848364019099929,767.9000000000001,6911.1,773.9000000000001,0.1,0.6135895945449727,0.016810597897476687,0.9059021520565611,0.9991126286654177,,,0.9848364019099929,767.9000000000001,6911.1,773.9000000000001,0.1,0.18481232558863633,0.0034422612848488696,0.8916160805963755,0.998101751327957,,,0.9848364019099929,767.9000000000001,6911.1,773.9000000000001,0.375,0.9,0.1,0.0
NONFIBROTIC ILD ADJUDICATED,11,1525056890,genomic,0.0,0.004273504273504273,0.9969228070175439,0.9979186507160284,,,0.5219545239567795,7.679,7671.321,7.679000000000001,0.001,0.1936076805344365,0.27753279986288915,0.9978240523900588,0.9983217773973239,,,0.5219545239567795,7.679,7671.321,7.679000000000001,0.001,0.0,0.001629597396078229,0.9959261573425542,0.9979165721881269,,,0.5219545239567795,7.679,7671.321,7.679000000000001,0.0,0.999,0.001,0.0
NONFIBROTIC ILD ADJUDICATED,11,1525056890,genomic,0.0,0.004273504273504273,0.9929311241065627,0.9979103009669136,,,0.26325842327519905,38.395,7640.605,38.395,0.005,0.1936076805344365,0.09096337749096901,0.9946798394206848,0.9983164792695998,,,0.26325842327519905,38.395,7640.605,38.395,0.005,0.0,0.001629597396078229,0.9910909962124582,0.9979064292074967,,,0.26325842327519905,38.395,7640.605,38.395,0.0,0.995,0.005,0.0
NONFIBROTIC ILD ADJUDICATED,11,1525056890,genomic,0.0,0.004273504273504273,0.9879415204678362,0.997899769099863,,,0.16007035722210688,76.79,7602.21,76.79,0.01,0.1936076805344365,0.04764340883680176,0.9903332483619185,0.9983090997612283,,,0.16007035722210688,76.79,7602.21,76.79,0.01,0.0,0.001629597396078229,0.9854633696468871,0.9978944987549554,,,0.16007035722210688,76.79,7602.21,76.79,0.0,0.99,0.01,0.0
NONFIBROTIC ILD ADJUDICATED,11,1525056890,genomic,0.0625,0.004273504273504272,0.9780922677063029,0.9980107208797039,,,0.08269365555985253,153.58,7525.42,154.58,0.02,0.28328737570298945,0.03573037123070862,0.9814450061433238,0.9984829781429401,,,0.08269365555985253,153.58,7525.42,154.58,0.02,0.01111934476464252,0.001629597396078229,0.9746127652638412,0.9978946798053583,,,0.08269365555985253,153.58,7525.42,154.58,0.0625,0.98,0.02,0.0
NONFIBROTIC ILD ADJUDICATED,11,1525056890,genomic,0.0625,0.0038679726660596917,0.9481546458739443,0.9979480304494044,,,0.03340453318347988,383.95000000000005,7295.05,384.95000000000005,0.05,0.28328737570298945,0.016235682290144167,0.9532576570299862,0.9984381629428766,,,0.03340453318347988,383.95000000000005,7295.05,384.95000000000005,0.05,0.01111934476464252,0.001629597396078229,0.9429548086311533,0.9978241496627362,,,0.03340453318347988,383.95000000000005,7295.05,384.95000000000005,0.0625,0.95,0.05,0.0
NONFIBROTIC ILD ADJUDICATED,11,1525056890,genomic,0.1875,0.0038679726660596917,0.8985185185185185,0.998122499671524,,,0.014914617040601935,767.9000000000001,6911.1,770.9000000000001,0.1,0.4300888096197414,0.011326257330630838,0.9055206039657484,0.9986917799711593,,,0.014914617040601935,767.9000000000001,6911.1,770.9000000000001,0.1,0.06591599071428142,0.001629597396078229,0.8913688627460844,0.9978254909753369,,,0.014914617040601935,767.9000000000001,6911.1,770.9000000000001,0.1875,0.9,0.1,0.0
NONFIBROTIC ILD ADJUDICATED,11,1525056890,combined,0.0,0.03125,0.9969228070175439,0.9979186507160284,,,0.6155484555071549,7.679,7671.321,7.679000000000001,0.001,0.1936076805344365,0.27753279986288915,0.9978240523900588,0.9983217773973239,,,0.6155484555071549,7.679,7671.321,7.679000000000001,0.001,0.0,0.006174940530828455,0.9959261573425542,0.9979165721881269,,,0.6155484555071549,7.679,7671.321,7.679000000000001,0.0,0.999,0.001,0.0
NONFIBROTIC ILD ADJUDICATED,11,1525056890,combined,0.0625,0.025387820512820507,0.9930610786224822,0.9980406512534066,,,0.5036649214767026,38.395,7640.605,39.395,0.005,0.28328737570298945,0.1306263979333156,0.9948663079226597,0.9985034250935446,,,0.5036649214767026,38.395,7640.605,39.395,0.005,0.01111934476464252,0.004558862946558841,0.9911141163575179,0.9979296601472057,,,0.5036649214767026,38.395,7640.605,39.395,0.0625,0.995,0.005,0.0
NONFIBROTIC ILD ADJUDICATED,11,1525056890,combined,0.0625,0.01595744680851064,0.9880714749837557,0.9980307750419266,,,0.3955779473586743,76.79,7602.21,77.79,0.01,0.28328737570298945,0.06928778803427665,0.9905197168638934,0.9984968638056275,,,0.3955779473586743,76.79,7602.21,77.79,0.01,0.01111934476464252,0.004558862946558841,0.9854864897919468,0.9979178618026102,,,0.3955779473586743,76.79,7602.21,77.79,0.0625,0.99,0.01,0.0
NONFIBROTIC ILD ADJUDICATED,11,1525056890,combined,0.125,0.012855252274607112,0.9782222222222222,0.9981430932273311,,,0.3303197414624297,153.58,7525.42,155.58,0.02,0.36022827265758695,0.04565496145718123,0.981604987215614,0.9986456136722623,,,0.3303197414624297,153.58,7525.42,155.58,0.02,0.03497748774324047,0.004558862946558841,0.9746623728385856,0.9979453692670687,,,0.3303197414624297,153.58,7525.42,155.58,0.125,0.98,0.02,0.0
NONFIBROTIC ILD ADJUDICATED,11,1525056890,combined,0.3125,0.011679636750173882,0.948674463937622,0.998494398476634,,,0.22498300547725572,383.95000000000005,7295.05,388.95000000000005,0.05,0.5559564416525933,0.02973256136230351,0.953824610253533,0.9990317792768534,,,0.22498300547725572,383.95000000000005,7295.05,388.95000000000005,0.05,0.14164643854782039,0.004558862946558841,0.9432262099957447,0.9981108079920087,,,0.22498300547725572,383.95000000000005,7295.05,388.95000000000005,0.3125,0.95,0.05,0.0
NONFIBROTIC ILD ADJUDICATED,11,1525056890,combined,0.4375,0.009033425022922396,0.8990383365821962,0.9986994407570826,,,0.14180230378874936,767.9000000000001,6911.1,774.9000000000001,0.1,0.6682144360118811,0.018528087386419218,0.9060157319738412,0.9992379761730831,,,0.14180230378874936,767.9000000000001,6911.1,774.9000000000001,0.1,0.23098652405492354,0.0043825478046784294,0.89171208932613,0.9982090801546115,,,0.14180230378874936,767.9000000000001,6911.1,774.9000000000001,0.4375,0.9,0.1,0.0
NONFIBROTIC ILD ADJUDICATED,12,1102241896,zebra,0.012306089743589745,0.03546336567413851,0.9969483947285117,0.9979444337598496,,,1.0,7.679,7671.321,7.875897435897437,0.001,0.2100112642128169,0.09772884838568899,0.9975570037363448,0.9983556163225222,,,1.0,7.679,7671.321,7.875897435897437,0.001,0.0034434888253890203,0.013113014172957096,0.9962344734634627,0.9979244099414144,,,1.0,7.679,7671.321,7.875897435897437,0.012306089743589745,0.999,0.001,0.0
NONFIBROTIC ILD ADJUDICATED,12,1102241896,zebra,0.06153044871794872,0.03546336567413851,0.9930590626614019,0.9980392578180916,,,1.0,38.395,7640.605,39.379487179487185,0.005,0.2756255989263386,0.09772884838568899,0.9944918553868307,0.9984876193298766,,,1.0,38.395,7640.605,39.379487179487185,0.005,0.017217444126945102,0.013113014172957096,0.991485317582284,0.9979432907365375,,,1.0,38.395,7640.605,39.379487179487185,0.06153044871794872,0.995,0.005,0.0
NONFIBROTIC ILD ADJUDICATED,12,1102241896,zebra,0.12306089743589745,0.03546336567413851,0.9881973975775146,0.9981577878908938,,,1.0,76.79,7602.21,78.75897435897437,0.01,0.3576435173182406,0.09772884838568899,0.990660419949938,0.9986526230890695,,,1.0,76.79,7602.21,78.75897435897437,0.01,0.034434888253890204,0.013113014172957096,0.9855488727308107,0.9979668917304415,,,1.0,76.79,7602.21,78.75897435897437,0.12306089743589745,0.99,0.01,0.0
NONFIBROTIC ILD ADJUDICATED,12,1102241896,zebra,0.25,0.02538418124647262,0.9784821312540611,0.9984079432947279,,,0.999959539119601,153.58,7525.42,157.58,0.02,0.49498316535508774,0.0634433883036137,0.9818851793251864,0.9989305825086291,,,0.999959539119601,153.58,7525.42,157.58,0.02,0.10182067491213048,0.009914700027544226,0.9748013580230823,0.9980874129954797,,,0.999959539119601,153.58,7525.42,157.58,0.25,0.98,0.02,0.0
NONFIBROTIC ILD ADJUDICATED,12,1102241896,zebra,0.25,0.011001100110011004,0.9485445094217025,0.9983577503902842,,,0.9985635727801278,383.95000000000005,7295.05,387.95000000000005,0.05,0.49498316535508774,0.026207195109994398,0.9536978302118488,0.9988989756612178,,,0.9985635727801278,383.95000000000005,7295.05,387.95000000000005,0.05,0.10182067491213048,0.004851622356432779,0.9431434013903944,0.9980233268003532,,,0.9985635727801278,383.95000000000005,7295.05,387.95000000000005,0.25,0.95,0.05,0.0
NONFIBROTIC ILD ADJUDICATED,12,1102241896,zebra,0.5,0.01010830324909747,0.8991682910981157,0.9988437802582651,,,0.9857469511841599,767.9000000000001,6911.1,775.9000000000001,0.1,0.7200043638967398,0.02021259151370982,0.9061234173339656,0.9993568474598599,,,0.9857469511841599,767.9000000000001,6911.1,775.9000000000001,0.1,0.27999563610326017,0.004851622356432779,0.8918139926130401,0.9983230238026473,,,0.9857469511841599,767.9000000000001,6911.1,775.9000000000001,0.5,0.9,0.1,0.0
NONFIBROTIC ILD ADJUDICATED,12,1102241896,genomic,0.003136846405228758,0.010232166564129133,0.9969293293752416,0.997925252139019,,,1.0,7.679,7671.321,7.7291895424836605,0.001,0.19810866340502029,0.035861209025453665,0.9974796694035181,0.9983306694872994,,,1.0,7.679,7671.321,7.7291895424836605,0.001,0.0005580748264554895,0.0032282699183700378,0.9962810594873995,0.9979184432790769,,,1.0,7.679,7671.321,7.7291895424836605,0.003136846405228758,0.999,0.001,0.0
NONFIBROTIC ILD ADJUDICATED,12,1102241896,genomic,0.01568423202614379,0.010232166564129133,0.9929637358950512,0.9979433497139383,,,1.0,38.395,7640.605,38.645947712418305,0.005,0.2161125948873554,0.035861209025453665,0.994105183722697,0.9983628851537624,,,1.0,38.395,7640.605,38.645947712418305,0.005,0.0027903741322774477,0.0032282699183700378,0.9917182477019684,0.9979134574248503,,,1.0,38.395,7640.605,38.645947712418305,0.01568423202614379,0.995,0.005,0.0
NONFIBROTIC ILD ADJUDICATED,12,1102241896,genomic,0.03136846405228758,0.01023216656412913,0.9880067440448131,0.9979659716825874,,,1.0,76.79,7602.21,77.29189542483661,0.01,0.2386175092402743,0.035861209025453665,0.9898870766216706,0.9984031547368412,,,1.0,76.79,7602.21,77.29189542483661,0.01,0.005580748264554895,0.0032282699183700378,0.9860147329701794,0.997907225107067,,,1.0,76.79,7602.21,77.29189542483661,0.03136846405228758,0.99,0.01,0.0
NONFIBROTIC ILD ADJUDICATED,12,1102241896,genomic,0.0625,0.01023216656412913,0.9780922677063029,0.9980107208797039,,,0.9999999999999999,153.58,7525.42,154.58,0.02,0.28328737570298945,0.03573037123070862,0.9814450061433238,0.9984829781429401,,,0.9999999999999999,153.58,7525.42,154.58,0.02,0.01111934476464252,0.0032282699183700378,0.9746127652638412,0.9978946798053583,,,0.9999999999999999,153.58,7525.42,154.58,0.0625,0.98,0.02,0.0
NONFIBROTIC ILD ADJUDICATED,12,1102241896,genomic,0.1875,0.007752942121540744,0.9484145549057831,0.9982211397005275,,,7.79308028825297e-74,383.95000000000005,7295.05,386.95000000000005,0.05,0.4300888096197414,0.022543277925487527,0.9535628971784811,0.9987576704700947,,,7.79308028825297e-74,383.95000000000005,7295.05,386.95000000000005,0.05,0.06591599071428142,0.0026401329874767582,0.9430687457767276,0.9979444717873013,,,7.79308028825297e-74,383.95000000000005,7295.05,386.95000000000005,0.1875,0.95,0.05,0.0
NONFIBROTIC ILD ADJUDICATED,12,1102241896,genomic,0.1875,0.0042270531400966154,0.8985185185185185,0.998122499671524,,,8.326359231765792e-151,767.9000000000001,6911.1,770.9000000000001,0.1,0.4300888096197414,0.011476610310595322,0.9055206039657484,0.9986917799711593,,,8.326359231765792e-151,767.9000000000001,6911.1,770.9000000000001,0.1,0.06591599071428142,0.001556556540708286,0.8913688627460844,0.9978254909753369,,,8.326359231765792e-151,767.9000000000001,6911.1,770.9000000000001,0.1875,0.9,0.1,0.0
NONFIBROTIC ILD ADJUDICATED,12,1102241896,combined,0.0,0.007575757575757584,0.9969228070175439,0.9979186507160284,,,0.85618852552201,7.679,7671.321,7.679000000000001,0.001,0.1936076805344365,0.27753279986288915,0.9978240523900588,0.9983217773973239,,,0.85618852552201,7.679,7671.321,7.679000000000001,0.001,0.0,0.0032317885281938873,0.9959261573425542,0.9979165721881269,,,0.85618852552201,7.679,7671.321,7.679000000000001,0.0,0.999,0.001,0.0
NONFIBROTIC ILD ADJUDICATED,12,1102241896,combined,0.0,0.007575757575757584,0.9929311241065627,0.9979103009669136,,,0.7232873014894868,38.395,7640.605,38.395,0.005,0.1936076805344365,0.09096337749096901,0.9946798394206848,0.9983164792695998,,,0.7232873014894868,38.395,7640.605,38.395,0.005,0.0,0.0032317885281938873,0.9910909962124582,0.9979064292074967,,,0.7232873014894868,38.395,7640.605,38.395,0.0,0.995,0.005,0.0
NONFIBROTIC ILD ADJUDICATED,12,1102241896,combined,0.0,0.007575757575757584,0.9879415204678362,0.997899769099863,,,0.6250415545895648,76.79,7602.21,76.79,0.01,0.1936076805344365,0.04764340883680176,0.9903332483619185,0.9983090997612283,,,0.6250415545895648,76.79,7602.21,76.79,0.01,0.0,0.0032317885281938873,0.9854633696468871,0.9978944987549554,,,0.6250415545895648,76.79,7602.21,76.79,0.0,0.99,0.01,0.0
NONFIBROTIC ILD ADJUDICATED,12,1102241896,combined,0.0625,0.007575757575757584,0.9780922677063029,0.9980107208797039,,,0.5109163637623205,153.58,7525.42,154.58,0.02,0.28328737570298945,0.03573037123070862,0.9814450061433238,0.9984829781429401,,,0.5109163637623205,153.58,7525.42,154.58,0.02,0.01111934476464252,0.0032317885281938864,0.9746127652638412,0.9978946798053583,,,0.5109163637623205,153.58,7525.42,154.58,0.0625,0.98,0.02,0.0
NONFIBROTIC ILD ADJUDICATED,12,1102241896,combined,0.125,0.007575757575757584,0.9482846003898636,0.9980845663920145,,,0.3283226572571839,383.95000000000005,7295.05,385.95,0.05,0.36022827265758695,0.02146335986873926,0.9534176381022764,0.9986055962706862,,,0.3283226572571839,383.95000000000005,7295.05,385.95,0.05,0.03497748774324047,0.0032317885281938864,0.9430044162058977,0.9978765336539906,,,0.3283226572571839,383.95000000000005,7295.05,385.95,0.125,0.95,0.05,0.0
NONFIBROTIC ILD ADJUDICATED,12,1102241896,combined,0.375,0.007575757575757584,0.8989083820662768,0.9985551429658889,,,0.20688548256652828,767.9000000000001,6911.1,773.9000000000001,0.1,0.6135895945449727,0.0172365025473256,0.9059021520565611,0.9991126286654177,,,0.20688548256652828,767.9000000000001,6911.1,773.9000000000001,0.1,0.18481232558863633,0.0032317885281938864,0.8916160805963755,0.998101751327957,,,0.20688548256652828,767.9000000000001,6911.1,773.9000000000001,0.375,0.9,0.1,0.0
NONFIBROTIC ILD ADJUDICATED,13,917719314,zebra,0.02056875,0.0410958904109589,0.996965575048733,0.997961720789091,,,1.0,7.679000000000001,7671.321,8.008099999999999,0.001,0.21954966039509444,0.1140009162629833,0.9975866350040852,0.9983755683763822,,,1.0,7.679000000000001,7671.321,8.008099999999999,0.001,0.007230984181356672,0.014073940353920586,0.9962325503522671,0.9979323353029154,,,1.0,7.679000000000001,7671.321,8.008099999999999,0.02056875,0.999,0.001,0.0
NONFIBROTIC ILD ADJUDICATED,13,917719314,zebra,0.10284375000000001,0.0410958904109589,0.9931449642625081,0.998125692964298,,,1.0,38.395,7640.605,40.0405,0.005,0.32331757983772624,0.1140009162629833,0.9946400117255324,0.9985873795991761,,,1.0,38.395,7640.605,40.0405,0.005,0.036154920906783364,0.014073940353920586,0.9914757020263062,0.9979829175440423,,,1.0,38.395,7640.605,40.0405,0.10284375000000001,0.995,0.005,0.0
NONFIBROTIC ILD ADJUDICATED,13,917719314,zebra,0.1875,0.03759968354430379,0.9883313840155945,0.9982928901452243,,,0.9999997914567248,76.79,7602.21,79.79,0.01,0.4300888096197414,0.1048104205234943,0.9908249570123883,0.9988043771827548,,,0.9999997914567248,76.79,7602.21,79.79,0.01,0.06591599071428142,0.013643378751876972,0.985600426937521,0.9980330119646759,,,0.9999997914567248,76.79,7602.21,79.79,0.1875,0.99,0.01,0.0
NONFIBROTIC ILD ADJUDICATED,13,917719314,zebra,0.25,0.02538418124647262,0.9784821312540611,0.9984079432947279,,,0.9999620073151951,153.58,7525.42,157.58,0.02,0.49498316535508774,0.0634433883036137,0.9818851793251864,0.9989305825086291,,,0.9999620073151951,153.58,7525.42,157.58,0.02,0.10182067491213048,0.009914700027544226,0.9748013580230823,0.9980874129954797,,,0.9999620073151951,153.58,7525.42,157.58,0.25,0.98,0.02,0.0
NONFIBROTIC ILD ADJUDICATED,13,917719314,zebra,0.3125,0.012855126812074312,0.948674463937622,0.998494398476634,,,0.9983755617338375,383.95000000000005,7295.05,388.95000000000005,0.05,0.5559564416525933,0.029735602917520896,0.953824610253533,0.9990317792768534,,,0.9983755617338375,383.95000000000005,7295.05,388.95000000000005,0.05,0.14164643854782039,0.00553848102200909,0.9432262099957447,0.9981108079920087,,,0.9983755617338375,383.95000000000005,7295.05,388.95000000000005,0.3125,0.95,0.05,0.0
NONFIBROTIC ILD ADJUDICATED,13,917719314,zebra,0.4375,0.008940852819807426,0.8990383365821962,0.9986994407570826,,,0.9850556341727383,767.9000000000001,6911.1,774.9000000000001,0.1,0.6682144360118811,0.018528087386419218,0.9060157319738412,0.9992379761730831,,,0.9850556341727383,767.9000000000001,6911.1,774.9000000000001,0.1,0.23098652405492354,0.004229749290060919,0.89171208932613,0.9982090801546115,,,0.9850556341727383,767.9000000000001,6911.1,774.9000000000001,0.4375,0.9,0.1,0.0
NONFIBROTIC ILD ADJUDICATED,13,917719314,genomic,0.0,0.0033210332103321065,0.9969228070175439,0.9979186507160284,,,0.9303933343891273,7.679,7671.321,7.679000000000001,0.001,0.1936076805344365,0.27753279986288915,0.9978240523900588,0.9983217773973239,,,0.9303933343891273,7.679,7671.321,7.679000000000001,0.001,0.0,0.0015788509269913818,0.9959261573425542,0.9979165721881269,,,0.9303933343891273,7.679,7671.321,7.679000000000001,0.0,0.999,0.001,0.0
NONFIBROTIC ILD ADJUDICATED,13,917719314,genomic,0.0,0.0033210332103321065,0.9929311241065627,0.9979103009669136,,,0.8083502228316303,38.395,7640.605,38.395,0.005,0.1936076805344365,0.09096337749096901,0.9946798394206848,0.9983164792695998,,,0.8083502228316303,38.395,7640.605,38.395,0.005,0.0,0.0015788509269913818,0.9910909962124582,0.9979064292074967,,,0.8083502228316303,38.395,7640.605,38.395,0.0,0.995,0.005,0.0
NONFIBROTIC ILD ADJUDICATED,13,917719314,genomic,0.0,0.0033210332103321065,0.9879415204678362,0.997899769099863,,,0.7324046681331032,76.79,7602.21,76.79,0.01,0.1936076805344365,0.04764340883680176,0.9903332483619185,0.9983090997612283,,,0.7324046681331032,76.79,7602.21,76.79,0.01,0.0,0.0015788509269913818,0.9854633696468871,0.9978944987549554,,,0.7324046681331032,76.79,7602.21,76.79,0.0,0.99,0.01,0.0
NONFIBROTIC ILD ADJUDICATED,13,917719314,genomic,0.0,0.0033210332103321065,0.9779623131903834,0.997878383637494,,,0.6328499315074771,153.58,7525.42,153.58,0.02,0.1936076805344365,0.024402623692136836,0.9812585376413488,0.9982934825374115,,,0.6328499315074771,153.58,7525.42,153.58,0.02,0.0,0.0015788509269913818,0.9745896451187815,0.9978710571944039,,,0.6328499315074771,153.58,7525.42,153.58,0.0,0.98,0.02,0.0
NONFIBROTIC ILD ADJUDICATED,13,917719314,genomic,0.0,0.0033210332103321065,0.9480246913580248,0.9978115318573644,,,0.426313102750317,383.95000000000005,7295.05,383.95000000000005,0.05,0.1936076805344365,0.009905994444976836,0.9530711885280113,0.9982430791907458,,,0.426313102750317,383.95000000000005,7295.05,383.95000000000005,0.05,0.0,0.0015788509269913818,0.9429316884860937,0.9977997374177304,,,0.426313102750317,383.95000000000005,7295.05,383.95000000000005,0.0,0.95,0.05,0.0
NONFIBROTIC ILD ADJUDICATED,13,917719314,genomic,0.0625,0.0033210332103321065,0.8982586094866797,0.9978342790274269,,,0.2581785562906934,767.9000000000001,6911.1,768.9000000000001,0.1,0.28328737570298945,0.009048737487331595,0.9052153638172535,0.9983553543534605,,,0.2581785562906934,767.9000000000001,6911.1,768.9000000000001,0.1,0.01111934476464252,0.0015788509269913818,0.8912549256005101,0.9976982202699737,,,0.2581785562906934,767.9000000000001,6911.1,768.9000000000001,0.0625,0.9,0.1,0.0
NONFIBROTIC ILD ADJUDICATED,13,917719314,combined,0.0,0.014042252810971611,0.9969228070175439,0.9979186468471211,,,1.0,7.678999999999999,7671.321,7.678999999999999,0.001,0.1936076805344365,0.14865487460862087,0.9976639916711117,0.9983215071326467,,,1.0,7.678999999999999,7671.321,7.678999999999999,0.001,0.0,0.004809698388416246,0.9960862180615014,0.9979168993267538,,,1.0,7.678999999999999,7671.321,7.678999999999999,0.0,0.999,0.001,0.0
NONFIBROTIC ILD ADJUDICATED,13,917719314,combined,0.0,0.014042252810971611,0.9929311241065627,0.9979103009669136,,,0.22300297636630212,38.395,7640.605,38.395,0.005,0.1936076805344365,0.09096337749096901,0.9946798394206848,0.9983164792695998,,,0.22300297636630212,38.395,7640.605,38.395,0.005,0.0,0.004809698388416246,0.9910909962124582,0.9979064292074967,,,0.22300297636630212,38.395,7640.605,38.395,0.0,0.995,0.005,0.0
NONFIBROTIC ILD ADJUDICATED,13,917719314,combined,0.0625,0.014042252810971611,0.9880714749837557,0.9980307750419266,,,2.7446167682600496e-29,76.79,7602.21,77.79,0.01,0.28328737570298945,0.06347192220854182,0.9905197168638934,0.9984968638056275,,,2.7446167682600496e-29,76.79,7602.21,77.79,0.01,0.01111934476464252,0.004809698388416246,0.9854864897919468,0.9979178618026102,,,2.7446167682600496e-29,76.79,7602.21,77.79,0.0625,0.99,0.01,0.0
NONFIBROTIC ILD ADJUDICATED,13,917719314,combined,0.1875,0.014042252810971611,0.9783521767381417,0.9982755006943465,,,1.3678344366951792e-54,153.58,7525.42,156.58,0.02,0.4300888096197414,0.05479804348831043,0.9817502462918186,0.998793328832326,,,1.3678344366951792e-54,153.58,7525.42,156.58,0.02,0.06591599071428142,0.004809698388416246,0.9747267024094155,0.9980111094648655,,,1.3678344366951792e-54,153.58,7525.42,156.58,0.1875,0.98,0.02,0.0
NONFIBROTIC ILD ADJUDICATED,13,917719314,combined,0.25,0.010310610298622765,0.9485445094217025,0.9983577503902842,,,1.365339496482191e-84,383.95000000000005,7295.05,387.95000000000005,0.05,0.49498316535508774,0.026207195109994398,0.9536978302118488,0.9988989756612178,,,1.365339496482191e-84,383.95000000000005,7295.05,387.95000000000005,0.05,0.10182067491213048,0.004016696265936149,0.9431434013903944,0.9980233268003532,,,1.365339496482191e-84,383.95000000000005,7295.05,387.95000000000005,0.25,0.95,0.05,0.0
NONFIBROTIC ILD ADJUDICATED,13,917719314,combined,0.25,0.005182019179720838,0.898648473034438,0.9982666724411708,,,9.916926192828328e-112,767.9000000000001,6911.1,771.9,0.1,0.49498316535508774,0.013247723548346288,0.9056555369991162,0.9988405709869635,,,9.916926192828328e-112,767.9000000000001,6911.1,771.9,0.1,0.10182067491213048,0.0023719072991094247,0.8914435183597512,0.9979089008146523,,,9.916926192828328e-112,767.9000000000001,6911.1,771.9,0.25,0.9,0.1,0.0
NONFIBROTIC ILD ADJUDICATED,14,214934493,zebra,0.0058528963414634155,0.015169194865810968,0.9969349767825164,0.9979309070534316,,,1.0,7.679,7671.321,7.772646341463415,0.001,0.20200585589052575,0.06513580668032404,0.9975359632983529,0.9983388474884675,,,1.0,7.679,7671.321,7.772646341463415,0.001,0.0010412859566791453,0.003869388762785856,0.9962338736442674,0.9979193704499119,,,1.0,7.679,7671.321,7.772646341463415,0.0058528963414634155,0.999,0.001,0.0
NONFIBROTIC ILD ADJUDICATED,14,214934493,zebra,0.029264481707317075,0.015169194865810968,0.9929919729314253,0.9979716242860012,,,1.0,38.395,7640.605,38.86323170731708,0.005,0.23559855731488272,0.06513580668032404,0.994386653196871,0.9984037751596027,,,1.0,38.395,7640.605,38.86323170731708,0.005,0.005206429783395726,0.003869388762785856,0.9914823184863075,0.9979180932790251,,,1.0,38.395,7640.605,38.86323170731708,0.029264481707317075,0.995,0.005,0.0
NONFIBROTIC ILD ADJUDICATED,14,214934493,zebra,0.05852896341463415,0.015169194865810967,0.9880632181175614,0.998022520826713,,,1.0,76.79,7602.21,77.72646341463415,0.01,0.27758943409532894,0.06513580668032404,0.9904500155700187,0.9984849347485215,,,1.0,76.79,7602.21,77.72646341463415,0.01,0.010412859566791452,0.003869388762785856,0.9855428745388577,0.9979164968154167,,,1.0,76.79,7602.21,77.72646341463415,0.05852896341463415,0.99,0.01,0.0
NONFIBROTIC ILD ADJUDICATED,14,214934493,zebra,0.125,0.012855252274607112,0.9782222222222222,0.9981430932273311,,,0.999968839807125,153.58,7525.42,155.58,0.02,0.36022827265758695,0.04565496145718123,0.981604987215614,0.9986456136722623,,,0.999968839807125,153.58,7525.42,155.58,0.02,0.03497748774324047,0.003532482403018589,0.9746623728385856,0.9979453692670687,,,0.999968839807125,153.58,7525.42,155.58,0.125,0.98,0.02,0.0
NONFIBROTIC ILD ADJUDICATED,14,214934493,zebra,0.1875,0.00779896013864818,0.9484145549057831,0.9982211397005275,,,0.9985063460275263,383.95000000000005,7295.05,386.95000000000005,0.05,0.4300888096197414,0.022543277925487527,0.9535628971784811,0.9987576704700947,,,0.9985063460275263,383.95000000000005,7295.05,386.95000000000005,0.05,0.06591599071428142,0.0031477670668459802,0.9430687457767276,0.9979444717873013,,,0.9985063460275263,383.95000000000005,7295.05,386.95000000000005,0.1875,0.95,0.05,0.0
NONFIBROTIC ILD ADJUDICATED,14,214934493,zebra,0.375,0.00775294082252775,0.8989083820662768,0.9985551429658889,,,0.9857239572292814,767.9000000000001,6911.1,773.9000000000001,0.1,0.6135895945449727,0.016810597897476687,0.9059021520565611,0.9991126286654177,,,0.9857239572292814,767.9000000000001,6911.1,773.9000000000001,0.1,0.18481232558863633,0.0031477670668459802,0.8916160805963755,0.998101751327957,,,0.9857239572292814,767.9000000000001,6911.1,773.9000000000001,0.375,0.9,0.1,0.0
NONFIBROTIC ILD ADJUDICATED,14,214934493,genomic,0.0625,0.07142857142857142,0.9970527615334633,0.9980484811842576,,,0.9296474245038081,7.679,7671.321,8.679,0.001,0.28328737570298945,0.40415002679523837,0.9980105208920337,0.9985081357721768,,,0.9296474245038081,7.679,7671.321,8.679,0.001,0.01111934476464252,0.017876213095072924,0.9959492774876139,0.9979396908104109,,,0.9296474245038081,7.679,7671.321,8.679,0.0625,0.999,0.001,0.0
NONFIBROTIC ILD ADJUDICATED,14,214934493,genomic,0.0625,0.025387820512820507,0.9930610786224822,0.9980406512534066,,,0.08632110818275308,38.395,7640.605,39.395,0.005,0.28328737570298945,0.1306263979333156,0.9948663079226597,0.9985034250935446,,,0.08632110818275308,38.395,7640.605,39.395,0.005,0.01111934476464252,0.005271426883534499,0.9911141163575179,0.9979296601472057,,,0.08632110818275308,38.395,7640.605,39.395,0.0625,0.995,0.005,0.0
NONFIBROTIC ILD ADJUDICATED,14,214934493,genomic,0.125,0.021739130434782605,0.988201429499675,0.9981618153858629,,,0.00496664421463954,76.79,7602.21,78.79,0.01,0.36022827265758695,0.08789271803688065,0.9906796979361836,0.9986580126939545,,,0.00496664421463954,76.79,7602.21,78.79,0.01,0.03497748774324047,0.005271426883534499,0.9855360973666911,0.9979679942515908,,,0.00496664421463954,76.79,7602.21,78.79,0.125,0.99,0.01,0.0
NONFIBROTIC ILD ADJUDICATED,14,214934493,genomic,0.125,0.012855252274607112,0.9782222222222222,0.9981430932273311,,,0.0004927280717900762,153.58,7525.42,155.58,0.02,0.36022827265758695,0.04565496145718123,0.981604987215614,0.9986456136722623,,,0.0004927280717900762,153.58,7525.42,155.58,0.02,0.03497748774324047,0.003532482403018589,0.9746623728385856,0.9979453692670687,,,0.0004927280717900762,153.58,7525.42,155.58,0.125,0.98,0.02,0.0
NONFIBROTIC ILD ADJUDICATED,14,214934493,genomic,0.125,0.005182020052486374,0.9482846003898636,0.9980845663920145,,,6.084462088768638e-06,383.95000000000005,7295.05,385.95,0.05,0.36022827265758695,0.018694818983814993,0.9534176381022764,0.9986055962706862,,,6.084462088768638e-06,383.95000000000005,7295.05,385.95,0.05,0.03497748774324047,0.0015503133813943764,0.9430044162058977,0.9978765336539906,,,6.084462088768638e-06,383.95000000000005,7295.05,385.95,0.125,0.95,0.05,0.0
NONFIBROTIC ILD ADJUDICATED,14,214934493,genomic,0.25,0.004418262150220911,0.898648473034438,0.9982666724411708,,,1.740325457128425e-08,767.9000000000001,6911.1,771.9,0.1,0.49498316535508774,0.012863148965387105,0.9056555369991162,0.9988405709869635,,,1.740325457128425e-08,767.9000000000001,6911.1,771.9,0.1,0.10182067491213048,0.0015503133813943757,0.8914435183597512,0.9979089008146523,,,1.740325457128425e-08,767.9000000000001,6911.1,771.9,0.25,0.9,0.1,0.0
NONFIBROTIC ILD ADJUDICATED,14,214934493,combined,0.0,0.0030364761502094787,0.9969228070175439,0.9979186351199099,,,1.0,7.679,7671.321,7.679,0.001,0.1936076805344365,0.055801531322856895,0.9975396362332137,0.9983212917664951,,,1.0,7.679,7671.321,7.679,0.001,0.0,0.0012572464258943496,0.9962105734993995,0.9979171427100906,,,1.0,7.679,7671.321,7.679,0.0,0.999,0.001,0.0
NONFIBROTIC ILD ADJUDICATED,14,214934493,combined,0.0,0.0030364761502094787,0.9929311241065628,0.9979102646183927,,,1.0,38.395,7640.605,38.395,0.005,0.1936076805344365,0.05580153132285689,0.9944050178711752,0.9983159965497409,,,1.0,38.395,7640.605,38.395,0.005,0.0,0.0012572464258943496,0.991365817761968,0.9979069545799188,,,1.0,38.395,7640.605,38.395,0.0,0.995,0.005,0.0
NONFIBROTIC ILD ADJUDICATED,14,214934493,combined,0.0,0.0030364761502094787,0.9879415204678362,0.997899769099863,,,0.9999999974396389,76.79,7602.21,76.79,0.01,0.1936076805344365,0.04764340883680176,0.9903332483619185,0.9983090997612283,,,0.9999999974396389,76.79,7602.21,76.79,0.01,0.0,0.0012572464258943496,0.9854633696468871,0.9978944987549554,,,0.9999999974396389,76.79,7602.21,76.79,0.0,0.99,0.01,0.0
NONFIBROTIC ILD ADJUDICATED,14,214934493,combined,0.0,0.0030364761502094787,0.9779623131903834,0.997878383637494,,,2.171315383923377e-19,153.58,7525.42,153.58,0.02,0.1936076805344365,0.027178898343536047,0.9812585376413488,0.9982934825374115,,,2.171315383923377e-19,153.58,7525.42,153.58,0.02,0.0,0.0012572464258943496,0.9745896451187815,0.9978710571944039,,,2.171315383923377e-19,153.58,7525.42,153.58,0.0,0.98,0.02,0.0
NONFIBROTIC ILD ADJUDICATED,14,214934493,combined,0.0625,0.002945136275918418,0.9481546458739443,0.9979480304494044,,,1.2027659379708021e-59,383.95000000000005,7295.05,384.95000000000005,0.05,0.28328737570298945,0.01456595072155569,0.9532576570299862,0.9984381629428766,,,1.2027659379708021e-59,383.95000000000005,7295.05,384.95000000000005,0.05,0.01111934476464252,0.0012572464258943496,0.9429548086311533,0.9978241496627362,,,1.2027659379708021e-59,383.95000000000005,7295.05,384.95000000000005,0.0625,0.95,0.05,0.0
NONFIBROTIC ILD ADJUDICATED,14,214934493,combined,0.125,0.002945136275918418,0.898388564002599,0.997978368539621,,,8.060959917266971e-91,767.9000000000001,6911.1,769.9000000000001,0.1,0.36022827265758695,0.00864950284534687,0.9053753448895437,0.9985316519397164,,,8.060959917266971e-91,767.9000000000001,6911.1,769.9000000000001,0.1,0.03497748774324047,0.0012572464258943496,0.8913045331752545,0.9977536292088469,,,8.060959917266971e-91,767.9000000000001,6911.1,769.9000000000001,0.125,0.9,0.1,0.0
NONFIBROTIC ILD ADJUDICATED,15,1740606508,zebra,0.012150316455696203,0.033396175599245896,0.9969480708334362,0.9979441102131895,,,1.0,7.679000000000001,7671.321,7.87340506329114,0.001,0.20980362391309057,0.09421575755435292,0.9975554445436898,0.9983551833427161,,,1.0,7.679000000000001,7671.321,7.87340506329114,0.001,0.003399900359244856,0.012254740772116371,0.9962355102831153,0.9979243213847785,,,1.0,7.679000000000001,7671.321,7.87340506329114,0.012150316455696203,0.999,0.001,0.0
NONFIBROTIC ILD ADJUDICATED,15,1740606508,zebra,0.060751582278481014,0.033396175599245896,0.9930574431860242,0.9980376400847907,,,1.0,38.395,7640.605,39.3670253164557,0.005,0.2745873974277069,0.09421575755435292,0.9944840594235553,0.998485454430846,,,1.0,38.395,7640.605,39.3670253164557,0.005,0.016999501796224278,0.012254740772116371,0.9914905016805472,0.9979428479533582,,,1.0,38.395,7640.605,39.3670253164557,0.060751582278481014,0.995,0.005,0.0
NONFIBROTIC ILD ADJUDICATED,15,1740606508,zebra,0.12150316455696203,0.033396175599245896,0.9881941586267591,0.9981545524242922,,,1.0,76.79,7602.21,78.7340506329114,0.01,0.3555671143209773,0.09421575755435292,0.9906448280233873,0.9986482932910083,,,1.0,76.79,7602.21,78.7340506329114,0.01,0.033999003592448555,0.012254740772116371,0.9855592409273369,0.9979660061640829,,,1.0,76.79,7602.21,78.7340506329114,0.12150316455696203,0.99,0.01,0.0
NONFIBROTIC ILD ADJUDICATED,15,1740606508,zebra,0.25,0.02538418124647262,0.9784821312540611,0.9984079432947279,,,0.999959539119601,153.58,7525.42,157.58,0.02,0.49498316535508774,0.0634433883036137,0.9818851793251864,0.9989305825086291,,,0.999959539119601,153.58,7525.42,157.58,0.02,0.10182067491213048,0.009914700027544226,0.9748013580230823,0.9980874129954797,,,0.999959539119601,153.58,7525.42,157.58,0.25,0.98,0.02,0.0
NONFIBROTIC ILD ADJUDICATED,15,1740606508,zebra,0.375,0.015538290788013318,0.9488044184535414,0.9986310839749352,,,0.99859799925034,383.95000000000005,7295.05,389.95000000000005,0.05,0.6135895945449727,0.033157657439387464,0.9539444452692938,0.999157340362372,,,0.99859799925034,383.95000000000005,7295.05,389.95000000000005,0.05,0.18481232558863633,0.007508863665289275,0.9433159636270187,0.9982056434131169,,,0.99859799925034,383.95000000000005,7295.05,389.95000000000005,0.375,0.95,0.05,0.0
NONFIBROTIC ILD ADJUDICATED,15,1740606508,zebra,0.625,0.012855124680317482,0.8994282001299545,0.9991325844629564,,,0.9847012000811141,767.9000000000001,6911.1,777.9000000000001,0.1,0.8151876744113636,0.02350049442731312,0.9063213293506303,0.9995753915606481,,,0.9847012000811141,767.9000000000001,6911.1,777.9000000000001,0.1,0.38641040545502714,0.0069445471199808175,0.8920352578904447,0.9985705222160962,,,0.9847012000811141,767.9000000000001,6911.1,777.9000000000001,0.625,0.9,0.1,0.0
NONFIBROTIC ILD ADJUDICATED,15,1740606508,genomic,0.0,0.007142857142857143,0.9969228070175439,0.9979186507160284,,,0.7857613782545176,7.679,7671.321,7.679000000000001,0.001,0.1936076805344365,0.27753279986288915,0.9978240523900588,0.9983217773973239,,,0.7857613782545176,7.679,7671.321,7.679000000000001,0.001,0.0,0.0015033368486365856,0.9959261573425542,0.9979165721881269,,,0.7857613782545176,7.679,7671.321,7.679000000000001,0.0,0.999,0.001,0.0
NONFIBROTIC ILD ADJUDICATED,15,1740606508,genomic,0.0,0.007142857142857143,0.9929311241065627,0.9979103009669136,,,0.6251192033671984,38.395,7640.605,38.395,0.005,0.1936076805344365,0.09096337749096901,0.9946798394206848,0.9983164792695998,,,0.6251192033671984,38.395,7640.605,38.395,0.005,0.0,0.0015033368486365856,0.9910909962124582,0.9979064292074967,,,0.6251192033671984,38.395,7640.605,38.395,0.0,0.995,0.005,0.0
NONFIBROTIC ILD ADJUDICATED,15,1740606508,genomic,0.0625,0.007142857142857143,0.9880714749837557,0.9980307750419266,6.250177183014355,0.9469696996878232,0.5555958567896958,76.79,7602.21,77.79,0.01,0.28328737570298945,0.06433067758029089,0.9905197168638934,0.9984968638056275,35.38257196455998,1.0013812151954593,0.5555958567896958,76.79,7602.21,77.79,0.01,0.01111934476464252,0.0015033368486365856,0.9854864897919468,0.9979178618026102,0.8907565022428068,0.7224974393404994,0.5555958567896958,76.79,7602.21,77.79,0.0625,0.99,0.01,0.0
NONFIBROTIC ILD ADJUDICATED,15,1740606508,genomic,0.0625,0.006469208211143695,0.9780922677063029,0.9980107208797039,,,0.4648733983415989,153.58,7525.42,154.58,0.02,0.28328737570298945,0.03573037123070862,0.9814450061433238,0.9984829781429401,,,0.4648733983415989,153.58,7525.42,154.58,0.02,0.01111934476464252,0.0015033368486365856,0.9746127652638412,0.9978946798053583,,,0.4648733983415989,153.58,7525.42,154.58,0.0625,0.98,0.02,0.0
NONFIBROTIC ILD ADJUDICATED,15,1740606508,genomic,0.0625,0.004509582863585121,0.9481546458739443,0.9979480304494044,,,0.3208512043593402,383.95000000000005,7295.05,384.95000000000005,0.05,0.28328737570298945,0.016610298834670103,0.9532576570299862,0.9984381629428766,,,0.3208512043593402,383.95000000000005,7295.05,384.95000000000005,0.05,0.01111934476464252,0.0015033368486365856,0.9429548086311533,0.9978241496627362,,,0.3208512043593402,383.95000000000005,7295.05,384.95000000000005,0.0625,0.95,0.05,0.0
NONFIBROTIC ILD ADJUDICATED,15,1740606508,genomic,0.1875,0.004166666666666666,0.8985185185185185,0.998122499671524,,,0.24162826531127624,767.9000000000001,6911.1,770.9000000000001,0.1,0.4300888096197414,0.011378552206133978,0.9055206039657484,0.9986917799711593,,,0.24162826531127624,767.9000000000001,6911.1,770.9000000000001,0.1,0.06591599071428142,0.0015033368486365856,0.8913688627460844,0.9978254909753369,,,0.24162826531127624,767.9000000000001,6911.1,770.9000000000001,0.1875,0.9,0.1,0.0
NONFIBROTIC ILD ADJUDICATED,15,1740606508,combined,0.0,0.004978222223605928,0.9969228070175439,0.9979186507160284,,,0.9545255954860334,7.679,7671.321,7.679000000000001,0.001,0.1936076805344365,0.27753279986288915,0.9978240523900588,0.9983217773973239,,,0.9545255954860334,7.679,7671.321,7.679000000000001,0.001,0.0,0.002047405776415496,0.9959261573425542,0.9979165721881269,,,0.9545255954860334,7.679,7671.321,7.679000000000001,0.0,0.999,0.001,0.0
NONFIBROTIC ILD ADJUDICATED,15,1740606508,combined,0.0,0.004978222223605928,0.9929311241065627,0.9979103009669136,,,0.7477550994198371,38.395,7640.605,38.395,0.005,0.1936076805344365,0.09096337749096901,0.9946798394206848,0.9983164792695998,,,0.7477550994198371,38.395,7640.605,38.395,0.005,0.0,0.002047405776415496,0.9910909962124582,0.9979064292074967,,,0.7477550994198371,38.395,7640.605,38.395,0.0,0.995,0.005,0.0
NONFIBROTIC ILD ADJUDICATED,15,1740606508,combined,0.0,0.004978222223605928,0.9879415204678362,0.997899769099863,,,0.4652620047225067,76.79,7602.21,76.79,0.01,0.1936076805344365,0.04764340883680176,0.9903332483619185,0.9983090997612283,,,0.4652620047225067,76.79,7602.21,76.79,0.01,0.0,0.002047405776415496,0.9854633696468871,0.9978944987549554,,,0.4652620047225067,76.79,7602.21,76.79,0.0,0.99,0.01,0.0
NONFIBROTIC ILD ADJUDICATED,15,1740606508,combined,0.0,0.004978222223605928,0.9779623131903834,0.997878383637494,,,0.2988171161132831,153.58,7525.42,153.58,0.02,0.1936076805344365,0.024402623692136836,0.9812585376413488,0.9982934825374115,,,0.2988171161132831,153.58,7525.42,153.58,0.02,0.0,0.002047405776415496,0.9745896451187815,0.9978710571944039,,,0.2988171161132831,153.58,7525.42,153.58,0.0,0.98,0.02,0.0
NONFIBROTIC ILD ADJUDICATED,15,1740606508,combined,0.125,0.004978222223605926,0.9482846003898636,0.9980845663920145,,,0.16094872042727287,383.95000000000005,7295.05,385.95,0.05,0.36022827265758695,0.01803463030701049,0.9534176381022764,0.9986055962706862,,,0.16094872042727287,383.95000000000005,7295.05,385.95,0.05,0.03497748774324047,0.002047405776415496,0.9430044162058977,0.9978765336539906,,,0.16094872042727287,383.95000000000005,7295.05,385.95,0.125,0.95,0.05,0.0
NONFIBROTIC ILD ADJUDICATED,15,1740606508,combined,0.25,0.004978222223605926,0.898648473034438,0.9982666724411708,,,0.0835448016023744,767.9000000000001,6911.1,771.9,0.1,0.49498316535508774,0.013247723548346288,0.9056555369991162,0.9988405709869635,,,0.0835448016023744,767.9000000000001,6911.1,771.9,0.1,0.10182067491213048,0.002047405776415496,0.8914435183597512,0.9979089008146523,,,0.0835448016023744,767.9000000000001,6911.1,771.9,0.25,0.9,0.1,0.0
NONFIBROTIC ILD ADJUDICATED,16,426789030,zebra,0.0119984375,0.02439024390243902,0.9969477550357375,0.997943794749107,,,1.0,7.679,7671.321,7.870975000000001,0.001,0.2096011746208574,0.08463378391063937,0.9975539156500809,0.9983547611721237,,,1.0,7.679,7671.321,7.870975000000001,0.001,0.0033574016047542947,0.007708838521450868,0.9962365298630468,0.9979242350516409,,,1.0,7.679,7671.321,7.870975000000001,0.0119984375,0.999,0.001,0.0
NONFIBROTIC ILD ADJUDICATED,16,426789030,zebra,0.0599921875,0.02439024390243902,0.9930558641975309,0.9980360627643782,,,1.0,38.395,7640.605,39.35487500000001,0.005,0.273575150966541,0.08463378391063937,0.994476414955511,0.9984833435778838,,,1.0,38.395,7640.605,39.35487500000001,0.005,0.016787008023771473,0.007708838521450868,0.9914955995802045,0.9979424162876698,,,1.0,38.395,7640.605,39.35487500000001,0.0599921875,0.995,0.005,0.0
NONFIBROTIC ILD ADJUDICATED,16,426789030,zebra,0.119984375,0.02439024390243902,0.9881910006497726,0.9981513977834673,,,1.0,76.79,7602.21,78.70975000000001,0.01,0.35354262139864556,0.08463378391063935,0.9906295390872986,0.998644071585084,,,1.0,76.79,7602.21,78.70975000000001,0.01,0.03357401604754295,0.007708838521450868,0.9855694367266518,0.997965142832706,,,1.0,76.79,7602.21,78.70975000000001,0.119984375,0.99,0.01,0.0
NONFIBROTIC ILD ADJUDICATED,16,426789030,zebra,0.1875,0.019159725624693775,0.9783521767381417,0.9982755006943465,,,0.9999717222662785,153.58,7525.42,156.58,0.02,0.4300888096197414,0.054811013917662264,0.9817502462918186,0.998793328832326,,,0.9999717222662785,153.58,7525.42,156.58,0.02,0.06591599071428142,0.006537088406967185,0.9747267024094155,0.9980111094648655,,,0.9999717222662785,153.58,7525.42,156.58,0.1875,0.98,0.02,0.0
NONFIBROTIC ILD ADJUDICATED,16,426789030,zebra,0.3125,0.012855126812074312,0.948674463937622,0.998494398476634,,,0.9987536363143326,383.95000000000005,7295.05,388.95000000000005,0.05,0.5559564416525933,0.029735602917520896,0.953824610253533,0.9990317792768534,,,0.9987536363143326,383.95000000000005,7295.05,388.95000000000005,0.05,0.14164643854782039,0.0050866196479601635,0.9432262099957447,0.9981108079920087,,,0.9987536363143326,383.95000000000005,7295.05,388.95000000000005,0.3125,0.95,0.05,0.0
NONFIBROTIC ILD ADJUDICATED,16,426789030,zebra,0.4375,0.008760107816711589,0.8990383365821962,0.9986994407570826,,,0.9860123099239779,767.9000000000001,6911.1,774.9000000000001,0.1,0.6682144360118811,0.0184364315973658,0.9060157319738412,0.9992379761730831,,,0.9860123099239779,767.9000000000001,6911.1,774.9000000000001,0.1,0.23098652405492354,0.00414411452821637,0.89171208932613,0.9982090801546115,,,0.9860123099239779,767.9000000000001,6911.1,774.9000000000001,0.4375,0.9,0.1,0.0
NONFIBROTIC ILD ADJUDICATED,16,426789030,genomic,0.0,0.003051944156821942,0.9969228070175439,0.9979186507160284,,,0.6358072555274858,7.679,7671.321,7.679000000000001,0.001,0.1936076805344365,0.27753279986288915,0.9978240523900588,0.9983217773973239,,,0.6358072555274858,7.679,7671.321,7.679000000000001,0.001,0.0,0.001477370890992527,0.9959261573425542,0.9979165721881269,,,0.6358072555274858,7.679,7671.321,7.679000000000001,0.0,0.999,0.001,0.0
NONFIBROTIC ILD ADJUDICATED,16,426789030,genomic,0.0,0.003051944156821942,0.9929311241065627,0.9979103009669136,,,0.31353077343842056,38.395,7640.605,38.395,0.005,0.1936076805344365,0.09096337749096901,0.9946798394206848,0.9983164792695998,,,0.31353077343842056,38.395,7640.605,38.395,0.005,0.0,0.001477370890992527,0.9910909962124582,0.9979064292074967,,,0.31353077343842056,38.395,7640.605,38.395,0.0,0.995,0.005,0.0
NONFIBROTIC ILD ADJUDICATED,16,426789030,genomic,0.0,0.003051944156821942,0.9879415204678362,0.997899769099863,,,0.21076647374949936,76.79,7602.21,76.79,0.01,0.1936076805344365,0.04764340883680176,0.9903332483619185,0.9983090997612283,,,0.21076647374949936,76.79,7602.21,76.79,0.01,0.0,0.001477370890992527,0.9854633696468871,0.9978944987549554,,,0.21076647374949936,76.79,7602.21,76.79,0.0,0.99,0.01,0.0
NONFIBROTIC ILD ADJUDICATED,16,426789030,genomic,0.0,0.003051944156821942,0.9779623131903834,0.997878383637494,,,0.11048347505249984,153.58,7525.42,153.58,0.02,0.1936076805344365,0.024402623692136836,0.9812585376413488,0.9982934825374115,,,0.11048347505249984,153.58,7525.42,153.58,0.02,0.0,0.001477370890992527,0.9745896451187815,0.9978710571944039,,,0.11048347505249984,153.58,7525.42,153.58,0.0,0.98,0.02,0.0
NONFIBROTIC ILD ADJUDICATED,16,426789030,genomic,0.0625,0.0030519441568219413,0.9481546458739443,0.9979480304494044,,,0.04320422084201762,383.95000000000005,7295.05,384.95000000000005,0.05,0.28328737570298945,0.01456595072155569,0.9532576570299862,0.9984381629428766,,,0.04320422084201762,383.95000000000005,7295.05,384.95000000000005,0.05,0.01111934476464252,0.001477370890992527,0.9429548086311533,0.9978241496627362,,,0.04320422084201762,383.95000000000005,7295.05,384.95000000000005,0.0625,0.95,0.05,0.0
NONFIBROTIC ILD ADJUDICATED,16,426789030,genomic,0.0625,0.0030519441568219413,0.8982586094866797,0.9978342790274269,,,0.018426548080390865,767.9000000000001,6911.1,768.9000000000001,0.1,0.28328737570298945,0.007329779726867508,0.9052153638172535,0.9983553543534605,,,0.018426548080390865,767.9000000000001,6911.1,768.9000000000001,0.1,0.01111934476464252,0.0014773708909925265,0.8912549256005101,0.9976982202699737,,,0.018426548080390865,767.9000000000001,6911.1,768.9000000000001,0.0625,0.9,0.1,0.0
NONFIBROTIC ILD ADJUDICATED,16,426789030,combined,0.0,0.027777777777777776,0.9969228070175439,0.9979186507160284,,,0.35091526774615156,7.679,7671.321,7.679000000000001,0.001,0.1936076805344365,0.27753279986288915,0.9978240523900588,0.9983217773973239,,,0.35091526774615156,7.679,7671.321,7.679000000000001,0.001,0.0,0.005989991996818787,0.9959261573425542,0.9979165721881269,,,0.35091526774615156,7.679,7671.321,7.679000000000001,0.0,0.999,0.001,0.0
NONFIBROTIC ILD ADJUDICATED,16,426789030,combined,0.0625,0.025387820512820514,0.9930610786224822,0.9980406512534066,,,0.06862870907352915,38.395,7640.605,39.395,0.005,0.28328737570298945,0.1306263979333156,0.9948663079226597,0.9985034250935446,,,0.06862870907352915,38.395,7640.605,39.395,0.005,0.01111934476464252,0.005989991996818786,0.9911141163575179,0.9979296601472057,,,0.06862870907352915,38.395,7640.605,39.395,0.0625,0.995,0.005,0.0
NONFIBROTIC ILD ADJUDICATED,16,426789030,combined,0.125,0.024999999999999998,0.988201429499675,0.9981618153858629,,,0.025815968626382746,76.79,7602.21,78.79,0.01,0.36022827265758695,0.08790988564315926,0.9906796979361836,0.9986580126939545,,,0.025815968626382746,76.79,7602.21,78.79,0.01,0.03497748774324047,0.005989991996818786,0.9855360973666911,0.9979679942515908,,,0.025815968626382746,76.79,7602.21,78.79,0.125,0.99,0.01,0.0
NONFIBROTIC ILD ADJUDICATED,16,426789030,combined,0.125,0.012855252274607112,0.9782222222222222,0.9981430932273311,,,0.009208853411834018,153.58,7525.42,155.58,0.02,0.36022827265758695,0.04565496145718123,0.981604987215614,0.9986456136722623,,,0.009208853411834018,153.58,7525.42,155.58,0.02,0.03497748774324047,0.003595700687070909,0.9746623728385856,0.9979453692670687,,,0.009208853411834018,153.58,7525.42,155.58,0.125,0.98,0.02,0.0
NONFIBROTIC ILD ADJUDICATED,16,426789030,combined,0.25,0.01023890784982935,0.9485445094217025,0.9983577503902842,,,0.0014514093366275172,383.95000000000005,7295.05,387.95000000000005,0.05,0.49498316535508774,0.026207195109994398,0.9536978302118488,0.9988989756612178,,,0.0014514093366275172,383.95000000000005,7295.05,387.95000000000005,0.05,0.10182067491213048,0.0035957006870709083,0.9431434013903944,0.9980233268003532,,,0.0014514093366275172,383.95000000000005,7295.05,387.95000000000005,0.25,0.95,0.05,0.0
NONFIBROTIC ILD ADJUDICATED,16,426789030,combined,0.3125,0.006571741511500551,0.8987784275503574,0.9984108868666071,,,0.0002312034212766079,767.9000000000001,6911.1,772.9000000000001,0.1,0.5559564416525933,0.015053603657021535,0.9057823170408004,0.9989804120809168,,,0.0002312034212766079,767.9000000000001,6911.1,772.9000000000001,0.1,0.14164643854782039,0.003028178838718644,0.8915263269651015,0.9980014359910003,,,0.0002312034212766079,767.9000000000001,6911.1,772.9000000000001,0.3125,0.9,0.1,0.0
NONFIBROTIC ILD ADJUDICATED,17,1847900374,zebra,0.019997395833333334,0.04850746268656718,0.9969643870478666,0.9979605343491218,,,1.0,7.679,7671.321,7.998958333333333,0.001,0.2188290498434095,0.11855515350415684,0.9975825475444203,0.9983740678891955,,,1.0,7.679,7671.321,7.998958333333333,0.001,0.00703012350965232,0.01987785607422704,0.9962347218223837,0.9979319226614535,,,1.0,7.679,7671.321,7.998958333333333,0.019997395833333334,0.999,0.001,0.0
NONFIBROTIC ILD ADJUDICATED,17,1847900374,zebra,0.09998697916666666,0.04850746268656718,0.9931390242581762,0.9981197607644521,,,1.0,38.395,7640.605,39.994791666666664,0.005,0.3197145270793015,0.11855515350415681,0.9946195744272079,0.9985798771632426,,,1.0,38.395,7640.605,39.994791666666664,0.005,0.0351506175482616,0.01987785607422704,0.991486559376889,0.9979808543367333,,,1.0,38.395,7640.605,39.994791666666664,0.09998697916666666,0.995,0.005,0.0
NONFIBROTIC ILD ADJUDICATED,17,1847900374,zebra,0.25,0.04850746268656718,0.988461338531514,0.9984239993335703,,,0.9999998095624436,76.79,7602.21,80.79,0.01,0.49498316535508774,0.11855515350415681,0.990959890045756,0.9989403754897662,,,0.9999998095624436,76.79,7602.21,80.79,0.01,0.10182067491213048,0.01987785607422704,0.9856750825511879,0.9981084768012797,,,0.9999998095624436,76.79,7602.21,80.79,0.25,0.99,0.01,0.0
NONFIBROTIC ILD ADJUDICATED,17,1847900374,zebra,0.3125,0.03153013295119815,0.9786120857699806,0.9985404210424608,,,0.9999501492562026,153.58,7525.42,158.58,0.02,0.5559564416525933,0.07167869988663822,0.9820119593668706,0.9990595773512074,,,0.9999501492562026,153.58,7525.42,158.58,0.02,0.14164643854782039,0.013541485060692937,0.9748841666284326,0.9981720631332242,,,0.9999501492562026,153.58,7525.42,158.58,0.3125,0.98,0.02,0.0
NONFIBROTIC ILD ADJUDICATED,17,1847900374,zebra,0.3125,0.012855126812074312,0.948674463937622,0.998494398476634,,,0.998343104112939,383.95000000000005,7295.05,388.95000000000005,0.05,0.5559564416525933,0.029735602917520896,0.953824610253533,0.9990317792768534,,,0.998343104112939,383.95000000000005,7295.05,388.95000000000005,0.05,0.14164643854782039,0.005842711702630358,0.9432262099957447,0.9981108079920087,,,0.998343104112939,383.95000000000005,7295.05,388.95000000000005,0.3125,0.95,0.05,0.0
NONFIBROTIC ILD ADJUDICATED,17,1847900374,zebra,0.5,0.010310608579980046,0.8991682910981157,0.9988437802582651,,,0.9849109207131113,767.9000000000001,6911.1,775.9000000000001,0.1,0.7200043638967398,0.02021259151370982,0.9061234173339656,0.9993568474598599,,,0.9849109207131113,767.9000000000001,6911.1,775.9000000000001,0.1,0.27999563610326017,0.005233614451525993,0.8918139926130401,0.9983230238026473,,,0.9849109207131113,767.9000000000001,6911.1,775.9000000000001,0.5,0.9,0.1,0.0
NONFIBROTIC ILD ADJUDICATED,17,1847900374,genomic,0.000864492644851396,0.0018107908351810793,0.9969246045331147,0.997920231276823,,,1.0,7.679,7671.321,7.6928318823176225,0.001,0.1945758706027904,0.003917455031034757,0.9973528013266942,0.9983232716841268,,,1.0,7.679,7671.321,7.6928318823176225,0.001,0.00042605038973135345,0.0008534071811774269,0.9964003074114199,0.9979174531459233,,,1.0,7.679,7671.321,7.6928318823176225,0.000864492644851396,0.999,0.001,0.0
NONFIBROTIC ILD ADJUDICATED,17,1847900374,genomic,0.00432246322425698,0.0018107908351810793,0.992940111684417,0.9979182454029585,,,1.0,38.395,7640.605,38.46415941158811,0.005,0.1984486308762061,0.003917455031034757,0.9934708433385776,0.9983258961378993,,,1.0,38.395,7640.605,38.46415941158811,0.005,0.0021302519486567674,0.0008534071811774269,0.9923144873220701,0.9979085067590823,,,1.0,38.395,7640.605,38.46415941158811,0.00432246322425698,0.995,0.005,0.0
NONFIBROTIC ILD ADJUDICATED,17,1847900374,genomic,0.00864492644851396,0.0018107908351810793,0.9879594956235447,0.9979157630606278,,,1.0,76.79,7602.21,76.92831882317623,0.01,0.2032895812179757,0.003917455031034757,0.9886183958534317,0.998329176705115,,,1.0,76.79,7602.21,76.92831882317623,0.01,0.004260503897313535,0.0008534071811774269,0.9872072122103828,0.997897323775531,,,1.0,76.79,7602.21,76.92831882317623,0.00864492644851396,0.99,0.01,0.0
NONFIBROTIC ILD ADJUDICATED,17,1847900374,genomic,0.01728985289702792,0.0018107908351810793,0.9779982635018002,0.9979107983759664,,,1.0,153.58,7525.42,153.85663764635245,0.02,0.2129714819015149,0.003917455031034757,0.97891350088314,0.9983357378395462,,,1.0,153.58,7525.42,153.85663764635245,0.02,0.00852100779462707,0.0008534071811774269,0.9769926619870083,0.9978749578084285,,,1.0,153.58,7525.42,153.85663764635245,0.01728985289702792,0.98,0.02,0.0
NONFIBROTIC ILD ADJUDICATED,17,1847900374,genomic,0.0432246322425698,0.0018107908351810793,0.9481145671365667,0.9978959043219822,,,1.0,383.95000000000005,7295.05,384.64159411588116,0.05,0.2420171839521325,0.003917455031034757,0.949798815972265,0.99835542124284,,,1.0,383.95000000000005,7295.05,384.64159411588116,0.05,0.021302519486567674,0.0008534071811774269,0.9463490113168846,0.9978078599071208,,,1.0,383.95000000000005,7295.05,384.64159411588116,0.0432246322425698,0.95,0.05,0.0
NONFIBROTIC ILD ADJUDICATED,17,1847900374,genomic,0.0864492644851396,0.0018107908351810793,0.8983084065278444,0.9978710808986753,,,1.0,767.9000000000001,6911.1,769.2831882317623,0.1,0.2904266873698285,0.003917455031034756,0.9012743411208066,0.9983882269149964,,,1.0,767.9000000000001,6911.1,769.2831882317623,0.1,0.04260503897313535,0.0008534071811774269,0.8952762602000119,0.9976960300716081,,,1.0,767.9000000000001,6911.1,769.2831882317623,0.0864492644851396,0.9,0.1,0.0
NONFIBROTIC ILD ADJUDICATED,17,1847900374,combined,0.0,0.004576659038901604,0.9969228070175439,0.9979186507160284,,,0.4159387126128223,7.679,7671.321,7.679000000000001,0.001,0.1936076805344365,0.27753279986288915,0.9978240523900588,0.9983217773973239,,,0.4159387126128223,7.679,7671.321,7.679000000000001,0.001,0.0,0.0016322607733706262,0.9959261573425542,0.9979165721881269,,,0.4159387126128223,7.679,7671.321,7.679000000000001,0.0,0.999,0.001,0.0
NONFIBROTIC ILD ADJUDICATED,17,1847900374,combined,0.0,0.004576659038901604,0.9929311241065627,0.9979103009669136,,,0.2863564476836565,38.395,7640.605,38.395,0.005,0.1936076805344365,0.09096337749096901,0.9946798394206848,0.9983164792695998,,,0.2863564476836565,38.395,7640.605,38.395,0.005,0.0,0.0016322607733706262,0.9910909962124582,0.9979064292074967,,,0.2863564476836565,38.395,7640.605,38.395,0.0,0.995,0.005,0.0
NONFIBROTIC ILD ADJUDICATED,17,1847900374,combined,0.0,0.004576659038901604,0.9879415204678362,0.997899769099863,,,0.22494467586950334,76.79,7602.21,76.79,0.01,0.1936076805344365,0.04764340883680176,0.9903332483619185,0.9983090997612283,,,0.22494467586950334,76.79,7602.21,76.79,0.01,0.0,0.0016322607733706262,0.9854633696468871,0.9978944987549554,,,0.22494467586950334,76.79,7602.21,76.79,0.0,0.99,0.01,0.0
NONFIBROTIC ILD ADJUDICATED,17,1847900374,combined,0.0,0.004576659038901604,0.9779623131903834,0.997878383637494,,,0.16633986171747855,153.58,7525.42,153.58,0.02,0.1936076805344365,0.024402623692136836,0.9812585376413488,0.9982934825374115,,,0.16633986171747855,153.58,7525.42,153.58,0.02,0.0,0.0016322607733706262,0.9745896451187815,0.9978710571944039,,,0.16633986171747855,153.58,7525.42,153.58,0.0,0.98,0.02,0.0
NONFIBROTIC ILD ADJUDICATED,17,1847900374,combined,0.125,0.004576659038901604,0.9482846003898636,0.9980845663920145,,,0.09621214275711201,383.95000000000005,7295.05,385.95,0.05,0.36022827265758695,0.017793055086804878,0.9534176381022764,0.9986055962706862,,,0.09621214275711201,383.95000000000005,7295.05,385.95,0.05,0.03497748774324047,0.0016322607733706262,0.9430044162058977,0.9978765336539906,,,0.09621214275711201,383.95000000000005,7295.05,385.95,0.125,0.95,0.05,0.0
NONFIBROTIC ILD ADJUDICATED,17,1847900374,combined,0.25,0.004576659038901604,0.898648473034438,0.9982666724411708,,,0.04713168078455755,767.9000000000001,6911.1,771.9,0.1,0.49498316535508774,0.013043507351914221,0.9056555369991162,0.9988405709869635,,,0.04713168078455755,767.9000000000001,6911.1,771.9,0.1,0.10182067491213048,0.0016322607733706262,0.8914435183597512,0.9979089008146523,,,0.04713168078455755,767.9000000000001,6911.1,771.9,0.25,0.9,0.1,0.0
NONFIBROTIC ILD ADJUDICATED,18,1216535003,zebra,0.01799765625,0.0430379746835443,0.9969602290448343,0.9979563815834289,,,1.0,7.679,7671.321,7.9669625,0.001,0.2163069129125122,0.10816356981488738,0.9975678587056581,0.9983688155983064,,,1.0,7.679,7671.321,7.9669625,0.001,0.006327111158687088,0.01654149242852642,0.9962427046977268,0.9979304788555644,,,1.0,7.679,7671.321,7.9669625,0.01799765625,0.999,0.001,0.0
NONFIBROTIC ILD ADJUDICATED,18,1216535003,zebra,0.08998828125,0.0430379746835443,0.9931182342430149,0.9980989969359877,,,1.0,38.395,7640.605,39.8348125,0.005,0.30710384242481503,0.10816356981488738,0.994546130233397,0.9985536157087969,,,1.0,38.395,7640.605,39.8348125,0.005,0.03163555579343544,0.01654149242852642,0.9915264737536047,0.9979736353072879,,,1.0,38.395,7640.605,39.8348125,0.08998828125,0.995,0.005,0.0
NONFIBROTIC ILD ADJUDICATED,18,1216535003,zebra,0.1799765625,0.0430379746835443,0.9883157407407408,0.9982772661266862,,,1.0,76.79,7602.21,79.669625,0.01,0.4206000043151935,0.10816356981488738,0.9907689696430705,0.9987846158469101,,,1.0,76.79,7602.21,79.669625,0.01,0.06327111158687088,0.01654149242852642,0.985631185073452,0.9980275808719422,,,1.0,76.79,7602.21,79.669625,0.1799765625,0.99,0.01,0.0
NONFIBROTIC ILD ADJUDICATED,18,1216535003,zebra,0.25,0.02538418124647262,0.9784821312540611,0.9984079432947279,,,0.9999611899503458,153.58,7525.42,157.58,0.02,0.49498316535508774,0.0634433883036137,0.9818851793251864,0.9989305825086291,,,0.9999611899503458,153.58,7525.42,157.58,0.02,0.10182067491213048,0.009914700027544226,0.9748013580230823,0.9980874129954797,,,0.9999611899503458,153.58,7525.42,157.58,0.25,0.98,0.02,0.0
NONFIBROTIC ILD ADJUDICATED,18,1216535003,zebra,0.3125,0.012855126812074312,0.948674463937622,0.998494398476634,,,0.9982194641636789,383.95000000000005,7295.05,388.95000000000005,0.05,0.5559564416525933,0.029735602917520896,0.953824610253533,0.9990317792768534,,,0.9982194641636789,383.95000000000005,7295.05,388.95000000000005,0.05,0.14164643854782039,0.005743880653208643,0.9432262099957447,0.9981108079920087,,,0.9982194641636789,383.95000000000005,7295.05,388.95000000000005,0.3125,0.95,0.05,0.0
NONFIBROTIC ILD ADJUDICATED,18,1216535003,zebra,0.5,0.010310608579980046,0.8991682910981157,0.9988437802582651,,,0.9843542758273252,767.9000000000001,6911.1,775.9000000000001,0.1,0.7200043638967398,0.02021259151370982,0.9061234173339656,0.9993568474598599,,,0.9843542758273252,767.9000000000001,6911.1,775.9000000000001,0.1,0.27999563610326017,0.005233614451525993,0.8918139926130401,0.9983230238026473,,,0.9843542758273252,767.9000000000001,6911.1,775.9000000000001,0.5,0.9,0.1,0.0
NONFIBROTIC ILD ADJUDICATED,18,1216535003,genomic,0.0,0.005038292245437686,0.9969228070175439,0.9979186507160284,,,0.9994763952553566,7.679,7671.321,7.679000000000001,0.001,0.1936076805344365,0.27753279986288915,0.9978240523900588,0.9983217773973239,,,0.9994763952553566,7.679,7671.321,7.679000000000001,0.001,0.0,0.0020287048551058096,0.9959261573425542,0.9979165721881269,,,0.9994763952553566,7.679,7671.321,7.679000000000001,0.0,0.999,0.001,0.0
NONFIBROTIC ILD ADJUDICATED,18,1216535003,genomic,0.0,0.005038292245437686,0.9929311241065627,0.9979103009669136,,,0.19112919328370867,38.395,7640.605,38.395,0.005,0.1936076805344365,0.09096337749096901,0.9946798394206848,0.9983164792695998,,,0.19112919328370867,38.395,7640.605,38.395,0.005,0.0,0.0020287048551058096,0.9910909962124582,0.9979064292074967,,,0.19112919328370867,38.395,7640.605,38.395,0.0,0.995,0.005,0.0
NONFIBROTIC ILD ADJUDICATED,18,1216535003,genomic,0.0,0.005038292245437686,0.9879415204678362,0.997899769099863,,,0.12886634491263804,76.79,7602.21,76.79,0.01,0.1936076805344365,0.04764340883680176,0.9903332483619185,0.9983090997612283,,,0.12886634491263804,76.79,7602.21,76.79,0.01,0.0,0.0020287048551058096,0.9854633696468871,0.9978944987549554,,,0.12886634491263804,76.79,7602.21,76.79,0.0,0.99,0.01,0.0
NONFIBROTIC ILD ADJUDICATED,18,1216535003,genomic,0.0,0.005038292245437686,0.9779623131903834,0.997878383637494,,,0.07190193555508367,153.58,7525.42,153.58,0.02,0.1936076805344365,0.024402623692136836,0.9812585376413488,0.9982934825374115,,,0.07190193555508367,153.58,7525.42,153.58,0.02,0.0,0.002028704855105809,0.9745896451187815,0.9978710571944039,,,0.07190193555508367,153.58,7525.42,153.58,0.0,0.98,0.02,0.0
NONFIBROTIC ILD ADJUDICATED,18,1216535003,genomic,0.125,0.005038292245437686,0.9482846003898636,0.9980845663920145,,,0.037523584417693635,383.95000000000005,7295.05,385.95,0.05,0.36022827265758695,0.018694818983814993,0.9534176381022764,0.9986055962706862,,,0.037523584417693635,383.95000000000005,7295.05,385.95,0.05,0.03497748774324047,0.0020287048551058087,0.9430044162058977,0.9978765336539906,,,0.037523584417693635,383.95000000000005,7295.05,385.95,0.125,0.95,0.05,0.0
NONFIBROTIC ILD ADJUDICATED,18,1216535003,genomic,0.25,0.005038292245437681,0.898648473034438,0.9982666724411708,,,0.018846269897969992,767.9000000000001,6911.1,771.9,0.1,0.49498316535508774,0.013247723548346288,0.9056555369991162,0.9988405709869635,,,0.018846269897969992,767.9000000000001,6911.1,771.9,0.1,0.10182067491213048,0.0020287048551058087,0.8914435183597512,0.9979089008146523,,,0.018846269897969992,767.9000000000001,6911.1,771.9,0.25,0.9,0.1,0.0
NONFIBROTIC ILD ADJUDICATED,18,1216535003,combined,0.0,0.024999999999999998,0.9969228070175439,0.9979186507160284,,,0.5561812153742052,7.679,7671.321,7.679000000000001,0.001,0.1936076805344365,0.27753279986288915,0.9978240523900588,0.9983217773973239,,,0.5561812153742052,7.679,7671.321,7.679000000000001,0.001,0.0,0.00472446704053563,0.9959261573425542,0.9979165721881269,,,0.5561812153742052,7.679,7671.321,7.679000000000001,0.0,0.999,0.001,0.0
NONFIBROTIC ILD ADJUDICATED,18,1216535003,combined,0.0625,0.024999999999999998,0.9930610786224822,0.9980406512534066,,,0.31740370190249895,38.395,7640.605,39.395,0.005,0.28328737570298945,0.1306263979333156,0.9948663079226597,0.9985034250935446,,,0.31740370190249895,38.395,7640.605,39.395,0.005,0.01111934476464252,0.004495723819658166,0.9911141163575179,0.9979296601472057,,,0.31740370190249895,38.395,7640.605,39.395,0.0625,0.995,0.005,0.0
NONFIBROTIC ILD ADJUDICATED,18,1216535003,combined,0.0625,0.012855477855477854,0.9880714749837557,0.9980307750419266,,,0.2016048620641285,76.79,7602.21,77.79,0.01,0.28328737570298945,0.06928778803427665,0.9905197168638934,0.9984968638056275,,,0.2016048620641285,76.79,7602.21,77.79,0.01,0.01111934476464252,0.0029714219570158816,0.9854864897919468,0.9979178618026102,,,0.2016048620641285,76.79,7602.21,77.79,0.0625,0.99,0.01,0.0
NONFIBROTIC ILD ADJUDICATED,18,1216535003,combined,0.125,0.010273972602739724,0.9782222222222222,0.9981430932273311,,,0.14647084004126174,153.58,7525.42,155.58,0.02,0.36022827265758695,0.04317566681026005,0.981604987215614,0.9986456136722623,,,0.14647084004126174,153.58,7525.42,155.58,0.02,0.03497748774324047,0.0029714219570158816,0.9746623728385856,0.9979453692670687,,,0.14647084004126174,153.58,7525.42,155.58,0.125,0.98,0.02,0.0
NONFIBROTIC ILD ADJUDICATED,18,1216535003,combined,0.25,0.008695652173913044,0.9485445094217025,0.9983577503902842,,,0.06696509923881722,383.95000000000005,7295.05,387.95000000000005,0.05,0.49498316535508774,0.02517967444389986,0.9536978302118488,0.9988989756612178,,,0.06696509923881722,383.95000000000005,7295.05,387.95000000000005,0.05,0.10182067491213048,0.0029714219570158816,0.9431434013903944,0.9980233268003532,,,0.06696509923881722,383.95000000000005,7295.05,387.95000000000005,0.25,0.95,0.05,0.0
NONFIBROTIC ILD ADJUDICATED,18,1216535003,combined,0.3125,0.006729475100942126,0.8987784275503574,0.9984108868666071,,,0.028232385896558118,767.9000000000001,6911.1,772.9000000000001,0.1,0.5559564416525933,0.015124263286507442,0.9057823170408004,0.9989804120809168,,,0.028232385896558118,767.9000000000001,6911.1,772.9000000000001,0.1,0.14164643854782039,0.0029063684400381703,0.8915263269651015,0.9980014359910003,,,0.028232385896558118,767.9000000000001,6911.1,772.9000000000001,0.3125,0.9,0.1,0.0
NONFIBROTIC ILD ADJUDICATED,19,792446869,zebra,0.012150316455696203,0.03420582986317668,0.9969480708334362,0.9979441102131895,,,1.0,7.679000000000001,7671.321,7.87340506329114,0.001,0.20980362391309057,0.0923944170169832,0.9975554445436898,0.9983551833427161,,,1.0,7.679000000000001,7671.321,7.87340506329114,0.001,0.003399900359244856,0.012622550606341666,0.9962355102831153,0.9979243213847785,,,1.0,7.679000000000001,7671.321,7.87340506329114,0.012150316455696203,0.999,0.001,0.0
NONFIBROTIC ILD ADJUDICATED,19,792446869,zebra,0.060751582278481014,0.03420582986317668,0.9930574431860242,0.9980376400847907,,,1.0,38.395,7640.605,39.3670253164557,0.005,0.2745873974277069,0.0923944170169832,0.9944840594235553,0.998485454430846,,,1.0,38.395,7640.605,39.3670253164557,0.005,0.016999501796224278,0.012622550606341666,0.9914905016805472,0.9979428479533582,,,1.0,38.395,7640.605,39.3670253164557,0.060751582278481014,0.995,0.005,0.0
NONFIBROTIC ILD ADJUDICATED,19,792446869,zebra,0.12150316455696203,0.03420582986317668,0.9881941586267591,0.9981545524242922,,,1.0,76.79,7602.21,78.7340506329114,0.01,0.3555671143209773,0.09239441701698319,0.9906448280233873,0.9986482932910083,,,1.0,76.79,7602.21,78.7340506329114,0.01,0.033999003592448555,0.012622550606341666,0.9855592409273369,0.9979660061640829,,,1.0,76.79,7602.21,78.7340506329114,0.12150316455696203,0.99,0.01,0.0
NONFIBROTIC ILD ADJUDICATED,19,792446869,zebra,0.25,0.02538418124647262,0.9784821312540611,0.9984079432947279,,,0.999969785291303,153.58,7525.42,157.58,0.02,0.49498316535508774,0.0634433883036137,0.9818851793251864,0.9989305825086291,,,0.999969785291303,153.58,7525.42,157.58,0.02,0.10182067491213048,0.009914700027544226,0.9748013580230823,0.9980874129954797,,,0.999969785291303,153.58,7525.42,157.58,0.25,0.98,0.02,0.0
NONFIBROTIC ILD ADJUDICATED,19,792446869,zebra,0.3125,0.012855126812074312,0.948674463937622,0.998494398476634,,,0.9988879798864216,383.95000000000005,7295.05,388.95000000000005,0.05,0.5559564416525933,0.029735602917520896,0.953824610253533,0.9990317792768534,,,0.9988879798864216,383.95000000000005,7295.05,388.95000000000005,0.05,0.14164643854782039,0.0054892415568585625,0.9432262099957447,0.9981108079920087,,,0.9988879798864216,383.95000000000005,7295.05,388.95000000000005,0.3125,0.95,0.05,0.0
NONFIBROTIC ILD ADJUDICATED,19,792446869,zebra,0.5,0.009894459102902374,0.8991682910981157,0.9988437802582651,,,0.986478538751398,767.9000000000001,6911.1,775.9000000000001,0.1,0.7200043638967398,0.01981264143952992,0.9061234173339656,0.9993568474598599,,,0.986478538751398,767.9000000000001,6911.1,775.9000000000001,0.1,0.27999563610326017,0.004918883649836015,0.8918139926130401,0.9983230238026473,,,0.986478538751398,767.9000000000001,6911.1,775.9000000000001,0.5,0.9,0.1,0.0
NONFIBROTIC ILD ADJUDICATED,19,792446869,genomic,0.0,0.001743161912425098,0.9969228070175439,0.9979186507160284,,,0.5687200703807516,7.679,7671.321,7.679000000000001,0.001,0.1936076805344365,0.27753279986288915,0.9978240523900588,0.9983217773973239,,,0.5687200703807516,7.679,7671.321,7.679000000000001,0.001,0.0,0.0009110822695258181,0.9959261573425542,0.9979165721881269,,,0.5687200703807516,7.679,7671.321,7.679000000000001,0.0,0.999,0.001,0.0
NONFIBROTIC ILD ADJUDICATED,19,792446869,genomic,0.0,0.001743161912425098,0.9929311241065627,0.9979103009669136,,,0.10371242882746357,38.395,7640.605,38.395,0.005,0.1936076805344365,0.09096337749096901,0.9946798394206848,0.9983164792695998,,,0.10371242882746357,38.395,7640.605,38.395,0.005,0.0,0.0009110822695258181,0.9910909962124582,0.9979064292074967,,,0.10371242882746357,38.395,7640.605,38.395,0.0,0.995,0.005,0.0
NONFIBROTIC ILD ADJUDICATED,19,792446869,genomic,0.0,0.001743161912425098,0.9879415204678362,0.997899769099863,,,0.036040576839874584,76.79,7602.21,76.79,0.01,0.1936076805344365,0.04764340883680176,0.9903332483619185,0.9983090997612283,,,0.036040576839874584,76.79,7602.21,76.79,0.01,0.0,0.0009110822695258181,0.9854633696468871,0.9978944987549554,,,0.036040576839874584,76.79,7602.21,76.79,0.0,0.99,0.01,0.0
NONFIBROTIC ILD ADJUDICATED,19,792446869,genomic,0.0,0.001743161912425098,0.9779623131903834,0.997878383637494,,,0.01694787392484909,153.58,7525.42,153.58,0.02,0.1936076805344365,0.024402623692136836,0.9812585376413488,0.9982934825374115,,,0.01694787392484909,153.58,7525.42,153.58,0.02,0.0,0.0009110822695258181,0.9745896451187815,0.9978710571944039,,,0.01694787392484909,153.58,7525.42,153.58,0.0,0.98,0.02,0.0
NONFIBROTIC ILD ADJUDICATED,19,792446869,genomic,0.0,0.001743161912425098,0.9480246913580248,0.9978115318573644,,,0.00313176099671466,383.95000000000005,7295.05,383.95000000000005,0.05,0.1936076805344365,0.009905994444976836,0.9530711885280113,0.9982430791907458,,,0.00313176099671466,383.95000000000005,7295.05,383.95000000000005,0.05,0.0,0.0009110822695258181,0.9429316884860937,0.9977997374177304,,,0.00313176099671466,383.95000000000005,7295.05,383.95000000000005,0.0,0.95,0.05,0.0
NONFIBROTIC ILD ADJUDICATED,19,792446869,genomic,0.0625,0.001743161912425098,0.8982586094866797,0.9978342790274269,,,0.0006650784940215857,767.9000000000001,6911.1,768.9000000000001,0.1,0.28328737570298945,0.007329779726867508,0.9052153638172535,0.9983553543534605,,,0.0006650784940215857,767.9000000000001,6911.1,768.9000000000001,0.1,0.01111934476464252,0.0009110822695258181,0.8912549256005101,0.9976982202699737,,,0.0006650784940215857,767.9000000000001,6911.1,768.9000000000001,0.0625,0.9,0.1,0.0
NONFIBROTIC ILD ADJUDICATED,19,792446869,combined,0.0,0.002182725288431557,0.9969228070175439,0.9979186507160284,,,0.38175280012499424,7.679,7671.321,7.679000000000001,0.001,0.1936076805344365,0.27753279986288915,0.9978240523900588,0.9983217773973239,,,0.38175280012499424,7.679,7671.321,7.679000000000001,0.001,0.0,0.0011757717696119895,0.9959261573425542,0.9979165721881269,,,0.38175280012499424,7.679,7671.321,7.679000000000001,0.0,0.999,0.001,0.0
NONFIBROTIC ILD ADJUDICATED,19,792446869,combined,0.0,0.002182725288431557,0.9929311241065627,0.9979103009669136,,,0.24573279115730043,38.395,7640.605,38.395,0.005,0.1936076805344365,0.09096337749096901,0.9946798394206848,0.9983164792695998,,,0.24573279115730043,38.395,7640.605,38.395,0.005,0.0,0.0011757717696119895,0.9910909962124582,0.9979064292074967,,,0.24573279115730043,38.395,7640.605,38.395,0.0,0.995,0.005,0.0
NONFIBROTIC ILD ADJUDICATED,19,792446869,combined,0.0,0.002182725288431557,0.9879415204678362,0.997899769099863,,,0.1794965849490443,76.79,7602.21,76.79,0.01,0.1936076805344365,0.04764340883680176,0.9903332483619185,0.9983090997612283,,,0.1794965849490443,76.79,7602.21,76.79,0.01,0.0,0.0011757717696119895,0.9854633696468871,0.9978944987549554,,,0.1794965849490443,76.79,7602.21,76.79,0.0,0.99,0.01,0.0
NONFIBROTIC ILD ADJUDICATED,19,792446869,combined,0.0,0.002182725288431557,0.9779623131903834,0.997878383637494,,,0.12420364351136962,153.58,7525.42,153.58,0.02,0.1936076805344365,0.024402623692136836,0.9812585376413488,0.9982934825374115,,,0.12420364351136962,153.58,7525.42,153.58,0.02,0.0,0.0011757717696119895,0.9745896451187815,0.9978710571944039,,,0.12420364351136962,153.58,7525.42,153.58,0.0,0.98,0.02,0.0
NONFIBROTIC ILD ADJUDICATED,19,792446869,combined,0.0,0.002182725288431557,0.9480246913580248,0.9978115318573644,,,0.05818896880364108,383.95000000000005,7295.05,383.95000000000005,0.05,0.1936076805344365,0.009905994444976836,0.9530711885280113,0.9982430791907458,,,0.05818896880364108,383.95000000000005,7295.05,383.95000000000005,0.05,0.0,0.0011757717696119895,0.9429316884860937,0.9977997374177304,,,0.05818896880364108,383.95000000000005,7295.05,383.95000000000005,0.0,0.95,0.05,0.0
NONFIBROTIC ILD ADJUDICATED,19,792446869,combined,0.0625,0.002182725288431557,0.8982586094866797,0.9978342790274269,,,0.008656311206153008,767.9000000000001,6911.1,768.9000000000001,0.1,0.28328737570298945,0.007269008848584711,0.9052153638172535,0.9983553543534605,,,0.008656311206153008,767.9000000000001,6911.1,768.9000000000001,0.1,0.01111934476464252,0.0011757717696119895,0.8912549256005101,0.9976982202699737,,,0.008656311206153008,767.9000000000001,6911.1,768.9000000000001,0.0625,0.9,0.1,0.0
NONFIBROTIC ILD ADJUDICATED,20,849958185,zebra,0.017140625,0.03448275862068965,0.9969584470435348,0.997954601697437,,,1.0,7.679,7671.321,7.953250000000001,0.001,0.2152259970849848,0.096540823868744,0.9975613634790184,0.9983665643034001,,,1.0,7.679,7671.321,7.953250000000001,0.001,0.006025820151130559,0.011795820527505975,0.9962463259400441,0.9979298602966878,,,1.0,7.679,7671.321,7.953250000000001,0.017140625,0.999,0.001,0.0
NONFIBROTIC ILD ADJUDICATED,20,849958185,zebra,0.085703125,0.03448275862068964,0.9931093242365172,0.9980900975060281,,,1.0,38.395,7640.605,39.76625,0.005,0.30169926328717794,0.096540823868744,0.9945136541001981,0.9985423592342656,,,1.0,38.395,7640.605,39.76625,0.005,0.030129100755652796,0.011795820527505975,0.9915445799651911,0.9979705425129047,,,1.0,38.395,7640.605,39.76625,0.085703125,0.995,0.005,0.0
NONFIBROTIC ILD ADJUDICATED,20,849958185,zebra,0.17140625,0.03448275862068964,0.9882979207277452,0.9982594672667668,17.140625,0.8368086117511521,1.0,76.79,7602.21,79.5325,0.01,0.40979084603991933,0.09654082386874398,0.9907040173766729,0.9987621028978475,48.6263698883218,0.9514896912924495,1.0,76.79,7602.21,79.5325,0.01,0.06025820151130559,0.011795820527505975,0.9856673974966249,0.998021395283176,4.874668019653218,0.5948583427341085,1.0,76.79,7602.21,79.5325,0.17140625,0.99,0.01,0.0
NONFIBROTIC ILD ADJUDICATED,20,849958185,zebra,0.1875,0.019159725624693775,0.9783521767381417,0.9982755006943465,,,0.9999724307696906,153.58,7525.42,156.58,0.02,0.4300888096197414,0.054811013917662264,0.9817502462918186,0.998793328832326,,,0.9999724307696906,153.58,7525.42,156.58,0.02,0.06591599071428142,0.006537088406967185,0.9747267024094155,0.9980111094648655,,,0.9999724307696906,153.58,7525.42,156.58,0.1875,0.98,0.02,0.0
NONFIBROTIC ILD ADJUDICATED,20,849958185,zebra,0.25,0.01092896174863388,0.9485445094217025,0.9983577503902842,,,0.998673203271557,383.95000000000005,7295.05,387.95000000000005,0.05,0.49498316535508774,0.026207195109994398,0.9536978302118488,0.9988989756612178,,,0.998673203271557,383.95000000000005,7295.05,387.95000000000005,0.05,0.10182067491213048,0.00471030245841738,0.9431434013903944,0.9980233268003532,,,0.998673203271557,383.95000000000005,7295.05,387.95000000000005,0.25,0.95,0.05,0.0
NONFIBROTIC ILD ADJUDICATED,20,849958185,zebra,0.4375,0.009033425022922396,0.8990383365821962,0.9986994407570826,,,0.9851815659343456,767.9000000000001,6911.1,774.9000000000001,0.1,0.6682144360118811,0.018528087386419218,0.9060157319738412,0.9992379761730831,,,0.9851815659343456,767.9000000000001,6911.1,774.9000000000001,0.1,0.23098652405492354,0.0043825478046784294,0.89171208932613,0.9982090801546115,,,0.9851815659343456,767.9000000000001,6911.1,774.9000000000001,0.4375,0.9,0.1,0.0
NONFIBROTIC ILD ADJUDICATED,20,849958185,genomic,0.0,0.0016753313251747567,0.9969228070175439,0.9979186507160284,,,0.2835130896716675,7.679,7671.321,7.679000000000001,0.001,0.1936076805344365,0.27753279986288915,0.9978240523900588,0.9983217773973239,,,0.2835130896716675,7.679,7671.321,7.679000000000001,0.001,0.0,0.000898060451466028,0.9959261573425542,0.9979165721881269,,,0.2835130896716675,7.679,7671.321,7.679000000000001,0.0,0.999,0.001,0.0
NONFIBROTIC ILD ADJUDICATED,20,849958185,genomic,0.0,0.0016753313251747567,0.9929311241065627,0.9979103009669136,,,0.2170195158890826,38.395,7640.605,38.395,0.005,0.1936076805344365,0.09096337749096901,0.9946798394206848,0.9983164792695998,,,0.2170195158890826,38.395,7640.605,38.395,0.005,0.0,0.000898060451466028,0.9910909962124582,0.9979064292074967,,,0.2170195158890826,38.395,7640.605,38.395,0.0,0.995,0.005,0.0
NONFIBROTIC ILD ADJUDICATED,20,849958185,genomic,0.0,0.0016753313251747567,0.9879415204678362,0.997899769099863,,,0.17882141099812052,76.79,7602.21,76.79,0.01,0.1936076805344365,0.04764340883680176,0.9903332483619185,0.9983090997612283,,,0.17882141099812052,76.79,7602.21,76.79,0.01,0.0,0.000898060451466028,0.9854633696468871,0.9978944987549554,,,0.17882141099812052,76.79,7602.21,76.79,0.0,0.99,0.01,0.0
NONFIBROTIC ILD ADJUDICATED,20,849958185,genomic,0.0,0.0016753313251747567,0.9779623131903834,0.997878383637494,,,0.151654515316794,153.58,7525.42,153.58,0.02,0.1936076805344365,0.024402623692136836,0.9812585376413488,0.9982934825374115,,,0.151654515316794,153.58,7525.42,153.58,0.02,0.0,0.000898060451466028,0.9745896451187815,0.9978710571944039,,,0.151654515316794,153.58,7525.42,153.58,0.0,0.98,0.02,0.0
NONFIBROTIC ILD ADJUDICATED,20,849958185,genomic,0.0,0.0016753313251747567,0.9480246913580248,0.9978115318573644,,,0.11640576377923731,383.95000000000005,7295.05,383.95000000000005,0.05,0.1936076805344365,0.009905994444976836,0.9530711885280113,0.9982430791907458,,,0.11640576377923731,383.95000000000005,7295.05,383.95000000000005,0.05,0.0,0.0008980604514660275,0.9429316884860937,0.9977997374177304,,,0.11640576377923731,383.95000000000005,7295.05,383.95000000000005,0.0,0.95,0.05,0.0
NONFIBROTIC ILD ADJUDICATED,20,849958185,genomic,0.0,0.0016753313251747567,0.8981286549707602,0.9976902311169167,,,0.08799526791289962,767.9000000000001,6911.1,767.9000000000001,0.1,0.1936076805344365,0.00497765068583608,0.9050288953152786,0.9981499464278752,,,0.08799526791289962,767.9000000000001,6911.1,767.9000000000001,0.1,0.0,0.0008980604514660275,0.8912318054554504,0.9976723984390342,,,0.08799526791289962,767.9000000000001,6911.1,767.9000000000001,0.0,0.9,0.1,0.0
NONFIBROTIC ILD ADJUDICATED,20,849958185,combined,0.0,0.003125462389391819,0.9969228070175439,0.9979186507160284,,,0.5478130970427333,7.679,7671.321,7.679000000000001,0.001,0.1936076805344365,0.27753279986288915,0.9978240523900588,0.9983217773973239,,,0.5478130970427333,7.679,7671.321,7.679000000000001,0.001,0.0,0.001657260142861402,0.9959261573425542,0.9979165721881269,,,0.5478130970427333,7.679,7671.321,7.679000000000001,0.0,0.999,0.001,0.0
NONFIBROTIC ILD ADJUDICATED,20,849958185,combined,0.0,0.003125462389391819,0.9929311241065627,0.9979103009669136,,,0.26890391538197955,38.395,7640.605,38.395,0.005,0.1936076805344365,0.09096337749096901,0.9946798394206848,0.9983164792695998,,,0.26890391538197955,38.395,7640.605,38.395,0.005,0.0,0.001657260142861402,0.9910909962124582,0.9979064292074967,,,0.26890391538197955,38.395,7640.605,38.395,0.0,0.995,0.005,0.0
NONFIBROTIC ILD ADJUDICATED,20,849958185,combined,0.0,0.003125462389391819,0.9879415204678362,0.997899769099863,,,0.17835226078982092,76.79,7602.21,76.79,0.01,0.1936076805344365,0.04764340883680176,0.9903332483619185,0.9983090997612283,,,0.17835226078982092,76.79,7602.21,76.79,0.01,0.0,0.001657260142861402,0.9854633696468871,0.9978944987549554,,,0.17835226078982092,76.79,7602.21,76.79,0.0,0.99,0.01,0.0
NONFIBROTIC ILD ADJUDICATED,20,849958185,combined,0.0,0.003125462389391819,0.9779623131903834,0.997878383637494,,,0.10000716879926952,153.58,7525.42,153.58,0.02,0.1936076805344365,0.024402623692136836,0.9812585376413488,0.9982934825374115,,,0.10000716879926952,153.58,7525.42,153.58,0.02,0.0,0.001657260142861402,0.9745896451187815,0.9978710571944039,,,0.10000716879926952,153.58,7525.42,153.58,0.0,0.98,0.02,0.0
NONFIBROTIC ILD ADJUDICATED,20,849958185,combined,0.0,0.0031254623893918186,0.9480246913580248,0.9978115318573644,,,0.03590406685299093,383.95000000000005,7295.05,383.95000000000005,0.05,0.1936076805344365,0.009957594579304696,0.9530711885280113,0.9982430791907458,,,0.03590406685299093,383.95000000000005,7295.05,383.95000000000005,0.05,0.0,0.001657260142861402,0.9429316884860937,0.9977997374177304,,,0.03590406685299093,383.95000000000005,7295.05,383.95000000000005,0.0,0.95,0.05,0.0
NONFIBROTIC ILD ADJUDICATED,20,849958185,combined,0.1875,0.0031254623893918186,0.8985185185185185,0.998122499671524,,,0.01519086650780573,767.9000000000001,6911.1,770.9000000000001,0.1,0.4300888096197414,0.00995759457930469,0.9055206039657484,0.9986917799711593,,,0.01519086650780573,767.9000000000001,6911.1,770.9000000000001,0.1,0.06591599071428142,0.001657260142861402,0.8913688627460844,0.9978254909753369,,,0.01519086650780573,767.9000000000001,6911.1,770.9000000000001,0.1875,0.9,0.1,0.0
NONFIBROTIC ILD ADJUDICATED,21,1253658352,zebra,0.01869886363636364,0.04456094364351245,0.9969616870458976,0.99795783779205,,,1.0,7.679,7671.321,7.9781818181818185,0.001,0.21719129858958008,0.11183979752410249,0.9975730805299653,0.9983706574209069,,,1.0,7.679,7671.321,7.9781818181818185,0.001,0.0065736219830515195,0.01712427671934741,0.996239834315138,0.997930985046063,,,1.0,7.679,7671.321,7.9781818181818185,0.01869886363636364,0.999,0.001,0.0
NONFIBROTIC ILD ADJUDICATED,21,1253658352,zebra,0.09349431818181819,0.04456094364351245,0.9931255242483312,0.9981062779790937,,,1.0,38.395,7640.605,39.89090909090909,0.005,0.3115257708101544,0.11183979752410249,0.994572239354933,0.9985628248217999,,,1.0,38.395,7640.605,39.89090909090909,0.005,0.0328681099152576,0.01712427671934741,0.9915121218406606,0.9979761662597808,,,1.0,38.395,7640.605,39.89090909090909,0.09349431818181819,0.995,0.005,0.0
NONFIBROTIC ILD ADJUDICATED,21,1253658352,zebra,0.18698863636363638,0.04456094364351244,0.9883303207513734,0.9982918282128981,,,1.0,76.79,7602.21,79.78181818181818,0.01,0.4294438610858724,0.11183979752410247,0.9908211878861425,0.998803034072916,,,1.0,76.79,7602.21,79.78181818181818,0.01,0.0657362198305152,0.01712427671934741,0.9856024812475638,0.998032642776928,,,1.0,76.79,7602.21,79.78181818181818,0.18698863636363638,0.99,0.01,0.0
NONFIBROTIC ILD ADJUDICATED,21,1253658352,zebra,0.25,0.02538418124647262,0.9784821312540611,0.9984079432947279,,,0.9999789718591622,153.58,7525.42,157.58,0.02,0.49498316535508774,0.0634433883036137,0.9818851793251864,0.9989305825086291,,,0.9999789718591622,153.58,7525.42,157.58,0.02,0.10182067491213048,0.009914700027544226,0.9748013580230823,0.9980874129954797,,,0.9999789718591622,153.58,7525.42,157.58,0.25,0.98,0.02,0.0
NONFIBROTIC ILD ADJUDICATED,21,1253658352,zebra,0.3125,0.012855126812074312,0.948674463937622,0.998494398476634,,,0.9987358341444413,383.95000000000005,7295.05,388.95000000000005,0.05,0.5559564416525933,0.029735602917520896,0.953824610253533,0.9990317792768534,,,0.9987358341444413,383.95000000000005,7295.05,388.95000000000005,0.05,0.14164643854782039,0.005503103986723824,0.9432262099957447,0.9981108079920087,,,0.9987358341444413,383.95000000000005,7295.05,388.95000000000005,0.3125,0.95,0.05,0.0
NONFIBROTIC ILD ADJUDICATED,21,1253658352,zebra,0.5,0.010107816711590294,0.8991682910981157,0.9988437802582651,,,0.9860142154428468,767.9000000000001,6911.1,775.9000000000001,0.1,0.7200043638967398,0.02021259151370982,0.9061234173339656,0.9993568474598599,,,0.9860142154428468,767.9000000000001,6911.1,775.9000000000001,0.1,0.27999563610326017,0.005003712224632368,0.8918139926130401,0.9983230238026473,,,0.9860142154428468,767.9000000000001,6911.1,775.9000000000001,0.5,0.9,0.1,0.0
NONFIBROTIC ILD ADJUDICATED,21,1253658352,genomic,0.0011082038188277089,0.002303739145844409,0.996925111274997,0.9979215696855124,,,1.0,7.679000000000001,7671.321,7.696731261101244,0.001,0.19461764815938873,0.003937775796788443,0.9973410914162908,0.9983242270964476,,,1.0,7.679000000000001,7671.321,7.696731261101244,0.001,0.0007773264708579052,0.0013468526168674835,0.9964128345873469,0.9979177888028639,,,1.0,7.679000000000001,7671.321,7.696731261101244,0.0011082038188277089,0.999,0.001,0.0
NONFIBROTIC ILD ADJUDICATED,21,1253658352,genomic,0.0055410190941385445,0.002303739145844409,0.992942645393828,0.9979249374464053,,,1.0,38.395,7640.605,38.48365630550622,0.005,0.19865751865919767,0.003937775796788443,0.9934122937865603,0.9983306731995032,,,1.0,38.395,7640.605,38.48365630550622,0.005,0.003886632354289526,0.0013468526168674835,0.992377123201705,0.9979101850437851,,,1.0,38.395,7640.605,38.48365630550622,0.0055410190941385445,0.995,0.005,0.0
NONFIBROTIC ILD ADJUDICATED,21,1253658352,genomic,0.011082038188277089,0.002303739145844409,0.9879645630423668,0.9979291471475215,,,1.0,76.79,7602.21,76.96731261101245,0.01,0.20370735678395888,0.003937775796788443,0.9885012967493972,0.9983387308283228,,,1.0,76.79,7602.21,76.96731261101245,0.01,0.007773264708579052,0.0013468526168674833,0.9873324839696527,0.9979006803449366,,,1.0,76.79,7602.21,76.96731261101245,0.011082038188277089,0.99,0.01,0.0
NONFIBROTIC ILD ADJUDICATED,21,1253658352,genomic,0.022164076376554178,0.002303739145844409,0.9780083983394444,0.9979375665497537,,,1.0,153.58,7525.42,153.9346252220249,0.02,0.21380703303348125,0.003937775796788443,0.9786793026750711,0.9983548460859619,,,1.0,153.58,7525.42,153.9346252220249,0.02,0.015546529417158105,0.0013468526168674833,0.9772432055055479,0.9978816709472398,,,1.0,153.58,7525.42,153.9346252220249,0.022164076376554178,0.98,0.02,0.0
NONFIBROTIC ILD ADJUDICATED,21,1253658352,genomic,0.05541019094138544,0.002303739145844409,0.9481399042306774,0.9979628247564507,,,1.0,383.95000000000005,7295.05,384.83656305506224,0.05,0.24410606178204836,0.003937775796788443,0.9492133204520925,0.9984031918588792,,,1.0,383.95000000000005,7295.05,384.83656305506224,0.05,0.038866323542895265,0.0013468526168674833,0.9469753701132337,0.9978246427541491,,,1.0,383.95000000000005,7295.05,384.83656305506224,0.05541019094138544,0.95,0.05,0.0
NONFIBROTIC ILD ADJUDICATED,21,1253658352,genomic,0.11082038188277088,0.0023037391458444086,0.8983590807160655,0.9980049217676122,,,1.0,767.9000000000001,6911.1,769.6731261101245,0.1,0.29460444302966027,0.003937775796788443,0.9001033500804617,0.9984837681470746,,,1.0,767.9000000000001,6911.1,769.6731261101245,0.1,0.07773264708579053,0.0013468526168674833,0.8965289777927102,0.9977295957656647,,,1.0,767.9000000000001,6911.1,769.6731261101245,0.11082038188277088,0.9,0.1,0.0
NONFIBROTIC ILD ADJUDICATED,21,1253658352,combined,0.003691826923076923,0.0076335877862595426,0.9969304833308342,0.9979268328132029,,,1.0,7.679,7671.321,7.738069230769231,0.001,0.19788841305232316,0.017743892947117264,0.9974052426091499,0.9983305807804902,,,1.0,7.679,7671.321,7.738069230769231,0.001,0.0016733892332441735,0.003264892452438361,0.9963573473636217,0.9979210658690263,,,1.0,7.679,7671.321,7.738069230769231,0.003691826923076923,0.999,0.001,0.0
NONFIBROTIC ILD ADJUDICATED,21,1253658352,combined,0.018459134615384617,0.0076335877862595426,0.9929695056730145,0.9979512530848578,,,1.0,38.395,7640.605,38.69034615384616,0.005,0.21501134312386977,0.017743892947117264,0.9937330497508555,0.998362441619716,,,1.0,38.395,7640.605,38.69034615384616,0.005,0.008366946166220869,0.003264892452438361,0.9920996870830792,0.9979265703745974,,,1.0,38.395,7640.605,38.69034615384616,0.018459134615384617,0.995,0.005,0.0
NONFIBROTIC ILD ADJUDICATED,21,1253658352,combined,0.036918269230769234,0.0076335877862595426,0.9880182836007397,0.9979817784244265,,,1.0,76.79,7602.21,77.38069230769231,0.01,0.23641500571330304,0.017743892947117264,0.9891428086779877,0.9984022676687484,,,1.0,76.79,7602.21,77.38069230769231,0.01,0.016733892332441738,0.003264892452438361,0.9867776117324009,0.9979334510065614,,,1.0,76.79,7602.21,77.38069230769231,0.036918269230769234,0.99,0.01,0.0
NONFIBROTIC ILD ADJUDICATED,21,1253658352,combined,0.07383653846153847,0.0076335877862595426,0.9781158394561903,0.9980428291035638,,,1.0,153.58,7525.42,154.76138461538463,0.02,0.2792223308921696,0.017743892947117264,0.9799623265322519,0.998481919766813,,,1.0,153.58,7525.42,154.76138461538463,0.02,0.033467784664883475,0.003264892452438361,0.9761334610310445,0.9979472122704891,,,1.0,153.58,7525.42,154.76138461538463,0.07383653846153847,0.98,0.02,0.0
NONFIBROTIC ILD ADJUDICATED,21,1253658352,combined,0.18459134615384618,0.0076335877862595426,0.9484085070225421,0.9982259811409756,,,1.0,383.95000000000005,7295.05,386.90346153846156,0.05,0.40764430642876925,0.017743892947117264,0.9524208800950446,0.998720876061007,,,1.0,383.95000000000005,7295.05,386.90346153846156,0.05,0.08366946166220868,0.003264892452438359,0.9442010089269751,0.9979884960622726,,,1.0,383.95000000000005,7295.05,386.90346153846156,0.18459134615384618,0.95,0.05,0.0
NONFIBROTIC ILD ADJUDICATED,21,1253658352,combined,0.3125,0.006469143167391697,0.8987784275503574,0.9984108868666071,,,5.909260913235717e-231,767.9000000000001,6911.1,772.9000000000001,0.1,0.5559564416525933,0.015053603657021535,0.9057823170408004,0.9989804120809168,,,5.909260913235717e-231,767.9000000000001,6911.1,772.9000000000001,0.1,0.14164643854782039,0.002766303765722464,0.8915263269651015,0.9980014359910003,,,5.909260913235717e-231,767.9000000000001,6911.1,772.9000000000001,0.3125,0.9,0.1,0.0
NONFIBROTIC ILD ADJUDICATED,22,436760030,zebra,0.014326492537313431,0.040049039640375976,0.996952595695984,0.9979486297293041,,,1.0,7.678999999999999,7671.321,7.908223880597014,0.001,0.21270438989135698,0.11184314600204051,0.9975764818140942,0.9983612308520784,,,1.0,7.678999999999999,7671.321,7.908223880597014,0.001,0.004008837737020053,0.014756644104960899,0.9962217706415214,0.9979255594099697,,,1.0,7.678999999999999,7671.321,7.908223880597014,0.014326492537313431,0.999,0.001,0.0
NONFIBROTIC ILD ADJUDICATED,22,436760030,zebra,0.07163246268656716,0.040049039640375976,0.9930800674987635,0.9980602376653639,,,1.0,38.394999999999996,7640.605,39.541119402985075,0.005,0.2890912273190389,0.11184314600204048,0.9945892457755775,0.9985156919776572,,,1.0,38.394999999999996,7640.605,39.541119402985075,0.005,0.020044188685100266,0.014756644104960899,0.9914218034725775,0.9979490380793143,,,1.0,38.394999999999996,7640.605,39.541119402985075,0.07163246268656716,0.995,0.005,0.0
NONFIBROTIC ILD ADJUDICATED,22,436760030,zebra,0.1875,0.040049039640375976,0.9883313840155945,0.9982928901452243,,,0.9999990346759231,76.79,7602.21,79.79,0.01,0.4300888096197414,0.1048104205234943,0.9908249570123883,0.9988043771827548,,,0.9999990346759231,76.79,7602.21,79.79,0.01,0.06591599071428142,0.014756644104960895,0.985600426937521,0.9980330119646759,,,0.9999990346759231,76.79,7602.21,79.79,0.1875,0.99,0.01,0.0
NONFIBROTIC ILD ADJUDICATED,22,436760030,zebra,0.25,0.02538418124647262,0.9784821312540611,0.9984079432947279,,,0.9999499656450753,153.58,7525.42,157.58,0.02,0.49498316535508774,0.0634433883036137,0.9818851793251864,0.9989305825086291,,,0.9999499656450753,153.58,7525.42,157.58,0.02,0.10182067491213048,0.009914700027544226,0.9748013580230823,0.9980874129954797,,,0.9999499656450753,153.58,7525.42,157.58,0.25,0.98,0.02,0.0
NONFIBROTIC ILD ADJUDICATED,22,436760030,zebra,0.3125,0.013303769401330377,0.948674463937622,0.998494398476634,,,0.9983374721119836,383.95000000000005,7295.05,388.95000000000005,0.05,0.5559564416525933,0.029735602917520896,0.953824610253533,0.9990317792768534,,,0.9983374721119836,383.95000000000005,7295.05,388.95000000000005,0.05,0.14164643854782039,0.0061408847965898775,0.9432262099957447,0.9981108079920087,,,0.9983374721119836,383.95000000000005,7295.05,388.95000000000005,0.3125,0.95,0.05,0.0
NONFIBROTIC ILD ADJUDICATED,22,436760030,zebra,0.5,0.010310608579980046,0.8991682910981157,0.9988437802582651,,,0.9860250799250156,767.9000000000001,6911.1,775.9000000000001,0.1,0.7200043638967398,0.02021259151370982,0.9061234173339656,0.9993568474598599,,,0.9860250799250156,767.9000000000001,6911.1,775.9000000000001,0.1,0.27999563610326017,0.005233614451525993,0.8918139926130401,0.9983230238026473,,,0.9860250799250156,767.9000000000001,6911.1,775.9000000000001,0.5,0.9,0.1,0.0
NONFIBROTIC ILD ADJUDICATED,22,436760030,genomic,0.0,0.0030167109911483354,0.9969228070175439,0.9979186507160284,,,0.40024824723534336,7.679,7671.321,7.679000000000001,0.001,0.1936076805344365,0.27753279986288915,0.9978240523900588,0.9983217773973239,,,0.40024824723534336,7.679,7671.321,7.679000000000001,0.001,0.0,0.0009905758533349355,0.9959261573425542,0.9979165721881269,,,0.40024824723534336,7.679,7671.321,7.679000000000001,0.0,0.999,0.001,0.0
NONFIBROTIC ILD ADJUDICATED,22,436760030,genomic,0.0,0.0030167109911483354,0.9929311241065627,0.9979103009669136,,,0.36145802275576494,38.395,7640.605,38.395,0.005,0.1936076805344365,0.09096337749096901,0.9946798394206848,0.9983164792695998,,,0.36145802275576494,38.395,7640.605,38.395,0.005,0.0,0.0009905758533349355,0.9910909962124582,0.9979064292074967,,,0.36145802275576494,38.395,7640.605,38.395,0.0,0.995,0.005,0.0
NONFIBROTIC ILD ADJUDICATED,22,436760030,genomic,0.0,0.0030167109911483354,0.9879415204678362,0.997899769099863,,,0.3338728914124244,76.79,7602.21,76.79,0.01,0.1936076805344365,0.04764340883680176,0.9903332483619185,0.9983090997612283,,,0.3338728914124244,76.79,7602.21,76.79,0.01,0.0,0.0009905758533349355,0.9854633696468871,0.9978944987549554,,,0.3338728914124244,76.79,7602.21,76.79,0.0,0.99,0.01,0.0
NONFIBROTIC ILD ADJUDICATED,22,436760030,genomic,0.0,0.0030167109911483354,0.9779623131903834,0.9978783836158538,,,0.30639077410864607,153.58,7525.42,153.58,0.02,0.1936076805344365,0.024403190294457953,0.9812585277747682,0.9982934825055126,,,0.30639077410864607,153.58,7525.42,153.58,0.02,0.0,0.0009905758533349355,0.9745896549853622,0.9978710571906081,,,0.30639077410864607,153.58,7525.42,153.58,0.0,0.98,0.02,0.0
NONFIBROTIC ILD ADJUDICATED,22,436760030,genomic,0.125,0.0030167109911483354,0.9482846003898636,0.9980845663920145,,,0.1892291839527913,383.95000000000005,7295.05,385.95,0.05,0.36022827265758695,0.01595114820420421,0.9534176381022764,0.9986055962706862,,,0.1892291839527913,383.95000000000005,7295.05,385.95,0.05,0.03497748774324047,0.0009905758533349355,0.9430044162058977,0.9978765336539906,,,0.1892291839527913,383.95000000000005,7295.05,385.95,0.125,0.95,0.05,0.0
NONFIBROTIC ILD ADJUDICATED,22,436760030,genomic,0.125,0.002678301029678983,0.898388564002599,0.997978368539621,,,0.09565517101937941,767.9000000000001,6911.1,769.9000000000001,0.1,0.36022827265758695,0.0094217871067012,0.9053753448895437,0.9985316519397164,,,0.09565517101937941,767.9000000000001,6911.1,769.9000000000001,0.1,0.03497748774324047,0.0009905758533349355,0.8913045331752545,0.9977536292088469,,,0.09565517101937941,767.9000000000001,6911.1,769.9000000000001,0.125,0.9,0.1,0.0
NONFIBROTIC ILD ADJUDICATED,22,436760030,combined,0.0,0.005287900260337002,0.9969228070175439,0.9979186507160284,,,0.8552087147593135,7.679,7671.321,7.679000000000001,0.001,0.1936076805344365,0.27753279986288915,0.9978240523900588,0.9983217773973239,,,0.8552087147593135,7.679,7671.321,7.679000000000001,0.001,0.0,0.001564895955692732,0.9959261573425542,0.9979165721881269,,,0.8552087147593135,7.679,7671.321,7.679000000000001,0.0,0.999,0.001,0.0
NONFIBROTIC ILD ADJUDICATED,22,436760030,combined,0.0,0.005287900260337001,0.9929311241065627,0.9979103009669136,,,0.5667618336474582,38.395,7640.605,38.395,0.005,0.1936076805344365,0.09096337749096901,0.9946798394206848,0.9983164792695998,,,0.5667618336474582,38.395,7640.605,38.395,0.005,0.0,0.001564895955692732,0.9910909962124582,0.9979064292074967,,,0.5667618336474582,38.395,7640.605,38.395,0.0,0.995,0.005,0.0
NONFIBROTIC ILD ADJUDICATED,22,436760030,combined,0.0,0.005287900260337001,0.9879415204678362,0.997899769099863,,,0.4922681579092809,76.79,7602.21,76.79,0.01,0.1936076805344365,0.04764340883680176,0.9903332483619185,0.9983090997612283,,,0.4922681579092809,76.79,7602.21,76.79,0.01,0.0,0.001564895955692732,0.9854633696468871,0.9978944987549554,,,0.4922681579092809,76.79,7602.21,76.79,0.0,0.99,0.01,0.0
NONFIBROTIC ILD ADJUDICATED,22,436760030,combined,0.03625000000000013,0.005287900260337001,0.9780376868096167,0.9979551435040696,,,0.3772545213752177,153.58,7525.42,154.16,0.02,0.2456219037321974,0.03010528575222819,0.9813666893724944,0.9984033956157777,,,0.3772545213752177,153.58,7525.42,154.16,0.02,0.006449219963492684,0.001564895955692732,0.9746030548029161,0.9978847591308178,,,0.3772545213752177,153.58,7525.42,154.16,0.03625000000000013,0.98,0.02,0.0
NONFIBROTIC ILD ADJUDICATED,22,436760030,combined,0.125,0.005287900260337001,0.9482846003898636,0.9980845663920145,,,0.22534266478323153,383.95000000000005,7295.05,385.95,0.05,0.36022827265758695,0.018694818983814993,0.9534176381022764,0.9986055962706862,,,0.22534266478323153,383.95000000000005,7295.05,385.95,0.05,0.03497748774324047,0.001564895955692732,0.9430044162058977,0.9978765336539906,,,0.22534266478323153,383.95000000000005,7295.05,385.95,0.125,0.95,0.05,0.0
NONFIBROTIC ILD ADJUDICATED,22,436760030,combined,0.1875,0.003891555914902217,0.8985185185185185,0.998122499671524,,,0.14107241088345512,767.9000000000001,6911.1,770.9000000000001,0.1,0.4300888096197414,0.011378552206133978,0.9055206039657484,0.9986917799711593,,,0.14107241088345512,767.9000000000001,6911.1,770.9000000000001,0.1,0.06591599071428142,0.0013243439482391209,0.8913688627460844,0.9978254909753369,,,0.14107241088345512,767.9000000000001,6911.1,770.9000000000001,0.1875,0.9,0.1,0.0
NONFIBROTIC ILD ADJUDICATED,23,92685176,zebra,0.0,0.005050595222466697,0.9969228070175439,0.9979186323736824,,,1.0,7.678999999999999,7671.321,7.679000000000001,0.001,0.1936076805344365,0.048723842482805854,0.9975264016367696,0.9983212678491287,,,1.0,7.678999999999999,7671.321,7.679000000000001,0.001,0.0,0.002445110181412569,0.9962238080958435,0.9979171668484909,,,1.0,7.678999999999999,7671.321,7.679000000000001,0.0,0.999,0.001,0.0
NONFIBROTIC ILD ADJUDICATED,23,92685176,zebra,0.0,0.005050595222466697,0.9929311241065627,0.9979102508872552,,,1.0,38.394999999999996,7640.605,38.395,0.005,0.1936076805344365,0.048723842482805854,0.9943388448889547,0.9983158769629086,,,1.0,38.394999999999996,7640.605,38.395,0.005,0.0,0.002445110181412569,0.9914319907441883,0.99790707527192,,,1.0,38.394999999999996,7640.605,38.395,0.0,0.995,0.005,0.0
NONFIBROTIC ILD ADJUDICATED,23,92685176,zebra,0.0,0.005050595222466697,0.9879415204678362,0.997899769099863,,,0.999999975018058,76.79,7602.21,76.79,0.01,0.1936076805344365,0.04764340883680176,0.9903332483619185,0.9983090997612283,,,0.999999975018058,76.79,7602.21,76.79,0.01,0.0,0.002445110181412569,0.9854633696468871,0.9978944987549554,,,0.999999975018058,76.79,7602.21,76.79,0.0,0.99,0.01,0.0
NONFIBROTIC ILD ADJUDICATED,23,92685176,zebra,0.0,0.005050595222466697,0.9779623131903834,0.997878383637494,,,0.9999695549147134,153.58,7525.42,153.58,0.02,0.1936076805344365,0.024402623692136836,0.9812585376413488,0.9982934825374115,,,0.9999695549147134,153.58,7525.42,153.58,0.02,0.0,0.002445110181412569,0.9745896451187815,0.9978710571944039,,,0.9999695549147134,153.58,7525.42,153.58,0.0,0.98,0.02,0.0
NONFIBROTIC ILD ADJUDICATED,23,92685176,zebra,0.0625,0.005050595222466693,0.9481546458739443,0.9979480304494044,,,0.9985225553788933,383.95000000000005,7295.05,384.95000000000005,0.05,0.28328737570298945,0.015249778131273217,0.9532576570299862,0.9984381629428766,,,0.9985225553788933,383.95000000000005,7295.05,384.95000000000005,0.05,0.01111934476464252,0.002445110181412569,0.9429548086311533,0.9978241496627362,,,0.9985225553788933,383.95000000000005,7295.05,384.95000000000005,0.0625,0.95,0.05,0.0
NONFIBROTIC ILD ADJUDICATED,23,92685176,zebra,0.3125,0.005050595222466693,0.8987784275503574,0.9984108868666071,,,0.9859191481067119,767.9000000000001,6911.1,772.9000000000001,0.1,0.5559564416525933,0.015053603657021535,0.9057823170408004,0.9989804120809168,,,0.9859191481067119,767.9000000000001,6911.1,772.9000000000001,0.1,0.14164643854782039,0.002445110181412569,0.8915263269651015,0.9980014359910003,,,0.9859191481067119,767.9000000000001,6911.1,772.9000000000001,0.3125,0.9,0.1,0.0
NONFIBROTIC ILD ADJUDICATED,23,92685176,genomic,0.0,0.0007337890654802517,0.9969228070175439,0.9979185082941293,,,1.0,7.679,7671.321,7.679,0.001,0.1936076805344365,0.0076092380163620965,0.9974065734878901,0.9983209793643134,,,1.0,7.679,7671.321,7.679,0.001,0.0,0.00019424091918129595,0.9963436362447232,0.9979172759123077,,,1.0,7.679,7671.321,7.679,0.0,0.999,0.001,0.0
NONFIBROTIC ILD ADJUDICATED,23,92685176,genomic,0.0,0.0007337890654802517,0.9929311241065627,0.99790963048949,,,1.0,38.395,7640.605,38.395,0.005,0.1936076805344365,0.0076092380163620965,0.9937397041445567,0.9983144345388324,,,1.0,38.395,7640.605,38.395,0.005,0.0,0.00019424091918129595,0.9920311314885865,0.9979076205910041,,,1.0,38.395,7640.605,38.395,0.0,0.995,0.005,0.0
NONFIBROTIC ILD ADJUDICATED,23,92685176,genomic,0.0,0.0007337890654802516,0.9879415204678362,0.9978985332336907,,,1.0,76.79,7602.21,76.79,0.01,0.1936076805344365,0.0076092380163620965,0.9891561174653901,0.9983062535069811,,,1.0,76.79,7602.21,76.79,0.01,0.0,0.00019424091918129595,0.9866405005434156,0.9978955514393746,,,1.0,76.79,7602.21,76.79,0.0,0.99,0.01,0.0
NONFIBROTIC ILD ADJUDICATED,23,92685176,genomic,0.0,0.0007337890654802515,0.9779623131903834,0.9978763387220922,,,1.0,153.58,7525.42,153.58,0.02,0.1936076805344365,0.0076092380163620965,0.9799889441070567,0.9982898914432786,,,1.0,153.58,7525.42,153.58,0.02,0.0,0.00019424091918129595,0.9758592386530738,0.9978714131361157,,,1.0,153.58,7525.42,153.58,0.0,0.98,0.02,0.0
NONFIBROTIC ILD ADJUDICATED,23,92685176,genomic,0.0,0.0007337890654802515,0.9480246913580247,0.997809755187297,,,1.0,383.95000000000005,7295.05,383.95000000000005,0.05,0.1936076805344365,0.007609238016362094,0.9524874240320568,0.998240805252171,,,1.0,383.95000000000005,7295.05,383.95000000000005,0.05,0.0,0.00019424091918129595,0.9435154529820483,0.9977989982263389,,,1.0,383.95000000000005,7295.05,383.95000000000005,0.0,0.95,0.05,0.0
NONFIBROTIC ILD ADJUDICATED,23,92685176,genomic,0.0,0.0007337890654802515,0.8981286549707602,0.9976902311169167,,,1.845546984534698e-46,767.9000000000001,6911.1,767.9000000000001,0.1,0.1936076805344365,0.00497765068583608,0.9050288953152786,0.9981499464278752,,,1.845546984534698e-46,767.9000000000001,6911.1,767.9000000000001,0.1,0.0,0.00019424091918129595,0.8912318054554504,0.9976723984390342,,,1.845546984534698e-46,767.9000000000001,6911.1,767.9000000000001,0.0,0.9,0.1,0.0
NONFIBROTIC ILD ADJUDICATED,23,92685176,combined,0.0,0.002125928021519471,0.9969228070175439,0.9979186507160284,,,0.9141279888833447,7.679,7671.321,7.679000000000001,0.001,0.1936076805344365,0.27753279986288915,0.9978240523900588,0.9983217773973239,,,0.9141279888833447,7.679,7671.321,7.679000000000001,0.001,0.0,0.0011817648005822098,0.9959261573425542,0.9979165721881269,,,0.9141279888833447,7.679,7671.321,7.679000000000001,0.0,0.999,0.001,0.0
NONFIBROTIC ILD ADJUDICATED,23,92685176,combined,0.0,0.002125928021519471,0.9929311241065627,0.9979103009669136,,,0.8017901482311955,38.395,7640.605,38.395,0.005,0.1936076805344365,0.09096337749096901,0.9946798394206848,0.9983164792695998,,,0.8017901482311955,38.395,7640.605,38.395,0.005,0.0,0.0011817648005822098,0.9910909962124582,0.9979064292074967,,,0.8017901482311955,38.395,7640.605,38.395,0.0,0.995,0.005,0.0
NONFIBROTIC ILD ADJUDICATED,23,92685176,combined,0.0,0.002125928021519471,0.9879415204678362,0.997899769099863,,,0.7359293793060468,76.79,7602.21,76.79,0.01,0.1936076805344365,0.04764340883680176,0.9903332483619185,0.9983090997612283,,,0.7359293793060468,76.79,7602.21,76.79,0.01,0.0,0.0011817648005822098,0.9854633696468871,0.9978944987549554,,,0.7359293793060468,76.79,7602.21,76.79,0.0,0.99,0.01,0.0
NONFIBROTIC ILD ADJUDICATED,23,92685176,combined,0.0,0.002125928021519471,0.9779623131903834,0.997878383637494,,,0.6160228599730969,153.58,7525.42,153.58,0.02,0.1936076805344365,0.024402623692136836,0.9812585376413488,0.9982934825374115,,,0.6160228599730969,153.58,7525.42,153.58,0.02,0.0,0.0011817648005822098,0.9745896451187815,0.9978710571944039,,,0.6160228599730969,153.58,7525.42,153.58,0.0,0.98,0.02,0.0
NONFIBROTIC ILD ADJUDICATED,23,92685176,combined,0.0,0.002125928021519471,0.9480246913580248,0.9978115318573644,,,0.37545616431026774,383.95000000000005,7295.05,383.95000000000005,0.05,0.1936076805344365,0.009905994444976836,0.9530711885280113,0.9982430791907458,,,0.37545616431026774,383.95000000000005,7295.05,383.95000000000005,0.05,0.0,0.0011817648005822098,0.9429316884860937,0.9977997374177304,,,0.37545616431026774,383.95000000000005,7295.05,383.95000000000005,0.0,0.95,0.05,0.0
NONFIBROTIC ILD ADJUDICATED,23,92685176,combined,0.0,0.002125928021519471,0.8981286549707602,0.9976902311169167,,,0.17539395663833518,767.9000000000001,6911.1,767.9000000000001,0.1,0.1936076805344365,0.00497765068583608,0.9050288953152786,0.9981499464278752,,,0.17539395663833518,767.9000000000001,6911.1,767.9000000000001,0.1,0.0,0.0011817648005822098,0.8912318054554504,0.9976723984390342,,,0.17539395663833518,767.9000000000001,6911.1,767.9000000000001,0.0,0.9,0.1,0.0
NONFIBROTIC ILD ADJUDICATED,24,1869830206,zebra,0.006399166666666666,0.02660217654171705,0.9969361126272471,0.9979320424906977,,,1.0,7.678999999999999,7671.321,7.781386666666667,0.001,0.2027896855904274,0.08310823244187507,0.9975454935251252,0.9983404883792083,,,1.0,7.678999999999999,7671.321,7.781386666666667,0.001,0.0011384726459691987,0.008541302641829805,0.996226175290429,0.9979195582893506,,,1.0,7.678999999999999,7671.321,7.781386666666667,0.006399166666666666,0.999,0.001,0.0
NONFIBROTIC ILD ADJUDICATED,24,1869830206,zebra,0.03199583333333333,0.026602176541717048,0.9929976521550791,0.9979773014723318,,,1.0,38.394999999999996,7640.605,38.906933333333335,0.005,0.23951770581439102,0.08310823244187507,0.9944343043307324,0.9984119796133067,,,1.0,38.394999999999996,7640.605,38.906933333333335,0.005,0.0056923632298459936,0.008541302641829805,0.9914438267171158,0.997919032476219,,,1.0,38.394999999999996,7640.605,38.906933333333335,0.03199583333333333,0.995,0.005,0.0
NONFIBROTIC ILD ADJUDICATED,24,1869830206,zebra,0.11187500000000006,0.026602176541717048,0.988174139051332,0.9981342997621732,,,0.9999999526561978,76.79,7602.21,78.58,0.01,0.34407068429712157,0.08310823244187507,0.9906461019110027,0.9986241745414692,,,0.9999999526561978,76.79,7602.21,78.58,0.01,0.029967277717734928,0.008541302641829805,0.9855256797759948,0.9979574676486437,,,0.9999999526561978,76.79,7602.21,78.58,0.11187500000000006,0.99,0.01,0.0
NONFIBROTIC ILD ADJUDICATED,24,1869830206,zebra,0.1875,0.019159725624693775,0.9783521767381417,0.9982755006943465,,,0.9999580721922059,153.58,7525.42,156.58,0.02,0.4300888096197414,0.054811013917662264,0.9817502462918186,0.998793328832326,,,0.9999580721922059,153.58,7525.42,156.58,0.02,0.06591599071428142,0.006537088406967185,0.9747267024094155,0.9980111094648655,,,0.9999580721922059,153.58,7525.42,156.58,0.1875,0.98,0.02,0.0
NONFIBROTIC ILD ADJUDICATED,24,1869830206,zebra,0.25,0.011061946902654867,0.9485445094217025,0.9983577503902842,,,0.9985246168496705,383.95000000000005,7295.05,387.95000000000005,0.05,0.49498316535508774,0.026207195109994398,0.9536978302118488,0.9988989756612178,,,0.9985246168496705,383.95000000000005,7295.05,387.95000000000005,0.05,0.10182067491213048,0.004965851763270964,0.9431434013903944,0.9980233268003532,,,0.9985246168496705,383.95000000000005,7295.05,387.95000000000005,0.25,0.95,0.05,0.0
NONFIBROTIC ILD ADJUDICATED,24,1869830206,zebra,0.5,0.010259917920656633,0.8991682910981157,0.9988437802582651,,,0.9854190551199962,767.9000000000001,6911.1,775.9000000000001,0.1,0.7200043638967398,0.02021259151370982,0.9061234173339656,0.9993568474598599,,,0.9854190551199962,767.9000000000001,6911.1,775.9000000000001,0.1,0.27999563610326017,0.004965851763270962,0.8918139926130401,0.9983230238026473,,,0.9854190551199962,767.9000000000001,6911.1,775.9000000000001,0.5,0.9,0.1,0.0
NONFIBROTIC ILD ADJUDICATED,24,1869830206,genomic,0.0,0.002051004328115613,0.9969228070175439,0.9979186507160284,,,0.8882959860896308,7.679,7671.321,7.679000000000001,0.001,0.1936076805344365,0.27753279986288915,0.9978240523900588,0.9983217773973239,,,0.8882959860896308,7.679,7671.321,7.679000000000001,0.001,0.0,0.001124608197473079,0.9959261573425542,0.9979165721881269,,,0.8882959860896308,7.679,7671.321,7.679000000000001,0.0,0.999,0.001,0.0
NONFIBROTIC ILD ADJUDICATED,24,1869830206,genomic,0.0,0.002051004328115613,0.9929311241065627,0.9979103009669136,,,0.7790584352426622,38.395,7640.605,38.395,0.005,0.1936076805344365,0.09096337749096901,0.9946798394206848,0.9983164792695998,,,0.7790584352426622,38.395,7640.605,38.395,0.005,0.0,0.001124608197473079,0.9910909962124582,0.9979064292074967,,,0.7790584352426622,38.395,7640.605,38.395,0.0,0.995,0.005,0.0
NONFIBROTIC ILD ADJUDICATED,24,1869830206,genomic,0.0,0.002051004328115613,0.9879415204678362,0.997899769099863,,,0.7347169566867268,76.79,7602.21,76.79,0.01,0.1936076805344365,0.04764340883680176,0.9903332483619185,0.9983090997612283,,,0.7347169566867268,76.79,7602.21,76.79,0.01,0.0,0.001124608197473079,0.9854633696468871,0.9978944987549554,,,0.7347169566867268,76.79,7602.21,76.79,0.0,0.99,0.01,0.0
NONFIBROTIC ILD ADJUDICATED,24,1869830206,genomic,0.0,0.002051004328115613,0.9779623131903834,0.997878383637494,,,0.6574771357371556,153.58,7525.42,153.58,0.02,0.1936076805344365,0.024402623692136836,0.9812585376413488,0.9982934825374115,,,0.6574771357371556,153.58,7525.42,153.58,0.02,0.0,0.001124608197473079,0.9745896451187815,0.9978710571944039,,,0.6574771357371556,153.58,7525.42,153.58,0.0,0.98,0.02,0.0
NONFIBROTIC ILD ADJUDICATED,24,1869830206,genomic,0.0,0.002051004328115613,0.9480246913580248,0.9978115318573644,,,0.5270852556102963,383.95000000000005,7295.05,383.95000000000005,0.05,0.1936076805344365,0.009905994444976836,0.9530711885280113,0.9982430791907458,,,0.5270852556102963,383.95000000000005,7295.05,383.95000000000005,0.05,0.0,0.001124608197473079,0.9429316884860937,0.9977997374177304,,,0.5270852556102963,383.95000000000005,7295.05,383.95000000000005,0.0,0.95,0.05,0.0
NONFIBROTIC ILD ADJUDICATED,24,1869830206,genomic,0.0625,0.0020510043281156127,0.8982586094866797,0.9978342790274269,,,0.3635869388308498,767.9000000000001,6911.1,768.9000000000001,0.1,0.28328737570298945,0.007329779726867508,0.9052153638172535,0.9983553543534605,,,0.3635869388308498,767.9000000000001,6911.1,768.9000000000001,0.1,0.01111934476464252,0.001124608197473079,0.8912549256005101,0.9976982202699737,,,0.3635869388308498,767.9000000000001,6911.1,768.9000000000001,0.0625,0.9,0.1,0.0
NONFIBROTIC ILD ADJUDICATED,24,1869830206,combined,0.0,0.003815011039371272,0.9969228070175439,0.9979186507160284,,,0.4853781771228645,7.679,7671.321,7.679000000000001,0.001,0.1936076805344365,0.27753279986288915,0.9978240523900588,0.9983217773973239,,,0.4853781771228645,7.679,7671.321,7.679000000000001,0.001,0.0,0.0016391767849218708,0.9959261573425542,0.9979165721881269,,,0.4853781771228645,7.679,7671.321,7.679000000000001,0.0,0.999,0.001,0.0
NONFIBROTIC ILD ADJUDICATED,24,1869830206,combined,0.0,0.003815011039371272,0.9929311241065627,0.9979103009669136,,,0.12596503348382587,38.395,7640.605,38.395,0.005,0.1936076805344365,0.09096337749096901,0.9946798394206848,0.9983164792695998,,,0.12596503348382587,38.395,7640.605,38.395,0.005,0.0,0.0016391767849218708,0.9910909962124582,0.9979064292074967,,,0.12596503348382587,38.395,7640.605,38.395,0.0,0.995,0.005,0.0
NONFIBROTIC ILD ADJUDICATED,24,1869830206,combined,0.0,0.003815011039371272,0.9879415204678362,0.997899769099863,,,0.059538876306246484,76.79,7602.21,76.79,0.01,0.1936076805344365,0.04764340883680176,0.9903332483619185,0.9983090997612283,,,0.059538876306246484,76.79,7602.21,76.79,0.01,0.0,0.0016391767849218708,0.9854633696468871,0.9978944987549554,,,0.059538876306246484,76.79,7602.21,76.79,0.0,0.99,0.01,0.0
NONFIBROTIC ILD ADJUDICATED,24,1869830206,combined,0.0,0.003815011039371272,0.9779623131903834,0.997878383637494,,,0.019518881436138558,153.58,7525.42,153.58,0.02,0.1936076805344365,0.024402623692136836,0.9812585376413488,0.9982934825374115,,,0.019518881436138558,153.58,7525.42,153.58,0.02,0.0,0.0016391767849218708,0.9745896451187815,0.9978710571944039,,,0.019518881436138558,153.58,7525.42,153.58,0.0,0.98,0.02,0.0
NONFIBROTIC ILD ADJUDICATED,24,1869830206,combined,0.0625,0.003815011039371271,0.9481546458739443,0.9979480304494044,,,0.003413586022195814,383.95000000000005,7295.05,384.95000000000005,0.05,0.28328737570298945,0.01456595072155569,0.9532576570299862,0.9984381629428766,,,0.003413586022195814,383.95000000000005,7295.05,384.95000000000005,0.05,0.01111934476464252,0.0016391767849218708,0.9429548086311533,0.9978241496627362,,,0.003413586022195814,383.95000000000005,7295.05,384.95000000000005,0.0625,0.95,0.05,0.0
NONFIBROTIC ILD ADJUDICATED,24,1869830206,combined,0.125,0.003815011039371271,0.898388564002599,0.997978368539621,,,0.0004427942665152324,767.9000000000001,6911.1,769.9000000000001,0.1,0.36022827265758695,0.009950666320050781,0.9053753448895437,0.9985316519397164,,,0.0004427942665152324,767.9000000000001,6911.1,769.9000000000001,0.1,0.03497748774324047,0.0016391767849218708,0.8913045331752545,0.9977536292088469,,,0.0004427942665152324,767.9000000000001,6911.1,769.9000000000001,0.125,0.9,0.1,0.0
NONFIBROTIC ILD ADJUDICATED,25,1136618332,zebra,0.006399166666666666,0.02552204176334107,0.9969361126272471,0.9979320424906977,,,1.0,7.678999999999999,7671.321,7.781386666666667,0.001,0.2027896855904274,0.08163564560187767,0.9975454935251252,0.9983404883792083,,,1.0,7.678999999999999,7671.321,7.781386666666667,0.001,0.0011384726459691987,0.008129342430945999,0.996226175290429,0.9979195582893506,,,1.0,7.678999999999999,7671.321,7.781386666666667,0.006399166666666666,0.999,0.001,0.0
NONFIBROTIC ILD ADJUDICATED,25,1136618332,zebra,0.03199583333333333,0.02552204176334107,0.9929976521550791,0.9979773014723318,,,1.0,38.394999999999996,7640.605,38.906933333333335,0.005,0.23951770581439102,0.08163564560187767,0.9944343043307324,0.9984119796133067,,,1.0,38.394999999999996,7640.605,38.906933333333335,0.005,0.0056923632298459936,0.008129342430945999,0.9914438267171158,0.997919032476219,,,1.0,38.394999999999996,7640.605,38.906933333333335,0.03199583333333333,0.995,0.005,0.0
NONFIBROTIC ILD ADJUDICATED,25,1136618332,zebra,0.11187500000000006,0.02552204176334106,0.988174139051332,0.9981342997621732,,,0.9999999526561978,76.79,7602.21,78.58,0.01,0.34407068429712157,0.08163564560187767,0.9906461019110027,0.9986241745414692,,,0.9999999526561978,76.79,7602.21,78.58,0.01,0.029967277717734928,0.008129342430945999,0.9855256797759948,0.9979574676486437,,,0.9999999526561978,76.79,7602.21,78.58,0.11187500000000006,0.99,0.01,0.0
NONFIBROTIC ILD ADJUDICATED,25,1136618332,zebra,0.1875,0.019159725624693775,0.9783521767381417,0.9982755006943465,,,0.9999669360870458,153.58,7525.42,156.58,0.02,0.4300888096197414,0.054811013917662264,0.9817502462918186,0.998793328832326,,,0.9999669360870458,153.58,7525.42,156.58,0.02,0.06591599071428142,0.006537088406967185,0.9747267024094155,0.9980111094648655,,,0.9999669360870458,153.58,7525.42,156.58,0.1875,0.98,0.02,0.0
NONFIBROTIC ILD ADJUDICATED,25,1136618332,zebra,0.3125,0.012855126812074312,0.948674463937622,0.998494398476634,,,0.9983003608707987,383.95000000000005,7295.05,388.95000000000005,0.05,0.5559564416525933,0.029735602917520896,0.953824610253533,0.9990317792768534,,,0.9983003608707987,383.95000000000005,7295.05,388.95000000000005,0.05,0.14164643854782039,0.005599351847947367,0.9432262099957447,0.9981108079920087,,,0.9983003608707987,383.95000000000005,7295.05,388.95000000000005,0.3125,0.95,0.05,0.0
NONFIBROTIC ILD ADJUDICATED,25,1136618332,zebra,0.5,0.0103021978021978,0.8991682910981157,0.9988437802582651,,,0.9849157380222407,767.9000000000001,6911.1,775.9000000000001,0.1,0.7200043638967398,0.02021259151370982,0.9061234173339656,0.9993568474598599,,,0.9849157380222407,767.9000000000001,6911.1,775.9000000000001,0.1,0.27999563610326017,0.005121936318236031,0.8918139926130401,0.9983230238026473,,,0.9849157380222407,767.9000000000001,6911.1,775.9000000000001,0.5,0.9,0.1,0.0
NONFIBROTIC ILD ADJUDICATED,25,1136618332,genomic,0.0,0.00166008760785381,0.9969228070175439,0.9979186507160284,,,0.3605158041093353,7.679,7671.321,7.679000000000001,0.001,0.1936076805344365,0.27753279986288915,0.9978240523900588,0.9983217773973239,,,0.3605158041093353,7.679,7671.321,7.679000000000001,0.001,0.0,0.0008537992405746548,0.9959261573425542,0.9979165721881269,,,0.3605158041093353,7.679,7671.321,7.679000000000001,0.0,0.999,0.001,0.0
NONFIBROTIC ILD ADJUDICATED,25,1136618332,genomic,0.0,0.00166008760785381,0.9929311241065627,0.9979103009669136,,,0.12915074015906983,38.395,7640.605,38.395,0.005,0.1936076805344365,0.09096337749096901,0.9946798394206848,0.9983164792695998,,,0.12915074015906983,38.395,7640.605,38.395,0.005,0.0,0.0008537992405746548,0.9910909962124582,0.9979064292074967,,,0.12915074015906983,38.395,7640.605,38.395,0.0,0.995,0.005,0.0
NONFIBROTIC ILD ADJUDICATED,25,1136618332,genomic,0.0,0.00166008760785381,0.9879415204678362,0.997899769099863,,,0.0647022484878123,76.79,7602.21,76.79,0.01,0.1936076805344365,0.04764340883680176,0.9903332483619185,0.9983090997612283,,,0.0647022484878123,76.79,7602.21,76.79,0.01,0.0,0.0008537992405746548,0.9854633696468871,0.9978944987549554,,,0.0647022484878123,76.79,7602.21,76.79,0.0,0.99,0.01,0.0
NONFIBROTIC ILD ADJUDICATED,25,1136618332,genomic,0.0,0.00166008760785381,0.9779623131903834,0.997878383637494,,,0.03443996890575972,153.58,7525.42,153.58,0.02,0.1936076805344365,0.024402623692136836,0.9812585376413488,0.9982934825374115,,,0.03443996890575972,153.58,7525.42,153.58,0.02,0.0,0.0008537992405746548,0.9745896451187815,0.9978710571944039,,,0.03443996890575972,153.58,7525.42,153.58,0.0,0.98,0.02,0.0
NONFIBROTIC ILD ADJUDICATED,25,1136618332,genomic,0.0,0.00166008760785381,0.9480246913580248,0.9978115318573644,,,0.011531487799846366,383.95000000000005,7295.05,383.95000000000005,0.05,0.1936076805344365,0.009905994444976836,0.9530711885280113,0.9982430791907458,,,0.011531487799846366,383.95000000000005,7295.05,383.95000000000005,0.05,0.0,0.0008537992405746548,0.9429316884860937,0.9977997374177304,,,0.011531487799846366,383.95000000000005,7295.05,383.95000000000005,0.0,0.95,0.05,0.0
NONFIBROTIC ILD ADJUDICATED,25,1136618332,genomic,0.0625,0.00166008760785381,0.8982586094866797,0.9978342790274269,,,0.003515454897740639,767.9000000000001,6911.1,768.9000000000001,0.1,0.28328737570298945,0.007329779726867508,0.9052153638172535,0.9983553543534605,,,0.003515454897740639,767.9000000000001,6911.1,768.9000000000001,0.1,0.01111934476464252,0.0008537992405746548,0.8912549256005101,0.9976982202699737,,,0.003515454897740639,767.9000000000001,6911.1,768.9000000000001,0.0625,0.9,0.1,0.0
NONFIBROTIC ILD ADJUDICATED,25,1136618332,combined,0.0,0.0087535057265348,0.9969228070175439,0.9979186507160284,,,0.9999999948730632,7.679,7671.321,7.679000000000001,0.001,0.1936076805344365,0.27753279986288915,0.9978240523900588,0.9983217773973239,,,0.9999999948730632,7.679,7671.321,7.679000000000001,0.001,0.0,0.0033413251334977,0.9959261573425542,0.9979165721881269,,,0.9999999948730632,7.679,7671.321,7.679000000000001,0.0,0.999,0.001,0.0
NONFIBROTIC ILD ADJUDICATED,25,1136618332,combined,0.0,0.008753505726534796,0.9929311241065627,0.9979103009669136,,,0.05246821920925022,38.395,7640.605,38.395,0.005,0.1936076805344365,0.09096337749096901,0.9946798394206848,0.9983164792695998,,,0.05246821920925022,38.395,7640.605,38.395,0.005,0.0,0.0033413251334976995,0.9910909962124582,0.9979064292074967,,,0.05246821920925022,38.395,7640.605,38.395,0.0,0.995,0.005,0.0
NONFIBROTIC ILD ADJUDICATED,25,1136618332,combined,0.0,0.008753505726534796,0.9879415204678362,0.997899769099863,,,0.001513745786724419,76.79,7602.21,76.79,0.01,0.1936076805344365,0.04764340883680176,0.9903332483619185,0.9983090997612283,,,0.001513745786724419,76.79,7602.21,76.79,0.01,0.0,0.0033413251334976995,0.9854633696468871,0.9978944987549554,,,0.001513745786724419,76.79,7602.21,76.79,0.0,0.99,0.01,0.0
NONFIBROTIC ILD ADJUDICATED,25,1136618332,combined,0.0625,0.008753505726534796,0.9780922677063029,0.9980107208797039,,,4.648892996694758e-05,153.58,7525.42,154.58,0.02,0.28328737570298945,0.03573037123070862,0.9814450061433238,0.9984829781429401,,,4.648892996694758e-05,153.58,7525.42,154.58,0.02,0.01111934476464252,0.0033413251334976995,0.9746127652638412,0.9978946798053583,,,4.648892996694758e-05,153.58,7525.42,154.58,0.0625,0.98,0.02,0.0
NONFIBROTIC ILD ADJUDICATED,25,1136618332,combined,0.25,0.008753505726534796,0.9485445094217025,0.9983577503902842,,,7.606591049532641e-07,383.95000000000005,7295.05,387.95000000000005,0.05,0.49498316535508774,0.025996251106021145,0.9536978302118488,0.9988989756612178,,,7.606591049532641e-07,383.95000000000005,7295.05,387.95000000000005,0.05,0.10182067491213048,0.0033413251334976995,0.9431434013903944,0.9980233268003532,,,7.606591049532641e-07,383.95000000000005,7295.05,387.95000000000005,0.25,0.95,0.05,0.0
NONFIBROTIC ILD ADJUDICATED,25,1136618332,combined,0.3125,0.006469143167391697,0.8987784275503574,0.9984108868666071,,,3.871320358602705e-08,767.9000000000001,6911.1,772.9000000000001,0.1,0.5559564416525933,0.015053603657021535,0.9057823170408004,0.9989804120809168,,,3.871320358602705e-08,767.9000000000001,6911.1,772.9000000000001,0.1,0.14164643854782039,0.002766303765722464,0.8915263269651015,0.9980014359910003,,,3.871320358602705e-08,767.9000000000001,6911.1,772.9000000000001,0.3125,0.9,0.1,0.0
NONFIBROTIC ILD ADJUDICATED,26,869581815,zebra,0.018459134615384617,0.045454545454545456,0.9969611885839956,0.9979573399487485,,,1.0,7.679,7671.321,7.974346153846154,0.001,0.21688894451195004,0.11313032488100004,0.9975713043061676,0.9983700277520622,,,1.0,7.679,7671.321,7.974346153846154,0.001,0.006489344778140603,0.017574791502653852,0.9962408066272371,0.9979308119797536,,,1.0,7.679,7671.321,7.974346153846154,0.018459134615384617,0.999,0.001,0.0
NONFIBROTIC ILD ADJUDICATED,26,869581815,zebra,0.09229567307692309,0.045454545454545456,0.9931230319388215,0.9981037887625855,,,1.0,38.395,7640.605,39.87173076923077,0.005,0.3100140004220042,0.11313032488100004,0.9945633582359446,0.9985596764775763,,,1.0,38.395,7640.605,39.87173076923077,0.005,0.032446723890703015,0.017574791502653852,0.991516983401156,0.997975300928234,,,1.0,38.395,7640.605,39.87173076923077,0.09229567307692309,0.995,0.005,0.0
NONFIBROTIC ILD ADJUDICATED,26,869581815,zebra,0.18459134615384618,0.045454545454545456,0.9883253361323537,0.998286849779882,,,1.0,76.79,7602.21,79.74346153846155,0.01,0.42642032030957194,0.11313032488100003,0.9908034256481657,0.998796737384469,,,1.0,76.79,7602.21,79.74346153846155,0.01,0.06489344778140603,0.017574791502653852,0.9856122043685547,0.9980309121138347,,,1.0,76.79,7602.21,79.74346153846155,0.18459134615384618,0.99,0.01,0.0
NONFIBROTIC ILD ADJUDICATED,26,869581815,zebra,0.25,0.02538418124647262,0.9784821312540611,0.9984079432947279,,,0.9999665783786403,153.58,7525.42,157.58,0.02,0.49498316535508774,0.0634433883036137,0.9818851793251864,0.9989305825086291,,,0.9999665783786403,153.58,7525.42,157.58,0.02,0.10182067491213048,0.009914700027544226,0.9748013580230823,0.9980874129954797,,,0.9999665783786403,153.58,7525.42,157.58,0.25,0.98,0.02,0.0
NONFIBROTIC ILD ADJUDICATED,26,869581815,zebra,0.3125,0.012855126812074312,0.948674463937622,0.998494398476634,,,0.9986443638477538,383.95000000000005,7295.05,388.95000000000005,0.05,0.5559564416525933,0.029735602917520896,0.953824610253533,0.9990317792768534,,,0.9986443638477538,383.95000000000005,7295.05,388.95000000000005,0.05,0.14164643854782039,0.005503103986723824,0.9432262099957447,0.9981108079920087,,,0.9986443638477538,383.95000000000005,7295.05,388.95000000000005,0.3125,0.95,0.05,0.0
NONFIBROTIC ILD ADJUDICATED,26,869581815,zebra,0.5,0.01012145748987854,0.8991682910981157,0.9988437802582651,,,0.9860250799250156,767.9000000000001,6911.1,775.9000000000001,0.1,0.7200043638967398,0.02021259151370982,0.9061234173339656,0.9993568474598599,,,0.9860250799250156,767.9000000000001,6911.1,775.9000000000001,0.1,0.27999563610326017,0.004985810969348476,0.8918139926130401,0.9983230238026473,,,0.9860250799250156,767.9000000000001,6911.1,775.9000000000001,0.5,0.9,0.1,0.0
NONFIBROTIC ILD ADJUDICATED,26,869581815,genomic,0.0,0.003033189669308347,0.9969228070175439,0.9979186507160284,,,0.999998261798345,7.679,7671.321,7.679000000000001,0.001,0.1936076805344365,0.27753279986288915,0.9978240523900588,0.9983217773973239,,,0.999998261798345,7.679,7671.321,7.679000000000001,0.001,0.0,0.0015181865985533132,0.9959261573425542,0.9979165721881269,,,0.999998261798345,7.679,7671.321,7.679000000000001,0.0,0.999,0.001,0.0
NONFIBROTIC ILD ADJUDICATED,26,869581815,genomic,0.0,0.003033189669308347,0.9929311241065627,0.9979103009669136,,,0.9670892692112308,38.395,7640.605,38.395,0.005,0.1936076805344365,0.09096337749096901,0.9946798394206848,0.9983164792695998,,,0.9670892692112308,38.395,7640.605,38.395,0.005,0.0,0.0015181865985533132,0.9910909962124582,0.9979064292074967,,,0.9670892692112308,38.395,7640.605,38.395,0.0,0.995,0.005,0.0
NONFIBROTIC ILD ADJUDICATED,26,869581815,genomic,0.0,0.003033189669308347,0.9879415204678362,0.997899769099863,,,0.0939243751506036,76.79,7602.21,76.79,0.01,0.1936076805344365,0.04764340883680176,0.9903332483619185,0.9983090997612283,,,0.0939243751506036,76.79,7602.21,76.79,0.01,0.0,0.0015181865985533132,0.9854633696468871,0.9978944987549554,,,0.0939243751506036,76.79,7602.21,76.79,0.0,0.99,0.01,0.0
NONFIBROTIC ILD ADJUDICATED,26,869581815,genomic,0.0,0.003033189669308347,0.9779623131903834,0.997878383637494,,,0.00016078892053229308,153.58,7525.42,153.58,0.02,0.1936076805344365,0.024402623692136836,0.9812585376413488,0.9982934825374115,,,0.00016078892053229308,153.58,7525.42,153.58,0.02,0.0,0.0015181865985533132,0.9745896451187815,0.9978710571944039,,,0.00016078892053229308,153.58,7525.42,153.58,0.0,0.98,0.02,0.0
NONFIBROTIC ILD ADJUDICATED,26,869581815,genomic,0.125,0.003033189669308347,0.9482846003898636,0.9980845663920145,,,1.8406444772690462e-07,383.95000000000005,7295.05,385.95,0.05,0.36022827265758695,0.016305423529743623,0.9534176381022764,0.9986055962706862,,,1.8406444772690462e-07,383.95000000000005,7295.05,385.95,0.05,0.03497748774324047,0.0015181865985533125,0.9430044162058977,0.9978765336539906,,,1.8406444772690462e-07,383.95000000000005,7295.05,385.95,0.125,0.95,0.05,0.0
NONFIBROTIC ILD ADJUDICATED,26,869581815,genomic,0.125,0.003033189669308347,0.898388564002599,0.997978368539621,,,1.5695263624539576e-09,767.9000000000001,6911.1,769.9000000000001,0.1,0.36022827265758695,0.0094217871067012,0.9053753448895437,0.9985316519397164,,,1.5695263624539576e-09,767.9000000000001,6911.1,769.9000000000001,0.1,0.03497748774324047,0.0015181865985533123,0.8913045331752545,0.9977536292088469,,,1.5695263624539576e-09,767.9000000000001,6911.1,769.9000000000001,0.125,0.9,0.1,0.0
NONFIBROTIC ILD ADJUDICATED,26,869581815,combined,0.0006935513005780347,0.0014430014430014428,0.9969242490995204,0.9979199521890764,,,1.0,7.679,7671.321,7.6900968208092495,0.001,0.19453215996139725,0.0052461685185835735,0.9973740050126388,0.9983230063334286,,,1.0,7.679,7671.321,7.6900968208092495,0.001,0.00019406945692221358,0.0003958122778072227,0.9963785304876343,0.9979175101148443,,,1.0,7.679,7671.321,7.6900968208092495,0.0006935513005780347,0.999,0.001,0.0
NONFIBROTIC ILD ADJUDICATED,26,869581815,combined,0.0034677565028901737,0.0014430014430014428,0.9929383345164453,0.9979168499642254,,,1.0,38.395,7640.605,38.45048410404625,0.005,0.19823007766924022,0.0052461685185835735,0.9935768617683005,0.9983245693844085,,,1.0,38.395,7640.605,38.45048410404625,0.005,0.000970347284611068,0.0003958122778072227,0.9922056027031417,0.9979087916036875,,,1.0,38.395,7640.605,38.45048410404625,0.0034677565028901737,0.995,0.005,0.0
NONFIBROTIC ILD ADJUDICATED,26,869581815,combined,0.0069355130057803475,0.0014430014430014428,0.9879559412876013,0.9979129721831616,,,1.0,76.79,7602.21,76.9009682080925,0.01,0.20285247480404395,0.0052461685185835735,0.9888304327128775,0.9983265231981334,,,1.0,76.79,7602.21,76.9009682080925,0.01,0.001940694569222136,0.0003958122778072227,0.986989442972526,0.9978978934647414,,,1.0,76.79,7602.21,76.9009682080925,0.0069355130057803475,0.99,0.01,0.0
NONFIBROTIC ILD ADJUDICATED,26,869581815,combined,0.013871026011560695,0.0014430014430014426,0.9779911548299136,0.9979052166210339,,,1.0,153.58,7525.42,153.801936416185,0.02,0.21209726907365142,0.0052461685185835735,0.9793375746020316,0.9983304308255831,,,1.0,153.58,7525.42,153.801936416185,0.02,0.003881389138444272,0.0003958122778072227,0.9765571235112946,0.9978760971868493,,,1.0,153.58,7525.42,153.801936416185,0.013871026011560695,0.98,0.02,0.0
NONFIBROTIC ILD ADJUDICATED,26,869581815,combined,0.034677565028901736,0.0014430014430014426,0.9480967954568502,0.9978819499346512,,,1.0,383.95000000000005,7295.05,384.50484104046245,0.05,0.2398316518824738,0.0052461685185835735,0.9508590002694941,0.9983421537079322,,,1.0,383.95000000000005,7295.05,384.50484104046245,0.05,0.00970347284611068,0.0003958122778072227,0.9452601651276006,0.997810708353173,,,1.0,383.95000000000005,7295.05,384.50484104046245,0.034677565028901736,0.95,0.05,0.0
NONFIBROTIC ILD ADJUDICATED,26,869581815,combined,0.06935513005780347,0.0014430014430014426,0.8982728631684113,0.9978431721240132,,,1.0,767.9000000000001,6911.1,769.0096820809249,0.1,0.2860556232305111,0.0052461685185835735,0.9033947097152648,0.9983616918451808,,,1.0,767.9000000000001,6911.1,769.0096820809249,0.1,0.01940694569222136,0.0003958122778072226,0.8930985678214438,0.9977017269637125,,,1.0,767.9000000000001,6911.1,769.0096820809249,0.06935513005780347,0.9,0.1,0.0
NONFIBROTIC ILD ADJUDICATED,27,10131763,zebra,0.018944901315789475,0.03797468354430379,0.9969621986252181,0.997958348730542,,,1.0,7.679,7671.321,7.982118421052632,0.001,0.21750160935346355,0.10580062767684709,0.9975748940086897,0.998371303645246,,,1.0,7.679,7671.321,7.982118421052632,0.001,0.006660117009144303,0.013511414468708438,0.9962388459036832,0.9979311626771855,,,1.0,7.679,7671.321,7.982118421052632,0.018944901315789475,0.999,0.001,0.0
NONFIBROTIC ILD ADJUDICATED,27,10131763,zebra,0.09472450657894736,0.037974683544303785,0.9931280821449335,0.9981088326715536,,,1.0,38.395,7640.605,39.910592105263156,0.005,0.3130773246295718,0.10580062767684707,0.9945813067485548,0.9985660559434952,,,1.0,38.395,7640.605,39.910592105263156,0.005,0.03330058504572152,0.013511414468708438,0.9915071797833866,0.9979770544153935,,,1.0,38.395,7640.605,39.910592105263156,0.09472450657894736,0.995,0.005,0.0
NONFIBROTIC ILD ADJUDICATED,27,10131763,zebra,0.1875,0.03759968354430379,0.9883313840155945,0.9982928901452243,,,0.9999999759978265,76.79,7602.21,79.79,0.01,0.4300888096197414,0.1048104205234943,0.9908249570123883,0.9988043771827548,,,0.9999999759978265,76.79,7602.21,79.79,0.01,0.06591599071428142,0.013511414468708438,0.985600426937521,0.9980330119646759,,,0.9999999759978265,76.79,7602.21,79.79,0.1875,0.99,0.01,0.0
NONFIBROTIC ILD ADJUDICATED,27,10131763,zebra,0.25,0.02538418124647262,0.9784821312540611,0.9984079432947279,,,0.9999637148719042,153.58,7525.42,157.58,0.02,0.49498316535508774,0.0634433883036137,0.9818851793251864,0.9989305825086291,,,0.9999637148719042,153.58,7525.42,157.58,0.02,0.10182067491213048,0.009914700027544226,0.9748013580230823,0.9980874129954797,,,0.9999637148719042,153.58,7525.42,157.58,0.25,0.98,0.02,0.0
NONFIBROTIC ILD ADJUDICATED,27,10131763,zebra,0.3125,0.013476170647688988,0.948674463937622,0.998494398476634,,,0.9984157508783151,383.95000000000005,7295.05,388.95000000000005,0.05,0.5559564416525933,0.029735602917520896,0.953824610253533,0.9990317792768534,,,0.9984157508783151,383.95000000000005,7295.05,388.95000000000005,0.05,0.14164643854782039,0.006685510000356142,0.9432262099957447,0.9981108079920087,,,0.9984157508783151,383.95000000000005,7295.05,388.95000000000005,0.3125,0.95,0.05,0.0
NONFIBROTIC ILD ADJUDICATED,27,10131763,zebra,0.625,0.012855124680317482,0.8994282001299545,0.9991325844629564,,,0.9848364019099929,767.9000000000001,6911.1,777.9000000000001,0.1,0.8151876744113636,0.02350049442731312,0.9063213293506303,0.9995753915606481,,,0.9848364019099929,767.9000000000001,6911.1,777.9000000000001,0.1,0.38641040545502714,0.006685510000356141,0.8920352578904447,0.9985705222160962,,,0.9848364019099929,767.9000000000001,6911.1,777.9000000000001,0.625,0.9,0.1,0.0
NONFIBROTIC ILD ADJUDICATED,27,10131763,genomic,0.0,0.005284792460009294,0.9969228070175439,0.9979186507160284,,,0.3357351714106741,7.679,7671.321,7.679000000000001,0.001,0.1936076805344365,0.27753279986288915,0.9978240523900588,0.9983217773973239,,,0.3357351714106741,7.679,7671.321,7.679000000000001,0.001,0.0,0.002135897971479922,0.9959261573425542,0.9979165721881269,,,0.3357351714106741,7.679,7671.321,7.679000000000001,0.0,0.999,0.001,0.0
NONFIBROTIC ILD ADJUDICATED,27,10131763,genomic,0.0,0.005284792460009294,0.9929311241065627,0.9979103009669136,,,0.25108774213046625,38.395,7640.605,38.395,0.005,0.1936076805344365,0.09096337749096901,0.9946798394206848,0.9983164792695998,,,0.25108774213046625,38.395,7640.605,38.395,0.005,0.0,0.002135897971479922,0.9910909962124582,0.9979064292074967,,,0.25108774213046625,38.395,7640.605,38.395,0.0,0.995,0.005,0.0
NONFIBROTIC ILD ADJUDICATED,27,10131763,genomic,0.0,0.005284792460009294,0.9879415204678362,0.997899769099863,,,0.21455408364466716,76.79,7602.21,76.79,0.01,0.1936076805344365,0.04764340883680176,0.9903332483619185,0.9983090997612283,,,0.21455408364466716,76.79,7602.21,76.79,0.01,0.0,0.002135897971479922,0.9854633696468871,0.9978944987549554,,,0.21455408364466716,76.79,7602.21,76.79,0.0,0.99,0.01,0.0
NONFIBROTIC ILD ADJUDICATED,27,10131763,genomic,0.0,0.005284792460009293,0.9779623131903834,0.997878383637494,,,0.1792233362130551,153.58,7525.42,153.58,0.02,0.1936076805344365,0.025433756277283826,0.9812585376413488,0.9982934825374115,,,0.1792233362130551,153.58,7525.42,153.58,0.02,0.0,0.0021358979714799216,0.9745896451187815,0.9978710571944039,,,0.1792233362130551,153.58,7525.42,153.58,0.0,0.98,0.02,0.0
NONFIBROTIC ILD ADJUDICATED,27,10131763,genomic,0.125,0.005284792460009293,0.9482846003898636,0.9980845663920145,,,0.1327277426696469,383.95000000000005,7295.05,385.95,0.05,0.36022827265758695,0.018508297041614982,0.9534176381022764,0.9986055962706862,,,0.1327277426696469,383.95000000000005,7295.05,385.95,0.05,0.03497748774324047,0.0021358979714799216,0.9430044162058977,0.9978765336539906,,,0.1327277426696469,383.95000000000005,7295.05,385.95,0.125,0.95,0.05,0.0
NONFIBROTIC ILD ADJUDICATED,27,10131763,genomic,0.25,0.005284792460009293,0.898648473034438,0.9982666724411708,,,0.09982453720773822,767.9000000000001,6911.1,771.9,0.1,0.49498316535508774,0.013631301045500017,0.9056555369991162,0.9988405709869635,,,0.09982453720773822,767.9000000000001,6911.1,771.9,0.1,0.10182067491213048,0.0021358979714799216,0.8914435183597512,0.9979089008146523,,,0.09982453720773822,767.9000000000001,6911.1,771.9,0.25,0.9,0.1,0.0
NONFIBROTIC ILD ADJUDICATED,27,10131763,combined,0.0,0.0041628140003636665,0.9969228070175439,0.9979186507160284,,,0.9999997821909395,7.679,7671.321,7.679000000000001,0.001,0.1936076805344365,0.27753279986288915,0.9978240523900588,0.9983217773973239,,,0.9999997821909395,7.679,7671.321,7.679000000000001,0.001,0.0,0.0015476485885713733,0.9959261573425542,0.9979165721881269,,,0.9999997821909395,7.679,7671.321,7.679000000000001,0.0,0.999,0.001,0.0
NONFIBROTIC ILD ADJUDICATED,27,10131763,combined,0.0,0.0041628140003636665,0.9929311241065627,0.9979103009669136,,,0.5447032292565488,38.395,7640.605,38.395,0.005,0.1936076805344365,0.09096337749096901,0.9946798394206848,0.9983164792695998,,,0.5447032292565488,38.395,7640.605,38.395,0.005,0.0,0.0015476485885713733,0.9910909962124582,0.9979064292074967,,,0.5447032292565488,38.395,7640.605,38.395,0.0,0.995,0.005,0.0
NONFIBROTIC ILD ADJUDICATED,27,10131763,combined,0.0,0.0041628140003636665,0.9879415204678362,0.997899769099863,,,0.01673772817064876,76.79,7602.21,76.79,0.01,0.1936076805344365,0.04764340883680176,0.9903332483619185,0.9983090997612283,,,0.01673772817064876,76.79,7602.21,76.79,0.01,0.0,0.0015476485885713733,0.9854633696468871,0.9978944987549554,,,0.01673772817064876,76.79,7602.21,76.79,0.0,0.99,0.01,0.0
NONFIBROTIC ILD ADJUDICATED,27,10131763,combined,0.0,0.004162814000363665,0.9779623131903834,0.997878383637494,,,0.0006824209297260672,153.58,7525.42,153.58,0.02,0.1936076805344365,0.024402623692136836,0.9812585376413488,0.9982934825374115,,,0.0006824209297260672,153.58,7525.42,153.58,0.02,0.0,0.0015476485885713733,0.9745896451187815,0.9978710571944039,,,0.0006824209297260672,153.58,7525.42,153.58,0.0,0.98,0.02,0.0
NONFIBROTIC ILD ADJUDICATED,27,10131763,combined,0.125,0.004162814000363665,0.9482846003898636,0.9980845663920145,,,1.1691820427587046e-05,383.95000000000005,7295.05,385.95,0.05,0.36022827265758695,0.01700260668846124,0.9534176381022764,0.9986055962706862,,,1.1691820427587046e-05,383.95000000000005,7295.05,385.95,0.05,0.03497748774324047,0.0015476485885713733,0.9430044162058977,0.9978765336539906,,,1.1691820427587046e-05,383.95000000000005,7295.05,385.95,0.125,0.95,0.05,0.0
NONFIBROTIC ILD ADJUDICATED,27,10131763,combined,0.1875,0.003891555914902217,0.8985185185185185,0.998122499671524,,,3.968799519137788e-07,767.9000000000001,6911.1,770.9000000000001,0.1,0.4300888096197414,0.011378552206133978,0.9055206039657484,0.9986917799711593,,,3.968799519137788e-07,767.9000000000001,6911.1,770.9000000000001,0.1,0.06591599071428142,0.0015476485885713733,0.8913688627460844,0.9978254909753369,,,3.968799519137788e-07,767.9000000000001,6911.1,770.9000000000001,0.1875,0.9,0.1,0.0
NONFIBROTIC ILD ADJUDICATED,28,1832723386,zebra,0.013331597222222222,0.027027027027027025,0.996950527037759,0.9979465636334388,,,1.0,7.679,7671.321,7.892305555555556,0.001,0.21137822951934862,0.09329292516912498,0.9975670552604456,0.9983584664025862,,,1.0,7.679,7671.321,7.892305555555556,0.001,0.0037304462275047716,0.007443352638267216,0.9962278608949614,0.9979249931839083,,,1.0,7.679,7671.321,7.892305555555556,0.013331597222222222,0.999,0.001,0.0
NONFIBROTIC ILD ADJUDICATED,28,1832723386,zebra,0.06665798611111111,0.027027027027027025,0.9930697242076384,0.9980499071860371,,,1.0,38.395,7640.605,39.46152777777778,0.005,0.2824604254589971,0.09329292516912498,0.9945421130073346,0.9985018697301964,,,1.0,38.395,7640.605,39.46152777777778,0.005,0.01865223113752386,0.007443352638267216,0.9914522547397776,0.9979462069490068,,,1.0,38.395,7640.605,39.46152777777778,0.06665798611111111,0.995,0.005,0.0
NONFIBROTIC ILD ADJUDICATED,28,1832723386,zebra,0.125,0.02538461538461538,0.988201429499675,0.9981618153858629,12.50035436602871,0.8838383863753017,0.9999998391840224,76.79,7602.21,78.79,0.01,0.36022827265758695,0.08790988564315926,0.9906796979361836,0.9986580126939545,44.99248421976787,0.9772214785460156,0.9999998391840224,76.79,7602.21,78.79,0.01,0.03497748774324047,0.006989209801481439,0.9855360973666911,0.9979679942515908,2.8020018534258653,0.6449355279889545,0.9999998391840224,76.79,7602.21,78.79,0.125,0.99,0.01,0.0
NONFIBROTIC ILD ADJUDICATED,28,1832723386,zebra,0.125,0.012855252274607112,0.9782222222222222,0.9981430932273311,,,0.9999639736980115,153.58,7525.42,155.58,0.02,0.36022827265758695,0.04565496145718123,0.981604987215614,0.9986456136722623,,,0.9999639736980115,153.58,7525.42,155.58,0.02,0.03497748774324047,0.004543807138097419,0.9746623728385856,0.9979453692670687,,,0.9999639736980115,153.58,7525.42,155.58,0.125,0.98,0.02,0.0
NONFIBROTIC ILD ADJUDICATED,28,1832723386,zebra,0.25,0.010204081632653059,0.9485445094217025,0.9983577503902842,,,0.9984252794537419,383.95000000000005,7295.05,387.95000000000005,0.05,0.49498316535508774,0.026207195109994398,0.9536978302118488,0.9988989756612178,,,0.9984252794537419,383.95000000000005,7295.05,387.95000000000005,0.05,0.10182067491213048,0.004543807138097419,0.9431434013903944,0.9980233268003532,,,0.9984252794537419,383.95000000000005,7295.05,387.95000000000005,0.25,0.95,0.05,0.0
NONFIBROTIC ILD ADJUDICATED,28,1832723386,zebra,0.5,0.010204081632653059,0.8991682910981157,0.9988437802582651,,,0.9853175339864143,767.9000000000001,6911.1,775.9000000000001,0.1,0.7200043638967398,0.02021259151370982,0.9061234173339656,0.9993568474598599,,,0.9853175339864143,767.9000000000001,6911.1,775.9000000000001,0.1,0.27999563610326017,0.004543807138097419,0.8918139926130401,0.9983230238026473,,,0.9853175339864143,767.9000000000001,6911.1,775.9000000000001,0.5,0.9,0.1,0.0
NONFIBROTIC ILD ADJUDICATED,28,1832723386,genomic,0.0,0.001625378466934877,0.9969228070175439,0.9979186490144412,,,1.0,7.679,7671.321,7.679,0.001,0.1936076805344365,0.2153108027376358,0.9977286616820822,0.9983216166639821,,,1.0,7.679,7671.321,7.679,0.001,0.0,0.0008702967047756016,0.996021548050531,0.9979167679456318,,,1.0,7.679,7671.321,7.679,0.0,0.999,0.001,0.0
NONFIBROTIC ILD ADJUDICATED,28,1832723386,genomic,0.0,0.001625378466934877,0.9929311241065627,0.9979103009669136,,,0.9999556102650102,38.395,7640.605,38.395,0.005,0.1936076805344365,0.09096337749096901,0.9946798394206848,0.9983164792695998,,,0.9999556102650102,38.395,7640.605,38.395,0.005,0.0,0.0008702967047756016,0.9910909962124582,0.9979064292074967,,,0.9999556102650102,38.395,7640.605,38.395,0.0,0.995,0.005,0.0
NONFIBROTIC ILD ADJUDICATED,28,1832723386,genomic,0.0,0.001625378466934877,0.9879415204678362,0.997899769099863,,,1.5971058466678852e-05,76.79,7602.21,76.79,0.01,0.1936076805344365,0.04764340883680176,0.9903332483619185,0.9983090997612283,,,1.5971058466678852e-05,76.79,7602.21,76.79,0.01,0.0,0.0008702967047756016,0.9854633696468871,0.9978944987549554,,,1.5971058466678852e-05,76.79,7602.21,76.79,0.0,0.99,0.01,0.0
NONFIBROTIC ILD ADJUDICATED,28,1832723386,genomic,0.0,0.001625378466934877,0.9779623131903834,0.997878383637494,,,2.894613592114401e-15,153.58,7525.42,153.58,0.02,0.1936076805344365,0.024402623692136836,0.9812585376413488,0.9982934825374115,,,2.894613592114401e-15,153.58,7525.42,153.58,0.02,0.0,0.0008702967047756016,0.9745896451187815,0.9978710571944039,,,2.894613592114401e-15,153.58,7525.42,153.58,0.0,0.98,0.02,0.0
NONFIBROTIC ILD ADJUDICATED,28,1832723386,genomic,0.0,0.001625378466934877,0.9480246913580248,0.9978115318573644,,,4.079711680674311e-28,383.95000000000005,7295.05,383.95000000000005,0.05,0.1936076805344365,0.009905994444976836,0.9530711885280113,0.9982430791907458,,,4.079711680674311e-28,383.95000000000005,7295.05,383.95000000000005,0.05,0.0,0.0008702967047756016,0.9429316884860937,0.9977997374177304,,,4.079711680674311e-28,383.95000000000005,7295.05,383.95000000000005,0.0,0.95,0.05,0.0
NONFIBROTIC ILD ADJUDICATED,28,1832723386,genomic,0.0,0.001625378466934877,0.8981286549707602,0.9976902311169167,,,1.4490682382798253e-36,767.9000000000001,6911.1,767.9000000000001,0.1,0.1936076805344365,0.00497765068583608,0.9050288953152786,0.9981499464278752,,,1.4490682382798253e-36,767.9000000000001,6911.1,767.9000000000001,0.1,0.0,0.0008702967047756016,0.8912318054554504,0.9976723984390342,,,1.4490682382798253e-36,767.9000000000001,6911.1,767.9000000000001,0.0,0.9,0.1,0.0
NONFIBROTIC ILD ADJUDICATED,28,1832723386,combined,0.0,0.0037593984962406013,0.9969228070175439,0.9979186507160284,,,0.22294029929621392,7.679,7671.321,7.679000000000001,0.001,0.1936076805344365,0.27753279986288915,0.9978240523900588,0.9983217773973239,,,0.22294029929621392,7.679,7671.321,7.679000000000001,0.001,0.0,0.001491069726066114,0.9959261573425542,0.9979165721881269,,,0.22294029929621392,7.679,7671.321,7.679000000000001,0.0,0.999,0.001,0.0
NONFIBROTIC ILD ADJUDICATED,28,1832723386,combined,0.0,0.0037593984962406013,0.9929311241065627,0.9979103009669136,,,0.15697268871918116,38.395,7640.605,38.395,0.005,0.1936076805344365,0.09096337749096901,0.9946798394206848,0.9983164792695998,,,0.15697268871918116,38.395,7640.605,38.395,0.005,0.0,0.001491069726066114,0.9910909962124582,0.9979064292074967,,,0.15697268871918116,38.395,7640.605,38.395,0.0,0.995,0.005,0.0
NONFIBROTIC ILD ADJUDICATED,28,1832723386,combined,0.0,0.0037593984962406013,0.9879415204678362,0.997899769099863,,,0.1283709796918209,76.79,7602.21,76.79,0.01,0.1936076805344365,0.04764340883680176,0.9903332483619185,0.9983090997612283,,,0.1283709796918209,76.79,7602.21,76.79,0.01,0.0,0.001491069726066114,0.9854633696468871,0.9978944987549554,,,0.1283709796918209,76.79,7602.21,76.79,0.0,0.99,0.01,0.0
NONFIBROTIC ILD ADJUDICATED,28,1832723386,combined,0.0,0.0037593984962406013,0.9779623131903834,0.997878383637494,,,0.10356963188795221,153.58,7525.42,153.58,0.02,0.1936076805344365,0.024402623692136836,0.9812585376413488,0.9982934825374115,,,0.10356963188795221,153.58,7525.42,153.58,0.02,0.0,0.001491069726066114,0.9745896451187815,0.9978710571944039,,,0.10356963188795221,153.58,7525.42,153.58,0.0,0.98,0.02,0.0
NONFIBROTIC ILD ADJUDICATED,28,1832723386,combined,0.0625,0.003759398496240601,0.9481546458739443,0.9979480304494044,,,0.07297194369065683,383.95000000000005,7295.05,384.95000000000005,0.05,0.28328737570298945,0.01456595072155569,0.9532576570299862,0.9984381629428766,,,0.07297194369065683,383.95000000000005,7295.05,384.95000000000005,0.05,0.01111934476464252,0.001491069726066114,0.9429548086311533,0.9978241496627362,,,0.07297194369065683,383.95000000000005,7295.05,384.95000000000005,0.0625,0.95,0.05,0.0
NONFIBROTIC ILD ADJUDICATED,28,1832723386,combined,0.25,0.003759398496240601,0.898648473034438,0.9982666724411708,,,0.047172132416448964,767.9000000000001,6911.1,771.9,0.1,0.49498316535508774,0.012099691734694966,0.9056555369991162,0.9988405709869635,,,0.047172132416448964,767.9000000000001,6911.1,771.9,0.1,0.10182067491213048,0.001491069726066114,0.8914435183597512,0.9979089008146523,,,0.047172132416448964,767.9000000000001,6911.1,771.9,0.25,0.9,0.1,0.0
NONFIBROTIC ILD ADJUDICATED,29,1551706286,zebra,0.015997916666666667,0.04160475482912333,0.9969560710418021,0.9979521004310791,,,1.0,7.679,7671.321,7.934966666666667,0.001,0.21493233931633104,0.11971724025005594,0.9975916888028656,0.9983658740849025,,,1.0,7.679,7671.321,7.934966666666667,0.001,0.004476535473005726,0.013878341356956083,0.9962121686371003,0.9979265114911319,,,1.0,7.679,7671.321,7.934966666666667,0.015997916666666667,0.999,0.001,0.0
NONFIBROTIC ILD ADJUDICATED,29,1551706286,zebra,0.07998958333333334,0.04160475482912332,0.9930974442278536,0.9980775911742389,,,1.0,38.395,7640.605,39.67483333333334,0.005,0.30023097444390917,0.11971724025005592,0.9946652807194344,0.998538908141778,,,1.0,38.395,7640.605,39.67483333333334,0.005,0.022382677365028632,0.013878341356956083,0.9913737934504718,0.997953798485125,,,1.0,38.395,7640.605,39.67483333333334,0.07998958333333334,0.995,0.005,0.0
NONFIBROTIC ILD ADJUDICATED,29,1551706286,zebra,0.1875,0.03759968354430379,0.9883313840155945,0.9982928901452243,,,0.9999983899295386,76.79,7602.21,79.79,0.01,0.4300888096197414,0.1048104205234943,0.9908249570123883,0.9988043771827548,,,0.9999983899295386,76.79,7602.21,79.79,0.01,0.06591599071428142,0.012868907693511542,0.985600426937521,0.9980330119646759,,,0.9999983899295386,76.79,7602.21,79.79,0.1875,0.99,0.01,0.0
NONFIBROTIC ILD ADJUDICATED,29,1551706286,zebra,0.1875,0.019159725624693775,0.9783521767381417,0.9982755006943465,,,0.9999437251760059,153.58,7525.42,156.58,0.02,0.4300888096197414,0.054811013917662264,0.9817502462918186,0.998793328832326,,,0.9999437251760059,153.58,7525.42,156.58,0.02,0.06591599071428142,0.006537088406967185,0.9747267024094155,0.9980111094648655,,,0.9999437251760059,153.58,7525.42,156.58,0.1875,0.98,0.02,0.0
NONFIBROTIC ILD ADJUDICATED,29,1551706286,zebra,0.25,0.010310610298622765,0.9485445094217025,0.9983577503902842,,,0.9983975086949376,383.95000000000005,7295.05,387.95000000000005,0.05,0.49498316535508774,0.026207195109994398,0.9536978302118488,0.9988989756612178,,,0.9983975086949376,383.95000000000005,7295.05,387.95000000000005,0.05,0.10182067491213048,0.0041272791090604406,0.9431434013903944,0.9980233268003532,,,0.9983975086949376,383.95000000000005,7295.05,387.95000000000005,0.25,0.95,0.05,0.0
NONFIBROTIC ILD ADJUDICATED,29,1551706286,zebra,0.4375,0.009033425022922396,0.8990383365821962,0.9986994407570826,,,0.9846876187794554,767.9000000000001,6911.1,774.9000000000001,0.1,0.6682144360118811,0.018528087386419218,0.9060157319738412,0.9992379761730831,,,0.9846876187794554,767.9000000000001,6911.1,774.9000000000001,0.1,0.23098652405492354,0.004127279109060439,0.89171208932613,0.9982090801546115,,,0.9846876187794554,767.9000000000001,6911.1,774.9000000000001,0.4375,0.9,0.1,0.0
NONFIBROTIC ILD ADJUDICATED,29,1551706286,genomic,0.0,0.006097560975609756,0.9969228070175439,0.9979186507160284,,,0.30905629436062854,7.679,7671.321,7.679000000000001,0.001,0.1936076805344365,0.27753279986288915,0.9978240523900588,0.9983217773973239,,,0.30905629436062854,7.679,7671.321,7.679000000000001,0.001,0.0,0.0017355264787777276,0.9959261573425542,0.9979165721881269,,,0.30905629436062854,7.679,7671.321,7.679000000000001,0.0,0.999,0.001,0.0
NONFIBROTIC ILD ADJUDICATED,29,1551706286,genomic,0.0,0.006097560975609756,0.9929311241065627,0.9979103009669136,,,0.10194761995538579,38.395,7640.605,38.395,0.005,0.1936076805344365,0.09096337749096901,0.9946798394206848,0.9983164792695998,,,0.10194761995538579,38.395,7640.605,38.395,0.005,0.0,0.0017355264787777276,0.9910909962124582,0.9979064292074967,,,0.10194761995538579,38.395,7640.605,38.395,0.0,0.995,0.005,0.0
NONFIBROTIC ILD ADJUDICATED,29,1551706286,genomic,0.0,0.006097560975609756,0.9879415204678362,0.997899769099863,,,0.05344397286933689,76.79,7602.21,76.79,0.01,0.1936076805344365,0.055342933703324056,0.9903332483619185,0.9983090997612283,,,0.05344397286933689,76.79,7602.21,76.79,0.01,0.0,0.0017355264787777276,0.9854633696468871,0.9978944987549554,,,0.05344397286933689,76.79,7602.21,76.79,0.0,0.99,0.01,0.0
NONFIBROTIC ILD ADJUDICATED,29,1551706286,genomic,0.0625,0.006097560975609756,0.9780922677063029,0.9980107208797039,,,0.0315881501866028,153.58,7525.42,154.58,0.02,0.28328737570298945,0.03573037123070862,0.9814450061433238,0.9984829781429401,,,0.0315881501866028,153.58,7525.42,154.58,0.02,0.01111934476464252,0.0017355264787777276,0.9746127652638412,0.9978946798053583,,,0.0315881501866028,153.58,7525.42,154.58,0.0625,0.98,0.02,0.0
NONFIBROTIC ILD ADJUDICATED,29,1551706286,genomic,0.1875,0.005706134094151212,0.9484145549057831,0.9982211397005275,3.7500012111414818,0.8552631586580156,0.012517470278576276,383.95000000000005,7295.05,386.95000000000005,0.05,0.4300888096197414,0.02048073746039078,0.9535628971784811,0.9987576704700947,9.484524901907365,0.9885570785489324,0.012517470278576276,383.95000000000005,7295.05,386.95000000000005,0.05,0.06591599071428142,0.0017355264787777276,0.9430687457767276,0.9979444717873013,1.1962193453785535,0.5969821773472466,0.012517470278576276,383.95000000000005,7295.05,386.95000000000005,0.1875,0.95,0.05,0.0
NONFIBROTIC ILD ADJUDICATED,29,1551706286,genomic,0.1875,0.004456824512534819,0.8985185185185185,0.998122499671524,,,0.004905450214783913,767.9000000000001,6911.1,770.9000000000001,0.1,0.4300888096197414,0.011383046242914079,0.9055206039657484,0.9986917799711593,,,0.004905450214783913,767.9000000000001,6911.1,770.9000000000001,0.1,0.06591599071428142,0.0017355264787777276,0.8913688627460844,0.9978254909753369,,,0.004905450214783913,767.9000000000001,6911.1,770.9000000000001,0.1875,0.9,0.1,0.0
NONFIBROTIC ILD ADJUDICATED,29,1551706286,combined,0.0,0.04545454545454546,0.9969228070175439,0.9979186507160284,,,0.5124221447388473,7.679,7671.321,7.679000000000001,0.001,0.1936076805344365,0.27753279986288915,0.9978240523900588,0.9983217773973239,,,0.5124221447388473,7.679,7671.321,7.679000000000001,0.001,0.0,0.013147648707687571,0.9959261573425542,0.9979165721881269,,,0.5124221447388473,7.679,7671.321,7.679000000000001,0.0,0.999,0.001,0.0
NONFIBROTIC ILD ADJUDICATED,29,1551706286,combined,0.125,0.04545454545454546,0.9931910331384015,0.9981710355979045,,,0.3459570060195214,38.395,7640.605,40.395,0.005,0.36022827265758695,0.16359742462126767,0.9950262889949499,0.9986638714977031,,,0.3459570060195214,38.395,7640.605,40.395,0.005,0.03497748774324047,0.013147648707687571,0.9911637239322623,0.9979795090980321,,,0.3459570060195214,38.395,7640.605,40.395,0.125,0.995,0.005,0.0
NONFIBROTIC ILD ADJUDICATED,29,1551706286,combined,0.125,0.02538461538461538,0.988201429499675,0.9981618153858629,,,0.28114060279261177,76.79,7602.21,78.79,0.01,0.36022827265758695,0.08790988564315926,0.9906796979361836,0.9986580126939545,,,0.28114060279261177,76.79,7602.21,78.79,0.01,0.03497748774324047,0.006989209801481439,0.9855360973666911,0.9979679942515908,,,0.28114060279261177,76.79,7602.21,78.79,0.125,0.99,0.01,0.0
NONFIBROTIC ILD ADJUDICATED,29,1551706286,combined,0.125,0.012855252274607112,0.9782222222222222,0.9981430932273311,,,0.20253324129949474,153.58,7525.42,155.58,0.02,0.36022827265758695,0.04565496145718123,0.981604987215614,0.9986456136722623,,,0.20253324129949474,153.58,7525.42,155.58,0.02,0.03497748774324047,0.003532482403018589,0.9746623728385856,0.9979453692670687,,,0.20253324129949474,153.58,7525.42,155.58,0.125,0.98,0.02,0.0
NONFIBROTIC ILD ADJUDICATED,29,1551706286,combined,0.125,0.006283662477558348,0.9482846003898636,0.9980845663920145,,,0.07892019037174179,383.95000000000005,7295.05,385.95,0.05,0.36022827265758695,0.018694818983814993,0.9534176381022764,0.9986055962706862,,,0.07892019037174179,383.95000000000005,7295.05,385.95,0.05,0.03497748774324047,0.002685310902804869,0.9430044162058977,0.9978765336539906,,,0.07892019037174179,383.95000000000005,7295.05,385.95,0.125,0.95,0.05,0.0
NONFIBROTIC ILD ADJUDICATED,29,1551706286,combined,0.3125,0.006283662477558348,0.8987784275503574,0.9984108868666071,,,0.026244006535071685,767.9000000000001,6911.1,772.9000000000001,0.1,0.5559564416525933,0.015053603657021535,0.9057823170408004,0.9989804120809168,,,0.026244006535071685,767.9000000000001,6911.1,772.9000000000001,0.1,0.14164643854782039,0.002685310902804869,0.8915263269651015,0.9980014359910003,,,0.026244006535071685,767.9000000000001,6911.1,772.9000000000001,0.3125,0.9,0.1,0.0
NONFIBROTIC ILD ADJUDICATED,30,1386362428,zebra,0.014543560606060608,0.03977055449330784,0.9969530470395968,0.9979490804918082,,,1.0,7.679000000000001,7671.321,7.91169696969697,0.001,0.21299373397252244,0.11333101407347589,0.9975784994462368,0.9983618339393762,,,1.0,7.679000000000001,7671.321,7.91169696969697,0.001,0.004069577702732479,0.014597910048739478,0.9962204809294243,0.9979256829999373,,,1.0,7.679000000000001,7671.321,7.91169696969697,0.014543560606060608,0.999,0.001,0.0
NONFIBROTIC ILD ADJUDICATED,30,1386362428,zebra,0.07271780303030304,0.03977055449330784,0.9930823242168272,0.9980624914778841,,,1.0,38.395,7640.605,39.55848484848485,0.005,0.29053794772486624,0.11333101407347589,0.9945993339362904,0.9985187074141463,,,1.0,38.395,7640.605,39.55848484848485,0.005,0.020347888513662395,0.014597910048739478,0.9914153549120919,0.9979496560291526,,,1.0,38.395,7640.605,39.55848484848485,0.07271780303030304,0.995,0.005,0.0
NONFIBROTIC ILD ADJUDICATED,30,1386362428,zebra,0.1875,0.03977055449330784,0.9883313840155945,0.9982928901452243,,,0.999999249458923,76.79,7602.21,79.79,0.01,0.4300888096197414,0.1048104205234943,0.9908249570123883,0.9988043771827548,,,0.999999249458923,76.79,7602.21,79.79,0.01,0.06591599071428142,0.014597910048739478,0.985600426937521,0.9980330119646759,,,0.999999249458923,76.79,7602.21,79.79,0.1875,0.99,0.01,0.0
NONFIBROTIC ILD ADJUDICATED,30,1386362428,zebra,0.25,0.02538418124647262,0.9784821312540611,0.9984079432947279,,,0.9999561749646374,153.58,7525.42,157.58,0.02,0.49498316535508774,0.0634433883036137,0.9818851793251864,0.9989305825086291,,,0.9999561749646374,153.58,7525.42,157.58,0.02,0.10182067491213048,0.009914700027544226,0.9748013580230823,0.9980874129954797,,,0.9999561749646374,153.58,7525.42,157.58,0.25,0.98,0.02,0.0
NONFIBROTIC ILD ADJUDICATED,30,1386362428,zebra,0.375,0.015386592841605692,0.9488044184535414,0.9986310839749352,,,0.9985235622198765,383.95000000000005,7295.05,389.95000000000005,0.05,0.6135895945449727,0.033157657439387464,0.9539444452692938,0.999157340362372,,,0.9985235622198765,383.95000000000005,7295.05,389.95000000000005,0.05,0.18481232558863633,0.007390223570240701,0.9433159636270187,0.9982056434131169,,,0.9985235622198765,383.95000000000005,7295.05,389.95000000000005,0.375,0.95,0.05,0.0
NONFIBROTIC ILD ADJUDICATED,30,1386362428,zebra,0.625,0.012549537648612944,0.8994282001299545,0.9991325844629564,,,0.9862395983425454,767.9000000000001,6911.1,777.9000000000001,0.1,0.8151876744113636,0.023292263512465446,0.9063213293506303,0.9995753915606481,,,0.9862395983425454,767.9000000000001,6911.1,777.9000000000001,0.1,0.38641040545502714,0.0067124013927781865,0.8920352578904447,0.9985705222160962,,,0.9862395983425454,767.9000000000001,6911.1,777.9000000000001,0.625,0.9,0.1,0.0
NONFIBROTIC ILD ADJUDICATED,30,1386362428,genomic,0.0,0.0021551724137931043,0.9969228070175439,0.9979186507160284,,,0.49039795354023935,7.679,7671.321,7.679000000000001,0.001,0.1936076805344365,0.27753279986288915,0.9978240523900588,0.9983217773973239,,,0.49039795354023935,7.679,7671.321,7.679000000000001,0.001,0.0,0.0008877512720565886,0.9959261573425542,0.9979165721881269,,,0.49039795354023935,7.679,7671.321,7.679000000000001,0.0,0.999,0.001,0.0
NONFIBROTIC ILD ADJUDICATED,30,1386362428,genomic,0.0,0.0021551724137931043,0.9929311241065627,0.9979103009669136,,,0.3090220329475919,38.395,7640.605,38.395,0.005,0.1936076805344365,0.09096337749096901,0.9946798394206848,0.9983164792695998,,,0.3090220329475919,38.395,7640.605,38.395,0.005,0.0,0.0008877512720565886,0.9910909962124582,0.9979064292074967,,,0.3090220329475919,38.395,7640.605,38.395,0.0,0.995,0.005,0.0
NONFIBROTIC ILD ADJUDICATED,30,1386362428,genomic,0.0,0.002155172413793103,0.9879415204678362,0.997899769099863,,,0.23129075517543377,76.79,7602.21,76.79,0.01,0.1936076805344365,0.04764340883680176,0.9903332483619185,0.9983090997612283,,,0.23129075517543377,76.79,7602.21,76.79,0.01,0.0,0.0008877512720565886,0.9854633696468871,0.9978944987549554,,,0.23129075517543377,76.79,7602.21,76.79,0.0,0.99,0.01,0.0
NONFIBROTIC ILD ADJUDICATED,30,1386362428,genomic,0.0,0.002155172413793103,0.9779623131903834,0.997878383637494,,,0.1605246950644768,153.58,7525.42,153.58,0.02,0.1936076805344365,0.024402623692136836,0.9812585376413488,0.9982934825374115,,,0.1605246950644768,153.58,7525.42,153.58,0.02,0.0,0.0008877512720565886,0.9745896451187815,0.9978710571944039,,,0.1605246950644768,153.58,7525.42,153.58,0.0,0.98,0.02,0.0
NONFIBROTIC ILD ADJUDICATED,30,1386362428,genomic,0.0625,0.002155172413793103,0.9481546458739443,0.9979480304494044,,,0.08037194436851541,383.95000000000005,7295.05,384.95000000000005,0.05,0.28328737570298945,0.01456595072155569,0.9532576570299862,0.9984381629428766,,,0.08037194436851541,383.95000000000005,7295.05,384.95000000000005,0.05,0.01111934476464252,0.0008877512720565886,0.9429548086311533,0.9978241496627362,,,0.08037194436851541,383.95000000000005,7295.05,384.95000000000005,0.0625,0.95,0.05,0.0
NONFIBROTIC ILD ADJUDICATED,30,1386362428,genomic,0.0625,0.0016907528132669176,0.8982586094866797,0.9978342790274269,,,0.03454685577056906,767.9000000000001,6911.1,768.9000000000001,0.1,0.28328737570298945,0.007329779726867508,0.9052153638172535,0.9983553543534605,,,0.03454685577056906,767.9000000000001,6911.1,768.9000000000001,0.1,0.01111934476464252,0.0008877512720565886,0.8912549256005101,0.9976982202699737,,,0.03454685577056906,767.9000000000001,6911.1,768.9000000000001,0.0625,0.9,0.1,0.0
NONFIBROTIC ILD ADJUDICATED,30,1386362428,combined,0.0,0.004512635379061372,0.9969228070175439,0.9979186507160284,,,0.6793287082504207,7.679,7671.321,7.679000000000001,0.001,0.1936076805344365,0.27753279986288915,0.9978240523900588,0.9983217773973239,,,0.6793287082504207,7.679,7671.321,7.679000000000001,0.001,0.0,0.001709951346829069,0.9959261573425542,0.9979165721881269,,,0.6793287082504207,7.679,7671.321,7.679000000000001,0.0,0.999,0.001,0.0
NONFIBROTIC ILD ADJUDICATED,30,1386362428,combined,0.0,0.004512635379061372,0.9929311241065627,0.9979103009669136,,,0.5147324450119649,38.395,7640.605,38.395,0.005,0.1936076805344365,0.09096337749096901,0.9946798394206848,0.9983164792695998,,,0.5147324450119649,38.395,7640.605,38.395,0.005,0.0,0.001709951346829069,0.9910909962124582,0.9979064292074967,,,0.5147324450119649,38.395,7640.605,38.395,0.0,0.995,0.005,0.0
NONFIBROTIC ILD ADJUDICATED,30,1386362428,combined,0.0,0.004512635379061372,0.9879415204678362,0.997899769099863,,,0.45835111488604857,76.79,7602.21,76.79,0.01,0.1936076805344365,0.04764340883680176,0.9903332483619185,0.9983090997612283,,,0.45835111488604857,76.79,7602.21,76.79,0.01,0.0,0.001709951346829069,0.9854633696468871,0.9978944987549554,,,0.45835111488604857,76.79,7602.21,76.79,0.0,0.99,0.01,0.0
NONFIBROTIC ILD ADJUDICATED,30,1386362428,combined,0.0625,0.004512635379061372,0.9780922677063029,0.9980107208797039,,,0.39613478842105226,153.58,7525.42,154.58,0.02,0.28328737570298945,0.035691660297397725,0.9814450061433238,0.9984829781429401,,,0.39613478842105226,153.58,7525.42,154.58,0.02,0.01111934476464252,0.001709951346829069,0.9746127652638412,0.9978946798053583,,,0.39613478842105226,153.58,7525.42,154.58,0.0625,0.98,0.02,0.0
NONFIBROTIC ILD ADJUDICATED,30,1386362428,combined,0.0625,0.004512635379061371,0.9481546458739443,0.9979480304494044,,,0.30165773850934613,383.95000000000005,7295.05,384.95000000000005,0.05,0.28328737570298945,0.01456595072155569,0.9532576570299862,0.9984381629428766,,,0.30165773850934613,383.95000000000005,7295.05,384.95000000000005,0.05,0.01111934476464252,0.001709951346829069,0.9429548086311533,0.9978241496627362,,,0.30165773850934613,383.95000000000005,7295.05,384.95000000000005,0.0625,0.95,0.05,0.0
NONFIBROTIC ILD ADJUDICATED,30,1386362428,combined,0.25,0.004512635379061371,0.898648473034438,0.9982666724411708,,,0.21264456778711488,767.9000000000001,6911.1,771.9,0.1,0.49498316535508774,0.013247723548346288,0.9056555369991162,0.9988405709869635,,,0.21264456778711488,767.9000000000001,6911.1,771.9,0.1,0.10182067491213048,0.001709951346829069,0.8914435183597512,0.9979089008146523,,,0.21264456778711488,767.9000000000001,6911.1,771.9,0.25,0.9,0.1,0.0
NON FIBROTIC ILA ADJUDICATED,1,2006639513,zebra,0.016674034869240347,0.0875,0.9933830614079593,0.994372049109573,,,1.0,7.650999999999999,7643.349,8.384657534246577,0.001,0.10265816108664359,0.16976795508474998,0.9940774516147158,0.9948628939496996,,,1.0,7.650999999999999,7643.349,8.384657534246577,0.001,0.008307809016486542,0.043032001782059855,0.9926345237849121,0.994320042457835,,,1.0,7.650999999999999,7643.349,8.384657534246577,0.016674034869240347,0.999,0.001,0.0
NON FIBROTIC ILA ADJUDICATED,1,2006639513,zebra,0.08337017434620174,0.0875,0.9897873018416157,0.9947322403496843,,,1.0,38.254999999999995,7612.745,41.923287671232885,0.005,0.1921083903992953,0.16976795508474998,0.9914227322436259,0.9953596063754477,,,1.0,38.254999999999995,7612.745,41.923287671232885,0.005,0.04153904508243272,0.043032001782059855,0.9880404713203984,0.9944836250993031,,,1.0,38.254999999999995,7612.745,41.923287671232885,0.08337017434620174,0.995,0.005,0.0
NON FIBROTIC ILA ADJUDICATED,1,2006639513,zebra,0.1590909090909091,0.08382530120481926,0.9852488628979856,0.9951389280995445,15.909770280556764,0.8494031258301432,0.9999999294326384,76.51,7574.49,83.51,0.01,0.29366205062240613,0.16305787810602268,0.9880034725567685,0.9959218600985634,36.69386233717771,0.9323770819847336,0.9999999294326384,76.51,7574.49,83.51,0.01,0.0792667701220125,0.041197935614727434,0.9823183114181749,0.9946666068058443,6.347473314593619,0.7120367031615542,0.9999999294326384,76.51,7574.49,83.51,0.1590909090909091,0.99,0.01,0.0
NON FIBROTIC ILA ADJUDICATED,1,2006639513,zebra,0.22727272727272727,0.058631921824104254,0.9756959064327485,0.995485914724714,,,0.9999577545879336,153.02,7497.98,163.01999999999998,0.02,0.3699235806463633,0.1079318796447613,0.9793995625593936,0.9963270226626716,,,0.9999577545879336,153.02,7497.98,163.01999999999998,0.02,0.12841947594917152,0.031291751990190936,0.9717636791151443,0.9948938221796186,,,0.9999577545879336,153.02,7497.98,163.01999999999998,0.22727272727272727,0.98,0.02,0.0
NON FIBROTIC ILA ADJUDICATED,1,2006639513,zebra,0.36363636363636365,0.04054054054054055,0.9466471734892787,0.9961625173707532,,,0.9983914972120362,382.55,7268.45,398.55,0.05,0.5113362312095656,0.0643833069727391,0.9521267851102164,0.9970649294231332,,,0.9983914972120362,382.55,7268.45,398.55,0.05,0.23783529708820186,0.025289969368882174,0.9408437112254895,0.9953826407320701,,,0.9983914972120362,382.55,7268.45,398.55,0.36363636363636365,0.95,0.05,0.0
NON FIBROTIC ILA ADJUDICATED,1,2006639513,zebra,0.5227272727272727,0.028625954198473285,0.8978427550357375,0.9969595621712167,5.227273530109883,0.5303030313097201,0.9851662322224618,765.1,6885.9,788.1,0.1,0.662450089677489,0.04277091399273034,0.9051271510000282,0.9978631956187665,7.086753806689274,0.694952615724057,0.9851662322224618,765.1,6885.9,788.1,0.1,0.3793546556062164,0.019066147190299605,0.8901383180000093,0.9960193185007555,3.547883639167301,0.37235679729217686,0.9851662322224618,765.1,6885.9,788.1,0.5227272727272727,0.9,0.1,0.0
NON FIBROTIC ILA ADJUDICATED,1,2006639513,genomic,0.0,0.016155088852988685,0.9932877192982456,0.9942763103159286,,,0.9999999999999128,7.651,7643.349,7.651000000000001,0.001,0.08029560375848066,0.2775327998628892,0.9942443056174366,0.9947360993912391,,,0.9999999999999128,7.651,7643.349,7.651000000000001,0.001,0.0,0.004073423340284592,0.99229229666729,0.9942706014494015,,,0.9999999999999128,7.651,7643.349,7.651000000000001,0.0,0.999,0.001,0.0
NON FIBROTIC ILA ADJUDICATED,1,2006639513,genomic,0.022727272727272728,0.016155088852988685,0.9894405458089668,0.9943833029784318,4.5460372193595875,0.9821836487200702,0.9999995127902028,38.255,7612.745,39.255,0.005,0.11807709698213287,0.131045867622242,0.9913290761685883,0.9949353715899738,32.3647052899572,1.0028440892437804,0.9999995127902028,38.255,7612.745,39.255,0.005,0.004023252060053224,0.004073423340284592,0.9874963013001351,0.9942658320529868,0.5875731237790364,0.8851527873533193,0.9999995127902028,38.255,7612.745,39.255,0.022727272727272728,0.995,0.005,0.0
NON FIBROTIC ILA ADJUDICATED,1,2006639513,genomic,0.022727272727272728,0.012902097902097901,0.9844691358024691,0.9943550959456217,,,0.9959872934571039,76.51,7574.49,77.51,0.01,0.11807709698213287,0.0695267453906159,0.986999478020034,0.9949132528306948,,,0.9959872934571039,76.51,7574.49,77.51,0.01,0.004023252060053224,0.004073423340284592,0.9818880690796791,0.9942332684121061,,,0.9959872934571039,76.51,7574.49,77.51,0.022727272727272728,0.99,0.01,0.0
NON FIBROTIC ILA ADJUDICATED,1,2006639513,genomic,0.022727272727272728,0.007944919745287741,0.9745263157894737,0.994297823357863,,,0.30593589795269505,153.02,7497.98,154.01999999999998,0.02,0.11807709698213287,0.03585669737735901,0.9779595046930875,0.9948664414991208,,,0.30593589795269505,153.02,7497.98,154.01999999999998,0.02,0.004023252060053224,0.004073423340284592,0.9710523816686049,0.9941692928682048,,,0.30593589795269505,153.02,7497.98,154.01999999999998,0.022727272727272728,0.98,0.02,0.0
NON FIBROTIC ILA ADJUDICATED,1,2006639513,genomic,0.09090909090909091,0.007944919745287736,0.9450877192982456,0.9945268832399011,,,0.00035014921117032646,382.55,7268.45,386.55,0.05,0.21159239166598612,0.025088296642520123,0.9504128502252369,0.9952730823846753,,,0.00035014921117032646,382.55,7268.45,386.55,0.05,0.03592219322731624,0.004073423340284592,0.9396891723600082,0.9941665429847912,,,0.00035014921117032646,382.55,7268.45,386.55,0.09090909090909091,0.95,0.05,0.0
NON FIBROTIC ILA ADJUDICATED,1,2006639513,genomic,0.09090909090909091,0.006391478485505681,0.8953736192332684,0.9942245773004146,,,1.6163052015341316e-06,765.1,6885.9,769.0999999999999,0.1,0.21159239166598612,0.01383205135620135,0.9025491472687084,0.9950233187096043,,,1.6163052015341316e-06,765.1,6885.9,769.0999999999999,0.1,0.03592219322731624,0.004073423340284592,0.8881745716264328,0.993830209100902,,,1.6163052015341316e-06,765.1,6885.9,769.0999999999999,0.09090909090909091,0.9,0.1,0.0
NON FIBROTIC ILA ADJUDICATED,1,2006639513,combined,0.045454545454545456,0.2,0.9935476283300844,0.9945350562269129,,,0.3544708828474209,7.651,7643.349,9.651000000000002,0.001,0.15134998437629657,0.5098375284633583,0.9946505944734709,0.995140800886326,,,0.3544708828474209,7.651,7643.349,9.651000000000002,0.001,0.012555109949594967,0.056682151454375274,0.9923640867696659,0.9943421276891233,,,0.3544708828474209,7.651,7643.349,9.651000000000002,0.045454545454545456,0.999,0.001,0.0
NON FIBROTIC ILA ADJUDICATED,1,2006639513,combined,0.09090909090909091,0.09467331118493907,0.9898304093567251,0.9947731173415862,,,0.25091317174501315,38.255,7612.745,42.255,0.005,0.21159239166598612,0.2194719325590507,0.9918637965020634,0.9954699701392101,,,0.25091317174501315,38.255,7612.745,42.255,0.005,0.03592219322731624,0.03743514372123929,0.9876786994042753,0.9944484652656249,,,0.25091317174501315,38.255,7612.745,42.255,0.09090909090909091,0.995,0.005,0.0
NON FIBROTIC ILA ADJUDICATED,1,2006639513,combined,0.09090909090909091,0.049685185185185186,0.9848589993502274,0.9947468576132606,,,0.20886010692772392,76.51,7574.49,80.51,0.01,0.21159239166598612,0.12089832757820358,0.987534198353509,0.9954501754561864,,,0.20886010692772392,76.51,7574.49,80.51,0.01,0.03592219322731624,0.019488987554973955,0.9820704671838193,0.9944169329526151,,,0.20886010692772392,76.51,7574.49,80.51,0.09090909090909091,0.99,0.01,0.0
NON FIBROTIC ILA ADJUDICATED,1,2006639513,combined,0.11363636363636363,0.02922077922077922,0.9750461338531514,0.9948255136654923,5.681822908226651,0.9044526904823376,0.15150141776770026,153.02,7497.98,158.02,0.02,0.23979152416608285,0.06931331792766236,0.9786554676295519,0.9955717880308936,14.026672470203206,0.9732325491497812,0.15150141776770026,153.02,7497.98,158.02,0.02,0.04952780601092492,0.012045422334449033,0.9713125766489606,0.9944342056691298,2.117809996343945,0.7734305913216935,0.15150141776770026,153.02,7497.98,158.02,0.11363636363636363,0.98,0.02,0.0
NON FIBROTIC ILA ADJUDICATED,1,2006639513,combined,0.13636363636363635,0.015442053375029813,0.9453476283300845,0.9947991158255824,,,0.08852313433482706,382.55,7268.45,388.55,0.05,0.2670945304851544,0.03327568555648586,0.9507302113828774,0.9956043841470372,,,0.08852313433482706,382.55,7268.45,388.55,0.05,0.06402954497555872,0.007573430065944242,0.9398498901607778,0.9943356520374421,,,0.08852313433482706,382.55,7268.45,388.55,0.13636363636363635,0.95,0.05,0.0
NON FIBROTIC ILA ADJUDICATED,1,2006639513,combined,0.1590909090909091,0.011281327375279992,0.8957634827810267,0.9946554189617804,,,0.045682551303971364,765.1,6885.9,772.0999999999999,0.1,0.29366205062240613,0.01859484330739979,0.9030184214719679,0.9955390576865386,,,0.045682551303971364,765.1,6885.9,772.0999999999999,0.1,0.0792667701220125,0.007573430065944242,0.8884224158607884,0.994105965632576,,,0.045682551303971364,765.1,6885.9,772.0999999999999,0.1590909090909091,0.9,0.1,0.0
NON FIBROTIC ILA ADJUDICATED,2,1103116732,zebra,0.01391090909090909,0.07407407407407407,0.9933672618583496,0.9943561846091457,,,1.0,7.651,7643.349,8.26308,0.001,0.09935158493695774,0.15232873865967633,0.9940561074890443,0.994843906621055,,,1.0,7.651,7643.349,8.26308,0.001,0.006531867314773331,0.03438963041238104,0.9926268060801143,0.9943098397070645,,,1.0,7.651,7643.349,8.26308,0.01391090909090909,0.999,0.001,0.0
NON FIBROTIC ILA ADJUDICATED,2,1103116732,zebra,0.06955454545454545,0.07407407407407407,0.9897083040935671,0.9946529178475476,,,1.0,38.255,7612.745,41.315400000000004,0.005,0.17557550965086605,0.15232873865967633,0.9913160116152682,0.9952646697322249,,,1.0,38.255,7612.745,41.315400000000004,0.005,0.03265933657386665,0.03438963041238103,0.9880018827964094,0.9944326113454507,,,1.0,38.255,7612.745,41.315400000000004,0.06955454545454545,0.995,0.005,0.0
NON FIBROTIC ILA ADJUDICATED,2,1103116732,zebra,0.13636363636363635,0.07272112841610343,0.9851189083820662,0.9950082036017297,13.636945954762938,0.8723599670687956,0.9999999822187996,76.51,7574.49,82.51,0.01,0.2670945304851544,0.14970604373143195,0.9878515595111494,0.995769117824675,33.37417930530376,0.947807001377865,0.9999999822187996,76.51,7574.49,82.51,0.01,0.06402954497555872,0.03375339157248933,0.982231184984589,0.9945788229046242,5.127316622745372,0.738818570773759,0.9999999822187996,76.51,7574.49,82.51,0.13636363636363635,0.99,0.01,0.0
NON FIBROTIC ILA ADJUDICATED,2,1103116732,zebra,0.1590909090909091,0.044444444444444446,0.9753060428849902,0.9950895689155412,,,0.9999684093609221,153.02,7497.98,160.02,0.02,0.29366205062240613,0.08834065113068826,0.978963499229822,0.9958842921860509,,,0.9999684093609221,153.02,7497.98,160.02,0.02,0.0792667701220125,0.02213463643484571,0.9714826240071007,0.9946074126000262,,,0.9999684093609221,153.02,7497.98,160.02,0.1590909090909091,0.98,0.02,0.0
NON FIBROTIC ILA ADJUDICATED,2,1103116732,zebra,0.3409090909090909,0.03718459495351925,0.9465172189733594,0.9960260090668961,,,0.998403003008602,382.55,7268.45,397.55,0.05,0.48860858782061756,0.0613137656218012,0.951996828474854,0.9969288391848439,,,0.998403003008602,382.55,7268.45,397.55,0.05,0.21875819519344444,0.021885147750524823,0.9407346283816469,0.9952676144434254,,,0.998403003008602,382.55,7268.45,397.55,0.3409090909090909,0.95,0.05,0.0
NON FIBROTIC ILA ADJUDICATED,2,1103116732,zebra,0.5227272727272727,0.02806788511749347,0.8978427550357375,0.9969595621712167,,,0.9847199506728997,765.1,6885.9,788.1,0.1,0.662450089677489,0.04232098052740069,0.9051271510000282,0.9978631956187665,,,0.9847199506728997,765.1,6885.9,788.1,0.1,0.3793546556062164,0.018458166890573027,0.8901383180000093,0.9960193185007555,,,0.9847199506728997,765.1,6885.9,788.1,0.5227272727272727,0.9,0.1,0.0
NON FIBROTIC ILA ADJUDICATED,2,1103116732,genomic,0.0,0.004761904761904763,0.9932877192982456,0.9942763103159286,,,0.7224636177327259,7.651,7643.349,7.651000000000001,0.001,0.08029560375848066,0.2775327998628892,0.9942443056174366,0.9947360993912391,,,0.7224636177327259,7.651,7643.349,7.651000000000001,0.001,0.0,0.003007718587227485,0.99229229666729,0.9942706014494015,,,0.7224636177327259,7.651,7643.349,7.651000000000001,0.0,0.999,0.001,0.0
NON FIBROTIC ILA ADJUDICATED,2,1103116732,genomic,0.0,0.004761904761904763,0.9893105912930473,0.9942534327390308,,,0.6186405650438446,38.255,7612.745,38.255,0.005,0.08029560375848066,0.09126339952349076,0.9911130416394343,0.9947195490808696,,,0.6186405650438446,38.255,7612.745,38.255,0.005,0.0,0.003007718587227485,0.9874732963500841,0.9942428022137036,,,0.6186405650438446,38.255,7612.745,38.255,0.0,0.995,0.005,0.0
NON FIBROTIC ILA ADJUDICATED,2,1103116732,genomic,0.0,0.004761904761904763,0.9843391812865496,0.9942245772863857,,,0.5613311080054137,76.51,7574.49,76.51,0.01,0.08029560375848066,0.04781005357595867,0.9867834434908799,0.9946964927839533,,,0.5613311080054137,76.51,7574.49,76.51,0.01,0.0,0.003007718587227485,0.981865064129628,0.9942101085507631,,,0.5613311080054137,76.51,7574.49,76.51,0.0,0.99,0.01,0.0
NON FIBROTIC ILA ADJUDICATED,2,1103116732,genomic,0.022727272727272728,0.004761904761904763,0.9745263157894737,0.994297823357863,,,0.4429904901587341,153.02,7497.98,154.01999999999998,0.02,0.11807709698213287,0.03585669737735901,0.9779595046930875,0.9948664414991208,,,0.4429904901587341,153.02,7497.98,154.01999999999998,0.02,0.004023252060053224,0.003007718587227485,0.9710523816686049,0.9941692928682048,,,0.4429904901587341,153.02,7497.98,154.01999999999998,0.022727272727272728,0.98,0.02,0.0
NON FIBROTIC ILA ADJUDICATED,2,1103116732,genomic,0.022727272727272728,0.004519454155774359,0.9446978557504874,0.9941188136143883,,,0.24240346687056702,382.55,7268.45,383.55,0.05,0.11807709698213287,0.015685401635105952,0.9498781298917619,0.9947153720367156,,,0.24240346687056702,382.55,7268.45,383.55,0.05,0.004023252060053224,0.003007718587227485,0.9395067742558679,0.9939746913471433,,,0.24240346687056702,382.55,7268.45,383.55,0.022727272727272728,0.95,0.05,0.0
NON FIBROTIC ILA ADJUDICATED,2,1103116732,genomic,0.045454545454545456,0.004519454155774359,0.8951137102014295,0.9939375568240353,,,0.0712984181288087,765.1,6885.9,767.0999999999999,0.1,0.15134998437629657,0.00945599229627487,0.9022046812621136,0.9946450856536474,,,0.0712984181288087,765.1,6885.9,767.0999999999999,0.1,0.012555109949594967,0.0030077185872274845,0.8880409586746174,0.9936816120741501,,,0.0712984181288087,765.1,6885.9,767.0999999999999,0.045454545454545456,0.9,0.1,0.0
NON FIBROTIC ILA ADJUDICATED,2,1103116732,combined,0.0,0.028031057359900653,0.9932877192982456,0.9942763103159286,,,0.7424474397302772,7.651,7643.349,7.651000000000001,0.001,0.08029560375848066,0.2775327998628892,0.9942443056174366,0.9947360993912391,,,0.7424474397302772,7.651,7643.349,7.651000000000001,0.001,0.0,0.015929495091789897,0.99229229666729,0.9942706014494015,,,0.7424474397302772,7.651,7643.349,7.651000000000001,0.0,0.999,0.001,0.0
NON FIBROTIC ILA ADJUDICATED,2,1103116732,combined,0.0,0.028031057359900653,0.9893105912930473,0.9942534327390308,,,0.6360455263666228,38.255,7612.745,38.255,0.005,0.08029560375848066,0.09925629665824938,0.9911130416394343,0.9947195490808696,,,0.6360455263666228,38.255,7612.745,38.255,0.005,0.0,0.015929495091789897,0.9874732963500841,0.9942428022137036,,,0.6360455263666228,38.255,7612.745,38.255,0.0,0.995,0.005,0.0
NON FIBROTIC ILA ADJUDICATED,2,1103116732,combined,0.022727272727272728,0.028031057359900653,0.9844691358024691,0.9943550959456217,,,0.5736221427630432,76.51,7574.49,77.51,0.01,0.11807709698213287,0.0719366470752816,0.986999478020034,0.9949132528306948,,,0.5736221427630432,76.51,7574.49,77.51,0.01,0.004023252060053224,0.015929495091789897,0.9818880690796791,0.9942332684121061,,,0.5736221427630432,76.51,7574.49,77.51,0.022727272727272728,0.99,0.01,0.0
NON FIBROTIC ILA ADJUDICATED,2,1103116732,combined,0.09090909090909091,0.028031057359900653,0.974916179337232,0.9946935385854301,,,0.47806586623094993,153.02,7497.98,157.02,0.02,0.21159239166598612,0.06067535784659506,0.9784942250265625,0.995408282408082,,,0.47806586623094993,153.02,7497.98,157.02,0.02,0.03592219322731624,0.015929495091789897,0.9712347797727451,0.994354983396024,,,0.47806586623094993,153.02,7497.98,157.02,0.09090909090909091,0.98,0.02,0.0
NON FIBROTIC ILA ADJUDICATED,2,1103116732,combined,0.2727272727272727,0.028031057359900653,0.946127355425601,0.9956167085387065,,,0.3323770127812863,382.55,7268.45,394.55,0.05,0.418488730924512,0.05207929006495468,0.9515958832242459,0.9965092044174897,,,0.3323770127812863,382.55,7268.45,394.55,0.05,0.16346381623843378,0.015929495091789897,0.9404184551946396,0.9949343645174793,,,0.3323770127812863,382.55,7268.45,394.55,0.2727272727272727,0.95,0.05,0.0
NON FIBROTIC ILA ADJUDICATED,2,1103116732,combined,0.4318181818181818,0.024088541666666664,0.8973229369720598,0.9963825261475183,,,0.19780471169090344,765.1,6885.9,784.0999999999999,0.1,0.5777585300637057,0.03752558665613437,0.9046428847722171,0.9973285018417101,,,0.19780471169090344,765.1,6885.9,784.0999999999999,0.1,0.2968272340851781,0.01532867316597412,0.8896664263110001,0.995492391868047,,,0.19780471169090344,765.1,6885.9,784.0999999999999,0.4318181818181818,0.9,0.1,0.0
NON FIBROTIC ILA ADJUDICATED,3,1578659597,zebra,0.014153541226215644,0.07526881720430108,0.9933686492285839,0.9943576980226393,,,1.0,7.650999999999999,7643.349,8.273755813953489,0.001,0.09927777451378175,0.1472970010325892,0.9940437199413821,0.9948435704357785,,,1.0,7.650999999999999,7643.349,8.273755813953489,0.001,0.007051977420971135,0.03693668398168048,0.992641745568784,0.994312960776513,,,1.0,7.650999999999999,7643.349,8.273755813953489,0.014153541226215644,0.999,0.001,0.0
NON FIBROTIC ILA ADJUDICATED,3,1578659597,zebra,0.07076770613107822,0.07526881720430108,0.9897152409447391,0.9946604849150157,,,1.0,38.254999999999995,7612.745,41.36877906976744,0.005,0.17520645753498612,0.14729700103258916,0.991254073876957,0.9952629888058424,,,1.0,38.254999999999995,7612.745,41.36877906976744,0.005,0.03525988710485567,0.03693668398168048,0.9880765802397583,0.9944482166926932,,,1.0,38.254999999999995,7612.745,41.36877906976744,0.07076770613107822,0.995,0.005,0.0
NON FIBROTIC ILA ADJUDICATED,3,1578659597,zebra,0.14153541226215643,0.07526881720430108,0.9851484805899331,0.9950389685304862,,,1.0,76.50999999999999,7574.49,82.73755813953488,0.01,0.2701173113114916,0.14729700103258916,0.9877670162964256,0.9957872617684222,,,1.0,76.50999999999999,7574.49,82.73755813953488,0.01,0.07051977420971134,0.03693668398168048,0.9823701235784762,0.9946172865879185,,,1.0,76.50999999999999,7574.49,82.73755813953488,0.14153541226215643,0.99,0.01,0.0
NON FIBROTIC ILA ADJUDICATED,3,1578659597,zebra,0.18181818181818182,0.0505952380952381,0.9754359974009097,0.9952216491134257,,,0.9999684093609221,153.02,7497.98,161.01999999999998,0.02,0.3196055088718468,0.09497493348934843,0.9791118438903776,0.9960348607820614,,,0.9999684093609221,153.02,7497.98,161.01999999999998,0.02,0.09512805715627728,0.02616001347874299,0.9715733188257503,0.9946998172524493,,,0.9999684093609221,153.02,7497.98,161.01999999999998,0.18181818181818182,0.98,0.02,0.0
NON FIBROTIC ILA ADJUDICATED,3,1578659597,zebra,0.3409090909090909,0.03689567430025445,0.9465172189733594,0.9960260090668961,6.818193352226901,0.6937799075563996,0.9986482281841178,382.55,7268.45,397.55,0.05,0.48860858782061756,0.06045677070424354,0.951996828474854,0.9969288391848439,10.776974732010643,0.8268100999532209,0.9986482281841178,382.55,7268.45,397.55,0.05,0.21875819519344444,0.022354227662356608,0.9407346283816469,0.9952676144434254,3.9692460749277414,0.5356781400100301,0.9986482281841178,382.55,7268.45,397.55,0.3409090909090909,0.95,0.05,0.0
NON FIBROTIC ILA ADJUDICATED,3,1578659597,zebra,0.45454545454545453,0.026709387850406666,0.8974528914879792,0.9965267225219984,,,0.9855086316617809,765.1,6885.9,785.1,0.1,0.5993381680103802,0.040241912564962436,0.9047662771139524,0.9974646888496925,,,0.9855086316617809,765.1,6885.9,785.1,0.1,0.31705234142220895,0.017563744975624136,0.8897820734484698,0.9956214749132458,,,0.9855086316617809,765.1,6885.9,785.1,0.45454545454545453,0.9,0.1,0.0
NON FIBROTIC ILA ADJUDICATED,3,1578659597,genomic,0.0,0.008490581265839132,0.9932877192982456,0.9942763103159286,,,0.7692142531815983,7.651,7643.349,7.651000000000001,0.001,0.08029560375848066,0.2775327998628892,0.9942443056174366,0.9947360993912391,,,0.7692142531815983,7.651,7643.349,7.651000000000001,0.001,0.0,0.0036430723347620052,0.99229229666729,0.9942706014494015,,,0.7692142531815983,7.651,7643.349,7.651000000000001,0.0,0.999,0.001,0.0
NON FIBROTIC ILA ADJUDICATED,3,1578659597,genomic,0.0,0.008490581265839132,0.9893105912930473,0.9942534327390308,,,0.44567979012184045,38.255,7612.745,38.255,0.005,0.08029560375848066,0.09126339952349076,0.9911130416394343,0.9947195490808696,,,0.44567979012184045,38.255,7612.745,38.255,0.005,0.0,0.0036430723347620052,0.9874732963500841,0.9942428022137036,,,0.44567979012184045,38.255,7612.745,38.255,0.0,0.995,0.005,0.0
NON FIBROTIC ILA ADJUDICATED,3,1578659597,genomic,0.022727272727272728,0.008490581265839129,0.9844691358024691,0.9943550959456217,2.2728243257938234,0.9871441732620582,0.2402094883046678,76.51,7574.49,77.51,0.01,0.11807709698213287,0.06347192220854182,0.986999478020034,0.9949132528306948,14.754050557955834,1.0085721507976315,0.2402094883046678,76.51,7574.49,77.51,0.01,0.004023252060053224,0.0036430723347620052,0.9818880690796791,0.9942332684121061,0.32217138467686657,0.8890382809827111,0.2402094883046678,76.51,7574.49,77.51,0.022727272727272728,0.99,0.01,0.0
NON FIBROTIC ILA ADJUDICATED,3,1578659597,genomic,0.022727272727272728,0.008490581265839129,0.9745263157894737,0.994297823357863,,,0.12162610161881487,153.02,7497.98,154.01999999999998,0.02,0.11807709698213287,0.03585669737735901,0.9779595046930875,0.9948664414991208,,,0.12162610161881487,153.02,7497.98,154.01999999999998,0.02,0.004023252060053224,0.0036430723347620052,0.9710523816686049,0.9941692928682048,,,0.12162610161881487,153.02,7497.98,154.01999999999998,0.022727272727272728,0.98,0.02,0.0
NON FIBROTIC ILA ADJUDICATED,3,1578659597,genomic,0.06818181818181818,0.007781104905457236,0.9449577647823262,0.9943908228129441,,,0.02980721037046494,382.55,7268.45,385.55000000000007,0.05,0.18225044370221527,0.022624251666095514,0.9502450730049112,0.9950980243562342,,,0.02980721037046494,382.55,7268.45,385.55000000000007,0.05,0.023459395907381622,0.0036430723347620052,0.9396179101011287,0.9940915784511686,,,0.02980721037046494,382.55,7268.45,385.55000000000007,0.06818181818181818,0.95,0.05,0.0
NON FIBROTIC ILA ADJUDICATED,3,1578659597,genomic,0.09090909090909091,0.005357923092960332,0.8953736192332684,0.9942245773004146,,,0.009118641540782109,765.1,6885.9,769.0999999999999,0.1,0.21159239166598612,0.013295670723836356,0.9025491472687084,0.9950233187096043,,,0.009118641540782109,765.1,6885.9,769.0999999999999,0.1,0.03592219322731624,0.0036430723347620052,0.8881745716264328,0.993830209100902,,,0.009118641540782109,765.1,6885.9,769.0999999999999,0.09090909090909091,0.9,0.1,0.0
NON FIBROTIC ILA ADJUDICATED,3,1578659597,combined,0.022727272727272728,0.07142857142857142,0.993417673814165,0.9944056664398981,,,0.8280304822856729,7.651,7643.349,8.651,0.001,0.11807709698213287,0.4041500267952385,0.9944603401465907,0.9949512488896392,,,0.8280304822856729,7.651,7643.349,8.651,0.001,0.004023252060053224,0.017876213095072896,0.992315301617341,0.9942935207249268,,,0.8280304822856729,7.651,7643.349,8.651,0.022727272727272728,0.999,0.001,0.0
NON FIBROTIC ILA ADJUDICATED,3,1578659597,combined,0.045454545454545456,0.03846153846153847,0.9895705003248861,0.9945132071497902,9.092074438719175,0.9593421685172779,0.709784484141301,38.255,7612.745,40.255,0.005,0.15134998437629657,0.1504037607323959,0.9915193304954686,0.9951255167688607,41.48473976049461,0.9942534034948488,0.709784484141301,38.255,7612.745,40.255,0.005,0.012555109949594967,0.010800089699749896,0.98754508645246,0.9943146735167134,1.833602534059271,0.8517580439812442,0.709784484141301,38.255,7612.745,40.255,0.045454545454545456,0.995,0.005,0.0
NON FIBROTIC ILA ADJUDICATED,3,1578659597,combined,0.045454545454545456,0.026881720430107534,0.9845990903183884,0.9944856488775109,,,0.645581998610969,76.51,7574.49,78.51,0.01,0.15134998437629657,0.08820860478215643,0.9871897323469142,0.9951042243446547,,,0.645581998610969,76.51,7574.49,78.51,0.01,0.012555109949594967,0.010800089699749894,0.9819368542320039,0.9942823856455415,,,0.645581998610969,76.51,7574.49,78.51,0.045454545454545456,0.99,0.01,0.0
NON FIBROTIC ILA ADJUDICATED,3,1578659597,combined,0.09090909090909091,0.02657485609769218,0.974916179337232,0.9946935385854301,,,0.5796466090144138,153.02,7497.98,157.02,0.02,0.21159239166598612,0.06309827336500098,0.9784942250265625,0.995408282408082,,,0.5796466090144138,153.02,7497.98,157.02,0.02,0.03592219322731624,0.010800089699749894,0.9712347797727451,0.994354983396024,,,0.5796466090144138,153.02,7497.98,157.02,0.09090909090909091,0.98,0.02,0.0
NON FIBROTIC ILA ADJUDICATED,3,1578659597,combined,0.18181818181818182,0.020547945205479454,0.9456075373619234,0.9950714974889291,,,0.4453969978486828,382.55,7268.45,390.55000000000007,0.05,0.3196055088718468,0.039893836745323666,0.9510304690890521,0.9959180342793962,,,0.4453969978486828,382.55,7268.45,390.55000000000007,0.05,0.09512805715627728,0.010800089699749894,0.9400277114130133,0.994522824584835,,,0.4453969978486828,382.55,7268.45,390.55000000000007,0.18181818181818182,0.95,0.05,0.0
NON FIBROTIC ILA ADJUDICATED,3,1578659597,combined,0.29545454545454547,0.01644736842105263,0.8965432098765432,0.9955182234731856,,,0.32055266003071636,765.1,6885.9,778.1,0.1,0.44220200126160236,0.028219423415863792,0.9038677727166885,0.9964738674853821,,,0.32055266003071636,765.1,6885.9,778.1,0.1,0.1815552911850489,0.009416748407286794,0.8890073014912984,0.9947573283443409,,,0.32055266003071636,765.1,6885.9,778.1,0.29545454545454547,0.9,0.1,0.0
NON FIBROTIC ILA ADJUDICATED,4,470871586,zebra,0.015027216610549945,0.07954545454545454,0.9933736449032962,0.9943626728384153,,,1.0,7.651,7643.349,8.312197530864198,0.001,0.10044951344929416,0.15519881257322346,0.9940555803760789,0.9948502694240309,,,1.0,7.651,7643.349,8.312197530864198,0.001,0.0074872846691792306,0.03906485712225406,0.9926390742220774,0.9943154150097944,,,1.0,7.651,7643.349,8.312197530864198,0.015027216610549945,0.999,0.001,0.0
NON FIBROTIC ILA ADJUDICATED,4,470871586,zebra,0.07513608305274973,0.07954545454545453,0.9897402193183003,0.9946853589938957,,,1.0,38.255,7612.745,41.56098765432099,0.005,0.18106515221254818,0.15519881257322343,0.991313376050441,0.9952964837471039,,,1.0,38.255,7612.745,41.56098765432099,0.005,0.03743642334589615,0.03906485712225406,0.9880632235062248,0.9944604878590999,,,1.0,38.255,7612.745,41.56098765432099,0.07513608305274973,0.995,0.005,0.0
NON FIBROTIC ILA ADJUDICATED,4,470871586,zebra,0.15027216610549946,0.07954545454545453,0.9851984373370555,0.995088716688246,15.027216610549944,0.858226903187163,1.0,76.51,7574.49,83.12197530864198,0.01,0.2818347006666157,0.15519881257322343,0.9878856206433936,0.9958542516509452,34.440650401161236,0.9367334198904401,1.0,76.51,7574.49,83.12197530864198,0.01,0.0748728466917923,0.03906485712225406,0.982343410111409,0.9946418289207318,6.033259559384385,0.7239030430229394,1.0,76.51,7574.49,83.12197530864198,0.15027216610549946,0.99,0.01,0.0
NON FIBROTIC ILA ADJUDICATED,4,470871586,zebra,0.22772727272727286,0.05921052631578947,0.9756985055230669,0.9954885587760482,,,0.9999654712646701,153.02,7497.98,163.04,0.02,0.37041322230522805,0.10858413293323728,0.9794023623297627,0.9963298672491845,,,0.9999654712646701,153.02,7497.98,163.04,0.02,0.12876592919598118,0.03162370344287309,0.9717656601343593,0.9948958420082896,,,0.9999654712646701,153.02,7497.98,163.04,0.22772727272727286,0.98,0.02,0.0
NON FIBROTIC ILA ADJUDICATED,4,470871586,zebra,0.38636363636363635,0.04254793233082708,0.9467771280051982,0.9962990630974713,,,0.9986378241856195,382.55,7268.45,399.55,0.05,0.5337642460762172,0.06707642250540226,0.9522550284700777,0.9971992619525367,,,0.9986378241856195,382.55,7268.45,399.55,0.05,0.2572120275052556,0.02672089358889175,0.9409545073448333,0.9954995008658546,,,0.9986378241856195,382.55,7268.45,399.55,0.38636363636363635,0.95,0.05,0.0
NON FIBROTIC ILA ADJUDICATED,4,470871586,zebra,0.5454545454545454,0.02872122486387406,0.897972709551657,0.9971039256233443,5.454546292288574,0.5050505060092573,0.9848901014798198,765.1,6885.9,789.0999999999999,0.1,0.6829476585777909,0.04349585228303941,0.9052443560723625,0.9979926916577333,7.3060325519043445,0.6710944202262671,0.9848901014798198,765.1,6885.9,789.0999999999999,0.1,0.40066183198961974,0.01891163120078284,0.8902601524068801,0.9961554526074535,3.7471572776223914,0.3497455955866281,0.9848901014798198,765.1,6885.9,789.0999999999999,0.5454545454545454,0.9,0.1,0.0
NON FIBROTIC ILA ADJUDICATED,4,470871586,genomic,0.0,0.004380894314653206,0.9932877192982456,0.9942763103159286,,,0.31885303890889627,7.651,7643.349,7.651000000000001,0.001,0.08029560375848066,0.2775327998628892,0.9942443056174366,0.9947360993912391,,,0.31885303890889627,7.651,7643.349,7.651000000000001,0.001,0.0,0.002875662819299691,0.99229229666729,0.9942706014494015,,,0.31885303890889627,7.651,7643.349,7.651000000000001,0.0,0.999,0.001,0.0
NON FIBROTIC ILA ADJUDICATED,4,470871586,genomic,0.0,0.004380894314653206,0.9893105912930473,0.9942534327390308,,,0.20100574678543415,38.255,7612.745,38.255,0.005,0.08029560375848066,0.09126339952349076,0.9911130416394343,0.9947195490808696,,,0.20100574678543415,38.255,7612.745,38.255,0.005,0.0,0.002875662819299691,0.9874732963500841,0.9942428022137036,,,0.20100574678543415,38.255,7612.745,38.255,0.0,0.995,0.005,0.0
NON FIBROTIC ILA ADJUDICATED,4,470871586,genomic,0.0,0.004380894314653206,0.9843391812865496,0.9942245772863857,,,0.1667727813305332,76.51,7574.49,76.51,0.01,0.08029560375848066,0.04781005357595867,0.9867834434908799,0.9946964927839533,,,0.1667727813305332,76.51,7574.49,76.51,0.01,0.0,0.002875662819299691,0.981865064129628,0.9942101085507631,,,0.1667727813305332,76.51,7574.49,76.51,0.0,0.99,0.01,0.0
NON FIBROTIC ILA ADJUDICATED,4,470871586,genomic,0.0,0.004380894314653206,0.9743963612735542,0.994165988239804,,,0.13121516579314996,153.02,7497.98,153.02,0.02,0.08029560375848066,0.02448952018521323,0.9777434701639334,0.9946476974261346,,,0.13121516579314996,153.02,7497.98,153.02,0.02,0.0,0.002875662819299691,0.9710293767185538,0.9941458775865163,,,0.13121516579314996,153.02,7497.98,153.02,0.0,0.98,0.02,0.0
NON FIBROTIC ILA ADJUDICATED,4,470871586,genomic,0.022727272727272728,0.004380894314653206,0.9446978557504874,0.9941188136143883,,,0.09176958316377899,382.55,7268.45,383.55,0.05,0.11807709698213287,0.014540872309133325,0.9498781298917619,0.9947153720367156,,,0.09176958316377899,382.55,7268.45,383.55,0.05,0.004023252060053224,0.002875662819299691,0.9395067742558679,0.9939746913471433,,,0.09176958316377899,382.55,7268.45,383.55,0.022727272727272728,0.95,0.05,0.0
NON FIBROTIC ILA ADJUDICATED,4,470871586,genomic,0.045454545454545456,0.004380894314653206,0.8951137102014295,0.9939375568240353,,,0.06503795017599322,765.1,6885.9,767.0999999999999,0.1,0.15134998437629657,0.009073464623688967,0.9022046812621136,0.9946450856536474,,,0.06503795017599322,765.1,6885.9,767.0999999999999,0.1,0.012555109949594967,0.002875662819299691,0.8880409586746174,0.9936816120741501,,,0.06503795017599322,765.1,6885.9,767.0999999999999,0.045454545454545456,0.9,0.1,0.0
NON FIBROTIC ILA ADJUDICATED,4,470871586,combined,0.0,0.03333333333333334,0.9932877192982456,0.9942763103159286,,,0.6075683672599178,7.651,7643.349,7.651000000000001,0.001,0.08029560375848066,0.2775327998628892,0.9942443056174366,0.9947360993912391,,,0.6075683672599178,7.651,7643.349,7.651000000000001,0.001,0.0,0.00850302167537179,0.99229229666729,0.9942706014494015,,,0.6075683672599178,7.651,7643.349,7.651000000000001,0.0,0.999,0.001,0.0
NON FIBROTIC ILA ADJUDICATED,4,470871586,combined,0.022727272727272728,0.0254775641025641,0.9894405458089668,0.9943833029784318,,,0.5041631758760757,38.255,7612.745,39.255,0.005,0.11807709698213287,0.131045867622242,0.9913290761685883,0.9949353715899738,,,0.5041631758760757,38.255,7612.745,39.255,0.005,0.004023252060053224,0.00850302167537179,0.9874963013001351,0.9942658320529868,,,0.5041631758760757,38.255,7612.745,39.255,0.022727272727272728,0.995,0.005,0.0
NON FIBROTIC ILA ADJUDICATED,4,470871586,combined,0.022727272727272728,0.016666666666666663,0.9844691358024691,0.9943550959456217,,,0.4432474623045351,76.51,7574.49,77.51,0.01,0.11807709698213287,0.0695267453906159,0.986999478020034,0.9949132528306948,,,0.4432474623045351,76.51,7574.49,77.51,0.01,0.004023252060053224,0.00850302167537179,0.9818880690796791,0.9942332684121061,,,0.4432474623045351,76.51,7574.49,77.51,0.022727272727272728,0.99,0.01,0.0
NON FIBROTIC ILA ADJUDICATED,4,470871586,combined,0.045454545454545456,0.015625000000000003,0.974656270305393,0.9944296934455421,,,0.3814961416006495,153.02,7497.98,155.02,0.02,0.15134998437629657,0.045815162072686155,0.9781497590199677,0.9950591617211418,,,0.3814961416006495,153.02,7497.98,155.02,0.02,0.012555109949594967,0.00850302167537179,0.9711011668209297,0.9942189518349465,,,0.3814961416006495,153.02,7497.98,155.02,0.045454545454545456,0.98,0.02,0.0
NON FIBROTIC ILA ADJUDICATED,4,470871586,combined,0.13636363636363635,0.015442053375029813,0.9453476283300845,0.9947991158255824,,,0.2900183072293018,382.55,7268.45,388.55,0.05,0.2670945304851544,0.03327568555648586,0.9507302113828774,0.9956043841470372,,,0.2900183072293018,382.55,7268.45,388.55,0.05,0.06402954497555872,0.00850302167537179,0.9398498901607778,0.9943356520374421,,,0.2900183072293018,382.55,7268.45,388.55,0.13636363636363635,0.95,0.05,0.0
NON FIBROTIC ILA ADJUDICATED,4,470871586,combined,0.18181818181818182,0.013374763435997921,0.8958934372969461,0.9947991158399239,,,0.19737419909259699,765.1,6885.9,773.1,0.1,0.3196055088718468,0.021483918154441388,0.9031667661325236,0.995702201797397,,,0.19737419909259699,765.1,6885.9,773.1,0.1,0.09512805715627728,0.00850302167537179,0.888513110679438,0.9942069127795866,,,0.19737419909259699,765.1,6885.9,773.1,0.18181818181818182,0.9,0.1,0.0
NON FIBROTIC ILA ADJUDICATED,5,1691038968,zebra,0.021077134986225897,0.10810810810810813,0.9934082383287062,0.994397254244565,,,1.0,7.651000000000001,7643.349,8.57839393939394,0.001,0.10803742321336497,0.19908844435889603,0.9941175192738655,0.9948937225976778,,,1.0,7.651000000000001,7643.349,8.57839393939394,0.001,0.011027647959131479,0.0558073286815147,0.9926407667751519,0.9943355924079675,,,1.0,7.651000000000001,7643.349,8.57839393939394,0.021077134986225897,0.999,0.001,0.0
NON FIBROTIC ILA ADJUDICATED,5,1691038968,zebra,0.10538567493112949,0.10810810810810813,0.9899131864453502,0.9948582660246446,,,1.0,38.255,7612.745,42.8919696969697,0.005,0.21900470103290223,0.19908844435889603,0.9916230705393744,0.9955137496153387,,,1.0,38.255,7612.745,42.8919696969697,0.005,0.05513823979565739,0.05580732868151469,0.9880716862715975,0.9945613748499658,,,1.0,38.255,7612.745,42.8919696969697,0.10538567493112949,0.995,0.005,0.0
NON FIBROTIC ILA ADJUDICATED,5,1691038968,zebra,0.18181818181818182,0.09466666666666668,0.9853788174139051,0.9952696869511259,,,0.9999991940080157,76.51,7574.49,84.51,0.01,0.3196055088718468,0.17582887945545064,0.9881518172173241,0.9960710597364217,,,0.9999991940080157,76.51,7574.49,84.51,0.01,0.09512805715627728,0.0487525191147151,0.9824090062368245,0.9947580024821708,,,0.9999991940080157,76.51,7574.49,84.51,0.18181818181818182,0.99,0.01,0.0
NON FIBROTIC ILA ADJUDICATED,5,1691038968,zebra,0.25,0.06706504065040651,0.975825860948668,0.99561810016606,,,0.9999482105040838,153.02,7497.98,164.01999999999998,0.02,0.3944056635895915,0.11608778978404499,0.9795395510778475,0.9964692350025386,,,0.9999482105040838,153.02,7497.98,164.01999999999998,0.02,0.14574213828964888,0.037502256503511945,0.9718627300758955,0.994994799506252,,,0.9999482105040838,153.02,7497.98,164.01999999999998,0.25,0.98,0.02,0.0
NON FIBROTIC ILA ADJUDICATED,5,1691038968,zebra,0.4318181818181818,0.04671717171717171,0.947037037037037,0.9965722668810623,8.636378246154075,0.5980861272037926,0.998226507081415,382.55,7268.45,401.55,0.05,0.5777585300637057,0.07220869772045513,0.9525065877287456,0.9974628707553842,12.743306677176319,0.7441874478470537,0.998226507081415,382.55,7268.45,401.55,0.05,0.2968272340851781,0.029935529458407703,0.9411810270445755,0.9957385036970317,5.385765469414322,0.4422943363218531,0.998226507081415,382.55,7268.45,401.55,0.4318181818181818,0.95,0.05,0.0
NON FIBROTIC ILA ADJUDICATED,5,1691038968,zebra,0.5454545454545454,0.030414400539057616,0.897972709551657,0.9971039256233443,,,0.9837937691562461,765.1,6885.9,789.0999999999999,0.1,0.6829476585777909,0.04485645175990225,0.9052443560723625,0.9979926916577333,,,0.9837937691562461,765.1,6885.9,789.0999999999999,0.1,0.40066183198961974,0.02052222866739069,0.8902601524068801,0.9961554526074535,,,0.9837937691562461,765.1,6885.9,789.0999999999999,0.5454545454545454,0.9,0.1,0.0
NON FIBROTIC ILA ADJUDICATED,5,1691038968,genomic,0.0,0.006722409102044907,0.9932877192982456,0.9942763103159286,,,0.9999991879401676,7.651,7643.349,7.651000000000001,0.001,0.08029560375848066,0.2775327998628892,0.9942443056174366,0.9947360993912391,,,0.9999991879401676,7.651,7643.349,7.651000000000001,0.001,0.0,0.0043081082748512856,0.99229229666729,0.9942706014494015,,,0.9999991879401676,7.651,7643.349,7.651000000000001,0.0,0.999,0.001,0.0
NON FIBROTIC ILA ADJUDICATED,5,1691038968,genomic,0.0,0.006722409102044906,0.9893105912930473,0.9942534327390308,,,0.9998785943511393,38.255,7612.745,38.255,0.005,0.08029560375848066,0.09126339952349076,0.9911130416394343,0.9947195490808696,,,0.9998785943511393,38.255,7612.745,38.255,0.005,0.0,0.0043081082748512856,0.9874732963500841,0.9942428022137036,,,0.9998785943511393,38.255,7612.745,38.255,0.0,0.995,0.005,0.0
NON FIBROTIC ILA ADJUDICATED,5,1691038968,genomic,0.0,0.006722409102044906,0.9843391812865496,0.9942245772863857,,,0.9162556937969399,76.51,7574.49,76.51,0.01,0.08029560375848066,0.04781005357595867,0.9867834434908799,0.9946964927839533,,,0.9162556937969399,76.51,7574.49,76.51,0.01,0.0,0.0043081082748512856,0.981865064129628,0.9942101085507631,,,0.9162556937969399,76.51,7574.49,76.51,0.0,0.99,0.01,0.0
NON FIBROTIC ILA ADJUDICATED,5,1691038968,genomic,0.0,0.006722409102044906,0.9743963612735542,0.994165988239804,,,0.4773814395332403,153.02,7497.98,153.02,0.02,0.08029560375848066,0.02539927011658022,0.9777434701639334,0.9946476974261346,,,0.4773814395332403,153.02,7497.98,153.02,0.02,0.0,0.0043081082748512856,0.9710293767185538,0.9941458775865163,,,0.4773814395332403,153.02,7497.98,153.02,0.0,0.98,0.02,0.0
NON FIBROTIC ILA ADJUDICATED,5,1691038968,genomic,0.06818181818181818,0.006722409102044906,0.9449577647823262,0.9943908228129441,,,0.08817835117019607,382.55,7268.45,385.55000000000007,0.05,0.18225044370221527,0.02182001931142416,0.9502450730049112,0.9950980243562342,,,0.08817835117019607,382.55,7268.45,385.55000000000007,0.05,0.023459395907381622,0.0043081082748512856,0.9396179101011287,0.9940915784511686,,,0.08817835117019607,382.55,7268.45,385.55000000000007,0.06818181818181818,0.95,0.05,0.0
NON FIBROTIC ILA ADJUDICATED,5,1691038968,genomic,0.09090909090909091,0.006722409102044905,0.8953736192332684,0.9942245773004146,,,0.00474021890609035,765.1,6885.9,769.0999999999999,0.1,0.21159239166598612,0.013295670723836356,0.9025491472687084,0.9950233187096043,,,0.00474021890609035,765.1,6885.9,769.0999999999999,0.1,0.03592219322731624,0.004308108274851284,0.8881745716264328,0.993830209100902,,,0.00474021890609035,765.1,6885.9,769.0999999999999,0.09090909090909091,0.9,0.1,0.0
NON FIBROTIC ILA ADJUDICATED,5,1691038968,combined,0.0,0.019968064132436087,0.9932877192982456,0.9942763103159286,,,0.8008750805464178,7.651,7643.349,7.651000000000001,0.001,0.08029560375848066,0.2775327998628892,0.9942443056174366,0.9947360993912391,,,0.8008750805464178,7.651,7643.349,7.651000000000001,0.001,0.0,0.010962152167450395,0.99229229666729,0.9942706014494015,,,0.8008750805464178,7.651,7643.349,7.651000000000001,0.0,0.999,0.001,0.0
NON FIBROTIC ILA ADJUDICATED,5,1691038968,combined,0.0,0.019968064132436087,0.9893105912930473,0.9942534327390308,,,0.46491279149619064,38.255,7612.745,38.255,0.005,0.08029560375848066,0.09126339952349076,0.9911130416394343,0.9947195490808696,,,0.46491279149619064,38.255,7612.745,38.255,0.005,0.0,0.010962152167450395,0.9874732963500841,0.9942428022137036,,,0.46491279149619064,38.255,7612.745,38.255,0.0,0.995,0.005,0.0
NON FIBROTIC ILA ADJUDICATED,5,1691038968,combined,0.0,0.019968064132436084,0.9843391812865496,0.9942245772863857,,,0.3078222258378975,76.51,7574.49,76.51,0.01,0.08029560375848066,0.051598081575099486,0.9867834434908799,0.9946964927839533,,,0.3078222258378975,76.51,7574.49,76.51,0.01,0.0,0.010962152167450395,0.981865064129628,0.9942101085507631,,,0.3078222258378975,76.51,7574.49,76.51,0.0,0.99,0.01,0.0
NON FIBROTIC ILA ADJUDICATED,5,1691038968,combined,0.06818181818181818,0.019968064132436084,0.9747862248213125,0.9945615985167567,,,0.16139457455058437,153.02,7497.98,156.01999999999998,0.02,0.18225044370221527,0.051598081575099465,0.9783264478062368,0.9952382074605395,,,0.16139457455058437,153.02,7497.98,156.01999999999998,0.02,0.023459395907381622,0.010962152167450395,0.9711635175138656,0.9942824265436685,,,0.16139457455058437,153.02,7497.98,156.01999999999998,0.06818181818181818,0.98,0.02,0.0
NON FIBROTIC ILA ADJUDICATED,5,1691038968,combined,0.18181818181818182,0.019968064132436084,0.9456075373619234,0.9950714974889291,,,0.04692046403073128,382.55,7268.45,390.55000000000007,0.05,0.3196055088718468,0.039893836745323666,0.9510304690890521,0.9959180342793962,,,0.04692046403073128,382.55,7268.45,390.55000000000007,0.05,0.09512805715627728,0.010962152167450395,0.9400277114130133,0.994522824584835,,,0.04692046403073128,382.55,7268.45,390.55000000000007,0.18181818181818182,0.95,0.05,0.0
NON FIBROTIC ILA ADJUDICATED,5,1691038968,combined,0.36363636363636365,0.019602917830516653,0.8969330734243015,0.9959501872962114,,,0.015197454132072966,765.1,6885.9,781.1,0.1,0.5113362312095656,0.033014023957206595,0.9042630821536879,0.996909550434762,,,0.015197454132072966,765.1,6885.9,781.1,0.1,0.23783529708820186,0.010962152167450391,0.8893291104919141,0.9951160777506557,,,0.015197454132072966,765.1,6885.9,781.1,0.36363636363636365,0.9,0.1,0.0
NON FIBROTIC ILA ADJUDICATED,6,962773899,zebra,0.02557152406417112,0.12820512820512817,0.9934339372396132,0.9944231283917528,,,1.0,7.651,7643.349,8.776147058823529,0.001,0.11288301039332169,0.22015950398646633,0.9941424331343511,0.9949216028283041,,,1.0,7.651,7643.349,8.776147058823529,0.001,0.014449079565986931,0.07115322631234479,0.992663123717346,0.9943553225400059,,,1.0,7.651,7643.349,8.776147058823529,0.02557152406417112,0.999,0.001,0.0
NON FIBROTIC ILA ADJUDICATED,6,962773899,zebra,0.12785762032085563,0.12820512820512817,0.9900416809998853,0.9949876367605837,,,1.0,38.255,7612.745,43.88073529411765,0.005,0.24323263693268582,0.22015950398646633,0.9917476398418023,0.9956531507684702,,,1.0,38.255,7612.745,43.88073529411765,0.005,0.07224539782993465,0.07115322631234478,0.9881834709825676,0.9946600255101576,,,1.0,38.255,7612.745,43.88073529411765,0.12785762032085563,0.995,0.005,0.0
NON FIBROTIC ILA ADJUDICATED,6,962773899,zebra,0.22727272727272727,0.11559743384121891,0.9856387264457439,0.9955313077697713,,,0.999999468697395,76.51,7574.49,86.51,0.01,0.3699235806463633,0.19986730322973262,0.9884395358863401,0.9963605641287875,,,0.999999468697395,76.51,7574.49,86.51,0.01,0.12841947594917152,0.06401541828528334,0.9825993665262185,0.99494988844264,,,0.999999468697395,76.51,7574.49,86.51,0.22727272727272727,0.99,0.01,0.0
NON FIBROTIC ILA ADJUDICATED,6,962773899,zebra,0.29545454545454547,0.07632885782600697,0.9760857699805068,0.995882576390066,14.772739561389296,0.7189239334603197,0.9999600467414188,153.02,7497.98,166.01999999999998,0.02,0.44220200126160236,0.12935144799971532,0.9798128504745426,0.9967469929936116,25.866730106227028,0.8380434854754738,0.9999600467414188,153.02,7497.98,166.01999999999998,0.02,0.1815552911850489,0.04397787038138939,0.9720675096376107,0.9952036266754108,7.76330795828143,0.5674996395285496,0.9999600467414188,153.02,7497.98,166.01999999999998,0.29545454545454547,0.98,0.02,0.0
NON FIBROTIC ILA ADJUDICATED,6,962773899,zebra,0.4090909090909091,0.04601990049751243,0.9469070825211177,0.9964356462624412,,,0.9983120937476049,382.55,7268.45,400.55000000000007,0.05,0.555902462589681,0.07114837796129446,0.952381614763332,0.9973318942384314,,,0.9983120937476049,382.55,7268.45,400.55000000000007,0.05,0.2768785562754973,0.029485737715300636,0.941066960530784,0.9956181368209017,,,0.9983120937476049,382.55,7268.45,400.55000000000007,0.4090909090909091,0.95,0.05,0.0
NON FIBROTIC ILA ADJUDICATED,6,962773899,zebra,0.5454545454545454,0.029322348420041333,0.897972709551657,0.9971039256233443,,,0.9848753271324542,765.1,6885.9,789.0999999999999,0.1,0.6829476585777909,0.04379862626163688,0.9052443560723625,0.9979926916577333,,,0.9848753271324542,765.1,6885.9,789.0999999999999,0.1,0.40066183198961974,0.01953608507814189,0.8902601524068801,0.9961554526074535,,,0.9848753271324542,765.1,6885.9,789.0999999999999,0.5454545454545454,0.9,0.1,0.0
NON FIBROTIC ILA ADJUDICATED,6,962773899,genomic,0.0009019277442618404,0.005332852672175625,0.9932928765199152,0.9942781220002114,,,1.0,7.651,7643.349,7.690684820747521,0.001,0.08121919200030472,0.007356485768541399,0.9937614483661269,0.994739186342255,,,1.0,7.651,7643.349,7.690684820747521,0.001,0.0007354255811555567,0.0038640226016008403,0.9927846401574837,0.9942677923425489,,,1.0,7.651,7643.349,7.690684820747521,0.0009019277442618404,0.999,0.001,0.0
NON FIBROTIC ILA ADJUDICATED,6,962773899,genomic,0.0045096387213092014,0.005332852672175625,0.9893363774013954,0.9942626048028764,,,1.0,38.255,7612.745,38.4534241037376,0.005,0.08491354496760099,0.007356485768541399,0.9898427160006814,0.9947410683382248,,,1.0,38.255,7612.745,38.4534241037376,0.005,0.0036771279057777836,0.0038640226016008403,0.9887910531832562,0.9942223745228725,,,1.0,38.255,7612.745,38.4534241037376,0.0045096387213092014,0.995,0.005,0.0
NON FIBROTIC ILA ADJUDICATED,6,962773899,genomic,0.009019277442618403,0.005332852672175625,0.9843907535032457,0.9942432083062077,,,1.0,76.51,7574.49,76.9068482074752,0.01,0.08953148617672133,0.007356485768541399,0.9849443005438745,0.9947434208331872,,,1.0,76.51,7574.49,76.9068482074752,0.01,0.007354255811555567,0.0038640226016008403,0.9837990694654719,0.994165602248277,,,1.0,76.51,7574.49,76.9068482074752,0.009019277442618403,0.99,0.01,0.0
NON FIBROTIC ILA ADJUDICATED,6,962773899,genomic,0.018038554885236806,0.005332852672175625,0.9744995057069461,0.9942044153128703,,,1.0,153.02,7497.98,153.8136964149504,0.02,0.09876736859496198,0.007356485768541399,0.9751474696302607,0.9947481258231119,,,1.0,153.02,7497.98,153.8136964149504,0.02,0.014708511623111134,0.0038640226016008394,0.9738151020299033,0.994052057699086,,,1.0,153.02,7497.98,153.8136964149504,0.018038554885236806,0.98,0.02,0.0
NON FIBROTIC ILA ADJUDICATED,6,962773899,genomic,0.04509638721309202,0.005332852672175625,0.9448257623180476,0.9940880363328579,,,1.0,382.55,7268.45,384.53424103737603,0.05,0.12647501584968396,0.007356485768541398,0.9457569768894191,0.9947622407928858,,,1.0,382.55,7268.45,384.53424103737603,0.05,0.036771279057777835,0.0038640226016008394,0.9438631997231974,0.9937114240515131,,,1.0,382.55,7268.45,384.53424103737603,0.04509638721309202,0.95,0.05,0.0
NON FIBROTIC ILA ADJUDICATED,6,962773899,genomic,0.09019277442618404,0.005332852672175622,0.89536952333655,0.9938940713661707,,,1.0,765.1,6885.9,769.0684820747521,0.1,0.17265442794088726,0.0073564857685413975,0.8967728223213498,0.9947857657425091,,,1.0,765.1,6885.9,769.0684820747521,0.1,0.07354255811555567,0.003864022601600839,0.8939433625453543,0.9931437013055582,,,1.0,765.1,6885.9,769.0684820747521,0.09019277442618404,0.9,0.1,0.0
NON FIBROTIC ILA ADJUDICATED,6,962773899,combined,0.0,0.009437942994720274,0.9932877192982456,0.9942763103159286,,,0.609968493607869,7.651,7643.349,7.651000000000001,0.001,0.08029560375848066,0.2775327998628892,0.9942443056174366,0.9947360993912391,,,0.609968493607869,7.651,7643.349,7.651000000000001,0.001,0.0,0.00645784047047869,0.99229229666729,0.9942706014494015,,,0.609968493607869,7.651,7643.349,7.651000000000001,0.0,0.999,0.001,0.0
NON FIBROTIC ILA ADJUDICATED,6,962773899,combined,0.0,0.009437942994720274,0.9893105912930473,0.9942534327390308,,,0.5238824418244225,38.255,7612.745,38.255,0.005,0.08029560375848066,0.09126339952349076,0.9911130416394343,0.9947195490808696,,,0.5238824418244225,38.255,7612.745,38.255,0.005,0.0,0.00645784047047869,0.9874732963500841,0.9942428022137036,,,0.5238824418244225,38.255,7612.745,38.255,0.0,0.995,0.005,0.0
NON FIBROTIC ILA ADJUDICATED,6,962773899,combined,0.0,0.009437942994720274,0.9843391812865496,0.9942245772863857,,,0.4619811573525845,76.51,7574.49,76.51,0.01,0.08029560375848066,0.04781005357595867,0.9867834434908799,0.9946964927839533,,,0.4619811573525845,76.51,7574.49,76.51,0.01,0.0,0.00645784047047869,0.981865064129628,0.9942101085507631,,,0.4619811573525845,76.51,7574.49,76.51,0.0,0.99,0.01,0.0
NON FIBROTIC ILA ADJUDICATED,6,962773899,combined,0.0,0.009437942994720274,0.9743963612735542,0.994165988239804,,,0.4172104071833421,153.02,7497.98,153.02,0.02,0.08029560375848066,0.02448952018521323,0.9777434701639334,0.9946476974261346,,,0.4172104071833421,153.02,7497.98,153.02,0.02,0.0,0.00645784047047869,0.9710293767185538,0.9941458775865163,,,0.4172104071833421,153.02,7497.98,153.02,0.0,0.98,0.02,0.0
NON FIBROTIC ILA ADJUDICATED,6,962773899,combined,0.0,0.009437942994720274,0.9445679012345679,0.993982864812251,,,0.3355589751023524,382.55,7268.45,382.55,0.05,0.08029560375848066,0.014579351005150796,0.9496620953626078,0.9944902264517027,,,0.3355589751023524,382.55,7268.45,382.55,0.05,0.0,0.00645784047047869,0.9394837693058169,0.9939504993290826,,,0.3355589751023524,382.55,7268.45,382.55,0.0,0.95,0.05,0.0
NON FIBROTIC ILA ADJUDICATED,6,962773899,combined,0.09090909090909091,0.009437942994720274,0.8953736192332684,0.9942245773004146,,,0.2643057910443714,765.1,6885.9,769.0999999999999,0.1,0.21159239166598612,0.014481651690878911,0.9025491472687084,0.9950233187096043,,,0.2643057910443714,765.1,6885.9,769.0999999999999,0.1,0.03592219322731624,0.00645784047047869,0.8881745716264328,0.993830209100902,,,0.2643057910443714,765.1,6885.9,769.0999999999999,0.09090909090909091,0.9,0.1,0.0
NON FIBROTIC ILA ADJUDICATED,7,1384216140,zebra,0.020160737812911726,0.10389610389610388,0.99340299837086,0.9943920369751182,,,1.0,7.651000000000001,7643.349,8.538072463768117,0.001,0.10683125715010913,0.19184375092681488,0.9941064744599812,0.9948868320868838,,,1.0,7.651000000000001,7643.349,8.538072463768117,0.001,0.010548185004386632,0.05359292364758093,0.9926421731645019,0.9943328826386509,,,1.0,7.651000000000001,7643.349,8.538072463768117,0.020160737812911726,0.999,0.001,0.0
NON FIBROTIC ILA ADJUDICATED,7,1384216140,zebra,0.10080368906455864,0.10389610389610388,0.9898869866561196,0.9948321796774107,,,1.0,38.255,7612.745,42.69036231884058,0.005,0.21297387071662302,0.19184375092681488,0.9915678464699529,0.9954792970613686,,,1.0,38.255,7612.745,42.69036231884058,0.005,0.05274092502193316,0.05359292364758093,0.988078718218347,0.9945478260033827,,,1.0,38.255,7612.745,42.69036231884058,0.10080368906455864,0.995,0.005,0.0
NON FIBROTIC ILA ADJUDICATED,7,1384216140,zebra,0.18181818181818182,0.09466666666666668,0.9853788174139051,0.9952696869511259,,,0.9999997341116434,76.51,7574.49,84.51,0.01,0.3196055088718468,0.17582887945545064,0.9881518172173241,0.9960710597364217,,,0.9999997341116434,76.51,7574.49,84.51,0.01,0.09512805715627728,0.0487525191147151,0.9824090062368245,0.9947580024821708,,,0.9999997341116434,76.51,7574.49,84.51,0.18181818181818182,0.99,0.01,0.0
NON FIBROTIC ILA ADJUDICATED,7,1384216140,zebra,0.22727272727272727,0.06176470588235293,0.9756959064327485,0.995485914724714,,,0.9999556834269099,153.02,7497.98,163.01999999999998,0.02,0.3699235806463633,0.10922409771665707,0.9793995625593936,0.9963270226626716,,,0.9999556834269099,153.02,7497.98,163.01999999999998,0.02,0.12841947594917152,0.03391627238386012,0.9717636791151443,0.9948938221796186,,,0.9999556834269099,153.02,7497.98,163.01999999999998,0.22727272727272727,0.98,0.02,0.0
NON FIBROTIC ILA ADJUDICATED,7,1384216140,zebra,0.38636363636363635,0.04254793233082708,0.9467771280051982,0.9962990630974713,,,0.9985041508524027,382.55,7268.45,399.55,0.05,0.5337642460762172,0.06707642250540226,0.9522550284700777,0.9971992619525367,,,0.9985041508524027,382.55,7268.45,399.55,0.05,0.2572120275052556,0.026750164533295505,0.9409545073448333,0.9954995008658546,,,0.9985041508524027,382.55,7268.45,399.55,0.38636363636363635,0.95,0.05,0.0
NON FIBROTIC ILA ADJUDICATED,7,1384216140,zebra,0.5454545454545454,0.029417775768423273,0.897972709551657,0.9971039256233443,5.454546292288574,0.5050505060092573,0.9848901014798198,765.1,6885.9,789.0999999999999,0.1,0.6829476585777909,0.04364813554454823,0.9052443560723625,0.9979926916577333,7.3060325519043445,0.6710944202262671,0.9848901014798198,765.1,6885.9,789.0999999999999,0.1,0.40066183198961974,0.019748335171089742,0.8902601524068801,0.9961554526074535,3.7471572776223914,0.3497455955866281,0.9848901014798198,765.1,6885.9,789.0999999999999,0.5454545454545454,0.9,0.1,0.0
NON FIBROTIC ILA ADJUDICATED,7,1384216140,genomic,0.0,0.007155125431454477,0.9932877192982456,0.9942763103159286,,,0.9999999992586172,7.651,7643.349,7.651000000000001,0.001,0.08029560375848066,0.2775327998628892,0.9942443056174366,0.9947360993912391,,,0.9999999992586172,7.651,7643.349,7.651000000000001,0.001,0.0,0.003871248699960425,0.99229229666729,0.9942706014494015,,,0.9999999992586172,7.651,7643.349,7.651000000000001,0.0,0.999,0.001,0.0
NON FIBROTIC ILA ADJUDICATED,7,1384216140,genomic,0.0,0.007155125431454477,0.9893105912930473,0.9942534327390308,,,0.9993630777050188,38.255,7612.745,38.255,0.005,0.08029560375848066,0.09126339952349076,0.9911130416394343,0.9947195490808696,,,0.9993630777050188,38.255,7612.745,38.255,0.005,0.0,0.003871248699960425,0.9874732963500841,0.9942428022137036,,,0.9993630777050188,38.255,7612.745,38.255,0.0,0.995,0.005,0.0
NON FIBROTIC ILA ADJUDICATED,7,1384216140,genomic,0.0,0.007155125431454477,0.9843391812865496,0.9942245772863857,,,0.6732463955190311,76.51,7574.49,76.51,0.01,0.08029560375848066,0.04781005357595867,0.9867834434908799,0.9946964927839533,,,0.6732463955190311,76.51,7574.49,76.51,0.01,0.0,0.003871248699960425,0.981865064129628,0.9942101085507631,,,0.6732463955190311,76.51,7574.49,76.51,0.0,0.99,0.01,0.0
NON FIBROTIC ILA ADJUDICATED,7,1384216140,genomic,0.0,0.007155125431454477,0.9743963612735542,0.994165988239804,,,0.012041448144971005,153.02,7497.98,153.02,0.02,0.08029560375848066,0.025128980339803594,0.9777434701639334,0.9946476974261346,,,0.012041448144971005,153.02,7497.98,153.02,0.02,0.0,0.003871248699960425,0.9710293767185538,0.9941458775865163,,,0.012041448144971005,153.02,7497.98,153.02,0.0,0.98,0.02,0.0
NON FIBROTIC ILA ADJUDICATED,7,1384216140,genomic,0.09090909090909091,0.007155125431454476,0.9450877192982456,0.9945268832399011,,,4.6319468631759085e-05,382.55,7268.45,386.55,0.05,0.21159239166598612,0.023962763495062437,0.9504128502252369,0.9952730823846753,,,4.6319468631759085e-05,382.55,7268.45,386.55,0.05,0.03592219322731624,0.003871248699960425,0.9396891723600082,0.9941665429847912,,,4.6319468631759085e-05,382.55,7268.45,386.55,0.09090909090909091,0.95,0.05,0.0
NON FIBROTIC ILA ADJUDICATED,7,1384216140,genomic,0.11363636363636363,0.006733815685757312,0.8955035737491879,0.9943681497100025,,,4.360800975620229e-07,765.1,6885.9,770.1,0.1,0.23979152416608285,0.015108004106291557,0.9027103898716978,0.9952004663375944,,,4.360800975620229e-07,765.1,6885.9,770.1,0.1,0.04952780601092492,0.003871248699960425,0.8882523685026483,0.9939167510110996,,,4.360800975620229e-07,765.1,6885.9,770.1,0.11363636363636363,0.9,0.1,0.0
NON FIBROTIC ILA ADJUDICATED,7,1384216140,combined,0.0,0.03361344537815126,0.9932877192982456,0.9942763103159286,,,0.7479525303941824,7.651,7643.349,7.651000000000001,0.001,0.08029560375848066,0.2775327998628892,0.9942443056174366,0.9947360993912391,,,0.7479525303941824,7.651,7643.349,7.651000000000001,0.001,0.0,0.012947610636817042,0.99229229666729,0.9942706014494015,,,0.7479525303941824,7.651,7643.349,7.651000000000001,0.0,0.999,0.001,0.0
NON FIBROTIC ILA ADJUDICATED,7,1384216140,combined,0.022727272727272728,0.03361344537815126,0.9894405458089668,0.9943833029784318,,,0.6631250753779458,38.255,7612.745,39.255,0.005,0.11807709698213287,0.131045867622242,0.9913290761685883,0.9949353715899738,,,0.6631250753779458,38.255,7612.745,39.255,0.005,0.004023252060053224,0.012947610636817042,0.9874963013001351,0.9942658320529868,,,0.6631250753779458,38.255,7612.745,39.255,0.022727272727272728,0.995,0.005,0.0
NON FIBROTIC ILA ADJUDICATED,7,1384216140,combined,0.06818181818181818,0.03361344537815126,0.9847290448343079,0.9946162360955544,,,0.6092383357582226,76.51,7574.49,79.51,0.01,0.18225044370221527,0.10516138002088517,0.9873664211331833,0.9952816448511844,,,0.6092383357582226,76.51,7574.49,79.51,0.01,0.023459395907381622,0.012947610636817042,0.9819992049249399,0.9943451678256259,,,0.6092383357582226,76.51,7574.49,79.51,0.06818181818181818,0.99,0.01,0.0
NON FIBROTIC ILA ADJUDICATED,7,1384216140,combined,0.09090909090909091,0.028268430744049652,0.974916179337232,0.9946935385854301,,,0.5420234048896818,153.02,7497.98,157.02,0.02,0.21159239166598612,0.06414633940160254,0.9784942250265625,0.995408282408082,,,0.5420234048896818,153.02,7497.98,157.02,0.02,0.03592219322731624,0.012947610636817042,0.9712347797727451,0.994354983396024,,,0.5420234048896818,153.02,7497.98,157.02,0.09090909090909091,0.98,0.02,0.0
NON FIBROTIC ILA ADJUDICATED,7,1384216140,combined,0.18181818181818182,0.021410579345088162,0.9456075373619234,0.9950714974889291,,,0.4312826086071232,382.55,7268.45,390.55000000000007,0.05,0.3196055088718468,0.04088597905586418,0.9510304690890521,0.9959180342793962,,,0.4312826086071232,382.55,7268.45,390.55000000000007,0.05,0.09512805715627728,0.011240506976502466,0.9400277114130133,0.994522824584835,,,0.4312826086071232,382.55,7268.45,390.55000000000007,0.18181818181818182,0.95,0.05,0.0
NON FIBROTIC ILA ADJUDICATED,7,1384216140,combined,0.2727272727272727,0.01544203035205606,0.8964132553606238,0.9953743187874664,,,0.33606622343692055,765.1,6885.9,777.0999999999999,0.1,0.418488730924512,0.026795962669231642,0.9037321802677174,0.9963245144868705,,,0.33606622343692055,765.1,6885.9,777.0999999999999,0.1,0.16346381623843378,0.008855189681123178,0.8889038544610642,0.9946420615780496,,,0.33606622343692055,765.1,6885.9,777.0999999999999,0.2727272727272727,0.9,0.1,0.0
NON FIBROTIC ILA ADJUDICATED,8,522943024,zebra,0.024491037131882203,0.12345679012345678,0.9934277590167385,0.9944169757516245,,,1.0,7.651,7643.349,8.728605633802818,0.001,0.1115060777186101,0.21255073237976793,0.9941305746423311,0.9949137388305583,,,1.0,7.651,7643.349,8.728605633802818,0.001,0.013838555077283259,0.0684611591187176,0.9926636179318883,0.9943518647095704,,,1.0,7.651,7643.349,8.728605633802818,0.024491037131882203,0.999,0.001,0.0
NON FIBROTIC ILA ADJUDICATED,8,522943024,zebra,0.122455185659411,0.12345679012345678,0.9900107898855119,0.9949568735599418,,,1.0,38.255,7612.745,43.64302816901409,0.005,0.23634797355912787,0.21255073237976788,0.9916883473817024,0.9956138307797415,,,1.0,38.255,7612.745,43.64302816901409,0.005,0.0691927753864163,0.0684611591187176,0.9881859420552794,0.9946427363579801,,,1.0,38.255,7612.745,43.64302816901409,0.122455185659411,0.995,0.005,0.0
NON FIBROTIC ILA ADJUDICATED,8,522943024,zebra,0.22727272727272727,0.11559743384121891,0.9856387264457439,0.9955313077697713,22.72824325793823,0.7805326021141856,0.9999997379081322,76.51,7574.49,86.51,0.01,0.3699235806463633,0.19986730322973262,0.9884395358863401,0.9963605641287875,46.22294543930368,0.8826027771767561,0.9999997379081322,76.51,7574.49,86.51,0.01,0.12841947594917152,0.06401541828528334,0.9825993665262185,0.99494988844264,10.283492003102293,0.6351598930394832,0.9999997379081322,76.51,7574.49,86.51,0.22727272727272727,0.99,0.01,0.0
NON FIBROTIC ILA ADJUDICATED,8,522943024,zebra,0.2727272727272727,0.07271851040525738,0.9759558154645873,0.9957503207165141,,,0.9999502817210535,153.02,7497.98,165.02,0.02,0.418488730924512,0.12279317501949982,0.9796772580255715,0.9966091691434906,,,0.9999502817210535,153.02,7497.98,165.02,0.02,0.16346381623843378,0.04208445925265519,0.9719640626073766,0.995098123989492,,,0.9999502817210535,153.02,7497.98,165.02,0.2727272727272727,0.98,0.02,0.0
NON FIBROTIC ILA ADJUDICATED,8,522943024,zebra,0.4090909090909091,0.04493827930174564,0.9469070825211177,0.9964356462624412,,,0.9983537384441118,382.55,7268.45,400.55000000000007,0.05,0.555902462589681,0.06991025503101152,0.952381614763332,0.9973318942384314,,,0.9983537384441118,382.55,7268.45,400.55000000000007,0.05,0.2768785562754973,0.028611902806804243,0.941066960530784,0.9956181368209017,,,0.9983537384441118,382.55,7268.45,400.55000000000007,0.4090909090909091,0.95,0.05,0.0
NON FIBROTIC ILA ADJUDICATED,8,522943024,zebra,0.5227272727272727,0.029179673822451707,0.8978427550357375,0.9969595621712167,,,0.9844683846333978,765.1,6885.9,788.1,0.1,0.662450089677489,0.04341140044016132,0.9051271510000282,0.9978631956187665,,,0.9844683846333978,765.1,6885.9,788.1,0.1,0.3793546556062164,0.01943856323514221,0.8901383180000093,0.9960193185007555,,,0.9844683846333978,765.1,6885.9,788.1,0.5227272727272727,0.9,0.1,0.0
NON FIBROTIC ILA ADJUDICATED,8,522943024,genomic,0.0,0.006329113924050633,0.9932877192982456,0.9942763103159286,,,0.48928206578983263,7.651,7643.349,7.651000000000001,0.001,0.08029560375848066,0.2775327998628892,0.9942443056174366,0.9947360993912391,,,0.48928206578983263,7.651,7643.349,7.651000000000001,0.001,0.0,0.0034397317762424676,0.99229229666729,0.9942706014494015,,,0.48928206578983263,7.651,7643.349,7.651000000000001,0.0,0.999,0.001,0.0
NON FIBROTIC ILA ADJUDICATED,8,522943024,genomic,0.0,0.006329113924050633,0.9893105912930473,0.9942534327390308,,,0.2895929063312247,38.255,7612.745,38.255,0.005,0.08029560375848066,0.09126339952349076,0.9911130416394343,0.9947195490808696,,,0.2895929063312247,38.255,7612.745,38.255,0.005,0.0,0.0034397317762424676,0.9874732963500841,0.9942428022137036,,,0.2895929063312247,38.255,7612.745,38.255,0.0,0.995,0.005,0.0
NON FIBROTIC ILA ADJUDICATED,8,522943024,genomic,0.0,0.006329113924050633,0.9843391812865496,0.9942245772863857,,,0.17674909738928646,76.51,7574.49,76.51,0.01,0.08029560375848066,0.05734635448128354,0.9867834434908799,0.9946964927839533,,,0.17674909738928646,76.51,7574.49,76.51,0.01,0.0,0.0034397317762424676,0.981865064129628,0.9942101085507631,,,0.17674909738928646,76.51,7574.49,76.51,0.0,0.99,0.01,0.0
NON FIBROTIC ILA ADJUDICATED,8,522943024,genomic,0.022727272727272728,0.006329113924050633,0.9745263157894737,0.994297823357863,,,0.11021392856976552,153.02,7497.98,154.01999999999998,0.02,0.11807709698213287,0.03585669737735901,0.9779595046930875,0.9948664414991208,,,0.11021392856976552,153.02,7497.98,154.01999999999998,0.02,0.004023252060053224,0.0034397317762424676,0.9710523816686049,0.9941692928682048,,,0.11021392856976552,153.02,7497.98,154.01999999999998,0.022727272727272728,0.98,0.02,0.0
NON FIBROTIC ILA ADJUDICATED,8,522943024,genomic,0.045454545454545456,0.005196234193413139,0.9448278102664067,0.994254799609531,,,0.05857279401350517,382.55,7268.45,384.55,0.05,0.15134998437629657,0.018762175969295063,0.9500683842186421,0.9949137346009742,,,0.05857279401350517,382.55,7268.45,384.55,0.05,0.012555109949594967,0.0034397317762424676,0.9395555594081928,0.9940259977368513,,,0.05857279401350517,382.55,7268.45,384.55,0.045454545454545456,0.95,0.05,0.0
NON FIBROTIC ILA ADJUDICATED,8,522943024,genomic,0.045454545454545456,0.005196234193413136,0.8951137102014295,0.9939375568240353,,,0.03220831013312269,765.1,6885.9,767.0999999999999,0.1,0.15134998437629657,0.009811006415057104,0.9022046812621136,0.9946450856536474,,,0.03220831013312269,765.1,6885.9,767.0999999999999,0.1,0.012555109949594967,0.0034397317762424676,0.8880409586746174,0.9936816120741501,,,0.03220831013312269,765.1,6885.9,767.0999999999999,0.045454545454545456,0.9,0.1,0.0
NON FIBROTIC ILA ADJUDICATED,8,522943024,combined,0.0,0.024064524659526645,0.9932877192982456,0.9942763103159286,,,0.36943100102404575,7.651,7643.349,7.651000000000001,0.001,0.08029560375848066,0.2775327998628892,0.9942443056174366,0.9947360993912391,,,0.36943100102404575,7.651,7643.349,7.651000000000001,0.001,0.0,0.012105547566089392,0.99229229666729,0.9942706014494015,,,0.36943100102404575,7.651,7643.349,7.651000000000001,0.0,0.999,0.001,0.0
NON FIBROTIC ILA ADJUDICATED,8,522943024,combined,0.0,0.024064524659526645,0.9893105912930473,0.9942534327390308,,,0.2600808894382614,38.255,7612.745,38.255,0.005,0.08029560375848066,0.10650379435007226,0.9911130416394343,0.9947195490808696,,,0.2600808894382614,38.255,7612.745,38.255,0.005,0.0,0.012105547566089392,0.9874732963500841,0.9942428022137036,,,0.2600808894382614,38.255,7612.745,38.255,0.0,0.995,0.005,0.0
NON FIBROTIC ILA ADJUDICATED,8,522943024,combined,0.045454545454545456,0.024064524659526645,0.9845990903183884,0.9944856488775109,,,0.22114445458725834,76.51,7574.49,78.51,0.01,0.15134998437629657,0.08820860478215643,0.9871897323469142,0.9951042243446547,,,0.22114445458725834,76.51,7574.49,78.51,0.01,0.012555109949594967,0.012105547566089392,0.9819368542320039,0.9942823856455415,,,0.22114445458725834,76.51,7574.49,78.51,0.045454545454545456,0.99,0.01,0.0
NON FIBROTIC ILA ADJUDICATED,8,522943024,combined,0.06818181818181818,0.022519270497811935,0.9747862248213125,0.9945615985167567,,,0.1741705802638165,153.02,7497.98,156.01999999999998,0.02,0.18225044370221527,0.05500190254299949,0.9783264478062368,0.9952382074605395,,,0.1741705802638165,153.02,7497.98,156.01999999999998,0.02,0.023459395907381622,0.012105547566089392,0.9711635175138656,0.9942824265436685,,,0.1741705802638165,153.02,7497.98,156.01999999999998,0.06818181818181818,0.98,0.02,0.0
NON FIBROTIC ILA ADJUDICATED,8,522943024,combined,0.20454545454545456,0.022519270497811935,0.9457374918778427,0.9952077442629992,,,0.11586724394684238,382.55,7268.45,391.55,0.05,0.34500578061101655,0.042819362581438605,0.9511757078098478,0.9960698220247172,,,0.11586724394684238,382.55,7268.45,391.55,0.05,0.11153253070081293,0.012105547566089392,0.9401215121714226,0.9946215865461141,,,0.11586724394684238,382.55,7268.45,391.55,0.20454545454545456,0.95,0.05,0.0
NON FIBROTIC ILA ADJUDICATED,8,522943024,combined,0.3181818181818182,0.01855287569573284,0.8966731643924627,0.9956621697745113,,,0.07209465094544376,765.1,6885.9,779.0999999999999,0.1,0.46556896062182235,0.030499415883832183,0.9040013849599438,0.9966210831252975,,,0.07209465094544376,765.1,6885.9,779.0999999999999,0.1,0.19999307710853426,0.011312679873334851,0.8891127287272481,0.9948748290635694,,,0.07209465094544376,765.1,6885.9,779.0999999999999,0.3181818181818182,0.9,0.1,0.0
NON FIBROTIC ILA ADJUDICATED,9,507353574,zebra,0.011592424242424243,0.0625,0.9933540047649989,0.9943428551009992,,,1.0,7.651,7643.349,8.161066666666667,0.001,0.09656631425232819,0.13810148767274427,0.9940401813148891,0.9948279012994864,,,1.0,7.651,7643.349,8.161066666666667,0.001,0.005052496583861155,0.02698937567084198,0.9926183470401975,0.9943013201707295,,,1.0,7.651,7643.349,8.161066666666667,0.011592424242424243,0.999,0.001,0.0
NON FIBROTIC ILA ADJUDICATED,9,507353574,zebra,0.05796212121212121,0.0625,0.9896420186268139,0.9945862703068152,,,1.0,38.255,7612.745,40.80533333333334,0.005,0.16164915622771828,0.13810148767274422,0.9912363807444925,0.9951846431243817,,,1.0,38.255,7612.745,40.80533333333334,0.005,0.025262482919305773,0.02698937567084198,0.9879595875968252,0.9943900136637753,,,1.0,38.255,7612.745,40.80533333333334,0.05796212121212121,0.995,0.005,0.0
NON FIBROTIC ILA ADJUDICATED,9,507353574,zebra,0.11363636363636363,0.06134447455585666,0.9849889538661468,0.994877513444145,11.364121628969116,0.8953168083074482,0.9999999107692787,76.51,7574.49,81.51,0.01,0.23979152416608285,0.13569076587131193,0.9876954409564984,0.9956121958929438,29.962595298654914,0.9624921334234863,0.9999999107692787,76.51,7574.49,81.51,0.01,0.04952780601092492,0.026484948012130482,0.9821482640600349,0.9944952906374042,3.9660557191974264,0.7663418584902997,0.9999999107692787,76.51,7574.49,81.51,0.11363636363636363,0.99,0.01,0.0
NON FIBROTIC ILA ADJUDICATED,9,507353574,zebra,0.18181818181818182,0.04789259665655457,0.9754359974009097,0.9952216491134257,,,0.9999584578297274,153.02,7497.98,161.01999999999998,0.02,0.3196055088718468,0.09496501845763058,0.9791118438903776,0.9960348607820614,,,0.9999584578297274,153.02,7497.98,161.01999999999998,0.02,0.09512805715627728,0.024205901254782933,0.9715733188257503,0.9946998172524493,,,0.9999584578297274,153.02,7497.98,161.01999999999998,0.18181818181818182,0.98,0.02,0.0
NON FIBROTIC ILA ADJUDICATED,9,507353574,zebra,0.2727272727272727,0.031407035175879394,0.946127355425601,0.9956167085387065,,,0.9983715648623541,382.55,7268.45,394.55,0.05,0.418488730924512,0.05351530460070303,0.9515958832242459,0.9965092044174897,,,0.9983715648623541,382.55,7268.45,394.55,0.05,0.16346381623843378,0.018258055923239973,0.9404184551946396,0.9949343645174793,,,0.9983715648623541,382.55,7268.45,394.55,0.2727272727272727,0.95,0.05,0.0
NON FIBROTIC ILA ADJUDICATED,9,507353574,zebra,0.5,0.025946704067321174,0.897712800519818,0.9968152405157142,5.000000767931193,0.555555556610183,0.9853445931727879,765.1,6885.9,787.0999999999999,0.1,0.641682394600106,0.04020600568620793,0.9050084013465642,0.9977320272914161,6.864585307599089,0.7185083439673453,0.9853445931727879,765.1,6885.9,787.0999999999999,0.1,0.35831760539989393,0.016726525263247066,0.8900180281742682,0.9958849467611519,3.3511363338677755,0.395265979578039,0.9853445931727879,765.1,6885.9,787.0999999999999,0.5,0.9,0.1,0.0
NON FIBROTIC ILA ADJUDICATED,9,507353574,genomic,0.0,0.010050251256281407,0.9932877192982456,0.9942763103159286,,,0.2727735029901449,7.651,7643.349,7.651000000000001,0.001,0.08029560375848066,0.2775327998628892,0.9942443056174366,0.9947360993912391,,,0.2727735029901449,7.651,7643.349,7.651000000000001,0.001,0.0,0.004054541556405499,0.99229229666729,0.9942706014494015,,,0.2727735029901449,7.651,7643.349,7.651000000000001,0.0,0.999,0.001,0.0
NON FIBROTIC ILA ADJUDICATED,9,507353574,genomic,0.0,0.010050251256281407,0.9893105912930473,0.9942534327390308,,,0.1437685071816466,38.255,7612.745,38.255,0.005,0.08029560375848066,0.09126339952349076,0.9911130416394343,0.9947195490808696,,,0.1437685071816466,38.255,7612.745,38.255,0.005,0.0,0.004054541556405499,0.9874732963500841,0.9942428022137036,,,0.1437685071816466,38.255,7612.745,38.255,0.0,0.995,0.005,0.0
NON FIBROTIC ILA ADJUDICATED,9,507353574,genomic,0.022727272727272728,0.010050251256281407,0.9844691358024691,0.9943550959456217,,,0.09162865593532607,76.51,7574.49,77.51,0.01,0.11807709698213287,0.0695267453906159,0.986999478020034,0.9949132528306948,,,0.09162865593532607,76.51,7574.49,77.51,0.01,0.004023252060053224,0.004054541556405499,0.9818880690796791,0.9942332684121061,,,0.09162865593532607,76.51,7574.49,77.51,0.022727272727272728,0.99,0.01,0.0
NON FIBROTIC ILA ADJUDICATED,9,507353574,genomic,0.045454545454545456,0.010050251256281407,0.974656270305393,0.9944296934455421,,,0.05161813081498832,153.02,7497.98,155.02,0.02,0.15134998437629657,0.04375883958077191,0.9781497590199677,0.9950591617211418,,,0.05161813081498832,153.02,7497.98,155.02,0.02,0.012555109949594967,0.004054541556405499,0.9711011668209297,0.9942189518349465,,,0.05161813081498832,153.02,7497.98,155.02,0.045454545454545456,0.98,0.02,0.0
NON FIBROTIC ILA ADJUDICATED,9,507353574,genomic,0.06818181818181818,0.006955177743431222,0.9449577647823262,0.9943908228129441,,,0.01796561153801202,382.55,7268.45,385.55000000000007,0.05,0.18225044370221527,0.020752219906379012,0.9502450730049112,0.9950980243562342,,,0.01796561153801202,382.55,7268.45,385.55000000000007,0.05,0.023459395907381622,0.004054541556405499,0.9396179101011287,0.9940915784511686,,,0.01796561153801202,382.55,7268.45,385.55000000000007,0.06818181818181818,0.95,0.05,0.0
NON FIBROTIC ILA ADJUDICATED,9,507353574,genomic,0.11363636363636363,0.006955177743431222,0.8955035737491879,0.9943681497100025,,,0.0059381803994862006,765.1,6885.9,770.1,0.1,0.23979152416608285,0.015639346348319563,0.9027103898716978,0.9952004663375944,,,0.0059381803994862006,765.1,6885.9,770.1,0.1,0.04952780601092492,0.004054541556405496,0.8882523685026483,0.9939167510110996,,,0.0059381803994862006,765.1,6885.9,770.1,0.11363636363636363,0.9,0.1,0.0
NON FIBROTIC ILA ADJUDICATED,9,507353574,combined,0.0,0.04019357440516198,0.9932877192982456,0.9942763103159286,,,0.6965502598473217,7.651,7643.349,7.651000000000001,0.001,0.08029560375848066,0.2775327998628892,0.9942443056174366,0.9947360993912391,,,0.6965502598473217,7.651,7643.349,7.651000000000001,0.001,0.0,0.015958685992791623,0.99229229666729,0.9942706014494015,,,0.6965502598473217,7.651,7643.349,7.651000000000001,0.0,0.999,0.001,0.0
NON FIBROTIC ILA ADJUDICATED,9,507353574,combined,0.022727272727272728,0.04019357440516198,0.9894405458089668,0.9943833029784318,,,0.5324791160767609,38.255,7612.745,39.255,0.005,0.11807709698213287,0.13169132747966675,0.9913290761685883,0.9949353715899738,,,0.5324791160767609,38.255,7612.745,39.255,0.005,0.004023252060053224,0.015958685992791623,0.9874963013001351,0.9942658320529868,,,0.5324791160767609,38.255,7612.745,39.255,0.022727272727272728,0.995,0.005,0.0
NON FIBROTIC ILA ADJUDICATED,9,507353574,combined,0.06818181818181818,0.04019357440516198,0.9847290448343079,0.9946162360955544,,,0.43682942277250697,76.51,7574.49,79.51,0.01,0.18225044370221527,0.10516138002088517,0.9873664211331833,0.9952816448511844,,,0.43682942277250697,76.51,7574.49,79.51,0.01,0.023459395907381622,0.015958685992791623,0.9819992049249399,0.9943451678256259,,,0.43682942277250697,76.51,7574.49,79.51,0.06818181818181818,0.99,0.01,0.0
NON FIBROTIC ILA ADJUDICATED,9,507353574,combined,0.13636363636363635,0.0377311320754717,0.9751760883690708,0.994957523770881,,,0.3350247371649613,153.02,7497.98,159.01999999999998,0.02,0.2670945304851544,0.07986436909575646,0.9788115861842029,0.9957301488796072,,,0.3350247371649613,153.02,7497.98,159.01999999999998,0.02,0.06402954497555872,0.015958685992791623,0.9713954975735147,0.9945186597728827,,,0.3350247371649613,153.02,7497.98,159.01999999999998,0.13636363636363635,0.98,0.02,0.0
NON FIBROTIC ILA ADJUDICATED,9,507353574,combined,0.22727272727272727,0.025065963060686012,0.9458674463937622,0.9953440283524294,,,0.20166263998641362,382.55,7268.45,392.55,0.05,0.3699235806463633,0.04619509954575939,0.9513181877580681,0.9962187715651094,,,0.20166263998641362,382.55,7268.45,392.55,0.05,0.12841947594917152,0.013582196477630353,0.9402180717024073,0.9947232736850476,,,0.20166263998641362,382.55,7268.45,392.55,0.22727272727272727,0.95,0.05,0.0
NON FIBROTIC ILA ADJUDICATED,9,507353574,combined,0.38636363636363635,0.02198492462311558,0.897063027940221,0.9960942585527267,,,0.12618776139858032,765.1,6885.9,782.0999999999999,0.1,0.5337642460762172,0.034697929422357054,0.9043913255135492,0.9970509733278783,,,0.12618776139858032,765.1,6885.9,782.0999999999999,0.1,0.2572120275052556,0.013582196477630348,0.8894399066112579,0.9952396520273903,,,0.12618776139858032,765.1,6885.9,782.0999999999999,0.38636363636363635,0.9,0.1,0.0
NON FIBROTIC ILA ADJUDICATED,10,1090592336,zebra,0.014904545454545453,0.07894736842105261,0.9933729434697856,0.9943618414003976,,,1.0,7.650999999999999,7643.349,8.3068,0.001,0.10071272644970611,0.1617274348213807,0.9940701606044905,0.994851689023967,,,1.0,7.650999999999999,7643.349,8.3068,0.001,0.006998429265828568,0.03668400523347175,0.992623203770699,0.9943124652889015,,,1.0,7.650999999999999,7643.349,8.3068,0.014904545454545453,0.999,0.001,0.0
NON FIBROTIC ILA ADJUDICATED,10,1090592336,zebra,0.07452272727272727,0.07894736842105261,0.9897367121507472,0.9946812018038076,,,1.0,38.254999999999995,7612.745,41.534000000000006,0.005,0.18238121721460787,0.1617274348213807,0.991386277192499,0.9953035817467849,,,1.0,38.254999999999995,7612.745,41.534000000000006,0.005,0.03499214632914284,0.03668400523347175,0.987983871249333,0.9944457392546353,,,1.0,38.254999999999995,7612.745,41.534000000000006,0.07452272727272727,0.995,0.005,0.0
NON FIBROTIC ILA ADJUDICATED,10,1090592336,zebra,0.13636363636363635,0.07272112841610343,0.9851189083820662,0.9950082036017297,13.636945954762938,0.8723599670687956,0.9999995356523427,76.51,7574.49,82.51,0.01,0.2670945304851544,0.14970604373143195,0.9878515595111494,0.995769117824675,33.37417930530376,0.947807001377865,0.9999995356523427,76.51,7574.49,82.51,0.01,0.06402954497555872,0.03375339157248933,0.982231184984589,0.9945788229046242,5.127316622745372,0.738818570773759,0.9999995356523427,76.51,7574.49,82.51,0.13636363636363635,0.99,0.01,0.0
NON FIBROTIC ILA ADJUDICATED,10,1090592336,zebra,0.18181818181818182,0.048756798756798767,0.9754359974009097,0.9952216491134257,,,0.999960085117463,153.02,7497.98,161.01999999999998,0.02,0.3196055088718468,0.09440630860704267,0.9791118438903776,0.9960348607820614,,,0.999960085117463,153.02,7497.98,161.01999999999998,0.02,0.09512805715627728,0.02542899507879587,0.9715733188257503,0.9946998172524493,,,0.999960085117463,153.02,7497.98,161.01999999999998,0.18181818181818182,0.98,0.02,0.0
NON FIBROTIC ILA ADJUDICATED,10,1090592336,zebra,0.3181818181818182,0.036159600997506244,0.9463872644574399,0.9958895381705171,,,0.9983642273168358,382.55,7268.45,396.55,0.05,0.46556896062182235,0.05926877984700672,0.9518650879164723,0.9967909187405192,,,0.9983642273168358,382.55,7268.45,396.55,0.05,0.19999307710853426,0.02185311263182102,0.9406273294608235,0.9951544952092329,,,0.9983642273168358,382.55,7268.45,396.55,0.3181818181818182,0.95,0.05,0.0
NON FIBROTIC ILA ADJUDICATED,10,1090592336,zebra,0.45454545454545453,0.024406332453825855,0.8974528914879792,0.9965267225219984,,,0.9839476424607722,765.1,6885.9,785.1,0.1,0.5993381680103802,0.03801469437024822,0.9047662771139524,0.9974646888496925,,,0.9839476424607722,765.1,6885.9,785.1,0.1,0.31705234142220895,0.01589707429869199,0.8897820734484698,0.9956214749132458,,,0.9839476424607722,765.1,6885.9,785.1,0.45454545454545453,0.9,0.1,0.0
NON FIBROTIC ILA ADJUDICATED,10,1090592336,genomic,0.0,0.00639018478140459,0.9932877192982456,0.9942763103159286,,,0.3980412145131138,7.651,7643.349,7.651000000000001,0.001,0.08029560375848066,0.2775327998628892,0.9942443056174366,0.9947360993912391,,,0.3980412145131138,7.651,7643.349,7.651000000000001,0.001,0.0,0.003959240739716069,0.99229229666729,0.9942706014494015,,,0.3980412145131138,7.651,7643.349,7.651000000000001,0.0,0.999,0.001,0.0
NON FIBROTIC ILA ADJUDICATED,10,1090592336,genomic,0.0,0.00639018478140459,0.9893105912930473,0.9942534327390308,,,0.1140953613032627,38.255,7612.745,38.255,0.005,0.08029560375848066,0.09126339952349076,0.9911130416394343,0.9947195490808696,,,0.1140953613032627,38.255,7612.745,38.255,0.005,0.0,0.003959240739716069,0.9874732963500841,0.9942428022137036,,,0.1140953613032627,38.255,7612.745,38.255,0.0,0.995,0.005,0.0
NON FIBROTIC ILA ADJUDICATED,10,1090592336,genomic,0.0,0.00639018478140459,0.9843391812865496,0.9942245772863857,,,0.045165814487817826,76.51,7574.49,76.51,0.01,0.08029560375848066,0.04781005357595867,0.9867834434908799,0.9946964927839533,,,0.045165814487817826,76.51,7574.49,76.51,0.01,0.0,0.003959240739716069,0.981865064129628,0.9942101085507631,,,0.045165814487817826,76.51,7574.49,76.51,0.0,0.99,0.01,0.0
NON FIBROTIC ILA ADJUDICATED,10,1090592336,genomic,0.0,0.00639018478140459,0.9743963612735542,0.994165988239804,,,0.02244695976750259,153.02,7497.98,153.02,0.02,0.08029560375848066,0.02448952018521323,0.9777434701639334,0.9946476974261346,,,0.02244695976750259,153.02,7497.98,153.02,0.02,0.0,0.003959240739716069,0.9710293767185538,0.9941458775865163,,,0.02244695976750259,153.02,7497.98,153.02,0.0,0.98,0.02,0.0
NON FIBROTIC ILA ADJUDICATED,10,1090592336,genomic,0.022727272727272728,0.006390184781404587,0.9446978557504874,0.9941188136143883,,,0.005505449953037317,382.55,7268.45,383.55,0.05,0.11807709698213287,0.013098346268693583,0.9498781298917619,0.9947153720367156,,,0.005505449953037317,382.55,7268.45,383.55,0.05,0.004023252060053224,0.003959240739716069,0.9395067742558679,0.9939746913471433,,,0.005505449953037317,382.55,7268.45,383.55,0.022727272727272728,0.95,0.05,0.0
NON FIBROTIC ILA ADJUDICATED,10,1090592336,genomic,0.06818181818181818,0.006390184781404587,0.895243664717349,0.9940810463444091,,,0.001435023405959627,765.1,6885.9,768.1,0.1,0.18225044370221527,0.01197237919917807,0.9023813700483827,0.9948390588257807,,,0.001435023405959627,765.1,6885.9,768.1,0.1,0.023459395907381622,0.003959240739716069,0.8881033093675533,0.9937509495788744,,,0.001435023405959627,765.1,6885.9,768.1,0.06818181818181818,0.9,0.1,0.0
NON FIBROTIC ILA ADJUDICATED,10,1090592336,combined,0.0,0.017728537395664854,0.9932877192982456,0.9942763103159286,,,0.614427109586845,7.651,7643.349,7.651000000000001,0.001,0.08029560375848066,0.2775327998628892,0.9942443056174366,0.9947360993912391,,,0.614427109586845,7.651,7643.349,7.651000000000001,0.001,0.0,0.010150987114727256,0.99229229666729,0.9942706014494015,,,0.614427109586845,7.651,7643.349,7.651000000000001,0.0,0.999,0.001,0.0
NON FIBROTIC ILA ADJUDICATED,10,1090592336,combined,0.0,0.01772853739566485,0.9893105912930473,0.9942534327390308,,,0.4345446363682755,38.255,7612.745,38.255,0.005,0.08029560375848066,0.09126339952349076,0.9911130416394343,0.9947195490808696,,,0.4345446363682755,38.255,7612.745,38.255,0.005,0.0,0.010150987114727256,0.9874732963500841,0.9942428022137036,,,0.4345446363682755,38.255,7612.745,38.255,0.0,0.995,0.005,0.0
NON FIBROTIC ILA ADJUDICATED,10,1090592336,combined,0.022727272727272728,0.01772853739566485,0.9844691358024691,0.9943550959456217,,,0.35328917198957127,76.51,7574.49,77.51,0.01,0.11807709698213287,0.06899989045422404,0.986999478020034,0.9949132528306948,,,0.35328917198957127,76.51,7574.49,77.51,0.01,0.004023252060053224,0.010150987114727256,0.9818880690796791,0.9942332684121061,,,0.35328917198957127,76.51,7574.49,77.51,0.022727272727272728,0.99,0.01,0.0
NON FIBROTIC ILA ADJUDICATED,10,1090592336,combined,0.023181818181818328,0.01772853739566485,0.9745289148797921,0.9943004611004873,,,0.24886530998070883,153.02,7497.98,154.04,0.02,0.11874255473001635,0.040732784433186245,0.9779633097796251,0.9948702963625984,,,0.24886530998070883,153.02,7497.98,154.04,0.02,0.0041938892178441135,0.010150987114727256,0.9710533573716513,0.9941702861860802,,,0.24886530998070883,153.02,7497.98,154.04,0.023181818181818328,0.98,0.02,0.0
NON FIBROTIC ILA ADJUDICATED,10,1090592336,combined,0.1590909090909091,0.01772853739566485,0.9454775828460039,0.9949352880148952,,,0.1425670007487073,382.55,7268.45,389.55,0.05,0.29366205062240613,0.035780501168826716,0.9508821244284964,0.9957630482909241,,,0.1425670007487073,382.55,7268.45,389.55,0.05,0.0792667701220125,0.010150987114727256,0.9399370165943638,0.9944273514872858,,,0.1425670007487073,382.55,7268.45,389.55,0.1590909090909091,0.95,0.05,0.0
NON FIBROTIC ILA ADJUDICATED,10,1090592336,combined,0.3409090909090909,0.01772853739566485,0.896803118908382,0.9958061577094983,,,0.07417753589965781,765.1,6885.9,780.1,0.1,0.48860858782061756,0.03148168680991465,0.9041331255183255,0.9967662791141562,,,0.07417753589965781,765.1,6885.9,780.1,0.1,0.21875819519344444,0.010150987114727242,0.8892200276480715,0.9949944443176184,,,0.07417753589965781,765.1,6885.9,780.1,0.3409090909090909,0.9,0.1,0.0
NON FIBROTIC ILA ADJUDICATED,11,1141119071,zebra,0.02063058551617874,0.10606060606060606,0.9934056849594167,0.9943945726543182,,,1.0,7.651,7643.349,8.558745762711865,0.001,0.10796453062213988,0.20312308751648014,0.9941278699445172,0.994893213961057,,,1.0,7.651,7643.349,8.558745762711865,0.001,0.01027915352887318,0.05233347255479488,0.9926257194145789,0.9943311670099286,,,1.0,7.651,7643.349,8.558745762711865,0.02063058551617874,0.999,0.001,0.0
NON FIBROTIC ILA ADJUDICATED,11,1141119071,zebra,0.10315292758089369,0.10606060606060606,0.9899004195989031,0.9948448580734102,,,1.0,38.255,7612.745,42.793728813559326,0.005,0.21864023807677677,0.20312308751648014,0.9916748238926326,0.9955112064322348,,,1.0,38.255,7612.745,42.793728813559326,0.005,0.0513957676443659,0.05233347255479488,0.9879964494687321,0.994539247859771,,,1.0,38.255,7612.745,42.793728813559326,0.10315292758089369,0.995,0.005,0.0
NON FIBROTIC ILA ADJUDICATED,11,1141119071,zebra,0.1590909090909091,0.08382530120481926,0.9852488628979856,0.9951389280995445,,,0.9999983791541759,76.51,7574.49,83.51,0.01,0.29366205062240613,0.16305787810602268,0.9880034725567685,0.9959218600985634,,,0.9999983791541759,76.51,7574.49,83.51,0.01,0.0792667701220125,0.041197935614727434,0.9823183114181749,0.9946666068058443,,,0.9999983791541759,76.51,7574.49,83.51,0.1590909090909091,0.99,0.01,0.0
NON FIBROTIC ILA ADJUDICATED,11,1141119071,zebra,0.20454545454545456,0.058309037900874626,0.975565951916829,0.9953537643784943,,,0.9999359528656441,153.02,7497.98,162.02,0.02,0.34500578061101655,0.10479550951958555,0.9792570826111734,0.9961823209908718,,,0.9999359528656441,153.02,7497.98,162.02,0.02,0.11153253070081293,0.03137081259230394,0.9716671195841595,0.9947954044633254,,,0.9999359528656441,153.02,7497.98,162.02,0.20454545454545456,0.98,0.02,0.0
NON FIBROTIC ILA ADJUDICATED,11,1141119071,zebra,0.38636363636363635,0.04308093994778067,0.9467771280051982,0.9962990630974713,,,0.9984036115321923,382.55,7268.45,399.55,0.05,0.5337642460762172,0.06783606268975688,0.9522550284700777,0.9971992619525367,,,0.9984036115321923,382.55,7268.45,399.55,0.05,0.2572120275052556,0.026894749633460235,0.9409545073448333,0.9954995008658546,,,0.9984036115321923,382.55,7268.45,399.55,0.38636363636363635,0.95,0.05,0.0
NON FIBROTIC ILA ADJUDICATED,11,1141119071,zebra,0.5454545454545454,0.029822335025380703,0.897972709551657,0.9971039256233443,5.454546292288574,0.5050505060092573,0.9851792397590924,765.1,6885.9,789.0999999999999,0.1,0.6829476585777909,0.044167722776517225,0.9052443560723625,0.9979926916577333,7.3060325519043445,0.6710944202262671,0.9851792397590924,765.1,6885.9,789.0999999999999,0.1,0.40066183198961974,0.020016176141331943,0.8902601524068801,0.9961554526074535,3.7471572776223914,0.3497455955866281,0.9851792397590924,765.1,6885.9,789.0999999999999,0.5454545454545454,0.9,0.1,0.0
NON FIBROTIC ILA ADJUDICATED,11,1141119071,genomic,0.0,0.004769893934397699,0.9932877192982456,0.9942763103159286,,,0.8329155968549442,7.651,7643.349,7.651000000000001,0.001,0.08029560375848066,0.2775327998628892,0.9942443056174366,0.9947360993912391,,,0.8329155968549442,7.651,7643.349,7.651000000000001,0.001,0.0,0.003176574132232724,0.99229229666729,0.9942706014494015,,,0.8329155968549442,7.651,7643.349,7.651000000000001,0.0,0.999,0.001,0.0
NON FIBROTIC ILA ADJUDICATED,11,1141119071,genomic,0.0,0.004769893934397699,0.9893105912930473,0.9942534327390308,,,0.6643498910158655,38.255,7612.745,38.255,0.005,0.08029560375848066,0.09126339952349076,0.9911130416394343,0.9947195490808696,,,0.6643498910158655,38.255,7612.745,38.255,0.005,0.0,0.003176574132232724,0.9874732963500841,0.9942428022137036,,,0.6643498910158655,38.255,7612.745,38.255,0.0,0.995,0.005,0.0
NON FIBROTIC ILA ADJUDICATED,11,1141119071,genomic,0.0,0.004769893934397699,0.9843391812865496,0.9942245772863857,,,0.5691890777899296,76.51,7574.49,76.51,0.01,0.08029560375848066,0.04781005357595867,0.9867834434908799,0.9946964927839533,,,0.5691890777899296,76.51,7574.49,76.51,0.01,0.0,0.003176574132232724,0.981865064129628,0.9942101085507631,,,0.5691890777899296,76.51,7574.49,76.51,0.0,0.99,0.01,0.0
NON FIBROTIC ILA ADJUDICATED,11,1141119071,genomic,0.0,0.004769893934397699,0.9743963612735542,0.994165988239804,,,0.47106971051461793,153.02,7497.98,153.02,0.02,0.08029560375848066,0.02490077777989226,0.9777434701639334,0.9946476974261346,,,0.47106971051461793,153.02,7497.98,153.02,0.02,0.0,0.003176574132232724,0.9710293767185538,0.9941458775865163,,,0.47106971051461793,153.02,7497.98,153.02,0.0,0.98,0.02,0.0
NON FIBROTIC ILA ADJUDICATED,11,1141119071,genomic,0.022727272727272728,0.004769893934397699,0.9446978557504874,0.9941188136143883,,,0.3139560744929127,382.55,7268.45,383.55,0.05,0.11807709698213287,0.014618593191746732,0.9498781298917619,0.9947153720367156,,,0.3139560744929127,382.55,7268.45,383.55,0.05,0.004023252060053224,0.003176574132232724,0.9395067742558679,0.9939746913471433,,,0.3139560744929127,382.55,7268.45,383.55,0.022727272727272728,0.95,0.05,0.0
NON FIBROTIC ILA ADJUDICATED,11,1141119071,genomic,0.045454545454545456,0.004769893934397699,0.8951137102014295,0.9939375568240353,,,0.22406554668563056,765.1,6885.9,767.0999999999999,0.1,0.15134998437629657,0.009859612584227146,0.9022046812621136,0.9946450856536474,,,0.22406554668563056,765.1,6885.9,767.0999999999999,0.1,0.012555109949594967,0.003176574132232724,0.8880409586746174,0.9936816120741501,,,0.22406554668563056,765.1,6885.9,767.0999999999999,0.045454545454545456,0.9,0.1,0.0
NON FIBROTIC ILA ADJUDICATED,11,1141119071,combined,0.0,0.04139504563233376,0.9932877192982456,0.9942763101266955,,,0.36292382185050653,7.651,7643.349,7.651,0.001,0.08029560375848066,0.2588329669680317,0.994242190963936,0.9947360881661671,,,0.36292382185050653,7.651,7643.349,7.651,0.001,0.0,0.018837051996980544,0.9922944113207905,0.9942706132644896,,,0.36292382185050653,7.651,7643.349,7.651,0.0,0.999,0.001,0.0
NON FIBROTIC ILA ADJUDICATED,11,1141119071,combined,0.022727272727272728,0.04139504563233376,0.9894405458089668,0.9943833027643268,,,0.35679386735394764,38.255,7612.745,39.25500000000001,0.005,0.11807709698213287,0.13121324093199296,0.9913287734452497,0.9949353699137107,,,0.35679386735394764,38.255,7612.745,39.25500000000001,0.005,0.004023252060053224,0.01883705199698054,0.9874966040234737,0.9942658335068638,,,0.35679386735394764,38.255,7612.745,39.25500000000001,0.022727272727272728,0.995,0.005,0.0
NON FIBROTIC ILA ADJUDICATED,11,1141119071,combined,0.045454545454545456,0.04139504563233376,0.9845990903183884,0.9944856488775109,,,0.3418540425455053,76.51,7574.49,78.51,0.01,0.15134998437629657,0.0977667023981598,0.9871897323469142,0.9951042243446547,,,0.3418540425455053,76.51,7574.49,78.51,0.01,0.012555109949594967,0.01883705199698054,0.9819368542320039,0.9942823856455415,,,0.3418540425455053,76.51,7574.49,78.51,0.045454545454545456,0.99,0.01,0.0
NON FIBROTIC ILA ADJUDICATED,11,1141119071,combined,0.18181818181818182,0.04139504563233376,0.9754359974009097,0.9952216491134257,9.090916653162642,0.8348794065990808,0.31735598880552807,153.02,7497.98,161.01999999999998,0.02,0.3196055088718468,0.09382331966495676,0.9791118438903776,0.9960348607820614,18.69541389425021,0.9265403376945436,0.31735598880552807,153.02,7497.98,161.01999999999998,0.02,0.09512805715627728,0.01883705199698054,0.9715733188257503,0.9946998172524493,4.0676776664385885,0.6922284219838633,0.31735598880552807,153.02,7497.98,161.01999999999998,0.18181818181818182,0.98,0.02,0.0
NON FIBROTIC ILA ADJUDICATED,11,1141119071,combined,0.18181818181818182,0.020484026850932615,0.9456075373619234,0.9950714974473711,,,0.28540628038033644,382.55,7268.45,390.55,0.05,0.3196055088718468,0.03989395183221855,0.9510304670250431,0.9959180342395306,,,0.28540628038033644,382.55,7268.45,390.55,0.05,0.09512805715627728,0.011565359029750736,0.9400277134770223,0.9945228245458052,,,0.28540628038033644,382.55,7268.45,390.55,0.18181818181818182,0.95,0.05,0.0
NON FIBROTIC ILA ADJUDICATED,11,1141119071,combined,0.3181818181818182,0.01844299377107777,0.8966731643924627,0.9956621697745113,,,0.23817985960612206,765.1,6885.9,779.0999999999999,0.1,0.46556896062182235,0.029630949716406778,0.9040013849599438,0.9966210831252975,,,0.23817985960612206,765.1,6885.9,779.0999999999999,0.1,0.19999307710853426,0.011565359029750736,0.8891127287272481,0.9948748290635694,,,0.23817985960612206,765.1,6885.9,779.0999999999999,0.3181818181818182,0.9,0.1,0.0
NON FIBROTIC ILA ADJUDICATED,12,1178358514,zebra,0.010228609625668449,0.05555555555555555,0.9933462064747927,0.9943349643035729,,,1.0,7.651,7643.349,8.101058823529412,0.001,0.09506842323319131,0.13432015965997918,0.9940405693481204,0.9948192716116991,,,1.0,7.651,7643.349,8.101058823529412,0.001,0.004041775005620537,0.021814215981316658,0.9926036147633945,0.9942954314503112,,,1.0,7.651,7643.349,8.101058823529412,0.010228609625668449,0.999,0.001,0.0
NON FIBROTIC ILA ADJUDICATED,12,1178358514,zebra,0.05114304812834225,0.055555555555555546,0.9896030271757825,0.9945468163196843,,,1.0,38.255,7612.745,40.50529411764706,0.005,0.15415970113203392,0.13432015965997915,0.9912383209106485,0.9951414946854454,,,1.0,38.255,7612.745,40.50529411764706,0.005,0.020208875028102688,0.021814215981316658,0.9878859262128106,0.9943605700616842,,,1.0,38.255,7612.745,40.50529411764706,0.05114304812834225,0.995,0.005,0.0
NON FIBROTIC ILA ADJUDICATED,12,1178358514,zebra,0.09090909090909091,0.049685185185185186,0.9848589993502274,0.9947468576132606,,,0.9999995325395911,76.51,7574.49,80.51,0.01,0.21159239166598612,0.12089832757820358,0.987534198353509,0.9954501754561864,,,0.9999995325395911,76.51,7574.49,80.51,0.01,0.03592219322731624,0.019488987554973955,0.9820704671838193,0.9944169329526151,,,0.9999995325395911,76.51,7574.49,80.51,0.09090909090909091,0.99,0.01,0.0
NON FIBROTIC ILA ADJUDICATED,12,1178358514,zebra,0.13636363636363635,0.03430330572454738,0.9751760883690708,0.994957523770881,6.818187489871981,0.8812615958545854,0.9999605305831722,153.02,7497.98,159.01999999999998,0.02,0.2670945304851544,0.07682474513718619,0.9788115861842029,0.9957301488796072,15.623769483624978,0.9583835462342708,0.9999605305831722,153.02,7497.98,159.01999999999998,0.02,0.06402954497555872,0.01847358906301816,0.9713954975735147,0.9945186597728827,2.7379046505851905,0.7456527106567153,0.9999605305831722,153.02,7497.98,159.01999999999998,0.13636363636363635,0.98,0.02,0.0
NON FIBROTIC ILA ADJUDICATED,12,1178358514,zebra,0.3181818181818182,0.03328290468986384,0.9463872644574399,0.9958895381705171,,,0.9981225748261963,382.55,7268.45,396.55,0.05,0.46556896062182235,0.05800488200477379,0.9518650879164723,0.9967909187405192,,,0.9981225748261963,382.55,7268.45,396.55,0.05,0.19999307710853426,0.01847358906301816,0.9406273294608235,0.9951544952092329,,,0.9981225748261963,382.55,7268.45,396.55,0.3181818181818182,0.95,0.05,0.0
NON FIBROTIC ILA ADJUDICATED,12,1178358514,zebra,0.5227272727272727,0.02791982843945893,0.8978427550357375,0.9969595621712167,,,0.9836853970521735,765.1,6885.9,788.1,0.1,0.662450089677489,0.04293803660466119,0.9051271510000282,0.9978631956187665,,,0.9836853970521735,765.1,6885.9,788.1,0.1,0.3793546556062164,0.018206834592645674,0.8901383180000093,0.9960193185007555,,,0.9836853970521735,765.1,6885.9,788.1,0.5227272727272727,0.9,0.1,0.0
NON FIBROTIC ILA ADJUDICATED,12,1178358514,genomic,0.0,0.004951967994185954,0.9932877192982456,0.9942763103159286,,,0.995926162365676,7.651,7643.349,7.651000000000001,0.001,0.08029560375848066,0.2775327998628892,0.9942443056174366,0.9947360993912391,,,0.995926162365676,7.651,7643.349,7.651000000000001,0.001,0.0,0.003314002871212757,0.99229229666729,0.9942706014494015,,,0.995926162365676,7.651,7643.349,7.651000000000001,0.0,0.999,0.001,0.0
NON FIBROTIC ILA ADJUDICATED,12,1178358514,genomic,0.0,0.004951967994185954,0.9893105912930473,0.9942534327390308,,,0.9707041577049933,38.255,7612.745,38.255,0.005,0.08029560375848066,0.09126339952349076,0.9911130416394343,0.9947195490808696,,,0.9707041577049933,38.255,7612.745,38.255,0.005,0.0,0.003314002871212757,0.9874732963500841,0.9942428022137036,,,0.9707041577049933,38.255,7612.745,38.255,0.0,0.995,0.005,0.0
NON FIBROTIC ILA ADJUDICATED,12,1178358514,genomic,0.0,0.004951967994185954,0.9843391812865496,0.9942245772863857,,,0.9221971144506892,76.51,7574.49,76.51,0.01,0.08029560375848066,0.04781005357595867,0.9867834434908799,0.9946964927839533,,,0.9221971144506892,76.51,7574.49,76.51,0.01,0.0,0.003314002871212757,0.981865064129628,0.9942101085507631,,,0.9221971144506892,76.51,7574.49,76.51,0.0,0.99,0.01,0.0
NON FIBROTIC ILA ADJUDICATED,12,1178358514,genomic,0.0,0.004951967994185954,0.9743963612735542,0.994165988239804,,,0.7492005080596261,153.02,7497.98,153.02,0.02,0.08029560375848066,0.02448952018521323,0.9777434701639334,0.9946476974261346,,,0.7492005080596261,153.02,7497.98,153.02,0.02,0.0,0.0033140028712127538,0.9710293767185538,0.9941458775865163,,,0.7492005080596261,153.02,7497.98,153.02,0.0,0.98,0.02,0.0
NON FIBROTIC ILA ADJUDICATED,12,1178358514,genomic,0.022727272727272728,0.004951967994185954,0.9446978557504874,0.9941188136143883,,,0.40192162241485513,382.55,7268.45,383.55,0.05,0.11807709698213287,0.015242579287640818,0.9498781298917619,0.9947153720367156,,,0.40192162241485513,382.55,7268.45,383.55,0.05,0.004023252060053224,0.0033140028712127538,0.9395067742558679,0.9939746913471433,,,0.40192162241485513,382.55,7268.45,383.55,0.022727272727272728,0.95,0.05,0.0
NON FIBROTIC ILA ADJUDICATED,12,1178358514,genomic,0.06818181818181818,0.004951967994185954,0.895243664717349,0.9940810463444091,,,0.16198445805013348,765.1,6885.9,768.1,0.1,0.18225044370221527,0.011419797516057581,0.9023813700483827,0.9948390588257807,,,0.16198445805013348,765.1,6885.9,768.1,0.1,0.023459395907381622,0.0033140028712127538,0.8881033093675533,0.9937509495788744,,,0.16198445805013348,765.1,6885.9,768.1,0.06818181818181818,0.9,0.1,0.0
NON FIBROTIC ILA ADJUDICATED,12,1178358514,combined,0.022727272727272728,0.1,0.993417673814165,0.9944056664398981,,,0.3439367003281116,7.651,7643.349,8.651,0.001,0.11807709698213287,0.4041500267952385,0.9944603401465907,0.9949512488896392,,,0.3439367003281116,7.651,7643.349,8.651,0.001,0.004023252060053224,0.017876213095072896,0.992315301617341,0.9942935207249268,,,0.3439367003281116,7.651,7643.349,8.651,0.022727272727272728,0.999,0.001,0.0
NON FIBROTIC ILA ADJUDICATED,12,1178358514,combined,0.022727272727272728,0.030000000000000002,0.9894405458089668,0.9943833029784318,,,0.1486745542689427,38.255,7612.745,39.255,0.005,0.11807709698213287,0.131045867622242,0.9913290761685883,0.9949353715899738,,,0.1486745542689427,38.255,7612.745,39.255,0.005,0.004023252060053224,0.008321361747894726,0.9874963013001351,0.9942658320529868,,,0.1486745542689427,38.255,7612.745,39.255,0.022727272727272728,0.995,0.005,0.0
NON FIBROTIC ILA ADJUDICATED,12,1178358514,combined,0.045454545454545456,0.025475494969165853,0.9845990903183884,0.9944856488775109,,,0.07501886845203751,76.51,7574.49,78.51,0.01,0.15134998437629657,0.08820860478215643,0.9871897323469142,0.9951042243446547,,,0.07501886845203751,76.51,7574.49,78.51,0.01,0.012555109949594967,0.008321361747894726,0.9819368542320039,0.9942823856455415,,,0.07501886845203751,76.51,7574.49,78.51,0.045454545454545456,0.99,0.01,0.0
NON FIBROTIC ILA ADJUDICATED,12,1178358514,combined,0.09090909090909091,0.0242914979757085,0.974916179337232,0.9946935385854301,,,0.035160799659557256,153.02,7497.98,157.02,0.02,0.21159239166598612,0.06366270736697384,0.9784942250265625,0.995408282408082,,,0.035160799659557256,153.02,7497.98,157.02,0.02,0.03592219322731624,0.008321361747894723,0.9712347797727451,0.994354983396024,,,0.035160799659557256,153.02,7497.98,157.02,0.09090909090909091,0.98,0.02,0.0
NON FIBROTIC ILA ADJUDICATED,12,1178358514,combined,0.13636363636363635,0.015442053375029813,0.9453476283300845,0.9947991158255824,,,0.007916198898177311,382.55,7268.45,388.55,0.05,0.2670945304851544,0.03327568555648586,0.9507302113828774,0.9956043841470372,,,0.007916198898177311,382.55,7268.45,388.55,0.05,0.06402954497555872,0.007193838643653271,0.9398498901607778,0.9943356520374421,,,0.007916198898177311,382.55,7268.45,388.55,0.13636363636363635,0.95,0.05,0.0
NON FIBROTIC ILA ADJUDICATED,12,1178358514,combined,0.22727272727272727,0.012738853503184714,0.896153346328785,0.9950866341906804,,,0.0024937137837247503,765.1,6885.9,775.1,0.1,0.3699235806463633,0.023584792317564114,0.9034544848015396,0.9960187768934589,,,0.0024937137837247503,765.1,6885.9,775.1,0.1,0.12841947594917152,0.00672365754128348,0.888703470968832,0.9944188584751085,,,0.0024937137837247503,765.1,6885.9,775.1,0.22727272727272727,0.9,0.1,0.0
NON FIBROTIC ILA ADJUDICATED,13,920201569,zebra,0.016827712609970676,0.08823529411764705,0.993383940137081,0.9943727889263804,,,1.0,7.651,7643.349,8.39141935483871,0.001,0.1033471938937352,0.17943769123145112,0.9940966505295381,0.9948667479850997,,,1.0,7.651,7643.349,8.39141935483871,0.001,0.007901452396903224,0.04106811531448932,0.9926169412121627,0.9943175494543243,,,1.0,7.651,7643.349,8.39141935483871,0.016827712609970676,0.999,0.001,0.0
NON FIBROTIC ILA ADJUDICATED,13,920201569,zebra,0.08413856304985337,0.08823529411764704,0.9897916954872246,0.9947359394337215,,,1.0,38.255,7612.745,41.95709677419355,0.005,0.1955535544347533,0.17943769123145112,0.991518726817737,0.995378876552448,,,1.0,38.255,7612.745,41.95709677419355,0.005,0.039507261984516116,0.04106811531448932,0.9879525584566515,0.9944711600817496,,,1.0,38.255,7612.745,41.95709677419355,0.08413856304985337,0.995,0.005,0.0
NON FIBROTIC ILA ADJUDICATED,13,920201569,zebra,0.13636363636363635,0.07272112841610343,0.9851189083820662,0.9950082036017297,,,0.9999990571715764,76.51,7574.49,82.51,0.01,0.2670945304851544,0.14970604373143195,0.9878515595111494,0.995769117824675,,,0.9999990571715764,76.51,7574.49,82.51,0.01,0.06402954497555872,0.03375339157248933,0.982231184984589,0.9945788229046242,,,0.9999990571715764,76.51,7574.49,82.51,0.13636363636363635,0.99,0.01,0.0
NON FIBROTIC ILA ADJUDICATED,13,920201569,zebra,0.20454545454545456,0.05387205387205386,0.975565951916829,0.9953537643784943,,,0.9999500029272439,153.02,7497.98,162.02,0.02,0.34500578061101655,0.10256950337153534,0.9792570826111734,0.9961823209908718,,,0.9999500029272439,153.02,7497.98,162.02,0.02,0.11153253070081293,0.027742277195404067,0.9716671195841595,0.9947954044633254,,,0.9999500029272439,153.02,7497.98,162.02,0.20454545454545456,0.98,0.02,0.0
NON FIBROTIC ILA ADJUDICATED,13,920201569,zebra,0.36363636363636365,0.03961748633879781,0.9466471734892787,0.9961625173707532,,,0.9981106297290231,382.55,7268.45,398.55,0.05,0.5113362312095656,0.06416781044536844,0.9521267851102164,0.9970649294231332,,,0.9981106297290231,382.55,7268.45,398.55,0.05,0.23783529708820186,0.02389480391089595,0.9408437112254895,0.9953826407320701,,,0.9981106297290231,382.55,7268.45,398.55,0.36363636363636365,0.95,0.05,0.0
NON FIBROTIC ILA ADJUDICATED,13,920201569,zebra,0.4772727272727273,0.026337787919523733,0.8975828460038987,0.9966709606386877,,,0.9835229590145207,765.1,6885.9,786.1,0.1,0.6206453443937836,0.04028827385961242,0.904888111520823,0.9975991928757562,,,0.9835229590145207,765.1,6885.9,786.1,0.1,0.337549910322511,0.01735935734040873,0.8898992785208043,0.9957523310542337,,,0.9835229590145207,765.1,6885.9,786.1,0.4772727272727273,0.9,0.1,0.0
NON FIBROTIC ILA ADJUDICATED,13,920201569,genomic,0.0,0.005560900597317902,0.9932877192982456,0.9942763103159286,,,0.7501816876330943,7.651,7643.349,7.651000000000001,0.001,0.08029560375848066,0.2775327998628892,0.9942443056174366,0.9947360993912391,,,0.7501816876330943,7.651,7643.349,7.651000000000001,0.001,0.0,0.0038179669339139383,0.99229229666729,0.9942706014494015,,,0.7501816876330943,7.651,7643.349,7.651000000000001,0.0,0.999,0.001,0.0
NON FIBROTIC ILA ADJUDICATED,13,920201569,genomic,0.0,0.005560900597317902,0.9893105912930473,0.9942534327390308,,,0.5347909482641445,38.255,7612.745,38.255,0.005,0.08029560375848066,0.09126339952349076,0.9911130416394343,0.9947195490808696,,,0.5347909482641445,38.255,7612.745,38.255,0.005,0.0,0.0038179669339139383,0.9874732963500841,0.9942428022137036,,,0.5347909482641445,38.255,7612.745,38.255,0.0,0.995,0.005,0.0
NON FIBROTIC ILA ADJUDICATED,13,920201569,genomic,0.0,0.005560900597317902,0.9843391812865496,0.9942245772863857,,,0.416590657684273,76.51,7574.49,76.51,0.01,0.08029560375848066,0.04781005357595867,0.9867834434908799,0.9946964927839533,,,0.416590657684273,76.51,7574.49,76.51,0.01,0.0,0.0038179669339139383,0.981865064129628,0.9942101085507631,,,0.416590657684273,76.51,7574.49,76.51,0.0,0.99,0.01,0.0
NON FIBROTIC ILA ADJUDICATED,13,920201569,genomic,0.0,0.0055609005973179,0.9743963612735542,0.994165988239804,,,0.3103994786692239,153.02,7497.98,153.02,0.02,0.08029560375848066,0.02448952018521323,0.9777434701639334,0.9946476974261346,,,0.3103994786692239,153.02,7497.98,153.02,0.02,0.0,0.0038179669339139383,0.9710293767185538,0.9941458775865163,,,0.3103994786692239,153.02,7497.98,153.02,0.0,0.98,0.02,0.0
NON FIBROTIC ILA ADJUDICATED,13,920201569,genomic,0.0,0.0055609005973179,0.9445679012345679,0.993982864812251,,,0.1778517128490167,382.55,7268.45,382.55,0.05,0.08029560375848066,0.010241325162548798,0.9496620953626078,0.9944902264517027,,,0.1778517128490167,382.55,7268.45,382.55,0.05,0.0,0.0038179669339139383,0.9394837693058169,0.9939504993290826,,,0.1778517128490167,382.55,7268.45,382.55,0.0,0.95,0.05,0.0
NON FIBROTIC ILA ADJUDICATED,13,920201569,genomic,0.045454545454545456,0.0055609005973179,0.8951137102014295,0.9939375568240353,,,0.10161125346533127,765.1,6885.9,767.0999999999999,0.1,0.15134998437629657,0.010093447080504346,0.9022046812621136,0.9946450856536474,,,0.10161125346533127,765.1,6885.9,767.0999999999999,0.1,0.012555109949594967,0.0038179669339139383,0.8880409586746174,0.9936816120741501,,,0.10161125346533127,765.1,6885.9,767.0999999999999,0.045454545454545456,0.9,0.1,0.0
NON FIBROTIC ILA ADJUDICATED,13,920201569,combined,0.0,0.01957260632045362,0.9932877192982456,0.9942763103159286,,,0.6682144648864855,7.651,7643.349,7.651000000000001,0.001,0.08029560375848066,0.2775327998628892,0.9942443056174366,0.9947360993912391,,,0.6682144648864855,7.651,7643.349,7.651000000000001,0.001,0.0,0.011021854472160413,0.99229229666729,0.9942706014494015,,,0.6682144648864855,7.651,7643.349,7.651000000000001,0.0,0.999,0.001,0.0
NON FIBROTIC ILA ADJUDICATED,13,920201569,combined,0.022727272727272728,0.01957260632045362,0.9894405458089668,0.9943833029784318,4.5460372193595875,0.9821836487200702,0.4212282836294445,38.255,7612.745,39.255,0.005,0.11807709698213287,0.11916558899841102,0.9913290761685883,0.9949353715899738,32.3647052899572,1.0028440892437804,0.4212282836294445,38.255,7612.745,39.255,0.005,0.004023252060053224,0.01102185447216041,0.9874963013001351,0.9942658320529868,0.5875731237790364,0.8851527873533193,0.4212282836294445,38.255,7612.745,39.255,0.022727272727272728,0.995,0.005,0.0
NON FIBROTIC ILA ADJUDICATED,13,920201569,combined,0.022727272727272728,0.01957260632045362,0.9844691358024691,0.9943550959456217,,,0.31640526790184204,76.51,7574.49,77.51,0.01,0.11807709698213287,0.0695267453906159,0.986999478020034,0.9949132528306948,,,0.31640526790184204,76.51,7574.49,77.51,0.01,0.004023252060053224,0.01102185447216041,0.9818880690796791,0.9942332684121061,,,0.31640526790184204,76.51,7574.49,77.51,0.022727272727272728,0.99,0.01,0.0
NON FIBROTIC ILA ADJUDICATED,13,920201569,combined,0.045454545454545456,0.01957260632045362,0.974656270305393,0.9944296934455421,,,0.22322355221546603,153.02,7497.98,155.02,0.02,0.15134998437629657,0.045815162072686155,0.9781497590199677,0.9950591617211418,,,0.22322355221546603,153.02,7497.98,155.02,0.02,0.012555109949594967,0.01102185447216041,0.9711011668209297,0.9942189518349465,,,0.22322355221546603,153.02,7497.98,155.02,0.045454545454545456,0.98,0.02,0.0
NON FIBROTIC ILA ADJUDICATED,13,920201569,combined,0.20454545454545456,0.01957260632045362,0.9457374918778427,0.9952077442629992,4.090916011336141,0.8373205780853097,0.11421398534619323,382.55,7268.45,391.55,0.05,0.34500578061101655,0.041407946504056395,0.9511757078098478,0.9960698220247172,7.60960546482978,0.9402900261825338,0.11421398534619323,382.55,7268.45,391.55,0.05,0.11153253070081293,0.011021854472160409,0.9401215121714226,0.9946215865461141,2.0236958863163355,0.6861008550463062,0.11421398534619323,382.55,7268.45,391.55,0.20454545454545456,0.95,0.05,0.0
NON FIBROTIC ILA ADJUDICATED,13,920201569,combined,0.3181818181818182,0.01853460284164468,0.8966731643924627,0.9956621697745113,,,0.05759457469034807,765.1,6885.9,779.0999999999999,0.1,0.46556896062182235,0.03057672099570924,0.9040013849599438,0.9966210831252975,,,0.05759457469034807,765.1,6885.9,779.0999999999999,0.1,0.19999307710853426,0.011021854472160409,0.8891127287272481,0.9948748290635694,,,0.05759457469034807,765.1,6885.9,779.0999999999999,0.3181818181818182,0.9,0.1,0.0
NON FIBROTIC ILA ADJUDICATED,14,540305671,zebra,0.020160737812911726,0.10389610389610388,0.99340299837086,0.9943920369751182,,,1.0,7.651000000000001,7643.349,8.538072463768117,0.001,0.10683125715010913,0.19184375092681488,0.9941064744599812,0.9948868320868838,,,1.0,7.651000000000001,7643.349,8.538072463768117,0.001,0.010548185004386632,0.05359292364758093,0.9926421731645019,0.9943328826386509,,,1.0,7.651000000000001,7643.349,8.538072463768117,0.020160737812911726,0.999,0.001,0.0
NON FIBROTIC ILA ADJUDICATED,14,540305671,zebra,0.10080368906455864,0.10389610389610388,0.9898869866561196,0.9948321796774107,,,1.0,38.255,7612.745,42.69036231884058,0.005,0.21297387071662302,0.19184375092681488,0.9915678464699529,0.9954792970613686,,,1.0,38.255,7612.745,42.69036231884058,0.005,0.05274092502193316,0.05359292364758093,0.988078718218347,0.9945478260033827,,,1.0,38.255,7612.745,42.69036231884058,0.10080368906455864,0.995,0.005,0.0
NON FIBROTIC ILA ADJUDICATED,14,540305671,zebra,0.18181818181818182,0.09466666666666668,0.9853788174139051,0.9952696869511259,,,0.9999995009727566,76.51,7574.49,84.51,0.01,0.3196055088718468,0.17582887945545064,0.9881518172173241,0.9960710597364217,,,0.9999995009727566,76.51,7574.49,84.51,0.01,0.09512805715627728,0.0487525191147151,0.9824090062368245,0.9947580024821708,,,0.9999995009727566,76.51,7574.49,84.51,0.18181818181818182,0.99,0.01,0.0
NON FIBROTIC ILA ADJUDICATED,14,540305671,zebra,0.22727272727272727,0.06134221158162501,0.9756959064327485,0.995485914724714,,,0.9999513522456597,153.02,7497.98,163.01999999999998,0.02,0.3699235806463633,0.10922409771665707,0.9793995625593936,0.9963270226626716,,,0.9999513522456597,153.02,7497.98,163.01999999999998,0.02,0.12841947594917152,0.03378389056481767,0.9717636791151443,0.9948938221796186,,,0.9999513522456597,153.02,7497.98,163.01999999999998,0.22727272727272727,0.98,0.02,0.0
NON FIBROTIC ILA ADJUDICATED,14,540305671,zebra,0.36363636363636365,0.04014559010591807,0.9466471734892787,0.9961625173707532,,,0.998391061081646,382.55,7268.45,398.55,0.05,0.5113362312095656,0.06421149817774845,0.9521267851102164,0.9970649294231332,,,0.998391061081646,382.55,7268.45,398.55,0.05,0.23783529708820186,0.02485976025465936,0.9408437112254895,0.9953826407320701,,,0.998391061081646,382.55,7268.45,398.55,0.36363636363636365,0.95,0.05,0.0
NON FIBROTIC ILA ADJUDICATED,14,540305671,zebra,0.5,0.02681913395831187,0.897712800519818,0.9968152405157142,5.000000767931193,0.555555556610183,0.985289170310151,765.1,6885.9,787.0999999999999,0.1,0.641682394600106,0.040572308956426544,0.9050084013465642,0.9977320272914161,6.864585307599089,0.7185083439673453,0.985289170310151,765.1,6885.9,787.0999999999999,0.1,0.35831760539989393,0.017627755447071482,0.8900180281742682,0.9958849467611519,3.3511363338677755,0.395265979578039,0.985289170310151,765.1,6885.9,787.0999999999999,0.5,0.9,0.1,0.0
NON FIBROTIC ILA ADJUDICATED,14,540305671,genomic,0.0,0.005127994914019941,0.9932877192982456,0.9942763102528673,,,0.32823425317051447,7.651,7643.349,7.651,0.001,0.08029560375848066,0.2775327998628892,0.9942435287512337,0.9947360952715183,,,0.32823425317051447,7.651,7643.349,7.651,0.001,0.0,0.0034656852910050946,0.9922930735334928,0.9942706057984546,,,0.32823425317051447,7.651,7643.349,7.651,0.0,0.999,0.001,0.0
NON FIBROTIC ILA ADJUDICATED,14,540305671,genomic,0.0,0.005127994914019941,0.9893105912930473,0.9942534327390308,,,0.30989872976005844,38.255,7612.745,38.255,0.005,0.08029560375848066,0.09126339952349076,0.9911130416394343,0.9947195490808696,,,0.30989872976005844,38.255,7612.745,38.255,0.005,0.0,0.0034656852910050946,0.9874732963500841,0.9942428022137036,,,0.30989872976005844,38.255,7612.745,38.255,0.0,0.995,0.005,0.0
NON FIBROTIC ILA ADJUDICATED,14,540305671,genomic,0.0,0.005127994914019941,0.9843391812865496,0.9942245772863857,,,0.29474434364086843,76.51,7574.49,76.51,0.01,0.08029560375848066,0.04781005357595867,0.9867834434908799,0.9946964927839533,,,0.29474434364086843,76.51,7574.49,76.51,0.01,0.0,0.0034656852910050946,0.981865064129628,0.9942101085507631,,,0.29474434364086843,76.51,7574.49,76.51,0.0,0.99,0.01,0.0
NON FIBROTIC ILA ADJUDICATED,14,540305671,genomic,0.0,0.005127994914019941,0.9743963612735542,0.994165988239804,,,0.2817008639874688,153.02,7497.98,153.02,0.02,0.08029560375848066,0.02448952018521323,0.9777434701639334,0.9946476974261346,,,0.2817008639874688,153.02,7497.98,153.02,0.02,0.0,0.0034656852910050946,0.9710293767185538,0.9941458775865163,,,0.2817008639874688,153.02,7497.98,153.02,0.0,0.98,0.02,0.0
NON FIBROTIC ILA ADJUDICATED,14,540305671,genomic,0.022727272727272728,0.005127994914019941,0.9446978557504874,0.9941188136143883,,,0.2544400743179602,382.55,7268.45,383.55,0.05,0.11807709698213287,0.014618593191746732,0.9498781298917619,0.9947153720367156,,,0.2544400743179602,382.55,7268.45,383.55,0.05,0.004023252060053224,0.0034656852910050946,0.9395067742558679,0.9939746913471433,,,0.2544400743179602,382.55,7268.45,383.55,0.022727272727272728,0.95,0.05,0.0
NON FIBROTIC ILA ADJUDICATED,14,540305671,genomic,0.045454545454545456,0.005127994914019939,0.8951137102014295,0.9939375568240353,,,0.2280525818364032,765.1,6885.9,767.0999999999999,0.1,0.15134998437629657,0.009986775661935806,0.9022046812621136,0.9946450856536474,,,0.2280525818364032,765.1,6885.9,767.0999999999999,0.1,0.012555109949594967,0.003465685291005093,0.8880409586746174,0.9936816120741501,,,0.2280525818364032,765.1,6885.9,767.0999999999999,0.045454545454545456,0.9,0.1,0.0
NON FIBROTIC ILA ADJUDICATED,14,540305671,combined,0.0,0.011618977060200037,0.9932877192982456,0.9942763103159286,,,0.8275173301126105,7.651,7643.349,7.651000000000001,0.001,0.08029560375848066,0.2775327998628892,0.9942443056174366,0.9947360993912391,,,0.8275173301126105,7.651,7643.349,7.651000000000001,0.001,0.0,0.006541572377497075,0.99229229666729,0.9942706014494015,,,0.8275173301126105,7.651,7643.349,7.651000000000001,0.0,0.999,0.001,0.0
NON FIBROTIC ILA ADJUDICATED,14,540305671,combined,0.0,0.011618977060200037,0.9893105912930473,0.9942534327390308,,,0.6044805103912154,38.255,7612.745,38.255,0.005,0.08029560375848066,0.09126339952349076,0.9911130416394343,0.9947195490808696,,,0.6044805103912154,38.255,7612.745,38.255,0.005,0.0,0.006541572377497075,0.9874732963500841,0.9942428022137036,,,0.6044805103912154,38.255,7612.745,38.255,0.0,0.995,0.005,0.0
NON FIBROTIC ILA ADJUDICATED,14,540305671,combined,0.0,0.011618977060200037,0.9843391812865496,0.9942245772863857,,,0.501331700502668,76.51,7574.49,76.51,0.01,0.08029560375848066,0.04781005357595867,0.9867834434908799,0.9946964927839533,,,0.501331700502668,76.51,7574.49,76.51,0.01,0.0,0.006541572377497075,0.981865064129628,0.9942101085507631,,,0.501331700502668,76.51,7574.49,76.51,0.0,0.99,0.01,0.0
NON FIBROTIC ILA ADJUDICATED,14,540305671,combined,0.022727272727272728,0.011618977060200037,0.9745263157894737,0.994297823357863,,,0.3633085145375145,153.02,7497.98,154.01999999999998,0.02,0.11807709698213287,0.03585669737735901,0.9779595046930875,0.9948664414991208,,,0.3633085145375145,153.02,7497.98,154.01999999999998,0.02,0.004023252060053224,0.006541572377497075,0.9710523816686049,0.9941692928682048,,,0.3633085145375145,153.02,7497.98,154.01999999999998,0.022727272727272728,0.98,0.02,0.0
NON FIBROTIC ILA ADJUDICATED,14,540305671,combined,0.09090909090909091,0.011618977060200033,0.9450877192982456,0.9945268832399011,,,0.19502533107001996,382.55,7268.45,386.55,0.05,0.21159239166598612,0.026434481969586653,0.9504128502252369,0.9952730823846753,,,0.19502533107001996,382.55,7268.45,386.55,0.05,0.03592219322731624,0.006541572377497075,0.9396891723600082,0.9941665429847912,,,0.19502533107001996,382.55,7268.45,386.55,0.09090909090909091,0.95,0.05,0.0
NON FIBROTIC ILA ADJUDICATED,14,540305671,combined,0.22727272727272727,0.011618977060200033,0.896153346328785,0.9950866341906804,,,0.09138294650433491,765.1,6885.9,775.1,0.1,0.3699235806463633,0.023584792317564114,0.9034544848015396,0.9960187768934589,,,0.09138294650433491,765.1,6885.9,775.1,0.1,0.12841947594917152,0.006541572377497075,0.888703470968832,0.9944188584751085,,,0.09138294650433491,765.1,6885.9,775.1,0.22727272727272727,0.9,0.1,0.0
NON FIBROTIC ILA ADJUDICATED,15,1025112626,zebra,0.013375874125874125,0.07142857142857142,0.9933642025291148,0.9943530078295547,,,1.0,7.651,7643.349,8.23953846153846,0.001,0.09906950048215088,0.1565541221709532,0.9940676811286144,0.9948422206631302,,,1.0,7.651,7643.349,8.23953846153846,0.001,0.005829803750609024,0.030894217037847026,0.9926096050834506,0.9943056799467522,,,1.0,7.651,7643.349,8.23953846153846,0.013375874125874125,0.999,0.001,0.0
NON FIBROTIC ILA ADJUDICATED,15,1025112626,zebra,0.06687937062937063,0.07142857142857142,0.9896930074473934,0.9946370339495931,,,1.0,38.255,7612.745,41.19769230769231,0.005,0.17416508737683176,0.1565541221709532,0.9913738798131191,0.9952562399426008,,,1.0,38.255,7612.745,41.19769230769231,0.005,0.02914901875304512,0.030894217037847015,0.9879158778130909,0.9944118125438893,,,1.0,38.255,7612.745,41.19769230769231,0.06687937062937063,0.995,0.005,0.0
NON FIBROTIC ILA ADJUDICATED,15,1025112626,zebra,0.11363636363636363,0.06134447455585666,0.9849889538661468,0.994877513444145,,,0.9999994291863613,76.51,7574.49,81.51,0.01,0.23979152416608285,0.13569076587131193,0.9876954409564984,0.9956121958929438,,,0.9999994291863613,76.51,7574.49,81.51,0.01,0.04952780601092492,0.027209523383187124,0.9821482640600349,0.9944952906374042,,,0.9999994291863613,76.51,7574.49,81.51,0.11363636363636363,0.99,0.01,0.0
NON FIBROTIC ILA ADJUDICATED,15,1025112626,zebra,0.18181818181818182,0.049148188209843166,0.9754359974009097,0.9952216491134257,,,0.9999546121907565,153.02,7497.98,161.01999999999998,0.02,0.3196055088718468,0.09496501845763058,0.9791118438903776,0.9960348607820614,,,0.9999546121907565,153.02,7497.98,161.01999999999998,0.02,0.09512805715627728,0.027209523383187117,0.9715733188257503,0.9946998172524493,,,0.9999546121907565,153.02,7497.98,161.01999999999998,0.18181818181818182,0.98,0.02,0.0
NON FIBROTIC ILA ADJUDICATED,15,1025112626,zebra,0.36363636363636365,0.041162227602905575,0.9466471734892787,0.9961625173707532,,,0.9987058131178927,382.55,7268.45,398.55,0.05,0.5113362312095656,0.06501241090150701,0.9521267851102164,0.9970649294231332,,,0.9987058131178927,382.55,7268.45,398.55,0.05,0.23783529708820186,0.025861271826662098,0.9408437112254895,0.9953826407320701,,,0.9987058131178927,382.55,7268.45,398.55,0.36363636363636365,0.95,0.05,0.0
NON FIBROTIC ILA ADJUDICATED,15,1025112626,zebra,0.4772727272727273,0.027663958416258863,0.8975828460038987,0.9966709606386877,,,0.9859951392545956,765.1,6885.9,786.1,0.1,0.6206453443937836,0.04141199030326787,0.904888111520823,0.9975991928757562,,,0.9859951392545956,765.1,6885.9,786.1,0.1,0.337549910322511,0.01841351878839542,0.8898992785208043,0.9957523310542337,,,0.9859951392545956,765.1,6885.9,786.1,0.4772727272727273,0.9,0.1,0.0
NON FIBROTIC ILA ADJUDICATED,15,1025112626,genomic,0.0,0.01123595505617978,0.9932877192982456,0.9942763103159286,,,0.7030504643612313,7.651,7643.349,7.651000000000001,0.001,0.08029560375848066,0.2775327998628892,0.9942443056174366,0.9947360993912391,,,0.7030504643612313,7.651,7643.349,7.651000000000001,0.001,0.0,0.0033062813318046093,0.99229229666729,0.9942706014494015,,,0.7030504643612313,7.651,7643.349,7.651000000000001,0.0,0.999,0.001,0.0
NON FIBROTIC ILA ADJUDICATED,15,1025112626,genomic,0.0,0.01123595505617978,0.9893105912930473,0.9942534327390308,,,0.5185975288295389,38.255,7612.745,38.255,0.005,0.08029560375848066,0.09126339952349076,0.9911130416394343,0.9947195490808696,,,0.5185975288295389,38.255,7612.745,38.255,0.005,0.0,0.0033062813318046093,0.9874732963500841,0.9942428022137036,,,0.5185975288295389,38.255,7612.745,38.255,0.0,0.995,0.005,0.0
NON FIBROTIC ILA ADJUDICATED,15,1025112626,genomic,0.011590909090909162,0.01123595505617978,0.9844054580896686,0.9942911460595211,,,0.43714271681066186,76.51,7574.49,77.02000000000001,0.01,0.0995641653025434,0.060326069893107404,0.9868936211007484,0.9948070466929492,,,0.43714271681066186,76.51,7574.49,77.02000000000001,0.01,0.0020518585506271573,0.0033062813318046093,0.9818767966541541,0.9942219209198283,,,0.43714271681066186,76.51,7574.49,77.02000000000001,0.011590909090909162,0.99,0.01,0.0
NON FIBROTIC ILA ADJUDICATED,15,1025112626,genomic,0.045454545454545456,0.01123595505617978,0.974656270305393,0.9944296934455421,,,0.3360564812395465,153.02,7497.98,155.02,0.02,0.15134998437629657,0.045815162072686155,0.9781497590199677,0.9950591617211418,,,0.3360564812395465,153.02,7497.98,155.02,0.02,0.012555109949594967,0.0033062813318046093,0.9711011668209297,0.9942189518349465,,,0.3360564812395465,153.02,7497.98,155.02,0.045454545454545456,0.98,0.02,0.0
NON FIBROTIC ILA ADJUDICATED,15,1025112626,genomic,0.045454545454545456,0.005200892857142857,0.9448278102664067,0.994254799609531,,,0.21208029302585119,382.55,7268.45,384.55,0.05,0.15134998437629657,0.018762175969295063,0.9500683842186421,0.9949137346009742,,,0.21208029302585119,382.55,7268.45,384.55,0.05,0.012555109949594967,0.0033062813318046093,0.9395555594081928,0.9940259977368513,,,0.21208029302585119,382.55,7268.45,384.55,0.045454545454545456,0.95,0.05,0.0
NON FIBROTIC ILA ADJUDICATED,15,1025112626,genomic,0.045454545454545456,0.004931145985237242,0.8951137102014295,0.9939375568240353,,,0.12315654208040612,765.1,6885.9,767.0999999999999,0.1,0.15134998437629657,0.010140248619416906,0.9022046812621136,0.9946450856536474,,,0.12315654208040612,765.1,6885.9,767.0999999999999,0.1,0.012555109949594967,0.003306281331804608,0.8880409586746174,0.9936816120741501,,,0.12315654208040612,765.1,6885.9,767.0999999999999,0.045454545454545456,0.9,0.1,0.0
NON FIBROTIC ILA ADJUDICATED,15,1025112626,combined,0.0,0.026946602744255248,0.9932877192982456,0.9942763103159286,,,0.7798888333981424,7.651,7643.349,7.651000000000001,0.001,0.08029560375848066,0.2775327998628892,0.9942443056174366,0.9947360993912391,,,0.7798888333981424,7.651,7643.349,7.651000000000001,0.001,0.0,0.008859748907110141,0.99229229666729,0.9942706014494015,,,0.7798888333981424,7.651,7643.349,7.651000000000001,0.0,0.999,0.001,0.0
NON FIBROTIC ILA ADJUDICATED,15,1025112626,combined,0.0,0.026946602744255244,0.9893105912930473,0.9942534327390308,,,0.3631587484981912,38.255,7612.745,38.255,0.005,0.08029560375848066,0.10706302895013543,0.9911130416394343,0.9947195490808696,,,0.3631587484981912,38.255,7612.745,38.255,0.005,0.0,0.008859748907110141,0.9874732963500841,0.9942428022137036,,,0.3631587484981912,38.255,7612.745,38.255,0.0,0.995,0.005,0.0
NON FIBROTIC ILA ADJUDICATED,15,1025112626,combined,0.06818181818181818,0.026946602744255244,0.9847290448343079,0.9946162360955544,,,0.2110335995014453,76.51,7574.49,79.51,0.01,0.18225044370221527,0.10516138002088517,0.9873664211331833,0.9952816448511844,,,0.2110335995014453,76.51,7574.49,79.51,0.01,0.023459395907381622,0.008859748907110141,0.9819992049249399,0.9943451678256259,,,0.2110335995014453,76.51,7574.49,79.51,0.06818181818181818,0.99,0.01,0.0
NON FIBROTIC ILA ADJUDICATED,15,1025112626,combined,0.06818181818181818,0.020833333333333332,0.9747862248213125,0.9945615985167567,,,0.11263625691268739,153.02,7497.98,156.01999999999998,0.02,0.18225044370221527,0.055398373431637844,0.9783264478062368,0.9952382074605395,,,0.11263625691268739,153.02,7497.98,156.01999999999998,0.02,0.023459395907381622,0.00868470691884726,0.9711635175138656,0.9942824265436685,,,0.11263625691268739,153.02,7497.98,156.01999999999998,0.06818181818181818,0.98,0.02,0.0
NON FIBROTIC ILA ADJUDICATED,15,1025112626,combined,0.11363636363636363,0.013593380614657211,0.945217673814165,0.994662980905684,,,0.04002514471494363,382.55,7268.45,387.55,0.05,0.23979152416608285,0.029841766031393227,0.9505740928282264,0.9954413802722635,,,0.04002514471494363,382.55,7268.45,387.55,0.05,0.04952780601092492,0.00868470691884726,0.9397669692362237,0.9942483945373894,,,0.04002514471494363,382.55,7268.45,387.55,0.11363636363636363,0.95,0.05,0.0
NON FIBROTIC ILA ADJUDICATED,15,1025112626,combined,0.20454545454545456,0.013593380614657207,0.8960233918128655,0.9949428542435564,,,0.014153013281225472,765.1,6885.9,774.0999999999999,0.1,0.34500578061101655,0.022160969424494747,0.9033120048533193,0.9958619819189247,,,0.014153013281225472,765.1,6885.9,774.0999999999999,0.1,0.11153253070081293,0.00868470691884726,0.8886069114378472,0.9943113385370789,,,0.014153013281225472,765.1,6885.9,774.0999999999999,0.20454545454545456,0.9,0.1,0.0
NON FIBROTIC ILA ADJUDICATED,16,555906754,zebra,0.0190560398505604,0.09876543209876545,0.9933966817093469,0.9943857474250086,,,1.0,7.650999999999999,7643.349,8.489465753424659,0.001,0.10537724874508839,0.18296501401647305,0.9940929993544133,0.9948785249258356,,,1.0,7.650999999999999,7643.349,8.489465753424659,0.001,0.00997020226442024,0.05090011626879837,0.9926440293473434,0.9943296165893213,,,1.0,7.650999999999999,7643.349,8.489465753424659,0.0190560398505604,0.999,0.001,0.0
NON FIBROTIC ILA ADJUDICATED,16,555906754,zebra,0.095280199252802,0.09876543209876545,0.989855403348554,0.9948007319268626,,,1.0,38.254999999999995,7612.745,42.44732876712329,0.005,0.2057038286915193,0.18296501401647305,0.991500470942113,0.9954377612561278,,,1.0,38.254999999999995,7612.745,42.44732876712329,0.005,0.049851011322101194,0.05090011626879837,0.9880879991325551,0.9945314957567347,,,1.0,38.254999999999995,7612.745,42.44732876712329,0.095280199252802,0.995,0.005,0.0
NON FIBROTIC ILA ADJUDICATED,16,555906754,zebra,0.18181818181818182,0.09466666666666668,0.9853788174139051,0.9952696869511259,18.182594606350587,0.8264462845914905,0.999999950058899,76.51,7574.49,84.51,0.01,0.3196055088718468,0.17582887945545064,0.9881518172173241,0.9960710597364217,39.935567159226174,0.9163152086411486,0.999999950058899,76.51,7574.49,84.51,0.01,0.09512805715627728,0.0487525191147151,0.9824090062368245,0.9947580024821708,7.617603231961688,0.6858839323854423,0.999999950058899,76.51,7574.49,84.51,0.18181818181818182,0.99,0.01,0.0
NON FIBROTIC ILA ADJUDICATED,16,555906754,zebra,0.18227272727272742,0.05263157894736841,0.9754385964912281,0.9952242917608699,,,0.999965988320394,153.02,7497.98,161.04,0.02,0.3201135143066304,0.09830663781979318,0.9791147486647936,0.9960378103382838,,,0.999965988320394,153.02,7497.98,161.04,0.02,0.0954561466271681,0.027962896709959623,0.9715751948409185,0.9947017292636385,,,0.999965988320394,153.02,7497.98,161.04,0.18227272727272742,0.98,0.02,0.0
NON FIBROTIC ILA ADJUDICATED,16,555906754,zebra,0.38636363636363635,0.04254793233082708,0.9467771280051982,0.9962990630974713,,,0.998381414826298,382.55,7268.45,399.55,0.05,0.5337642460762172,0.06707642250540226,0.9522550284700777,0.9971992619525367,,,0.998381414826298,382.55,7268.45,399.55,0.05,0.2572120275052556,0.0267319999672976,0.9409545073448333,0.9954995008658546,,,0.998381414826298,382.55,7268.45,399.55,0.38636363636363635,0.95,0.05,0.0
NON FIBROTIC ILA ADJUDICATED,16,555906754,zebra,0.5227272727272727,0.029184117915757913,0.8978427550357375,0.9969595621712167,,,0.9842886565104649,765.1,6885.9,788.1,0.1,0.662450089677489,0.04341140044016132,0.9051271510000282,0.9978631956187665,,,0.9842886565104649,765.1,6885.9,788.1,0.1,0.3793546556062164,0.019524395395076964,0.8901383180000093,0.9960193185007555,,,0.9842886565104649,765.1,6885.9,788.1,0.5227272727272727,0.9,0.1,0.0
NON FIBROTIC ILA ADJUDICATED,16,555906754,genomic,0.0,0.005023500604340099,0.9932877192982456,0.9942763103159286,,,0.5879640250449097,7.651,7643.349,7.651000000000001,0.001,0.08029560375848066,0.2775327998628892,0.9942443056174366,0.9947360993912391,,,0.5879640250449097,7.651,7643.349,7.651000000000001,0.001,0.0,0.003367924565879354,0.99229229666729,0.9942706014494015,,,0.5879640250449097,7.651,7643.349,7.651000000000001,0.0,0.999,0.001,0.0
NON FIBROTIC ILA ADJUDICATED,16,555906754,genomic,0.0,0.005023500604340099,0.9893105912930473,0.9942534327390308,,,0.26397368013012706,38.255,7612.745,38.255,0.005,0.08029560375848066,0.09126339952349076,0.9911130416394343,0.9947195490808696,,,0.26397368013012706,38.255,7612.745,38.255,0.005,0.0,0.003367924565879354,0.9874732963500841,0.9942428022137036,,,0.26397368013012706,38.255,7612.745,38.255,0.0,0.995,0.005,0.0
NON FIBROTIC ILA ADJUDICATED,16,555906754,genomic,0.0,0.005023500604340099,0.9843391812865496,0.9942245772863857,,,0.1451759723713336,76.51,7574.49,76.51,0.01,0.08029560375848066,0.04781005357595867,0.9867834434908799,0.9946964927839533,,,0.1451759723713336,76.51,7574.49,76.51,0.01,0.0,0.003367924565879354,0.981865064129628,0.9942101085507631,,,0.1451759723713336,76.51,7574.49,76.51,0.0,0.99,0.01,0.0
NON FIBROTIC ILA ADJUDICATED,16,555906754,genomic,0.0,0.005023500604340099,0.9743963612735542,0.994165988239804,,,0.0705209879178437,153.02,7497.98,153.02,0.02,0.08029560375848066,0.02448952018521323,0.9777434701639334,0.9946476974261346,,,0.0705209879178437,153.02,7497.98,153.02,0.02,0.0,0.003367924565879354,0.9710293767185538,0.9941458775865163,,,0.0705209879178437,153.02,7497.98,153.02,0.0,0.98,0.02,0.0
NON FIBROTIC ILA ADJUDICATED,16,555906754,genomic,0.022727272727272728,0.005023500604340099,0.9446978557504874,0.9941188136143883,,,0.020578558900061213,382.55,7268.45,383.55,0.05,0.11807709698213287,0.014618593191746732,0.9498781298917619,0.9947153720367156,,,0.020578558900061213,382.55,7268.45,383.55,0.05,0.004023252060053224,0.003367924565879354,0.9395067742558679,0.9939746913471433,,,0.020578558900061213,382.55,7268.45,383.55,0.022727272727272728,0.95,0.05,0.0
NON FIBROTIC ILA ADJUDICATED,16,555906754,genomic,0.06818181818181818,0.005023500604340099,0.895243664717349,0.9940810463444091,,,0.006171290315756933,765.1,6885.9,768.1,0.1,0.18225044370221527,0.012095875548249792,0.9023813700483827,0.9948390588257807,,,0.006171290315756933,765.1,6885.9,768.1,0.1,0.023459395907381622,0.003367924565879354,0.8881033093675533,0.9937509495788744,,,0.006171290315756933,765.1,6885.9,768.1,0.06818181818181818,0.9,0.1,0.0
NON FIBROTIC ILA ADJUDICATED,16,555906754,combined,0.0,0.02985074626865672,0.9932877192982456,0.9942763103159286,,,0.5147122826565311,7.651,7643.349,7.651000000000001,0.001,0.08029560375848066,0.2775327998628892,0.9942443056174366,0.9947360993912391,,,0.5147122826565311,7.651,7643.349,7.651000000000001,0.001,0.0,0.009029697508300587,0.99229229666729,0.9942706014494015,,,0.5147122826565311,7.651,7643.349,7.651000000000001,0.0,0.999,0.001,0.0
NON FIBROTIC ILA ADJUDICATED,16,555906754,combined,0.022727272727272728,0.02985074626865672,0.9894405458089668,0.9943833029784318,,,0.3433690347579231,38.255,7612.745,39.255,0.005,0.11807709698213287,0.131045867622242,0.9913290761685883,0.9949353715899738,,,0.3433690347579231,38.255,7612.745,39.255,0.005,0.004023252060053224,0.009029697508300587,0.9874963013001351,0.9942658320529868,,,0.3433690347579231,38.255,7612.745,39.255,0.022727272727272728,0.995,0.005,0.0
NON FIBROTIC ILA ADJUDICATED,16,555906754,combined,0.045454545454545456,0.025475494969165853,0.9845990903183884,0.9944856488775109,,,0.2689628669983212,76.51,7574.49,78.51,0.01,0.15134998437629657,0.08820860478215643,0.9871897323469142,0.9951042243446547,,,0.2689628669983212,76.51,7574.49,78.51,0.01,0.012555109949594967,0.009029697508300587,0.9819368542320039,0.9942823856455415,,,0.2689628669983212,76.51,7574.49,78.51,0.045454545454545456,0.99,0.01,0.0
NON FIBROTIC ILA ADJUDICATED,16,555906754,combined,0.06818181818181818,0.02220397805724521,0.9747862248213125,0.9945615985167567,,,0.19558665432120198,153.02,7497.98,156.01999999999998,0.02,0.18225044370221527,0.05500190254299949,0.9783264478062368,0.9952382074605395,,,0.19558665432120198,153.02,7497.98,156.01999999999998,0.02,0.023459395907381622,0.009029697508300585,0.9711635175138656,0.9942824265436685,,,0.19558665432120198,153.02,7497.98,156.01999999999998,0.06818181818181818,0.98,0.02,0.0
NON FIBROTIC ILA ADJUDICATED,16,555906754,combined,0.13636363636363635,0.015442053375029813,0.9453476283300845,0.9947991158255824,,,0.11494758516346204,382.55,7268.45,388.55,0.05,0.2670945304851544,0.03327568555648586,0.9507302113828774,0.9956043841470372,,,0.11494758516346204,382.55,7268.45,388.55,0.05,0.06402954497555872,0.008264383056235272,0.9398498901607778,0.9943356520374421,,,0.11494758516346204,382.55,7268.45,388.55,0.13636363636363635,0.95,0.05,0.0
NON FIBROTIC ILA ADJUDICATED,16,555906754,combined,0.20454545454545456,0.012941991441732999,0.8960233918128655,0.9949428542435564,,,0.06870385131872751,765.1,6885.9,774.0999999999999,0.1,0.34500578061101655,0.022464277793907812,0.9033120048533193,0.9958619819189247,,,0.06870385131872751,765.1,6885.9,774.0999999999999,0.1,0.11153253070081293,0.008264383056235272,0.8886069114378472,0.9943113385370789,,,0.06870385131872751,765.1,6885.9,774.0999999999999,0.20454545454545456,0.9,0.1,0.0
NON FIBROTIC ILA ADJUDICATED,17,517631118,zebra,0.011146561771561772,0.06024096385542168,0.99335145532397,0.9943403165813055,,,1.0,7.651,7643.349,8.141448717948718,0.001,0.09594051769487251,0.1333842809323841,0.9940331103010756,0.9948243203640983,,,1.0,7.651,7643.349,8.141448717948718,0.001,0.004858169792174187,0.026003401041882007,0.9926207285897665,0.9943002308681396,,,1.0,7.651,7643.349,8.141448717948718,0.011146561771561772,0.999,0.001,0.0
NON FIBROTIC ILA ADJUDICATED,17,517631118,zebra,0.05573280885780885,0.06024096385542168,0.9896292714216691,0.9945735777083469,,,1.0,38.255,7612.745,40.70724358974359,0.005,0.1585201734404399,0.1333842809323841,0.9912010256754245,0.9951667384474411,,,1.0,38.255,7612.745,40.70724358974359,0.005,0.024290848960870935,0.026003401041882007,0.9879714953446703,0.9943845671508261,,,1.0,38.255,7612.745,40.70724358974359,0.05573280885780885,0.995,0.005,0.0
NON FIBROTIC ILA ADJUDICATED,17,517631118,zebra,0.1114656177156177,0.06024096385542168,0.9849765415437931,0.9948651541171485,11.146561771561771,0.8974893118787546,1.0,76.51,7574.49,81.41448717948718,0.01,0.23674474312239915,0.1333842809323841,0.9876609198933606,0.9955947610516195,29.325665977938797,0.9634246707037798,1.0,76.51,7574.49,81.41448717948718,0.01,0.04858169792174187,0.026003401041882007,0.9821599537883,0.9944899875041843,3.8985241733630076,0.7694028909597825,1.0,76.51,7574.49,81.41448717948718,0.1114656177156177,0.99,0.01,0.0
NON FIBROTIC ILA ADJUDICATED,17,517631118,zebra,0.1590909090909091,0.04095563139931741,0.9753060428849902,0.9950895689155412,,,0.9999613516246231,153.02,7497.98,160.02,0.02,0.29366205062240613,0.08639318997480241,0.978963499229822,0.9958842921860509,,,0.9999613516246231,153.02,7497.98,160.02,0.02,0.0792667701220125,0.01899029569932916,0.9714826240071007,0.9946074126000262,,,0.9999613516246231,153.02,7497.98,160.02,0.1590909090909091,0.98,0.02,0.0
NON FIBROTIC ILA ADJUDICATED,17,517631118,zebra,0.2727272727272727,0.03041444451583885,0.946127355425601,0.9956167085387065,,,0.9983459359295855,382.55,7268.45,394.55,0.05,0.418488730924512,0.05240240691298261,0.9515958832242459,0.9965092044174897,,,0.9983459359295855,382.55,7268.45,394.55,0.05,0.16346381623843378,0.017482380099802266,0.9404184551946396,0.9949343645174793,,,0.9983459359295855,382.55,7268.45,394.55,0.2727272727272727,0.95,0.05,0.0
NON FIBROTIC ILA ADJUDICATED,17,517631118,zebra,0.4772727272727273,0.02419626009798554,0.8975828460038987,0.9966709606386877,,,0.9842923158019646,765.1,6885.9,786.1,0.1,0.6206453443937836,0.037852838612244435,0.904888111520823,0.9975991928757562,,,0.9842923158019646,765.1,6885.9,786.1,0.1,0.337549910322511,0.01545825188737228,0.8898992785208043,0.9957523310542337,,,0.9842923158019646,765.1,6885.9,786.1,0.4772727272727273,0.9,0.1,0.0
NON FIBROTIC ILA ADJUDICATED,17,517631118,genomic,0.0,0.005952380952380953,0.9932877192982456,0.9942763103159286,,,0.8137889877445016,7.651,7643.349,7.651000000000001,0.001,0.08029560375848066,0.2775327998628892,0.9942443056174366,0.9947360993912391,,,0.8137889877445016,7.651,7643.349,7.651000000000001,0.001,0.0,0.003232718919881677,0.99229229666729,0.9942706014494015,,,0.8137889877445016,7.651,7643.349,7.651000000000001,0.0,0.999,0.001,0.0
NON FIBROTIC ILA ADJUDICATED,17,517631118,genomic,0.0,0.005952380952380953,0.9893105912930473,0.9942534327390308,,,0.6433360217065844,38.255,7612.745,38.255,0.005,0.08029560375848066,0.09126339952349076,0.9911130416394343,0.9947195490808696,,,0.6433360217065844,38.255,7612.745,38.255,0.005,0.0,0.003232718919881677,0.9874732963500841,0.9942428022137036,,,0.6433360217065844,38.255,7612.745,38.255,0.0,0.995,0.005,0.0
NON FIBROTIC ILA ADJUDICATED,17,517631118,genomic,0.0,0.005952380952380953,0.9843391812865496,0.9942245772863857,,,0.5640801657586781,76.51,7574.49,76.51,0.01,0.08029560375848066,0.05408380462834098,0.9867834434908799,0.9946964927839533,,,0.5640801657586781,76.51,7574.49,76.51,0.01,0.0,0.003232718919881677,0.981865064129628,0.9942101085507631,,,0.5640801657586781,76.51,7574.49,76.51,0.0,0.99,0.01,0.0
NON FIBROTIC ILA ADJUDICATED,17,517631118,genomic,0.022727272727272728,0.005952380952380953,0.9745263157894737,0.994297823357863,,,0.4628044669233538,153.02,7497.98,154.01999999999998,0.02,0.11807709698213287,0.03585669737735901,0.9779595046930875,0.9948664414991208,,,0.4628044669233538,153.02,7497.98,154.01999999999998,0.02,0.004023252060053224,0.003232718919881677,0.9710523816686049,0.9941692928682048,,,0.4628044669233538,153.02,7497.98,154.01999999999998,0.022727272727272728,0.98,0.02,0.0
NON FIBROTIC ILA ADJUDICATED,17,517631118,genomic,0.045454545454545456,0.005369127516778525,0.9448278102664067,0.994254799609531,,,0.29259700789802123,382.55,7268.45,384.55,0.05,0.15134998437629657,0.018762175969295063,0.9500683842186421,0.9949137346009742,,,0.29259700789802123,382.55,7268.45,384.55,0.05,0.012555109949594967,0.003232718919881677,0.9395555594081928,0.9940259977368513,,,0.29259700789802123,382.55,7268.45,384.55,0.045454545454545456,0.95,0.05,0.0
NON FIBROTIC ILA ADJUDICATED,17,517631118,genomic,0.09090909090909091,0.004911419125226252,0.8953736192332684,0.9942245773004146,,,0.17280862732239824,765.1,6885.9,769.0999999999999,0.1,0.21159239166598612,0.013205775481355398,0.9025491472687084,0.9950233187096043,,,0.17280862732239824,765.1,6885.9,769.0999999999999,0.1,0.03592219322731624,0.0032327189198816755,0.8881745716264328,0.993830209100902,,,0.17280862732239824,765.1,6885.9,769.0999999999999,0.09090909090909091,0.9,0.1,0.0
NON FIBROTIC ILA ADJUDICATED,17,517631118,combined,0.0,0.05593653354847385,0.9932877192982456,0.9942763103159286,,,0.7947242484442106,7.651,7643.349,7.651000000000001,0.001,0.08029560375848066,0.2775327998628892,0.9942443056174366,0.9947360993912391,,,0.7947242484442106,7.651,7643.349,7.651000000000001,0.001,0.0,0.02436408142772683,0.99229229666729,0.9942706014494015,,,0.7947242484442106,7.651,7643.349,7.651000000000001,0.0,0.999,0.001,0.0
NON FIBROTIC ILA ADJUDICATED,17,517631118,combined,0.045454545454545456,0.05593653354847385,0.9895705003248861,0.9945132071497902,,,0.7472366115738038,38.255,7612.745,40.255,0.005,0.15134998437629657,0.15397524590443182,0.9915193304954686,0.9951255167688607,,,0.7472366115738038,38.255,7612.745,40.255,0.005,0.012555109949594967,0.02436408142772683,0.98754508645246,0.9943146735167134,,,0.7472366115738038,38.255,7612.745,40.255,0.045454545454545456,0.995,0.005,0.0
NON FIBROTIC ILA ADJUDICATED,17,517631118,combined,0.13636363636363635,0.055936533548473846,0.9851189083820662,0.9950082036017297,13.636945954762938,0.8723599670687956,0.7098372056126138,76.51,7574.49,82.51,0.01,0.2670945304851544,0.13981491893709092,0.9878515595111494,0.995769117824675,33.37417930530376,0.947807001377865,0.7098372056126138,76.51,7574.49,82.51,0.01,0.06402954497555872,0.024364081427726822,0.982231184984589,0.9945788229046242,5.127316622745372,0.738818570773759,0.7098372056126138,76.51,7574.49,82.51,0.13636363636363635,0.99,0.01,0.0
NON FIBROTIC ILA ADJUDICATED,17,517631118,combined,0.1590909090909091,0.043744565217391305,0.9753060428849902,0.9950895689155412,,,0.6279364924200646,153.02,7497.98,160.02,0.02,0.29366205062240613,0.08753250180327414,0.978963499229822,0.9958842921860509,,,0.6279364924200646,153.02,7497.98,160.02,0.02,0.0792667701220125,0.021348939243964648,0.9714826240071007,0.9946074126000262,,,0.6279364924200646,153.02,7497.98,160.02,0.1590909090909091,0.98,0.02,0.0
NON FIBROTIC ILA ADJUDICATED,17,517631118,combined,0.25,0.027950749796566823,0.9459974009096817,0.9954803497725517,,,0.4449838909213091,382.55,7268.45,393.55,0.05,0.3944056635895915,0.04935023630916243,0.951458176276522,0.9963651599390527,,,0.4449838909213091,382.55,7268.45,393.55,0.05,0.14574213828964888,0.015677581368785026,0.9403171226631586,0.994827606162621,,,0.4449838909213091,382.55,7268.45,393.55,0.25,0.95,0.05,0.0
NON FIBROTIC ILA ADJUDICATED,17,517631118,combined,0.3409090909090909,0.018685567010309285,0.896803118908382,0.9958061577094983,3.4090914326803587,0.732323233713423,0.2811956491062389,765.1,6885.9,780.1,0.1,0.48860858782061756,0.030850402462616444,0.9041331255183255,0.9967662791141562,5.227033437952446,0.8747766186719775,0.2811956491062389,765.1,6885.9,780.1,0.1,0.21875819519344444,0.011262621785210009,0.8892200276480715,0.9949944443176184,2.045918272494427,0.5641241860200824,0.2811956491062389,765.1,6885.9,780.1,0.3409090909090909,0.9,0.1,0.0
NON FIBROTIC ILA ADJUDICATED,18,158902566,zebra,0.013584872159090908,0.07246376811594202,0.9933653975795972,0.9943541974866109,,,1.0,7.651,7643.349,8.248734375,0.001,0.09936284261845824,0.15867394209399027,0.994070829505805,0.994843898308123,,,1.0,7.651,7643.349,8.248734375,0.001,0.00592089443421229,0.03134777142998148,0.9926086548926246,0.9943061911153876,,,1.0,7.651,7643.349,8.248734375,0.013584872159090908,0.999,0.001,0.0
NON FIBROTIC ILA ADJUDICATED,18,158902566,zebra,0.06792436079545454,0.07246376811594202,0.9896989826998052,0.9946429822348739,,,1.0,38.255,7612.745,41.243671875000004,0.005,0.17563179805836848,0.15867394209399027,0.9913896216990721,0.9952646281675649,,,1.0,38.255,7612.745,41.243671875000004,0.005,0.02960447217106145,0.03134777142998148,0.9879111268589612,0.9944143683870664,,,1.0,38.255,7612.745,41.243671875000004,0.06792436079545454,0.995,0.005,0.0
NON FIBROTIC ILA ADJUDICATED,18,158902566,zebra,0.11363636363636363,0.06134447455585666,0.9849889538661468,0.994877513444145,,,0.9999993188588481,76.51,7574.49,81.51,0.01,0.23979152416608285,0.13569076587131193,0.9876954409564984,0.9956121958929438,,,0.9999993188588481,76.51,7574.49,81.51,0.01,0.04952780601092492,0.026484948012130482,0.9821482640600349,0.9944952906374042,,,0.9999993188588481,76.51,7574.49,81.51,0.11363636363636363,0.99,0.01,0.0
NON FIBROTIC ILA ADJUDICATED,18,158902566,zebra,0.13636363636363635,0.0377311320754717,0.9751760883690708,0.994957523770881,,,0.9999380175847518,153.02,7497.98,159.01999999999998,0.02,0.2670945304851544,0.07986436909575646,0.9788115861842029,0.9957301488796072,,,0.9999380175847518,153.02,7497.98,159.01999999999998,0.02,0.06402954497555872,0.017890211468834023,0.9713954975735147,0.9945186597728827,,,0.9999380175847518,153.02,7497.98,159.01999999999998,0.13636363636363635,0.98,0.02,0.0
NON FIBROTIC ILA ADJUDICATED,18,158902566,zebra,0.25,0.027950749796566823,0.9459974009096817,0.9954803497725517,,,0.9983135368334997,382.55,7268.45,393.55,0.05,0.3944056635895915,0.04935023630916243,0.951458176276522,0.9963651599390527,,,0.9983135368334997,382.55,7268.45,393.55,0.05,0.14574213828964888,0.015677581368785026,0.9403171226631586,0.994827606162621,,,0.9983135368334997,382.55,7268.45,393.55,0.25,0.95,0.05,0.0
NON FIBROTIC ILA ADJUDICATED,18,158902566,zebra,0.4318181818181818,0.023994811932555128,0.8973229369720598,0.9963825261475183,,,0.9846115634138007,765.1,6885.9,784.0999999999999,0.1,0.5777585300637057,0.0373844381026284,0.9046428847722171,0.9973285018417101,,,0.9846115634138007,765.1,6885.9,784.0999999999999,0.1,0.2968272340851781,0.01481455077666945,0.8896664263110001,0.995492391868047,,,0.9846115634138007,765.1,6885.9,784.0999999999999,0.4318181818181818,0.9,0.1,0.0
NON FIBROTIC ILA ADJUDICATED,18,158902566,genomic,0.0,0.009138381201044387,0.9932877192982456,0.9942762592851,,,1.0,7.651000000000001,7643.349,7.651000000000001,0.001,0.08029560375848066,0.05786766612631129,0.9939459601146886,0.9947344969601284,,,1.0,7.651000000000001,7643.349,7.651000000000001,0.001,0.0,0.0036565087557246857,0.9925906421700381,0.994272240029046,,,1.0,7.651000000000001,7643.349,7.651000000000001,0.0,0.999,0.001,0.0
NON FIBROTIC ILA ADJUDICATED,18,158902566,genomic,0.0,0.009138381201044387,0.9893105912930473,0.9942532912273196,,,1.0,38.255,7612.745,38.255,0.005,0.08029560375848066,0.05786766612631128,0.9907652747434897,0.9947176214275918,,,1.0,38.255,7612.745,38.255,0.005,0.0,0.0036565087557246857,0.9878210632460286,0.994244612955358,,,1.0,38.255,7612.745,38.255,0.0,0.995,0.005,0.0
NON FIBROTIC ILA ADJUDICATED,18,158902566,genomic,0.0,0.009138381201044387,0.9843391812865496,0.9942245772863857,,,0.9999999999999999,76.51,7574.49,76.51,0.01,0.08029560375848066,0.05786766612631128,0.9867834434908799,0.9946964927839533,,,0.9999999999999999,76.51,7574.49,76.51,0.01,0.0,0.0036565087557246857,0.981865064129628,0.9942101085507631,,,0.9999999999999999,76.51,7574.49,76.51,0.0,0.99,0.01,0.0
NON FIBROTIC ILA ADJUDICATED,18,158902566,genomic,0.022727272727272728,0.006492668621700883,0.9745263157894737,0.994297823357863,,,0.15766755578454744,153.02,7497.98,154.01999999999998,0.02,0.11807709698213287,0.03585669737735901,0.9779595046930875,0.9948664414991208,,,0.15766755578454744,153.02,7497.98,154.01999999999998,0.02,0.004023252060053224,0.0036565087557246857,0.9710523816686049,0.9941692928682048,,,0.15766755578454744,153.02,7497.98,154.01999999999998,0.022727272727272728,0.98,0.02,0.0
NON FIBROTIC ILA ADJUDICATED,18,158902566,genomic,0.022727272727272728,0.005358283603913421,0.9446978557504874,0.9941188136143883,,,0.005016586740985872,382.55,7268.45,383.55,0.05,0.11807709698213287,0.014618593191746732,0.9498781298917619,0.9947153720367156,,,0.005016586740985872,382.55,7268.45,383.55,0.05,0.004023252060053224,0.003656508755724684,0.9395067742558679,0.9939746913471433,,,0.005016586740985872,382.55,7268.45,383.55,0.022727272727272728,0.95,0.05,0.0
NON FIBROTIC ILA ADJUDICATED,18,158902566,genomic,0.022727272727272728,0.005358283603913421,0.8949837556855101,0.9937941087213529,,,0.0006245722607572734,765.1,6885.9,766.1,0.1,0.11807709698213287,0.008411050271083418,0.9020144269352334,0.9944363044648268,,,0.0006245722607572734,765.1,6885.9,766.1,0.1,0.004023252060053224,0.0036565087557246835,0.8879921735222925,0.9936273669662579,,,0.0006245722607572734,765.1,6885.9,766.1,0.022727272727272728,0.9,0.1,0.0
NON FIBROTIC ILA ADJUDICATED,18,158902566,combined,0.0,0.019910610471109206,0.9932877192982456,0.9942763103159286,,,0.5690936825237949,7.651,7643.349,7.651000000000001,0.001,0.08029560375848066,0.2775327998628892,0.9942443056174366,0.9947360993912391,,,0.5690936825237949,7.651,7643.349,7.651000000000001,0.001,0.0,0.011172712086567187,0.99229229666729,0.9942706014494015,,,0.5690936825237949,7.651,7643.349,7.651000000000001,0.0,0.999,0.001,0.0
NON FIBROTIC ILA ADJUDICATED,18,158902566,combined,0.0,0.019910610471109202,0.9893105912930473,0.9942534327390308,,,0.4797516619818175,38.255,7612.745,38.255,0.005,0.08029560375848066,0.09126339952349076,0.9911130416394343,0.9947195490808696,,,0.4797516619818175,38.255,7612.745,38.255,0.005,0.0,0.011172712086567187,0.9874732963500841,0.9942428022137036,,,0.4797516619818175,38.255,7612.745,38.255,0.0,0.995,0.005,0.0
NON FIBROTIC ILA ADJUDICATED,18,158902566,combined,0.0,0.019910610471109202,0.9843391812865496,0.9942245772863857,,,0.4383643870032827,76.51,7574.49,76.51,0.01,0.08029560375848066,0.04781005357595867,0.9867834434908799,0.9946964927839533,,,0.4383643870032827,76.51,7574.49,76.51,0.01,0.0,0.011172712086567187,0.981865064129628,0.9942101085507631,,,0.4383643870032827,76.51,7574.49,76.51,0.0,0.99,0.01,0.0
NON FIBROTIC ILA ADJUDICATED,18,158902566,combined,0.045454545454545456,0.019910610471109202,0.974656270305393,0.9944296934455421,,,0.38159908973543355,153.02,7497.98,155.02,0.02,0.15134998437629657,0.04448583666102099,0.9781497590199677,0.9950591617211418,,,0.38159908973543355,153.02,7497.98,155.02,0.02,0.012555109949594967,0.011172712086567187,0.9711011668209297,0.9942189518349465,,,0.38159908973543355,153.02,7497.98,155.02,0.045454545454545456,0.98,0.02,0.0
NON FIBROTIC ILA ADJUDICATED,18,158902566,combined,0.20454545454545456,0.019910610471109202,0.9457374918778427,0.9952077442629992,,,0.28832199858243823,382.55,7268.45,391.55,0.05,0.34500578061101655,0.04310117997071432,0.9511757078098478,0.9960698220247172,,,0.28832199858243823,382.55,7268.45,391.55,0.05,0.11153253070081293,0.011172712086567187,0.9401215121714226,0.9946215865461141,,,0.28832199858243823,382.55,7268.45,391.55,0.20454545454545456,0.95,0.05,0.0
NON FIBROTIC ILA ADJUDICATED,18,158902566,combined,0.36363636363636365,0.019342359767891684,0.8969330734243015,0.9959501872962114,3.6363641948590497,0.70707070841296,0.18603515830277767,765.1,6885.9,781.1,0.1,0.5113362312095656,0.03166208986085852,0.9042630821536879,0.996909550434762,5.47016905799911,0.8534154951544144,0.18603515830277767,765.1,6885.9,781.1,0.1,0.23783529708820186,0.011172712086567187,0.8893291104919141,0.9951160777506557,2.2243353202224374,0.5390529528675638,0.18603515830277767,765.1,6885.9,781.1,0.36363636363636365,0.9,0.1,0.0
NON FIBROTIC ILA ADJUDICATED,19,558519638,zebra,0.018167232021709633,0.09459459459459457,0.9933915995073366,0.9943805499246203,,,1.0,7.650999999999999,7643.349,8.450358208955224,0.001,0.10466077816080743,0.18262258585068278,0.9940968007515714,0.9948743383012496,,,1.0,7.650999999999999,7643.349,8.450358208955224,0.001,0.009051791913485338,0.04657993798422486,0.9926308797031224,0.9943242397485467,,,1.0,7.650999999999999,7643.349,8.450358208955224,0.018167232021709633,0.999,0.001,0.0
NON FIBROTIC ILA ADJUDICATED,19,558519638,zebra,0.09083616010854817,0.09459459459459457,0.9898299923385024,0.9947747444249211,,,1.0,38.254999999999995,7612.745,42.25179104477612,0.005,0.20212147577011452,0.18262258585068278,0.9915194779279034,0.995416828133198,,,1.0,38.254999999999995,7612.745,42.25179104477612,0.005,0.04525895956742668,0.046579937984224856,0.9880222509114498,0.9945046115528614,,,1.0,38.254999999999995,7612.745,42.25179104477612,0.09083616010854817,0.995,0.005,0.0
NON FIBROTIC ILA ADJUDICATED,19,558519638,zebra,0.1590909090909091,0.08382530120481926,0.9852488628979856,0.9951389280995445,,,0.99999960167375,76.51,7574.49,83.51,0.01,0.29366205062240613,0.16305787810602268,0.9880034725567685,0.9959218600985634,,,0.99999960167375,76.51,7574.49,83.51,0.01,0.0792667701220125,0.041197935614727434,0.9823183114181749,0.9946666068058443,,,0.99999960167375,76.51,7574.49,83.51,0.1590909090909091,0.99,0.01,0.0
NON FIBROTIC ILA ADJUDICATED,19,558519638,zebra,0.20454545454545456,0.05325443786982249,0.975565951916829,0.9953537643784943,,,0.9999596954490038,153.02,7497.98,162.02,0.02,0.34500578061101655,0.10101431932245776,0.9792570826111734,0.9961823209908718,,,0.9999596954490038,153.02,7497.98,162.02,0.02,0.11153253070081293,0.028952139064943,0.9716671195841595,0.9947954044633254,,,0.9999596954490038,153.02,7497.98,162.02,0.20454545454545456,0.98,0.02,0.0
NON FIBROTIC ILA ADJUDICATED,19,558519638,zebra,0.38636363636363635,0.04254793233082708,0.9467771280051982,0.9962990630974713,,,0.9985497149022629,382.55,7268.45,399.55,0.05,0.5337642460762172,0.06707642250540226,0.9522550284700777,0.9971992619525367,,,0.9985497149022629,382.55,7268.45,399.55,0.05,0.2572120275052556,0.0267319999672976,0.9409545073448333,0.9954995008658546,,,0.9985497149022629,382.55,7268.45,399.55,0.38636363636363635,0.95,0.05,0.0
NON FIBROTIC ILA ADJUDICATED,19,558519638,zebra,0.5,0.027406196023666902,0.897712800519818,0.9968152405157142,,,0.9837937691562461,765.1,6885.9,787.0999999999999,0.1,0.641682394600106,0.04158672598225174,0.9050084013465642,0.9977320272914161,,,0.9837937691562461,765.1,6885.9,787.0999999999999,0.1,0.35831760539989393,0.018002188493695007,0.8900180281742682,0.9958849467611519,,,0.9837937691562461,765.1,6885.9,787.0999999999999,0.5,0.9,0.1,0.0
NON FIBROTIC ILA ADJUDICATED,19,558519638,genomic,0.0,0.005882352941176471,0.9932877192982456,0.9942763103159286,,,0.7573103088298667,7.651,7643.349,7.651000000000001,0.001,0.08029560375848066,0.2775327998628892,0.9942443056174366,0.9947360993912391,,,0.7573103088298667,7.651,7643.349,7.651000000000001,0.001,0.0,0.0034449051667787877,0.99229229666729,0.9942706014494015,,,0.7573103088298667,7.651,7643.349,7.651000000000001,0.0,0.999,0.001,0.0
NON FIBROTIC ILA ADJUDICATED,19,558519638,genomic,0.0,0.005882352941176471,0.9893105912930473,0.9942534327390308,,,0.6545868458905971,38.255,7612.745,38.255,0.005,0.08029560375848066,0.09126339952349076,0.9911130416394343,0.9947195490808696,,,0.6545868458905971,38.255,7612.745,38.255,0.005,0.0,0.0034449051667787877,0.9874732963500841,0.9942428022137036,,,0.6545868458905971,38.255,7612.745,38.255,0.0,0.995,0.005,0.0
NON FIBROTIC ILA ADJUDICATED,19,558519638,genomic,0.0,0.005882352941176471,0.9843391812865496,0.9942245772863857,,,0.5893949025006373,76.51,7574.49,76.51,0.01,0.08029560375848066,0.04855860876314366,0.9867834434908799,0.9946964927839533,,,0.5893949025006373,76.51,7574.49,76.51,0.01,0.0,0.0034449051667787877,0.981865064129628,0.9942101085507631,,,0.5893949025006373,76.51,7574.49,76.51,0.0,0.99,0.01,0.0
NON FIBROTIC ILA ADJUDICATED,19,558519638,genomic,0.022727272727272728,0.00588235294117647,0.9745263157894737,0.994297823357863,,,0.5033015018763416,153.02,7497.98,154.01999999999998,0.02,0.11807709698213287,0.03585669737735901,0.9779595046930875,0.9948664414991208,,,0.5033015018763416,153.02,7497.98,154.01999999999998,0.02,0.004023252060053224,0.0034449051667787877,0.9710523816686049,0.9941692928682048,,,0.5033015018763416,153.02,7497.98,154.01999999999998,0.022727272727272728,0.98,0.02,0.0
NON FIBROTIC ILA ADJUDICATED,19,558519638,genomic,0.045454545454545456,0.005200892857142857,0.9448278102664067,0.994254799609531,,,0.37752370282219155,382.55,7268.45,384.55,0.05,0.15134998437629657,0.018762175969295063,0.9500683842186421,0.9949137346009742,,,0.37752370282219155,382.55,7268.45,384.55,0.05,0.012555109949594967,0.0034449051667787877,0.9395555594081928,0.9940259977368513,,,0.37752370282219155,382.55,7268.45,384.55,0.045454545454545456,0.95,0.05,0.0
NON FIBROTIC ILA ADJUDICATED,19,558519638,genomic,0.045454545454545456,0.005121447566922255,0.8951137102014295,0.9939375568240353,,,0.2765123098588846,765.1,6885.9,767.0999999999999,0.1,0.15134998437629657,0.010360955275309378,0.9022046812621136,0.9946450856536474,,,0.2765123098588846,765.1,6885.9,767.0999999999999,0.1,0.012555109949594967,0.0034449051667787855,0.8880409586746174,0.9936816120741501,,,0.2765123098588846,765.1,6885.9,767.0999999999999,0.045454545454545456,0.9,0.1,0.0
NON FIBROTIC ILA ADJUDICATED,19,558519638,combined,0.0,0.02857142857142857,0.9932877192982456,0.9942763103159286,,,0.787746871178096,7.651,7643.349,7.651000000000001,0.001,0.08029560375848066,0.2775327998628892,0.9942443056174366,0.9947360993912391,,,0.787746871178096,7.651,7643.349,7.651000000000001,0.001,0.0,0.009478308980805638,0.99229229666729,0.9942706014494015,,,0.787746871178096,7.651,7643.349,7.651000000000001,0.0,0.999,0.001,0.0
NON FIBROTIC ILA ADJUDICATED,19,558519638,combined,0.022727272727272728,0.02857142857142857,0.9894405458089668,0.9943833029784318,,,0.629539498645485,38.255,7612.745,39.255,0.005,0.11807709698213287,0.131045867622242,0.9913290761685883,0.9949353715899738,,,0.629539498645485,38.255,7612.745,39.255,0.005,0.004023252060053224,0.009478308980805638,0.9874963013001351,0.9942658320529868,,,0.629539498645485,38.255,7612.745,39.255,0.022727272727272728,0.995,0.005,0.0
NON FIBROTIC ILA ADJUDICATED,19,558519638,combined,0.045454545454545456,0.025475494969165853,0.9845990903183884,0.9944856488775109,,,0.5268202541680735,76.51,7574.49,78.51,0.01,0.15134998437629657,0.08820860478215643,0.9871897323469142,0.9951042243446547,,,0.5268202541680735,76.51,7574.49,78.51,0.01,0.012555109949594967,0.009478308980805638,0.9819368542320039,0.9942823856455415,,,0.5268202541680735,76.51,7574.49,78.51,0.045454545454545456,0.99,0.01,0.0
NON FIBROTIC ILA ADJUDICATED,19,558519638,combined,0.06818181818181818,0.02130684012916982,0.9747862248213125,0.9945615985167567,,,0.41173268751301345,153.02,7497.98,156.01999999999998,0.02,0.18225044370221527,0.05629897582901805,0.9783264478062368,0.9952382074605395,,,0.41173268751301345,153.02,7497.98,156.01999999999998,0.02,0.023459395907381622,0.009478308980805638,0.9711635175138656,0.9942824265436685,,,0.41173268751301345,153.02,7497.98,156.01999999999998,0.06818181818181818,0.98,0.02,0.0
NON FIBROTIC ILA ADJUDICATED,19,558519638,combined,0.18181818181818182,0.020483966161715522,0.9456075373619234,0.9950714974889291,,,0.25463330086501973,382.55,7268.45,390.55000000000007,0.05,0.3196055088718468,0.039893836745323666,0.9510304690890521,0.9959180342793962,,,0.25463330086501973,382.55,7268.45,390.55000000000007,0.05,0.09512805715627728,0.009478308980805634,0.9400277114130133,0.994522824584835,,,0.25463330086501973,382.55,7268.45,390.55000000000007,0.18181818181818182,0.95,0.05,0.0
NON FIBROTIC ILA ADJUDICATED,19,558519638,combined,0.20454545454545456,0.011626406601650414,0.8960233918128655,0.9949428542435564,,,0.15459808230190797,765.1,6885.9,774.0999999999999,0.1,0.34500578061101655,0.021947422658713113,0.9033120048533193,0.9958619819189247,,,0.15459808230190797,765.1,6885.9,774.0999999999999,0.1,0.11153253070081293,0.0061926031978427115,0.8886069114378472,0.9943113385370789,,,0.15459808230190797,765.1,6885.9,774.0999999999999,0.20454545454545456,0.9,0.1,0.0
NON FIBROTIC ILA ADJUDICATED,20,261182165,zebra,0.016674034869240347,0.0875,0.9933830614079593,0.994372049109573,,,1.0,7.650999999999999,7643.349,8.384657534246577,0.001,0.10265816108664359,0.16976795508474998,0.9940774516147158,0.9948628939496996,,,1.0,7.650999999999999,7643.349,8.384657534246577,0.001,0.008307809016486542,0.043032001782059855,0.9926345237849121,0.994320042457835,,,1.0,7.650999999999999,7643.349,8.384657534246577,0.016674034869240347,0.999,0.001,0.0
NON FIBROTIC ILA ADJUDICATED,20,261182165,zebra,0.08337017434620174,0.0875,0.9897873018416157,0.9947322403496843,,,1.0,38.254999999999995,7612.745,41.923287671232885,0.005,0.1921083903992953,0.16976795508474998,0.9914227322436259,0.9953596063754477,,,1.0,38.254999999999995,7612.745,41.923287671232885,0.005,0.04153904508243272,0.043032001782059855,0.9880404713203984,0.9944836250993031,,,1.0,38.254999999999995,7612.745,41.923287671232885,0.08337017434620174,0.995,0.005,0.0
NON FIBROTIC ILA ADJUDICATED,20,261182165,zebra,0.1590909090909091,0.08382530120481926,0.9852488628979856,0.9951389280995445,15.909770280556764,0.8494031258301432,0.9999999294326384,76.51,7574.49,83.51,0.01,0.29366205062240613,0.16305787810602268,0.9880034725567685,0.9959218600985634,36.69386233717771,0.9323770819847336,0.9999999294326384,76.51,7574.49,83.51,0.01,0.0792667701220125,0.041197935614727434,0.9823183114181749,0.9946666068058443,6.347473314593619,0.7120367031615542,0.9999999294326384,76.51,7574.49,83.51,0.1590909090909091,0.99,0.01,0.0
NON FIBROTIC ILA ADJUDICATED,20,261182165,zebra,0.20454545454545456,0.05448717948717949,0.975565951916829,0.9953537643784943,,,0.9999600788001923,153.02,7497.98,162.02,0.02,0.34500578061101655,0.1019544227322504,0.9792570826111734,0.9961823209908718,,,0.9999600788001923,153.02,7497.98,162.02,0.02,0.11153253070081293,0.028919846940720573,0.9716671195841595,0.9947954044633254,,,0.9999600788001923,153.02,7497.98,162.02,0.20454545454545456,0.98,0.02,0.0
NON FIBROTIC ILA ADJUDICATED,20,261182165,zebra,0.38636363636363635,0.04150453955901426,0.9467771280051982,0.9962990630974713,7.727285799190488,0.645933017380096,0.9986114298139446,382.55,7268.45,399.55,0.05,0.5337642460762172,0.06634482142185714,0.9522550284700777,0.9971992619525367,11.772948605901222,0.7861133313705596,0.9986114298139446,382.55,7268.45,399.55,0.05,0.2572120275052556,0.025713437307642528,0.9409545073448333,0.9954995008658546,4.666969526314856,0.4883779733486405,0.9986114298139446,382.55,7268.45,399.55,0.38636363636363635,0.95,0.05,0.0
NON FIBROTIC ILA ADJUDICATED,20,261182165,zebra,0.5227272727272727,0.027681630031401654,0.8978427550357375,0.9969595621712167,5.227273530109883,0.5303030313097201,0.9851662322224618,765.1,6885.9,788.1,0.1,0.662450089677489,0.041549298230813464,0.9051271510000282,0.9978631956187665,7.086753806689274,0.694952615724057,0.9851662322224618,765.1,6885.9,788.1,0.1,0.3793546556062164,0.01831409742481047,0.8901383180000093,0.9960193185007555,3.547883639167301,0.37235679729217686,0.9851662322224618,765.1,6885.9,788.1,0.5227272727272727,0.9,0.1,0.0
NON FIBROTIC ILA ADJUDICATED,20,261182165,genomic,0.0,0.01505175388154112,0.9932877192982456,0.9942763103159286,,,0.8070908209970566,7.651,7643.349,7.651000000000001,0.001,0.08029560375848066,0.2775327998628892,0.9942443056174366,0.9947360993912391,,,0.8070908209970566,7.651,7643.349,7.651000000000001,0.001,0.0,0.00689887526148641,0.99229229666729,0.9942706014494015,,,0.8070908209970566,7.651,7643.349,7.651000000000001,0.0,0.999,0.001,0.0
NON FIBROTIC ILA ADJUDICATED,20,261182165,genomic,0.0,0.01505175388154112,0.9893105912930473,0.9942534327390308,,,0.6416622457018776,38.255,7612.745,38.255,0.005,0.08029560375848066,0.09722719535247909,0.9911130416394343,0.9947195490808696,,,0.6416622457018776,38.255,7612.745,38.255,0.005,0.0,0.00689887526148641,0.9874732963500841,0.9942428022137036,,,0.6416622457018776,38.255,7612.745,38.255,0.0,0.995,0.005,0.0
NON FIBROTIC ILA ADJUDICATED,20,261182165,genomic,0.022727272727272728,0.01505175388154112,0.9844691358024691,0.9943550959456217,,,0.5512946262903209,76.51,7574.49,77.51,0.01,0.11807709698213287,0.0695267453906159,0.986999478020034,0.9949132528306948,,,0.5512946262903209,76.51,7574.49,77.51,0.01,0.004023252060053224,0.00689887526148641,0.9818880690796791,0.9942332684121061,,,0.5512946262903209,76.51,7574.49,77.51,0.022727272727272728,0.99,0.01,0.0
NON FIBROTIC ILA ADJUDICATED,20,261182165,genomic,0.022727272727272728,0.01505175388154112,0.9745263157894737,0.994297823357863,,,0.4684762524562729,153.02,7497.98,154.01999999999998,0.02,0.11807709698213287,0.03661485127980042,0.9779595046930875,0.9948664414991208,,,0.4684762524562729,153.02,7497.98,154.01999999999998,0.02,0.004023252060053224,0.00689887526148641,0.9710523816686049,0.9941692928682048,,,0.4684762524562729,153.02,7497.98,154.01999999999998,0.022727272727272728,0.98,0.02,0.0
NON FIBROTIC ILA ADJUDICATED,20,261182165,genomic,0.1590909090909091,0.015051753881541115,0.9454775828460039,0.9949352880148952,,,0.345260064076077,382.55,7268.45,389.55,0.05,0.29366205062240613,0.03659576828252652,0.9508821244284964,0.9957630482909241,,,0.345260064076077,382.55,7268.45,389.55,0.05,0.0792667701220125,0.0068988752614864085,0.9399370165943638,0.9944273514872858,,,0.345260064076077,382.55,7268.45,389.55,0.1590909090909091,0.95,0.05,0.0
NON FIBROTIC ILA ADJUDICATED,20,261182165,genomic,0.20454545454545456,0.011626406601650414,0.8960233918128655,0.9949428542435564,,,0.2372502773997067,765.1,6885.9,774.0999999999999,0.1,0.34500578061101655,0.021947422658713113,0.9033120048533193,0.9958619819189247,,,0.2372502773997067,765.1,6885.9,774.0999999999999,0.1,0.11153253070081293,0.006128548634261706,0.8886069114378472,0.9943113385370789,,,0.2372502773997067,765.1,6885.9,774.0999999999999,0.20454545454545456,0.9,0.1,0.0
NON FIBROTIC ILA ADJUDICATED,20,261182165,combined,0.022727272727272728,0.11595833333333333,0.993417673814165,0.9944056664398981,,,0.6735176538240512,7.651,7643.349,8.651,0.001,0.11807709698213287,0.4041500267952385,0.9944603401465907,0.9949512488896392,,,0.6735176538240512,7.651,7643.349,8.651,0.001,0.004023252060053224,0.017876213095072896,0.992315301617341,0.9942935207249268,,,0.6735176538240512,7.651,7643.349,8.651,0.022727272727272728,0.999,0.001,0.0
NON FIBROTIC ILA ADJUDICATED,20,261182165,combined,0.022727272727272728,0.03658536585365854,0.9894405458089668,0.9943833029784318,,,0.5982833571982902,38.255,7612.745,39.255,0.005,0.11807709698213287,0.14373515048728278,0.9913290761685883,0.9949353715899738,,,0.5982833571982902,38.255,7612.745,39.255,0.005,0.004023252060053224,0.009113864417608636,0.9874963013001351,0.9942658320529868,,,0.5982833571982902,38.255,7612.745,39.255,0.022727272727272728,0.995,0.005,0.0
NON FIBROTIC ILA ADJUDICATED,20,261182165,combined,0.045454545454545456,0.025475494969165853,0.9845990903183884,0.9944856488775109,,,0.5323560425474724,76.51,7574.49,78.51,0.01,0.15134998437629657,0.08820860478215643,0.9871897323469142,0.9951042243446547,,,0.5323560425474724,76.51,7574.49,78.51,0.01,0.012555109949594967,0.009113864417608636,0.9819368542320039,0.9942823856455415,,,0.5323560425474724,76.51,7574.49,78.51,0.045454545454545456,0.99,0.01,0.0
NON FIBROTIC ILA ADJUDICATED,20,261182165,combined,0.06818181818181818,0.019553072625698324,0.9747862248213125,0.9945615985167567,,,0.47158685974594367,153.02,7497.98,156.01999999999998,0.02,0.18225044370221527,0.05500190254299949,0.9783264478062368,0.9952382074605395,,,0.47158685974594367,153.02,7497.98,156.01999999999998,0.02,0.023459395907381622,0.009113864417608636,0.9711635175138656,0.9942824265436685,,,0.47158685974594367,153.02,7497.98,156.01999999999998,0.06818181818181818,0.98,0.02,0.0
NON FIBROTIC ILA ADJUDICATED,20,261182165,combined,0.11363636363636363,0.014558159535583752,0.945217673814165,0.994662980905684,,,0.3578170504965234,382.55,7268.45,387.55,0.05,0.23979152416608285,0.029841766031393227,0.9505740928282264,0.9954413802722635,,,0.3578170504965234,382.55,7268.45,387.55,0.05,0.04952780601092492,0.009113864417608636,0.9397669692362237,0.9942483945373894,,,0.3578170504965234,382.55,7268.45,387.55,0.11363636363636363,0.95,0.05,0.0
NON FIBROTIC ILA ADJUDICATED,20,261182165,combined,0.22727272727272727,0.014558159535583752,0.896153346328785,0.9950866341906804,,,0.23824357160427234,765.1,6885.9,775.1,0.1,0.3699235806463633,0.023631388421699914,0.9034544848015396,0.9960187768934589,,,0.23824357160427234,765.1,6885.9,775.1,0.1,0.12841947594917152,0.009113864417608636,0.888703470968832,0.9944188584751085,,,0.23824357160427234,765.1,6885.9,775.1,0.22727272727272727,0.9,0.1,0.0
NON FIBROTIC ILA ADJUDICATED,21,2006488022,zebra,0.02557152406417112,0.12820512820512817,0.9934339372396132,0.9944231283917528,,,1.0,7.651,7643.349,8.776147058823529,0.001,0.11288301039332169,0.22015950398646633,0.9941424331343511,0.9949216028283041,,,1.0,7.651,7643.349,8.776147058823529,0.001,0.014449079565986931,0.07115322631234479,0.992663123717346,0.9943553225400059,,,1.0,7.651,7643.349,8.776147058823529,0.02557152406417112,0.999,0.001,0.0
NON FIBROTIC ILA ADJUDICATED,21,2006488022,zebra,0.12785762032085563,0.12820512820512817,0.9900416809998853,0.9949876367605837,,,1.0,38.255,7612.745,43.88073529411765,0.005,0.24323263693268582,0.22015950398646633,0.9917476398418023,0.9956531507684702,,,1.0,38.255,7612.745,43.88073529411765,0.005,0.07224539782993465,0.07115322631234478,0.9881834709825676,0.9946600255101576,,,1.0,38.255,7612.745,43.88073529411765,0.12785762032085563,0.995,0.005,0.0
NON FIBROTIC ILA ADJUDICATED,21,2006488022,zebra,0.22727272727272727,0.11559743384121891,0.9856387264457439,0.9955313077697713,,,0.9999996169803721,76.51,7574.49,86.51,0.01,0.3699235806463633,0.19986730322973262,0.9884395358863401,0.9963605641287875,,,0.9999996169803721,76.51,7574.49,86.51,0.01,0.12841947594917152,0.06401541828528334,0.9825993665262185,0.99494988844264,,,0.9999996169803721,76.51,7574.49,86.51,0.22727272727272727,0.99,0.01,0.0
NON FIBROTIC ILA ADJUDICATED,21,2006488022,zebra,0.25,0.06706504065040651,0.975825860948668,0.99561810016606,,,0.9999668802829419,153.02,7497.98,164.01999999999998,0.02,0.3944056635895915,0.11608778978404499,0.9795395510778475,0.9964692350025386,,,0.9999668802829419,153.02,7497.98,164.01999999999998,0.02,0.14574213828964888,0.03785747481172127,0.9718627300758955,0.994994799506252,,,0.9999668802829419,153.02,7497.98,164.01999999999998,0.25,0.98,0.02,0.0
NON FIBROTIC ILA ADJUDICATED,21,2006488022,zebra,0.36363636363636365,0.04094292803970223,0.9466471734892787,0.9961625173707532,,,0.9983645841507915,382.55,7268.45,398.55,0.05,0.5113362312095656,0.06501241090150701,0.9521267851102164,0.9970649294231332,,,0.9983645841507915,382.55,7268.45,398.55,0.05,0.23783529708820186,0.025542519578046548,0.9408437112254895,0.9953826407320701,,,0.9983645841507915,382.55,7268.45,398.55,0.36363636363636365,0.95,0.05,0.0
NON FIBROTIC ILA ADJUDICATED,21,2006488022,zebra,0.5909090909090909,0.03227888960619755,0.8982326185834958,0.9973927779901226,,,0.9840913240043216,765.1,6885.9,791.1,0.1,0.7231214437245027,0.04737150916476664,0.9054740697236239,0.9982465922498074,,,0.9840913240043216,765.1,6885.9,791.1,0.1,0.444097537410319,0.02178223145107821,0.890508517714029,0.9964330838269,,,0.9840913240043216,765.1,6885.9,791.1,0.5909090909090909,0.9,0.1,0.0
NON FIBROTIC ILA ADJUDICATED,21,2006488022,genomic,0.0,0.0065200619433746,0.9932877192982456,0.9942763103159286,,,0.9560323986388005,7.651,7643.349,7.651000000000001,0.001,0.08029560375848066,0.2775327998628892,0.9942443056174366,0.9947360993912391,,,0.9560323986388005,7.651,7643.349,7.651000000000001,0.001,0.0,0.003868339247321076,0.99229229666729,0.9942706014494015,,,0.9560323986388005,7.651,7643.349,7.651000000000001,0.0,0.999,0.001,0.0
NON FIBROTIC ILA ADJUDICATED,21,2006488022,genomic,0.0,0.0065200619433746,0.9893105912930473,0.9942534327390308,,,0.8273249575182904,38.255,7612.745,38.255,0.005,0.08029560375848066,0.09126339952349076,0.9911130416394343,0.9947195490808696,,,0.8273249575182904,38.255,7612.745,38.255,0.005,0.0,0.003868339247321076,0.9874732963500841,0.9942428022137036,,,0.8273249575182904,38.255,7612.745,38.255,0.0,0.995,0.005,0.0
NON FIBROTIC ILA ADJUDICATED,21,2006488022,genomic,0.0,0.0065200619433746,0.9843391812865496,0.9942245772863857,,,0.7239901980338899,76.51,7574.49,76.51,0.01,0.08029560375848066,0.04781005357595867,0.9867834434908799,0.9946964927839533,,,0.7239901980338899,76.51,7574.49,76.51,0.01,0.0,0.003868339247321076,0.981865064129628,0.9942101085507631,,,0.7239901980338899,76.51,7574.49,76.51,0.0,0.99,0.01,0.0
NON FIBROTIC ILA ADJUDICATED,21,2006488022,genomic,0.0,0.0065200619433746,0.9743963612735542,0.994165988239804,,,0.5220048929988427,153.02,7497.98,153.02,0.02,0.08029560375848066,0.02448952018521323,0.9777434701639334,0.9946476974261346,,,0.5220048929988427,153.02,7497.98,153.02,0.02,0.0,0.003868339247321076,0.9710293767185538,0.9941458775865163,,,0.5220048929988427,153.02,7497.98,153.02,0.0,0.98,0.02,0.0
NON FIBROTIC ILA ADJUDICATED,21,2006488022,genomic,0.045454545454545456,0.0065200619433746,0.9448278102664067,0.994254799609531,,,0.24774894016233254,382.55,7268.45,384.55,0.05,0.15134998437629657,0.017176742480479283,0.9500683842186421,0.9949137346009742,,,0.24774894016233254,382.55,7268.45,384.55,0.05,0.012555109949594967,0.003868339247321076,0.9395555594081928,0.9940259977368513,,,0.24774894016233254,382.55,7268.45,384.55,0.045454545454545456,0.95,0.05,0.0
NON FIBROTIC ILA ADJUDICATED,21,2006488022,genomic,0.06818181818181818,0.0065200619433746,0.895243664717349,0.9940810463444091,,,0.08586425207297117,765.1,6885.9,768.1,0.1,0.18225044370221527,0.014249733566667474,0.9023813700483827,0.9948390588257807,,,0.08586425207297117,765.1,6885.9,768.1,0.1,0.023459395907381622,0.0038683392473210752,0.8881033093675533,0.9937509495788744,,,0.08586425207297117,765.1,6885.9,768.1,0.06818181818181818,0.9,0.1,0.0
NON FIBROTIC ILA ADJUDICATED,21,2006488022,combined,0.0,0.0186046511627907,0.9932877192982456,0.9942763103159286,,,0.5533301829696637,7.651,7643.349,7.651000000000001,0.001,0.08029560375848066,0.2775327998628892,0.9942443056174366,0.9947360993912391,,,0.5533301829696637,7.651,7643.349,7.651000000000001,0.001,0.0,0.008066811219513659,0.99229229666729,0.9942706014494015,,,0.5533301829696637,7.651,7643.349,7.651000000000001,0.0,0.999,0.001,0.0
NON FIBROTIC ILA ADJUDICATED,21,2006488022,combined,0.0,0.0186046511627907,0.9893105912930473,0.9942534327390308,,,0.4741358330646116,38.255,7612.745,38.255,0.005,0.08029560375848066,0.09126339952349076,0.9911130416394343,0.9947195490808696,,,0.4741358330646116,38.255,7612.745,38.255,0.005,0.0,0.008066811219513659,0.9874732963500841,0.9942428022137036,,,0.4741358330646116,38.255,7612.745,38.255,0.0,0.995,0.005,0.0
NON FIBROTIC ILA ADJUDICATED,21,2006488022,combined,0.022727272727272728,0.018604651162790694,0.9844691358024691,0.9943550959456217,,,0.42796006907559786,76.51,7574.49,77.51,0.01,0.11807709698213287,0.06981091700972478,0.986999478020034,0.9949132528306948,,,0.42796006907559786,76.51,7574.49,77.51,0.01,0.004023252060053224,0.008066811219513659,0.9818880690796791,0.9942332684121061,,,0.42796006907559786,76.51,7574.49,77.51,0.022727272727272728,0.99,0.01,0.0
NON FIBROTIC ILA ADJUDICATED,21,2006488022,combined,0.06818181818181818,0.018604651162790694,0.9747862248213125,0.9945615985167567,,,0.36543106293641076,153.02,7497.98,156.01999999999998,0.02,0.18225044370221527,0.05500190254299949,0.9783264478062368,0.9952382074605395,,,0.36543106293641076,153.02,7497.98,156.01999999999998,0.02,0.023459395907381622,0.008066811219513659,0.9711635175138656,0.9942824265436685,,,0.36543106293641076,153.02,7497.98,156.01999999999998,0.06818181818181818,0.98,0.02,0.0
NON FIBROTIC ILA ADJUDICATED,21,2006488022,combined,0.11363636363636363,0.014867563392487092,0.945217673814165,0.994662980905684,,,0.27268088262216467,382.55,7268.45,387.55,0.05,0.23979152416608285,0.031450202713946475,0.9505740928282264,0.9954413802722635,,,0.27268088262216467,382.55,7268.45,387.55,0.05,0.04952780601092492,0.008066811219513657,0.9397669692362237,0.9942483945373894,,,0.27268088262216467,382.55,7268.45,387.55,0.11363636363636363,0.95,0.05,0.0
NON FIBROTIC ILA ADJUDICATED,21,2006488022,combined,0.2727272727272727,0.014867563392487092,0.8964132553606238,0.9953743187874664,,,0.18722239038205507,765.1,6885.9,777.0999999999999,0.1,0.418488730924512,0.026795962669231642,0.9037321802677174,0.9963245144868705,,,0.18722239038205507,765.1,6885.9,777.0999999999999,0.1,0.16346381623843378,0.008066811219513657,0.8889038544610642,0.9946420615780496,,,0.18722239038205507,765.1,6885.9,777.0999999999999,0.2727272727272727,0.9,0.1,0.0
NON FIBROTIC ILA ADJUDICATED,22,545477546,zebra,0.022041933418693982,0.11250000000000002,0.9934137550448892,0.9944028878510242,,,1.0,7.651,7643.349,8.620845070422535,0.001,0.10882092154860393,0.20018218092372878,0.9941152209228405,0.9948982974309037,,,1.0,7.651,7643.349,8.620845070422535,0.001,0.012018808343548164,0.06032686946630477,0.9926532126224297,0.9943413834152462,,,1.0,7.651,7643.349,8.620845070422535,0.022041933418693982,0.999,0.001,0.0
NON FIBROTIC ILA ADJUDICATED,22,545477546,zebra,0.11020966709346991,0.11250000000000002,0.9899407700262655,0.9948864340569404,,,1.0,38.255,7612.745,43.10422535211267,0.005,0.222922192709097,0.20018218092372878,0.9916115787842494,0.9955366237814685,,,1.0,38.255,7612.745,43.10422535211267,0.005,0.06009404171774082,0.06032686946630477,0.9881339155079861,0.9945903298863594,,,1.0,38.255,7612.745,43.10422535211267,0.11020966709346991,0.995,0.005,0.0
NON FIBROTIC ILA ADJUDICATED,22,545477546,zebra,0.20454545454545456,0.10525444596443231,0.9855087719298244,0.9954004801700179,20.45541893214441,0.803489443352838,0.9999995143286651,76.51,7574.49,85.51,0.01,0.34500578061101655,0.18808206129408542,0.9882970559381199,0.9962171788491551,43.10939936719648,0.8997032794974847,0.9999995143286651,76.51,7574.49,85.51,0.01,0.11153253070081293,0.056369937032840364,0.9825028069952337,0.9948525457701055,8.931230088507226,0.6602787305631379,0.9999995143286651,76.51,7574.49,85.51,0.20454545454545456,0.99,0.01,0.0
NON FIBROTIC ILA ADJUDICATED,22,545477546,zebra,0.25,0.06578947368421051,0.975825860948668,0.99561810016606,,,0.9999628596882892,153.02,7497.98,164.01999999999998,0.02,0.3944056635895915,0.11608778978404499,0.9795395510778475,0.9964692350025386,,,0.9999628596882892,153.02,7497.98,164.01999999999998,0.02,0.14574213828964888,0.036163714154114596,0.9718627300758955,0.994994799506252,,,0.9999628596882892,153.02,7497.98,164.01999999999998,0.25,0.98,0.02,0.0
NON FIBROTIC ILA ADJUDICATED,22,545477546,zebra,0.376136363636364,0.04135338345864662,0.9467186484730344,0.9962376221348911,,,0.998677005613489,382.55,7268.45,399.1,0.05,0.5236716393862243,0.06565392830073481,0.9521973189581402,0.9971388166287074,,,0.998677005613489,382.55,7268.45,399.1,0.05,0.24849249881758173,0.02580016694055939,0.9409046490911286,0.9954469179509843,,,0.998677005613489,382.55,7268.45,399.1,0.376136363636364,0.95,0.05,0.0
NON FIBROTIC ILA ADJUDICATED,22,545477546,zebra,0.5,0.028849192334145023,0.897712800519818,0.9968152405157142,,,0.9860362109861043,765.1,6885.9,787.0999999999999,0.1,0.641682394600106,0.04290908041329416,0.9050084013465642,0.9977320272914161,,,0.9860362109861043,765.1,6885.9,787.0999999999999,0.1,0.35831760539989393,0.01923246486758695,0.8900180281742682,0.9958849467611519,,,0.9860362109861043,765.1,6885.9,787.0999999999999,0.5,0.9,0.1,0.0
NON FIBROTIC ILA ADJUDICATED,22,545477546,genomic,0.003864141414141414,0.030997304582210238,0.99330981445383,0.9942983827385985,,,1.0,7.651,7643.349,7.821022222222222,0.001,0.08671929719523984,0.11502223470233108,0.9940342551533384,0.9947715064877147,,,1.0,7.651,7643.349,7.821022222222222,0.001,0.0006840422558103826,0.00818947791471635,0.9925429891548416,0.9942758937679181,,,1.0,7.651,7643.349,7.821022222222222,0.003864141414141414,0.999,0.001,0.0
NON FIBROTIC ILA ADJUDICATED,22,545477546,genomic,0.01932070707070707,0.030997304582210238,0.9894210670709696,0.994363908494812,,,1.0,38.255,7612.745,39.10511111111111,0.005,0.11241407094227655,0.11502223470233108,0.9912067499367387,0.9949026690655234,,,1.0,38.255,7612.745,39.10511111111111,0.005,0.003420211279051913,0.00818947791471635,0.987582798170046,0.9942628816497185,,,1.0,38.255,7612.745,39.10511111111111,0.01932070707070707,0.995,0.005,0.0
NON FIBROTIC ILA ADJUDICATED,22,545477546,genomic,0.045454545454545456,0.025475494969165853,0.9845990903183884,0.9944856488775109,,,0.9999999979093814,76.51,7574.49,78.51,0.01,0.15134998437629657,0.08820860478215643,0.9871897323469142,0.9951042243446547,,,0.9999999979093814,76.51,7574.49,78.51,0.01,0.012555109949594967,0.00701433312801027,0.9819368542320039,0.9942823856455415,,,0.9999999979093814,76.51,7574.49,78.51,0.045454545454545456,0.99,0.01,0.0
NON FIBROTIC ILA ADJUDICATED,22,545477546,genomic,0.045454545454545456,0.012901571546732838,0.974656270305393,0.9944296934455421,,,0.9989382548159298,153.02,7497.98,155.02,0.02,0.15134998437629657,0.045815162072686155,0.9781497590199677,0.9950591617211418,,,0.9989382548159298,153.02,7497.98,155.02,0.02,0.012555109949594967,0.0036290003794635433,0.9711011668209297,0.9942189518349465,,,0.9989382548159298,153.02,7497.98,155.02,0.045454545454545456,0.98,0.02,0.0
NON FIBROTIC ILA ADJUDICATED,22,545477546,genomic,0.045454545454545456,0.005679667202436708,0.9448278102664067,0.994254799609531,,,0.0011184853026358723,382.55,7268.45,384.55,0.05,0.15134998437629657,0.018762175969295063,0.9500683842186421,0.9949137346009742,,,0.0011184853026358723,382.55,7268.45,384.55,0.05,0.012555109949594967,0.0036290003794635433,0.9395555594081928,0.9940259977368513,,,0.0011184853026358723,382.55,7268.45,384.55,0.045454545454545456,0.95,0.05,0.0
NON FIBROTIC ILA ADJUDICATED,22,545477546,genomic,0.09090909090909091,0.005679667202436708,0.8953736192332684,0.9942245773004146,,,5.084839571090361e-06,765.1,6885.9,769.0999999999999,0.1,0.21159239166598612,0.013295670723836356,0.9025491472687084,0.9950233187096043,,,5.084839571090361e-06,765.1,6885.9,769.0999999999999,0.1,0.03592219322731624,0.003629000379463542,0.8881745716264328,0.993830209100902,,,5.084839571090361e-06,765.1,6885.9,769.0999999999999,0.09090909090909091,0.9,0.1,0.0
NON FIBROTIC ILA ADJUDICATED,22,545477546,combined,0.0,0.05555555555555555,0.9932877192982456,0.9942763103159286,,,0.35961705859389814,7.651,7643.349,7.651000000000001,0.001,0.08029560375848066,0.2775327998628892,0.9942443056174366,0.9947360993912391,,,0.35961705859389814,7.651,7643.349,7.651000000000001,0.001,0.0,0.016565702254476847,0.99229229666729,0.9942706014494015,,,0.35961705859389814,7.651,7643.349,7.651000000000001,0.0,0.999,0.001,0.0
NON FIBROTIC ILA ADJUDICATED,22,545477546,combined,0.045454545454545456,0.049689024390243905,0.9895705003248861,0.9945132071497902,,,0.3140960976780575,38.255,7612.745,40.255,0.005,0.15134998437629657,0.16410828251954582,0.9915193304954686,0.9951255167688607,,,0.3140960976780575,38.255,7612.745,40.255,0.005,0.012555109949594967,0.01373403827079863,0.98754508645246,0.9943146735167134,,,0.3140960976780575,38.255,7612.745,40.255,0.045454545454545456,0.995,0.005,0.0
NON FIBROTIC ILA ADJUDICATED,22,545477546,combined,0.045454545454545456,0.025475494969165853,0.9845990903183884,0.9944856488775109,,,0.2955466922768625,76.51,7574.49,78.51,0.01,0.15134998437629657,0.08820860478215643,0.9871897323469142,0.9951042243446547,,,0.2955466922768625,76.51,7574.49,78.51,0.01,0.012555109949594967,0.007811006668860831,0.9819368542320039,0.9942823856455415,,,0.2955466922768625,76.51,7574.49,78.51,0.045454545454545456,0.99,0.01,0.0
NON FIBROTIC ILA ADJUDICATED,22,545477546,combined,0.045454545454545456,0.015094339622641511,0.974656270305393,0.9944296934455421,,,0.2678431910265033,153.02,7497.98,155.02,0.02,0.15134998437629657,0.045815162072686155,0.9781497590199677,0.9950591617211418,,,0.2678431910265033,153.02,7497.98,155.02,0.02,0.012555109949594967,0.0078110066688608275,0.9711011668209297,0.9942189518349465,,,0.2678431910265033,153.02,7497.98,155.02,0.045454545454545456,0.98,0.02,0.0
NON FIBROTIC ILA ADJUDICATED,22,545477546,combined,0.13636363636363635,0.015094339622641508,0.9453476283300845,0.9947991158255824,,,0.22136840484438203,382.55,7268.45,388.55,0.05,0.2670945304851544,0.03327568555648586,0.9507302113828774,0.9956043841470372,,,0.22136840484438203,382.55,7268.45,388.55,0.05,0.06402954497555872,0.0078110066688608275,0.9398498901607778,0.9943356520374421,,,0.22136840484438203,382.55,7268.45,388.55,0.13636363636363635,0.95,0.05,0.0
NON FIBROTIC ILA ADJUDICATED,22,545477546,combined,0.2727272727272727,0.014626221030068805,0.8964132553606238,0.9953743187874664,,,0.17465449078295514,765.1,6885.9,777.0999999999999,0.1,0.418488730924512,0.026795962669231642,0.9037321802677174,0.9963245144868705,,,0.17465449078295514,765.1,6885.9,777.0999999999999,0.1,0.16346381623843378,0.0078110066688608275,0.8889038544610642,0.9946420615780496,,,0.17465449078295514,765.1,6885.9,777.0999999999999,0.2727272727272727,0.9,0.1,0.0
NON FIBROTIC ILA ADJUDICATED,23,274685219,zebra,0.017388636363636363,0.09090909090909091,0.9933871474983755,0.994376117439101,,,1.0,7.650999999999999,7643.349,8.4161,0.001,0.10361655640070772,0.17596118281112333,0.9940867647003766,0.9948683711618207,,,1.0,7.650999999999999,7643.349,8.4161,0.001,0.008663857974335965,0.0447357106017773,0.99263272668989,0.9943220509872319,,,1.0,7.650999999999999,7643.349,8.4161,0.017388636363636363,0.999,0.001,0.0
NON FIBROTIC ILA ADJUDICATED,23,274685219,zebra,0.08694318181818181,0.09090909090909087,0.9898077322936972,0.9947525819973249,,,1.0,38.254999999999995,7612.745,42.0805,0.005,0.19690036696961594,0.17596118281112333,0.9914692976719298,0.9953869924360534,,,1.0,38.254999999999995,7612.745,42.0805,0.005,0.04331928987167982,0.0447357106017773,0.9880314858452877,0.9944936677462874,,,1.0,38.254999999999995,7612.745,42.0805,0.08694318181818181,0.995,0.005,0.0
NON FIBROTIC ILA ADJUDICATED,23,274685219,zebra,0.1590909090909091,0.08382530120481926,0.9852488628979856,0.9951389280995445,15.909770280556764,0.8494031258301432,0.9999998186437744,76.51,7574.49,83.51,0.01,0.29366205062240613,0.16305787810602268,0.9880034725567685,0.9959218600985634,36.69386233717771,0.9323770819847336,0.9999998186437744,76.51,7574.49,83.51,0.01,0.0792667701220125,0.041197935614727434,0.9823183114181749,0.9946666068058443,6.347473314593619,0.7120367031615542,0.9999998186437744,76.51,7574.49,83.51,0.1590909090909091,0.99,0.01,0.0
NON FIBROTIC ILA ADJUDICATED,23,274685219,zebra,0.20454545454545456,0.05519480519480518,0.975565951916829,0.9953537643784943,10.227281234807974,0.8116883119713285,0.9999593538439688,153.02,7497.98,162.02,0.02,0.34500578061101655,0.10218866120663847,0.9792570826111734,0.9961823209908718,20.18120991468306,0.9097430366202187,0.9999593538439688,153.02,7497.98,162.02,0.02,0.11153253070081293,0.02865167124959426,0.9716671195841595,0.9947954044633254,4.769133290168702,0.6663863696844494,0.9999593538439688,153.02,7497.98,162.02,0.20454545454545456,0.98,0.02,0.0
NON FIBROTIC ILA ADJUDICATED,23,274685219,zebra,0.3409090909090909,0.03773116210776806,0.9465172189733594,0.9960260090668961,,,0.9985458711010625,382.55,7268.45,397.55,0.05,0.48860858782061756,0.0613137656218012,0.951996828474854,0.9969288391848439,,,0.9985458711010625,382.55,7268.45,397.55,0.05,0.21875819519344444,0.023058155375683585,0.9407346283816469,0.9952676144434254,,,0.9985458711010625,382.55,7268.45,397.55,0.3409090909090909,0.95,0.05,0.0
NON FIBROTIC ILA ADJUDICATED,23,274685219,zebra,0.4772727272727273,0.026304536261196186,0.8975828460038987,0.9966709606386877,,,0.9842591289486062,765.1,6885.9,786.1,0.1,0.6206453443937836,0.04024257443508507,0.904888111520823,0.9975991928757562,,,0.9842591289486062,765.1,6885.9,786.1,0.1,0.337549910322511,0.017317178219857263,0.8898992785208043,0.9957523310542337,,,0.9842591289486062,765.1,6885.9,786.1,0.4772727272727273,0.9,0.1,0.0
NON FIBROTIC ILA ADJUDICATED,23,274685219,genomic,0.022727272727272728,0.11595833333333333,0.993417673814165,0.9944056664398981,,,0.3846650569068359,7.651,7643.349,8.651,0.001,0.11807709698213287,0.4041500267952385,0.9944603401465907,0.9949512488896392,,,0.3846650569068359,7.651,7643.349,8.651,0.001,0.004023252060053224,0.017876213095072896,0.992315301617341,0.9942935207249268,,,0.3846650569068359,7.651,7643.349,8.651,0.022727272727272728,0.999,0.001,0.0
NON FIBROTIC ILA ADJUDICATED,23,274685219,genomic,0.045454545454545456,0.04054054054054055,0.9895705003248861,0.9945132071497902,9.092074438719175,0.9593421685172779,0.2151122970878801,38.255,7612.745,40.255,0.005,0.15134998437629657,0.1577201715806299,0.9915193304954686,0.9951255167688607,41.48473976049461,0.9942534034948488,0.2151122970878801,38.255,7612.745,40.255,0.005,0.012555109949594967,0.009859653057032567,0.98754508645246,0.9943146735167134,1.833602534059271,0.8517580439812442,0.2151122970878801,38.255,7612.745,40.255,0.045454545454545456,0.995,0.005,0.0
NON FIBROTIC ILA ADJUDICATED,23,274685219,genomic,0.045454545454545456,0.025475494969165853,0.9845990903183884,0.9944856488775109,,,0.16854410527632258,76.51,7574.49,78.51,0.01,0.15134998437629657,0.08820860478215643,0.9871897323469142,0.9951042243446547,,,0.16854410527632258,76.51,7574.49,78.51,0.01,0.012555109949594967,0.007359259094301859,0.9819368542320039,0.9942823856455415,,,0.16854410527632258,76.51,7574.49,78.51,0.045454545454545456,0.99,0.01,0.0
NON FIBROTIC ILA ADJUDICATED,23,274685219,genomic,0.06818181818181818,0.01922831945124939,0.9747862248213125,0.9945615985167567,,,0.12458286015802897,153.02,7497.98,156.01999999999998,0.02,0.18225044370221527,0.05500190254299949,0.9783264478062368,0.9952382074605395,,,0.12458286015802897,153.02,7497.98,156.01999999999998,0.02,0.023459395907381622,0.006560567837147481,0.9711635175138656,0.9942824265436685,,,0.12458286015802897,153.02,7497.98,156.01999999999998,0.06818181818181818,0.98,0.02,0.0
NON FIBROTIC ILA ADJUDICATED,23,274685219,genomic,0.06818181818181818,0.007781104905457236,0.9449577647823262,0.9943908228129441,,,0.08434208659827949,382.55,7268.45,385.55000000000007,0.05,0.18225044370221527,0.022624251666095514,0.9502450730049112,0.9950980243562342,,,0.08434208659827949,382.55,7268.45,385.55000000000007,0.05,0.023459395907381622,0.0032879449741646163,0.9396179101011287,0.9940915784511686,,,0.08434208659827949,382.55,7268.45,385.55000000000007,0.06818181818181818,0.95,0.05,0.0
NON FIBROTIC ILA ADJUDICATED,23,274685219,genomic,0.09090909090909091,0.0053892215568862286,0.8953736192332684,0.9942245773004146,,,0.057673848739776684,765.1,6885.9,769.0999999999999,0.1,0.21159239166598612,0.013295670723836356,0.9025491472687084,0.9950233187096043,,,0.057673848739776684,765.1,6885.9,769.0999999999999,0.1,0.03592219322731624,0.0032879449741646163,0.8881745716264328,0.993830209100902,,,0.057673848739776684,765.1,6885.9,769.0999999999999,0.09090909090909091,0.9,0.1,0.0
NON FIBROTIC ILA ADJUDICATED,23,274685219,combined,0.022727272727272728,0.125,0.993417673814165,0.9944056664398981,,,0.9309917195318728,7.651,7643.349,8.651,0.001,0.11807709698213287,0.4041500267952385,0.9944603401465907,0.9949512488896392,,,0.9309917195318728,7.651,7643.349,8.651,0.001,0.004023252060053224,0.03292463214669439,0.992315301617341,0.9942935207249268,,,0.9309917195318728,7.651,7643.349,8.651,0.022727272727272728,0.999,0.001,0.0
NON FIBROTIC ILA ADJUDICATED,23,274685219,combined,0.045454545454545456,0.049689024390243905,0.9895705003248861,0.9945132071497902,,,0.8152890475965489,38.255,7612.745,40.255,0.005,0.15134998437629657,0.16410828251954582,0.9915193304954686,0.9951255167688607,,,0.8152890475965489,38.255,7612.745,40.255,0.005,0.012555109949594967,0.01373403827079863,0.98754508645246,0.9943146735167134,,,0.8152890475965489,38.255,7612.745,40.255,0.045454545454545456,0.995,0.005,0.0
NON FIBROTIC ILA ADJUDICATED,23,274685219,combined,0.045454545454545456,0.025475494969165853,0.9845990903183884,0.9944856488775109,,,0.7321684642924259,76.51,7574.49,78.51,0.01,0.15134998437629657,0.08820860478215643,0.9871897323469142,0.9951042243446547,,,0.7321684642924259,76.51,7574.49,78.51,0.01,0.012555109949594967,0.009343008269743743,0.9819368542320039,0.9942823856455415,,,0.7321684642924259,76.51,7574.49,78.51,0.045454545454545456,0.99,0.01,0.0
NON FIBROTIC ILA ADJUDICATED,23,274685219,combined,0.06818181818181818,0.021718177729229585,0.9747862248213125,0.9945615985167567,,,0.6298018555520204,153.02,7497.98,156.01999999999998,0.02,0.18225044370221527,0.05500190254299949,0.9783264478062368,0.9952382074605395,,,0.6298018555520204,153.02,7497.98,156.01999999999998,0.02,0.023459395907381622,0.009343008269743743,0.9711635175138656,0.9942824265436685,,,0.6298018555520204,153.02,7497.98,156.01999999999998,0.06818181818181818,0.98,0.02,0.0
NON FIBROTIC ILA ADJUDICATED,23,274685219,combined,0.1590909090909091,0.01796948124711621,0.9454775828460039,0.9949352880148952,,,0.45872609518461543,382.55,7268.45,389.55,0.05,0.29366205062240613,0.0366219279635252,0.9508821244284964,0.9957630482909241,,,0.45872609518461543,382.55,7268.45,389.55,0.05,0.0792667701220125,0.009258891396386072,0.9399370165943638,0.9944273514872858,,,0.45872609518461543,382.55,7268.45,389.55,0.1590909090909091,0.95,0.05,0.0
NON FIBROTIC ILA ADJUDICATED,23,274685219,combined,0.25,0.014173433374464302,0.8962833008447044,0.9952304556993093,,,0.3204965095296046,765.1,6885.9,776.1,0.1,0.3944056635895915,0.025200226047724456,0.9035944733199934,0.9961728782167161,,,0.3204965095296046,765.1,6885.9,776.1,0.1,0.14574213828964888,0.007932340951759601,0.8888025219295832,0.9945291768071622,,,0.3204965095296046,765.1,6885.9,776.1,0.25,0.9,0.1,0.0
NON FIBROTIC ILA ADJUDICATED,24,309881235,zebra,0.016560606060606064,0.08695652173913046,0.9933824128221789,0.9943715385537285,,,1.0,7.651,7643.349,8.379666666666667,0.001,0.10209274761588977,0.1623025674025895,0.9940618291301879,0.9948597559398247,,,1.0,7.651,7643.349,8.379666666666667,0.001,0.008664580539317589,0.044721188963793686,0.992648953255053,0.9943222410155874,,,1.0,7.651,7643.349,8.379666666666667,0.016560606060606064,0.999,0.001,0.0
NON FIBROTIC ILA ADJUDICATED,24,309881235,zebra,0.08280303030303031,0.08695652173913045,0.9897840589127139,0.9947296875704622,,,1.0,38.255,7612.745,41.89833333333333,0.005,0.18928132304552617,0.16230256740258947,0.9913446198209862,0.9953439163260732,,,1.0,38.255,7612.745,41.89833333333333,0.005,0.043322902696587944,0.044721188963793686,0.9881126186711027,0.994494617888065,,,1.0,38.255,7612.745,41.89833333333333,0.08280303030303031,0.995,0.005,0.0
NON FIBROTIC ILA ADJUDICATED,24,309881235,zebra,0.16560606060606062,0.08695652173913045,0.9852861165258826,0.9951773738413793,16.560606060606062,0.8426665825694504,1.0,76.51,7574.49,83.79666666666667,0.01,0.2982670423325717,0.16230256740258947,0.9879481081844841,0.9959491168088839,36.00310810200029,0.9247383714363853,1.0,76.51,7574.49,83.79666666666667,0.01,0.08664580539317589,0.044721188963793686,0.9824422004411648,0.9947100889786621,7.0093657022084574,0.707283641416274,1.0,76.51,7574.49,83.79666666666667,0.16560606060606062,0.99,0.01,0.0
NON FIBROTIC ILA ADJUDICATED,24,309881235,zebra,0.22727272727272727,0.058520900321543404,0.9756959064327485,0.995485914724714,,,0.9999702877756683,153.02,7497.98,163.01999999999998,0.02,0.3699235806463633,0.10578128650233638,0.9793995625593936,0.9963270226626716,,,0.9999702877756683,153.02,7497.98,163.01999999999998,0.02,0.12841947594917152,0.03169599030465539,0.9717636791151443,0.9948938221796186,,,0.9999702877756683,153.02,7497.98,163.01999999999998,0.22727272727272727,0.98,0.02,0.0
NON FIBROTIC ILA ADJUDICATED,24,309881235,zebra,0.36363636363636365,0.03916449086161879,0.9466471734892787,0.9961625173707532,7.2727395757086954,0.6698564624682478,0.9985851817740341,382.55,7268.45,398.55,0.05,0.5113362312095656,0.06359976528582978,0.9521267851102164,0.9970649294231332,11.27826604089522,0.8066202682937033,0.9985851817740341,382.55,7268.45,398.55,0.05,0.23783529708820186,0.02400202120133843,0.9408437112254895,0.9953826407320701,4.315389503976436,0.5118711275193073,0.9985851817740341,382.55,7268.45,398.55,0.36363636363636365,0.95,0.05,0.0
NON FIBROTIC ILA ADJUDICATED,24,309881235,zebra,0.5454545454545454,0.028223450821684683,0.897972709551657,0.9971039256233443,5.454546292288574,0.5050505060092573,0.984997649760427,765.1,6885.9,789.0999999999999,0.1,0.6829476585777909,0.042557304578732746,0.9052443560723625,0.9979926916577333,7.3060325519043445,0.6710944202262671,0.984997649760427,765.1,6885.9,789.0999999999999,0.1,0.40066183198961974,0.018661098949517976,0.8902601524068801,0.9961554526074535,3.7471572776223914,0.3497455955866281,0.984997649760427,765.1,6885.9,789.0999999999999,0.5454545454545454,0.9,0.1,0.0
NON FIBROTIC ILA ADJUDICATED,24,309881235,genomic,0.0032808747855917666,0.018518518518518517,0.993306479336006,0.9942950604071027,,,1.0,7.651,7643.349,7.795358490566038,0.001,0.08574968309157807,0.09771437488781932,0.9940115611330969,0.9947658972191952,,,1.0,7.651,7643.349,7.795358490566038,0.001,0.0005807905945559853,0.004104511418921121,0.9925595485300336,0.9942753965339357,,,1.0,7.651,7643.349,7.795358490566038,0.0032808747855917666,0.999,0.001,0.0
NON FIBROTIC ILA ADJUDICATED,24,309881235,genomic,0.016404373927958835,0.018518518518518517,0.9894043914818493,0.994347296837333,,,1.0,38.255,7612.745,38.97679245283019,0.005,0.10756600042396774,0.09771437488781931,0.9910932798355312,0.9948746227229256,,,1.0,38.255,7612.745,38.97679245283019,0.005,0.0029039529727799265,0.004104511418921121,0.9876655950460058,0.9942603954798068,,,1.0,38.255,7612.745,38.97679245283019,0.016404373927958835,0.995,0.005,0.0
NON FIBROTIC ILA ADJUDICATED,24,309881235,genomic,0.022727272727272728,0.012902097902097901,0.9844691358024691,0.9943550959456217,,,0.9999999999711185,76.51,7574.49,77.51,0.01,0.11807709698213287,0.0695267453906159,0.986999478020034,0.9949132528306948,,,0.9999999999711185,76.51,7574.49,77.51,0.01,0.004023252060053224,0.004104511418921121,0.9818880690796791,0.9942332684121061,,,0.9999999999711185,76.51,7574.49,77.51,0.022727272727272728,0.99,0.01,0.0
NON FIBROTIC ILA ADJUDICATED,24,309881235,genomic,0.022727272727272728,0.006492668621700883,0.9745263157894737,0.994297823357863,,,0.002972316744554881,153.02,7497.98,154.01999999999998,0.02,0.11807709698213287,0.03585669737735901,0.9779595046930875,0.9948664414991208,,,0.002972316744554881,153.02,7497.98,154.01999999999998,0.02,0.004023252060053224,0.004104511418921121,0.9710523816686049,0.9941692928682048,,,0.002972316744554881,153.02,7497.98,154.01999999999998,0.022727272727272728,0.98,0.02,0.0
NON FIBROTIC ILA ADJUDICATED,24,309881235,genomic,0.045454545454545456,0.006404046195745501,0.9448278102664067,0.994254799609531,,,2.7923947904840084e-19,382.55,7268.45,384.55,0.05,0.15134998437629657,0.018762175969295063,0.9500683842186421,0.9949137346009742,,,2.7923947904840084e-19,382.55,7268.45,384.55,0.05,0.012555109949594967,0.004104511418921121,0.9395555594081928,0.9940259977368513,,,2.7923947904840084e-19,382.55,7268.45,384.55,0.045454545454545456,0.95,0.05,0.0
NON FIBROTIC ILA ADJUDICATED,24,309881235,genomic,0.11363636363636363,0.006404046195745498,0.8955035737491879,0.9943681497100025,,,4.608538187060628e-32,765.1,6885.9,770.1,0.1,0.23979152416608285,0.015108004106291557,0.9027103898716978,0.9952004663375944,,,4.608538187060628e-32,765.1,6885.9,770.1,0.1,0.04952780601092492,0.004104511418921121,0.8882523685026483,0.9939167510110996,,,4.608538187060628e-32,765.1,6885.9,770.1,0.11363636363636363,0.9,0.1,0.0
NON FIBROTIC ILA ADJUDICATED,24,309881235,combined,0.022727272727272728,0.11874038461538464,0.993417673814165,0.9944056664398981,,,0.41345353131216733,7.651,7643.349,8.651,0.001,0.11807709698213287,0.4041500267952385,0.9944603401465907,0.9949512488896392,,,0.41345353131216733,7.651,7643.349,8.651,0.001,0.004023252060053224,0.029507772702639854,0.992315301617341,0.9942935207249268,,,0.41345353131216733,7.651,7643.349,8.651,0.022727272727272728,0.999,0.001,0.0
NON FIBROTIC ILA ADJUDICATED,24,309881235,combined,0.045454545454545456,0.049689024390243905,0.9895705003248861,0.9945132071497902,,,0.350497381182209,38.255,7612.745,40.255,0.005,0.15134998437629657,0.16410828251954582,0.9915193304954686,0.9951255167688607,,,0.350497381182209,38.255,7612.745,40.255,0.005,0.012555109949594967,0.01373403827079863,0.98754508645246,0.9943146735167134,,,0.350497381182209,38.255,7612.745,40.255,0.045454545454545456,0.995,0.005,0.0
NON FIBROTIC ILA ADJUDICATED,24,309881235,combined,0.045454545454545456,0.025475494969165853,0.9845990903183884,0.9944856488775109,,,0.32486543346955016,76.51,7574.49,78.51,0.01,0.15134998437629657,0.08820860478215643,0.9871897323469142,0.9951042243446547,,,0.32486543346955016,76.51,7574.49,78.51,0.01,0.012555109949594967,0.010391307211352318,0.9819368542320039,0.9942823856455415,,,0.32486543346955016,76.51,7574.49,78.51,0.045454545454545456,0.99,0.01,0.0
NON FIBROTIC ILA ADJUDICATED,24,309881235,combined,0.045454545454545456,0.018171812901253442,0.974656270305393,0.9944296934455421,,,0.2940050064701003,153.02,7497.98,155.02,0.02,0.15134998437629657,0.04597274416752124,0.9781497590199677,0.9950591617211418,,,0.2940050064701003,153.02,7497.98,155.02,0.02,0.012555109949594967,0.010391307211352318,0.9711011668209297,0.9942189518349465,,,0.2940050064701003,153.02,7497.98,155.02,0.045454545454545456,0.98,0.02,0.0
NON FIBROTIC ILA ADJUDICATED,24,309881235,combined,0.1590909090909091,0.018171812901253442,0.9454775828460039,0.9949352880148952,,,0.23498757650706958,382.55,7268.45,389.55,0.05,0.29366205062240613,0.03750969454742443,0.9508821244284964,0.9957630482909241,,,0.23498757650706958,382.55,7268.45,389.55,0.05,0.0792667701220125,0.010391307211352315,0.9399370165943638,0.9944273514872858,,,0.23498757650706958,382.55,7268.45,389.55,0.1590909090909091,0.95,0.05,0.0
NON FIBROTIC ILA ADJUDICATED,24,309881235,combined,0.29545454545454547,0.017526553336396317,0.8965432098765432,0.9955182234731856,,,0.18170933897707395,765.1,6885.9,778.1,0.1,0.44220200126160236,0.028606062961095614,0.9038677727166885,0.9964738674853821,,,0.18170933897707395,765.1,6885.9,778.1,0.1,0.1815552911850489,0.010391307211352315,0.8890073014912984,0.9947573283443409,,,0.18170933897707395,765.1,6885.9,778.1,0.29545454545454547,0.9,0.1,0.0
NON FIBROTIC ILA ADJUDICATED,25,2000420064,zebra,0.013549586776859503,0.07228915662650603,0.9933651958178273,0.9943541274744352,,,1.0,7.651,7643.349,8.247181818181819,0.001,0.09885662438686743,0.14886786091773183,0.9940509279832228,0.9948410762807874,,,1.0,7.651,7643.349,8.247181818181819,0.001,0.0063622084234805166,0.03355029552299279,0.9926281852928337,0.9943088851690823,,,1.0,7.651,7643.349,8.247181818181819,0.013549586776859503,0.999,0.001,0.0
NON FIBROTIC ILA ADJUDICATED,25,2000420064,zebra,0.06774793388429752,0.07228915662650603,0.9896979738909563,0.9946426321739954,,,1.0,38.255,7612.745,41.23590909090909,0.005,0.17310070690041449,0.14886786091773183,0.9912901140861605,0.9952505180308869,,,1.0,38.255,7612.745,41.23590909090909,0.005,0.031811042117402585,0.03355029552299279,0.9880087788600064,0.9944278386555397,,,1.0,38.255,7612.745,41.23590909090909,0.06774793388429752,0.995,0.005,0.0
NON FIBROTIC ILA ADJUDICATED,25,2000420064,zebra,0.13549586776859504,0.07228915662650601,0.9851139464823675,0.9950032630484456,13.549586776859503,0.8732282962374545,1.0,76.51,7574.49,82.47181818181818,0.01,0.2659058100423483,0.14886786091773183,0.9878390967148328,0.9957623202185114,33.136455055686675,0.9482100752842322,1.0,76.51,7574.49,82.47181818181818,0.01,0.06362208423480517,0.03355029552299279,0.9822345208189722,0.9945765305136115,5.098146563159067,0.7400118386510475,1.0,76.51,7574.49,82.47181818181818,0.13549586776859504,0.99,0.01,0.0
NON FIBROTIC ILA ADJUDICATED,25,2000420064,zebra,0.1590909090909091,0.041935483870967745,0.9753060428849902,0.9950895689155412,7.954552071517312,0.8580705012268331,0.9999605384066659,153.02,7497.98,160.02,0.02,0.29366205062240613,0.08607651872259901,0.978963499229822,0.9958842921860509,17.177844026529392,0.9427814449155417,0.9999605384066659,153.02,7497.98,160.02,0.02,0.0792667701220125,0.01995187497654718,0.9714826240071007,0.9946074126000262,3.3894487089790766,0.7186231083003813,0.9999605384066659,153.02,7497.98,160.02,0.1590909090909091,0.98,0.02,0.0
NON FIBROTIC ILA ADJUDICATED,25,2000420064,zebra,0.2727272727272727,0.029593094944512958,0.946127355425601,0.9956167085387065,,,0.9985458711010625,382.55,7268.45,394.55,0.05,0.418488730924512,0.051473412067498815,0.9515958832242459,0.9965092044174897,,,0.9985458711010625,382.55,7268.45,394.55,0.05,0.16346381623843378,0.017039670408574254,0.9404184551946396,0.9949343645174793,,,0.9985458711010625,382.55,7268.45,394.55,0.2727272727272727,0.95,0.05,0.0
NON FIBROTIC ILA ADJUDICATED,25,2000420064,zebra,0.4318181818181818,0.02289291557663199,0.8973229369720598,0.9963825261475183,4.318182481395121,0.6313131325115714,0.9849692224718138,765.1,6885.9,784.0999999999999,0.1,0.5777585300637057,0.0357844641620959,0.9046428847722171,0.9973285018417101,6.180741049140053,0.787360700265522,0.9849692224718138,765.1,6885.9,784.0999999999999,0.1,0.2968272340851781,0.014465595190119838,0.8896664263110001,0.995492391868047,2.776052624916906,0.4657814344527595,0.9849692224718138,765.1,6885.9,784.0999999999999,0.4318181818181818,0.9,0.1,0.0
NON FIBROTIC ILA ADJUDICATED,25,2000420064,genomic,0.0,0.0062694902834755,0.9932877192982456,0.9942763103159286,,,0.6564988648257076,7.651,7643.349,7.651000000000001,0.001,0.08029560375848066,0.2775327998628892,0.9942443056174366,0.9947360993912391,,,0.6564988648257076,7.651,7643.349,7.651000000000001,0.001,0.0,0.004234620851316154,0.99229229666729,0.9942706014494015,,,0.6564988648257076,7.651,7643.349,7.651000000000001,0.0,0.999,0.001,0.0
NON FIBROTIC ILA ADJUDICATED,25,2000420064,genomic,0.0,0.0062694902834755,0.9893105912930473,0.9942534327390308,,,0.5669139872999197,38.255,7612.745,38.255,0.005,0.08029560375848066,0.09126339952349076,0.9911130416394343,0.9947195490808696,,,0.5669139872999197,38.255,7612.745,38.255,0.005,0.0,0.004234620851316154,0.9874732963500841,0.9942428022137036,,,0.5669139872999197,38.255,7612.745,38.255,0.0,0.995,0.005,0.0
NON FIBROTIC ILA ADJUDICATED,25,2000420064,genomic,0.0,0.0062694902834755,0.9843391812865496,0.9942245772863857,,,0.5260765660421294,76.51,7574.49,76.51,0.01,0.08029560375848066,0.04781005357595867,0.9867834434908799,0.9946964927839533,,,0.5260765660421294,76.51,7574.49,76.51,0.01,0.0,0.004234620851316154,0.981865064129628,0.9942101085507631,,,0.5260765660421294,76.51,7574.49,76.51,0.0,0.99,0.01,0.0
NON FIBROTIC ILA ADJUDICATED,25,2000420064,genomic,0.0,0.006269490283475499,0.9743963612735542,0.994165988239804,,,0.4647408623961919,153.02,7497.98,153.02,0.02,0.08029560375848066,0.02448952018521323,0.9777434701639334,0.9946476974261346,,,0.4647408623961919,153.02,7497.98,153.02,0.02,0.0,0.004234620851316154,0.9710293767185538,0.9941458775865163,,,0.4647408623961919,153.02,7497.98,153.02,0.0,0.98,0.02,0.0
NON FIBROTIC ILA ADJUDICATED,25,2000420064,genomic,0.0,0.006269490283475499,0.9445679012345679,0.993982864812251,,,0.37603619223428275,382.55,7268.45,382.55,0.05,0.08029560375848066,0.010988427784820773,0.9496620953626078,0.9944902264517027,,,0.37603619223428275,382.55,7268.45,382.55,0.05,0.0,0.004234620851316154,0.9394837693058169,0.9939504993290826,,,0.37603619223428275,382.55,7268.45,382.55,0.0,0.95,0.05,0.0
NON FIBROTIC ILA ADJUDICATED,25,2000420064,genomic,0.06818181818181818,0.006269490283475499,0.895243664717349,0.9940810463444091,,,0.2983991940967058,765.1,6885.9,768.1,0.1,0.18225044370221527,0.01098842778482077,0.9023813700483827,0.9948390588257807,,,0.2983991940967058,765.1,6885.9,768.1,0.1,0.023459395907381622,0.004234620851316154,0.8881033093675533,0.9937509495788744,,,0.2983991940967058,765.1,6885.9,768.1,0.06818181818181818,0.9,0.1,0.0
NON FIBROTIC ILA ADJUDICATED,25,2000420064,combined,0.0,0.02402424600827913,0.9932877192982456,0.9942763103159286,,,0.5243713412919799,7.651,7643.349,7.651000000000001,0.001,0.08029560375848066,0.2775327998628892,0.9942443056174366,0.9947360993912391,,,0.5243713412919799,7.651,7643.349,7.651000000000001,0.001,0.0,0.011104627670288388,0.99229229666729,0.9942706014494015,,,0.5243713412919799,7.651,7643.349,7.651000000000001,0.0,0.999,0.001,0.0
NON FIBROTIC ILA ADJUDICATED,25,2000420064,combined,0.022727272727272728,0.02402424600827913,0.9894405458089668,0.9943833029784318,,,0.4509296735226508,38.255,7612.745,39.255,0.005,0.11807709698213287,0.131045867622242,0.9913290761685883,0.9949353715899738,,,0.4509296735226508,38.255,7612.745,39.255,0.005,0.004023252060053224,0.011104627670288388,0.9874963013001351,0.9942658320529868,,,0.4509296735226508,38.255,7612.745,39.255,0.022727272727272728,0.995,0.005,0.0
NON FIBROTIC ILA ADJUDICATED,25,2000420064,combined,0.045454545454545456,0.02402424600827913,0.9845990903183884,0.9944856488775109,,,0.39985592490042654,76.51,7574.49,78.51,0.01,0.15134998437629657,0.07992194259571302,0.9871897323469142,0.9951042243446547,,,0.39985592490042654,76.51,7574.49,78.51,0.01,0.012555109949594967,0.011104627670288388,0.9819368542320039,0.9942823856455415,,,0.39985592490042654,76.51,7574.49,78.51,0.045454545454545456,0.99,0.01,0.0
NON FIBROTIC ILA ADJUDICATED,25,2000420064,combined,0.09090909090909091,0.024024246008279123,0.974916179337232,0.9946935385854301,,,0.3345771777179103,153.02,7497.98,157.02,0.02,0.21159239166598612,0.06366270736697384,0.9784942250265625,0.995408282408082,,,0.3345771777179103,153.02,7497.98,157.02,0.02,0.03592219322731624,0.011104627670288388,0.9712347797727451,0.994354983396024,,,0.3345771777179103,153.02,7497.98,157.02,0.09090909090909091,0.98,0.02,0.0
NON FIBROTIC ILA ADJUDICATED,25,2000420064,combined,0.20454545454545456,0.021978021978021976,0.9457374918778427,0.9952077442629992,,,0.2366646551842928,382.55,7268.45,391.55,0.05,0.34500578061101655,0.04310117997071432,0.9511757078098478,0.9960698220247172,,,0.2366646551842928,382.55,7268.45,391.55,0.05,0.11153253070081293,0.011104627670288388,0.9401215121714226,0.9946215865461141,,,0.2366646551842928,382.55,7268.45,391.55,0.20454545454545456,0.95,0.05,0.0
NON FIBROTIC ILA ADJUDICATED,25,2000420064,combined,0.3409090909090909,0.01922830690436324,0.896803118908382,0.9958061577094983,,,0.15235083786641923,765.1,6885.9,780.1,0.1,0.48860858782061756,0.03148168680991465,0.9041331255183255,0.9967662791141562,,,0.15235083786641923,765.1,6885.9,780.1,0.1,0.21875819519344444,0.011104627670288388,0.8892200276480715,0.9949944443176184,,,0.15235083786641923,765.1,6885.9,780.1,0.3409090909090909,0.9,0.1,0.0
NON FIBROTIC ILA ADJUDICATED,26,664200078,zebra,0.015215056818181819,0.08045977011494254,0.9933747189733593,0.994363742375549,,,1.0,7.651,7643.349,8.3204625,0.001,0.10070143732042933,0.15688188990922064,0.9940581059366388,0.9948517095734944,,,1.0,7.651,7643.349,8.3204625,0.001,0.00758087572754397,0.03952027108986881,0.9926385243154353,0.994315942737242,,,1.0,7.651,7643.349,8.3204625,0.015215056818181819,0.999,0.001,0.0
NON FIBROTIC ILA ADJUDICATED,26,664200078,zebra,0.07607528409090909,0.08045977011494254,0.9897455896686159,0.9946907066795647,,,1.0,38.255,7612.745,41.6023125,0.005,0.18232477156822402,0.15688188990922064,0.9913260038532404,0.9953036844944221,,,1.0,38.255,7612.745,41.6023125,0.005,0.03790437863771985,0.0395202710898688,0.9880604739730147,0.9944631264963378,,,1.0,38.255,7612.745,41.6023125,0.07607528409090909,0.995,0.005,0.0
NON FIBROTIC ILA ADJUDICATED,26,664200078,zebra,0.15215056818181819,0.08045977011494254,0.9852091780376868,0.9950994120595844,15.215056818181818,0.856347378528716,1.0,76.51,7574.49,83.204625,0.01,0.2843539393779674,0.15688188990922064,0.9879108762489925,0.9958686531455815,34.918472548551556,0.9358055925006079,1.0,76.51,7574.49,83.204625,0.01,0.0758087572754397,0.0395202710898688,0.9823379110449889,0.9946471061952077,6.10039813857203,0.7213753555238502,1.0,76.51,7574.49,83.204625,0.15215056818181819,0.99,0.01,0.0
NON FIBROTIC ILA ADJUDICATED,26,664200078,zebra,0.1590909090909091,0.04602911690349579,0.9753060428849902,0.9950895689155412,,,0.9999672175827153,153.02,7497.98,160.02,0.02,0.29366205062240613,0.08938485925359985,0.978963499229822,0.9958842921860509,,,0.9999672175827153,153.02,7497.98,160.02,0.02,0.0792667701220125,0.024030688174236477,0.9714826240071007,0.9946074126000262,,,0.9999672175827153,153.02,7497.98,160.02,0.1590909090909091,0.98,0.02,0.0
NON FIBROTIC ILA ADJUDICATED,26,664200078,zebra,0.29545454545454547,0.03333333333333333,0.9462573099415205,0.9957531046662425,,,0.9984475800255113,382.55,7268.45,395.55000000000007,0.05,0.44220200126160236,0.0556594047975595,0.951731475673217,0.9966510777844251,,,0.9984475800255113,382.55,7268.45,395.55000000000007,0.05,0.1815552911850489,0.01979737631182281,0.9405219022248738,0.9950433742293421,,,0.9984475800255113,382.55,7268.45,395.55000000000007,0.29545454545454547,0.95,0.05,0.0
NON FIBROTIC ILA ADJUDICATED,26,664200078,zebra,0.5,0.026346531926412054,0.897712800519818,0.9968152405157142,,,0.9844446993452151,765.1,6885.9,787.0999999999999,0.1,0.641682394600106,0.04037371339530623,0.9050084013465642,0.9977320272914161,,,0.9844446993452151,765.1,6885.9,787.0999999999999,0.1,0.35831760539989393,0.017263775625506576,0.8900180281742682,0.9958849467611519,,,0.9844446993452151,765.1,6885.9,787.0999999999999,0.5,0.9,0.1,0.0
NON FIBROTIC ILA ADJUDICATED,26,664200078,genomic,0.0002691739375175908,0.004167518726379013,0.9932892584344705,0.9942774649095337,,,1.0,7.651,7643.349,7.662843653250774,0.001,0.08074307466351806,0.010851596753967897,0.9938203395396082,0.9947362056135125,,,1.0,7.651,7643.349,7.662843653250774,0.001,4.765000233973254e-05,0.0017021233439867393,0.9927190938458235,0.9942727514899454,,,1.0,7.651,7643.349,7.662843653250774,0.0002691739375175908,0.999,0.001,0.0
NON FIBROTIC ILA ADJUDICATED,26,664200078,genomic,0.001345869687587954,0.004167518726379013,0.989318286974172,0.9942593193494882,,,1.0,38.255,7612.745,38.31421826625387,0.005,0.08253295828366768,0.010851596753967897,0.990137171868088,0.9947261646945122,,,1.0,38.255,7612.745,38.31421826625387,0.005,0.0002382500116986627,0.0017021233439867393,0.9884633216249551,0.9942471702598554,,,1.0,38.255,7612.745,38.31421826625387,0.001345869687587954,0.995,0.005,0.0
NON FIBROTIC ILA ADJUDICATED,26,664200078,genomic,0.002691739375175908,0.004167518726379013,0.9843545726487989,0.9942366373994312,,,1.0,76.51,7574.49,76.62843653250773,0.01,0.0847703128088547,0.010851596753967897,0.9855332122786878,0.9947136135457619,,,1.0,76.51,7574.49,76.62843653250773,0.01,0.0004765000233973254,0.0017021233439867393,0.9831436063488698,0.9942151937222429,,,1.0,76.51,7574.49,76.62843653250773,0.002691739375175908,0.99,0.01,0.0
NON FIBROTIC ILA ADJUDICATED,26,664200078,genomic,0.005383478750351816,0.004167518726379013,0.9744271439980526,0.9941912734993172,,,1.0,153.02,7497.98,153.25687306501547,0.02,0.08924502185922874,0.010851596753967897,0.9763252930998874,0.9946885112482612,,,1.0,153.02,7497.98,153.25687306501547,0.02,0.0009530000467946508,0.0017021233439867393,0.9725041757966989,0.9941512406470177,,,1.0,153.02,7497.98,153.25687306501547,0.005383478750351816,0.98,0.02,0.0
NON FIBROTIC ILA ADJUDICATED,26,664200078,genomic,0.01345869687587954,0.004167518726379013,0.944644858045814,0.9940551817989755,,,1.0,382.55,7268.45,383.14218266253874,0.05,0.10266914901035087,0.010851596753967897,0.9487015355634858,0.9946132043557592,,,1.0,382.55,7268.45,383.14218266253874,0.05,0.002382500116986627,0.0017021233439867393,0.9405858841401865,0.9939593814213422,,,1.0,382.55,7268.45,383.14218266253874,0.01345869687587954,0.95,0.05,0.0
NON FIBROTIC ILA ADJUDICATED,26,664200078,genomic,0.045454545454545456,0.004167518726379013,0.8951137102014295,0.9939375568240353,,,2.0388413396728455e-75,765.1,6885.9,767.0999999999999,0.1,0.15134998437629657,0.010851596753967897,0.9022046812621136,0.9946450856536474,,,2.0388413396728455e-75,765.1,6885.9,767.0999999999999,0.1,0.012555109949594967,0.001702123343986738,0.8880409586746174,0.9936816120741501,,,2.0388413396728455e-75,765.1,6885.9,767.0999999999999,0.045454545454545456,0.9,0.1,0.0
NON FIBROTIC ILA ADJUDICATED,26,664200078,combined,0.022727272727272728,0.11595833333333333,0.993417673814165,0.9944056664398981,,,0.32138666879316236,7.651,7643.349,8.651,0.001,0.11807709698213287,0.4041500267952385,0.9944603401465907,0.9949512488896392,,,0.32138666879316236,7.651,7643.349,8.651,0.001,0.004023252060053224,0.03159961720690702,0.992315301617341,0.9942935207249268,,,0.32138666879316236,7.651,7643.349,8.651,0.022727272727272728,0.999,0.001,0.0
NON FIBROTIC ILA ADJUDICATED,26,664200078,combined,0.09090909090909091,0.09147095179233623,0.9898304093567251,0.9947731173415862,18.18414887743835,0.9136592081116933,0.25908293143583455,38.255,7612.745,42.255,0.005,0.21159239166598612,0.2194719325590507,0.9918637965020634,0.9954699701392101,57.99706778786303,0.9707252022628429,0.25908293143583455,38.255,7612.745,42.255,0.005,0.03592219322731624,0.03159961720690702,0.9876786994042753,0.9944484652656249,5.246232394221186,0.7912950096878005,0.25908293143583455,38.255,7612.745,42.255,0.09090909090909091,0.995,0.005,0.0
NON FIBROTIC ILA ADJUDICATED,26,664200078,combined,0.09090909090909091,0.049685185185185186,0.9848589993502274,0.9947468576132606,,,0.2229609044885065,76.51,7574.49,80.51,0.01,0.21159239166598612,0.12089832757820358,0.987534198353509,0.9954501754561864,,,0.2229609044885065,76.51,7574.49,80.51,0.01,0.03592219322731624,0.02338158375526675,0.9820704671838193,0.9944169329526151,,,0.2229609044885065,76.51,7574.49,80.51,0.09090909090909091,0.99,0.01,0.0
NON FIBROTIC ILA ADJUDICATED,26,664200078,combined,0.20454545454545456,0.04814814814814815,0.975565951916829,0.9953537643784943,,,0.1800396890656126,153.02,7497.98,162.02,0.02,0.34500578061101655,0.098072125095194,0.9792570826111734,0.9961823209908718,,,0.1800396890656126,153.02,7497.98,162.02,0.02,0.11153253070081293,0.023381583755266746,0.9716671195841595,0.9947954044633254,,,0.1800396890656126,153.02,7497.98,162.02,0.20454545454545456,0.98,0.02,0.0
NON FIBROTIC ILA ADJUDICATED,26,664200078,combined,0.25,0.02811735941320294,0.9459974009096817,0.9954803497725517,,,0.12212098365206812,382.55,7268.45,393.55,0.05,0.3944056635895915,0.04935023630916243,0.951458176276522,0.9963651599390527,,,0.12212098365206812,382.55,7268.45,393.55,0.05,0.14574213828964888,0.01651285873776478,0.9403171226631586,0.994827606162621,,,0.12212098365206812,382.55,7268.45,393.55,0.25,0.95,0.05,0.0
NON FIBROTIC ILA ADJUDICATED,26,664200078,combined,0.36363636363636365,0.020483935933667576,0.8969330734243015,0.9959501872962114,,,0.06573384232022922,765.1,6885.9,781.1,0.1,0.5113362312095656,0.033014023957206595,0.9042630821536879,0.996909550434762,,,0.06573384232022922,765.1,6885.9,781.1,0.1,0.23783529708820186,0.012647297212729705,0.8893291104919141,0.9951160777506557,,,0.06573384232022922,765.1,6885.9,781.1,0.36363636363636365,0.9,0.1,0.0
NON FIBROTIC ILA ADJUDICATED,27,1076202781,zebra,0.020457219251336898,0.10526315789473686,0.9934046936513397,0.9943937249335477,,,1.0,7.651,7643.349,8.551117647058826,0.001,0.10722148734704484,0.19419946322320514,0.9941100605529299,0.9948890614321872,,,1.0,7.651,7643.349,8.551117647058826,0.001,0.010703305372098198,0.054311261828219104,0.9926417053853731,0.9943337592864513,,,1.0,7.651,7643.349,8.551117647058826,0.020457219251336898,0.999,0.001,0.0
NON FIBROTIC ILA ADJUDICATED,27,1076202781,zebra,0.1022860962566845,0.10526315789473686,0.9898954630585177,0.994840619469558,,,1.0,38.255,7612.745,42.75558823529413,0.005,0.21492502170130157,0.19419946322320508,0.9915857769346963,0.9954904437878858,,,1.0,38.255,7612.745,42.75558823529413,0.005,0.05351652686049099,0.0543112618282191,0.9880763793227034,0.9945522092423847,,,1.0,38.255,7612.745,42.75558823529413,0.1022860962566845,0.995,0.005,0.0
NON FIBROTIC ILA ADJUDICATED,27,1076202781,zebra,0.18181818181818182,0.09466666666666668,0.9853788174139051,0.9952696869511259,,,0.9999996855476488,76.51,7574.49,84.51,0.01,0.3196055088718468,0.17582887945545064,0.9881518172173241,0.9960710597364217,,,0.9999996855476488,76.51,7574.49,84.51,0.01,0.09512805715627728,0.0487525191147151,0.9824090062368245,0.9947580024821708,,,0.9999996855476488,76.51,7574.49,84.51,0.18181818181818182,0.99,0.01,0.0
NON FIBROTIC ILA ADJUDICATED,27,1076202781,zebra,0.20454545454545456,0.055548738922972046,0.975565951916829,0.9953537643784943,,,0.999961009204427,153.02,7497.98,162.02,0.02,0.34500578061101655,0.10218866120663847,0.9792570826111734,0.9961823209908718,,,0.999961009204427,153.02,7497.98,162.02,0.02,0.11153253070081293,0.02949638755504095,0.9716671195841595,0.9947954044633254,,,0.999961009204427,153.02,7497.98,162.02,0.20454545454545456,0.98,0.02,0.0
NON FIBROTIC ILA ADJUDICATED,27,1076202781,zebra,0.3409090909090909,0.0377208307160804,0.9465172189733594,0.9960260090668961,,,0.9986907684153311,382.55,7268.45,397.55,0.05,0.48860858782061756,0.0613137656218012,0.951996828474854,0.9969288391848439,,,0.9986907684153311,382.55,7268.45,397.55,0.05,0.21875819519344444,0.02282617009398953,0.9407346283816469,0.9952676144434254,,,0.9986907684153311,382.55,7268.45,397.55,0.3409090909090909,0.95,0.05,0.0
NON FIBROTIC ILA ADJUDICATED,27,1076202781,zebra,0.45454545454545453,0.025561097256857856,0.8974528914879792,0.9965267225219984,,,0.9860372491339983,765.1,6885.9,785.1,0.1,0.5993381680103802,0.03901963684241092,0.9047662771139524,0.9974646888496925,,,0.9860372491339983,765.1,6885.9,785.1,0.1,0.31705234142220895,0.01675055548483202,0.8897820734484698,0.9956214749132458,,,0.9860372491339983,765.1,6885.9,785.1,0.45454545454545453,0.9,0.1,0.0
NON FIBROTIC ILA ADJUDICATED,27,1076202781,genomic,0.0,0.005681818181818183,0.9932877192982456,0.9942763103159286,,,0.885735220675112,7.651,7643.349,7.651000000000001,0.001,0.08029560375848066,0.2775327998628892,0.9942443056174366,0.9947360993912391,,,0.885735220675112,7.651,7643.349,7.651000000000001,0.001,0.0,0.003481552298192505,0.99229229666729,0.9942706014494015,,,0.885735220675112,7.651,7643.349,7.651000000000001,0.0,0.999,0.001,0.0
NON FIBROTIC ILA ADJUDICATED,27,1076202781,genomic,0.0,0.005681818181818181,0.9893105912930473,0.9942534327390308,,,0.6275338996654718,38.255,7612.745,38.255,0.005,0.08029560375848066,0.09126339952349076,0.9911130416394343,0.9947195490808696,,,0.6275338996654718,38.255,7612.745,38.255,0.005,0.0,0.003481552298192505,0.9874732963500841,0.9942428022137036,,,0.6275338996654718,38.255,7612.745,38.255,0.0,0.995,0.005,0.0
NON FIBROTIC ILA ADJUDICATED,27,1076202781,genomic,0.0,0.005681818181818181,0.9843391812865496,0.9942245772863857,,,0.47141694706161924,76.51,7574.49,76.51,0.01,0.08029560375848066,0.05172928911850027,0.9867834434908799,0.9946964927839533,,,0.47141694706161924,76.51,7574.49,76.51,0.01,0.0,0.003481552298192505,0.981865064129628,0.9942101085507631,,,0.47141694706161924,76.51,7574.49,76.51,0.0,0.99,0.01,0.0
NON FIBROTIC ILA ADJUDICATED,27,1076202781,genomic,0.022727272727272728,0.005681818181818181,0.9745263157894737,0.994297823357863,,,0.3468039995355671,153.02,7497.98,154.01999999999998,0.02,0.11807709698213287,0.03585669737735901,0.9779595046930875,0.9948664414991208,,,0.3468039995355671,153.02,7497.98,154.01999999999998,0.02,0.004023252060053224,0.003481552298192505,0.9710523816686049,0.9941692928682048,,,0.3468039995355671,153.02,7497.98,154.01999999999998,0.022727272727272728,0.98,0.02,0.0
NON FIBROTIC ILA ADJUDICATED,27,1076202781,genomic,0.022727272727272728,0.005172733511029895,0.9446978557504874,0.9941188136143883,,,0.1880258736475201,382.55,7268.45,383.55,0.05,0.11807709698213287,0.014618593191746732,0.9498781298917619,0.9947153720367156,,,0.1880258736475201,382.55,7268.45,383.55,0.05,0.004023252060053224,0.0034815522981925043,0.9395067742558679,0.9939746913471433,,,0.1880258736475201,382.55,7268.45,383.55,0.022727272727272728,0.95,0.05,0.0
NON FIBROTIC ILA ADJUDICATED,27,1076202781,genomic,0.09090909090909091,0.005172733511029893,0.8953736192332684,0.9942245773004146,,,0.08563519293757244,765.1,6885.9,769.0999999999999,0.1,0.21159239166598612,0.01366993167505135,0.9025491472687084,0.9950233187096043,,,0.08563519293757244,765.1,6885.9,769.0999999999999,0.1,0.03592219322731624,0.0034815522981925043,0.8881745716264328,0.993830209100902,,,0.08563519293757244,765.1,6885.9,769.0999999999999,0.09090909090909091,0.9,0.1,0.0
NON FIBROTIC ILA ADJUDICATED,27,1076202781,combined,0.0,0.02631578947368421,0.9932877192982456,0.9942763103159286,,,0.4384727823571225,7.651,7643.349,7.651000000000001,0.001,0.08029560375848066,0.2775327998628892,0.9942443056174366,0.9947360993912391,,,0.4384727823571225,7.651,7643.349,7.651000000000001,0.001,0.0,0.006901689793615116,0.99229229666729,0.9942706014494015,,,0.4384727823571225,7.651,7643.349,7.651000000000001,0.0,0.999,0.001,0.0
NON FIBROTIC ILA ADJUDICATED,27,1076202781,combined,0.022727272727272728,0.0254775641025641,0.9894405458089668,0.9943833029784318,,,0.21503847719227787,38.255,7612.745,39.255,0.005,0.11807709698213287,0.131045867622242,0.9913290761685883,0.9949353715899738,,,0.21503847719227787,38.255,7612.745,39.255,0.005,0.004023252060053224,0.006901689793615116,0.9874963013001351,0.9942658320529868,,,0.21503847719227787,38.255,7612.745,39.255,0.022727272727272728,0.995,0.005,0.0
NON FIBROTIC ILA ADJUDICATED,27,1076202781,combined,0.045454545454545456,0.020547945205479454,0.9845990903183884,0.9944856488775109,4.545648651587647,0.9641873320234058,0.12972718985987838,76.51,7574.49,78.51,0.01,0.15134998437629657,0.08406984961013582,0.9871897323469142,0.9951042243446547,18.911587246861266,0.999932396626911,0.12972718985987838,76.51,7574.49,78.51,0.01,0.012555109949594967,0.0069016897936151145,0.9819368542320039,0.9942823856455415,1.0053800002721691,0.8554969470282177,0.12972718985987838,76.51,7574.49,78.51,0.045454545454545456,0.99,0.01,0.0
NON FIBROTIC ILA ADJUDICATED,27,1076202781,combined,0.045454545454545456,0.013601059450946706,0.974656270305393,0.9944296934455421,,,0.06481458482305123,153.02,7497.98,155.02,0.02,0.15134998437629657,0.045815162072686155,0.9781497590199677,0.9950591617211418,,,0.06481458482305123,153.02,7497.98,155.02,0.02,0.012555109949594967,0.0069016897936151145,0.9711011668209297,0.9942189518349465,,,0.06481458482305123,153.02,7497.98,155.02,0.045454545454545456,0.98,0.02,0.0
NON FIBROTIC ILA ADJUDICATED,27,1076202781,combined,0.11363636363636363,0.012901582354351473,0.945217673814165,0.994662980905684,,,0.02249038627046245,382.55,7268.45,387.55,0.05,0.23979152416608285,0.029841766031393227,0.9505740928282264,0.9954413802722635,,,0.02249038627046245,382.55,7268.45,387.55,0.05,0.04952780601092492,0.0069016897936151145,0.9397669692362237,0.9942483945373894,,,0.02249038627046245,382.55,7268.45,387.55,0.11363636363636363,0.95,0.05,0.0
NON FIBROTIC ILA ADJUDICATED,27,1076202781,combined,0.20454545454545456,0.011778775580692511,0.8960233918128655,0.9949428542435564,,,0.008986770963679997,765.1,6885.9,774.0999999999999,0.1,0.34500578061101655,0.021315837830645744,0.9033120048533193,0.9958619819189247,,,0.008986770963679997,765.1,6885.9,774.0999999999999,0.1,0.11153253070081293,0.006901689793615113,0.8886069114378472,0.9943113385370789,,,0.008986770963679997,765.1,6885.9,774.0999999999999,0.20454545454545456,0.9,0.1,0.0
NON FIBROTIC ILA ADJUDICATED,28,868139309,zebra,0.014904545454545453,0.07894736842105261,0.9933729434697856,0.9943618414003976,,,1.0,7.650999999999999,7643.349,8.3068,0.001,0.10071272644970611,0.1617274348213807,0.9940701606044905,0.994851689023967,,,1.0,7.650999999999999,7643.349,8.3068,0.001,0.006998429265828568,0.03668400523347175,0.992623203770699,0.9943124652889015,,,1.0,7.650999999999999,7643.349,8.3068,0.014904545454545453,0.999,0.001,0.0
NON FIBROTIC ILA ADJUDICATED,28,868139309,zebra,0.07452272727272727,0.07894736842105261,0.9897367121507472,0.9946812018038076,,,1.0,38.254999999999995,7612.745,41.534000000000006,0.005,0.18238121721460787,0.1617274348213807,0.991386277192499,0.9953035817467849,,,1.0,38.254999999999995,7612.745,41.534000000000006,0.005,0.03499214632914284,0.03668400523347175,0.987983871249333,0.9944457392546353,,,1.0,38.254999999999995,7612.745,41.534000000000006,0.07452272727272727,0.995,0.005,0.0
NON FIBROTIC ILA ADJUDICATED,28,868139309,zebra,0.13636363636363635,0.07272112841610343,0.9851189083820662,0.9950082036017297,13.636945954762938,0.8723599670687956,0.9999998445163589,76.51,7574.49,82.51,0.01,0.2670945304851544,0.14970604373143195,0.9878515595111494,0.995769117824675,33.37417930530376,0.947807001377865,0.9999998445163589,76.51,7574.49,82.51,0.01,0.06402954497555872,0.03375339157248933,0.982231184984589,0.9945788229046242,5.127316622745372,0.738818570773759,0.9999998445163589,76.51,7574.49,82.51,0.13636363636363635,0.99,0.01,0.0
NON FIBROTIC ILA ADJUDICATED,28,868139309,zebra,0.20454545454545456,0.05292635116213946,0.975565951916829,0.9953537643784943,,,0.999960085117463,153.02,7497.98,162.02,0.02,0.34500578061101655,0.1019544227322504,0.9792570826111734,0.9961823209908718,,,0.999960085117463,153.02,7497.98,162.02,0.02,0.11153253070081293,0.028362598618265525,0.9716671195841595,0.9947954044633254,,,0.999960085117463,153.02,7497.98,162.02,0.20454545454545456,0.98,0.02,0.0
NON FIBROTIC ILA ADJUDICATED,28,868139309,zebra,0.38636363636363635,0.0426829268292683,0.9467771280051982,0.9962990630974713,,,0.9984919257068569,382.55,7268.45,399.55,0.05,0.5337642460762172,0.06707642250540226,0.9522550284700777,0.9971992619525367,,,0.9984919257068569,382.55,7268.45,399.55,0.05,0.2572120275052556,0.026997187102144674,0.9409545073448333,0.9954995008658546,,,0.9984919257068569,382.55,7268.45,399.55,0.38636363636363635,0.95,0.05,0.0
NON FIBROTIC ILA ADJUDICATED,28,868139309,zebra,0.5,0.02819548872180451,0.897712800519818,0.9968152405157142,,,0.9859977648965612,765.1,6885.9,787.0999999999999,0.1,0.641682394600106,0.04213330132691245,0.9050084013465642,0.9977320272914161,,,0.9859977648965612,765.1,6885.9,787.0999999999999,0.1,0.35831760539989393,0.018778333566185728,0.8900180281742682,0.9958849467611519,,,0.9859977648965612,765.1,6885.9,787.0999999999999,0.5,0.9,0.1,0.0
NON FIBROTIC ILA ADJUDICATED,28,868139309,genomic,0.0,0.01680672268907563,0.9932877192982456,0.9942763103159286,,,0.5872356925286721,7.651,7643.349,7.651000000000001,0.001,0.08029560375848066,0.2775327998628892,0.9942443056174366,0.9947360993912391,,,0.5872356925286721,7.651,7643.349,7.651000000000001,0.001,0.0,0.005479972391182894,0.99229229666729,0.9942706014494015,,,0.5872356925286721,7.651,7643.349,7.651000000000001,0.0,0.999,0.001,0.0
NON FIBROTIC ILA ADJUDICATED,28,868139309,genomic,0.0,0.01680672268907563,0.9893105912930473,0.9942534327390308,,,0.263377272098035,38.255,7612.745,38.255,0.005,0.08029560375848066,0.09527925229876986,0.9911130416394343,0.9947195490808696,,,0.263377272098035,38.255,7612.745,38.255,0.005,0.0,0.005479972391182894,0.9874732963500841,0.9942428022137036,,,0.263377272098035,38.255,7612.745,38.255,0.0,0.995,0.005,0.0
NON FIBROTIC ILA ADJUDICATED,28,868139309,genomic,0.045454545454545456,0.016806722689075626,0.9845990903183884,0.9944856488775109,4.545648651587647,0.9641873320234058,0.15420370929107105,76.51,7574.49,78.51,0.01,0.15134998437629657,0.08406984961013582,0.9871897323469142,0.9951042243446547,18.911587246861266,0.999932396626911,0.15420370929107105,76.51,7574.49,78.51,0.01,0.012555109949594967,0.005479972391182894,0.9819368542320039,0.9942823856455415,1.0053800002721691,0.8554969470282177,0.15420370929107105,76.51,7574.49,78.51,0.045454545454545456,0.99,0.01,0.0
NON FIBROTIC ILA ADJUDICATED,28,868139309,genomic,0.045454545454545456,0.013675213675213673,0.974656270305393,0.9944296934455421,,,0.08948721739569418,153.02,7497.98,155.02,0.02,0.15134998437629657,0.045815162072686155,0.9781497590199677,0.9950591617211418,,,0.08948721739569418,153.02,7497.98,155.02,0.02,0.012555109949594967,0.005479972391182894,0.9711011668209297,0.9942189518349465,,,0.08948721739569418,153.02,7497.98,155.02,0.045454545454545456,0.98,0.02,0.0
NON FIBROTIC ILA ADJUDICATED,28,868139309,genomic,0.13636363636363635,0.013675213675213673,0.9453476283300845,0.9947991158255824,,,0.03585826855858693,382.55,7268.45,388.55,0.05,0.2670945304851544,0.03327568555648586,0.9507302113828774,0.9956043841470372,,,0.03585826855858693,382.55,7268.45,388.55,0.05,0.06402954497555872,0.005479972391182894,0.9398498901607778,0.9943356520374421,,,0.03585826855858693,382.55,7268.45,388.55,0.13636363636363635,0.95,0.05,0.0
NON FIBROTIC ILA ADJUDICATED,28,868139309,genomic,0.1590909090909091,0.009615384615384616,0.8957634827810267,0.9946554189617804,,,0.014435985994482512,765.1,6885.9,772.0999999999999,0.1,0.29366205062240613,0.01925746478124516,0.9030184214719679,0.9955390576865386,,,0.014435985994482512,765.1,6885.9,772.0999999999999,0.1,0.0792667701220125,0.004854474894600636,0.8884224158607884,0.994105965632576,,,0.014435985994482512,765.1,6885.9,772.0999999999999,0.1590909090909091,0.9,0.1,0.0
NON FIBROTIC ILA ADJUDICATED,28,868139309,combined,0.0,0.035556283794854995,0.9932877192982456,0.9942763103159286,,,0.5931597835830615,7.651,7643.349,7.651000000000001,0.001,0.08029560375848066,0.2775327998628892,0.9942443056174366,0.9947360993912391,,,0.5931597835830615,7.651,7643.349,7.651000000000001,0.001,0.0,0.013305661314664706,0.99229229666729,0.9942706014494015,,,0.5931597835830615,7.651,7643.349,7.651000000000001,0.0,0.999,0.001,0.0
NON FIBROTIC ILA ADJUDICATED,28,868139309,combined,0.0,0.035556283794854995,0.9893105912930473,0.9942534327390308,,,0.5616219037125285,38.255,7612.745,38.255,0.005,0.08029560375848066,0.11848838922523108,0.9911130416394343,0.9947195490808696,,,0.5616219037125285,38.255,7612.745,38.255,0.005,0.0,0.013305661314664704,0.9874732963500841,0.9942428022137036,,,0.5616219037125285,38.255,7612.745,38.255,0.0,0.995,0.005,0.0
NON FIBROTIC ILA ADJUDICATED,28,868139309,combined,0.09090909090909091,0.035556283794854995,0.9848589993502274,0.9947468576132606,9.091297303175294,0.9182736495461006,0.5432206035391175,76.51,7574.49,80.51,0.01,0.21159239166598612,0.11848838922523108,0.987534198353509,0.9954501754561864,26.439037917667825,0.9762698066236555,0.5432206035391175,76.51,7574.49,80.51,0.01,0.03592219322731624,0.013305661314664704,0.9820704671838193,0.9944169329526151,2.8765542302416245,0.7947685023582635,0.5432206035391175,76.51,7574.49,80.51,0.09090909090909091,0.99,0.01,0.0
NON FIBROTIC ILA ADJUDICATED,28,868139309,combined,0.09090909090909091,0.025474481980166094,0.974916179337232,0.9946935385854301,,,0.5131619192867273,153.02,7497.98,157.02,0.02,0.21159239166598612,0.06366270736697384,0.9784942250265625,0.995408282408082,,,0.5131619192867273,153.02,7497.98,157.02,0.02,0.03592219322731624,0.01260628856591424,0.9712347797727451,0.994354983396024,,,0.5131619192867273,153.02,7497.98,157.02,0.09090909090909091,0.98,0.02,0.0
NON FIBROTIC ILA ADJUDICATED,28,868139309,combined,0.22727272727272727,0.02487798773620322,0.9458674463937622,0.9953440283524294,,,0.4436930928434519,382.55,7268.45,392.55,0.05,0.3699235806463633,0.04625137804042027,0.9513181877580681,0.9962187715651094,,,0.4436930928434519,382.55,7268.45,392.55,0.05,0.12841947594917152,0.01260628856591424,0.9402180717024073,0.9947232736850476,,,0.4436930928434519,382.55,7268.45,392.55,0.22727272727272727,0.95,0.05,0.0
NON FIBROTIC ILA ADJUDICATED,28,868139309,combined,0.3181818181818182,0.01833886045597658,0.8966731643924627,0.9956621697745113,,,0.33613703982823123,765.1,6885.9,779.0999999999999,0.1,0.46556896062182235,0.029935309922623683,0.9040013849599438,0.9966210831252975,,,0.33613703982823123,765.1,6885.9,779.0999999999999,0.1,0.19999307710853426,0.011307677489374399,0.8891127287272481,0.9948748290635694,,,0.33613703982823123,765.1,6885.9,779.0999999999999,0.3181818181818182,0.9,0.1,0.0
NON FIBROTIC ILA ADJUDICATED,29,781075413,zebra,0.023184848484848485,0.11764705882352941,0.9934202902317522,0.9944092534044622,,,1.0,7.651,7643.349,8.671133333333334,0.001,0.1108116051588534,0.21534903719791704,0.9941425072785927,0.9949095687702992,,,1.0,7.651,7643.349,8.671133333333334,0.001,0.012130412755044624,0.06083492602331346,0.9926379471468538,0.9943418262953141,,,1.0,7.651,7643.349,8.671133333333334,0.023184848484848485,0.999,0.001,0.0
NON FIBROTIC ILA ADJUDICATED,29,781075413,zebra,0.11592424242424242,0.1176470588235294,0.9899734459605805,0.9949182618241301,,,1.0,38.255,7612.745,43.355666666666664,0.005,0.23287561076034435,0.21534903719791704,0.99174801056301,0.995592980478446,,,1.0,38.255,7612.745,43.355666666666664,0.005,0.06065206377522312,0.060834926023313446,0.9880575881301071,0.9945925442866984,,,1.0,38.255,7612.745,43.355666666666664,0.11592424242424242,0.995,0.005,0.0
NON FIBROTIC ILA ADJUDICATED,29,781075413,zebra,0.18181818181818182,0.09466666666666668,0.9853788174139051,0.9952696869511259,,,0.9999988700047691,76.51,7574.49,84.51,0.01,0.3196055088718468,0.17582887945545064,0.9881518172173241,0.9960710597364217,,,0.9999988700047691,76.51,7574.49,84.51,0.01,0.09512805715627728,0.0487525191147151,0.9824090062368245,0.9947580024821708,,,0.9999988700047691,76.51,7574.49,84.51,0.18181818181818182,0.99,0.01,0.0
NON FIBROTIC ILA ADJUDICATED,29,781075413,zebra,0.22727272727272727,0.06134221158162501,0.9756959064327485,0.995485914724714,,,0.999950315610347,153.02,7497.98,163.01999999999998,0.02,0.3699235806463633,0.10922409771665707,0.9793995625593936,0.9963270226626716,,,0.999950315610347,153.02,7497.98,163.01999999999998,0.02,0.12841947594917152,0.033660426298467286,0.9717636791151443,0.9948938221796186,,,0.999950315610347,153.02,7497.98,163.01999999999998,0.22727272727272727,0.98,0.02,0.0
NON FIBROTIC ILA ADJUDICATED,29,781075413,zebra,0.36363636363636365,0.04014559010591807,0.9466471734892787,0.9961625173707532,,,0.9981292161799437,382.55,7268.45,398.55,0.05,0.5113362312095656,0.06421149817774845,0.9521267851102164,0.9970649294231332,,,0.9981292161799437,382.55,7268.45,398.55,0.05,0.23783529708820186,0.02485976025465936,0.9408437112254895,0.9953826407320701,,,0.9981292161799437,382.55,7268.45,398.55,0.36363636363636365,0.95,0.05,0.0
NON FIBROTIC ILA ADJUDICATED,29,781075413,zebra,0.45454545454545453,0.02517213379161523,0.8974528914879792,0.9965267225219984,,,0.9837937691562461,765.1,6885.9,785.1,0.1,0.5993381680103802,0.038838796300597035,0.9047662771139524,0.9974646888496925,,,0.9837937691562461,765.1,6885.9,785.1,0.1,0.31705234142220895,0.016269885703413447,0.8897820734484698,0.9956214749132458,,,0.9837937691562461,765.1,6885.9,785.1,0.45454545454545453,0.9,0.1,0.0
NON FIBROTIC ILA ADJUDICATED,29,781075413,genomic,0.0,0.005007267155313181,0.9932877192982456,0.9942763103159286,,,0.9999999575135419,7.651,7643.349,7.651000000000001,0.001,0.08029560375848066,0.2775327998628892,0.9942443056174366,0.9947360993912391,,,0.9999999575135419,7.651,7643.349,7.651000000000001,0.001,0.0,0.0033684002291820164,0.99229229666729,0.9942706014494015,,,0.9999999575135419,7.651,7643.349,7.651000000000001,0.0,0.999,0.001,0.0
NON FIBROTIC ILA ADJUDICATED,29,781075413,genomic,0.0,0.005007267155313181,0.9893105912930473,0.9942534327390308,,,0.9999756639868138,38.255,7612.745,38.255,0.005,0.08029560375848066,0.09126339952349076,0.9911130416394343,0.9947195490808696,,,0.9999756639868138,38.255,7612.745,38.255,0.005,0.0,0.0033684002291820164,0.9874732963500841,0.9942428022137036,,,0.9999756639868138,38.255,7612.745,38.255,0.0,0.995,0.005,0.0
NON FIBROTIC ILA ADJUDICATED,29,781075413,genomic,0.0,0.005007267155313181,0.9843391812865496,0.9942245772863857,,,0.8837645993614351,76.51,7574.49,76.51,0.01,0.08029560375848066,0.04781005357595867,0.9867834434908799,0.9946964927839533,,,0.8837645993614351,76.51,7574.49,76.51,0.01,0.0,0.0033684002291820164,0.981865064129628,0.9942101085507631,,,0.8837645993614351,76.51,7574.49,76.51,0.0,0.99,0.01,0.0
NON FIBROTIC ILA ADJUDICATED,29,781075413,genomic,0.0,0.005007267155313181,0.9743963612735542,0.994165988239804,,,0.524095365198065,153.02,7497.98,153.02,0.02,0.08029560375848066,0.02448952018521323,0.9777434701639334,0.9946476974261346,,,0.524095365198065,153.02,7497.98,153.02,0.02,0.0,0.0033684002291820164,0.9710293767185538,0.9941458775865163,,,0.524095365198065,153.02,7497.98,153.02,0.0,0.98,0.02,0.0
NON FIBROTIC ILA ADJUDICATED,29,781075413,genomic,0.0,0.005007267155313181,0.9445679012345679,0.993982864812251,,,0.2581651099923165,382.55,7268.45,382.55,0.05,0.08029560375848066,0.009941899860500853,0.9496620953626078,0.9944902264517027,,,0.2581651099923165,382.55,7268.45,382.55,0.05,0.0,0.0033684002291820164,0.9394837693058169,0.9939504993290826,,,0.2581651099923165,382.55,7268.45,382.55,0.0,0.95,0.05,0.0
NON FIBROTIC ILA ADJUDICATED,29,781075413,genomic,0.06818181818181818,0.00500726715531318,0.895243664717349,0.9940810463444091,,,0.10578296570304184,765.1,6885.9,768.1,0.1,0.18225044370221527,0.009869869713623431,0.9023813700483827,0.9948390588257807,,,0.10578296570304184,765.1,6885.9,768.1,0.1,0.023459395907381622,0.0033684002291820164,0.8881033093675533,0.9937509495788744,,,0.10578296570304184,765.1,6885.9,768.1,0.06818181818181818,0.9,0.1,0.0
NON FIBROTIC ILA ADJUDICATED,29,781075413,combined,0.022727272727272728,0.08333333333333334,0.993417673814165,0.9944056664398981,,,0.8344724121544208,7.651,7643.349,8.651,0.001,0.11807709698213287,0.4041500267952385,0.9944603401465907,0.9949512488896392,,,0.8344724121544208,7.651,7643.349,8.651,0.001,0.004023252060053224,0.017876213095072896,0.992315301617341,0.9942935207249268,,,0.8344724121544208,7.651,7643.349,8.651,0.022727272727272728,0.999,0.001,0.0
NON FIBROTIC ILA ADJUDICATED,29,781075413,combined,0.022727272727272728,0.0254775641025641,0.9894405458089668,0.9943833029784318,,,0.7516111324019253,38.255,7612.745,39.255,0.005,0.11807709698213287,0.131045867622242,0.9913290761685883,0.9949353715899738,,,0.7516111324019253,38.255,7612.745,39.255,0.005,0.004023252060053224,0.01054384335784358,0.9874963013001351,0.9942658320529868,,,0.7516111324019253,38.255,7612.745,39.255,0.022727272727272728,0.995,0.005,0.0
NON FIBROTIC ILA ADJUDICATED,29,781075413,combined,0.045454545454545456,0.02205882352941177,0.9845990903183884,0.9944856488775109,,,0.6907467803757549,76.51,7574.49,78.51,0.01,0.15134998437629657,0.08820860478215643,0.9871897323469142,0.9951042243446547,,,0.6907467803757549,76.51,7574.49,78.51,0.01,0.012555109949594967,0.01054384335784358,0.9819368542320039,0.9942823856455415,,,0.6907467803757549,76.51,7574.49,78.51,0.045454545454545456,0.99,0.01,0.0
NON FIBROTIC ILA ADJUDICATED,29,781075413,combined,0.045454545454545456,0.01905280924439554,0.974656270305393,0.9944296934455421,,,0.605757181051969,153.02,7497.98,155.02,0.02,0.15134998437629657,0.050857577242575246,0.9781497590199677,0.9950591617211418,,,0.605757181051969,153.02,7497.98,155.02,0.02,0.012555109949594967,0.01054384335784358,0.9711011668209297,0.9942189518349465,,,0.605757181051969,153.02,7497.98,155.02,0.045454545454545456,0.98,0.02,0.0
NON FIBROTIC ILA ADJUDICATED,29,781075413,combined,0.1590909090909091,0.01905280924439554,0.9454775828460039,0.9949352880148952,,,0.4536112320339091,382.55,7268.45,389.55,0.05,0.29366205062240613,0.036168951118800446,0.9508821244284964,0.9957630482909241,,,0.4536112320339091,382.55,7268.45,389.55,0.05,0.0792667701220125,0.01054384335784358,0.9399370165943638,0.9944273514872858,,,0.4536112320339091,382.55,7268.45,389.55,0.1590909090909091,0.95,0.05,0.0
NON FIBROTIC ILA ADJUDICATED,29,781075413,combined,0.3181818181818182,0.017539864560798535,0.8966731643924627,0.9956621697745113,,,0.2981900781631819,765.1,6885.9,779.0999999999999,0.1,0.46556896062182235,0.029214699503267702,0.9040013849599438,0.9966210831252975,,,0.2981900781631819,765.1,6885.9,779.0999999999999,0.1,0.19999307710853426,0.010543843357843573,0.8891127287272481,0.9948748290635694,,,0.2981900781631819,765.1,6885.9,779.0999999999999,0.3181818181818182,0.9,0.1,0.0
NON FIBROTIC ILA ADJUDICATED,30,622870453,zebra,0.005433948863636363,0.030303030303030307,0.9933187906107862,0.9943074277255762,,,1.0,7.651,7643.349,7.890093750000001,0.001,0.08878993291640112,0.10392521911709715,0.9940103736218687,0.9947832595247308,,,1.0,7.651,7643.349,7.890093750000001,0.001,0.0015009241597554856,0.013450256879534649,0.9925833815083392,0.9942807853270189,,,1.0,7.651,7643.349,7.890093750000001,0.005433948863636363,0.999,0.001,0.0
NON FIBROTIC ILA ADJUDICATED,30,622870453,zebra,0.027169744318181817,0.030303030303030307,0.9894659478557505,0.9944091334297005,,,1.0,38.255,7612.745,39.450468750000006,0.005,0.12276724954808296,0.10392521911709715,0.9910873422793901,0.9949614342506036,,,1.0,38.255,7612.745,39.450468750000006,0.005,0.007504620798777429,0.013450256879534649,0.9877847599375343,0.9942873394452225,,,1.0,38.255,7612.745,39.450468750000006,0.027169744318181817,0.995,0.005,0.0
NON FIBROTIC ILA ADJUDICATED,30,622870453,zebra,0.045454545454545456,0.025475494969165853,0.9845990903183884,0.9944856488775109,,,0.9999989465143164,76.51,7574.49,78.51,0.01,0.15134998437629657,0.08820860478215643,0.9871897323469142,0.9951042243446547,,,0.9999989465143164,76.51,7574.49,78.51,0.01,0.012555109949594967,0.013450256879534649,0.9819368542320039,0.9942823856455415,,,0.9999989465143164,76.51,7574.49,78.51,0.045454545454545456,0.99,0.01,0.0
NON FIBROTIC ILA ADJUDICATED,30,622870453,zebra,0.09090909090909091,0.023310023310023312,0.974916179337232,0.9946935385854301,,,0.9999553998355598,153.02,7497.98,157.02,0.02,0.21159239166598612,0.06141571663163288,0.9784942250265625,0.995408282408082,,,0.9999553998355598,153.02,7497.98,157.02,0.02,0.03592219322731624,0.013450256879534649,0.9712347797727451,0.994354983396024,,,0.9999553998355598,153.02,7497.98,157.02,0.09090909090909091,0.98,0.02,0.0
NON FIBROTIC ILA ADJUDICATED,30,622870453,zebra,0.20454545454545456,0.023284313725490197,0.9457374918778427,0.9952077442629992,,,0.9985142776238465,382.55,7268.45,391.55,0.05,0.34500578061101655,0.043258936985439776,0.9511757078098478,0.9960698220247172,,,0.9985142776238465,382.55,7268.45,391.55,0.05,0.11153253070081293,0.013450256879534649,0.9401215121714226,0.9946215865461141,,,0.9985142776238465,382.55,7268.45,391.55,0.20454545454545456,0.95,0.05,0.0
NON FIBROTIC ILA ADJUDICATED,30,622870453,zebra,0.38636363636363635,0.02163407242301115,0.897063027940221,0.9960942585527267,,,0.9838019070488727,765.1,6885.9,782.0999999999999,0.1,0.5337642460762172,0.0343308549856952,0.9043913255135492,0.9970509733278783,,,0.9838019070488727,765.1,6885.9,782.0999999999999,0.1,0.2572120275052556,0.013450256879534649,0.8894399066112579,0.9952396520273903,,,0.9838019070488727,765.1,6885.9,782.0999999999999,0.38636363636363635,0.9,0.1,0.0
NON FIBROTIC ILA ADJUDICATED,30,622870453,genomic,0.0,0.0063446798797393705,0.9932877192982456,0.9942763103159286,,,0.9749225593147798,7.651,7643.349,7.651000000000001,0.001,0.08029560375848066,0.2775327998628892,0.9942443056174366,0.9947360993912391,,,0.9749225593147798,7.651,7643.349,7.651000000000001,0.001,0.0,0.004220834111721003,0.99229229666729,0.9942706014494015,,,0.9749225593147798,7.651,7643.349,7.651000000000001,0.0,0.999,0.001,0.0
NON FIBROTIC ILA ADJUDICATED,30,622870453,genomic,0.0,0.0063446798797393705,0.9893105912930473,0.9942534327390308,,,0.5585153168990089,38.255,7612.745,38.255,0.005,0.08029560375848066,0.09126339952349076,0.9911130416394343,0.9947195490808696,,,0.5585153168990089,38.255,7612.745,38.255,0.005,0.0,0.004220834111721003,0.9874732963500841,0.9942428022137036,,,0.5585153168990089,38.255,7612.745,38.255,0.0,0.995,0.005,0.0
NON FIBROTIC ILA ADJUDICATED,30,622870453,genomic,0.0,0.0063446798797393705,0.9843391812865496,0.9942245772863857,,,0.4509551095861258,76.51,7574.49,76.51,0.01,0.08029560375848066,0.04781005357595867,0.9867834434908799,0.9946964927839533,,,0.4509551095861258,76.51,7574.49,76.51,0.01,0.0,0.004220834111721003,0.981865064129628,0.9942101085507631,,,0.4509551095861258,76.51,7574.49,76.51,0.0,0.99,0.01,0.0
NON FIBROTIC ILA ADJUDICATED,30,622870453,genomic,0.0,0.0063446798797393705,0.9743963612735542,0.994165988239804,,,0.37428370382251,153.02,7497.98,153.02,0.02,0.08029560375848066,0.02448952018521323,0.9777434701639334,0.9946476974261346,,,0.37428370382251,153.02,7497.98,153.02,0.02,0.0,0.004220834111721,0.9710293767185538,0.9941458775865163,,,0.37428370382251,153.02,7497.98,153.02,0.0,0.98,0.02,0.0
NON FIBROTIC ILA ADJUDICATED,30,622870453,genomic,0.0,0.0063446798797393705,0.9445679012345679,0.993982864812251,,,0.25990518396928597,382.55,7268.45,382.55,0.05,0.08029560375848066,0.011946147966277762,0.9496620953626078,0.9944902264517027,,,0.25990518396928597,382.55,7268.45,382.55,0.05,0.0,0.004220834111721,0.9394837693058169,0.9939504993290826,,,0.25990518396928597,382.55,7268.45,382.55,0.0,0.95,0.05,0.0
NON FIBROTIC ILA ADJUDICATED,30,622870453,genomic,0.045454545454545456,0.00634467987973937,0.8951137102014295,0.9939375568240353,,,0.13925074723283837,765.1,6885.9,767.0999999999999,0.1,0.15134998437629657,0.01173341838892052,0.9022046812621136,0.9946450856536474,,,0.13925074723283837,765.1,6885.9,767.0999999999999,0.1,0.012555109949594967,0.004220834111721,0.8880409586746174,0.9936816120741501,,,0.13925074723283837,765.1,6885.9,767.0999999999999,0.045454545454545456,0.9,0.1,0.0
NON FIBROTIC ILA ADJUDICATED,30,622870453,combined,0.0,0.01858822057362178,0.9932877192982456,0.9942763103159286,,,0.5849718215964814,7.651,7643.349,7.651000000000001,0.001,0.08029560375848066,0.2775327998628892,0.9942443056174366,0.9947360993912391,,,0.5849718215964814,7.651,7643.349,7.651000000000001,0.001,0.0,0.011307123407903803,0.99229229666729,0.9942706014494015,,,0.5849718215964814,7.651,7643.349,7.651000000000001,0.0,0.999,0.001,0.0
NON FIBROTIC ILA ADJUDICATED,30,622870453,combined,0.0,0.01858822057362178,0.9893105912930473,0.9942534327390308,,,0.5068156835207753,38.255,7612.745,38.255,0.005,0.08029560375848066,0.09126339952349076,0.9911130416394343,0.9947195490808696,,,0.5068156835207753,38.255,7612.745,38.255,0.005,0.0,0.011307123407903803,0.9874732963500841,0.9942428022137036,,,0.5068156835207753,38.255,7612.745,38.255,0.0,0.995,0.005,0.0
NON FIBROTIC ILA ADJUDICATED,30,622870453,combined,0.0,0.01858822057362178,0.9843391812865496,0.9942245772863857,,,0.46446139643655027,76.51,7574.49,76.51,0.01,0.08029560375848066,0.04781005357595867,0.9867834434908799,0.9946964927839533,,,0.46446139643655027,76.51,7574.49,76.51,0.01,0.0,0.011307123407903803,0.981865064129628,0.9942101085507631,,,0.46446139643655027,76.51,7574.49,76.51,0.0,0.99,0.01,0.0
NON FIBROTIC ILA ADJUDICATED,30,622870453,combined,0.045454545454545456,0.01858822057362178,0.974656270305393,0.9944296934455421,,,0.411831413894518,153.02,7497.98,155.02,0.02,0.15134998437629657,0.041515752141510376,0.9781497590199677,0.9950591617211418,,,0.411831413894518,153.02,7497.98,155.02,0.02,0.012555109949594967,0.011307123407903803,0.9711011668209297,0.9942189518349465,,,0.411831413894518,153.02,7497.98,155.02,0.045454545454545456,0.98,0.02,0.0
NON FIBROTIC ILA ADJUDICATED,30,622870453,combined,0.126136363636364,0.01858822057362178,0.9452891487979207,0.9947378596982843,,,0.29335427351196103,382.55,7268.45,388.1,0.05,0.25480817764157265,0.03589636439085985,0.9506599580332844,0.9955310376216921,,,0.29335427351196103,382.55,7268.45,388.1,0.05,0.057503762441473746,0.011307123407903803,0.9398125757447284,0.9942963892504902,,,0.29335427351196103,382.55,7268.45,388.1,0.126136363636364,0.95,0.05,0.0
NON FIBROTIC ILA ADJUDICATED,30,622870453,combined,0.3181818181818182,0.01858822057362178,0.8966731643924627,0.9956621697745113,,,0.19920387971791745,765.1,6885.9,779.0999999999999,0.1,0.46556896062182235,0.030410230281106558,0.9040013849599438,0.9966210831252975,,,0.19920387971791745,765.1,6885.9,779.0999999999999,0.1,0.19999307710853426,0.011307123407903803,0.8891127287272481,0.9948748290635694,,,0.19920387971791745,765.1,6885.9,779.0999999999999,0.3181818181818182,0.9,0.1,0.0
