target_name,repeat,split_seed,model,bin,n,cases,mean_pred,obs_rate,obs_rate_lo,obs_rate_hi,prob_min,prob_max
FILD or FILA ADJUDICATED,1,392429752,zebra,0,770,3,0.23269103164416965,0.003896103896103896,0.0013258926936253902,0.011391775387498288,0.11052533634471677,0.2621506127270509
FILD or FILA ADJUDICATED,1,392429752,zebra,1,769,0,0.2881986836855831,0.0,0.0,0.004970565148712315,0.26219562135835695,0.31418714569765976
FILD or FILA ADJUDICATED,1,392429752,zebra,2,770,6,0.3448119279196204,0.007792207792207792,0.0035759904186376326,0.016895203829388215,0.31418727901343046,0.37722891098823874
FILD or FILA ADJUDICATED,1,392429752,zebra,3,769,5,0.41240975808538294,0.006501950585175552,0.002780348414515579,0.015129481166593194,0.3773228513344084,0.44919589166398927
FILD or FILA ADJUDICATED,1,392429752,zebra,4,770,7,0.49682262223336915,0.00909090909090909,0.004410478976495486,0.01864522399383109,0.4492273624574113,0.5481510820845891
FILD or FILA ADJUDICATED,1,392429752,zebra,5,769,10,0.6068222929321775,0.013003901170351105,0.007078545900378475,0.023770548113126753,0.5483671817409786,0.6690088408159459
FILD or FILA ADJUDICATED,1,392429752,zebra,6,769,11,0.7348924804320613,0.014304291287386216,0.008005744470847457,0.025431202429137063,0.6692037362615175,0.7943113857562042
FILD or FILA ADJUDICATED,1,392429752,zebra,7,770,15,0.8517878720656961,0.01948051948051948,0.011840409174050253,0.0318913635746821,0.7944412698398713,0.9070795473665832
FILD or FILA ADJUDICATED,1,392429752,zebra,8,769,17,0.9544107720284262,0.022106631989596878,0.013847378881987714,0.03511668533687256,0.907211618549225,0.9867430920532074
FILD or FILA ADJUDICATED,1,392429752,zebra,9,770,78,0.9968448078190215,0.1012987012987013,0.08192751953281167,0.1246283027208663,0.9869341286892749,1.0
FILD or FILA ADJUDICATED,1,392429752,genomic,0,770,6,0.00025291481123731086,0.007792207792207792,0.0035759904186376326,0.016895203829388215,6.284067542146777e-07,0.0006163151075573445
FILD or FILA ADJUDICATED,1,392429752,genomic,1,769,14,0.0011940844151937617,0.018205461638491547,0.010875078260352153,0.030325427299070243,0.0006163611041695235,0.0018969279289652791
FILD or FILA ADJUDICATED,1,392429752,genomic,2,770,19,0.0028790011935031,0.024675324675324677,0.015852913748522608,0.03821689388941264,0.00190085935069615,0.004022755382165645
FILD or FILA ADJUDICATED,1,392429752,genomic,3,769,13,0.00582714090826118,0.016905071521456438,0.009905619514842359,0.028707033158100748,0.004024634734710831,0.00782218100184019
FILD or FILA ADJUDICATED,1,392429752,genomic,4,770,16,0.010805765676054534,0.02077922077922078,0.012830175613871217,0.033486105857161864,0.007822245586990254,0.014483961823478112
FILD or FILA ADJUDICATED,1,392429752,genomic,5,769,13,0.019607283569202747,0.016905071521456438,0.009905619514842359,0.028707033158100748,0.01448514863753537,0.026022912928212318
FILD or FILA ADJUDICATED,1,392429752,genomic,6,769,15,0.03653727819496228,0.01950585175552666,0.01185585151954993,0.03193250692635176,0.026100553691635168,0.048546095211130555
FILD or FILA ADJUDICATED,1,392429752,genomic,7,770,14,0.06790262610010955,0.01818181818181818,0.010860915582275707,0.030286348444155925,0.04856086925536493,0.09373713695533778
FILD or FILA ADJUDICATED,1,392429752,genomic,8,769,11,0.1412218531746314,0.014304291287386216,0.008005744470847457,0.025431202429137063,0.09375826535442472,0.20787527825287527
FILD or FILA ADJUDICATED,1,392429752,genomic,9,770,31,0.3799236754659592,0.04025974025974026,0.02850566531466099,0.056578246990882944,0.20892116936679478,0.9329105425818488
FILD or FILA ADJUDICATED,1,392429752,combined,0,770,5,0.018753291245338994,0.006493506493506494,0.0027767335367897463,0.01510995198893538,0.0052523040742568534,0.026355460961076427
FILD or FILA ADJUDICATED,1,392429752,combined,1,769,4,0.032900462103476996,0.005201560468140442,0.0020245891497467933,0.013297387544882687,0.026364448205628298,0.04044942458203677
FILD or FILA ADJUDICATED,1,392429752,combined,2,770,5,0.04960919995111477,0.006493506493506494,0.0027767335367897463,0.01510995198893538,0.04049369456819968,0.059267884458000214
FILD or FILA ADJUDICATED,1,392429752,combined,3,769,3,0.07131780112591606,0.0039011703511053317,0.001327618000260774,0.011406505807889416,0.05927176493687747,0.08455242419542239
FILD or FILA ADJUDICATED,1,392429752,combined,4,770,5,0.10082555310211777,0.006493506493506494,0.0027767335367897463,0.01510995198893538,0.08466359089506481,0.11801144584389654
FILD or FILA ADJUDICATED,1,392429752,combined,5,769,13,0.13922460584412197,0.016905071521456438,0.009905619514842359,0.028707033158100748,0.11802649024136569,0.16419039208167144
FILD or FILA ADJUDICATED,1,392429752,combined,6,769,11,0.19563924264813215,0.014304291287386216,0.008005744470847457,0.025431202429137063,0.16430773221247466,0.23132573730204278
FILD or FILA ADJUDICATED,1,392429752,combined,7,770,8,0.2787073243418839,0.01038961038961039,0.005273784940225151,0.020366426752402144,0.2316156974929759,0.33523778561768885
FILD or FILA ADJUDICATED,1,392429752,combined,8,769,16,0.41990115276857465,0.02080624187256177,0.01284691135930053,0.033529299973080455,0.3355596311161838,0.5264828459149797
FILD or FILA ADJUDICATED,1,392429752,combined,9,770,82,0.6661362525099751,0.10649350649350649,0.08662567599181079,0.13026818115107003,0.526691763226929,0.9009210726557463
FILD or FILA ADJUDICATED,2,2018504452,zebra,0,770,2,0.23391888375547326,0.0025974025974025974,0.0007125907061236786,0.009420568652699277,0.11693488945217027,0.26288225037452106
FILD or FILA ADJUDICATED,2,2018504452,zebra,1,769,1,0.28890842576968895,0.0013003901170351106,0.0002295876800841234,0.007328830355107483,0.26294396801422015,0.31613973821529956
FILD or FILA ADJUDICATED,2,2018504452,zebra,2,770,6,0.34598449569977185,0.007792207792207792,0.0035759904186376326,0.016895203829388215,0.31639821665942414,0.3775756027319134
FILD or FILA ADJUDICATED,2,2018504452,zebra,3,769,3,0.4128665726616501,0.0039011703511053317,0.001327618000260774,0.011406505807889416,0.37765921012603326,0.4486888957604662
FILD or FILA ADJUDICATED,2,2018504452,zebra,4,770,7,0.4940553322150811,0.00909090909090909,0.004410478976495486,0.01864522399383109,0.4490041770236082,0.5443327809099153
FILD or FILA ADJUDICATED,2,2018504452,zebra,5,769,10,0.6050925858464694,0.013003901170351105,0.007078545900378475,0.023770548113126753,0.544643072869618,0.6662717204623677
FILD or FILA ADJUDICATED,2,2018504452,zebra,6,769,10,0.7296992419008889,0.013003901170351105,0.007078545900378475,0.023770548113126753,0.6664357679714032,0.7878936645699718
FILD or FILA ADJUDICATED,2,2018504452,zebra,7,770,13,0.8447545164937968,0.016883116883116882,0.009892721428977881,0.028670033875153024,0.7879530148699121,0.8995976361619833
FILD or FILA ADJUDICATED,2,2018504452,zebra,8,769,24,0.9503115332841792,0.031209362808842653,0.02106088189967261,0.0460181525245427,0.8996621190560748,0.9857866911449585
FILD or FILA ADJUDICATED,2,2018504452,zebra,9,770,76,0.996511550946932,0.0987012987012987,0.07958474714757134,0.12180205766150516,0.9858607951392028,1.0
FILD or FILA ADJUDICATED,2,2018504452,genomic,0,770,7,0.027471524904565902,0.00909090909090909,0.004410478976495486,0.01864522399383109,0.006291774879760607,0.04051579591354885
FILD or FILA ADJUDICATED,2,2018504452,genomic,1,769,11,0.052264534362819665,0.014304291287386216,0.008005744470847457,0.025431202429137063,0.04052832546425707,0.06414834030020071
FILD or FILA ADJUDICATED,2,2018504452,genomic,2,770,11,0.0775549514202197,0.014285714285714285,0.007995323688185082,0.025398414171344384,0.06415624818601214,0.09098364233112761
FILD or FILA ADJUDICATED,2,2018504452,genomic,3,769,15,0.10516352023583962,0.01950585175552666,0.01185585151954993,0.03193250692635176,0.09101469917977964,0.11948474066185985
FILD or FILA ADJUDICATED,2,2018504452,genomic,4,770,5,0.1351727106307245,0.006493506493506494,0.0027767335367897463,0.01510995198893538,0.11962552823017017,0.1507067341182957
FILD or FILA ADJUDICATED,2,2018504452,genomic,5,769,13,0.16908191129634634,0.016905071521456438,0.009905619514842359,0.028707033158100748,0.15071345502142713,0.18947731704611276
FILD or FILA ADJUDICATED,2,2018504452,genomic,6,769,20,0.21467258444573858,0.02600780234070221,0.016898117575631134,0.03982950530266702,0.18963310978017098,0.23988244797301983
FILD or FILA ADJUDICATED,2,2018504452,genomic,7,770,18,0.26968424493256626,0.023376623376623377,0.014837136266102694,0.036648162649531836,0.23992242019208954,0.3010343010341323
FILD or FILA ADJUDICATED,2,2018504452,genomic,8,769,17,0.34366083620806015,0.022106631989596878,0.013847378881987714,0.03511668533687256,0.30116789454839693,0.3920701835179438
FILD or FILA ADJUDICATED,2,2018504452,genomic,9,770,35,0.47824493665411877,0.045454545454545456,0.03286247903771407,0.06255946815703275,0.3922039213287329,0.6955531050539315
FILD or FILA ADJUDICATED,2,2018504452,combined,0,770,8,0.017755393211218995,0.01038961038961039,0.005273784940225151,0.020366426752402144,0.005662059492303243,0.02523165578612105
FILD or FILA ADJUDICATED,2,2018504452,combined,1,769,2,0.03188733782228177,0.002600780234070221,0.0007135177289523901,0.009432753192718508,0.02523842526196193,0.03842032335059231
FILD or FILA ADJUDICATED,2,2018504452,combined,2,770,4,0.046229169628843166,0.005194805194805195,0.0020219574690050306,0.013280219334419372,0.03843178428067748,0.05420724481958826
FILD or FILA ADJUDICATED,2,2018504452,combined,3,769,1,0.06340684478170575,0.0013003901170351106,0.0002295876800841234,0.007328830355107483,0.054250945135239106,0.07316341748486913
FILD or FILA ADJUDICATED,2,2018504452,combined,4,770,10,0.08512657014308239,0.012987012987012988,0.007069333631553706,0.02373989550567504,0.07318460705345511,0.09773807717087196
FILD or FILA ADJUDICATED,2,2018504452,combined,5,769,9,0.1124174504984095,0.011703511053315995,0.006169270449727107,0.022091970677298834,0.09775967088932466,0.12876082757487117
FILD or FILA ADJUDICATED,2,2018504452,combined,6,769,12,0.15000534383258893,0.015604681404421327,0.008948690331271528,0.027076109455192295,0.12882563573667205,0.1739520655410055
FILD or FILA ADJUDICATED,2,2018504452,combined,7,770,12,0.20400954421514708,0.015584415584415584,0.008937040176158829,0.027041206405671363,0.17398601156081805,0.23966845042749654
FILD or FILA ADJUDICATED,2,2018504452,combined,8,769,20,0.2949532157554622,0.02600780234070221,0.016898117575631134,0.03982950530266702,0.23969022834302867,0.36965618629831554
FILD or FILA ADJUDICATED,2,2018504452,combined,9,770,74,0.5336227085823955,0.09610389610389611,0.07724637265453546,0.1189714147099396,0.3699709347584942,0.8497372704708392
FILD or FILA ADJUDICATED,3,1899814237,zebra,0,770,2,0.23303613312477445,0.0025974025974025974,0.0007125907061236786,0.009420568652699277,0.11693488945217027,0.26394614122094723
FILD or FILA ADJUDICATED,3,1899814237,zebra,1,769,1,0.28997569087055514,0.0013003901170351106,0.0002295876800841234,0.007328830355107483,0.2639566616625108,0.3174026800969446
FILD or FILA ADJUDICATED,3,1899814237,zebra,2,770,5,0.34869954776364975,0.006493506493506494,0.0027767335367897463,0.01510995198893538,0.31742670910912385,0.3816750835960774
FILD or FILA ADJUDICATED,3,1899814237,zebra,3,769,4,0.41720792006316576,0.005201560468140442,0.0020245891497467933,0.013297387544882687,0.38170725489780355,0.4544916186584812
FILD or FILA ADJUDICATED,3,1899814237,zebra,4,770,6,0.49862520979743546,0.007792207792207792,0.0035759904186376326,0.016895203829388215,0.4545530017860116,0.5497147348492648
FILD or FILA ADJUDICATED,3,1899814237,zebra,5,769,10,0.6102761419113812,0.013003901170351105,0.007078545900378475,0.023770548113126753,0.5499397181327736,0.6717461495808702
FILD or FILA ADJUDICATED,3,1899814237,zebra,6,769,12,0.7380353912953836,0.015604681404421327,0.008948690331271528,0.027076109455192295,0.6718066921196233,0.797723185961675
FILD or FILA ADJUDICATED,3,1899814237,zebra,7,770,10,0.8516578526317481,0.012987012987012988,0.007069333631553706,0.02373989550567504,0.7978065925619674,0.9063842439094912
FILD or FILA ADJUDICATED,3,1899814237,zebra,8,769,23,0.9533527536190294,0.02990897269180754,0.02001129965969971,0.04447988187803632,0.9070441280989898,0.9869897666026505
FILD or FILA ADJUDICATED,3,1899814237,zebra,9,770,79,0.9968992789600779,0.1025974025974026,0.0831005084064421,0.12603982256953655,0.9870121157007241,1.0
FILD or FILA ADJUDICATED,3,1899814237,genomic,0,770,11,0.0015174941745838136,0.014285714285714285,0.007995323688185082,0.025398414171344384,3.866006110277047e-05,0.0030360332678569754
FILD or FILA ADJUDICATED,3,1899814237,genomic,1,769,10,0.0049096184713658345,0.013003901170351105,0.007078545900378475,0.023770548113126753,0.0030376016937511737,0.007176190197034154
FILD or FILA ADJUDICATED,3,1899814237,genomic,2,770,16,0.009922482288369727,0.02077922077922078,0.012830175613871217,0.033486105857161864,0.007178531040441993,0.012878141682634665
FILD or FILA ADJUDICATED,3,1899814237,genomic,3,769,11,0.016905399625213736,0.014304291287386216,0.008005744470847457,0.025431202429137063,0.01289006437009005,0.0215203768932001
FILD or FILA ADJUDICATED,3,1899814237,genomic,4,770,15,0.027270253576719576,0.01948051948051948,0.011840409174050253,0.0318913635746821,0.021539931511114024,0.03366556601902394
FILD or FILA ADJUDICATED,3,1899814237,genomic,5,769,15,0.042220238197500135,0.01950585175552666,0.01185585151954993,0.03193250692635176,0.033672259173888615,0.05250359337148108
FILD or FILA ADJUDICATED,3,1899814237,genomic,6,769,20,0.06536993627287618,0.02600780234070221,0.016898117575631134,0.03982950530266702,0.052518025196760944,0.08150220370165184
FILD or FILA ADJUDICATED,3,1899814237,genomic,7,770,20,0.10634696150404478,0.025974025974025976,0.016876091691355087,0.03977822466888089,0.08152159928433475,0.13427717570709502
FILD or FILA ADJUDICATED,3,1899814237,genomic,8,769,20,0.17633770673805435,0.02600780234070221,0.016898117575631134,0.03982950530266702,0.1343701922334889,0.23382894352537323
FILD or FILA ADJUDICATED,3,1899814237,genomic,9,770,14,0.3918909706657059,0.01818181818181818,0.010860915582275707,0.030286348444155925,0.23393144879851022,0.9157817913254778
FILD or FILA ADJUDICATED,3,1899814237,combined,0,770,2,0.024046416146679937,0.0025974025974025974,0.0007125907061236786,0.009420568652699277,0.008489027129552327,0.03220520927703474
FILD or FILA ADJUDICATED,3,1899814237,combined,1,769,4,0.04058489671037464,0.005201560468140442,0.0020245891497467933,0.013297387544882687,0.03221817124475574,0.048676940784965914
FILD or FILA ADJUDICATED,3,1899814237,combined,2,770,1,0.05798685979555716,0.0012987012987012987,0.00022928946639889794,0.007319361170123334,0.04869411333649369,0.06782505763137543
FILD or FILA ADJUDICATED,3,1899814237,combined,3,769,9,0.0811813411795133,0.011703511053315995,0.006169270449727107,0.022091970677298834,0.06783209533299969,0.09518418654238359
FILD or FILA ADJUDICATED,3,1899814237,combined,4,770,6,0.11122612272021518,0.007792207792207792,0.0035759904186376326,0.016895203829388215,0.09524562283079235,0.12786689351622796
FILD or FILA ADJUDICATED,3,1899814237,combined,5,769,7,0.14847118118813457,0.009102730819245773,0.004416223152723785,0.01866931220134357,0.12796240368421968,0.17121648060683792
FILD or FILA ADJUDICATED,3,1899814237,combined,6,769,12,0.19780179108883533,0.015604681404421327,0.008948690331271528,0.027076109455192295,0.17135320404531912,0.22692136916099384
FILD or FILA ADJUDICATED,3,1899814237,combined,7,770,13,0.26240936626932965,0.016883116883116882,0.009892721428977881,0.028670033875153024,0.22706835872162193,0.30182666403093494
FILD or FILA ADJUDICATED,3,1899814237,combined,8,769,25,0.3597222268876853,0.032509752925877766,0.0221158152388249,0.04755107207186972,0.30186464888770903,0.4313957402688434
FILD or FILA ADJUDICATED,3,1899814237,combined,9,770,73,0.5742016655256921,0.09480519480519481,0.07607888344397429,0.11755439519820005,0.431695504131871,0.8226312135699733
FILD or FILA ADJUDICATED,4,999367164,zebra,0,770,2,0.23384593204984927,0.0025974025974025974,0.0007125907061236786,0.009420568652699277,0.11693488945217027,0.26323521063489164
FILD or FILA ADJUDICATED,4,999367164,zebra,1,769,2,0.2885138726421801,0.002600780234070221,0.0007135177289523901,0.009432753192718508,0.26324492198132515,0.3149090509818816
FILD or FILA ADJUDICATED,4,999367164,zebra,2,770,5,0.34463354671918767,0.006493506493506494,0.0027767335367897463,0.01510995198893538,0.31491842641557827,0.37691177527654185
FILD or FILA ADJUDICATED,4,999367164,zebra,3,769,4,0.413470907101839,0.005201560468140442,0.0020245891497467933,0.013297387544882687,0.37696740349922486,0.45075886121043207
FILD or FILA ADJUDICATED,4,999367164,zebra,4,770,5,0.49722739214688433,0.006493506493506494,0.0027767335367897463,0.01510995198893538,0.45083079522227326,0.5481119085210974
FILD or FILA ADJUDICATED,4,999367164,zebra,5,769,6,0.6070962939026165,0.007802340702210663,0.003580646807040671,0.016917035660547395,0.5481119570964046,0.6673312960617217
FILD or FILA ADJUDICATED,4,999367164,zebra,6,769,10,0.7303826294322171,0.013003901170351105,0.007078545900378475,0.023770548113126753,0.667472323407029,0.7883002137996314
FILD or FILA ADJUDICATED,4,999367164,zebra,7,770,16,0.8448401559091845,0.02077922077922078,0.012830175613871217,0.033486105857161864,0.7889768531409792,0.8986589376850554
FILD or FILA ADJUDICATED,4,999367164,zebra,8,769,24,0.950437073876515,0.031209362808842653,0.02106088189967261,0.0460181525245427,0.898678320073587,0.9860089016090301
FILD or FILA ADJUDICATED,4,999367164,zebra,9,770,78,0.9965703494065299,0.1012987012987013,0.08192751953281167,0.1246283027208663,0.9860131772949529,1.0
FILD or FILA ADJUDICATED,4,999367164,genomic,0,770,8,0.08162376450708582,0.01038961038961039,0.005273784940225151,0.020366426752402144,0.03463944172682437,0.09893149551937419
FILD or FILA ADJUDICATED,4,999367164,genomic,1,769,12,0.11105265200143495,0.015604681404421327,0.008948690331271528,0.027076109455192295,0.09896996705790544,0.12257297622619326
FILD or FILA ADJUDICATED,4,999367164,genomic,2,770,10,0.1321669306366217,0.012987012987012988,0.007069333631553706,0.02373989550567504,0.12258854694273691,0.14160444160608182
FILD or FILA ADJUDICATED,4,999367164,genomic,3,769,11,0.15124461777146864,0.014304291287386216,0.008005744470847457,0.025431202429137063,0.14161954668902396,0.16014898531127275
FILD or FILA ADJUDICATED,4,999367164,genomic,4,770,12,0.1678442120561421,0.015584415584415584,0.008937040176158829,0.027041206405671363,0.16016403882728278,0.17527030796277782
FILD or FILA ADJUDICATED,4,999367164,genomic,5,769,12,0.1826351288213828,0.015604681404421327,0.008948690331271528,0.027076109455192295,0.17533203545172496,0.1900291112085655
FILD or FILA ADJUDICATED,4,999367164,genomic,6,769,12,0.19658711486048358,0.015604681404421327,0.008948690331271528,0.027076109455192295,0.1900406368468925,0.2031508459922819
FILD or FILA ADJUDICATED,4,999367164,genomic,7,770,18,0.2114241722765184,0.023376623376623377,0.014837136266102694,0.036648162649531836,0.2031603643310048,0.22011277167295157
FILD or FILA ADJUDICATED,4,999367164,genomic,8,769,22,0.2323132303858581,0.02860858257477243,0.01896739582103829,0.04293593283021844,0.22012648561755285,0.24758092057847736
FILD or FILA ADJUDICATED,4,999367164,genomic,9,770,35,0.266761291215252,0.045454545454545456,0.03286247903771407,0.06255946815703275,0.2476252678176224,0.29983778709646497
FILD or FILA ADJUDICATED,4,999367164,combined,0,770,1,0.03700844524785108,0.0012987012987012987,0.00022928946639889794,0.007319361170123334,0.022597244871359706,0.04282207760583887
FILD or FILA ADJUDICATED,4,999367164,combined,1,769,4,0.047397714052518455,0.005201560468140442,0.0020245891497467933,0.013297387544882687,0.042839403987510426,0.052225115203492475
FILD or FILA ADJUDICATED,4,999367164,combined,2,770,5,0.06090420501106535,0.006493506493506494,0.0027767335367897463,0.01510995198893538,0.05223511289040327,0.07393747344677677
FILD or FILA ADJUDICATED,4,999367164,combined,3,769,4,0.08997073993493121,0.005201560468140442,0.0020245891497467933,0.013297387544882687,0.07399558065235774,0.10358261015973101
FILD or FILA ADJUDICATED,4,999367164,combined,4,770,5,0.11347228071507227,0.006493506493506494,0.0027767335367897463,0.01510995198893538,0.10360024382236041,0.12305273986321034
FILD or FILA ADJUDICATED,4,999367164,combined,5,769,6,0.13152760816279543,0.007802340702210663,0.003580646807040671,0.016917035660547395,0.12308040824149466,0.14011796087337347
FILD or FILA ADJUDICATED,4,999367164,combined,6,769,12,0.14830323345584426,0.015604681404421327,0.008948690331271528,0.027076109455192295,0.14012445647793606,0.15757458029983362
FILD or FILA ADJUDICATED,4,999367164,combined,7,770,9,0.1694985744288944,0.011688311688311689,0.006161243000312308,0.022063477414615715,0.15757700727494087,0.18364702112487769
FILD or FILA ADJUDICATED,4,999367164,combined,8,769,21,0.2016542855831284,0.027308192457737322,0.017929533535624646,0.041385942229152796,0.18369907512716238,0.22418743735264993
FILD or FILA ADJUDICATED,4,999367164,combined,9,770,85,0.27833441324794933,0.11038961038961038,0.09015980224910894,0.13448758106067407,0.22421714075323712,0.4394329392861813
FILD or FILA ADJUDICATED,5,1716593074,zebra,0,770,3,0.23180473418556719,0.003896103896103896,0.0013258926936253902,0.011391775387498288,0.11052533634471677,0.260816983501809
FILD or FILA ADJUDICATED,5,1716593074,zebra,1,769,0,0.2856163159241735,0.0,0.0,0.004970565148712315,0.2608829204776901,0.3109339695896071
FILD or FILA ADJUDICATED,5,1716593074,zebra,2,770,6,0.34002651929894834,0.007792207792207792,0.0035759904186376326,0.016895203829388215,0.310953161005303,0.37205216498212695
FILD or FILA ADJUDICATED,5,1716593074,zebra,3,769,7,0.40608698414544436,0.009102730819245773,0.004416223152723785,0.01866931220134357,0.3720668497622141,0.4433135952597464
FILD or FILA ADJUDICATED,5,1716593074,zebra,4,770,7,0.48774942418727707,0.00909090909090909,0.004410478976495486,0.01864522399383109,0.4433498042527666,0.534257599577827
FILD or FILA ADJUDICATED,5,1716593074,zebra,5,769,7,0.5971812481965608,0.009102730819245773,0.004416223152723785,0.01866931220134357,0.5345661067848602,0.6616977521600221
FILD or FILA ADJUDICATED,5,1716593074,zebra,6,769,8,0.7279024676795166,0.010403120936280884,0.005280654829476248,0.0203927334110704,0.6617424807598203,0.7879530148699121
FILD or FILA ADJUDICATED,5,1716593074,zebra,7,770,11,0.8459658911847731,0.014285714285714285,0.007995323688185082,0.025398414171344384,0.7880581022030267,0.9017046954302406
FILD or FILA ADJUDICATED,5,1716593074,zebra,8,769,26,0.9510134792666883,0.033810143042912875,0.02317580344494089,0.04907893675223302,0.9025689321917897,0.9859879776718901
FILD or FILA ADJUDICATED,5,1716593074,zebra,9,770,77,0.9966185223313926,0.1,0.08075559305709225,0.12321572047428499,0.9860122135494251,1.0
FILD or FILA ADJUDICATED,5,1716593074,genomic,0,770,11,0.006542342020132184,0.014285714285714285,0.007995323688185082,0.025398414171344384,0.0008269531560300113,0.0100409650835534
FILD or FILA ADJUDICATED,5,1716593074,genomic,1,769,13,0.013499816748272137,0.016905071521456438,0.009905619514842359,0.028707033158100748,0.010045308659901503,0.01698330064899901
FILD or FILA ADJUDICATED,5,1716593074,genomic,2,770,9,0.0209662728086078,0.011688311688311689,0.006161243000312308,0.022063477414615715,0.01700047168268043,0.025188554777149968
FILD or FILA ADJUDICATED,5,1716593074,genomic,3,769,13,0.030537694409887028,0.016905071521456438,0.009905619514842359,0.028707033158100748,0.02519171620735938,0.03641007820036387
FILD or FILA ADJUDICATED,5,1716593074,genomic,4,770,18,0.04347302032070933,0.023376623376623377,0.014837136266102694,0.036648162649531836,0.03644266698749038,0.05106368363761624
FILD or FILA ADJUDICATED,5,1716593074,genomic,5,769,21,0.06073719500600482,0.027308192457737322,0.017929533535624646,0.041385942229152796,0.05111376187075161,0.07206756242241642
FILD or FILA ADJUDICATED,5,1716593074,genomic,6,769,19,0.08647064443521758,0.0247074122236671,0.01587360135768905,0.03826616863412981,0.07212754210815761,0.10274447049206885
FILD or FILA ADJUDICATED,5,1716593074,genomic,7,770,14,0.12548468871474175,0.01818181818181818,0.010860915582275707,0.030286348444155925,0.10278387192432596,0.15336350640684535
FILD or FILA ADJUDICATED,5,1716593074,genomic,8,769,16,0.19405346657801342,0.02080624187256177,0.01284691135930053,0.033529299973080455,0.15339540155411768,0.2475282981793905
FILD or FILA ADJUDICATED,5,1716593074,genomic,9,770,18,0.3872349912962632,0.023376623376623377,0.014837136266102694,0.036648162649531836,0.2478278344016708,0.8361362882230468
FILD or FILA ADJUDICATED,5,1716593074,combined,0,770,2,0.012807750789280793,0.0025974025974025974,0.0007125907061236786,0.009420568652699277,0.0028824267599643623,0.017707537379417024
FILD or FILA ADJUDICATED,5,1716593074,combined,1,769,3,0.022406524713770637,0.0039011703511053317,0.001327618000260774,0.011406505807889416,0.017727249765806537,0.027549021450910913
FILD or FILA ADJUDICATED,5,1716593074,combined,2,770,4,0.0332026732598127,0.005194805194805195,0.0020219574690050306,0.013280219334419372,0.027559721717617558,0.039302943840070104
FILD or FILA ADJUDICATED,5,1716593074,combined,3,769,5,0.047240960583906345,0.006501950585175552,0.002780348414515579,0.015129481166593194,0.03930804667315903,0.056633721366422474
FILD or FILA ADJUDICATED,5,1716593074,combined,4,770,10,0.06738590799926307,0.012987012987012988,0.007069333631553706,0.02373989550567504,0.05673735226685706,0.0792017199370122
FILD or FILA ADJUDICATED,5,1716593074,combined,5,769,7,0.09389671350025419,0.009102730819245773,0.004416223152723785,0.01866931220134357,0.07920906047277392,0.11020794195574402
FILD or FILA ADJUDICATED,5,1716593074,combined,6,769,12,0.13129972620227406,0.015604681404421327,0.008948690331271528,0.027076109455192295,0.11026213785199573,0.15411119414285165
FILD or FILA ADJUDICATED,5,1716593074,combined,7,770,18,0.18550067336031234,0.023376623376623377,0.014837136266102694,0.036648162649531836,0.15427815927218372,0.2205254755928661
FILD or FILA ADJUDICATED,5,1716593074,combined,8,769,22,0.2714070214260154,0.02860858257477243,0.01896739582103829,0.04293593283021844,0.22106666561921973,0.3354835100500011
FILD or FILA ADJUDICATED,5,1716593074,combined,9,770,69,0.48603071053526276,0.08961038961038961,0.07142073783803138,0.11187450591494005,0.33553361268609955,0.9088334930167051
FILD or FILA ADJUDICATED,6,1452511707,zebra,0,770,3,0.23304845743720795,0.003896103896103896,0.0013258926936253902,0.011391775387498288,0.11052533634471677,0.26192651739885753
FILD or FILA ADJUDICATED,6,1452511707,zebra,1,769,1,0.2868313602565203,0.0013003901170351106,0.0002295876800841234,0.007328830355107483,0.26204427209140113,0.3134570424472098
FILD or FILA ADJUDICATED,6,1452511707,zebra,2,770,2,0.3435547864035881,0.0025974025974025974,0.0007125907061236786,0.009420568652699277,0.3134907084506088,0.37623856999212185
FILD or FILA ADJUDICATED,6,1452511707,zebra,3,769,5,0.4095213849501055,0.006501950585175552,0.002780348414515579,0.015129481166593194,0.3762924089016528,0.44603710104776834
FILD or FILA ADJUDICATED,6,1452511707,zebra,4,770,9,0.492727380405207,0.011688311688311689,0.006161243000312308,0.022063477414615715,0.4460755764347732,0.5440953606750395
FILD or FILA ADJUDICATED,6,1452511707,zebra,5,769,12,0.605412552883741,0.015604681404421327,0.008948690331271528,0.027076109455192295,0.5443327809099153,0.6700763923966143
FILD or FILA ADJUDICATED,6,1452511707,zebra,6,769,10,0.7347584158865839,0.013003901170351105,0.007078545900378475,0.023770548113126753,0.6703025118052282,0.7923845014767011
FILD or FILA ADJUDICATED,6,1452511707,zebra,7,770,12,0.845835431603943,0.015584415584415584,0.008937040176158829,0.027041206405671363,0.7931774164190927,0.8971019991461752
FILD or FILA ADJUDICATED,6,1452511707,zebra,8,769,19,0.9471946241981722,0.0247074122236671,0.01587360135768905,0.03826616863412981,0.8971838605247259,0.9841838380724436
FILD or FILA ADJUDICATED,6,1452511707,zebra,9,770,79,0.9960152364537487,0.1025974025974026,0.0831005084064421,0.12603982256953655,0.9842142051873419,1.0
FILD or FILA ADJUDICATED,6,1452511707,genomic,0,770,12,0.07875337344804657,0.015584415584415584,0.008937040176158829,0.027041206405671363,0.017532164076169775,0.10962229186227421
FILD or FILA ADJUDICATED,6,1452511707,genomic,1,769,9,0.13382849302827507,0.011703511053315995,0.006169270449727107,0.022091970677298834,0.10964046302606162,0.15697104779734755
FILD or FILA ADJUDICATED,6,1452511707,genomic,2,770,8,0.17958022032759,0.01038961038961039,0.005273784940225151,0.020366426752402144,0.15706712359576988,0.20357048580730597
FILD or FILA ADJUDICATED,6,1452511707,genomic,3,769,13,0.22510320596950398,0.016905071521456438,0.009905619514842359,0.028707033158100748,0.20362305985135168,0.24633843471138925
FILD or FILA ADJUDICATED,6,1452511707,genomic,4,770,21,0.2675837362334463,0.02727272727272727,0.017906160074157684,0.04133266500837901,0.2464207447275043,0.289009222111147
FILD or FILA ADJUDICATED,6,1452511707,genomic,5,769,20,0.3111882980866336,0.02600780234070221,0.016898117575631134,0.03982950530266702,0.28902510954753763,0.33302769687729405
FILD or FILA ADJUDICATED,6,1452511707,genomic,6,769,12,0.35396412692884394,0.015604681404421327,0.008948690331271528,0.027076109455192295,0.3331305678315586,0.3759080785817877
FILD or FILA ADJUDICATED,6,1452511707,genomic,7,770,16,0.39946297020178456,0.02077922077922078,0.012830175613871217,0.033486105857161864,0.37591788641395646,0.42336933215501843
FILD or FILA ADJUDICATED,6,1452511707,genomic,8,769,12,0.4532348603809149,0.015604681404421327,0.008948690331271528,0.027076109455192295,0.42350674037137626,0.4861438740333999
FILD or FILA ADJUDICATED,6,1452511707,genomic,9,770,29,0.5406709476686422,0.03766233766233766,0.02634909255576484,0.05356580230517764,0.48622123875398987,0.6931526693130222
FILD or FILA ADJUDICATED,6,1452511707,combined,0,770,2,0.014060349917726384,0.0025974025974025974,0.0007125907061236786,0.009420568652699277,0.007561044880818337,0.017755363690278664
FILD or FILA ADJUDICATED,6,1452511707,combined,1,769,3,0.021356118296733576,0.0039011703511053317,0.001327618000260774,0.011406505807889416,0.017766980108649768,0.025813247037404015
FILD or FILA ADJUDICATED,6,1452511707,combined,2,770,6,0.03140650893534915,0.007792207792207792,0.0035759904186376326,0.016895203829388215,0.025813355480085613,0.0370489552744392
FILD or FILA ADJUDICATED,6,1452511707,combined,3,769,9,0.04265915361499563,0.011703511053315995,0.006169270449727107,0.022091970677298834,0.03705963082509763,0.048219985811892276
FILD or FILA ADJUDICATED,6,1452511707,combined,4,770,5,0.05457341180942558,0.006493506493506494,0.0027767335367897463,0.01510995198893538,0.04823509311416347,0.06119004070093103
FILD or FILA ADJUDICATED,6,1452511707,combined,5,769,6,0.06902995169878047,0.007802340702210663,0.003580646807040671,0.016917035660547395,0.061208578660739456,0.07785016522857334
FILD or FILA ADJUDICATED,6,1452511707,combined,6,769,9,0.08861343779527792,0.011703511053315995,0.006169270449727107,0.022091970677298834,0.07788252640747606,0.10072277055644506
FILD or FILA ADJUDICATED,6,1452511707,combined,7,770,15,0.11892223394434089,0.01948051948051948,0.011840409174050253,0.0318913635746821,0.10085990176669939,0.141161896662329
FILD or FILA ADJUDICATED,6,1452511707,combined,8,769,24,0.176685791349474,0.031209362808842653,0.02106088189967261,0.0460181525245427,0.14116440556812357,0.22450564294294698
FILD or FILA ADJUDICATED,6,1452511707,combined,9,770,73,0.32609400734480615,0.09480519480519481,0.07607888344397429,0.11755439519820005,0.22461730278218234,0.6323000151308792
FILD or FILA ADJUDICATED,7,2065650435,zebra,0,770,2,0.2335970602726884,0.0025974025974025974,0.0007125907061236786,0.009420568652699277,0.11052533634471677,0.26161440000752656
FILD or FILA ADJUDICATED,7,2065650435,zebra,1,769,1,0.2867709403340467,0.0013003901170351106,0.0002295876800841234,0.007328830355107483,0.2616884930296223,0.31173266061856664
FILD or FILA ADJUDICATED,7,2065650435,zebra,2,770,3,0.34268007015506846,0.003896103896103896,0.0013258926936253902,0.011391775387498288,0.31181579071411564,0.37605806753507426
FILD or FILA ADJUDICATED,7,2065650435,zebra,3,769,4,0.409833487845522,0.005201560468140442,0.0020245891497467933,0.013297387544882687,0.37606160153816026,0.4461954973729872
FILD or FILA ADJUDICATED,7,2065650435,zebra,4,770,6,0.49026454940739084,0.007792207792207792,0.0035759904186376326,0.016895203829388215,0.4462515041290735,0.5412345068279721
FILD or FILA ADJUDICATED,7,2065650435,zebra,5,769,11,0.6001142051928301,0.014304291287386216,0.008005744470847457,0.025431202429137063,0.5413674023351235,0.6630148547834747
FILD or FILA ADJUDICATED,7,2065650435,zebra,6,769,13,0.7322470713769569,0.016905071521456438,0.009905619514842359,0.028707033158100748,0.6635610066940673,0.7933931341101216
FILD or FILA ADJUDICATED,7,2065650435,zebra,7,770,12,0.8492327804814247,0.015584415584415584,0.008937040176158829,0.027041206405671363,0.7936409735970521,0.9025379816417298
FILD or FILA ADJUDICATED,7,2065650435,zebra,8,769,20,0.9530852140522961,0.02600780234070221,0.016898117575631134,0.03982950530266702,0.9026265878413079,0.9869404095019643
FILD or FILA ADJUDICATED,7,2065650435,zebra,9,770,80,0.9968300814628188,0.1038961038961039,0.0842745420698438,0.1274502976284356,0.9869461498123293,1.0
FILD or FILA ADJUDICATED,7,2065650435,genomic,0,770,13,5.02541686133095e-07,0.016883116883116882,0.009892721428977881,0.028670033875153024,2.055496831191966e-09,1.215538011020031e-06
FILD or FILA ADJUDICATED,7,2065650435,genomic,1,769,13,2.5769543708705838e-06,0.016905071521456438,0.009905619514842359,0.028707033158100748,1.2164354219876465e-06,4.407325960803635e-06
FILD or FILA ADJUDICATED,7,2065650435,genomic,2,770,7,7.3794116975982784e-06,0.00909090909090909,0.004410478976495486,0.01864522399383109,4.41179423357442e-06,1.0865514551739765e-05
FILD or FILA ADJUDICATED,7,2065650435,genomic,3,769,11,1.6560464789342634e-05,0.014304291287386216,0.008005744470847457,0.025431202429137063,1.0869556338970491e-05,2.424156051064512e-05
FILD or FILA ADJUDICATED,7,2065650435,genomic,4,770,18,3.6550355129974934e-05,0.023376623376623377,0.014837136266102694,0.036648162649531836,2.4251302967611287e-05,5.393308667722351e-05
FILD or FILA ADJUDICATED,7,2065650435,genomic,5,769,20,8.106046735616596e-05,0.02600780234070221,0.016898117575631134,0.03982950530266702,5.3949405058569376e-05,0.00011868043623625207
FILD or FILA ADJUDICATED,7,2065650435,genomic,6,769,19,0.00018839255828300734,0.0247074122236671,0.01587360135768905,0.03826616863412981,0.0001187431262430399,0.0002859430817832574
FILD or FILA ADJUDICATED,7,2065650435,genomic,7,770,19,0.00047810742626912706,0.024675324675324677,0.015852913748522608,0.03821689388941264,0.000286012193398242,0.0007853134634609842
FILD or FILA ADJUDICATED,7,2065650435,genomic,8,769,12,0.001587634836838859,0.015604681404421327,0.008948690331271528,0.027076109455192295,0.0007879548241760827,0.0031228232308610944
FILD or FILA ADJUDICATED,7,2065650435,genomic,9,770,20,0.030916632616566502,0.025974025974025976,0.016876091691355087,0.03977822466888089,0.003146032905626868,0.7220416805861327
FILD or FILA ADJUDICATED,7,2065650435,combined,0,770,4,0.012334474056911855,0.005194805194805195,0.0020219574690050306,0.013280219334419372,0.0014360138161080191,0.019075026975640473
FILD or FILA ADJUDICATED,7,2065650435,combined,1,769,7,0.025434648740257304,0.009102730819245773,0.004416223152723785,0.01866931220134357,0.019079451214848706,0.03184931191737059
FILD or FILA ADJUDICATED,7,2065650435,combined,2,770,3,0.039960233732748734,0.003896103896103896,0.0013258926936253902,0.011391775387498288,0.031851164813842536,0.04845476931544106
FILD or FILA ADJUDICATED,7,2065650435,combined,3,769,3,0.05816614775093477,0.0039011703511053317,0.001327618000260774,0.011406505807889416,0.048474068249663806,0.06942082309213253
FILD or FILA ADJUDICATED,7,2065650435,combined,4,770,5,0.08263025942365379,0.006493506493506494,0.0027767335367897463,0.01510995198893538,0.06949008768458147,0.09695841431775584
FILD or FILA ADJUDICATED,7,2065650435,combined,5,769,6,0.11398987104059786,0.007802340702210663,0.003580646807040671,0.016917035660547395,0.09701216913656995,0.13443079163059043
FILD or FILA ADJUDICATED,7,2065650435,combined,6,769,9,0.1601315856375543,0.011703511053315995,0.006169270449727107,0.022091970677298834,0.1344621573576198,0.19001787096369946
FILD or FILA ADJUDICATED,7,2065650435,combined,7,770,15,0.23133689025307008,0.01948051948051948,0.011840409174050253,0.0318913635746821,0.19002505038370013,0.280303238981969
FILD or FILA ADJUDICATED,7,2065650435,combined,8,769,22,0.34629093700348107,0.02860858257477243,0.01896739582103829,0.04293593283021844,0.28041014575583645,0.42911209661362226
FILD or FILA ADJUDICATED,7,2065650435,combined,9,770,78,0.612325520075548,0.1012987012987013,0.08192751953281167,0.1246283027208663,0.42934469557663396,0.9809136353812338
FILD or FILA ADJUDICATED,8,901254218,zebra,0,770,3,0.2318124939270684,0.003896103896103896,0.0013258926936253902,0.011391775387498288,0.11052533634471677,0.2605507168074891
FILD or FILA ADJUDICATED,8,901254218,zebra,1,769,1,0.28528390590409625,0.0013003901170351106,0.0002295876800841234,0.007328830355107483,0.26061351545512534,0.31022314736665557
FILD or FILA ADJUDICATED,8,901254218,zebra,2,770,5,0.34090150070266856,0.006493506493506494,0.0027767335367897463,0.01510995198893538,0.31029747824803483,0.37432701636192767
FILD or FILA ADJUDICATED,8,901254218,zebra,3,769,6,0.4087876410517612,0.007802340702210663,0.003580646807040671,0.016917035660547395,0.37432903714209376,0.446243930370284
FILD or FILA ADJUDICATED,8,901254218,zebra,4,770,5,0.4919999961766724,0.006493506493506494,0.0027767335367897463,0.01510995198893538,0.4462515041290735,0.5412345068279721
FILD or FILA ADJUDICATED,8,901254218,zebra,5,769,10,0.6048088981566483,0.013003901170351105,0.007078545900378475,0.023770548113126753,0.541323502105738,0.6671378515740566
FILD or FILA ADJUDICATED,8,901254218,zebra,6,769,12,0.7333015273458826,0.015604681404421327,0.008948690331271528,0.027076109455192295,0.6673312960617217,0.7927303182113955
FILD or FILA ADJUDICATED,8,901254218,zebra,7,770,10,0.8477693063395304,0.012987012987012988,0.007069333631553706,0.02373989550567504,0.7931991490157023,0.8998162513949661
FILD or FILA ADJUDICATED,8,901254218,zebra,8,769,20,0.9510578733014248,0.02600780234070221,0.016898117575631134,0.03982950530266702,0.8998170492352966,0.9857866911449585
FILD or FILA ADJUDICATED,8,901254218,zebra,9,770,80,0.9966594614859583,0.1038961038961039,0.0842745420698438,0.1274502976284356,0.9859617212522348,1.0
FILD or FILA ADJUDICATED,8,901254218,genomic,0,770,14,0.07200845070379654,0.01818181818181818,0.010860915582275707,0.030286348444155925,0.03150651938666698,0.0890096046864659
FILD or FILA ADJUDICATED,8,901254218,genomic,1,769,11,0.10145673940539465,0.014304291287386216,0.008005744470847457,0.025431202429137063,0.08908804469229419,0.11351157196272305
FILD or FILA ADJUDICATED,8,901254218,genomic,2,770,13,0.12369956971991186,0.016883116883116882,0.009892721428977881,0.028670033875153024,0.11358578711988573,0.13355074687340407
FILD or FILA ADJUDICATED,8,901254218,genomic,3,769,16,0.14397172308967573,0.02080624187256177,0.01284691135930053,0.033529299973080455,0.13357361222090605,0.15504718684612812
FILD or FILA ADJUDICATED,8,901254218,genomic,4,770,16,0.1657786010794351,0.02077922077922078,0.012830175613871217,0.033486105857161864,0.15505636734325676,0.17651381132426217
FILD or FILA ADJUDICATED,8,901254218,genomic,5,769,8,0.18867629847637832,0.010403120936280884,0.005280654829476248,0.0203927334110704,0.17655100983135327,0.2007386315857515
FILD or FILA ADJUDICATED,8,901254218,genomic,6,769,16,0.21410215466270593,0.02080624187256177,0.01284691135930053,0.033529299973080455,0.20075198613593098,0.22833151266178192
FILD or FILA ADJUDICATED,8,901254218,genomic,7,770,16,0.2450024279438363,0.02077922077922078,0.012830175613871217,0.033486105857161864,0.22835781897941843,0.26173347214365755
FILD or FILA ADJUDICATED,8,901254218,genomic,8,769,24,0.2838286569134508,0.031209362808842653,0.02106088189967261,0.0460181525245427,0.2618009124678507,0.30910516481129907
FILD or FILA ADJUDICATED,8,901254218,genomic,9,770,18,0.36226559639023564,0.023376623376623377,0.014837136266102694,0.036648162649531836,0.30914230082142624,0.5504494702166257
FILD or FILA ADJUDICATED,8,901254218,combined,0,770,4,0.014008725005140525,0.005194805194805195,0.0020219574690050306,0.013280219334419372,0.0063787504285129845,0.018321616635853542
FILD or FILA ADJUDICATED,8,901254218,combined,1,769,5,0.022345781874796113,0.006501950585175552,0.002780348414515579,0.015129481166593194,0.018329184252204627,0.026793746916368627
FILD or FILA ADJUDICATED,8,901254218,combined,2,770,7,0.031416035578983974,0.00909090909090909,0.004410478976495486,0.01864522399383109,0.02681074953040303,0.0364371533465824
FILD or FILA ADJUDICATED,8,901254218,combined,3,769,2,0.04292549831657037,0.002600780234070221,0.0007135177289523901,0.009432753192718508,0.03646379930074894,0.04939956217805618
FILD or FILA ADJUDICATED,8,901254218,combined,4,770,11,0.05698959554556441,0.014285714285714285,0.007995323688185082,0.025398414171344384,0.0494077707035624,0.06625095114467106
FILD or FILA ADJUDICATED,8,901254218,combined,5,769,3,0.07819057166401347,0.0039011703511053317,0.001327618000260774,0.011406505807889416,0.06629197939359929,0.09170189288109495
FILD or FILA ADJUDICATED,8,901254218,combined,6,769,6,0.11000002438820869,0.007802340702210663,0.003580646807040671,0.016917035660547395,0.09178487476941581,0.1299945268691535
FILD or FILA ADJUDICATED,8,901254218,combined,7,770,11,0.1641420680664832,0.014285714285714285,0.007995323688185082,0.025398414171344384,0.13013121335989594,0.20586047544638914
FILD or FILA ADJUDICATED,8,901254218,combined,8,769,21,0.26543875005556206,0.027308192457737322,0.017929533535624646,0.041385942229152796,0.2059093319361203,0.3474495813662151
FILD or FILA ADJUDICATED,8,901254218,combined,9,770,82,0.5080293060390844,0.10649350649350649,0.08662567599181079,0.13026818115107003,0.347877622980215,0.8089662878514605
FILD or FILA ADJUDICATED,9,600930718,zebra,0,770,1,0.23145905550632037,0.0012987012987012987,0.00022928946639889794,0.007319361170123334,0.11052533634471677,0.2596709282003648
FILD or FILA ADJUDICATED,9,600930718,zebra,1,769,1,0.2848639438221786,0.0013003901170351106,0.0002295876800841234,0.007328830355107483,0.25972117591276184,0.3107560012291755
FILD or FILA ADJUDICATED,9,600930718,zebra,2,770,5,0.3408710884059092,0.006493506493506494,0.0027767335367897463,0.01510995198893538,0.3108017895140072,0.37476278437809357
FILD or FILA ADJUDICATED,9,600930718,zebra,3,769,5,0.40861862463197496,0.006501950585175552,0.002780348414515579,0.015129481166593194,0.37511969672903656,0.4452217382542253
FILD or FILA ADJUDICATED,9,600930718,zebra,4,770,9,0.48951372980045216,0.011688311688311689,0.006161243000312308,0.022063477414615715,0.4452869043223011,0.5397068015971073
FILD or FILA ADJUDICATED,9,600930718,zebra,5,769,9,0.6004467885709723,0.011703511053315995,0.006169270449727107,0.022091970677298834,0.5398734294247949,0.6609848703504118
FILD or FILA ADJUDICATED,9,600930718,zebra,6,769,9,0.727364586483169,0.011703511053315995,0.006169270449727107,0.022091970677298834,0.6609998749213049,0.7912322679108842
FILD or FILA ADJUDICATED,9,600930718,zebra,7,770,12,0.8466094642670788,0.015584415584415584,0.008937040176158829,0.027041206405671363,0.7913408419573393,0.901450315923878
FILD or FILA ADJUDICATED,9,600930718,zebra,8,769,25,0.9509589024902442,0.032509752925877766,0.0221158152388249,0.04755107207186972,0.9016638263944464,0.985485854363619
FILD or FILA ADJUDICATED,9,600930718,zebra,9,770,76,0.9963801763560677,0.0987012987012987,0.07958474714757134,0.12180205766150516,0.9855111624726878,1.0
FILD or FILA ADJUDICATED,9,600930718,genomic,0,770,10,3.896584390798875e-05,0.012987012987012988,0.007069333631553706,0.02373989550567504,6.158217066148809e-07,8.395357402813592e-05
FILD or FILA ADJUDICATED,9,600930718,genomic,1,769,18,0.00015881506581369453,0.02340702210663199,0.014856495571086814,0.03669542153425275,8.402683027499631e-05,0.0002554014247330824
FILD or FILA ADJUDICATED,9,600930718,genomic,2,770,14,0.0004070343197168264,0.01818181818181818,0.010860915582275707,0.030286348444155925,0.0002558244316472056,0.000592305792818734
FILD or FILA ADJUDICATED,9,600930718,genomic,3,769,12,0.0008996048311693935,0.015604681404421327,0.008948690331271528,0.027076109455192295,0.0005929386902439834,0.001285438351910993
FILD or FILA ADJUDICATED,9,600930718,genomic,4,770,12,0.0018919616241214858,0.015584415584415584,0.008937040176158829,0.027041206405671363,0.0012880189973213212,0.0026645692997838573
FILD or FILA ADJUDICATED,9,600930718,genomic,5,769,15,0.003955869122755284,0.01950585175552666,0.01185585151954993,0.03193250692635176,0.002665425424358226,0.005448195713598848
FILD or FILA ADJUDICATED,9,600930718,genomic,6,769,12,0.007808270294900113,0.015604681404421327,0.008948690331271528,0.027076109455192295,0.005450707393585792,0.010966972366135782
FILD or FILA ADJUDICATED,9,600930718,genomic,7,770,10,0.01676718826031721,0.012987012987012988,0.007069333631553706,0.02373989550567504,0.010997779338738651,0.024509838826490802
FILD or FILA ADJUDICATED,9,600930718,genomic,8,769,26,0.03980136473464345,0.033810143042912875,0.02317580344494089,0.04907893675223302,0.02453713271138436,0.06355686522963916
FILD or FILA ADJUDICATED,9,600930718,genomic,9,770,23,0.1944404436898264,0.02987012987012987,0.01998520545069876,0.044422637076439384,0.06370077847864382,0.9204819044898792
FILD or FILA ADJUDICATED,9,600930718,combined,0,770,3,0.007909620685226656,0.003896103896103896,0.0013258926936253902,0.011391775387498288,0.0010796742558531235,0.012181977771610371
FILD or FILA ADJUDICATED,9,600930718,combined,1,769,5,0.016740540488982974,0.006501950585175552,0.002780348414515579,0.015129481166593194,0.01219514274067591,0.02134549216243667
FILD or FILA ADJUDICATED,9,600930718,combined,2,770,4,0.026661402500055303,0.005194805194805195,0.0020219574690050306,0.013280219334419372,0.02135519175839311,0.03232138713163831
FILD or FILA ADJUDICATED,9,600930718,combined,3,769,5,0.03957853546928801,0.006501950585175552,0.002780348414515579,0.015129481166593194,0.032327800684615625,0.04716176315292329
FILD or FILA ADJUDICATED,9,600930718,combined,4,770,1,0.05694434840063814,0.0012987012987012987,0.00022928946639889794,0.007319361170123334,0.047178365405071254,0.06746348954176622
FILD or FILA ADJUDICATED,9,600930718,combined,5,769,8,0.08155864843545428,0.010403120936280884,0.005280654829476248,0.0203927334110704,0.0674730032744771,0.09794147360231864
FILD or FILA ADJUDICATED,9,600930718,combined,6,769,12,0.11906340900992302,0.015604681404421327,0.008948690331271528,0.027076109455192295,0.09802726286417209,0.1439497560202347
FILD or FILA ADJUDICATED,9,600930718,combined,7,770,17,0.179599898433536,0.02207792207792208,0.01382933715277743,0.03507145304055638,0.14402742722179,0.22472970354888713
FILD or FILA ADJUDICATED,9,600930718,combined,8,769,19,0.29632925910182595,0.0247074122236671,0.01587360135768905,0.03826616863412981,0.22479771260634612,0.38082139856816
FILD or FILA ADJUDICATED,9,600930718,combined,9,770,78,0.5712826449495444,0.1012987012987013,0.08192751953281167,0.1246283027208663,0.3810333069397127,0.9577919087800446
FILD or FILA ADJUDICATED,10,240607979,zebra,0,770,2,0.23098770594895685,0.0025974025974025974,0.0007125907061236786,0.009420568652699277,0.11052533634471677,0.25957138409114644
FILD or FILA ADJUDICATED,10,240607979,zebra,1,769,2,0.2853317667353739,0.002600780234070221,0.0007135177289523901,0.009432753192718508,0.25960280809138825,0.310953161005303
FILD or FILA ADJUDICATED,10,240607979,zebra,2,770,6,0.33852752867092323,0.007792207792207792,0.0035759904186376326,0.016895203829388215,0.3111904898296658,0.3703153554831447
FILD or FILA ADJUDICATED,10,240607979,zebra,3,769,5,0.4051711174303491,0.006501950585175552,0.002780348414515579,0.015129481166593194,0.37036495959503446,0.44229676031613774
FILD or FILA ADJUDICATED,10,240607979,zebra,4,770,4,0.48861868999670566,0.005194805194805195,0.0020219574690050306,0.013280219334419372,0.4423075505591333,0.539826777222261
FILD or FILA ADJUDICATED,10,240607979,zebra,5,769,11,0.6010646729602878,0.014304291287386216,0.008005744470847457,0.025431202429137063,0.5405732793825522,0.6635610066940673
FILD or FILA ADJUDICATED,10,240607979,zebra,6,769,14,0.7297789203278893,0.018205461638491547,0.010875078260352153,0.030325427299070243,0.6637367749806213,0.7904204327474805
FILD or FILA ADJUDICATED,10,240607979,zebra,7,770,14,0.8457318664487963,0.01818181818181818,0.010860915582275707,0.030286348444155925,0.7904669395525127,0.8996813766473817
FILD or FILA ADJUDICATED,10,240607979,zebra,8,769,21,0.9497656575242032,0.027308192457737322,0.017929533535624646,0.041385942229152796,0.8998307879232259,0.9858607951392028
FILD or FILA ADJUDICATED,10,240607979,zebra,9,770,73,0.9964166177427674,0.09480519480519481,0.07607888344397429,0.11755439519820005,0.9859038413093151,1.0
FILD or FILA ADJUDICATED,10,240607979,genomic,0,770,7,0.008931432552086834,0.00909090909090909,0.004410478976495486,0.01864522399383109,0.0009450613661475443,0.015225781398331775
FILD or FILA ADJUDICATED,10,240607979,genomic,1,769,9,0.021896237700645655,0.011703511053315995,0.006169270449727107,0.022091970677298834,0.015232900910868496,0.02854461924279897
FILD or FILA ADJUDICATED,10,240607979,genomic,2,770,14,0.03547323304884902,0.01818181818181818,0.010860915582275707,0.030286348444155925,0.02855343206429438,0.043096408400926045
FILD or FILA ADJUDICATED,10,240607979,genomic,3,769,13,0.05222582610712339,0.016905071521456438,0.009905619514842359,0.028707033158100748,0.043118919639219884,0.061435883893508125
FILD or FILA ADJUDICATED,10,240607979,genomic,4,770,12,0.07315750386693458,0.015584415584415584,0.008937040176158829,0.027041206405671363,0.061469689344907145,0.08608233213358757
FILD or FILA ADJUDICATED,10,240607979,genomic,5,769,25,0.10118261071556221,0.032509752925877766,0.0221158152388249,0.04755107207186972,0.08616859510347584,0.11816329282126303
FILD or FILA ADJUDICATED,10,240607979,genomic,6,769,16,0.1398980352314409,0.02080624187256177,0.01284691135930053,0.033529299973080455,0.11827108608907692,0.1627464533488188
FILD or FILA ADJUDICATED,10,240607979,genomic,7,770,20,0.1962527431351707,0.025974025974025976,0.016876091691355087,0.03977822466888089,0.16295179131750087,0.23282821330321662
FILD or FILA ADJUDICATED,10,240607979,genomic,8,769,20,0.28705864361421946,0.02600780234070221,0.016898117575631134,0.03982950530266702,0.2328371897978787,0.35448536436908573
FILD or FILA ADJUDICATED,10,240607979,genomic,9,770,16,0.49125954728343124,0.02077922077922078,0.012830175613871217,0.033486105857161864,0.35448858972254393,0.9211408520239992
FILD or FILA ADJUDICATED,10,240607979,combined,0,770,4,0.001879967988620066,0.005194805194805195,0.0020219574690050306,0.013280219334419372,0.00028394692439012335,0.002886079821198879
FILD or FILA ADJUDICATED,10,240607979,combined,1,769,6,0.0039029078339360406,0.007802340702210663,0.003580646807040671,0.016917035660547395,0.0028873313562336484,0.004953392992621719
FILD or FILA ADJUDICATED,10,240607979,combined,2,770,3,0.006302733693378864,0.003896103896103896,0.0013258926936253902,0.011391775387498288,0.004958318288668637,0.0077488853767550235
FILD or FILA ADJUDICATED,10,240607979,combined,3,769,6,0.009491562582700052,0.007802340702210663,0.003580646807040671,0.016917035660547395,0.007757256534016537,0.011301155651483397
FILD or FILA ADJUDICATED,10,240607979,combined,4,770,8,0.013960488463920636,0.01038961038961039,0.005273784940225151,0.020366426752402144,0.011306408066696071,0.01686844908779147
FILD or FILA ADJUDICATED,10,240607979,combined,5,769,10,0.02036581424986055,0.013003901170351105,0.007078545900378475,0.023770548113126753,0.016872646769073817,0.024746128320132038
FILD or FILA ADJUDICATED,10,240607979,combined,6,769,6,0.03170159265785615,0.007802340702210663,0.003580646807040671,0.016917035660547395,0.024747669942020996,0.039803662191683346
FILD or FILA ADJUDICATED,10,240607979,combined,7,770,14,0.052783620876293666,0.01818181818181818,0.010860915582275707,0.030286348444155925,0.039804537419872846,0.07022170163248485
FILD or FILA ADJUDICATED,10,240607979,combined,8,769,20,0.1043224032542993,0.02600780234070221,0.016898117575631134,0.03982950530266702,0.07029939505854414,0.15566363205896466
FILD or FILA ADJUDICATED,10,240607979,combined,9,770,75,0.361486320202947,0.09740259740259741,0.07841500055802125,0.12038729552875452,0.15567538010496296,0.9791695155845869
FILD or FILA ADJUDICATED,11,24781287,zebra,0,770,2,0.23202435450778702,0.0025974025974025974,0.0007125907061236786,0.009420568652699277,0.11052533634471677,0.2602557535887989
FILD or FILA ADJUDICATED,11,24781287,zebra,1,769,1,0.28546966386774375,0.0013003901170351106,0.0002295876800841234,0.007328830355107483,0.2603278428050794,0.3111314412269893
FILD or FILA ADJUDICATED,11,24781287,zebra,2,770,6,0.34138633097652593,0.007792207792207792,0.0035759904186376326,0.016895203829388215,0.31121606017594466,0.37474196822514005
FILD or FILA ADJUDICATED,11,24781287,zebra,3,769,3,0.4092031124024242,0.0039011703511053317,0.001327618000260774,0.011406505807889416,0.374745314783611,0.44571740749231
FILD or FILA ADJUDICATED,11,24781287,zebra,4,770,7,0.48966367210689604,0.00909090909090909,0.004410478976495486,0.01864522399383109,0.4457896957840406,0.5404581129876334
FILD or FILA ADJUDICATED,11,24781287,zebra,5,769,10,0.6004530160865859,0.013003901170351105,0.007078545900378475,0.023770548113126753,0.5406148926383858,0.6638281870023752
FILD or FILA ADJUDICATED,11,24781287,zebra,6,769,11,0.7323698069614868,0.014304291287386216,0.008005744470847457,0.025431202429137063,0.6639428631930064,0.7905015192149166
FILD or FILA ADJUDICATED,11,24781287,zebra,7,770,11,0.8447041694183859,0.014285714285714285,0.007995323688185082,0.025398414171344384,0.7905201229246109,0.8989333182452957
FILD or FILA ADJUDICATED,11,24781287,zebra,8,769,25,0.9495480506601116,0.032509752925877766,0.0221158152388249,0.04755107207186972,0.8989414097210439,0.9859988523659691
FILD or FILA ADJUDICATED,11,24781287,zebra,9,770,76,0.996659618255633,0.0987012987012987,0.07958474714757134,0.12180205766150516,0.9860122135494251,1.0
FILD or FILA ADJUDICATED,11,24781287,genomic,0,770,8,0.0017129503454464414,0.01038961038961039,0.005273784940225151,0.020366426752402144,0.00015127209516183247,0.0027182911931702162
FILD or FILA ADJUDICATED,11,24781287,genomic,1,769,9,0.0036620164009071084,0.011703511053315995,0.006169270449727107,0.022091970677298834,0.0027189377270535487,0.004606890037061316
FILD or FILA ADJUDICATED,11,24781287,genomic,2,770,15,0.005815047410296595,0.01948051948051948,0.011840409174050253,0.0318913635746821,0.004606895877451049,0.00715622058295267
FILD or FILA ADJUDICATED,11,24781287,genomic,3,769,15,0.008701471058020395,0.01950585175552666,0.01185585151954993,0.03193250692635176,0.0071571872712937355,0.010385325814126687
FILD or FILA ADJUDICATED,11,24781287,genomic,4,770,15,0.012474546678791842,0.01948051948051948,0.011840409174050253,0.0318913635746821,0.010392636214141935,0.014884184053411405
FILD or FILA ADJUDICATED,11,24781287,genomic,5,769,14,0.017849269020920253,0.018205461638491547,0.010875078260352153,0.030325427299070243,0.014884790260304667,0.021061270293823566
FILD or FILA ADJUDICATED,11,24781287,genomic,6,769,17,0.02590250002461637,0.022106631989596878,0.013847378881987714,0.03511668533687256,0.021073278064535506,0.03183436485600684
FILD or FILA ADJUDICATED,11,24781287,genomic,7,770,19,0.04037315130374278,0.024675324675324677,0.015852913748522608,0.03821689388941264,0.03184513057823813,0.051382325649138264
FILD or FILA ADJUDICATED,11,24781287,genomic,8,769,17,0.07089004876664971,0.022106631989596878,0.013847378881987714,0.03511668533687256,0.05140207852460627,0.09875376397452572
FILD or FILA ADJUDICATED,11,24781287,genomic,9,770,23,0.20124729668649796,0.02987012987012987,0.01998520545069876,0.044422637076439384,0.0987605624455762,0.9407214948829635
FILD or FILA ADJUDICATED,11,24781287,combined,0,770,2,0.02109782383519444,0.0025974025974025974,0.0007125907061236786,0.009420568652699277,0.004553734404597978,0.03109765048522781
FILD or FILA ADJUDICATED,11,24781287,combined,1,769,4,0.03968859783474652,0.005201560468140442,0.0020245891497467933,0.013297387544882687,0.031098764616846648,0.048532167364528415
FILD or FILA ADJUDICATED,11,24781287,combined,2,770,4,0.05732342066884069,0.005194805194805195,0.0020219574690050306,0.013280219334419372,0.048535846445110914,0.06806741070435143
FILD or FILA ADJUDICATED,11,24781287,combined,3,769,3,0.08108779296726605,0.0039011703511053317,0.001327618000260774,0.011406505807889416,0.06815346846404928,0.09561432643096175
FILD or FILA ADJUDICATED,11,24781287,combined,4,770,6,0.11106092682903065,0.007792207792207792,0.0035759904186376326,0.016895203829388215,0.09563104757574271,0.1275096219480723
FILD or FILA ADJUDICATED,11,24781287,combined,5,769,9,0.1489932698620402,0.011703511053315995,0.006169270449727107,0.022091970677298834,0.12753033603358133,0.17220627912763528
FILD or FILA ADJUDICATED,11,24781287,combined,6,769,7,0.20097309089196777,0.009102730819245773,0.004416223152723785,0.01866931220134357,0.1722358010326758,0.23124086814900693
FILD or FILA ADJUDICATED,11,24781287,combined,7,770,16,0.27211674673948655,0.02077922077922078,0.012830175613871217,0.033486105857161864,0.23140873256993752,0.31742592707378214
FILD or FILA ADJUDICATED,11,24781287,combined,8,769,20,0.38106834091216485,0.02600780234070221,0.016898117575631134,0.03982950530266702,0.31745679457330617,0.4515233121525054
FILD or FILA ADJUDICATED,11,24781287,combined,9,770,81,0.6003856540336736,0.10519480519480519,0.08544960345108563,0.12885974496949448,0.4515918848359824,0.8975032608489119
FILD or FILA ADJUDICATED,12,635099648,zebra,0,770,0,0.23151617281706255,0.0,0.0,0.004964141914221508,0.11052533634471677,0.2610548534071459
FILD or FILA ADJUDICATED,12,635099648,zebra,1,769,2,0.2867860604850682,0.002600780234070221,0.0007135177289523901,0.009432753192718508,0.2611361694817833,0.3130216655048263
FILD or FILA ADJUDICATED,12,635099648,zebra,2,770,3,0.3441539088758805,0.003896103896103896,0.0013258926936253902,0.011391775387498288,0.31321930129365705,0.37642268181506194
FILD or FILA ADJUDICATED,12,635099648,zebra,3,769,4,0.41155589691279404,0.005201560468140442,0.0020245891497467933,0.013297387544882687,0.37643180176667196,0.447934860440336
FILD or FILA ADJUDICATED,12,635099648,zebra,4,770,9,0.4940451748766379,0.011688311688311689,0.006161243000312308,0.022063477414615715,0.44798440931734274,0.545955588164633
FILD or FILA ADJUDICATED,12,635099648,zebra,5,769,9,0.6071820813590814,0.011703511053315995,0.006169270449727107,0.022091970677298834,0.5459965224187812,0.6715718147775875
FILD or FILA ADJUDICATED,12,635099648,zebra,6,769,16,0.7347934284578749,0.02080624187256177,0.01284691135930053,0.033529299973080455,0.6717461495808702,0.7932433714207565
FILD or FILA ADJUDICATED,12,635099648,zebra,7,770,11,0.8484743483939058,0.014285714285714285,0.007995323688185082,0.025398414171344384,0.7933169613526788,0.9041726185512803
FILD or FILA ADJUDICATED,12,635099648,zebra,8,769,20,0.9522692499121246,0.02600780234070221,0.016898117575631134,0.03982950530266702,0.904338845087649,0.985721892962206
FILD or FILA ADJUDICATED,12,635099648,zebra,9,770,78,0.9965190269845117,0.1012987012987013,0.08192751953281167,0.1246283027208663,0.9859038413093151,1.0
FILD or FILA ADJUDICATED,12,635099648,genomic,0,770,11,0.06877889538998064,0.014285714285714285,0.007995323688185082,0.025398414171344384,0.026932324142714747,0.09704627815100492
FILD or FILA ADJUDICATED,12,635099648,genomic,1,769,11,0.12135736903902296,0.014304291287386216,0.008005744470847457,0.025431202429137063,0.09709628913718206,0.1419071438291476
FILD or FILA ADJUDICATED,12,635099648,genomic,2,770,7,0.15600089220541918,0.00909090909090909,0.004410478976495486,0.01864522399383109,0.14190776037411332,0.1694694716665236
FILD or FILA ADJUDICATED,12,635099648,genomic,3,769,15,0.1824789162805561,0.01950585175552666,0.01185585151954993,0.03193250692635176,0.16951750402317542,0.1958320718455465
FILD or FILA ADJUDICATED,12,635099648,genomic,4,770,18,0.20826189575965462,0.023376623376623377,0.014837136266102694,0.036648162649531836,0.19585694489380817,0.22103916596350145
FILD or FILA ADJUDICATED,12,635099648,genomic,5,769,13,0.23353187456842184,0.016905071521456438,0.009905619514842359,0.028707033158100748,0.22108323168602037,0.24690452798661325
FILD or FILA ADJUDICATED,12,635099648,genomic,6,769,16,0.26182385212438725,0.02080624187256177,0.01284691135930053,0.033529299973080455,0.2469132748566887,0.27589036829440916
FILD or FILA ADJUDICATED,12,635099648,genomic,7,770,18,0.29246148905099006,0.023376623376623377,0.014837136266102694,0.036648162649531836,0.2759951839811811,0.30913283550583004
FILD or FILA ADJUDICATED,12,635099648,genomic,8,769,20,0.3300967015922293,0.02600780234070221,0.016898117575631134,0.03982950530266702,0.3091434852117646,0.3542229579681796
FILD or FILA ADJUDICATED,12,635099648,genomic,9,770,23,0.39430568019831813,0.02987012987012987,0.01998520545069876,0.044422637076439384,0.35422954185289324,0.5231137282977897
FILD or FILA ADJUDICATED,12,635099648,combined,0,770,0,0.01874411388668899,0.0,0.0,0.004964141914221508,0.010657980303007407,0.022263224362087473
FILD or FILA ADJUDICATED,12,635099648,combined,1,769,7,0.02485214522153901,0.009102730819245773,0.004416223152723785,0.01866931220134357,0.022270218324446533,0.027278101871367453
FILD or FILA ADJUDICATED,12,635099648,combined,2,770,5,0.029603145880379926,0.006493506493506494,0.0027767335367897463,0.01510995198893538,0.027284530908252932,0.03205190270353223
FILD or FILA ADJUDICATED,12,635099648,combined,3,769,5,0.03508133462537421,0.006501950585175552,0.002780348414515579,0.015129481166593194,0.03205417789642466,0.03818985739576161
FILD or FILA ADJUDICATED,12,635099648,combined,4,770,8,0.04172923626607713,0.01038961038961039,0.005273784940225151,0.020366426752402144,0.038190917367300035,0.04559023979050827
FILD or FILA ADJUDICATED,12,635099648,combined,5,769,9,0.050385740295085836,0.011703511053315995,0.006169270449727107,0.022091970677298834,0.045605586369361975,0.056282458508534
FILD or FILA ADJUDICATED,12,635099648,combined,6,769,7,0.06377535935534254,0.009102730819245773,0.004416223152723785,0.01866931220134357,0.056296222314858486,0.07267650799490809
FILD or FILA ADJUDICATED,12,635099648,combined,7,770,16,0.0869195815917204,0.02077922077922078,0.012830175613871217,0.033486105857161864,0.07267807408160827,0.10543758487670274
FILD or FILA ADJUDICATED,12,635099648,combined,8,769,15,0.1361487076796771,0.01950585175552666,0.01185585151954993,0.03193250692635176,0.10549587232227546,0.173080866646815
FILD or FILA ADJUDICATED,12,635099648,combined,9,770,80,0.26561064956209207,0.1038961038961039,0.0842745420698438,0.1274502976284356,0.17310509103603886,0.5918000401538303
FILD or FILA ADJUDICATED,13,141387367,zebra,0,770,2,0.2326023605602544,0.0025974025974025974,0.0007125907061236786,0.009420568652699277,0.11052533634471677,0.2615951007755146
FILD or FILA ADJUDICATED,13,141387367,zebra,1,769,1,0.28767996254393796,0.0013003901170351106,0.0002295876800841234,0.007328830355107483,0.2616884930296223,0.3139344306469154
FILD or FILA ADJUDICATED,13,141387367,zebra,2,770,7,0.3450192976717058,0.00909090909090909,0.004410478976495486,0.01864522399383109,0.3139379434880472,0.3767025563913176
FILD or FILA ADJUDICATED,13,141387367,zebra,3,769,6,0.410841906236114,0.007802340702210663,0.003580646807040671,0.016917035660547395,0.37683945180767486,0.4469570249946754
FILD or FILA ADJUDICATED,13,141387367,zebra,4,770,8,0.4903677895942953,0.01038961038961039,0.005273784940225151,0.020366426752402144,0.44715602283742534,0.538853101911673
FILD or FILA ADJUDICATED,13,141387367,zebra,5,769,9,0.5997979684364955,0.011703511053315995,0.006169270449727107,0.022091970677298834,0.5389318981564682,0.6637299821228352
FILD or FILA ADJUDICATED,13,141387367,zebra,6,769,6,0.7308657406629319,0.007802340702210663,0.003580646807040671,0.016917035660547395,0.6637367749806213,0.7900095297159757
FILD or FILA ADJUDICATED,13,141387367,zebra,7,770,14,0.8454420372595333,0.01818181818181818,0.010860915582275707,0.030286348444155925,0.7904204327474805,0.9011530019691986
FILD or FILA ADJUDICATED,13,141387367,zebra,8,769,19,0.9506361378950967,0.0247074122236671,0.01587360135768905,0.03826616863412981,0.901189661903329,0.9859072326047379
FILD or FILA ADJUDICATED,13,141387367,zebra,9,770,80,0.9966158061269348,0.1038961038961039,0.0842745420698438,0.1274502976284356,0.9859102920779055,1.0
FILD or FILA ADJUDICATED,13,141387367,genomic,0,770,13,0.08250563597292485,0.016883116883116882,0.009892721428977881,0.028670033875153024,0.014870056541632391,0.11459666169898562
FILD or FILA ADJUDICATED,13,141387367,genomic,1,769,13,0.13650509678652015,0.016905071521456438,0.009905619514842359,0.028707033158100748,0.11468516267195897,0.15888912149132062
FILD or FILA ADJUDICATED,13,141387367,genomic,2,770,12,0.17983579205708555,0.015584415584415584,0.008937040176158829,0.027041206405671363,0.15893184883531325,0.20091332061638037
FILD or FILA ADJUDICATED,13,141387367,genomic,3,769,16,0.22035583846536175,0.02080624187256177,0.01284691135930053,0.033529299973080455,0.20095536036531178,0.23884315603488876
FILD or FILA ADJUDICATED,13,141387367,genomic,4,770,21,0.2596927213189381,0.02727272727272727,0.017906160074157684,0.04133266500837901,0.23889172056031854,0.28041712537694335
FILD or FILA ADJUDICATED,13,141387367,genomic,5,769,15,0.300593140395117,0.01950585175552666,0.01185585151954993,0.03193250692635176,0.28048316354266783,0.3236957301593071
FILD or FILA ADJUDICATED,13,141387367,genomic,6,769,13,0.34504487924153915,0.016905071521456438,0.009905619514842359,0.028707033158100748,0.3237109335719043,0.3668205030311569
FILD or FILA ADJUDICATED,13,141387367,genomic,7,770,20,0.39581716207006923,0.025974025974025976,0.016876091691355087,0.03977822466888089,0.36683260990286587,0.42695529123614384
FILD or FILA ADJUDICATED,13,141387367,genomic,8,769,15,0.4632944713293136,0.01950585175552666,0.01185585151954993,0.03193250692635176,0.4270390808962694,0.5044548787495423
FILD or FILA ADJUDICATED,13,141387367,genomic,9,770,14,0.577190961813106,0.01818181818181818,0.010860915582275707,0.030286348444155925,0.5047555136074462,0.7972660136957861
FILD or FILA ADJUDICATED,13,141387367,combined,0,770,1,0.017447797074562642,0.0012987012987012987,0.00022928946639889794,0.007319361170123334,0.009597250524450917,0.020674138502037177
FILD or FILA ADJUDICATED,13,141387367,combined,1,769,5,0.02359634071326423,0.006501950585175552,0.002780348414515579,0.015129481166593194,0.020678074480481486,0.026551247891499763
FILD or FILA ADJUDICATED,13,141387367,combined,2,770,5,0.03080510309921857,0.006493506493506494,0.0027767335367897463,0.01510995198893538,0.026572666587337677,0.03553769486921199
FILD or FILA ADJUDICATED,13,141387367,combined,3,769,8,0.042734604258486464,0.010403120936280884,0.005280654829476248,0.0203927334110704,0.03554195713135211,0.05157485363075291
FILD or FILA ADJUDICATED,13,141387367,combined,4,770,4,0.06301690535890449,0.005194805194805195,0.0020219574690050306,0.013280219334419372,0.051629949685102705,0.07529384763845028
FILD or FILA ADJUDICATED,13,141387367,combined,5,769,11,0.09004945868199472,0.014304291287386216,0.008005744470847457,0.025431202429137063,0.0753843377479888,0.1062995256985983
FILD or FILA ADJUDICATED,13,141387367,combined,6,769,6,0.12357994644780758,0.007802340702210663,0.003580646807040671,0.016917035660547395,0.10632598060717409,0.14301571657579398
FILD or FILA ADJUDICATED,13,141387367,combined,7,770,8,0.16588825604561486,0.01038961038961039,0.005273784940225151,0.020366426752402144,0.1430532113770301,0.19097375847040987
FILD or FILA ADJUDICATED,13,141387367,combined,8,769,24,0.22667212346074714,0.031209362808842653,0.02106088189967261,0.0460181525245427,0.1910508338895116,0.26921588044848394
FILD or FILA ADJUDICATED,13,141387367,combined,9,770,80,0.36918501285774113,0.1038961038961039,0.0842745420698438,0.1274502976284356,0.2694785891537923,0.610343752705117
FILD or FILA ADJUDICATED,14,1887021617,zebra,0,770,0,0.23226885427785976,0.0,0.0,0.004964141914221508,0.11052533634471677,0.2617403435599508
FILD or FILA ADJUDICATED,14,1887021617,zebra,1,769,1,0.28741919312030295,0.0013003901170351106,0.0002295876800841234,0.007328830355107483,0.2617774313723784,0.31407907401238033
FILD or FILA ADJUDICATED,14,1887021617,zebra,2,770,7,0.34546978433593656,0.00909090909090909,0.004410478976495486,0.01864522399383109,0.3141082182410059,0.37976696926465103
FILD or FILA ADJUDICATED,14,1887021617,zebra,3,769,3,0.4139056026046466,0.0039011703511053317,0.001327618000260774,0.011406505807889416,0.37980389621887717,0.4499127724585104
FILD or FILA ADJUDICATED,14,1887021617,zebra,4,770,10,0.49359087841323224,0.012987012987012988,0.007069333631553706,0.02373989550567504,0.4499845616612384,0.5431483003360806
FILD or FILA ADJUDICATED,14,1887021617,zebra,5,769,12,0.6048610100071946,0.015604681404421327,0.008948690331271528,0.027076109455192295,0.5433213455863211,0.6684634110766353
FILD or FILA ADJUDICATED,14,1887021617,zebra,6,769,9,0.7340775386272598,0.011703511053315995,0.006169270449727107,0.022091970677298834,0.6687315969512554,0.7933169613526788
FILD or FILA ADJUDICATED,14,1887021617,zebra,7,770,12,0.849224707111992,0.015584415584415584,0.008937040176158829,0.027041206405671363,0.7933931341101216,0.9025689321917897
FILD or FILA ADJUDICATED,14,1887021617,zebra,8,769,20,0.9513118410201067,0.02600780234070221,0.016898117575631134,0.03982950530266702,0.9026265878413079,0.9856611905222097
FILD or FILA ADJUDICATED,14,1887021617,zebra,9,770,78,0.9964621502744301,0.1012987012987013,0.08192751953281167,0.1246283027208663,0.9856793662718599,1.0
FILD or FILA ADJUDICATED,14,1887021617,genomic,0,770,13,0.0016311831075023413,0.016883116883116882,0.009892721428977881,0.028670033875153024,8.853488541783901e-05,0.003466726959220115
FILD or FILA ADJUDICATED,14,1887021617,genomic,1,769,10,0.006676157922841307,0.013003901170351105,0.007078545900378475,0.023770548113126753,0.003505067680990513,0.010665747589882861
FILD or FILA ADJUDICATED,14,1887021617,genomic,2,770,11,0.014823036269453669,0.014285714285714285,0.007995323688185082,0.025398414171344384,0.010668592939187774,0.019526198012652166
FILD or FILA ADJUDICATED,14,1887021617,genomic,3,769,12,0.024831448739644872,0.015604681404421327,0.008948690331271528,0.027076109455192295,0.019535923128555236,0.030287738133006538
FILD or FILA ADJUDICATED,14,1887021617,genomic,4,770,7,0.037257975245774434,0.00909090909090909,0.004410478976495486,0.01864522399383109,0.030298239828944067,0.044426573491925254
FILD or FILA ADJUDICATED,14,1887021617,genomic,5,769,14,0.05387061708847514,0.018205461638491547,0.010875078260352153,0.030325427299070243,0.04443189089124324,0.06434772040614051
FILD or FILA ADJUDICATED,14,1887021617,genomic,6,769,13,0.07630649924505435,0.016905071521456438,0.009905619514842359,0.028707033158100748,0.06439917201886262,0.08944621831911555
FILD or FILA ADJUDICATED,14,1887021617,genomic,7,770,22,0.10903608781525369,0.02857142857142857,0.018942666074440347,0.04288066773039707,0.08945637680651285,0.13266643464141306
FILD or FILA ADJUDICATED,14,1887021617,genomic,8,769,21,0.16679753037182884,0.027308192457737322,0.017929533535624646,0.041385942229152796,0.1327003888854051,0.21222377696220823
FILD or FILA ADJUDICATED,14,1887021617,genomic,9,770,29,0.33403354872810964,0.03766233766233766,0.02634909255576484,0.05356580230517764,0.21223865411620596,0.8680682397923568
FILD or FILA ADJUDICATED,14,1887021617,combined,0,770,6,0.014688243338138889,0.007792207792207792,0.0035759904186376326,0.016895203829388215,0.004034986924831212,0.02026299118992845
FILD or FILA ADJUDICATED,14,1887021617,combined,1,769,4,0.025106749491371257,0.005201560468140442,0.0020245891497467933,0.013297387544882687,0.020274145898177255,0.029957216837282245
FILD or FILA ADJUDICATED,14,1887021617,combined,2,770,7,0.03480454940112739,0.00909090909090909,0.004410478976495486,0.01864522399383109,0.029969512388348114,0.040204130478393774
FILD or FILA ADJUDICATED,14,1887021617,combined,3,769,5,0.04603269940559582,0.006501950585175552,0.002780348414515579,0.015129481166593194,0.040241476885179844,0.05222341054403867
FILD or FILA ADJUDICATED,14,1887021617,combined,4,770,6,0.060529028301664,0.007792207792207792,0.0035759904186376326,0.016895203829388215,0.052241144614615084,0.06939973341253483
FILD or FILA ADJUDICATED,14,1887021617,combined,5,769,5,0.0801451349395663,0.006501950585175552,0.002780348414515579,0.015129481166593194,0.06940964948531282,0.09256296044034261
FILD or FILA ADJUDICATED,14,1887021617,combined,6,769,9,0.11123920355743697,0.011703511053315995,0.006169270449727107,0.022091970677298834,0.09259970234016542,0.13220517656808287
FILD or FILA ADJUDICATED,14,1887021617,combined,7,770,14,0.16345107595033434,0.01818181818181818,0.010860915582275707,0.030286348444155925,0.1323558854550678,0.20391004721770845
FILD or FILA ADJUDICATED,14,1887021617,combined,8,769,14,0.2725356733231046,0.018205461638491547,0.010875078260352153,0.030325427299070243,0.20397332870686952,0.3680238557677094
FILD or FILA ADJUDICATED,14,1887021617,combined,9,770,82,0.5660230202730177,0.10649350649350649,0.08662567599181079,0.13026818115107003,0.3696074929372845,0.8554033367914059
FILD or FILA ADJUDICATED,15,652485927,zebra,0,770,2,0.2319202126238337,0.0025974025974025974,0.0007125907061236786,0.009420568652699277,0.11693488945217027,0.2601982884591711
FILD or FILA ADJUDICATED,15,652485927,zebra,1,769,1,0.2843773337142695,0.0013003901170351106,0.0002295876800841234,0.007328830355107483,0.2602557535887989,0.3108017895140072
FILD or FILA ADJUDICATED,15,652485927,zebra,2,770,3,0.3403502407197176,0.003896103896103896,0.0013258926936253902,0.011391775387498288,0.31080703418834127,0.37368099139752986
FILD or FILA ADJUDICATED,15,652485927,zebra,3,769,3,0.4069513202427534,0.0039011703511053317,0.001327618000260774,0.011406505807889416,0.3738414017884197,0.44302324706577123
FILD or FILA ADJUDICATED,15,652485927,zebra,4,770,7,0.48622752671975994,0.00909090909090909,0.004410478976495486,0.01864522399383109,0.44305511428543076,0.536850197496605
FILD or FILA ADJUDICATED,15,652485927,zebra,5,769,6,0.5991512881300005,0.007802340702210663,0.003580646807040671,0.016917035660547395,0.537133769264307,0.6628262091853885
FILD or FILA ADJUDICATED,15,652485927,zebra,6,769,13,0.7281387120895424,0.016905071521456438,0.009905619514842359,0.028707033158100748,0.662980433012624,0.7881281794221368
FILD or FILA ADJUDICATED,15,652485927,zebra,7,770,16,0.8466072238690402,0.02077922077922078,0.012830175613871217,0.033486105857161864,0.7881395459198441,0.898712194658097
FILD or FILA ADJUDICATED,15,652485927,zebra,8,769,25,0.948242938715209,0.032509752925877766,0.0221158152388249,0.04755107207186972,0.898799002791246,0.9843899686874735
FILD or FILA ADJUDICATED,15,652485927,zebra,9,770,76,0.9960315512116533,0.0987012987012987,0.07958474714757134,0.12180205766150516,0.9844196976031211,1.0
FILD or FILA ADJUDICATED,15,652485927,genomic,0,770,9,0.00011702331364907337,0.011688311688311689,0.006161243000312308,0.022063477414615715,5.462752925584435e-07,0.0002645947055352182
FILD or FILA ADJUDICATED,15,652485927,genomic,1,769,16,0.000477292390496222,0.02080624187256177,0.01284691135930053,0.033529299973080455,0.00026505551452420817,0.000718793403934435
FILD or FILA ADJUDICATED,15,652485927,genomic,2,770,12,0.0010781647439515262,0.015584415584415584,0.008937040176158829,0.027041206405671363,0.0007190951679949068,0.0015164295232667562
FILD or FILA ADJUDICATED,15,652485927,genomic,3,769,14,0.002058250173254173,0.018205461638491547,0.010875078260352153,0.030325427299070243,0.0015167275032537985,0.002661773350330182
FILD or FILA ADJUDICATED,15,652485927,genomic,4,770,16,0.0035873192366084983,0.02077922077922078,0.012830175613871217,0.033486105857161864,0.0026642078919823678,0.004598934465491695
FILD or FILA ADJUDICATED,15,652485927,genomic,5,769,17,0.006146735384040469,0.022106631989596878,0.013847378881987714,0.03511668533687256,0.004599779737549802,0.008040072607578563
FILD or FILA ADJUDICATED,15,652485927,genomic,6,769,18,0.011322563532261751,0.02340702210663199,0.014856495571086814,0.03669542153425275,0.00804516557253684,0.01532606829369842
FILD or FILA ADJUDICATED,15,652485927,genomic,7,770,18,0.021180563540700324,0.023376623376623377,0.014837136266102694,0.036648162649531836,0.015337677050907555,0.02909110777686273
FILD or FILA ADJUDICATED,15,652485927,genomic,8,769,14,0.04410492552573254,0.018205461638491547,0.010875078260352153,0.030325427299070243,0.029156611944227813,0.06861819399022832
FILD or FILA ADJUDICATED,15,652485927,genomic,9,770,18,0.18217500726380195,0.023376623376623377,0.014837136266102694,0.036648162649531836,0.06873930527336793,0.8844898653382758
FILD or FILA ADJUDICATED,15,652485927,combined,0,770,4,0.01082854503575794,0.005194805194805195,0.0020219574690050306,0.013280219334419372,0.004777722548160709,0.013848720536731652
FILD or FILA ADJUDICATED,15,652485927,combined,1,769,6,0.016180906932254022,0.007802340702210663,0.003580646807040671,0.016917035660547395,0.013853390459837772,0.018324461250124532
FILD or FILA ADJUDICATED,15,652485927,combined,2,770,4,0.02096990042278909,0.005194805194805195,0.0020219574690050306,0.013280219334419372,0.018330026558099736,0.02363692524618261
FILD or FILA ADJUDICATED,15,652485927,combined,3,769,5,0.02645895229551404,0.006501950585175552,0.002780348414515579,0.015129481166593194,0.023641958254179796,0.02949218484635963
FILD or FILA ADJUDICATED,15,652485927,combined,4,770,4,0.0330700933163652,0.005194805194805195,0.0020219574690050306,0.013280219334419372,0.029497753177338302,0.0366065945266977
FILD or FILA ADJUDICATED,15,652485927,combined,5,769,9,0.041412353307238914,0.011703511053315995,0.006169270449727107,0.022091970677298834,0.0366072051418141,0.046633147427595445
FILD or FILA ADJUDICATED,15,652485927,combined,6,769,11,0.05329442624171572,0.014304291287386216,0.008005744470847457,0.025431202429137063,0.046670446816006655,0.06084512348104718
FILD or FILA ADJUDICATED,15,652485927,combined,7,770,13,0.0717539487517389,0.016883116883116882,0.009892721428977881,0.028670033875153024,0.06085650958035112,0.08464088651543154
FILD or FILA ADJUDICATED,15,652485927,combined,8,769,22,0.10985039835834895,0.02860858257477243,0.01896739582103829,0.04293593283021844,0.08465139931640593,0.14565364194542285
FILD or FILA ADJUDICATED,15,652485927,combined,9,770,74,0.29671683304402746,0.09610389610389611,0.07724637265453546,0.1189714147099396,0.1457240504401835,0.7717403137280813
FILD or FILA ADJUDICATED,16,1703799941,zebra,0,770,2,0.2318601406473012,0.0025974025974025974,0.0007125907061236786,0.009420568652699277,0.11052533634471677,0.2595342312515357
FILD or FILA ADJUDICATED,16,1703799941,zebra,1,769,2,0.2843266534131377,0.002600780234070221,0.0007135177289523901,0.009432753192718508,0.2595377195273793,0.3097860621109589
FILD or FILA ADJUDICATED,16,1703799941,zebra,2,770,4,0.34005531711402737,0.005194805194805195,0.0020219574690050306,0.013280219334419372,0.3098251927759929,0.3722326306867366
FILD or FILA ADJUDICATED,16,1703799941,zebra,3,769,5,0.4067409586257867,0.006501950585175552,0.002780348414515579,0.015129481166593194,0.37225914109998853,0.4430004186630965
FILD or FILA ADJUDICATED,16,1703799941,zebra,4,770,6,0.4865362486007279,0.007792207792207792,0.0035759904186376326,0.016895203829388215,0.44302324706577123,0.5374405249829425
FILD or FILA ADJUDICATED,16,1703799941,zebra,5,769,3,0.5981117223937508,0.0039011703511053317,0.001327618000260774,0.011406505807889416,0.5375047849740061,0.6637367749806213
FILD or FILA ADJUDICATED,16,1703799941,zebra,6,769,16,0.7299229158148882,0.02080624187256177,0.01284691135930053,0.033529299973080455,0.6639313742761924,0.7898361713635328
FILD or FILA ADJUDICATED,16,1703799941,zebra,7,770,16,0.844035050356736,0.02077922077922078,0.012830175613871217,0.033486105857161864,0.789896992430299,0.89888716529185
FILD or FILA ADJUDICATED,16,1703799941,zebra,8,769,21,0.9476375730172717,0.027308192457737322,0.017929533535624646,0.041385942229152796,0.8989333182452957,0.9846988562571408
FILD or FILA ADJUDICATED,16,1703799941,zebra,9,770,77,0.9962031244983323,0.1,0.08075559305709225,0.12321572047428499,0.984722294496873,1.0
FILD or FILA ADJUDICATED,16,1703799941,genomic,0,770,8,0.007664130334650132,0.01038961038961039,0.005273784940225151,0.020366426752402144,0.0010202270708530583,0.012807094425442747
FILD or FILA ADJUDICATED,16,1703799941,genomic,1,769,11,0.018272522265009992,0.014304291287386216,0.008005744470847457,0.025431202429137063,0.012819940590410635,0.0238440790638194
FILD or FILA ADJUDICATED,16,1703799941,genomic,2,770,16,0.030444378338439663,0.02077922077922078,0.012830175613871217,0.033486105857161864,0.02387301902687505,0.03757454490910938
FILD or FILA ADJUDICATED,16,1703799941,genomic,3,769,13,0.04597056367228519,0.016905071521456438,0.009905619514842359,0.028707033158100748,0.03761995888421926,0.0550398915683458
FILD or FILA ADJUDICATED,16,1703799941,genomic,4,770,16,0.06588873836615679,0.02077922077922078,0.012830175613871217,0.033486105857161864,0.05505008497813578,0.07775511928384114
FILD or FILA ADJUDICATED,16,1703799941,genomic,5,769,15,0.09198535393701666,0.01950585175552666,0.01185585151954993,0.03193250692635176,0.07775523330538656,0.10781992282025506
FILD or FILA ADJUDICATED,16,1703799941,genomic,6,769,14,0.12784759989685093,0.018205461638491547,0.010875078260352153,0.030325427299070243,0.10782047666504492,0.1510694944288198
FILD or FILA ADJUDICATED,16,1703799941,genomic,7,770,16,0.1803269855782239,0.02077922077922078,0.012830175613871217,0.033486105857161864,0.15126748318067398,0.215160556226439
FILD or FILA ADJUDICATED,16,1703799941,genomic,8,769,16,0.26613911623482095,0.02080624187256177,0.01284691135930053,0.033529299973080455,0.21543985760811313,0.32707482535722865
FILD or FILA ADJUDICATED,16,1703799941,genomic,9,770,27,0.45257152564229347,0.03506493506493506,0.02420895239571475,0.05053692502062628,0.3271950679468085,0.8816050299231204
FILD or FILA ADJUDICATED,16,1703799941,combined,0,770,2,0.009548634332743874,0.0025974025974025974,0.0007125907061236786,0.009420568652699277,0.0015853472985115778,0.014695548893097182
FILD or FILA ADJUDICATED,16,1703799941,combined,1,769,4,0.018983592878745747,0.005201560468140442,0.0020245891497467933,0.013297387544882687,0.014720316038400108,0.02371730292087792
FILD or FILA ADJUDICATED,16,1703799941,combined,2,770,1,0.029485226447189133,0.0012987012987012987,0.00022928946639889794,0.007319361170123334,0.023719120337657048,0.035682440158279365
FILD or FILA ADJUDICATED,16,1703799941,combined,3,769,6,0.04280780150488151,0.007802340702210663,0.003580646807040671,0.016917035660547395,0.03569193003274561,0.05085755372527211
FILD or FILA ADJUDICATED,16,1703799941,combined,4,770,6,0.06009181824470844,0.007792207792207792,0.0035759904186376326,0.016895203829388215,0.05086126692606382,0.0706609003900604
FILD or FILA ADJUDICATED,16,1703799941,combined,5,769,7,0.0851200751586353,0.009102730819245773,0.004416223152723785,0.01866931220134357,0.07068243189462592,0.10066352436228403
FILD or FILA ADJUDICATED,16,1703799941,combined,6,769,13,0.12165576714959261,0.016905071521456438,0.009905619514842359,0.028707033158100748,0.10066420131784634,0.1446563272571579
FILD or FILA ADJUDICATED,16,1703799941,combined,7,770,13,0.1802119987573926,0.016883116883116882,0.009892721428977881,0.028670033875153024,0.1447174189183462,0.22546140612069643
FILD or FILA ADJUDICATED,16,1703799941,combined,8,769,24,0.2964789292626073,0.031209362808842653,0.02106088189967261,0.0460181525245427,0.22549683694171907,0.3891129157345428
FILD or FILA ADJUDICATED,16,1703799941,combined,9,770,76,0.588258946433249,0.0987012987012987,0.07958474714757134,0.12180205766150516,0.389696180075405,0.9622207955787015
FILD or FILA ADJUDICATED,17,1940430485,zebra,0,770,3,0.23238458039763854,0.003896103896103896,0.0013258926936253902,0.011391775387498288,0.11052533634471677,0.26095244343517615
FILD or FILA ADJUDICATED,17,1940430485,zebra,1,769,1,0.2865544111480519,0.0013003901170351106,0.0002295876800841234,0.007328830355107483,0.26099906075218154,0.31382641006507933
FILD or FILA ADJUDICATED,17,1940430485,zebra,2,770,4,0.3448389996144963,0.005194805194805195,0.0020219574690050306,0.013280219334419372,0.3138532163788822,0.3782556368826368
FILD or FILA ADJUDICATED,17,1940430485,zebra,3,769,7,0.4134301510159639,0.009102730819245773,0.004416223152723785,0.01866931220134357,0.3783168895143431,0.4492273624574113
FILD or FILA ADJUDICATED,17,1940430485,zebra,4,770,8,0.49435209255706625,0.01038961038961039,0.005273784940225151,0.020366426752402144,0.4493382830520594,0.5461749441468922
FILD or FILA ADJUDICATED,17,1940430485,zebra,5,769,11,0.6075046841736242,0.014304291287386216,0.008005744470847457,0.025431202429137063,0.5462795610538824,0.6705597758755064
FILD or FILA ADJUDICATED,17,1940430485,zebra,6,769,11,0.7344645717569108,0.014304291287386216,0.008005744470847457,0.025431202429137063,0.6707924338791881,0.7921103357490558
FILD or FILA ADJUDICATED,17,1940430485,zebra,7,770,10,0.8472648945022542,0.012987012987012988,0.007069333631553706,0.02373989550567504,0.7921354450694238,0.901189661903329
FILD or FILA ADJUDICATED,17,1940430485,zebra,8,769,25,0.9510687814905577,0.032509752925877766,0.0221158152388249,0.04755107207186972,0.9012048016712629,0.9857425356329601
FILD or FILA ADJUDICATED,17,1940430485,zebra,9,770,72,0.9964013855502585,0.09350649350649351,0.07491255360413981,0.11613621631573379,0.9858032066519998,1.0
FILD or FILA ADJUDICATED,17,1940430485,genomic,0,770,14,0.0005357973695615632,0.01818181818181818,0.010860915582275707,0.030286348444155925,1.85932276485703e-05,0.0010382906840462006
FILD or FILA ADJUDICATED,17,1940430485,genomic,1,769,8,0.0017364074850705145,0.010403120936280884,0.005280654829476248,0.0203927334110704,0.0010405288314549914,0.002550017181843365
FILD or FILA ADJUDICATED,17,1940430485,genomic,2,770,11,0.0037989148351732357,0.014285714285714285,0.007995323688185082,0.025398414171344384,0.0025500817574819618,0.005206279003552432
FILD or FILA ADJUDICATED,17,1940430485,genomic,3,769,11,0.006920622208088,0.014304291287386216,0.008005744470847457,0.025431202429137063,0.005212273048679013,0.009096398555825107
FILD or FILA ADJUDICATED,17,1940430485,genomic,4,770,22,0.012163410960512148,0.02857142857142857,0.018942666074440347,0.04288066773039707,0.00910509717584754,0.015642236888479967
FILD or FILA ADJUDICATED,17,1940430485,genomic,5,769,19,0.020900973888374787,0.0247074122236671,0.01587360135768905,0.03826616863412981,0.015642334444129116,0.027178766014045952
FILD or FILA ADJUDICATED,17,1940430485,genomic,6,769,17,0.03628090038533925,0.022106631989596878,0.013847378881987714,0.03511668533687256,0.02722168237886815,0.04733123661215954
FILD or FILA ADJUDICATED,17,1940430485,genomic,7,770,17,0.06465386966046031,0.02207792207792208,0.01382933715277743,0.03507145304055638,0.04744455906803298,0.08590003236271695
FILD or FILA ADJUDICATED,17,1940430485,genomic,8,769,17,0.1290051136981908,0.022106631989596878,0.013847378881987714,0.03511668533687256,0.08592338212403515,0.18546597583085714
FILD or FILA ADJUDICATED,17,1940430485,genomic,9,770,16,0.3477130336901799,0.02077922077922078,0.012830175613871217,0.033486105857161864,0.18554350193704522,0.9067667900730635
FILD or FILA ADJUDICATED,17,1940430485,combined,0,770,3,0.010524892370472482,0.003896103896103896,0.0013258926936253902,0.011391775387498288,0.002812699925647957,0.014564328088997632
FILD or FILA ADJUDICATED,17,1940430485,combined,1,769,6,0.018193595062951505,0.007802340702210663,0.003580646807040671,0.016917035660547395,0.014574232617733584,0.021979051856971684
FILD or FILA ADJUDICATED,17,1940430485,combined,2,770,5,0.026368886510572793,0.006493506493506494,0.0027767335367897463,0.01510995198893538,0.021985236075676363,0.03093827043092544
FILD or FILA ADJUDICATED,17,1940430485,combined,3,769,4,0.03659663864238169,0.005201560468140442,0.0020245891497467933,0.013297387544882687,0.03095986081362152,0.042883914570389654
FILD or FILA ADJUDICATED,17,1940430485,combined,4,770,11,0.05026773159112344,0.014285714285714285,0.007995323688185082,0.025398414171344384,0.042902833592243936,0.05851104746024157
FILD or FILA ADJUDICATED,17,1940430485,combined,5,769,10,0.07068734538573265,0.013003901170351105,0.007078545900378475,0.023770548113126753,0.058539208452684253,0.08532402054054783
FILD or FILA ADJUDICATED,17,1940430485,combined,6,769,9,0.1038341337690805,0.011703511053315995,0.006169270449727107,0.022091970677298834,0.0853973054019595,0.12474992993035189
FILD or FILA ADJUDICATED,17,1940430485,combined,7,770,14,0.15432781308551674,0.01818181818181818,0.010860915582275707,0.030286348444155925,0.12475411699142978,0.19181909212205525
FILD or FILA ADJUDICATED,17,1940430485,combined,8,769,21,0.25152891176180714,0.027308192457737322,0.017929533535624646,0.041385942229152796,0.19184486517216726,0.3251155141660939
FILD or FILA ADJUDICATED,17,1940430485,combined,9,770,69,0.5184781326214264,0.08961038961038961,0.07142073783803138,0.11187450591494005,0.32525798602296335,0.8740932416112
FILD or FILA ADJUDICATED,18,908618432,zebra,0,770,3,0.2316613616704231,0.003896103896103896,0.0013258926936253902,0.011391775387498288,0.11693488945217027,0.26042717504277124
FILD or FILA ADJUDICATED,18,908618432,zebra,1,769,1,0.28627640033460455,0.0013003901170351106,0.0002295876800841234,0.007328830355107483,0.2605507168074891,0.31237812141757126
FILD or FILA ADJUDICATED,18,908618432,zebra,2,770,7,0.34298174058478714,0.00909090909090909,0.004410478976495486,0.01864522399383109,0.3124139229420949,0.3754533784657197
FILD or FILA ADJUDICATED,18,908618432,zebra,3,769,4,0.4106128305561405,0.005201560468140442,0.0020245891497467933,0.013297387544882687,0.3756760952334964,0.4477058143755784
FILD or FILA ADJUDICATED,18,908618432,zebra,4,770,11,0.49462124924404344,0.014285714285714285,0.007995323688185082,0.025398414171344384,0.4477151358421824,0.5473893599396664
FILD or FILA ADJUDICATED,18,908618432,zebra,5,769,10,0.6058163342087385,0.013003901170351105,0.007078545900378475,0.023770548113126753,0.5476393176499057,0.6700763923966143
FILD or FILA ADJUDICATED,18,908618432,zebra,6,769,8,0.7397208191094958,0.010403120936280884,0.005280654829476248,0.0203927334110704,0.6703025118052282,0.800156329417954
FILD or FILA ADJUDICATED,18,908618432,zebra,7,770,10,0.854852498902848,0.012987012987012988,0.007069333631553706,0.02373989550567504,0.8004555005644389,0.9085010652190294
FILD or FILA ADJUDICATED,18,908618432,zebra,8,769,20,0.9555339481455348,0.02600780234070221,0.016898117575631134,0.03982950530266702,0.9086342865970354,0.9874135235232654
FILD or FILA ADJUDICATED,18,908618432,zebra,9,770,78,0.9969383041829573,0.1012987012987013,0.08192751953281167,0.1246283027208663,0.9874447825853907,1.0
FILD or FILA ADJUDICATED,18,908618432,genomic,0,770,11,0.008183902065735788,0.014285714285714285,0.007995323688185082,0.025398414171344384,0.0014234995410214455,0.012748178179196741
FILD or FILA ADJUDICATED,18,908618432,genomic,1,769,12,0.01761378851593941,0.015604681404421327,0.008948690331271528,0.027076109455192295,0.012749495980228382,0.0224520513037537
FILD or FILA ADJUDICATED,18,908618432,genomic,2,770,16,0.028891532155429226,0.02077922077922078,0.012830175613871217,0.033486105857161864,0.022459566513508562,0.036258628379021045
FILD or FILA ADJUDICATED,18,908618432,genomic,3,769,12,0.04489658944384165,0.015604681404421327,0.008948690331271528,0.027076109455192295,0.03626035775561522,0.05451085155275034
FILD or FILA ADJUDICATED,18,908618432,genomic,4,770,16,0.06664432569166412,0.02077922077922078,0.012830175613871217,0.033486105857161864,0.0545306956369767,0.08039214734445863
FILD or FILA ADJUDICATED,18,908618432,genomic,5,769,13,0.09623559601640434,0.016905071521456438,0.009905619514842359,0.028707033158100748,0.08039381874977068,0.11335917641669478
FILD or FILA ADJUDICATED,18,908618432,genomic,6,769,17,0.13825379842796526,0.022106631989596878,0.013847378881987714,0.03511668533687256,0.11358314410376613,0.16731773899493502
FILD or FILA ADJUDICATED,18,908618432,genomic,7,770,13,0.2014587851025593,0.016883116883116882,0.009892721428977881,0.028670033875153024,0.16735704204585278,0.24553302064573965
FILD or FILA ADJUDICATED,18,908618432,genomic,8,769,18,0.30398502530549876,0.02340702210663199,0.014856495571086814,0.03669542153425275,0.24554086222064217,0.3721437306759485
FILD or FILA ADJUDICATED,18,908618432,genomic,9,770,24,0.5178415873355569,0.03116883116883117,0.021033415527337528,0.04595893572210135,0.37230638294767887,0.8998569966180758
FILD or FILA ADJUDICATED,18,908618432,combined,0,770,2,0.022195098147667274,0.0025974025974025974,0.0007125907061236786,0.009420568652699277,0.008162129639778786,0.02926495716657465
FILD or FILA ADJUDICATED,18,908618432,combined,1,769,4,0.0351752800873495,0.005201560468140442,0.0020245891497467933,0.013297387544882687,0.02927207353554702,0.04148922592679417
FILD or FILA ADJUDICATED,18,908618432,combined,2,770,5,0.049231698759679546,0.006493506493506494,0.0027767335367897463,0.01510995198893538,0.0414918397732187,0.05783668324685783
FILD or FILA ADJUDICATED,18,908618432,combined,3,769,7,0.0692148508436131,0.009102730819245773,0.004416223152723785,0.01866931220134357,0.057871247643231226,0.0833405469330335
FILD or FILA ADJUDICATED,18,908618432,combined,4,770,10,0.10279686880337839,0.012987012987012988,0.007069333631553706,0.02373989550567504,0.08334729819653776,0.12430728482823158
FILD or FILA ADJUDICATED,18,908618432,combined,5,769,6,0.15383752947743845,0.007802340702210663,0.003580646807040671,0.016917035660547395,0.12437423855729263,0.18738990262058486
FILD or FILA ADJUDICATED,18,908618432,combined,6,769,11,0.22272707626270677,0.014304291287386216,0.008005744470847457,0.025431202429137063,0.18743220030637506,0.2598581473539271
FILD or FILA ADJUDICATED,18,908618432,combined,7,770,8,0.30509232452099877,0.01038961038961039,0.005273784940225151,0.020366426752402144,0.25988003542141297,0.3526179774825822
FILD or FILA ADJUDICATED,18,908618432,combined,8,769,15,0.4124751311281687,0.01950585175552666,0.01185585151954993,0.03193250692635176,0.3526683654249114,0.47773477993426616
FILD or FILA ADJUDICATED,18,908618432,combined,9,770,84,0.5933555854350397,0.10909090909090909,0.08898079075880169,0.1330820838286806,0.47775960829016084,0.8485634082197312
FILD or FILA ADJUDICATED,19,1691610011,zebra,0,770,2,0.23151604433169756,0.0025974025974025974,0.0007125907061236786,0.009420568652699277,0.11052533634471677,0.2601982884591711
FILD or FILA ADJUDICATED,19,1691610011,zebra,1,769,1,0.28747172533346355,0.0013003901170351106,0.0002295876800841234,0.007328830355107483,0.2603712147413345,0.3141082182410059
FILD or FILA ADJUDICATED,19,1691610011,zebra,2,770,4,0.34468076851930696,0.005194805194805195,0.0020219574690050306,0.013280219334419372,0.31417476516546644,0.37605806753507426
FILD or FILA ADJUDICATED,19,1691610011,zebra,3,769,3,0.41143455519215166,0.0039011703511053317,0.001327618000260774,0.011406505807889416,0.37606160153816026,0.4486562263513438
FILD or FILA ADJUDICATED,19,1691610011,zebra,4,770,5,0.4923920547754224,0.006493506493506494,0.0027767335367897463,0.01510995198893538,0.44868642390728164,0.5418524641444505
FILD or FILA ADJUDICATED,19,1691610011,zebra,5,769,10,0.6043583062610797,0.013003901170351105,0.007078545900378475,0.023770548113126753,0.5418736368405029,0.6694562869243691
FILD or FILA ADJUDICATED,19,1691610011,zebra,6,769,13,0.7349051158116333,0.016905071521456438,0.009905619514842359,0.028707033158100748,0.6695284955270118,0.7937301011637126
FILD or FILA ADJUDICATED,19,1691610011,zebra,7,770,13,0.848696893780532,0.016883116883116882,0.009892721428977881,0.028670033875153024,0.7941226953828616,0.9005276567023855
FILD or FILA ADJUDICATED,19,1691610011,zebra,8,769,24,0.9506898459636303,0.031209362808842653,0.02106088189967261,0.0460181525245427,0.9009422577424787,0.9853533817341006
FILD or FILA ADJUDICATED,19,1691610011,zebra,9,770,77,0.9965839868790073,0.1,0.08075559305709225,0.12321572047428499,0.9853734854622751,1.0
FILD or FILA ADJUDICATED,19,1691610011,genomic,0,770,8,0.04115594314545997,0.01038961038961039,0.005273784940225151,0.020366426752402144,0.0029383637960766797,0.06462658199732552
FILD or FILA ADJUDICATED,19,1691610011,genomic,1,769,10,0.08268648553053176,0.013003901170351105,0.007078545900378475,0.023770548113126753,0.0647220445941358,0.10184294334585839
FILD or FILA ADJUDICATED,19,1691610011,genomic,2,770,16,0.12223867818374945,0.02077922077922078,0.012830175613871217,0.033486105857161864,0.10188825229804414,0.14311798648670276
FILD or FILA ADJUDICATED,19,1691610011,genomic,3,769,17,0.16300519272045594,0.022106631989596878,0.013847378881987714,0.03511668533687256,0.1431340436263397,0.18314411532765937
FILD or FILA ADJUDICATED,19,1691610011,genomic,4,770,16,0.20456098182555404,0.02077922077922078,0.012830175613871217,0.033486105857161864,0.18315607261402433,0.2290909692174844
FILD or FILA ADJUDICATED,19,1691610011,genomic,5,769,17,0.25321231397717814,0.022106631989596878,0.013847378881987714,0.03511668533687256,0.22932027775127492,0.2794281393122313
FILD or FILA ADJUDICATED,19,1691610011,genomic,6,769,10,0.31124682470254383,0.013003901170351105,0.007078545900378475,0.023770548113126753,0.279584586417025,0.34357984852085444
FILD or FILA ADJUDICATED,19,1691610011,genomic,7,770,16,0.3844026596702424,0.02077922077922078,0.012830175613871217,0.033486105857161864,0.34359332626482125,0.4282703000954779
FILD or FILA ADJUDICATED,19,1691610011,genomic,8,769,12,0.4867501788648644,0.015604681404421327,0.008948690331271528,0.027076109455192295,0.4283265177388437,0.5595505672059847
FILD or FILA ADJUDICATED,19,1691610011,genomic,9,770,30,0.6874322750711667,0.03896103896103896,0.027425421610463595,0.05507398197277961,0.5600427523267979,0.9193681207289331
FILD or FILA ADJUDICATED,19,1691610011,combined,0,770,4,0.034301993425469926,0.005194805194805195,0.0020219574690050306,0.013280219334419372,0.016976102627218746,0.04422938753051355
FILD or FILA ADJUDICATED,19,1691610011,combined,1,769,2,0.054437713602396486,0.002600780234070221,0.0007135177289523901,0.009432753192718508,0.04424363486954931,0.06519055435481055
FILD or FILA ADJUDICATED,19,1691610011,combined,2,770,3,0.07717072901911959,0.003896103896103896,0.0013258926936253902,0.011391775387498288,0.06526789496126555,0.09069116571696667
FILD or FILA ADJUDICATED,19,1691610011,combined,3,769,8,0.10446759338200316,0.010403120936280884,0.005280654829476248,0.0203927334110704,0.09074235994027158,0.11883256032294594
FILD or FILA ADJUDICATED,19,1691610011,combined,4,770,3,0.13440197292654332,0.003896103896103896,0.0013258926936253902,0.011391775387498288,0.11883914839064277,0.15024394377954867
FILD or FILA ADJUDICATED,19,1691610011,combined,5,769,12,0.16656225985142,0.015604681404421327,0.008948690331271528,0.027076109455192295,0.15025556470620272,0.18367196588610643
FILD or FILA ADJUDICATED,19,1691610011,combined,6,769,12,0.2042951180201742,0.015604681404421327,0.008948690331271528,0.027076109455192295,0.18376159328811886,0.22682087027139003
FILD or FILA ADJUDICATED,19,1691610011,combined,7,770,14,0.2595228303322257,0.01818181818181818,0.010860915582275707,0.030286348444155925,0.22683093558375153,0.2982053313883025
FILD or FILA ADJUDICATED,19,1691610011,combined,8,769,20,0.3491632850889325,0.02600780234070221,0.016898117575631134,0.03982950530266702,0.29829637969816714,0.40215879077994066
FILD or FILA ADJUDICATED,19,1691610011,combined,9,770,74,0.5271253571091455,0.09610389610389611,0.07724637265453546,0.1189714147099396,0.40240169508429857,0.7582228395938124
FILD or FILA ADJUDICATED,20,1552999739,zebra,0,770,1,0.23123879317450197,0.0012987012987012987,0.00022928946639889794,0.007319361170123334,0.11693488945217027,0.26079868222778724
FILD or FILA ADJUDICATED,20,1552999739,zebra,1,769,2,0.28722721237817933,0.002600780234070221,0.0007135177289523901,0.009432753192718508,0.2608962737897288,0.3136785307331101
FILD or FILA ADJUDICATED,20,1552999739,zebra,2,770,5,0.3446372080147835,0.006493506493506494,0.0027767335367897463,0.01510995198893538,0.31368937483522585,0.3782008532247399
FILD or FILA ADJUDICATED,20,1552999739,zebra,3,769,7,0.4127344418890591,0.009102730819245773,0.004416223152723785,0.01866931220134357,0.37821837889202076,0.4479285752187333
FILD or FILA ADJUDICATED,20,1552999739,zebra,4,770,10,0.4932668764681253,0.012987012987012988,0.007069333631553706,0.02373989550567504,0.44798440931734274,0.5433213455863211
FILD or FILA ADJUDICATED,20,1552999739,zebra,5,769,8,0.6012852695565363,0.010403120936280884,0.005280654829476248,0.0203927334110704,0.543539525335139,0.6610983369942656
FILD or FILA ADJUDICATED,20,1552999739,zebra,6,769,7,0.7278566016781826,0.009102730819245773,0.004416223152723785,0.01866931220134357,0.6615039843134092,0.7887575909874593
FILD or FILA ADJUDICATED,20,1552999739,zebra,7,770,14,0.8443393495701942,0.01818181818181818,0.010860915582275707,0.030286348444155925,0.7889768531409792,0.8981964241969762
FILD or FILA ADJUDICATED,20,1552999739,zebra,8,769,21,0.9495505256685599,0.027308192457737322,0.017929533535624646,0.041385942229152796,0.8984329645210939,0.9860843461239837
FILD or FILA ADJUDICATED,20,1552999739,zebra,9,770,77,0.9965655702305658,0.1,0.08075559305709225,0.12321572047428499,0.986090694495255,1.0
FILD or FILA ADJUDICATED,20,1552999739,genomic,0,770,9,0.0216978243802901,0.011688311688311689,0.006161243000312308,0.022063477414615715,0.0023277525759247473,0.03186941321764952
FILD or FILA ADJUDICATED,20,1552999739,genomic,1,769,11,0.041225055148756434,0.014304291287386216,0.008005744470847457,0.025431202429137063,0.031872197574558864,0.05003464632479971
FILD or FILA ADJUDICATED,20,1552999739,genomic,2,770,7,0.058827357282732064,0.00909090909090909,0.004410478976495486,0.01864522399383109,0.05010039876929023,0.0677347382074081
FILD or FILA ADJUDICATED,20,1552999739,genomic,3,769,10,0.07752742253024417,0.013003901170351105,0.007078545900378475,0.023770548113126753,0.06773567686553669,0.0882375598294713
FILD or FILA ADJUDICATED,20,1552999739,genomic,4,770,24,0.10033095320307907,0.03116883116883117,0.021033415527337528,0.04595893572210135,0.08828460158067883,0.11303873673898446
FILD or FILA ADJUDICATED,20,1552999739,genomic,5,769,15,0.12776037012633823,0.01950585175552666,0.01185585151954993,0.03193250692635176,0.11304265416524832,0.14243266819696346
FILD or FILA ADJUDICATED,20,1552999739,genomic,6,769,15,0.16089252650964497,0.01950585175552666,0.01185585151954993,0.03193250692635176,0.14244660042159385,0.1813232839025223
FILD or FILA ADJUDICATED,20,1552999739,genomic,7,770,15,0.20672373701189622,0.01948051948051948,0.011840409174050253,0.0318913635746821,0.1813903379733674,0.23508642591787615
FILD or FILA ADJUDICATED,20,1552999739,genomic,8,769,17,0.2786375548378122,0.022106631989596878,0.013847378881987714,0.03511668533687256,0.23515818100097433,0.33305947080974607
FILD or FILA ADJUDICATED,20,1552999739,genomic,9,770,29,0.4505185475188955,0.03766233766233766,0.02634909255576484,0.05356580230517764,0.3332259910334487,0.8075576629319152
FILD or FILA ADJUDICATED,20,1552999739,combined,0,770,2,0.04703920836305385,0.0025974025974025974,0.0007125907061236786,0.009420568652699277,0.021180660453232306,0.05838770745512576
FILD or FILA ADJUDICATED,20,1552999739,combined,1,769,4,0.06699756085893684,0.005201560468140442,0.0020245891497467933,0.013297387544882687,0.05840108862322508,0.07499921748595235
FILD or FILA ADJUDICATED,20,1552999739,combined,2,770,6,0.08379443792888629,0.007792207792207792,0.0035759904186376326,0.016895203829388215,0.07500223406561976,0.09309771451865756
FILD or FILA ADJUDICATED,20,1552999739,combined,3,769,4,0.10407828824736994,0.005201560468140442,0.0020245891497467933,0.013297387544882687,0.09315179078072079,0.11603133218220807
FILD or FILA ADJUDICATED,20,1552999739,combined,4,770,8,0.13237056795331603,0.01038961038961039,0.005273784940225151,0.020366426752402144,0.11603457784615397,0.15196092068880052
FILD or FILA ADJUDICATED,20,1552999739,combined,5,769,9,0.17825837448507365,0.011703511053315995,0.006169270449727107,0.022091970677298834,0.1520032616960508,0.20877502443941603
FILD or FILA ADJUDICATED,20,1552999739,combined,6,769,8,0.24171258115396793,0.010403120936280884,0.005280654829476248,0.0203927334110704,0.2088203827114278,0.274580463142073
FILD or FILA ADJUDICATED,20,1552999739,combined,7,770,12,0.3143734166959241,0.015584415584415584,0.008937040176158829,0.027041206405671363,0.27467904883131955,0.3564935296058626
FILD or FILA ADJUDICATED,20,1552999739,combined,8,769,15,0.4177984200842266,0.01950585175552666,0.01185585151954993,0.03193250692635176,0.3565027963124907,0.48765498662383655
FILD or FILA ADJUDICATED,20,1552999739,combined,9,770,84,0.5880294140528641,0.10909090909090909,0.08898079075880169,0.1330820838286806,0.48774514019149756,0.8163233175972402
FILD or FILA ADJUDICATED,21,9901539,zebra,0,770,1,0.2319617892240487,0.0012987012987012987,0.00022928946639889794,0.007319361170123334,0.11052533634471677,0.2606748348571001
FILD or FILA ADJUDICATED,21,9901539,zebra,1,769,2,0.28517784080880754,0.002600780234070221,0.0007135177289523901,0.009432753192718508,0.2607572849048813,0.31044486610500327
FILD or FILA ADJUDICATED,21,9901539,zebra,2,770,4,0.3398003154308058,0.005194805194805195,0.0020219574690050306,0.013280219334419372,0.3105256754942942,0.37116929306467183
FILD or FILA ADJUDICATED,21,9901539,zebra,3,769,4,0.4051139755069055,0.005201560468140442,0.0020245891497467933,0.013297387544882687,0.3711992981781743,0.4430004186630965
FILD or FILA ADJUDICATED,21,9901539,zebra,4,770,6,0.4890225984019059,0.007792207792207792,0.0035759904186376326,0.016895203829388215,0.44305511428543076,0.5405732793825522
FILD or FILA ADJUDICATED,21,9901539,zebra,5,769,11,0.6028573454306985,0.014304291287386216,0.008005744470847457,0.025431202429137063,0.5406148926383858,0.6676453929864515
FILD or FILA ADJUDICATED,21,9901539,zebra,6,769,6,0.7344698245494715,0.007802340702210663,0.003580646807040671,0.016917035660547395,0.6677034443254622,0.7952997811114956
FILD or FILA ADJUDICATED,21,9901539,zebra,7,770,14,0.8507035561053868,0.01818181818181818,0.010860915582275707,0.030286348444155925,0.7956201096020127,0.9041726185512803
FILD or FILA ADJUDICATED,21,9901539,zebra,8,769,26,0.9534692928492169,0.033810143042912875,0.02317580344494089,0.04907893675223302,0.9042426403322399,0.9861384169293421
FILD or FILA ADJUDICATED,21,9901539,zebra,9,770,78,0.9966342615324771,0.1012987012987013,0.08192751953281167,0.1246283027208663,0.9861733406921771,1.0
FILD or FILA ADJUDICATED,21,9901539,genomic,0,770,7,0.054495779033895346,0.00909090909090909,0.004410478976495486,0.01864522399383109,0.01833048745520052,0.06710244269953407
FILD or FILA ADJUDICATED,21,9901539,genomic,1,769,12,0.08938675916158338,0.015604681404421327,0.008948690331271528,0.027076109455192295,0.06710492368945198,0.14619750415051552
FILD or FILA ADJUDICATED,21,9901539,genomic,2,770,13,0.16590798279939278,0.016883116883116882,0.009892721428977881,0.028670033875153024,0.14620771386598544,0.177675145316267
FILD or FILA ADJUDICATED,21,9901539,genomic,3,769,12,0.18337657508244354,0.015604681404421327,0.008948690331271528,0.027076109455192295,0.17776055794774143,0.18803704421334316
FILD or FILA ADJUDICATED,21,9901539,genomic,4,770,10,0.19185697048663983,0.012987012987012988,0.007069333631553706,0.02373989550567504,0.1880632634081571,0.19510322081471973
FILD or FILA ADJUDICATED,21,9901539,genomic,5,769,18,0.19831100726714765,0.02340702210663199,0.014856495571086814,0.03669542153425275,0.19511567221732973,0.20144353225375372
FILD or FILA ADJUDICATED,21,9901539,genomic,6,769,12,0.20468068186308472,0.015604681404421327,0.008948690331271528,0.027076109455192295,0.20144353225375372,0.20795133913198693
FILD or FILA ADJUDICATED,21,9901539,genomic,7,770,15,0.2119799959840339,0.01948051948051948,0.011840409174050253,0.0318913635746821,0.20795133913198693,0.21665102514916693
FILD or FILA ADJUDICATED,21,9901539,genomic,8,769,13,0.22617250894383945,0.016905071521456438,0.009905619514842359,0.028707033158100748,0.21666932424347243,0.24711166660997388
FILD or FILA ADJUDICATED,21,9901539,genomic,9,770,40,0.2714934884025633,0.05194805194805195,0.03837894604260543,0.06996554476364501,0.24714829979084504,0.31101591422059255
FILD or FILA ADJUDICATED,21,9901539,combined,0,770,4,0.0005100181571969578,0.005194805194805195,0.0020219574690050306,0.013280219334419372,4.826780036938822e-05,0.0008979463616843608
FILD or FILA ADJUDICATED,21,9901539,combined,1,769,3,0.001337361553386214,0.0039011703511053317,0.001327618000260774,0.011406505807889416,0.0008984027290491818,0.0018360290621053429
FILD or FILA ADJUDICATED,21,9901539,combined,2,770,3,0.0025438012924034093,0.003896103896103896,0.0013258926936253902,0.011391775387498288,0.0018389917636799527,0.003336862266987978
FILD or FILA ADJUDICATED,21,9901539,combined,3,769,5,0.004473356181982591,0.006501950585175552,0.002780348414515579,0.015129481166593194,0.003339923644098811,0.005827360647816926
FILD or FILA ADJUDICATED,21,9901539,combined,4,770,4,0.007571835778164122,0.005194805194805195,0.0020219574690050306,0.013280219334419372,0.0058284744398061855,0.00973752698271358
FILD or FILA ADJUDICATED,21,9901539,combined,5,769,13,0.013102413820485959,0.016905071521456438,0.009905619514842359,0.028707033158100748,0.009741001791307982,0.017211743058490832
FILD or FILA ADJUDICATED,21,9901539,combined,6,769,11,0.02412201908200308,0.014304291287386216,0.008005744470847457,0.025431202429137063,0.017222991491708226,0.033106329751227334
FILD or FILA ADJUDICATED,21,9901539,combined,7,770,13,0.04884761502445986,0.016883116883116882,0.009892721428977881,0.028670033875153024,0.033114087811051275,0.068809711621045
FILD or FILA ADJUDICATED,21,9901539,combined,8,769,26,0.10821849953549785,0.033810143042912875,0.02317580344494089,0.04907893675223302,0.06889008414352807,0.1656751094327181
FILD or FILA ADJUDICATED,21,9901539,combined,9,770,70,0.39743516791427363,0.09090909090909091,0.07258345829677551,0.11329629417849665,0.165982689003393,0.9801911502549978
FILD or FILA ADJUDICATED,22,814105639,zebra,0,770,2,0.2324121725106644,0.0025974025974025974,0.0007125907061236786,0.009420568652699277,0.11693488945217027,0.26115603578262536
FILD or FILA ADJUDICATED,22,814105639,zebra,1,769,1,0.28638345275958044,0.0013003901170351106,0.0002295876800841234,0.007328830355107483,0.2611638888339737,0.3119538397677216
FILD or FILA ADJUDICATED,22,814105639,zebra,2,770,6,0.34135469233465093,0.007792207792207792,0.0035759904186376326,0.016895203829388215,0.31197732063783695,0.373671192654601
FILD or FILA ADJUDICATED,22,814105639,zebra,3,769,4,0.40926965528436055,0.005201560468140442,0.0020245891497467933,0.013297387544882687,0.37368099139752986,0.44729874340067893
FILD or FILA ADJUDICATED,22,814105639,zebra,4,770,6,0.49161817829186244,0.007792207792207792,0.0035759904186376326,0.016895203829388215,0.4473804798830254,0.5407678656479292
FILD or FILA ADJUDICATED,22,814105639,zebra,5,769,8,0.6033609831661422,0.010403120936280884,0.005280654829476248,0.0203927334110704,0.5407863218214698,0.6669227467367701
FILD or FILA ADJUDICATED,22,814105639,zebra,6,769,12,0.7333067162146143,0.015604681404421327,0.008948690331271528,0.027076109455192295,0.6671378515740566,0.7934061048039297
FILD or FILA ADJUDICATED,22,814105639,zebra,7,770,11,0.8477289068999517,0.014285714285714285,0.007995323688185082,0.025398414171344384,0.7934919360090515,0.9026265878413079
FILD or FILA ADJUDICATED,22,814105639,zebra,8,769,19,0.9517476532432475,0.0247074122236671,0.01587360135768905,0.03826616863412981,0.9029687037824873,0.9869404095019643
FILD or FILA ADJUDICATED,22,814105639,zebra,9,770,83,0.9968857916920787,0.10779220779220779,0.0878027436258213,0.13167562223936025,0.9869461498123293,1.0
FILD or FILA ADJUDICATED,22,814105639,genomic,0,770,13,2.3739131901597526e-06,0.016883116883116882,0.009892721428977881,0.028670033875153024,7.025283501175508e-08,4.717929525718499e-06
FILD or FILA ADJUDICATED,22,814105639,genomic,1,769,14,7.567818499173137e-06,0.018205461638491547,0.010875078260352153,0.030325427299070243,4.722679587880289e-06,1.0920628535483902e-05
FILD or FILA ADJUDICATED,22,814105639,genomic,2,770,12,1.5882507911931726e-05,0.015584415584415584,0.008937040176158829,0.027041206405671363,1.0922113546744633e-05,2.218194158134884e-05
FILD or FILA ADJUDICATED,22,814105639,genomic,3,769,13,3.0285849075730148e-05,0.016905071521456438,0.009905619514842359,0.028707033158100748,2.2183700525933734e-05,3.991003465288352e-05
FILD or FILA ADJUDICATED,22,814105639,genomic,4,770,12,5.440368134963129e-05,0.015584415584415584,0.008937040176158829,0.027041206405671363,4.002005186578328e-05,7.129373636430766e-05
FILD or FILA ADJUDICATED,22,814105639,genomic,5,769,14,9.738156788420259e-05,0.018205461638491547,0.010875078260352153,0.030325427299070243,7.132456421506136e-05,0.0001279184826971048
FILD or FILA ADJUDICATED,22,814105639,genomic,6,769,17,0.0001778519070806408,0.022106631989596878,0.013847378881987714,0.03511668533687256,0.0001281240680153761,0.00024016117625937704
FILD or FILA ADJUDICATED,22,814105639,genomic,7,770,16,0.0003544976849050622,0.02077922077922078,0.012830175613871217,0.033486105857161864,0.00024018197966282976,0.0005155909059143094
FILD or FILA ADJUDICATED,22,814105639,genomic,8,769,25,0.0009154681806779889,0.032509752925877766,0.0221158152388249,0.04755107207186972,0.0005166353023921473,0.0016142959519336814
FILD or FILA ADJUDICATED,22,814105639,genomic,9,770,16,0.011890526417626472,0.02077922077922078,0.012830175613871217,0.033486105857161864,0.0016146037959992433,0.3093522308220783
FILD or FILA ADJUDICATED,22,814105639,combined,0,770,2,0.018174790539747937,0.0025974025974025974,0.0007125907061236786,0.009420568652699277,0.00995596435631184,0.02260184002799252
FILD or FILA ADJUDICATED,22,814105639,combined,1,769,3,0.026235390094825586,0.0039011703511053317,0.001327618000260774,0.011406505807889416,0.022603442676011117,0.029982726644659344
FILD or FILA ADJUDICATED,22,814105639,combined,2,770,8,0.03458628988444686,0.01038961038961039,0.005273784940225151,0.020366426752402144,0.029992949809844245,0.039374693044566554
FILD or FILA ADJUDICATED,22,814105639,combined,3,769,1,0.046051743728400575,0.0013003901170351106,0.0002295876800841234,0.007328830355107483,0.03940877275543079,0.05347327679756743
FILD or FILA ADJUDICATED,22,814105639,combined,4,770,5,0.0619570334826138,0.006493506493506494,0.0027767335367897463,0.01510995198893538,0.05347580505228131,0.07080184607257954
FILD or FILA ADJUDICATED,22,814105639,combined,5,769,7,0.08242479704393213,0.009102730819245773,0.004416223152723785,0.01866931220134357,0.07087022652977829,0.0939711228234366
FILD or FILA ADJUDICATED,22,814105639,combined,6,769,10,0.10849058670415772,0.013003901170351105,0.007078545900378475,0.023770548113126753,0.09397728247292571,0.12470230572709019
FILD or FILA ADJUDICATED,22,814105639,combined,7,770,12,0.1479297125366716,0.015584415584415584,0.008937040176158829,0.027041206405671363,0.12471055412496083,0.1751060998127022
FILD or FILA ADJUDICATED,22,814105639,combined,8,769,22,0.21376629502644992,0.02860858257477243,0.01896739582103829,0.04293593283021844,0.17510975769234707,0.2624144189372109
FILD or FILA ADJUDICATED,22,814105639,combined,9,770,82,0.3654057749909979,0.10649350649350649,0.08662567599181079,0.13026818115107003,0.26245158252094514,0.6101409422932228
FILD or FILA ADJUDICATED,23,1109149096,zebra,0,770,3,0.23353770599226312,0.003896103896103896,0.0013258926936253902,0.011391775387498288,0.11052533634471677,0.26280161537040997
FILD or FILA ADJUDICATED,23,1109149096,zebra,1,769,2,0.2884028447643477,0.002600780234070221,0.0007135177289523901,0.009432753192718508,0.26286504287269014,0.3141319913763451
FILD or FILA ADJUDICATED,23,1109149096,zebra,2,770,4,0.3440997087929521,0.005194805194805195,0.0020219574690050306,0.013280219334419372,0.31418714569765976,0.3754533784657197
FILD or FILA ADJUDICATED,23,1109149096,zebra,3,769,2,0.4122771619784881,0.002600780234070221,0.0007135177289523901,0.009432753192718508,0.37556410307577726,0.4495140671623082
FILD or FILA ADJUDICATED,23,1109149096,zebra,4,770,7,0.4933306192063995,0.00909090909090909,0.004410478976495486,0.01864522399383109,0.44973227909715946,0.543539525335139
FILD or FILA ADJUDICATED,23,1109149096,zebra,5,769,7,0.603171305208831,0.009102730819245773,0.004416223152723785,0.01866931220134357,0.5435939073302997,0.6644593682619329
FILD or FILA ADJUDICATED,23,1109149096,zebra,6,769,9,0.7295066207511957,0.011703511053315995,0.006169270449727107,0.022091970677298834,0.6644660370297129,0.7892800059753806
FILD or FILA ADJUDICATED,23,1109149096,zebra,7,770,14,0.8454474947996037,0.01818181818181818,0.010860915582275707,0.030286348444155925,0.7896947460373092,0.9004332446160401
FILD or FILA ADJUDICATED,23,1109149096,zebra,8,769,21,0.9491138985510491,0.027308192457737322,0.017929533535624646,0.041385942229152796,0.9005024272058008,0.9859617212522348
FILD or FILA ADJUDICATED,23,1109149096,zebra,9,770,83,0.9966044641371578,0.10779220779220779,0.0878027436258213,0.13167562223936025,0.9859879776718901,1.0
FILD or FILA ADJUDICATED,23,1109149096,genomic,0,770,9,0.000957875750558894,0.011688311688311689,0.006161243000312308,0.022063477414615715,8.353684565126331e-05,0.001822549081217609
FILD or FILA ADJUDICATED,23,1109149096,genomic,1,769,12,0.003023716659737454,0.015604681404421327,0.008948690331271528,0.027076109455192295,0.0018232890401536804,0.004603157528937268
FILD or FILA ADJUDICATED,23,1109149096,genomic,2,770,14,0.0067973888088910285,0.01818181818181818,0.010860915582275707,0.030286348444155925,0.004610308661090304,0.009361753717014169
FILD or FILA ADJUDICATED,23,1109149096,genomic,3,769,12,0.014091690933788084,0.015604681404421327,0.008948690331271528,0.027076109455192295,0.00936318756740096,0.020488895490668377
FILD or FILA ADJUDICATED,23,1109149096,genomic,4,770,10,0.029681565306291954,0.012987012987012988,0.007069333631553706,0.02373989550567504,0.02049264511480775,0.04091196837220536
FILD or FILA ADJUDICATED,23,1109149096,genomic,5,769,13,0.056026740763567805,0.016905071521456438,0.009905619514842359,0.028707033158100748,0.040925006370713536,0.07326212649322476
FILD or FILA ADJUDICATED,23,1109149096,genomic,6,769,23,0.0969378905267823,0.02990897269180754,0.02001129965969971,0.04447988187803632,0.07326531644073607,0.12293549231388866
FILD or FILA ADJUDICATED,23,1109149096,genomic,7,770,15,0.16090052938119223,0.01948051948051948,0.011840409174050253,0.0318913635746821,0.12294673832211658,0.20429605685186472
FILD or FILA ADJUDICATED,23,1109149096,genomic,8,769,20,0.26502499959252174,0.02600780234070221,0.016898117575631134,0.03982950530266702,0.20435978337757962,0.3446293563658075
FILD or FILA ADJUDICATED,23,1109149096,genomic,9,770,24,0.49835046464665445,0.03116883116883117,0.021033415527337528,0.04595893572210135,0.3451666078358171,0.9436718733632767
FILD or FILA ADJUDICATED,23,1109149096,combined,0,770,2,0.019803022933227398,0.0025974025974025974,0.0007125907061236786,0.009420568652699277,0.01428595581635464,0.02237250355074744
FILD or FILA ADJUDICATED,23,1109149096,combined,1,769,3,0.02523194263063803,0.0039011703511053317,0.001327618000260774,0.011406505807889416,0.022384260573417213,0.02845582686348081
FILD or FILA ADJUDICATED,23,1109149096,combined,2,770,5,0.034171863709958485,0.006493506493506494,0.0027767335367897463,0.01510995198893538,0.028480930449642422,0.04017432630009031
FILD or FILA ADJUDICATED,23,1109149096,combined,3,769,4,0.04616722280913456,0.005201560468140442,0.0020245891497467933,0.013297387544882687,0.04018631740108589,0.05210674109184878
FILD or FILA ADJUDICATED,23,1109149096,combined,4,770,7,0.058636809039921925,0.00909090909090909,0.004410478976495486,0.01864522399383109,0.05210739494650238,0.06505827379150561
FILD or FILA ADJUDICATED,23,1109149096,combined,5,769,4,0.07217901242156723,0.005201560468140442,0.0020245891497467933,0.013297387544882687,0.06506157767458366,0.08007137359800393
FILD or FILA ADJUDICATED,23,1109149096,combined,6,769,9,0.0896529775462825,0.011703511053315995,0.006169270449727107,0.022091970677298834,0.08009215386640495,0.10028264769009981
FILD or FILA ADJUDICATED,23,1109149096,combined,7,770,16,0.11627329765717612,0.02077922077922078,0.012830175613871217,0.033486105857161864,0.10031701233648312,0.13637772421557987
FILD or FILA ADJUDICATED,23,1109149096,combined,8,769,12,0.17110612939570036,0.015604681404421327,0.008948690331271528,0.027076109455192295,0.13651674943722264,0.21714077729443182
FILD or FILA ADJUDICATED,23,1109149096,combined,9,770,90,0.2735921571355824,0.11688311688311688,0.09606882457192827,0.14150110234935834,0.21734677211839934,0.40651512297583514
FILD or FILA ADJUDICATED,24,1128551543,zebra,0,770,2,0.23108618322377958,0.0025974025974025974,0.0007125907061236786,0.009420568652699277,0.11052533634471677,0.259396712561809
FILD or FILA ADJUDICATED,24,1128551543,zebra,1,769,1,0.2843187098324721,0.0013003901170351106,0.0002295876800841234,0.007328830355107483,0.25939918206443147,0.3093683307330287
FILD or FILA ADJUDICATED,24,1128551543,zebra,2,770,4,0.34064008256897416,0.005194805194805195,0.0020219574690050306,0.013280219334419372,0.30949990577912817,0.3739053703651477
FILD or FILA ADJUDICATED,24,1128551543,zebra,3,769,4,0.4087183359439767,0.005201560468140442,0.0020245891497467933,0.013297387544882687,0.3739114697393811,0.4466615380919113
FILD or FILA ADJUDICATED,24,1128551543,zebra,4,770,6,0.49200093874823153,0.007792207792207792,0.0035759904186376326,0.016895203829388215,0.44672905390816225,0.5406148926383858
FILD or FILA ADJUDICATED,24,1128551543,zebra,5,769,4,0.599724184902476,0.005201560468140442,0.0020245891497467933,0.013297387544882687,0.5407244457573239,0.662980433012624
FILD or FILA ADJUDICATED,24,1128551543,zebra,6,769,12,0.7300720127025369,0.015604681404421327,0.008948690331271528,0.027076109455192295,0.663606189031817,0.7905263866651004
FILD or FILA ADJUDICATED,24,1128551543,zebra,7,770,14,0.8466552240965739,0.01818181818181818,0.010860915582275707,0.030286348444155925,0.7906546756562879,0.901450315923878
FILD or FILA ADJUDICATED,24,1128551543,zebra,8,769,22,0.9515517423912335,0.02860858257477243,0.01896739582103829,0.04293593283021844,0.9015635813244769,0.985389945076186
FILD or FILA ADJUDICATED,24,1128551543,zebra,9,770,83,0.9966047354958447,0.10779220779220779,0.0878027436258213,0.13167562223936025,0.9854116329818159,1.0
FILD or FILA ADJUDICATED,24,1128551543,genomic,0,770,9,0.017751052879450897,0.011688311688311689,0.006161243000312308,0.022063477414615715,0.001768636075904518,0.0278232313576018
FILD or FILA ADJUDICATED,24,1128551543,genomic,1,769,13,0.0383480657737924,0.016905071521456438,0.009905619514842359,0.028707033158100748,0.027860104806000523,0.04862398674321735
FILD or FILA ADJUDICATED,24,1128551543,genomic,2,770,21,0.059905677414115246,0.02727272727272727,0.017906160074157684,0.04133266500837901,0.048636192999932035,0.07178795364404218
FILD or FILA ADJUDICATED,24,1128551543,genomic,3,769,10,0.083053206524564,0.013003901170351105,0.007078545900378475,0.023770548113126753,0.07181728464268629,0.09582511586982512
FILD or FILA ADJUDICATED,24,1128551543,genomic,4,770,13,0.110026365558307,0.016883116883116882,0.009892721428977881,0.028670033875153024,0.09588889737910315,0.12459888558967004
FILD or FILA ADJUDICATED,24,1128551543,genomic,5,769,15,0.1413924402141729,0.01950585175552666,0.01185585151954993,0.03193250692635176,0.1246449855978755,0.15982169920481498
FILD or FILA ADJUDICATED,24,1128551543,genomic,6,769,18,0.18375511917588883,0.02340702210663199,0.014856495571086814,0.03669542153425275,0.15985611205900382,0.210601839056854
FILD or FILA ADJUDICATED,24,1128551543,genomic,7,770,14,0.24355178155437823,0.01818181818181818,0.010860915582275707,0.030286348444155925,0.21063894846181785,0.2815027075518563
FILD or FILA ADJUDICATED,24,1128551543,genomic,8,769,19,0.3359473687932744,0.0247074122236671,0.01587360135768905,0.03826616863412981,0.2817294904974194,0.40179679221215825
FILD or FILA ADJUDICATED,24,1128551543,genomic,9,770,20,0.5344606326472613,0.025974025974025976,0.016876091691355087,0.03977822466888089,0.40191196998085144,0.8850093558167996
FILD or FILA ADJUDICATED,24,1128551543,combined,0,770,3,0.035229046424962156,0.003896103896103896,0.0013258926936253902,0.011391775387498288,0.014056324894470952,0.046227750009953675
FILD or FILA ADJUDICATED,24,1128551543,combined,1,769,4,0.055594808330195075,0.005201560468140442,0.0020245891497467933,0.013297387544882687,0.046247921849994635,0.06474022956142257
FILD or FILA ADJUDICATED,24,1128551543,combined,2,770,4,0.07453031535091076,0.005194805194805195,0.0020219574690050306,0.013280219334419372,0.06483796497196825,0.08471355679432699
FILD or FILA ADJUDICATED,24,1128551543,combined,3,769,4,0.09672744323948762,0.005201560468140442,0.0020245891497467933,0.013297387544882687,0.08473793962653098,0.10978754182872145
FILD or FILA ADJUDICATED,24,1128551543,combined,4,770,3,0.12487363118207674,0.003896103896103896,0.0013258926936253902,0.011391775387498288,0.10978978920012294,0.14211748641570934
FILD or FILA ADJUDICATED,24,1128551543,combined,5,769,6,0.16090569794335072,0.007802340702210663,0.003580646807040671,0.016917035660547395,0.14211957923865526,0.1815829515152721
FILD or FILA ADJUDICATED,24,1128551543,combined,6,769,6,0.2049000897504429,0.007802340702210663,0.003580646807040671,0.016917035660547395,0.18159815171814506,0.23227810534510862
FILD or FILA ADJUDICATED,24,1128551543,combined,7,770,17,0.2634225294368221,0.02207792207792208,0.01382933715277743,0.03507145304055638,0.2322783488866381,0.29878900238619627
FILD or FILA ADJUDICATED,24,1128551543,combined,8,769,23,0.34876201233303,0.02990897269180754,0.02001129965969971,0.04447988187803632,0.2988464924936723,0.40565933159813033
FILD or FILA ADJUDICATED,24,1128551543,combined,9,770,82,0.5220193109928685,0.10649350649350649,0.08662567599181079,0.13026818115107003,0.40575143911743533,0.8590788976801979
FILD or FILA ADJUDICATED,25,159583996,zebra,0,770,1,0.23252823374000142,0.0012987012987012987,0.00022928946639889794,0.007319361170123334,0.11052533634471677,0.26204427209140113
FILD or FILA ADJUDICATED,25,159583996,zebra,1,769,2,0.28810037289870344,0.002600780234070221,0.0007135177289523901,0.009432753192718508,0.2621058455556229,0.31404436152586895
FILD or FILA ADJUDICATED,25,159583996,zebra,2,770,5,0.3446073531792437,0.006493506493506494,0.0027767335367897463,0.01510995198893538,0.3141082182410059,0.3783168895143431
FILD or FILA ADJUDICATED,25,159583996,zebra,3,769,6,0.41352766682753184,0.007802340702210663,0.003580646807040671,0.016917035660547395,0.3783803695638669,0.4500096473658561
FILD or FILA ADJUDICATED,25,159583996,zebra,4,770,8,0.49688984520801455,0.01038961038961039,0.005273784940225151,0.020366426752402144,0.45024637996287137,0.5469308211408764
FILD or FILA ADJUDICATED,25,159583996,zebra,5,769,8,0.6076246930517898,0.010403120936280884,0.005280654829476248,0.0203927334110704,0.5473800313847698,0.6684634110766353
FILD or FILA ADJUDICATED,25,159583996,zebra,6,769,12,0.7361302529148227,0.015604681404421327,0.008948690331271528,0.027076109455192295,0.6685165612516426,0.7972319250193957
FILD or FILA ADJUDICATED,25,159583996,zebra,7,770,10,0.8524311401640547,0.012987012987012988,0.007069333631553706,0.02373989550567504,0.797723185961675,0.9054978180310456
FILD or FILA ADJUDICATED,25,159583996,zebra,8,769,25,0.9518061271817502,0.032509752925877766,0.0221158152388249,0.04755107207186972,0.9055663083326406,0.9852882260270938
FILD or FILA ADJUDICATED,25,159583996,zebra,9,770,75,0.9964158927351091,0.09740259740259741,0.07841500055802125,0.12038729552875452,0.9852913008258685,1.0
FILD or FILA ADJUDICATED,25,159583996,genomic,0,770,14,0.021425737211944785,0.01818181818181818,0.010860915582275707,0.030286348444155925,0.0022355294335992637,0.034144319996046876
FILD or FILA ADJUDICATED,25,159583996,genomic,1,769,10,0.04571405964151614,0.013003901170351105,0.007078545900378475,0.023770548113126753,0.03414936218629479,0.05711831984876998
FILD or FILA ADJUDICATED,25,159583996,genomic,2,770,12,0.06820410175664106,0.015584415584415584,0.008937040176158829,0.027041206405671363,0.05715576284695182,0.07922146222026527
FILD or FILA ADJUDICATED,25,159583996,genomic,3,769,10,0.09301593084531007,0.013003901170351105,0.007078545900378475,0.023770548113126753,0.07923845882247824,0.10695442358799107
FILD or FILA ADJUDICATED,25,159583996,genomic,4,770,13,0.12252596446136235,0.016883116883116882,0.009892721428977881,0.028670033875153024,0.10700753666313594,0.13926765930486765
FILD or FILA ADJUDICATED,25,159583996,genomic,5,769,12,0.15817873998931947,0.015604681404421327,0.008948690331271528,0.027076109455192295,0.13929260963989712,0.17879529711346778
FILD or FILA ADJUDICATED,25,159583996,genomic,6,769,23,0.20208516636439194,0.02990897269180754,0.02001129965969971,0.04447988187803632,0.17883443516842315,0.22928529621036148
FILD or FILA ADJUDICATED,25,159583996,genomic,7,770,22,0.26181587963885994,0.02857142857142857,0.018942666074440347,0.04288066773039707,0.22930762005709515,0.3001723499053494
FILD or FILA ADJUDICATED,25,159583996,genomic,8,769,23,0.3514700511511972,0.02990897269180754,0.02001129965969971,0.04447988187803632,0.30019535429526617,0.415389678848189
FILD or FILA ADJUDICATED,25,159583996,genomic,9,770,13,0.5411314045207104,0.016883116883116882,0.009892721428977881,0.028670033875153024,0.41546235140751847,0.9150702372162925
FILD or FILA ADJUDICATED,25,159583996,combined,0,770,4,0.031033228158012433,0.005194805194805195,0.0020219574690050306,0.013280219334419372,0.004263006017469594,0.045048917297779954
FILD or FILA ADJUDICATED,25,159583996,combined,1,769,3,0.05708925350890658,0.0039011703511053317,0.001327618000260774,0.011406505807889416,0.04508600053299953,0.0687651695661308
FILD or FILA ADJUDICATED,25,159583996,combined,2,770,5,0.08065931440118851,0.006493506493506494,0.0027767335367897463,0.01510995198893538,0.06877856485722533,0.09354692148446024
FILD or FILA ADJUDICATED,25,159583996,combined,3,769,8,0.10824855518589453,0.010403120936280884,0.005280654829476248,0.0203927334110704,0.09357166571042361,0.12365660681385884
FILD or FILA ADJUDICATED,25,159583996,combined,4,770,11,0.1418548690921149,0.014285714285714285,0.007995323688185082,0.025398414171344384,0.12366916257699365,0.16158724315728848
FILD or FILA ADJUDICATED,25,159583996,combined,5,769,16,0.1850335908314505,0.02080624187256177,0.01284691135930053,0.033529299973080455,0.16162454609231064,0.21089412499128482
FILD or FILA ADJUDICATED,25,159583996,combined,6,769,5,0.24023853470978163,0.006501950585175552,0.002780348414515579,0.015129481166593194,0.2109397895808495,0.27332053202813905
FILD or FILA ADJUDICATED,25,159583996,combined,7,770,11,0.3087384033412527,0.014285714285714285,0.007995323688185082,0.025398414171344384,0.2734045088336342,0.3502087567675221
FILD or FILA ADJUDICATED,25,159583996,combined,8,769,12,0.4055677725212463,0.015604681404421327,0.008948690331271528,0.027076109455192295,0.35023262698102486,0.4712709567036598
FILD or FILA ADJUDICATED,25,159583996,combined,9,770,77,0.6351819926727987,0.1,0.08075559305709225,0.12321572047428499,0.47138174989170933,0.9428418533393861
FILD or FILA ADJUDICATED,26,2074640194,zebra,0,770,3,0.23239022895807138,0.003896103896103896,0.0013258926936253902,0.011391775387498288,0.11052533634471677,0.2615897480367035
FILD or FILA ADJUDICATED,26,2074640194,zebra,1,769,1,0.2871435192672513,0.0013003901170351106,0.0002295876800841234,0.007328830355107483,0.2616884930296223,0.31282001579730256
FILD or FILA ADJUDICATED,26,2074640194,zebra,2,770,5,0.3441883980225089,0.006493506493506494,0.0027767335367897463,0.01510995198893538,0.31284944483864957,0.37784322513235363
FILD or FILA ADJUDICATED,26,2074640194,zebra,3,769,6,0.4138521218554704,0.007802340702210663,0.003580646807040671,0.016917035660547395,0.3779206649922867,0.45048888544909566
FILD or FILA ADJUDICATED,26,2074640194,zebra,4,770,7,0.49436085270827257,0.00909090909090909,0.004410478976495486,0.01864522399383109,0.45056645567438347,0.5436876473428899
FILD or FILA ADJUDICATED,26,2074640194,zebra,5,769,9,0.6078983452601531,0.011703511053315995,0.006169270449727107,0.022091970677298834,0.5443461105674552,0.6718328006495807
FILD or FILA ADJUDICATED,26,2074640194,zebra,6,769,9,0.7359106985649313,0.011703511053315995,0.006169270449727107,0.022091970677298834,0.6720257218332231,0.7952997811114956
FILD or FILA ADJUDICATED,26,2074640194,zebra,7,770,10,0.850754529029925,0.012987012987012988,0.007069333631553706,0.02373989550567504,0.7955217259992097,0.9065121102304886
FILD or FILA ADJUDICATED,26,2074640194,zebra,8,769,25,0.9535204700545505,0.032509752925877766,0.0221158152388249,0.04755107207186972,0.907020189746174,0.9860131772949529
FILD or FILA ADJUDICATED,26,2074640194,zebra,9,770,77,0.9963864960997387,0.1,0.08075559305709225,0.12321572047428499,0.9860235587738928,1.0
FILD or FILA ADJUDICATED,26,2074640194,genomic,0,770,10,0.0009657157214806976,0.012987012987012988,0.007069333631553706,0.02373989550567504,3.0258295950068896e-05,0.0018443995334817456
FILD or FILA ADJUDICATED,26,2074640194,genomic,1,769,17,0.0030423067267011227,0.022106631989596878,0.013847378881987714,0.03511668533687256,0.0018445824035248054,0.00432037536725107
FILD or FILA ADJUDICATED,26,2074640194,genomic,2,770,16,0.006050465248974097,0.02077922077922078,0.012830175613871217,0.033486105857161864,0.004322032170830425,0.008056067639304441
FILD or FILA ADJUDICATED,26,2074640194,genomic,3,769,13,0.01066074557311779,0.016905071521456438,0.009905619514842359,0.028707033158100748,0.008067885087273274,0.013634561543028329
FILD or FILA ADJUDICATED,26,2074640194,genomic,4,770,13,0.017474766657615153,0.016883116883116882,0.009892721428977881,0.028670033875153024,0.01363645977409972,0.022134219825615517
FILD or FILA ADJUDICATED,26,2074640194,genomic,5,769,13,0.027907601905339318,0.016905071521456438,0.009905619514842359,0.028707033158100748,0.02214119575924084,0.03480286797995736
FILD or FILA ADJUDICATED,26,2074640194,genomic,6,769,14,0.04451689771647885,0.018205461638491547,0.010875078260352153,0.030325427299070243,0.03481963055437995,0.05609031760453481
FILD or FILA ADJUDICATED,26,2074640194,genomic,7,770,19,0.07412333759111724,0.024675324675324677,0.015852913748522608,0.03821689388941264,0.05614860203467159,0.09626674843923966
FILD or FILA ADJUDICATED,26,2074640194,genomic,8,769,16,0.13603773310410283,0.02080624187256177,0.01284691135930053,0.033529299973080455,0.0962668479590385,0.19225700173905352
FILD or FILA ADJUDICATED,26,2074640194,genomic,9,770,21,0.35417298819812615,0.02727272727272727,0.017906160074157684,0.04133266500837901,0.19230718970904667,0.8708080435859957
FILD or FILA ADJUDICATED,26,2074640194,combined,0,770,5,0.013216887783576513,0.006493506493506494,0.0027767335367897463,0.01510995198893538,0.0017581542324310929,0.02028873874521853
FILD or FILA ADJUDICATED,26,2074640194,combined,1,769,1,0.027645502659543023,0.0013003901170351106,0.0002295876800841234,0.007328830355107483,0.0203042548144145,0.035696580463581755
FILD or FILA ADJUDICATED,26,2074640194,combined,2,770,5,0.046952261831696,0.006493506493506494,0.0027767335367897463,0.01510995198893538,0.03574744585110629,0.059307229532524965
FILD or FILA ADJUDICATED,26,2074640194,combined,3,769,5,0.07485627587779471,0.006501950585175552,0.002780348414515579,0.015129481166593194,0.059317597915645205,0.09099678177902625
FILD or FILA ADJUDICATED,26,2074640194,combined,4,770,6,0.11149924506639843,0.007792207792207792,0.0035759904186376326,0.016895203829388215,0.09103716328356441,0.13347371625412663
FILD or FILA ADJUDICATED,26,2074640194,combined,5,769,5,0.15913445095420775,0.006501950585175552,0.002780348414515579,0.015129481166593194,0.13352194954323918,0.18781006980666093
FILD or FILA ADJUDICATED,26,2074640194,combined,6,769,15,0.22129110470583335,0.01950585175552666,0.01185585151954993,0.03193250692635176,0.18783904373360608,0.2546886922148517
FILD or FILA ADJUDICATED,26,2074640194,combined,7,770,12,0.297168807606633,0.015584415584415584,0.008937040176158829,0.027041206405671363,0.254695556028674,0.34546837252944657
FILD or FILA ADJUDICATED,26,2074640194,combined,8,769,23,0.41245306996822556,0.02990897269180754,0.02001129965969971,0.04447988187803632,0.3454943515224284,0.491349853967481
FILD or FILA ADJUDICATED,26,2074640194,combined,9,770,75,0.6391690865692963,0.09740259740259741,0.07841500055802125,0.12038729552875452,0.4914576686350968,0.9742998018808889
FILD or FILA ADJUDICATED,27,143163447,zebra,0,770,1,0.23168664334857028,0.0012987012987012987,0.00022928946639889794,0.007319361170123334,0.11693488945217027,0.2607572849048813
FILD or FILA ADJUDICATED,27,143163447,zebra,1,769,2,0.2867352910472497,0.002600780234070221,0.0007135177289523901,0.009432753192718508,0.26079868222778724,0.31284944483864957
FILD or FILA ADJUDICATED,27,143163447,zebra,2,770,5,0.34399864283986553,0.006493506493506494,0.0027767335367897463,0.01510995198893538,0.31291398691300093,0.37691177527654185
FILD or FILA ADJUDICATED,27,143163447,zebra,3,769,5,0.41243262484122534,0.006501950585175552,0.002780348414515579,0.015129481166593194,0.37696740349922486,0.4492273624574113
FILD or FILA ADJUDICATED,27,143163447,zebra,4,770,7,0.4932530638889338,0.00909090909090909,0.004410478976495486,0.01864522399383109,0.4493099110550881,0.5425467058335705
FILD or FILA ADJUDICATED,27,143163447,zebra,5,769,10,0.6052349798019899,0.013003901170351105,0.007078545900378475,0.023770548113126753,0.5425677717168197,0.671442579284791
FILD or FILA ADJUDICATED,27,143163447,zebra,6,769,14,0.7346830362667798,0.018205461638491547,0.010875078260352153,0.030325427299070243,0.6715718147775875,0.7915953991790097
FILD or FILA ADJUDICATED,27,143163447,zebra,7,770,13,0.8466989437537621,0.016883116883116882,0.009892721428977881,0.028670033875153024,0.7916819582987223,0.9003282979708815
FILD or FILA ADJUDICATED,27,143163447,zebra,8,769,21,0.9504576998268721,0.027308192457737322,0.017929533535624646,0.041385942229152796,0.9005024272058008,0.9863920183099711
FILD or FILA ADJUDICATED,27,143163447,zebra,9,770,74,0.9967952634742892,0.09610389610389611,0.07724637265453546,0.1189714147099396,0.9864755416882522,1.0
FILD or FILA ADJUDICATED,27,143163447,genomic,0,770,9,0.00222155212021975,0.011688311688311689,0.006161243000312308,0.022063477414615715,0.0004997401049951987,0.003410042304847711
FILD or FILA ADJUDICATED,27,143163447,genomic,1,769,12,0.0045924226713341615,0.015604681404421327,0.008948690331271528,0.027076109455192295,0.0034104812400433215,0.005866396526602984
FILD or FILA ADJUDICATED,27,143163447,genomic,2,770,16,0.007213151929498268,0.02077922077922078,0.012830175613871217,0.033486105857161864,0.0058693379796915645,0.008743573358893038
FILD or FILA ADJUDICATED,27,143163447,genomic,3,769,17,0.01052894004628962,0.022106631989596878,0.013847378881987714,0.03511668533687256,0.008744017895985804,0.012578747501376478
FILD or FILA ADJUDICATED,27,143163447,genomic,4,770,12,0.015042942752554599,0.015584415584415584,0.008937040176158829,0.027041206405671363,0.012587254936405307,0.017868101549702982
FILD or FILA ADJUDICATED,27,143163447,genomic,5,769,13,0.02171493493559824,0.016905071521456438,0.009905619514842359,0.028707033158100748,0.017889062989230955,0.026113246270385256
FILD or FILA ADJUDICATED,27,143163447,genomic,6,769,15,0.03180741439038883,0.01950585175552666,0.01185585151954993,0.03193250692635176,0.026132851453734948,0.03863336402100959
FILD or FILA ADJUDICATED,27,143163447,genomic,7,770,22,0.04819558285674742,0.02857142857142857,0.018942666074440347,0.04288066773039707,0.038678842591510124,0.059878619021581564
FILD or FILA ADJUDICATED,27,143163447,genomic,8,769,21,0.07972574197840822,0.027308192457737322,0.017929533535624646,0.041385942229152796,0.059888521293435255,0.10735756843329908
FILD or FILA ADJUDICATED,27,143163447,genomic,9,770,15,0.2167858735766715,0.01948051948051948,0.011840409174050253,0.0318913635746821,0.10737355341747955,0.8044656342741544
FILD or FILA ADJUDICATED,27,143163447,combined,0,770,4,0.017594614637599374,0.005194805194805195,0.0020219574690050306,0.013280219334419372,0.012418805271128234,0.020157021598213164
FILD or FILA ADJUDICATED,27,143163447,combined,1,769,5,0.0222034235714958,0.006501950585175552,0.002780348414515579,0.015129481166593194,0.02016023695801681,0.024134599386397365
FILD or FILA ADJUDICATED,27,143163447,combined,2,770,4,0.026108286081910653,0.005194805194805195,0.0020219574690050306,0.013280219334419372,0.02413935011576487,0.028117855653088154
FILD or FILA ADJUDICATED,27,143163447,combined,3,769,3,0.03040671289364815,0.0039011703511053317,0.001327618000260774,0.011406505807889416,0.02812295688726646,0.032845817423324736
FILD or FILA ADJUDICATED,27,143163447,combined,4,770,6,0.03576796452234201,0.007792207792207792,0.0035759904186376326,0.016895203829388215,0.032855645341511475,0.03930277992182229
FILD or FILA ADJUDICATED,27,143163447,combined,5,769,10,0.043170073677649135,0.013003901170351105,0.007078545900378475,0.023770548113126753,0.03930469681221523,0.04761402720951029
FILD or FILA ADJUDICATED,27,143163447,combined,6,769,8,0.05329131941678577,0.010403120936280884,0.005280654829476248,0.0203927334110704,0.04763359832463288,0.06014784819304751
FILD or FILA ADJUDICATED,27,143163447,combined,7,770,13,0.0699046774874003,0.016883116883116882,0.009892721428977881,0.028670033875153024,0.06016463213850235,0.08228133654082695
FILD or FILA ADJUDICATED,27,143163447,combined,8,769,21,0.10495068891035793,0.027308192457737322,0.017929533535624646,0.041385942229152796,0.08229220502833408,0.13628628248641442
FILD or FILA ADJUDICATED,27,143163447,combined,9,770,78,0.20514220708309042,0.1012987012987013,0.08192751953281167,0.1246283027208663,0.13646028366730625,0.439179603067247
FILD or FILA ADJUDICATED,28,1669194470,zebra,0,770,1,0.23206481915525728,0.0012987012987012987,0.00022928946639889794,0.007319361170123334,0.1314070368880061,0.26042717504277124
FILD or FILA ADJUDICATED,28,1669194470,zebra,1,769,1,0.2866007558909185,0.0013003901170351106,0.0002295876800841234,0.007328830355107483,0.2606166535515202,0.3129862315705276
FILD or FILA ADJUDICATED,28,1669194470,zebra,2,770,5,0.34481013571706653,0.006493506493506494,0.0027767335367897463,0.01510995198893538,0.3130243882443571,0.3782556368826368
FILD or FILA ADJUDICATED,28,1669194470,zebra,3,769,3,0.41305747717317964,0.0039011703511053317,0.001327618000260774,0.011406505807889416,0.3783168895143431,0.4492273624574113
FILD or FILA ADJUDICATED,28,1669194470,zebra,4,770,8,0.49252617425324996,0.01038961038961039,0.005273784940225151,0.020366426752402144,0.4493099110550881,0.5417735484207977
FILD or FILA ADJUDICATED,28,1669194470,zebra,5,769,11,0.6038922747606633,0.014304291287386216,0.008005744470847457,0.025431202429137063,0.5421931634455274,0.6690035811683993
FILD or FILA ADJUDICATED,28,1669194470,zebra,6,769,10,0.7331190727742164,0.013003901170351105,0.007078545900378475,0.023770548113126753,0.6690088408159459,0.7927303182113955
FILD or FILA ADJUDICATED,28,1669194470,zebra,7,770,10,0.847621499753021,0.012987012987012988,0.007069333631553706,0.02373989550567504,0.7931774164190927,0.9010687245335479
FILD or FILA ADJUDICATED,28,1669194470,zebra,8,769,25,0.9522669161539574,0.032509752925877766,0.0221158152388249,0.04755107207186972,0.9011530019691986,0.9861733406921771
FILD or FILA ADJUDICATED,28,1669194470,zebra,9,770,78,0.9966317246186186,0.1012987012987013,0.08192751953281167,0.1246283027208663,0.9862464078157572,1.0
FILD or FILA ADJUDICATED,28,1669194470,genomic,0,770,7,0.010494208987456986,0.00909090909090909,0.004410478976495486,0.01864522399383109,0.0005058100469048407,0.01823394876917828
FILD or FILA ADJUDICATED,28,1669194470,genomic,1,769,12,0.0264737984458706,0.015604681404421327,0.008948690331271528,0.027076109455192295,0.018243624602973442,0.035351124076512315
FILD or FILA ADJUDICATED,28,1669194470,genomic,2,770,8,0.04667519649030287,0.01038961038961039,0.005273784940225151,0.020366426752402144,0.03541277452578339,0.05820116277357086
FILD or FILA ADJUDICATED,28,1669194470,genomic,3,769,13,0.07462583708683478,0.016905071521456438,0.009905619514842359,0.028707033158100748,0.05833195890192876,0.0916500364115354
FILD or FILA ADJUDICATED,28,1669194470,genomic,4,770,15,0.11103470971052051,0.01948051948051948,0.011840409174050253,0.0318913635746821,0.09177923095890887,0.13178666661576957
FILD or FILA ADJUDICATED,28,1669194470,genomic,5,769,19,0.15673944738164733,0.0247074122236671,0.01587360135768905,0.03826616863412981,0.13179151332622188,0.18435471601279982
FILD or FILA ADJUDICATED,28,1669194470,genomic,6,769,11,0.21610236482706346,0.014304291287386216,0.008005744470847457,0.025431202429137063,0.1844862104686654,0.25045129119760173
FILD or FILA ADJUDICATED,28,1669194470,genomic,7,770,18,0.29501011048012177,0.023376623376623377,0.014837136266102694,0.036648162649531836,0.2505694198404431,0.3436224571042166
FILD or FILA ADJUDICATED,28,1669194470,genomic,8,769,24,0.40765754166557255,0.031209362808842653,0.02106088189967261,0.0460181525245427,0.34363404833245415,0.48088571909589906
FILD or FILA ADJUDICATED,28,1669194470,genomic,9,770,25,0.5943624952553955,0.032467532467532464,0.022086969431753586,0.04748989053998599,0.48103967644410417,0.8938948748537889
FILD or FILA ADJUDICATED,28,1669194470,combined,0,770,3,0.042644973752380466,0.003896103896103896,0.0013258926936253902,0.011391775387498288,0.024977763912499094,0.04992097124009959
FILD or FILA ADJUDICATED,28,1669194470,combined,1,769,1,0.05614322157127589,0.0013003901170351106,0.0002295876800841234,0.007328830355107483,0.04993684521213604,0.06224484899310674
FILD or FILA ADJUDICATED,28,1669194470,combined,2,770,2,0.06858168177000704,0.0025974025974025974,0.0007125907061236786,0.009420568652699277,0.06224895401151736,0.07600696866034343
FILD or FILA ADJUDICATED,28,1669194470,combined,3,769,7,0.08395763974950807,0.009102730819245773,0.004416223152723785,0.01866931220134357,0.07601476504598159,0.09168468285336996
FILD or FILA ADJUDICATED,28,1669194470,combined,4,770,9,0.09970725664431561,0.011688311688311689,0.006161243000312308,0.022063477414615715,0.09170012278704505,0.10818715115135105
FILD or FILA ADJUDICATED,28,1669194470,combined,5,769,6,0.11744362018573534,0.007802340702210663,0.003580646807040671,0.016917035660547395,0.10820372649901594,0.12794798959878315
FILD or FILA ADJUDICATED,28,1669194470,combined,6,769,8,0.1401192243214484,0.010403120936280884,0.005280654829476248,0.0203927334110704,0.12794812970038388,0.1535462467475917
FILD or FILA ADJUDICATED,28,1669194470,combined,7,770,16,0.16848521479400008,0.02077922077922078,0.012830175613871217,0.033486105857161864,0.1535590617052006,0.1861976980976793
FILD or FILA ADJUDICATED,28,1669194470,combined,8,769,22,0.211244138763224,0.02860858257477243,0.01896739582103829,0.04293593283021844,0.18620820962138382,0.2422544213567165
FILD or FILA ADJUDICATED,28,1669194470,combined,9,770,78,0.2899816214647129,0.1012987012987013,0.08192751953281167,0.1246283027208663,0.24238823642848137,0.39380930791792107
FILD or FILA ADJUDICATED,29,1234196783,zebra,0,770,3,0.23390245001421192,0.003896103896103896,0.0013258926936253902,0.011391775387498288,0.11693488945217027,0.2626714844315883
FILD or FILA ADJUDICATED,29,1234196783,zebra,1,769,2,0.28925993375596787,0.002600780234070221,0.0007135177289523901,0.009432753192718508,0.26280161537040997,0.3155748695226757
FILD or FILA ADJUDICATED,29,1234196783,zebra,2,770,6,0.34637583421532475,0.007792207792207792,0.0035759904186376326,0.016895203829388215,0.3156208686946933,0.3795264843613482
FILD or FILA ADJUDICATED,29,1234196783,zebra,3,769,4,0.41559953231946567,0.005201560468140442,0.0020245891497467933,0.013297387544882687,0.379599774761013,0.4514396713089271
FILD or FILA ADJUDICATED,29,1234196783,zebra,4,770,5,0.4975897125996793,0.006493506493506494,0.0027767335367897463,0.01510995198893538,0.4516542026555688,0.54942425249649
FILD or FILA ADJUDICATED,29,1234196783,zebra,5,769,8,0.6091099255410432,0.010403120936280884,0.005280654829476248,0.0203927334110704,0.5494529442999345,0.6704488006158001
FILD or FILA ADJUDICATED,29,1234196783,zebra,6,769,13,0.7351072067500419,0.016905071521456438,0.009905619514842359,0.028707033158100748,0.6705597758755064,0.7955217259992097
FILD or FILA ADJUDICATED,29,1234196783,zebra,7,770,6,0.8481510772980838,0.007792207792207792,0.0035759904186376326,0.016895203829388215,0.7957256523521344,0.901450315923878
FILD or FILA ADJUDICATED,29,1234196783,zebra,8,769,24,0.9518518706900598,0.031209362808842653,0.02106088189967261,0.0460181525245427,0.9015635813244769,0.9860584996624647
FILD or FILA ADJUDICATED,29,1234196783,zebra,9,770,81,0.9965878793314408,0.10519480519480519,0.08544960345108563,0.12885974496949448,0.986090694495255,1.0
FILD or FILA ADJUDICATED,29,1234196783,genomic,0,770,13,0.07409418960216642,0.016883116883116882,0.009892721428977881,0.028670033875153024,0.036239183850214296,0.0884087507934766
FILD or FILA ADJUDICATED,29,1234196783,genomic,1,769,12,0.09701786057903335,0.015604681404421327,0.008948690331271528,0.027076109455192295,0.08841817049193144,0.1049749986797244
FILD or FILA ADJUDICATED,29,1234196783,genomic,2,770,12,0.11182340482502438,0.015584415584415584,0.008937040176158829,0.027041206405671363,0.10503025325047315,0.11892598198177214
FILD or FILA ADJUDICATED,29,1234196783,genomic,3,769,12,0.12515296750950472,0.015604681404421327,0.008948690331271528,0.027076109455192295,0.11893464271449361,0.13164100936733855
FILD or FILA ADJUDICATED,29,1234196783,genomic,4,770,15,0.1379404608640075,0.01948051948051948,0.011840409174050253,0.0318913635746821,0.13168882643291913,0.1443705671474004
FILD or FILA ADJUDICATED,29,1234196783,genomic,5,769,11,0.1513805218292564,0.014304291287386216,0.008005744470847457,0.025431202429137063,0.14440300945979914,0.15822256207338836
FILD or FILA ADJUDICATED,29,1234196783,genomic,6,769,17,0.16597689009626249,0.022106631989596878,0.013847378881987714,0.03511668533687256,0.1582227414799087,0.1739974229687442
FILD or FILA ADJUDICATED,29,1234196783,genomic,7,770,15,0.18279171750421264,0.01948051948051948,0.011840409174050253,0.0318913635746821,0.1740036190522629,0.19260404204477535
FILD or FILA ADJUDICATED,29,1234196783,genomic,8,769,12,0.20558399459168236,0.015604681404421327,0.008948690331271528,0.027076109455192295,0.19260969273830428,0.2210771570265405
FILD or FILA ADJUDICATED,29,1234196783,genomic,9,770,33,0.2508298694479078,0.04285714285714286,0.030677210571725382,0.059575719178419986,0.22124866213457747,0.33375060719130306
FILD or FILA ADJUDICATED,29,1234196783,combined,0,770,2,0.002956306715528674,0.0025974025974025974,0.0007125907061236786,0.009420568652699277,0.00072411438661465,0.004157467499346053
FILD or FILA ADJUDICATED,29,1234196783,combined,1,769,4,0.005336360089603239,0.005201560468140442,0.0020245891497467933,0.013297387544882687,0.00416001936455687,0.006639786612370152
FILD or FILA ADJUDICATED,29,1234196783,combined,2,770,5,0.008255010428683157,0.006493506493506494,0.0027767335367897463,0.01510995198893538,0.006643876619482365,0.010167188579290585
FILD or FILA ADJUDICATED,29,1234196783,combined,3,769,5,0.012684257692443744,0.006501950585175552,0.002780348414515579,0.015129481166593194,0.010167463195199115,0.015313973871815567
FILD or FILA ADJUDICATED,29,1234196783,combined,4,770,9,0.01949250808118035,0.011688311688311689,0.006161243000312308,0.022063477414615715,0.015315292614692154,0.024239513879659304
FILD or FILA ADJUDICATED,29,1234196783,combined,5,769,7,0.03073525502067729,0.009102730819245773,0.004416223152723785,0.01866931220134357,0.024242968823581092,0.03863580181940245
FILD or FILA ADJUDICATED,29,1234196783,combined,6,769,8,0.04953679075193824,0.010403120936280884,0.005280654829476248,0.0203927334110704,0.03863744427024593,0.06216427483136875
FILD or FILA ADJUDICATED,29,1234196783,combined,7,770,11,0.08191779135959183,0.014285714285714285,0.007995323688185082,0.025398414171344384,0.06219170113335527,0.10464193555368499
FILD or FILA ADJUDICATED,29,1234196783,combined,8,769,21,0.14722513234093731,0.027308192457737322,0.017929533535624646,0.041385942229152796,0.10464601945893977,0.20540324917686667
FILD or FILA ADJUDICATED,29,1234196783,combined,9,770,80,0.4317692446218356,0.1038961038961039,0.0842745420698438,0.1274502976284356,0.20546590265081446,0.9424844117480707
FILD or FILA ADJUDICATED,30,1834175265,zebra,0,770,1,0.23361758806066898,0.0012987012987012987,0.00022928946639889794,0.007319361170123334,0.11693488945217027,0.26231177495062785
FILD or FILA ADJUDICATED,30,1834175265,zebra,1,769,2,0.28905676858877716,0.002600780234070221,0.0007135177289523901,0.009432753192718508,0.26232763991401864,0.3149090509818816
FILD or FILA ADJUDICATED,30,1834175265,zebra,2,770,3,0.34441639088830994,0.003896103896103896,0.0013258926936253902,0.011391775387498288,0.31491842641557827,0.3766087127018751
FILD or FILA ADJUDICATED,30,1834175265,zebra,3,769,6,0.4134853231687392,0.007802340702210663,0.003580646807040671,0.016917035660547395,0.37661447713663365,0.4505792844027786
FILD or FILA ADJUDICATED,30,1834175265,zebra,4,770,7,0.4946854091556139,0.00909090909090909,0.004410478976495486,0.01864522399383109,0.4505826354187552,0.5462795610538824
FILD or FILA ADJUDICATED,30,1834175265,zebra,5,769,11,0.6073281032781676,0.014304291287386216,0.008005744470847457,0.025431202429137063,0.5463133895417694,0.6704488006158001
FILD or FILA ADJUDICATED,30,1834175265,zebra,6,769,9,0.7375047470426339,0.011703511053315995,0.006169270449727107,0.022091970677298834,0.6705597758755064,0.7978528362965992
FILD or FILA ADJUDICATED,30,1834175265,zebra,7,770,9,0.8505564444958948,0.011688311688311689,0.006161243000312308,0.022063477414615715,0.7979611084518172,0.9059997451708272
FILD or FILA ADJUDICATED,30,1834175265,zebra,8,769,23,0.9545227656039906,0.02990897269180754,0.02001129965969971,0.04447988187803632,0.9061600314968994,0.9878589912796006
FILD or FILA ADJUDICATED,30,1834175265,zebra,9,770,81,0.9971423637068481,0.10519480519480519,0.08544960345108563,0.12885974496949448,0.987890507718558,1.0
FILD or FILA ADJUDICATED,30,1834175265,genomic,0,770,13,0.0002137894620976401,0.016883116883116882,0.009892721428977881,0.028670033875153024,1.628153679666937e-05,0.0003554867880647599
FILD or FILA ADJUDICATED,30,1834175265,genomic,1,769,12,0.0005133597481026211,0.015604681404421327,0.008948690331271528,0.027076109455192295,0.0003557202016147775,0.0006830927198621372
FILD or FILA ADJUDICATED,30,1834175265,genomic,2,770,10,0.0009023944051863128,0.012987012987012988,0.007069333631553706,0.02373989550567504,0.0006840072309586285,0.001150178983503973
FILD or FILA ADJUDICATED,30,1834175265,genomic,3,769,6,0.0014900551588603445,0.007802340702210663,0.003580646807040671,0.016917035660547395,0.0011517807433214973,0.001867374759692194
FILD or FILA ADJUDICATED,30,1834175265,genomic,4,770,15,0.0024240311631015354,0.01948051948051948,0.011840409174050253,0.0318913635746821,0.0018705579325106409,0.0031163738582038617
FILD or FILA ADJUDICATED,30,1834175265,genomic,5,769,16,0.004186844652018908,0.02080624187256177,0.01284691135930053,0.033529299973080455,0.0031238205338831133,0.005573567365031285
FILD or FILA ADJUDICATED,30,1834175265,genomic,6,769,18,0.0078899239059103,0.02340702210663199,0.014856495571086814,0.03669542153425275,0.00557401219417491,0.011149477146477852
FILD or FILA ADJUDICATED,30,1834175265,genomic,7,770,19,0.017186839405356456,0.024675324675324677,0.015852913748522608,0.03821689388941264,0.011153407812662953,0.02580706047748281
FILD or FILA ADJUDICATED,30,1834175265,genomic,8,769,16,0.04604121347539799,0.02080624187256177,0.01284691135930053,0.033529299973080455,0.025839191933499355,0.08079543347584511
FILD or FILA ADJUDICATED,30,1834175265,genomic,9,770,27,0.22927478468878257,0.03506493506493506,0.02420895239571475,0.05053692502062628,0.08080576873802307,0.9617820070988923
FILD or FILA ADJUDICATED,30,1834175265,combined,0,770,4,0.030619460216562724,0.005194805194805195,0.0020219574690050306,0.013280219334419372,0.008294796344668332,0.04263229464008231
FILD or FILA ADJUDICATED,30,1834175265,combined,1,769,4,0.05376885958640247,0.005201560468140442,0.0020245891497467933,0.013297387544882687,0.042642936471571656,0.06595674435412578
FILD or FILA ADJUDICATED,30,1834175265,combined,2,770,5,0.07987003629901523,0.006493506493506494,0.0027767335367897463,0.01510995198893538,0.06596974188635932,0.09410898850777234
FILD or FILA ADJUDICATED,30,1834175265,combined,3,769,2,0.11065914470141384,0.002600780234070221,0.0007135177289523901,0.009432753192718508,0.0941915065091122,0.1280511477755463
FILD or FILA ADJUDICATED,30,1834175265,combined,4,770,6,0.1459750028272981,0.007792207792207792,0.0035759904186376326,0.016895203829388215,0.12812086034843342,0.16579675723933598
FILD or FILA ADJUDICATED,30,1834175265,combined,5,769,6,0.19130644465955288,0.007802340702210663,0.003580646807040671,0.016917035660547395,0.16581143390310812,0.21711660299355376
FILD or FILA ADJUDICATED,30,1834175265,combined,6,769,11,0.24980268516804885,0.014304291287386216,0.008005744470847457,0.025431202429137063,0.21714508390661388,0.28278778624284556
FILD or FILA ADJUDICATED,30,1834175265,combined,7,770,14,0.32137400507502134,0.01818181818181818,0.010860915582275707,0.030286348444155925,0.28295744824371455,0.36222606698543713
FILD or FILA ADJUDICATED,30,1834175265,combined,8,769,20,0.4095828160348485,0.02600780234070221,0.016898117575631134,0.03982950530266702,0.3623193448157937,0.4663790774794701
FILD or FILA ADJUDICATED,30,1834175265,combined,9,770,80,0.5945153057873839,0.1038961038961039,0.0842745420698438,0.1274502976284356,0.4664234282076929,0.8439413495575667
NONFIBROTIC ILD ADJUDICATED,1,283399477,zebra,0,770,0,0.23307285999480798,0.0,0.0,0.004964141914221508,0.11052533634471677,0.26286504287269014
NONFIBROTIC ILD ADJUDICATED,1,283399477,zebra,1,769,0,0.28769659440672135,0.0,0.0,0.004970565148712315,0.26288225037452106,0.3147882091717494
NONFIBROTIC ILD ADJUDICATED,1,283399477,zebra,2,770,0,0.3459212052422378,0.0,0.0,0.004964141914221508,0.3148074139426628,0.3794689247521446
NONFIBROTIC ILD ADJUDICATED,1,283399477,zebra,3,769,0,0.41506738737183596,0.0,0.0,0.004970565148712315,0.3795264843613482,0.4521619569280848
NONFIBROTIC ILD ADJUDICATED,1,283399477,zebra,4,770,0,0.4975392351866809,0.0,0.0,0.004964141914221508,0.4522190629161516,0.5477067263054082
NONFIBROTIC ILD ADJUDICATED,1,283399477,zebra,5,769,2,0.6077337210320242,0.002600780234070221,0.0007135177289523901,0.009432753192718508,0.5480220019228442,0.6715718147775875
NONFIBROTIC ILD ADJUDICATED,1,283399477,zebra,6,769,3,0.736675760238537,0.0039011703511053317,0.001327618000260774,0.011406505807889416,0.6717461495808702,0.7933169613526788
NONFIBROTIC ILD ADJUDICATED,1,283399477,zebra,7,770,2,0.8466430073120654,0.0025974025974025974,0.0007125907061236786,0.009420568652699277,0.7934919360090515,0.898799002791246
NONFIBROTIC ILD ADJUDICATED,1,283399477,zebra,8,769,2,0.9497005774255566,0.002600780234070221,0.0007135177289523901,0.009432753192718508,0.898912828622922,0.9857866911449585
NONFIBROTIC ILD ADJUDICATED,1,283399477,zebra,9,770,7,0.9966301734575229,0.00909090909090909,0.004410478976495486,0.01864522399383109,0.9859102920779055,1.0
NONFIBROTIC ILD ADJUDICATED,1,283399477,genomic,0,770,0,0.0006865652137512456,0.0,0.0,0.004964141914221508,0.00034230578192242313,0.0008671841950258058
NONFIBROTIC ILD ADJUDICATED,1,283399477,genomic,1,769,1,0.0010124523904687173,0.0013003901170351106,0.0002295876800841234,0.007328830355107483,0.0008673557266885653,0.0011644733369458164
NONFIBROTIC ILD ADJUDICATED,1,283399477,genomic,2,770,4,0.001326709590189731,0.005194805194805195,0.0020219574690050306,0.013280219334419372,0.0011644835002630003,0.0014983857791423534
NONFIBROTIC ILD ADJUDICATED,1,283399477,genomic,3,769,0,0.0016890383599451732,0.0,0.0,0.004970565148712315,0.001499248589936649,0.0019041153190763637
NONFIBROTIC ILD ADJUDICATED,1,283399477,genomic,4,770,2,0.0021888751496439676,0.0025974025974025974,0.0007125907061236786,0.009420568652699277,0.0019051812200115111,0.0025055779552105037
NONFIBROTIC ILD ADJUDICATED,1,283399477,genomic,5,769,1,0.002938767891134212,0.0013003901170351106,0.0002295876800841234,0.007328830355107483,0.0025068975058011546,0.0034134292306875267
NONFIBROTIC ILD ADJUDICATED,1,283399477,genomic,6,769,3,0.004158223798066068,0.0039011703511053317,0.001327618000260774,0.011406505807889416,0.003413840199258672,0.005172778130101494
NONFIBROTIC ILD ADJUDICATED,1,283399477,genomic,7,770,0,0.007325098628462646,0.0,0.0,0.004964141914221508,0.005173113275812498,0.010845528633186045
NONFIBROTIC ILD ADJUDICATED,1,283399477,genomic,8,769,1,0.026611847408239023,0.0013003901170351106,0.0002295876800841234,0.007328830355107483,0.01086246906990388,0.05123395667727086
NONFIBROTIC ILD ADJUDICATED,1,283399477,genomic,9,770,4,0.13640343556703088,0.005194805194805195,0.0020219574690050306,0.013280219334419372,0.05133716476421146,0.6621405491308533
NONFIBROTIC ILD ADJUDICATED,1,283399477,combined,0,770,0,0.0005065210132043311,0.0,0.0,0.004964141914221508,0.00025808093686890737,0.0006240544713312407
NONFIBROTIC ILD ADJUDICATED,1,283399477,combined,1,769,1,0.0007209502459481129,0.0013003901170351106,0.0002295876800841234,0.007328830355107483,0.0006243721196115559,0.0008193442236706783
NONFIBROTIC ILD ADJUDICATED,1,283399477,combined,2,770,1,0.0009185780883582842,0.0012987012987012987,0.00022928946639889794,0.007319361170123334,0.0008193603744215525,0.001024950071249996
NONFIBROTIC ILD ADJUDICATED,1,283399477,combined,3,769,0,0.0011543461843962024,0.0,0.0,0.004970565148712315,0.0010250140563984468,0.0012991290183528787
NONFIBROTIC ILD ADJUDICATED,1,283399477,combined,4,770,4,0.0014586851704386664,0.005194805194805195,0.0020219574690050306,0.013280219334419372,0.001299575546994386,0.001630229290375725
NONFIBROTIC ILD ADJUDICATED,1,283399477,combined,5,769,0,0.0018708710178014967,0.0,0.0,0.004970565148712315,0.001630617179410921,0.0021547742825702093
NONFIBROTIC ILD ADJUDICATED,1,283399477,combined,6,769,2,0.0026224368174724818,0.002600780234070221,0.0007135177289523901,0.009432753192718508,0.0021549521779120687,0.0032209540220916474
NONFIBROTIC ILD ADJUDICATED,1,283399477,combined,7,770,1,0.004513630837227716,0.0012987012987012987,0.00022928946639889794,0.007319361170123334,0.0032223913765822643,0.006862389634366461
NONFIBROTIC ILD ADJUDICATED,1,283399477,combined,8,769,3,0.02091595133449247,0.0039011703511053317,0.001327618000260774,0.011406505807889416,0.006890597855397844,0.04150645118044257
NONFIBROTIC ILD ADJUDICATED,1,283399477,combined,9,770,4,0.13914411998335996,0.005194805194805195,0.0020219574690050306,0.013280219334419372,0.04163354291361881,0.9628349090951
NONFIBROTIC ILD ADJUDICATED,2,360641445,zebra,0,770,0,0.23091480825338764,0.0,0.0,0.004964141914221508,0.11052533634471677,0.2603278428050794
NONFIBROTIC ILD ADJUDICATED,2,360641445,zebra,1,769,0,0.28618924169250737,0.0,0.0,0.004970565148712315,0.2603664779857897,0.3119538397677216
NONFIBROTIC ILD ADJUDICATED,2,360641445,zebra,2,770,0,0.34193934772718143,0.0,0.0,0.004964141914221508,0.3120190426459585,0.37442960866501057
NONFIBROTIC ILD ADJUDICATED,2,360641445,zebra,3,769,0,0.4098890548045945,0.0,0.0,0.004970565148712315,0.3744961545744017,0.44767399523801377
NONFIBROTIC ILD ADJUDICATED,2,360641445,zebra,4,770,0,0.49122260128929746,0.0,0.0,0.004964141914221508,0.447734556292315,0.5427457610054819
NONFIBROTIC ILD ADJUDICATED,2,360641445,zebra,5,769,1,0.6039400933071573,0.0013003901170351106,0.0002295876800841234,0.007328830355107483,0.5428851516742825,0.6665285543453549
NONFIBROTIC ILD ADJUDICATED,2,360641445,zebra,6,769,2,0.7318319653471266,0.002600780234070221,0.0007135177289523901,0.009432753192718508,0.6667617650416321,0.7905263866651004
NONFIBROTIC ILD ADJUDICATED,2,360641445,zebra,7,770,1,0.8453818161609465,0.0012987012987012987,0.00022928946639889794,0.007319361170123334,0.7906546756562879,0.9002870229318725
NONFIBROTIC ILD ADJUDICATED,2,360641445,zebra,8,769,2,0.9512839470831468,0.002600780234070221,0.0007135177289523901,0.009432753192718508,0.9003013495130925,0.986090694495255
NONFIBROTIC ILD ADJUDICATED,2,360641445,zebra,9,770,10,0.9967267846839598,0.012987012987012988,0.007069333631553706,0.02373989550567504,0.9861373515718582,1.0
NONFIBROTIC ILD ADJUDICATED,2,360641445,genomic,0,770,1,0.0003712614076621385,0.0012987012987012987,0.00022928946639889794,0.007319361170123334,0.00022233830835154602,0.0004797880812013984
NONFIBROTIC ILD ADJUDICATED,2,360641445,genomic,1,769,1,0.0005842842666238548,0.0013003901170351106,0.0002295876800841234,0.007328830355107483,0.00048020079590393257,0.0006892495476627587
NONFIBROTIC ILD ADJUDICATED,2,360641445,genomic,2,770,0,0.0007977568692190601,0.0,0.0,0.004964141914221508,0.0006893291279934249,0.0009087623611110893
NONFIBROTIC ILD ADJUDICATED,2,360641445,genomic,3,769,2,0.0010415542599888088,0.002600780234070221,0.0007135177289523901,0.009432753192718508,0.0009095114782143068,0.0011885430348325301
NONFIBROTIC ILD ADJUDICATED,2,360641445,genomic,4,770,2,0.0013779825469845232,0.0025974025974025974,0.0007125907061236786,0.009420568652699277,0.0011888228363934484,0.0015896839115063486
NONFIBROTIC ILD ADJUDICATED,2,360641445,genomic,5,769,2,0.001858165600372993,0.002600780234070221,0.0007135177289523901,0.009432753192718508,0.0015913077827581009,0.0021637763118887185
NONFIBROTIC ILD ADJUDICATED,2,360641445,genomic,6,769,2,0.0025851925649191406,0.002600780234070221,0.0007135177289523901,0.009432753192718508,0.0021638303814495354,0.003080127583800287
NONFIBROTIC ILD ADJUDICATED,2,360641445,genomic,7,770,4,0.003920735413315332,0.005194805194805195,0.0020219574690050306,0.013280219334419372,0.0030801917102261855,0.00507426459102002
NONFIBROTIC ILD ADJUDICATED,2,360641445,genomic,8,769,1,0.008403913170937053,0.0013003901170351106,0.0002295876800841234,0.007328830355107483,0.005074903236549549,0.016166230267400244
NONFIBROTIC ILD ADJUDICATED,2,360641445,genomic,9,770,1,0.1359042146887176,0.0012987012987012987,0.00022928946639889794,0.007319361170123334,0.01633570868556294,0.7512836679776603
NONFIBROTIC ILD ADJUDICATED,2,360641445,combined,0,770,1,0.0017996539132893472,0.0012987012987012987,0.00022928946639889794,0.007319361170123334,0.0012889117093539454,0.002043843205648158
NONFIBROTIC ILD ADJUDICATED,2,360641445,combined,1,769,1,0.002233040405818953,0.0013003901170351106,0.0002295876800841234,0.007328830355107483,0.002044678100871414,0.0024018742284103874
NONFIBROTIC ILD ADJUDICATED,2,360641445,combined,2,770,1,0.002574369495024778,0.0012987012987012987,0.00022928946639889794,0.007319361170123334,0.0024023601906276114,0.002756311113496477
NONFIBROTIC ILD ADJUDICATED,2,360641445,combined,3,769,0,0.002958439514843222,0.0,0.0,0.004970565148712315,0.0027567639410628797,0.0031777384841778157
NONFIBROTIC ILD ADJUDICATED,2,360641445,combined,4,770,1,0.0034669342630193494,0.0012987012987012987,0.00022928946639889794,0.007319361170123334,0.0031779591345281882,0.003776121287819236
NONFIBROTIC ILD ADJUDICATED,2,360641445,combined,5,769,0,0.0041545746292980116,0.0,0.0,0.004970565148712315,0.0037772307614242057,0.0045974720046182875
NONFIBROTIC ILD ADJUDICATED,2,360641445,combined,6,769,2,0.005198830597615034,0.002600780234070221,0.0007135177289523901,0.009432753192718508,0.004597813217332319,0.00600931171284381
NONFIBROTIC ILD ADJUDICATED,2,360641445,combined,7,770,3,0.008244736869420127,0.003896103896103896,0.0013258926936253902,0.011391775387498288,0.006010195011416356,0.015479770789723712
NONFIBROTIC ILD ADJUDICATED,2,360641445,combined,8,769,3,0.05971649005731882,0.0039011703511053317,0.001327618000260774,0.011406505807889416,0.01565174767144805,0.09930392092875033
NONFIBROTIC ILD ADJUDICATED,2,360641445,combined,9,770,4,0.16330748057448854,0.005194805194805195,0.0020219574690050306,0.013280219334419372,0.09933290665286706,0.43783303222667525
NONFIBROTIC ILD ADJUDICATED,3,1202872163,zebra,0,770,0,0.2317641660167063,0.0,0.0,0.004964141914221508,0.11693488945217027,0.260816983501809
NONFIBROTIC ILD ADJUDICATED,3,1202872163,zebra,1,769,0,0.28653623331579786,0.0,0.0,0.004970565148712315,0.2608829204776901,0.31204399379032866
NONFIBROTIC ILD ADJUDICATED,3,1202872163,zebra,2,770,0,0.34363072734643857,0.0,0.0,0.004964141914221508,0.31213148847501915,0.37696740349922486
NONFIBROTIC ILD ADJUDICATED,3,1202872163,zebra,3,769,0,0.4123339546008616,0.0,0.0,0.004970565148712315,0.3770942218096785,0.4495140671623082
NONFIBROTIC ILD ADJUDICATED,3,1202872163,zebra,4,770,0,0.4954882607830659,0.0,0.0,0.004964141914221508,0.44965430124805295,0.5469272394072229
NONFIBROTIC ILD ADJUDICATED,3,1202872163,zebra,5,769,2,0.6068078724931437,0.002600780234070221,0.0007135177289523901,0.009432753192718508,0.5473893599396664,0.6687315969512554
NONFIBROTIC ILD ADJUDICATED,3,1202872163,zebra,6,769,2,0.7329477823059902,0.002600780234070221,0.0007135177289523901,0.009432753192718508,0.668776506732894,0.7889768531409792
NONFIBROTIC ILD ADJUDICATED,3,1202872163,zebra,7,770,3,0.846597796919791,0.003896103896103896,0.0013258926936253902,0.011391775387498288,0.7892800059753806,0.9015635813244769
NONFIBROTIC ILD ADJUDICATED,3,1202872163,zebra,8,769,1,0.9526043786200629,0.0013003901170351106,0.0002295876800841234,0.007328830355107483,0.9015884236259762,0.9860235587738928
NONFIBROTIC ILD ADJUDICATED,3,1202872163,zebra,9,770,8,0.9965972912311308,0.01038961038961039,0.005273784940225151,0.020366426752402144,0.9860387702851211,1.0
NONFIBROTIC ILD ADJUDICATED,3,1202872163,genomic,0,770,0,1.7007932316195838e-17,0.0,0.0,0.004964141914221508,2.4423414532516065e-25,1.1553540801245897e-16
NONFIBROTIC ILD ADJUDICATED,3,1202872163,genomic,1,769,2,3.598154737691533e-15,0.002600780234070221,0.0007135177289523901,0.009432753192718508,1.1599394332156032e-16,1.486300029309754e-14
NONFIBROTIC ILD ADJUDICATED,3,1202872163,genomic,2,770,3,1.2741253269982972e-13,0.003896103896103896,0.0013258926936253902,0.011391775387498288,1.48819958248328e-14,4.0392366724961817e-13
NONFIBROTIC ILD ADJUDICATED,3,1202872163,genomic,3,769,1,2.3555602345621645e-12,0.0013003901170351106,0.0002295876800841234,0.007328830355107483,4.039742999365416e-13,6.324690187821938e-12
NONFIBROTIC ILD ADJUDICATED,3,1202872163,genomic,4,770,3,2.77210438902195e-11,0.003896103896103896,0.0013258926936253902,0.011391775387498288,6.329744615202934e-12,7.202422513288559e-11
NONFIBROTIC ILD ADJUDICATED,3,1202872163,genomic,5,769,3,2.5450303602888744e-10,0.0039011703511053317,0.001327618000260774,0.011406505807889416,7.256748036091627e-11,6.030428805142226e-10
NONFIBROTIC ILD ADJUDICATED,3,1202872163,genomic,6,769,0,2.6192005789847135e-09,0.0,0.0,0.004970565148712315,6.032134230005723e-10,7.396070235806626e-09
NONFIBROTIC ILD ADJUDICATED,3,1202872163,genomic,7,770,1,5.293583046996759e-08,0.0012987012987012987,0.00022928946639889794,0.007319361170123334,7.439115075107812e-09,1.872839462137341e-07
NONFIBROTIC ILD ADJUDICATED,3,1202872163,genomic,8,769,2,2.8849813474827945e-06,0.002600780234070221,0.0007135177289523901,0.009432753192718508,1.87360805767602e-07,1.3823932747010319e-05
NONFIBROTIC ILD ADJUDICATED,3,1202872163,genomic,9,770,1,0.04820249045817743,0.0012987012987012987,0.00022928946639889794,0.007319361170123334,1.3846337226629499e-05,0.9999087678992933
NONFIBROTIC ILD ADJUDICATED,3,1202872163,combined,0,770,0,0.0014894521416955267,0.0,0.0,0.004964141914221508,0.0009370771650691805,0.0018289660230083654
NONFIBROTIC ILD ADJUDICATED,3,1202872163,combined,1,769,0,0.002132205483380991,0.0,0.0,0.004970565148712315,0.0018291560957129822,0.002455054039746617
NONFIBROTIC ILD ADJUDICATED,3,1202872163,combined,2,770,0,0.002798525918368938,0.0,0.0,0.004964141914221508,0.002455254838746023,0.0031686195911412468
NONFIBROTIC ILD ADJUDICATED,3,1202872163,combined,3,769,2,0.003602287858482523,0.002600780234070221,0.0007135177289523901,0.009432753192718508,0.003169725437915351,0.0041019214373080575
NONFIBROTIC ILD ADJUDICATED,3,1202872163,combined,4,770,0,0.004709990717257403,0.0,0.0,0.004964141914221508,0.004105163322539681,0.005408539320658921
NONFIBROTIC ILD ADJUDICATED,3,1202872163,combined,5,769,1,0.006434519239035838,0.0013003901170351106,0.0002295876800841234,0.007328830355107483,0.005410716564258809,0.007582143322576858
NONFIBROTIC ILD ADJUDICATED,3,1202872163,combined,6,769,1,0.009466313460200087,0.0013003901170351106,0.0002295876800841234,0.007328830355107483,0.007582345207467649,0.011844382995357032
NONFIBROTIC ILD ADJUDICATED,3,1202872163,combined,7,770,3,0.017381483711801975,0.003896103896103896,0.0013258926936253902,0.011391775387498288,0.011845860530055652,0.02673979784989877
NONFIBROTIC ILD ADJUDICATED,3,1202872163,combined,8,769,2,0.046790249556231005,0.002600780234070221,0.0007135177289523901,0.009432753192718508,0.02674219344081389,0.07839991645367385
NONFIBROTIC ILD ADJUDICATED,3,1202872163,combined,9,770,7,0.19530115793211475,0.00909090909090909,0.004410478976495486,0.01864522399383109,0.0785081919271466,0.6208110674589109
NONFIBROTIC ILD ADJUDICATED,4,680185041,zebra,0,770,0,0.23231235211381934,0.0,0.0,0.004964141914221508,0.11052533634471677,0.260739023049146
NONFIBROTIC ILD ADJUDICATED,4,680185041,zebra,1,769,0,0.28566947410119414,0.0,0.0,0.004970565148712315,0.2607572849048813,0.3111980368732263
NONFIBROTIC ILD ADJUDICATED,4,680185041,zebra,2,770,0,0.34112234266727365,0.0,0.0,0.004964141914221508,0.31121606017594466,0.3726751537023029
NONFIBROTIC ILD ADJUDICATED,4,680185041,zebra,3,769,0,0.40757448115771333,0.0,0.0,0.004970565148712315,0.37293122622020425,0.4439823393367903
NONFIBROTIC ILD ADJUDICATED,4,680185041,zebra,4,770,0,0.4879945530037064,0.0,0.0,0.004964141914221508,0.4441219959352513,0.5385058706401249
NONFIBROTIC ILD ADJUDICATED,4,680185041,zebra,5,769,1,0.5981706211556373,0.0013003901170351106,0.0002295876800841234,0.007328830355107483,0.5387018610907776,0.6593820271538514
NONFIBROTIC ILD ADJUDICATED,4,680185041,zebra,6,769,2,0.728759912028488,0.002600780234070221,0.0007135177289523901,0.009432753192718508,0.6602189206990785,0.7913670010332758
NONFIBROTIC ILD ADJUDICATED,4,680185041,zebra,7,770,3,0.8463792663530485,0.003896103896103896,0.0013258926936253902,0.011391775387498288,0.7914027917352122,0.9008618976387284
NONFIBROTIC ILD ADJUDICATED,4,680185041,zebra,8,769,2,0.9516013193588252,0.002600780234070221,0.0007135177289523901,0.009432753192718508,0.9009422577424787,0.9862388417344107
NONFIBROTIC ILD ADJUDICATED,4,680185041,zebra,9,770,8,0.9966641817508183,0.01038961038961039,0.005273784940225151,0.020366426752402144,0.9862464078157572,1.0
NONFIBROTIC ILD ADJUDICATED,4,680185041,genomic,0,770,1,0.0026886221618228024,0.0012987012987012987,0.00022928946639889794,0.007319361170123334,0.0015587509249696502,0.003309927806639844
NONFIBROTIC ILD ADJUDICATED,4,680185041,genomic,1,769,1,0.0038460235640100627,0.0013003901170351106,0.0002295876800841234,0.007328830355107483,0.003309962958734269,0.004378250061815264
NONFIBROTIC ILD ADJUDICATED,4,680185041,genomic,2,770,1,0.004972464536494389,0.0012987012987012987,0.00022928946639889794,0.007319361170123334,0.004378534404667144,0.005664343700230635
NONFIBROTIC ILD ADJUDICATED,4,680185041,genomic,3,769,3,0.0065279255987052,0.0039011703511053317,0.001327618000260774,0.011406505807889416,0.00566479420301744,0.007561804973285565
NONFIBROTIC ILD ADJUDICATED,4,680185041,genomic,4,770,1,0.009062597747875987,0.0012987012987012987,0.00022928946639889794,0.007319361170123334,0.007561941555838964,0.010955728454086152
NONFIBROTIC ILD ADJUDICATED,4,680185041,genomic,5,769,3,0.015006226834816398,0.0039011703511053317,0.001327618000260774,0.011406505807889416,0.010960584785329151,0.022780558614253783
NONFIBROTIC ILD ADJUDICATED,4,680185041,genomic,6,769,2,0.03619699692376393,0.002600780234070221,0.0007135177289523901,0.009432753192718508,0.022787973376047203,0.04637805768681325
NONFIBROTIC ILD ADJUDICATED,4,680185041,genomic,7,770,2,0.05656857372001537,0.0025974025974025974,0.0007125907061236786,0.009420568652699277,0.046395386667314804,0.06792704162872777
NONFIBROTIC ILD ADJUDICATED,4,680185041,genomic,8,769,0,0.08535712379588545,0.0,0.0,0.004970565148712315,0.06806211129360543,0.10800789522055661
NONFIBROTIC ILD ADJUDICATED,4,680185041,genomic,9,770,2,0.15904696578606475,0.0025974025974025974,0.0007125907061236786,0.009420568652699277,0.10802540398580544,0.36490718691412827
NONFIBROTIC ILD ADJUDICATED,4,680185041,combined,0,770,2,2.4792192421188413e-07,0.0025974025974025974,0.0007125907061236786,0.009420568652699277,6.8578266765499e-11,1.0448497292513386e-06
NONFIBROTIC ILD ADJUDICATED,4,680185041,combined,1,769,1,2.360673351248278e-06,0.0013003901170351106,0.0002295876800841234,0.007328830355107483,1.0529121436016191e-06,5.2584864467880954e-06
NONFIBROTIC ILD ADJUDICATED,4,680185041,combined,2,770,2,2.45308132441557e-05,0.0025974025974025974,0.0007125907061236786,0.009420568652699277,5.279356987879152e-06,3.314767422433205e-05
NONFIBROTIC ILD ADJUDICATED,4,680185041,combined,3,769,0,3.664775683305465e-05,0.0,0.0,0.004970565148712315,3.315000891649643e-05,4.007143925421475e-05
NONFIBROTIC ILD ADJUDICATED,4,680185041,combined,4,770,1,4.425523509625223e-05,0.0012987012987012987,0.00022928946639889794,0.007319361170123334,4.007506957382861e-05,4.8451418599362876e-05
NONFIBROTIC ILD ADJUDICATED,4,680185041,combined,5,769,0,5.383882185104689e-05,0.0,0.0,0.004970565148712315,4.845470214066633e-05,6.008258085281896e-05
NONFIBROTIC ILD ADJUDICATED,4,680185041,combined,6,769,1,7.359322816357152e-05,0.0013003901170351106,0.0002295876800841234,0.007328830355107483,6.008616950504855e-05,9.852099190350273e-05
NONFIBROTIC ILD ADJUDICATED,4,680185041,combined,7,770,3,0.008615468445594392,0.003896103896103896,0.0013258926936253902,0.011391775387498288,9.8685396590261e-05,0.025560258793531188
NONFIBROTIC ILD ADJUDICATED,4,680185041,combined,8,769,1,0.03242724342202955,0.0013003901170351106,0.0002295876800841234,0.007328830355107483,0.025588211605293957,0.042440645163357923
NONFIBROTIC ILD ADJUDICATED,4,680185041,combined,9,770,5,0.18289219786053174,0.006493506493506494,0.0027767335367897463,0.01510995198893538,0.04244314527087641,0.9742849187490193
NONFIBROTIC ILD ADJUDICATED,5,958117292,zebra,0,770,0,0.23000819342989529,0.0,0.0,0.004964141914221508,0.11052533634471677,0.25890092178089874
NONFIBROTIC ILD ADJUDICATED,5,958117292,zebra,1,769,0,0.28379024714236556,0.0,0.0,0.004970565148712315,0.2589971750535608,0.3093646375402617
NONFIBROTIC ILD ADJUDICATED,5,958117292,zebra,2,770,0,0.34067123233636853,0.0,0.0,0.004964141914221508,0.3093683307330287,0.3746139423417925
NONFIBROTIC ILD ADJUDICATED,5,958117292,zebra,3,769,0,0.41072517267389946,0.0,0.0,0.004970565148712315,0.37474196822514005,0.4486888957604662
NONFIBROTIC ILD ADJUDICATED,5,958117292,zebra,4,770,0,0.4937689925063981,0.0,0.0,0.004964141914221508,0.44870746992347377,0.5454256290619959
NONFIBROTIC ILD ADJUDICATED,5,958117292,zebra,5,769,1,0.6056132840639818,0.0013003901170351106,0.0002295876800841234,0.007328830355107483,0.5458708294191179,0.6680569674360941
NONFIBROTIC ILD ADJUDICATED,5,958117292,zebra,6,769,3,0.7340086568609011,0.0039011703511053317,0.001327618000260774,0.011406505807889416,0.6681014606204488,0.7914864280637494
NONFIBROTIC ILD ADJUDICATED,5,958117292,zebra,7,770,3,0.8480281941872838,0.003896103896103896,0.0013258926936253902,0.011391775387498288,0.7915402246159229,0.90441644847246
NONFIBROTIC ILD ADJUDICATED,5,958117292,zebra,8,769,1,0.9525672229816187,0.0013003901170351106,0.0002295876800841234,0.007328830355107483,0.9044285267570346,0.9860584996624647
NONFIBROTIC ILD ADJUDICATED,5,958117292,zebra,9,770,8,0.9965922988132322,0.01038961038961039,0.005273784940225151,0.020366426752402144,0.9860610484462138,1.0
NONFIBROTIC ILD ADJUDICATED,5,958117292,genomic,0,770,1,0.0007542561391283764,0.0012987012987012987,0.00022928946639889794,0.007319361170123334,0.0003522379303870571,0.0009476462674506581
NONFIBROTIC ILD ADJUDICATED,5,958117292,genomic,1,769,2,0.0011039546201644186,0.002600780234070221,0.0007135177289523901,0.009432753192718508,0.0009489799326373216,0.0012652108292503796
NONFIBROTIC ILD ADJUDICATED,5,958117292,genomic,2,770,1,0.0014248031235483546,0.0012987012987012987,0.00022928946639889794,0.007319361170123334,0.001265583231798998,0.001593612318876944
NONFIBROTIC ILD ADJUDICATED,5,958117292,genomic,3,769,2,0.0017865239202604622,0.002600780234070221,0.0007135177289523901,0.009432753192718508,0.0015943689679109294,0.0020052991225109587
NONFIBROTIC ILD ADJUDICATED,5,958117292,genomic,4,770,1,0.002323656138942443,0.0012987012987012987,0.00022928946639889794,0.007319361170123334,0.0020059435929682718,0.0026672138138776566
NONFIBROTIC ILD ADJUDICATED,5,958117292,genomic,5,769,3,0.003145484247870854,0.0039011703511053317,0.001327618000260774,0.011406505807889416,0.002674174462823288,0.0037487843845799475
NONFIBROTIC ILD ADJUDICATED,5,958117292,genomic,6,769,1,0.004994029243763934,0.0013003901170351106,0.0002295876800841234,0.007328830355107483,0.003750553046687452,0.0071945985990803036
NONFIBROTIC ILD ADJUDICATED,5,958117292,genomic,7,770,1,0.01988232986678331,0.0012987012987012987,0.00022928946639889794,0.007319361170123334,0.007195263802749089,0.03358661145961302
NONFIBROTIC ILD ADJUDICATED,5,958117292,genomic,8,769,4,0.04762080778771456,0.005201560468140442,0.0020245891497467933,0.013297387544882687,0.0336201093979554,0.06535333246152268
NONFIBROTIC ILD ADJUDICATED,5,958117292,genomic,9,770,0,0.12759977420516652,0.0,0.0,0.004964141914221508,0.06539391185898566,0.8902794343744315
NONFIBROTIC ILD ADJUDICATED,5,958117292,combined,0,770,3,2.3389812964963025e-09,0.003896103896103896,0.0013258926936253902,0.011391775387498288,3.255634478499799e-11,5.63085757272884e-09
NONFIBROTIC ILD ADJUDICATED,5,958117292,combined,1,769,2,1.6296150582437123e-08,0.002600780234070221,0.0007135177289523901,0.009432753192718508,5.638349908696105e-09,3.681761438153272e-08
NONFIBROTIC ILD ADJUDICATED,5,958117292,combined,2,770,2,9.592034248018752e-08,0.0025974025974025974,0.0007125907061236786,0.009420568652699277,3.685187561324001e-08,1.782767352028228e-07
NONFIBROTIC ILD ADJUDICATED,5,958117292,combined,3,769,1,2.9452277222751465e-07,0.0013003901170351106,0.0002295876800841234,0.007328830355107483,1.7833323127135336e-07,4.2778038056723884e-07
NONFIBROTIC ILD ADJUDICATED,5,958117292,combined,4,770,0,6.110094105609643e-07,0.0,0.0,0.004964141914221508,4.2808855031150976e-07,8.556257081499933e-07
NONFIBROTIC ILD ADJUDICATED,5,958117292,combined,5,769,1,1.212463704318037e-06,0.0013003901170351106,0.0002295876800841234,0.007328830355107483,8.55815568977416e-07,1.6470951809514265e-06
NONFIBROTIC ILD ADJUDICATED,5,958117292,combined,6,769,1,2.437362950534819e-06,0.0013003901170351106,0.0002295876800841234,0.007328830355107483,1.6487601679318275e-06,3.492322316288982e-06
NONFIBROTIC ILD ADJUDICATED,5,958117292,combined,7,770,0,6.1591427726673025e-06,0.0,0.0,0.004964141914221508,3.4923421559439286e-06,1.0729111595921355e-05
NONFIBROTIC ILD ADJUDICATED,5,958117292,combined,8,769,2,5.106170793745486e-05,0.002600780234070221,0.0007135177289523901,0.009432753192718508,1.0749806501555006e-05,0.00017037988367133773
NONFIBROTIC ILD ADJUDICATED,5,958117292,combined,9,770,4,0.027350293188217797,0.005194805194805195,0.0020219574690050306,0.013280219334419372,0.0001712662052031465,0.9995882501932268
NONFIBROTIC ILD ADJUDICATED,6,1465855912,zebra,0,770,0,0.23160644851637985,0.0,0.0,0.004964141914221508,0.11693488945217027,0.26061351545512534
NONFIBROTIC ILD ADJUDICATED,6,1465855912,zebra,1,769,0,0.28647024581238684,0.0,0.0,0.004970565148712315,0.2606382248749676,0.31247807889891516
NONFIBROTIC ILD ADJUDICATED,6,1465855912,zebra,2,770,0,0.3430470030012871,0.0,0.0,0.004964141914221508,0.3125359068401259,0.37670270468505757
NONFIBROTIC ILD ADJUDICATED,6,1465855912,zebra,3,769,0,0.4119454209759194,0.0,0.0,0.004970565148712315,0.37675257434166515,0.4494992027701349
NONFIBROTIC ILD ADJUDICATED,6,1465855912,zebra,4,770,1,0.49583485198892474,0.0012987012987012987,0.00022928946639889794,0.007319361170123334,0.4495140671623082,0.5469501339296855
NONFIBROTIC ILD ADJUDICATED,6,1465855912,zebra,5,769,2,0.6121903466840024,0.002600780234070221,0.0007135177289523901,0.009432753192718508,0.5473800313847698,0.6761860288727164
NONFIBROTIC ILD ADJUDICATED,6,1465855912,zebra,6,769,3,0.7423714151210999,0.0039011703511053317,0.001327618000260774,0.011406505807889416,0.6761927810265009,0.8032249665798104
NONFIBROTIC ILD ADJUDICATED,6,1465855912,zebra,7,770,3,0.8583873744995894,0.003896103896103896,0.0013258926936253902,0.011391775387498288,0.8032915402760831,0.9124580928834798
NONFIBROTIC ILD ADJUDICATED,6,1465855912,zebra,8,769,2,0.95692512253203,0.002600780234070221,0.0007135177289523901,0.009432753192718508,0.9125688816490267,0.9869388822921711
NONFIBROTIC ILD ADJUDICATED,6,1465855912,zebra,9,770,5,0.9969502635165953,0.006493506493506494,0.0027767335367897463,0.01510995198893538,0.9869461498123293,1.0
NONFIBROTIC ILD ADJUDICATED,6,1465855912,genomic,0,770,0,2.1680257788101444e-15,0.0,0.0,0.004964141914221508,5.246343435200463e-21,1.242924159338781e-14
NONFIBROTIC ILD ADJUDICATED,6,1465855912,genomic,1,769,1,9.610380249638526e-14,0.0013003901170351106,0.0002295876800841234,0.007328830355107483,1.2526850683192162e-14,2.5891536775901766e-13
NONFIBROTIC ILD ADJUDICATED,6,1465855912,genomic,2,770,5,7.470040458106523e-13,0.006493506493506494,0.0027767335367897463,0.01510995198893538,2.644557889217559e-13,1.5469006052631555e-12
NONFIBROTIC ILD ADJUDICATED,6,1465855912,genomic,3,769,1,3.605799801848448e-12,0.0013003901170351106,0.0002295876800841234,0.007328830355107483,1.5491054482006247e-12,6.494136891766572e-12
NONFIBROTIC ILD ADJUDICATED,6,1465855912,genomic,4,770,0,1.3760024038109672e-11,0.0,0.0,0.004964141914221508,6.49987576402995e-12,2.5109905132709857e-11
NONFIBROTIC ILD ADJUDICATED,6,1465855912,genomic,5,769,4,5.717201115521409e-11,0.005201560468140442,0.0020245891497467933,0.013297387544882687,2.513777183371136e-11,1.119571961150681e-10
NONFIBROTIC ILD ADJUDICATED,6,1465855912,genomic,6,769,2,3.1469725415133573e-10,0.002600780234070221,0.0007135177289523901,0.009432753192718508,1.1214343462813766e-10,7.085536056129493e-10
NONFIBROTIC ILD ADJUDICATED,6,1465855912,genomic,7,770,1,2.9515040901008927e-09,0.0012987012987012987,0.00022928946639889794,0.007319361170123334,7.090289436376667e-10,9.324039641570947e-09
NONFIBROTIC ILD ADJUDICATED,6,1465855912,genomic,8,769,1,2.3159524277542648e-07,0.0013003901170351106,0.0002295876800841234,0.007328830355107483,9.52918062160503e-09,1.2640466878486113e-06
NONFIBROTIC ILD ADJUDICATED,6,1465855912,genomic,9,770,1,0.05331019507887963,0.0012987012987012987,0.00022928946639889794,0.007319361170123334,1.2678023023060566e-06,0.9999999928124503
NONFIBROTIC ILD ADJUDICATED,6,1465855912,combined,0,770,0,0.0017120178779043895,0.0,0.0,0.004964141914221508,0.0014206108088951877,0.0018684903597153395
NONFIBROTIC ILD ADJUDICATED,6,1465855912,combined,1,769,0,0.001981181492700599,0.0,0.0,0.004970565148712315,0.0018687851293647214,0.00209018543343217
NONFIBROTIC ILD ADJUDICATED,6,1465855912,combined,2,770,1,0.002195762401337802,0.0012987012987012987,0.00022928946639889794,0.007319361170123334,0.002090328198066161,0.0023020538948717822
NONFIBROTIC ILD ADJUDICATED,6,1465855912,combined,3,769,0,0.0024309787030465583,0.0,0.0,0.004970565148712315,0.002302311687170092,0.0025578870274249516
NONFIBROTIC ILD ADJUDICATED,6,1465855912,combined,4,770,1,0.002699998792928054,0.0012987012987012987,0.00022928946639889794,0.007319361170123334,0.0025581353313269776,0.0028623542754179273
NONFIBROTIC ILD ADJUDICATED,6,1465855912,combined,5,769,2,0.003099169787482037,0.002600780234070221,0.0007135177289523901,0.009432753192718508,0.0028636075345492896,0.0034062317142433004
NONFIBROTIC ILD ADJUDICATED,6,1465855912,combined,6,769,2,0.0038929003841279013,0.002600780234070221,0.0007135177289523901,0.009432753192718508,0.0034065964828354396,0.004553516807000821
NONFIBROTIC ILD ADJUDICATED,6,1465855912,combined,7,770,2,0.005877246602382959,0.0025974025974025974,0.0007125907061236786,0.009420568652699277,0.004554854779785146,0.00831399636297103
NONFIBROTIC ILD ADJUDICATED,6,1465855912,combined,8,769,5,0.05664996567934,0.006501950585175552,0.002780348414515579,0.015129481166593194,0.00834300559350805,0.08532637444483007
NONFIBROTIC ILD ADJUDICATED,6,1465855912,combined,9,770,3,0.1414972051376229,0.003896103896103896,0.0013258926936253902,0.011391775387498288,0.08539616289173778,0.8271620481650702
NONFIBROTIC ILD ADJUDICATED,7,2122967150,zebra,0,770,0,0.23310249187893384,0.0,0.0,0.004964141914221508,0.11052533634471677,0.2611361694817833
NONFIBROTIC ILD ADJUDICATED,7,2122967150,zebra,1,769,0,0.2860665410146811,0.0,0.0,0.004970565148712315,0.26119474251243924,0.3126900694309642
NONFIBROTIC ILD ADJUDICATED,7,2122967150,zebra,2,770,0,0.3447412672688655,0.0,0.0,0.004964141914221508,0.31282001579730256,0.37735745392096814
NONFIBROTIC ILD ADJUDICATED,7,2122967150,zebra,3,769,0,0.4129751085997428,0.0,0.0,0.004970565148712315,0.3773876632671498,0.44965430124805295
NONFIBROTIC ILD ADJUDICATED,7,2122967150,zebra,4,770,0,0.49481940495643445,0.0,0.0,0.004964141914221508,0.4499127724585104,0.5436096690465401
NONFIBROTIC ILD ADJUDICATED,7,2122967150,zebra,5,769,2,0.6033545349939263,0.002600780234070221,0.0007135177289523901,0.009432753192718508,0.5436876473428899,0.6662018686088061
NONFIBROTIC ILD ADJUDICATED,7,2122967150,zebra,6,769,1,0.7322604479688811,0.0013003901170351106,0.0002295876800841234,0.007328830355107483,0.6662717204623677,0.7931991490157023
NONFIBROTIC ILD ADJUDICATED,7,2122967150,zebra,7,770,4,0.8480842665125593,0.005194805194805195,0.0020219574690050306,0.013280219334419372,0.7932292598136429,0.8998170492352966
NONFIBROTIC ILD ADJUDICATED,7,2122967150,zebra,8,769,2,0.9501712925612842,0.002600780234070221,0.0007135177289523901,0.009432753192718508,0.8998307879232259,0.9852913008258685
NONFIBROTIC ILD ADJUDICATED,7,2122967150,zebra,9,770,7,0.9963304604673188,0.00909090909090909,0.004410478976495486,0.01864522399383109,0.9853138761542591,1.0
NONFIBROTIC ILD ADJUDICATED,7,2122967150,genomic,0,770,1,7.18370943894222e-47,0.0012987012987012987,0.00022928946639889794,0.007319361170123334,1.4921592036186793e-67,9.882131482639297e-46
NONFIBROTIC ILD ADJUDICATED,7,2122967150,genomic,1,769,1,3.9069388926689037e-42,0.0013003901170351106,0.0002295876800841234,0.007328830355107483,1.0227714948070385e-45,3.185392914641087e-41
NONFIBROTIC ILD ADJUDICATED,7,2122967150,genomic,2,770,1,2.058562167147122e-38,0.0012987012987012987,0.00022928946639889794,0.007319361170123334,3.2657947242123027e-41,1.5499445756932037e-37
NONFIBROTIC ILD ADJUDICATED,7,2122967150,genomic,3,769,1,2.8773087724544164e-35,0.0013003901170351106,0.0002295876800841234,0.007328830355107483,1.551262986925246e-37,1.8156829866803334e-34
NONFIBROTIC ILD ADJUDICATED,7,2122967150,genomic,4,770,2,1.3802768829885606e-32,0.0025974025974025974,0.0007125907061236786,0.009420568652699277,1.8280468681704416e-34,7.60617235446766e-32
NONFIBROTIC ILD ADJUDICATED,7,2122967150,genomic,5,769,3,3.6301867548674094e-30,0.0039011703511053317,0.001327618000260774,0.011406505807889416,7.620658579175446e-32,1.9862933766747442e-29
NONFIBROTIC ILD ADJUDICATED,7,2122967150,genomic,6,769,3,1.2978561751350908e-27,0.0039011703511053317,0.001327618000260774,0.011406505807889416,1.989514465705381e-29,9.452990055662431e-27
NONFIBROTIC ILD ADJUDICATED,7,2122967150,genomic,7,770,3,1.5797903327756437e-24,0.003896103896103896,0.0013258926936253902,0.011391775387498288,9.574507246044386e-27,1.1137381931038122e-23
NONFIBROTIC ILD ADJUDICATED,7,2122967150,genomic,8,769,1,3.106001556879428e-20,0.0013003901170351106,0.0002295876800841234,0.007328830355107483,1.1168754911910118e-23,3.7336211005065913e-19
NONFIBROTIC ILD ADJUDICATED,7,2122967150,genomic,9,770,0,0.07702360291474632,0.0,0.0,0.004964141914221508,3.9366389343544284e-19,1.0
NONFIBROTIC ILD ADJUDICATED,7,2122967150,combined,0,770,5,5.3231205225210835e-33,0.006493506493506494,0.0027767335367897463,0.01510995198893538,8.359112589724538e-54,9.05211456680535e-32
NONFIBROTIC ILD ADJUDICATED,7,2122967150,combined,1,769,3,8.599813978847285e-28,0.0039011703511053317,0.001327618000260774,0.011406505807889416,9.219496837297566e-32,7.11535075382994e-27
NONFIBROTIC ILD ADJUDICATED,7,2122967150,combined,2,770,2,5.346564455453475e-25,0.0025974025974025974,0.0007125907061236786,0.009420568652699277,7.118941909321975e-27,2.770904952000198e-24
NONFIBROTIC ILD ADJUDICATED,7,2122967150,combined,3,769,0,4.431005185461756e-23,0.0,0.0,0.004970565148712315,2.7747234740819325e-24,1.8572092771564504e-22
NONFIBROTIC ILD ADJUDICATED,7,2122967150,combined,4,770,1,2.2605807439241056e-21,0.0012987012987012987,0.00022928946639889794,0.007319361170123334,1.8627211453133455e-22,8.916666243033226e-21
NONFIBROTIC ILD ADJUDICATED,7,2122967150,combined,5,769,0,9.471587047488974e-20,0.0,0.0,0.004970565148712315,9.019392337183378e-21,4.0277637670206395e-19
NONFIBROTIC ILD ADJUDICATED,7,2122967150,combined,6,769,1,4.615968343378827e-18,0.0013003901170351106,0.0002295876800841234,0.007328830355107483,4.0466429525154937e-19,1.7734246245686225e-17
NONFIBROTIC ILD ADJUDICATED,7,2122967150,combined,7,770,1,4.193712480337237e-16,0.0012987012987012987,0.00022928946639889794,0.007319361170123334,1.7789417943446e-17,2.054749034221026e-15
NONFIBROTIC ILD ADJUDICATED,7,2122967150,combined,8,769,2,3.0866320798404865e-13,0.002600780234070221,0.0007135177289523901,0.009432753192718508,2.082344777482175e-15,3.345636229816238e-12
NONFIBROTIC ILD ADJUDICATED,7,2122967150,combined,9,770,1,0.07328821368254339,0.0012987012987012987,0.00022928946639889794,0.007319361170123334,3.3699633790086326e-12,1.0
NONFIBROTIC ILD ADJUDICATED,8,1841939654,zebra,0,770,0,0.23137106820945527,0.0,0.0,0.004964141914221508,0.11693488945217027,0.26095244343517615
NONFIBROTIC ILD ADJUDICATED,8,1841939654,zebra,1,769,0,0.2870687123588458,0.0,0.0,0.004970565148712315,0.26099906075218154,0.31370978460794746
NONFIBROTIC ILD ADJUDICATED,8,1841939654,zebra,2,770,0,0.3439570164091149,0.0,0.0,0.004964141914221508,0.31382641006507933,0.3753587735507651
NONFIBROTIC ILD ADJUDICATED,8,1841939654,zebra,3,769,0,0.41092793533722016,0.0,0.0,0.004970565148712315,0.3757102332387537,0.4477151358421824
NONFIBROTIC ILD ADJUDICATED,8,1841939654,zebra,4,770,1,0.4908613621463024,0.0012987012987012987,0.00022928946639889794,0.007319361170123334,0.447734556292315,0.5380232986555498
NONFIBROTIC ILD ADJUDICATED,8,1841939654,zebra,5,769,2,0.5994908857370351,0.002600780234070221,0.0007135177289523901,0.009432753192718508,0.5382614218396673,0.6627623675653367
NONFIBROTIC ILD ADJUDICATED,8,1841939654,zebra,6,769,2,0.7305825382124087,0.002600780234070221,0.0007135177289523901,0.009432753192718508,0.6628262091853885,0.7932292598136429
NONFIBROTIC ILD ADJUDICATED,8,1841939654,zebra,7,770,1,0.8489323892074121,0.0012987012987012987,0.00022928946639889794,0.007319361170123334,0.7933931341101216,0.9038396687962066
NONFIBROTIC ILD ADJUDICATED,8,1841939654,zebra,8,769,2,0.9529247268581813,0.002600780234070221,0.0007135177289523901,0.009432753192718508,0.9039562849593393,0.9866728440156178
NONFIBROTIC ILD ADJUDICATED,8,1841939654,zebra,9,770,8,0.9967417325051077,0.01038961038961039,0.005273784940225151,0.020366426752402144,0.986683171002475,1.0
NONFIBROTIC ILD ADJUDICATED,8,1841939654,genomic,0,770,1,0.0,0.0012987012987012987,0.00022928946639889794,0.007319361170123334,0.0,0.0
NONFIBROTIC ILD ADJUDICATED,8,1841939654,genomic,1,769,1,0.0,0.0013003901170351106,0.0002295876800841234,0.007328830355107483,0.0,0.0
NONFIBROTIC ILD ADJUDICATED,8,1841939654,genomic,2,770,1,0.0,0.0012987012987012987,0.00022928946639889794,0.007319361170123334,0.0,0.0
NONFIBROTIC ILD ADJUDICATED,8,1841939654,genomic,3,769,2,0.0,0.002600780234070221,0.0007135177289523901,0.009432753192718508,0.0,0.0
NONFIBROTIC ILD ADJUDICATED,8,1841939654,genomic,4,770,1,0.0,0.0012987012987012987,0.00022928946639889794,0.007319361170123334,0.0,0.0
NONFIBROTIC ILD ADJUDICATED,8,1841939654,genomic,5,769,2,0.0,0.002600780234070221,0.0007135177289523901,0.009432753192718508,0.0,0.0
NONFIBROTIC ILD ADJUDICATED,8,1841939654,genomic,6,769,3,0.0,0.0039011703511053317,0.001327618000260774,0.011406505807889416,0.0,0.0
NONFIBROTIC ILD ADJUDICATED,8,1841939654,genomic,7,770,1,0.0,0.0012987012987012987,0.00022928946639889794,0.007319361170123334,0.0,0.0
NONFIBROTIC ILD ADJUDICATED,8,1841939654,genomic,8,769,3,0.0,0.0039011703511053317,0.001327618000260774,0.011406505807889416,0.0,0.0
NONFIBROTIC ILD ADJUDICATED,8,1841939654,genomic,9,770,1,0.4947990657965869,0.0012987012987012987,0.00022928946639889794,0.007319361170123334,0.0,1.0
NONFIBROTIC ILD ADJUDICATED,8,1841939654,combined,0,770,0,1.2629575009622985e-69,0.0,0.0,0.004964141914221508,2.7857174487859004e-118,3.6080790914911532e-68
NONFIBROTIC ILD ADJUDICATED,8,1841939654,combined,1,769,2,1.1182843039157634e-61,0.002600780234070221,0.0007135177289523901,0.009432753192718508,3.6484366928376973e-68,1.7703452287611414e-60
NONFIBROTIC ILD ADJUDICATED,8,1841939654,combined,2,770,1,1.9011239503752656e-53,0.0012987012987012987,0.00022928946639889794,0.007319361170123334,1.7709094341896904e-60,3.2096264663449456e-52
NONFIBROTIC ILD ADJUDICATED,8,1841939654,combined,3,769,4,8.804561920585766e-46,0.005201560468140442,0.0020245891497467933,0.013297387544882687,3.228884258390297e-52,1.5648454149480801e-44
NONFIBROTIC ILD ADJUDICATED,8,1841939654,combined,4,770,0,1.045143865751128e-34,0.0,0.0,0.004964141914221508,1.600524214099375e-44,2.467712329916844e-33
NONFIBROTIC ILD ADJUDICATED,8,1841939654,combined,5,769,1,4.057550989040788e-24,0.0013003901170351106,0.0002295876800841234,0.007328830355107483,2.4921733366164362e-33,5.915106310906827e-23
NONFIBROTIC ILD ADJUDICATED,8,1841939654,combined,6,769,1,6.186291819394822e-20,0.0013003901170351106,0.0002295876800841234,0.007328830355107483,5.982586434429831e-23,5.814892106069079e-19
NONFIBROTIC ILD ADJUDICATED,8,1841939654,combined,7,770,2,5.437935610522343e-16,0.0025974025974025974,0.0007125907061236786,0.009420568652699277,5.891667173663192e-19,4.6421634002821076e-15
NONFIBROTIC ILD ADJUDICATED,8,1841939654,combined,8,769,1,1.7247790174984442e-11,0.0013003901170351106,0.0002295876800841234,0.007328830355107483,4.68641152911023e-15,2.5071536449014605e-10
NONFIBROTIC ILD ADJUDICATED,8,1841939654,combined,9,770,4,0.2741451155493063,0.005194805194805195,0.0020219574690050306,0.013280219334419372,2.509079392127328e-10,1.0
NONFIBROTIC ILD ADJUDICATED,9,2048233029,zebra,0,770,0,0.23193793556019734,0.0,0.0,0.004964141914221508,0.11052533634471677,0.25993639862440343
NONFIBROTIC ILD ADJUDICATED,9,2048233029,zebra,1,769,0,0.28523894302194774,0.0,0.0,0.004970565148712315,0.26002454610159537,0.3108417085475383
NONFIBROTIC ILD ADJUDICATED,9,2048233029,zebra,2,770,0,0.34148827536620296,0.0,0.0,0.004964141914221508,0.310911634115635,0.3750647308513072
NONFIBROTIC ILD ADJUDICATED,9,2048233029,zebra,3,769,0,0.40847506582936544,0.0,0.0,0.004970565148712315,0.37511969672903656,0.44338570922242515
NONFIBROTIC ILD ADJUDICATED,9,2048233029,zebra,4,770,0,0.4871761130315913,0.0,0.0,0.004964141914221508,0.4434399625291291,0.5374405249829425
NONFIBROTIC ILD ADJUDICATED,9,2048233029,zebra,5,769,1,0.5998222887517847,0.0013003901170351106,0.0002295876800841234,0.007328830355107483,0.5375047849740061,0.6637299821228352
NONFIBROTIC ILD ADJUDICATED,9,2048233029,zebra,6,769,3,0.7272226350545327,0.0039011703511053317,0.001327618000260774,0.011406505807889416,0.6637367749806213,0.7868185827330629
NONFIBROTIC ILD ADJUDICATED,9,2048233029,zebra,7,770,3,0.8427767155164463,0.003896103896103896,0.0013258926936253902,0.011391775387498288,0.7869327886043372,0.8979567958833038
NONFIBROTIC ILD ADJUDICATED,9,2048233029,zebra,8,769,1,0.9494656635651567,0.0013003901170351106,0.0002295876800841234,0.007328830355107483,0.8981964241969762,0.9856268735103083
NONFIBROTIC ILD ADJUDICATED,9,2048233029,zebra,9,770,8,0.9964755917687939,0.01038961038961039,0.005273784940225151,0.020366426752402144,0.9856534127598661,1.0
NONFIBROTIC ILD ADJUDICATED,9,2048233029,genomic,0,770,0,3.459626931083266e-05,0.0,0.0,0.004964141914221508,1.9225433455899405e-05,4.357373886512429e-05
NONFIBROTIC ILD ADJUDICATED,9,2048233029,genomic,1,769,0,5.219612704605012e-05,0.0,0.0,0.004970565148712315,4.358427414340584e-05,6.096160753070003e-05
NONFIBROTIC ILD ADJUDICATED,9,2048233029,genomic,2,770,1,7.070765915996032e-05,0.0012987012987012987,0.00022928946639889794,0.007319361170123334,6.1008086842044565e-05,7.996860947566512e-05
NONFIBROTIC ILD ADJUDICATED,9,2048233029,genomic,3,769,2,9.10034466634421e-05,0.002600780234070221,0.0007135177289523901,0.009432753192718508,7.998715003546295e-05,0.00010232243233626915
NONFIBROTIC ILD ADJUDICATED,9,2048233029,genomic,4,770,3,0.00011664045522860582,0.003896103896103896,0.0013258926936253902,0.011391775387498288,0.00010232251459280762,0.00013277402515065622
NONFIBROTIC ILD ADJUDICATED,9,2048233029,genomic,5,769,3,0.00015197737359865334,0.0039011703511053317,0.001327618000260774,0.011406505807889416,0.000132837526312881,0.00017381101881026523
NONFIBROTIC ILD ADJUDICATED,9,2048233029,genomic,6,769,2,0.00020641749403559908,0.002600780234070221,0.0007135177289523901,0.009432753192718508,0.00017386159123735138,0.00024770347273750593
NONFIBROTIC ILD ADJUDICATED,9,2048233029,genomic,7,770,1,0.00033023780390533384,0.0012987012987012987,0.00022928946639889794,0.007319361170123334,0.00024781344284973013,0.0004730224631664625
NONFIBROTIC ILD ADJUDICATED,9,2048233029,genomic,8,769,2,0.027273797423313546,0.002600780234070221,0.0007135177289523901,0.009432753192718508,0.00047325622933482703,0.09189033992146968
NONFIBROTIC ILD ADJUDICATED,9,2048233029,genomic,9,770,2,0.20065696289934462,0.0025974025974025974,0.0007125907061236786,0.009420568652699277,0.092385319384447,0.7083821490046668
NONFIBROTIC ILD ADJUDICATED,9,2048233029,combined,0,770,0,1.0746749938320829e-10,0.0,0.0,0.004964141914221508,2.527402185901606e-13,3.4038971638847784e-10
NONFIBROTIC ILD ADJUDICATED,9,2048233029,combined,1,769,1,1.2785012186233313e-09,0.0013003901170351106,0.0002295876800841234,0.007328830355107483,3.411675072812694e-10,3.290886255569648e-09
NONFIBROTIC ILD ADJUDICATED,9,2048233029,combined,2,770,1,9.279977481270683e-09,0.0012987012987012987,0.00022928946639889794,0.007319361170123334,3.3016237385645386e-09,1.838567873428706e-08
NONFIBROTIC ILD ADJUDICATED,9,2048233029,combined,3,769,0,3.8579263166682127e-08,0.0,0.0,0.004970565148712315,1.8409068793322444e-08,6.7857478813854e-08
NONFIBROTIC ILD ADJUDICATED,9,2048233029,combined,4,770,3,1.3713600155201722e-07,0.003896103896103896,0.0013258926936253902,0.011391775387498288,6.803736571285282e-08,2.417052343992533e-07
NONFIBROTIC ILD ADJUDICATED,9,2048233029,combined,5,769,1,5.759011975766122e-07,0.0013003901170351106,0.0002295876800841234,0.007328830355107483,2.417993747084435e-07,1.268919331521814e-06
NONFIBROTIC ILD ADJUDICATED,9,2048233029,combined,6,769,0,1.9115238728307663e-05,0.0,0.0,0.004970565148712315,1.2754471090762838e-06,8.313620833108463e-05
NONFIBROTIC ILD ADJUDICATED,9,2048233029,combined,7,770,4,0.00043377890395827277,0.005194805194805195,0.0020219574690050306,0.013280219334419372,8.326782228223156e-05,0.0012216686450799642
NONFIBROTIC ILD ADJUDICATED,9,2048233029,combined,8,769,2,0.020934757392434868,0.002600780234070221,0.0007135177289523901,0.009432753192718508,0.001226028528668967,0.07261305252837442
NONFIBROTIC ILD ADJUDICATED,9,2048233029,combined,9,770,4,0.3836254170017721,0.005194805194805195,0.0020219574690050306,0.013280219334419372,0.07340358939593192,0.9999999999991638
NONFIBROTIC ILD ADJUDICATED,10,2044296988,zebra,0,770,0,0.23213160999022198,0.0,0.0,0.004964141914221508,0.11693488945217027,0.2592087330068648
NONFIBROTIC ILD ADJUDICATED,10,2044296988,zebra,1,769,0,0.2845317577923763,0.0,0.0,0.004970565148712315,0.2592265275279664,0.3103973802089924
NONFIBROTIC ILD ADJUDICATED,10,2044296988,zebra,2,770,0,0.3401114563613546,0.0,0.0,0.004964141914221508,0.31044374846592965,0.37249303861781413
NONFIBROTIC ILD ADJUDICATED,10,2044296988,zebra,3,769,0,0.40790341340876807,0.0,0.0,0.004970565148712315,0.3725088534143956,0.44381064583566626
NONFIBROTIC ILD ADJUDICATED,10,2044296988,zebra,4,770,1,0.48725712809308364,0.0012987012987012987,0.00022928946639889794,0.007319361170123334,0.44386246688636605,0.5356066136968456
NONFIBROTIC ILD ADJUDICATED,10,2044296988,zebra,5,769,1,0.5947780834151601,0.0013003901170351106,0.0002295876800841234,0.007328830355107483,0.5356877090265101,0.6560347476348368
NONFIBROTIC ILD ADJUDICATED,10,2044296988,zebra,6,769,1,0.7237478896525726,0.0013003901170351106,0.0002295876800841234,0.007328830355107483,0.6560596319922349,0.786869545214077
NONFIBROTIC ILD ADJUDICATED,10,2044296988,zebra,7,770,3,0.8430667914873442,0.003896103896103896,0.0013258926936253902,0.011391775387498288,0.7871340958773702,0.8994346917346799
NONFIBROTIC ILD ADJUDICATED,10,2044296988,zebra,8,769,1,0.9506177333479461,0.0013003901170351106,0.0002295876800841234,0.007328830355107483,0.8995130441101881,0.9859988523659691
NONFIBROTIC ILD ADJUDICATED,10,2044296988,zebra,9,770,9,0.9965090799924325,0.011688311688311689,0.006161243000312308,0.022063477414615715,0.9860089016090301,1.0
NONFIBROTIC ILD ADJUDICATED,10,2044296988,genomic,0,770,0,0.0,0.0,0.0,0.004964141914221508,0.0,0.0
NONFIBROTIC ILD ADJUDICATED,10,2044296988,genomic,1,769,2,0.0,0.002600780234070221,0.0007135177289523901,0.009432753192718508,0.0,0.0
NONFIBROTIC ILD ADJUDICATED,10,2044296988,genomic,2,770,2,7.278004430640115e-308,0.0025974025974025974,0.0007125907061236786,0.009420568652699277,0.0,6.327980310683134e-306
NONFIBROTIC ILD ADJUDICATED,10,2044296988,genomic,3,769,2,2.2933462938277706e-273,0.002600780234070221,0.0007135177289523901,0.009432753192718508,1.0071765446715661e-305,1.902139990247206e-271
NONFIBROTIC ILD ADJUDICATED,10,2044296988,genomic,4,770,2,1.6733513671638084e-227,0.0025974025974025974,0.0007125907061236786,0.009420568652699277,2.1859995734450257e-271,1.734664733909828e-225
NONFIBROTIC ILD ADJUDICATED,10,2044296988,genomic,5,769,2,2.1129066674629122e-194,0.002600780234070221,0.0007135177289523901,0.009432753192718508,1.8658721355491746e-225,1.1208585436000475e-192
NONFIBROTIC ILD ADJUDICATED,10,2044296988,genomic,6,769,3,3.8139414220996833e-152,0.0039011703511053317,0.001327618000260774,0.011406505807889416,1.131358889114665e-192,2.7675172971387493e-150
NONFIBROTIC ILD ADJUDICATED,10,2044296988,genomic,7,770,3,1.1608495675666832e-99,0.003896103896103896,0.0013258926936253902,0.011391775387498288,2.808139293246458e-150,6.984410675087252e-98
NONFIBROTIC ILD ADJUDICATED,10,2044296988,genomic,8,769,0,1.1289069032140827e-36,0.0,0.0,0.004970565148712315,7.356182610440818e-98,1.382909001651234e-34
NONFIBROTIC ILD ADJUDICATED,10,2044296988,genomic,9,770,0,0.17476792741834207,0.0,0.0,0.004964141914221508,1.437586802336542e-34,1.0
NONFIBROTIC ILD ADJUDICATED,10,2044296988,combined,0,770,1,0.00048579020913864417,0.0012987012987012987,0.00022928946639889794,0.007319361170123334,0.00024194001625508005,0.0006864316004408657
NONFIBROTIC ILD ADJUDICATED,10,2044296988,combined,1,769,0,0.0008671298426584902,0.0,0.0,0.004970565148712315,0.000688536952520877,0.0010795565050765764
NONFIBROTIC ILD ADJUDICATED,10,2044296988,combined,2,770,0,0.0013064409524183192,0.0,0.0,0.004964141914221508,0.0010816362217222495,0.0015490818225064183
NONFIBROTIC ILD ADJUDICATED,10,2044296988,combined,3,769,0,0.0018296851275243237,0.0,0.0,0.004970565148712315,0.001549780402933359,0.0021594443876977007
NONFIBROTIC ILD ADJUDICATED,10,2044296988,combined,4,770,0,0.00261772791436255,0.0,0.0,0.004964141914221508,0.002160258942469006,0.003096655104233503
NONFIBROTIC ILD ADJUDICATED,10,2044296988,combined,5,769,0,0.003801720266861968,0.0,0.0,0.004970565148712315,0.003097150756786283,0.004675084842668749
NONFIBROTIC ILD ADJUDICATED,10,2044296988,combined,6,769,2,0.006121968062532901,0.002600780234070221,0.0007135177289523901,0.009432753192718508,0.0046836702752937895,0.008025829028870345
NONFIBROTIC ILD ADJUDICATED,10,2044296988,combined,7,770,3,0.01260886510437879,0.003896103896103896,0.0013258926936253902,0.011391775387498288,0.008041732863919527,0.020609203446908975
NONFIBROTIC ILD ADJUDICATED,10,2044296988,combined,8,769,6,0.03883002512127919,0.007802340702210663,0.003580646807040671,0.016917035660547395,0.02061459717761806,0.06721913967169989
NONFIBROTIC ILD ADJUDICATED,10,2044296988,combined,9,770,4,0.1610905113293912,0.005194805194805195,0.0020219574690050306,0.013280219334419372,0.06732326212544543,0.7487749385675508
NONFIBROTIC ILD ADJUDICATED,11,1525056890,zebra,0,770,0,0.23240271994212944,0.0,0.0,0.004964141914221508,0.11052533634471677,0.2615897480367035
NONFIBROTIC ILD ADJUDICATED,11,1525056890,zebra,1,769,0,0.2873779489926009,0.0,0.0,0.004970565148712315,0.2615951007755146,0.31291398691300093
NONFIBROTIC ILD ADJUDICATED,11,1525056890,zebra,2,770,0,0.3424436028625195,0.0,0.0,0.004964141914221508,0.3129862315705276,0.3744961545744017
NONFIBROTIC ILD ADJUDICATED,11,1525056890,zebra,3,769,0,0.40981278517013653,0.0,0.0,0.004970565148712315,0.374738259736572,0.44553944389227945
NONFIBROTIC ILD ADJUDICATED,11,1525056890,zebra,4,770,1,0.49041561317199817,0.0012987012987012987,0.00022928946639889794,0.007319361170123334,0.4456334338560118,0.5389318981564682
NONFIBROTIC ILD ADJUDICATED,11,1525056890,zebra,5,769,3,0.5986856684216443,0.0039011703511053317,0.001327618000260774,0.011406505807889416,0.5390876296067859,0.6603106288858349
NONFIBROTIC ILD ADJUDICATED,11,1525056890,zebra,6,769,1,0.7270945297492718,0.0013003901170351106,0.0002295876800841234,0.007328830355107483,0.6603575865841811,0.7883002137996314
NONFIBROTIC ILD ADJUDICATED,11,1525056890,zebra,7,770,3,0.8435626897626056,0.003896103896103896,0.0013258926936253902,0.011391775387498288,0.7892107605086406,0.8976926765875893
NONFIBROTIC ILD ADJUDICATED,11,1525056890,zebra,8,769,2,0.948216217820049,0.002600780234070221,0.0007135177289523901,0.009432753192718508,0.8977089528063704,0.9849074174738573
NONFIBROTIC ILD ADJUDICATED,11,1525056890,zebra,9,770,6,0.99626149041275,0.007792207792207792,0.0035759904186376326,0.016895203829388215,0.9849906229576917,1.0
NONFIBROTIC ILD ADJUDICATED,11,1525056890,genomic,0,770,3,4.9432885783340337e-05,0.003896103896103896,0.0013258926936253902,0.011391775387498288,8.74581081946637e-06,7.909158202045808e-05
NONFIBROTIC ILD ADJUDICATED,11,1525056890,genomic,1,769,1,0.00011719660565535991,0.0013003901170351106,0.0002295876800841234,0.007328830355107483,7.931863887248144e-05,0.00016084742778963262
NONFIBROTIC ILD ADJUDICATED,11,1525056890,genomic,2,770,0,0.00022426747302436385,0.0,0.0,0.004964141914221508,0.0001611908462353165,0.00029806532094803716
NONFIBROTIC ILD ADJUDICATED,11,1525056890,genomic,3,769,2,0.00039533707960662414,0.002600780234070221,0.0007135177289523901,0.009432753192718508,0.00029844047039567404,0.000511693282453235
NONFIBROTIC ILD ADJUDICATED,11,1525056890,genomic,4,770,0,0.0006724373327617616,0.0,0.0,0.004964141914221508,0.0005118253362790991,0.0008672086815794593
NONFIBROTIC ILD ADJUDICATED,11,1525056890,genomic,5,769,1,0.0011910894914394475,0.0013003901170351106,0.0002295876800841234,0.007328830355107483,0.0008678195452896449,0.0015683077623797263
NONFIBROTIC ILD ADJUDICATED,11,1525056890,genomic,6,769,0,0.002197818029514394,0.0,0.0,0.004970565148712315,0.0015692435507747872,0.0029636294973348575
NONFIBROTIC ILD ADJUDICATED,11,1525056890,genomic,7,770,5,0.004178712610689983,0.006493506493506494,0.0027767335367897463,0.01510995198893538,0.0029762646971707514,0.005799553777027927
NONFIBROTIC ILD ADJUDICATED,11,1525056890,genomic,8,769,1,0.009474260955061323,0.0013003901170351106,0.0002295876800841234,0.007328830355107483,0.005800961059451127,0.014913075031212994
NONFIBROTIC ILD ADJUDICATED,11,1525056890,genomic,9,770,3,0.06927792090643586,0.003896103896103896,0.0013258926936253902,0.011391775387498288,0.014928495125102421,0.8961807308832314
NONFIBROTIC ILD ADJUDICATED,11,1525056890,combined,0,770,1,0.0011362173251599596,0.0012987012987012987,0.00022928946639889794,0.007319361170123334,0.0006928565630228904,0.0014116253535205508
NONFIBROTIC ILD ADJUDICATED,11,1525056890,combined,1,769,0,0.0016956158813841468,0.0,0.0,0.004970565148712315,0.0014129224767983179,0.002068434355004844
NONFIBROTIC ILD ADJUDICATED,11,1525056890,combined,2,770,4,0.002406164619535323,0.005194805194805195,0.0020219574690050306,0.013280219334419372,0.0020694765203349776,0.0027228632064050713
NONFIBROTIC ILD ADJUDICATED,11,1525056890,combined,3,769,0,0.0030286477511938465,0.0,0.0,0.004970565148712315,0.0027238551132928905,0.0033670971917206935
NONFIBROTIC ILD ADJUDICATED,11,1525056890,combined,4,770,0,0.0041482101550734144,0.0,0.0,0.004964141914221508,0.003368025867751357,0.005169153383039204
NONFIBROTIC ILD ADJUDICATED,11,1525056890,combined,5,769,1,0.006071589323417226,0.0013003901170351106,0.0002295876800841234,0.007328830355107483,0.0051692530100271045,0.006974766612887833
NONFIBROTIC ILD ADJUDICATED,11,1525056890,combined,6,769,1,0.008108047776092534,0.0013003901170351106,0.0002295876800841234,0.007328830355107483,0.006977190645385282,0.009794758423199872
NONFIBROTIC ILD ADJUDICATED,11,1525056890,combined,7,770,2,0.020216799806504385,0.0025974025974025974,0.0007125907061236786,0.009420568652699277,0.00979972664968592,0.039643067912537376
NONFIBROTIC ILD ADJUDICATED,11,1525056890,combined,8,769,0,0.08677299835090968,0.0,0.0,0.004970565148712315,0.03985769141186756,0.14222324932917818
NONFIBROTIC ILD ADJUDICATED,11,1525056890,combined,9,770,7,0.2552701252955107,0.00909090909090909,0.004410478976495486,0.01864522399383109,0.1426540240647543,0.6605236362903976
NONFIBROTIC ILD ADJUDICATED,12,1102241896,zebra,0,770,0,0.23281735331923786,0.0,0.0,0.004964141914221508,0.1267879796421734,0.26161440000752656
NONFIBROTIC ILD ADJUDICATED,12,1102241896,zebra,1,769,0,0.2871095350534466,0.0,0.0,0.004970565148712315,0.2616542840184007,0.31340420890218285
NONFIBROTIC ILD ADJUDICATED,12,1102241896,zebra,2,770,0,0.3439698179812783,0.0,0.0,0.004964141914221508,0.3134172517546153,0.37683945180767486
NONFIBROTIC ILD ADJUDICATED,12,1102241896,zebra,3,769,0,0.4119284702596021,0.0,0.0,0.004970565148712315,0.3768651181988039,0.4486888957604662
NONFIBROTIC ILD ADJUDICATED,12,1102241896,zebra,4,770,1,0.49353352670399475,0.0012987012987012987,0.00022928946639889794,0.007319361170123334,0.4488211359125135,0.5435939073302997
NONFIBROTIC ILD ADJUDICATED,12,1102241896,zebra,5,769,2,0.6062336707998703,0.002600780234070221,0.0007135177289523901,0.009432753192718508,0.5436096690465401,0.6694023790936159
NONFIBROTIC ILD ADJUDICATED,12,1102241896,zebra,6,769,2,0.7352331702554934,0.002600780234070221,0.0007135177289523901,0.009432753192718508,0.6694396360393009,0.7933931341101216
NONFIBROTIC ILD ADJUDICATED,12,1102241896,zebra,7,770,2,0.8484692518463589,0.0025974025974025974,0.0007125907061236786,0.009420568652699277,0.7934061048039297,0.8996813766473817
NONFIBROTIC ILD ADJUDICATED,12,1102241896,zebra,8,769,1,0.9511449177293249,0.0013003901170351106,0.0002295876800841234,0.007328830355107483,0.8998162513949661,0.9859102920779055
NONFIBROTIC ILD ADJUDICATED,12,1102241896,zebra,9,770,8,0.9965805668871122,0.01038961038961039,0.005273784940225151,0.020366426752402144,0.9859617212522348,1.0
NONFIBROTIC ILD ADJUDICATED,12,1102241896,genomic,0,770,1,0.0,0.0012987012987012987,0.00022928946639889794,0.007319361170123334,0.0,0.0
NONFIBROTIC ILD ADJUDICATED,12,1102241896,genomic,1,769,2,0.0,0.002600780234070221,0.0007135177289523901,0.009432753192718508,0.0,0.0
NONFIBROTIC ILD ADJUDICATED,12,1102241896,genomic,2,770,2,0.0,0.0025974025974025974,0.0007125907061236786,0.009420568652699277,0.0,0.0
NONFIBROTIC ILD ADJUDICATED,12,1102241896,genomic,3,769,1,0.0,0.0013003901170351106,0.0002295876800841234,0.007328830355107483,0.0,0.0
NONFIBROTIC ILD ADJUDICATED,12,1102241896,genomic,4,770,2,0.0,0.0025974025974025974,0.0007125907061236786,0.009420568652699277,0.0,0.0
NONFIBROTIC ILD ADJUDICATED,12,1102241896,genomic,5,769,2,0.0,0.002600780234070221,0.0007135177289523901,0.009432753192718508,0.0,0.0
NONFIBROTIC ILD ADJUDICATED,12,1102241896,genomic,6,769,1,2.5994620030649e-310,0.0013003901170351106,0.0002295876800841234,0.007328830355107483,0.0,4.573768012479242e-308
NONFIBROTIC ILD ADJUDICATED,12,1102241896,genomic,7,770,1,5.789004731712011e-244,0.0012987012987012987,0.00022928946639889794,0.007319361170123334,5.440847184372341e-308,5.443749582927325e-242
NONFIBROTIC ILD ADJUDICATED,12,1102241896,genomic,8,769,1,4.109838902984137e-153,0.0013003901170351106,0.0002295876800841234,0.007328830355107483,9.629415004247475e-242,8.18870352461849e-151
NONFIBROTIC ILD ADJUDICATED,12,1102241896,genomic,9,770,3,0.23525599236089204,0.003896103896103896,0.0013258926936253902,0.011391775387498288,9.565260596092696e-151,1.0
NONFIBROTIC ILD ADJUDICATED,12,1102241896,combined,0,770,1,4.687266816603067e-06,0.0012987012987012987,0.00022928946639889794,0.007319361170123334,2.0026615348376397e-06,6.251523272488954e-06
NONFIBROTIC ILD ADJUDICATED,12,1102241896,combined,1,769,0,1.0742856195226186e-05,0.0,0.0,0.004970565148712315,6.254126705655482e-06,1.7503198936274173e-05
NONFIBROTIC ILD ADJUDICATED,12,1102241896,combined,2,770,4,3.8370268401850475e-05,0.005194805194805195,0.0020219574690050306,0.013280219334419372,1.757066485358334e-05,8.609072180410434e-05
NONFIBROTIC ILD ADJUDICATED,12,1102241896,combined,3,769,2,0.0001025812190904034,0.002600780234070221,0.0007135177289523901,0.009432753192718508,8.612948337826251e-05,0.00011500204206913154
NONFIBROTIC ILD ADJUDICATED,12,1102241896,combined,4,770,0,0.00012376889269286726,0.0,0.0,0.004964141914221508,0.00011503531882122096,0.00013219894799865298
NONFIBROTIC ILD ADJUDICATED,12,1102241896,combined,5,769,0,0.0001412280121912557,0.0,0.0,0.004970565148712315,0.00013219912713515852,0.0001500976901133745
NONFIBROTIC ILD ADJUDICATED,12,1102241896,combined,6,769,1,0.00016095194056023134,0.0013003901170351106,0.0002295876800841234,0.007328830355107483,0.00015010572949997967,0.00017337874104602448
NONFIBROTIC ILD ADJUDICATED,12,1102241896,combined,7,770,0,0.00019766141809192736,0.0,0.0,0.004964141914221508,0.0001733874648285241,0.0002359431890674407
NONFIBROTIC ILD ADJUDICATED,12,1102241896,combined,8,769,2,0.10435359602211144,0.002600780234070221,0.0007135177289523901,0.009432753192718508,0.00023597671643296012,0.2071131723992472
NONFIBROTIC ILD ADJUDICATED,12,1102241896,combined,9,770,6,0.38154620632023933,0.007792207792207792,0.0035759904186376326,0.016895203829388215,0.20722669219729667,0.9409518404263478
NONFIBROTIC ILD ADJUDICATED,13,917719314,zebra,0,770,0,0.2320383696047386,0.0,0.0,0.004964141914221508,0.11052533634471677,0.259829183187628
NONFIBROTIC ILD ADJUDICATED,13,917719314,zebra,1,769,0,0.2840035868174256,0.0,0.0,0.004970565148712315,0.25992851876593787,0.3090001966485323
NONFIBROTIC ILD ADJUDICATED,13,917719314,zebra,2,770,0,0.33773038847823494,0.0,0.0,0.004964141914221508,0.3090069251576785,0.3695404932951101
NONFIBROTIC ILD ADJUDICATED,13,917719314,zebra,3,769,0,0.40452160094987044,0.0,0.0,0.004970565148712315,0.36954849087761055,0.4412655393897012
NONFIBROTIC ILD ADJUDICATED,13,917719314,zebra,4,770,1,0.4851342573112445,0.0012987012987012987,0.00022928946639889794,0.007319361170123334,0.4412734684863677,0.5358841559086459
NONFIBROTIC ILD ADJUDICATED,13,917719314,zebra,5,769,0,0.5962363347585388,0.0,0.0,0.004970565148712315,0.5364534667086035,0.658473102706149
NONFIBROTIC ILD ADJUDICATED,13,917719314,zebra,6,769,2,0.724213133367929,0.002600780234070221,0.0007135177289523901,0.009432753192718508,0.6587472622664945,0.7856887549365382
NONFIBROTIC ILD ADJUDICATED,13,917719314,zebra,7,770,4,0.8427775981356371,0.005194805194805195,0.0020219574690050306,0.013280219334419372,0.7857016351551803,0.898912828622922
NONFIBROTIC ILD ADJUDICATED,13,917719314,zebra,8,769,2,0.9491978413283477,0.002600780234070221,0.0007135177289523901,0.009432753192718508,0.8989414097210439,0.9852651300912427
NONFIBROTIC ILD ADJUDICATED,13,917719314,zebra,9,770,7,0.9964116110117204,0.00909090909090909,0.004410478976495486,0.01864522399383109,0.9852913008258685,1.0
NONFIBROTIC ILD ADJUDICATED,13,917719314,genomic,0,770,3,5.535114697566183e-06,0.003896103896103896,0.0013258926936253902,0.011391775387498288,2.3762241440048553e-06,9.16839373598481e-06
NONFIBROTIC ILD ADJUDICATED,13,917719314,genomic,1,769,0,1.80851208316656e-05,0.0,0.0,0.004970565148712315,9.184889870203895e-06,3.192079176281502e-05
NONFIBROTIC ILD ADJUDICATED,13,917719314,genomic,2,770,2,4.382171679551107e-05,0.0025974025974025974,0.0007125907061236786,0.009420568652699277,3.193277728530187e-05,5.4331178420314735e-05
NONFIBROTIC ILD ADJUDICATED,13,917719314,genomic,3,769,1,6.345139331282672e-05,0.0013003901170351106,0.0002295876800841234,0.007328830355107483,5.438677215750393e-05,7.204178919595576e-05
NONFIBROTIC ILD ADJUDICATED,13,917719314,genomic,4,770,1,8.15350371386555e-05,0.0012987012987012987,0.00022928946639889794,0.007319361170123334,7.205697690214817e-05,9.10592658386759e-05
NONFIBROTIC ILD ADJUDICATED,13,917719314,genomic,5,769,0,0.00010311626255421155,0.0,0.0,0.004970565148712315,9.107784965367429e-05,0.0001187393965736246
NONFIBROTIC ILD ADJUDICATED,13,917719314,genomic,6,769,1,0.00015201958410834457,0.0013003901170351106,0.0002295876800841234,0.007328830355107483,0.00011879949350402715,0.00020926424943840726
NONFIBROTIC ILD ADJUDICATED,13,917719314,genomic,7,770,2,0.033294883204139016,0.0025974025974025974,0.0007125907061236786,0.009420568652699277,0.0002095255894643201,0.11860998126560444
NONFIBROTIC ILD ADJUDICATED,13,917719314,genomic,8,769,5,0.17883229647835297,0.006501950585175552,0.002780348414515579,0.015129481166593194,0.11867039085864063,0.25745366094806377
NONFIBROTIC ILD ADJUDICATED,13,917719314,genomic,9,770,1,0.4673672224982994,0.0012987012987012987,0.00022928946639889794,0.007319361170123334,0.2581291136048626,0.9997283885609046
NONFIBROTIC ILD ADJUDICATED,13,917719314,combined,0,770,2,0.0,0.0025974025974025974,0.0007125907061236786,0.009420568652699277,0.0,0.0
NONFIBROTIC ILD ADJUDICATED,13,917719314,combined,1,769,2,1.0575854634324435e-298,0.002600780234070221,0.0007135177289523901,0.009432753192718508,0.0,2.675342847344374e-296
NONFIBROTIC ILD ADJUDICATED,13,917719314,combined,2,770,1,2.2417531027279405e-246,0.0012987012987012987,0.00022928946639889794,0.007319361170123334,2.907255250507746e-296,1.102372432234761e-244
NONFIBROTIC ILD ADJUDICATED,13,917719314,combined,3,769,0,2.591201210458076e-224,0.0,0.0,0.004970565148712315,1.191629510774973e-244,1.0237047365470701e-222
NONFIBROTIC ILD ADJUDICATED,13,917719314,combined,4,770,0,3.855478733458068e-206,0.0,0.0,0.004964141914221508,1.0360862759426359e-222,1.5452978960230823e-204
NONFIBROTIC ILD ADJUDICATED,13,917719314,combined,5,769,1,1.7411420718433113e-187,0.0013003901170351106,0.0002295876800841234,0.007328830355107483,1.6229076472938252e-204,6.8176737572127395e-186
NONFIBROTIC ILD ADJUDICATED,13,917719314,combined,6,769,0,1.1299407161136353e-167,0.0,0.0,0.004970565148712315,7.320464853987097e-186,5.916765277476536e-166
NONFIBROTIC ILD ADJUDICATED,13,917719314,combined,7,770,2,2.7056780014987917e-144,0.0025974025974025974,0.0007125907061236786,0.009420568652699277,6.394358444861682e-166,1.5285461606496729e-142
NONFIBROTIC ILD ADJUDICATED,13,917719314,combined,8,769,4,1.4042497678262026e-113,0.005201560468140442,0.0020245891497467933,0.013297387544882687,1.5615476549295126e-142,1.0010646621617542e-111
NONFIBROTIC ILD ADJUDICATED,13,917719314,combined,9,770,4,0.04813082012890723,0.005194805194805195,0.0020219574690050306,0.013280219334419372,1.107517487095121e-111,1.0
NONFIBROTIC ILD ADJUDICATED,14,214934493,zebra,0,770,0,0.23179533836869762,0.0,0.0,0.004964141914221508,0.11693488945217027,0.2615284007497962
NONFIBROTIC ILD ADJUDICATED,14,214934493,zebra,1,769,0,0.2870524922525105,0.0,0.0,0.004970565148712315,0.26161440000752656,0.31417476516546644
NONFIBROTIC ILD ADJUDICATED,14,214934493,zebra,2,770,0,0.34392018989109463,0.0,0.0,0.004964141914221508,0.31418714569765976,0.37623936307794303
NONFIBROTIC ILD ADJUDICATED,14,214934493,zebra,3,769,0,0.41303825120166254,0.0,0.0,0.004970565148712315,0.37642268181506194,0.4500096473658561
NONFIBROTIC ILD ADJUDICATED,14,214934493,zebra,4,770,1,0.4965564069318964,0.0012987012987012987,0.00022928946639889794,0.007319361170123334,0.45022737010529285,0.548848839837507
NONFIBROTIC ILD ADJUDICATED,14,214934493,zebra,5,769,2,0.6094688159245111,0.002600780234070221,0.0007135177289523901,0.009432753192718508,0.5488839454116605,0.670885500186124
NONFIBROTIC ILD ADJUDICATED,14,214934493,zebra,6,769,2,0.734752729820199,0.002600780234070221,0.0007135177289523901,0.009432753192718508,0.6710238032622696,0.7968027321866287
NONFIBROTIC ILD ADJUDICATED,14,214934493,zebra,7,770,3,0.8521555240526677,0.003896103896103896,0.0013258926936253902,0.011391775387498288,0.7968896327032321,0.9061600314968994
NONFIBROTIC ILD ADJUDICATED,14,214934493,zebra,8,769,2,0.9529803448629709,0.002600780234070221,0.0007135177289523901,0.009432753192718508,0.9063515746632022,0.9858032066519998
NONFIBROTIC ILD ADJUDICATED,14,214934493,zebra,9,770,6,0.9966669932024731,0.007792207792207792,0.0035759904186376326,0.016895203829388215,0.9859072326047379,1.0
NONFIBROTIC ILD ADJUDICATED,14,214934493,genomic,0,770,0,1.148504526612291e-24,0.0,0.0,0.004964141914221508,9.592462956982144e-31,8.131044666895722e-24
NONFIBROTIC ILD ADJUDICATED,14,214934493,genomic,1,769,5,1.3619640710228643e-18,0.006501950585175552,0.002780348414515579,0.015129481166593194,8.149132233728415e-24,1.9473276208327967e-17
NONFIBROTIC ILD ADJUDICATED,14,214934493,genomic,2,770,0,4.624299890013827e-16,0.0,0.0,0.004964141914221508,1.960818461501051e-17,1.627991201705966e-15
NONFIBROTIC ILD ADJUDICATED,14,214934493,genomic,3,769,2,8.835658505560867e-15,0.002600780234070221,0.0007135177289523901,0.009432753192718508,1.629497999844093e-15,2.7281991792735717e-14
NONFIBROTIC ILD ADJUDICATED,14,214934493,genomic,4,770,2,1.1909625913599348e-13,0.0025974025974025974,0.0007125907061236786,0.009420568652699277,2.7282521494543022e-14,3.0152050654460994e-13
NONFIBROTIC ILD ADJUDICATED,14,214934493,genomic,5,769,1,1.0770270147490615e-12,0.0013003901170351106,0.0002295876800841234,0.007328830355107483,3.026198035516111e-13,2.5624839769873726e-12
NONFIBROTIC ILD ADJUDICATED,14,214934493,genomic,6,769,1,8.775469830278348e-12,0.0013003901170351106,0.0002295876800841234,0.007328830355107483,2.563579704038448e-12,2.098408714319515e-11
NONFIBROTIC ILD ADJUDICATED,14,214934493,genomic,7,770,1,7.778510569487803e-11,0.0012987012987012987,0.00022928946639889794,0.007319361170123334,2.100965309360046e-11,2.187211536179838e-10
NONFIBROTIC ILD ADJUDICATED,14,214934493,genomic,8,769,0,2.745959699495866e-09,0.0,0.0,0.004970565148712315,2.1992601666457615e-10,1.7461147081465088e-08
NONFIBROTIC ILD ADJUDICATED,14,214934493,genomic,9,770,4,0.027070417225802546,0.005194805194805195,0.0020219574690050306,0.013280219334419372,1.7557134732462923e-08,0.9999813698255493
NONFIBROTIC ILD ADJUDICATED,14,214934493,combined,0,770,2,0.0,0.0025974025974025974,0.0007125907061236786,0.009420568652699277,0.0,0.0
NONFIBROTIC ILD ADJUDICATED,14,214934493,combined,1,769,0,5.387028904964062e-292,0.0,0.0,0.004970565148712315,0.0,5.042257225384145e-290
NONFIBROTIC ILD ADJUDICATED,14,214934493,combined,2,770,4,4.819707388457429e-251,0.005194805194805195,0.0020219574690050306,0.013280219334419372,5.563547631141541e-290,4.520468886307043e-249
NONFIBROTIC ILD ADJUDICATED,14,214934493,combined,3,769,2,1.9209464567279225e-219,0.002600780234070221,0.0007135177289523901,0.009432753192718508,5.022254399464629e-249,1.5450047054381958e-217
NONFIBROTIC ILD ADJUDICATED,14,214934493,combined,4,770,0,2.993247785714664e-195,0.0,0.0,0.004964141914221508,1.6556159190190656e-217,1.3685020290745474e-193
NONFIBROTIC ILD ADJUDICATED,14,214934493,combined,5,769,0,4.293746601490066e-174,0.0,0.0,0.004970565148712315,1.4166334492355101e-193,1.980115003334222e-172
NONFIBROTIC ILD ADJUDICATED,14,214934493,combined,6,769,2,1.9781602325243423e-153,0.002600780234070221,0.0007135177289523901,0.009432753192718508,2.0824234867036905e-172,9.130096904841463e-152
NONFIBROTIC ILD ADJUDICATED,14,214934493,combined,7,770,0,2.3319682814809704e-129,0.0,0.0,0.004964141914221508,9.17330324353125e-152,1.8852937970803993e-127
NONFIBROTIC ILD ADJUDICATED,14,214934493,combined,8,769,4,6.918536368639409e-93,0.005201560468140442,0.0020245891497467933,0.013297387544882687,1.979319615039922e-127,7.501731533099699e-91
NONFIBROTIC ILD ADJUDICATED,14,214934493,combined,9,770,2,0.12145760879451482,0.0025974025974025974,0.0007125907061236786,0.009420568652699277,8.034951925343679e-91,1.0
NONFIBROTIC ILD ADJUDICATED,15,1740606508,zebra,0,770,0,0.23324100702823009,0.0,0.0,0.004964141914221508,0.11052533634471677,0.2617403435599508
NONFIBROTIC ILD ADJUDICATED,15,1740606508,zebra,1,769,0,0.28714859495149503,0.0,0.0,0.004970565148712315,0.26180052778882,0.3124457080547297
NONFIBROTIC ILD ADJUDICATED,15,1740606508,zebra,2,770,0,0.34364485347745344,0.0,0.0,0.004964141914221508,0.31247807889891516,0.3770942218096785
NONFIBROTIC ILD ADJUDICATED,15,1740606508,zebra,3,769,0,0.41197398311289546,0.0,0.0,0.004970565148712315,0.3773228513344084,0.4485139057574097
NONFIBROTIC ILD ADJUDICATED,15,1740606508,zebra,4,770,0,0.49292276364747867,0.0,0.0,0.004964141914221508,0.44856133829255057,0.5436096690465401
NONFIBROTIC ILD ADJUDICATED,15,1740606508,zebra,5,769,3,0.6055587158863629,0.0039011703511053317,0.001327618000260774,0.011406505807889416,0.5440285198003615,0.6685165612516426
NONFIBROTIC ILD ADJUDICATED,15,1740606508,zebra,6,769,0,0.7321255912627843,0.0,0.0,0.004970565148712315,0.6687315969512554,0.7927303182113955
NONFIBROTIC ILD ADJUDICATED,15,1740606508,zebra,7,770,2,0.8476047848748115,0.0025974025974025974,0.0007125907061236786,0.009420568652699277,0.7931774164190927,0.8994346917346799
NONFIBROTIC ILD ADJUDICATED,15,1740606508,zebra,8,769,1,0.9491298259499146,0.0013003901170351106,0.0002295876800841234,0.007328830355107483,0.8996621190560748,0.9851117929724045
NONFIBROTIC ILD ADJUDICATED,15,1740606508,zebra,9,770,10,0.9964678673374726,0.012987012987012988,0.007069333631553706,0.02373989550567504,0.9851722810280237,1.0
NONFIBROTIC ILD ADJUDICATED,15,1740606508,genomic,0,770,0,0.00010396781568860369,0.0,0.0,0.004964141914221508,8.959161493603681e-05,0.00011570691083879648
NONFIBROTIC ILD ADJUDICATED,15,1740606508,genomic,1,769,1,0.00013057542576968003,0.0013003901170351106,0.0002295876800841234,0.007328830355107483,0.00011576962002757885,0.0001482631682882843
NONFIBROTIC ILD ADJUDICATED,15,1740606508,genomic,2,770,0,0.00018054931170556458,0.0,0.0,0.004964141914221508,0.0001482688439235341,0.0002347392940140355
NONFIBROTIC ILD ADJUDICATED,15,1740606508,genomic,3,769,0,0.0003159786056370702,0.0,0.0,0.004970565148712315,0.00023525855000512883,0.00038234997468455505
NONFIBROTIC ILD ADJUDICATED,15,1740606508,genomic,4,770,6,0.000441857509101201,0.007792207792207792,0.0035759904186376326,0.016895203829388215,0.00038243823134702235,0.0005088235173005901
NONFIBROTIC ILD ADJUDICATED,15,1740606508,genomic,5,769,0,0.0005938893931511558,0.0,0.0,0.004970565148712315,0.0005089703858358417,0.0006938231551276092
NONFIBROTIC ILD ADJUDICATED,15,1740606508,genomic,6,769,4,0.0008638284543044506,0.005201560468140442,0.0020245891497467933,0.013297387544882687,0.0006938814069543823,0.0011152062856825999
NONFIBROTIC ILD ADJUDICATED,15,1740606508,genomic,7,770,1,0.050446893456539625,0.0012987012987012987,0.00022928946639889794,0.007319361170123334,0.001115981607437639,0.18528329804559976
NONFIBROTIC ILD ADJUDICATED,15,1740606508,genomic,8,769,1,0.2100634755596046,0.0013003901170351106,0.0002295876800841234,0.007328830355107483,0.18531811693119873,0.2416190959617288
NONFIBROTIC ILD ADJUDICATED,15,1740606508,genomic,9,770,3,0.36716777230265035,0.003896103896103896,0.0013258926936253902,0.011391775387498288,0.24171078945720312,0.8914074294831409
NONFIBROTIC ILD ADJUDICATED,15,1740606508,combined,0,770,0,0.00014218414900084436,0.0,0.0,0.004964141914221508,5.555496872783295e-05,0.00019773387533796665
NONFIBROTIC ILD ADJUDICATED,15,1740606508,combined,1,769,0,0.0002559087062512043,0.0,0.0,0.004970565148712315,0.00019786621237156596,0.00031676587403013195
NONFIBROTIC ILD ADJUDICATED,15,1740606508,combined,2,770,2,0.00038414517736104584,0.0025974025974025974,0.0007125907061236786,0.009420568652699277,0.0003168693347640013,0.00045758802253844836
NONFIBROTIC ILD ADJUDICATED,15,1740606508,combined,3,769,0,0.0005530476714767394,0.0,0.0,0.004970565148712315,0.00045783930576367353,0.0006601710148141138
NONFIBROTIC ILD ADJUDICATED,15,1740606508,combined,4,770,0,0.0007966996832710925,0.0,0.0,0.004964141914221508,0.0006606291781108696,0.0009612479049462506
NONFIBROTIC ILD ADJUDICATED,15,1740606508,combined,5,769,2,0.0012094917533223726,0.002600780234070221,0.0007135177289523901,0.009432753192718508,0.0009617694824962639,0.0015428466502511924
NONFIBROTIC ILD ADJUDICATED,15,1740606508,combined,6,769,3,0.002117486213554119,0.0039011703511053317,0.001327618000260774,0.011406505807889416,0.0015429322219206682,0.002886557037905073
NONFIBROTIC ILD ADJUDICATED,15,1740606508,combined,7,770,3,0.005276173250746782,0.003896103896103896,0.0013258926936253902,0.011391775387498288,0.0028904573513332606,0.011278796055114117
NONFIBROTIC ILD ADJUDICATED,15,1740606508,combined,8,769,2,0.04590138023524429,0.002600780234070221,0.0007135177289523901,0.009432753192718508,0.011312909863628982,0.08363695143631736
NONFIBROTIC ILD ADJUDICATED,15,1740606508,combined,9,770,4,0.2323977329834762,0.005194805194805195,0.0020219574690050306,0.013280219334419372,0.08391477427853836,0.9979976973465459
NONFIBROTIC ILD ADJUDICATED,16,426789030,zebra,0,770,0,0.2312266896741637,0.0,0.0,0.004964141914221508,0.11693488945217027,0.2604377046995854
NONFIBROTIC ILD ADJUDICATED,16,426789030,zebra,1,769,0,0.285956228856312,0.0,0.0,0.004970565148712315,0.26043795680852266,0.31181579071411564
NONFIBROTIC ILD ADJUDICATED,16,426789030,zebra,2,770,0,0.34382865995399703,0.0,0.0,0.004964141914221508,0.31191926924351776,0.3783803695638669
NONFIBROTIC ILD ADJUDICATED,16,426789030,zebra,3,769,0,0.41324552081161875,0.0,0.0,0.004970565148712315,0.37838708756073686,0.4489378471090248
NONFIBROTIC ILD ADJUDICATED,16,426789030,zebra,4,770,1,0.49374883111303214,0.0012987012987012987,0.00022928946639889794,0.007319361170123334,0.4490041770236082,0.5440953606750395
NONFIBROTIC ILD ADJUDICATED,16,426789030,zebra,5,769,2,0.6039602116924414,0.002600780234070221,0.0007135177289523901,0.009432753192718508,0.5443327809099153,0.6654752866632145
NONFIBROTIC ILD ADJUDICATED,16,426789030,zebra,6,769,1,0.7341974260148626,0.0013003901170351106,0.0002295876800841234,0.007328830355107483,0.6659008684423973,0.7948839486070685
NONFIBROTIC ILD ADJUDICATED,16,426789030,zebra,7,770,3,0.848937347226611,0.003896103896103896,0.0013258926936253902,0.011391775387498288,0.7949992771625009,0.9024844111686192
NONFIBROTIC ILD ADJUDICATED,16,426789030,zebra,8,769,2,0.951560576116565,0.002600780234070221,0.0007135177289523901,0.009432753192718508,0.9025689321917897,0.9860584996624647
NONFIBROTIC ILD ADJUDICATED,16,426789030,zebra,9,770,7,0.9967217491497498,0.00909090909090909,0.004410478976495486,0.01864522399383109,0.9860843461239837,1.0
NONFIBROTIC ILD ADJUDICATED,16,426789030,genomic,0,770,2,1.7953574956787568e-06,0.0025974025974025974,0.0007125907061236786,0.009420568652699277,6.901820336808308e-08,4.256025649783417e-06
NONFIBROTIC ILD ADJUDICATED,16,426789030,genomic,1,769,2,1.0472773191980595e-05,0.002600780234070221,0.0007135177289523901,0.009432753192718508,4.2869441739729855e-06,1.96235398961846e-05
NONFIBROTIC ILD ADJUDICATED,16,426789030,genomic,2,770,0,4.3516612497459715e-05,0.0,0.0,0.004964141914221508,1.9634038515459673e-05,8.071375486831293e-05
NONFIBROTIC ILD ADJUDICATED,16,426789030,genomic,3,769,1,0.00017172961796606956,0.0013003901170351106,0.0002295876800841234,0.007328830355107483,8.109937067382332e-05,0.00029457217306291366
NONFIBROTIC ILD ADJUDICATED,16,426789030,genomic,4,770,1,0.00048620842391750826,0.0012987012987012987,0.00022928946639889794,0.007319361170123334,0.00029462147219811124,0.0007267097224176009
NONFIBROTIC ILD ADJUDICATED,16,426789030,genomic,5,769,0,0.0010656258629305024,0.0,0.0,0.004970565148712315,0.0007280818896367867,0.0014933946636885866
NONFIBROTIC ILD ADJUDICATED,16,426789030,genomic,6,769,2,0.0021453157379695527,0.002600780234070221,0.0007135177289523901,0.009432753192718508,0.0014954037264063955,0.0030011278553278356
NONFIBROTIC ILD ADJUDICATED,16,426789030,genomic,7,770,3,0.004572930816150027,0.003896103896103896,0.0013258926936253902,0.011391775387498288,0.003002310988737026,0.006672761610808312
NONFIBROTIC ILD ADJUDICATED,16,426789030,genomic,8,769,4,0.011220995300340797,0.005201560468140442,0.0020245891497467933,0.013297387544882687,0.006682198599571245,0.018339305912755052
NONFIBROTIC ILD ADJUDICATED,16,426789030,genomic,9,770,1,0.0857591046147757,0.0012987012987012987,0.00022928946639889794,0.007319361170123334,0.018389677497329008,0.8606251198021818
NONFIBROTIC ILD ADJUDICATED,16,426789030,combined,0,770,1,2.4708331929921817e-09,0.0012987012987012987,0.00022928946639889794,0.007319361170123334,1.9684138564142766e-11,7.1425327908994125e-09
NONFIBROTIC ILD ADJUDICATED,16,426789030,combined,1,769,2,1.7873409539299586e-08,0.002600780234070221,0.0007135177289523901,0.009432753192718508,7.148700902457002e-09,3.2782146517347285e-08
NONFIBROTIC ILD ADJUDICATED,16,426789030,combined,2,770,1,5.682665891425973e-08,0.0012987012987012987,0.00022928946639889794,0.007319361170123334,3.287871264429373e-08,8.626004267578967e-08
NONFIBROTIC ILD ADJUDICATED,16,426789030,combined,3,769,0,1.3417949553176717e-07,0.0,0.0,0.004970565148712315,8.636203413224987e-08,1.992140127756533e-07
NONFIBROTIC ILD ADJUDICATED,16,426789030,combined,4,770,1,3.2374545845924974e-07,0.0012987012987012987,0.00022928946639889794,0.007319361170123334,1.992721554384392e-07,4.900085691067107e-07
NONFIBROTIC ILD ADJUDICATED,16,426789030,combined,5,769,2,8.447401241278987e-07,0.002600780234070221,0.0007135177289523901,0.009432753192718508,4.902637111075377e-07,1.3805669443113957e-06
NONFIBROTIC ILD ADJUDICATED,16,426789030,combined,6,769,0,2.580272768779006e-06,0.0,0.0,0.004970565148712315,1.3862177578341927e-06,4.6045637679612235e-06
NONFIBROTIC ILD ADJUDICATED,16,426789030,combined,7,770,1,1.1075735616004057e-05,0.0012987012987012987,0.00022928946639889794,0.007319361170123334,4.612416405190281e-06,2.3973758035883974e-05
NONFIBROTIC ILD ADJUDICATED,16,426789030,combined,8,769,3,8.631191524784044e-05,0.0039011703511053317,0.001327618000260774,0.011406505807889416,2.4034111762141968e-05,0.00023195584864471044
NONFIBROTIC ILD ADJUDICATED,16,426789030,combined,9,770,5,0.017389708774115425,0.006493506493506494,0.0027767335367897463,0.01510995198893538,0.00023299207887254663,0.8922691154299656
NONFIBROTIC ILD ADJUDICATED,17,1847900374,zebra,0,770,0,0.23310760285306403,0.0,0.0,0.004964141914221508,0.11052533634471677,0.26289996980827585
NONFIBROTIC ILD ADJUDICATED,17,1847900374,zebra,1,769,0,0.2879887247114685,0.0,0.0,0.004970565148712315,0.2629217431030498,0.3131465511809583
NONFIBROTIC ILD ADJUDICATED,17,1847900374,zebra,2,770,0,0.34334644962521926,0.0,0.0,0.004964141914221508,0.31321930129365705,0.37642268181506194
NONFIBROTIC ILD ADJUDICATED,17,1847900374,zebra,3,769,0,0.41017772149871234,0.0,0.0,0.004970565148712315,0.3764296412545548,0.4457161392409732
NONFIBROTIC ILD ADJUDICATED,17,1847900374,zebra,4,770,1,0.4896099911738752,0.0012987012987012987,0.00022928946639889794,0.007319361170123334,0.44571740749231,0.538853101911673
NONFIBROTIC ILD ADJUDICATED,17,1847900374,zebra,5,769,1,0.6010424124474639,0.0013003901170351106,0.0002295876800841234,0.007328830355107483,0.5390876296067859,0.6642661211891435
NONFIBROTIC ILD ADJUDICATED,17,1847900374,zebra,6,769,3,0.730431167626788,0.0039011703511053317,0.001327618000260774,0.011406505807889416,0.6643528140517166,0.7898361713635328
NONFIBROTIC ILD ADJUDICATED,17,1847900374,zebra,7,770,2,0.8439340887372716,0.0025974025974025974,0.0007125907061236786,0.009420568652699277,0.789896992430299,0.897855587436746
NONFIBROTIC ILD ADJUDICATED,17,1847900374,zebra,8,769,1,0.9496007030102834,0.0013003901170351106,0.0002295876800841234,0.007328830355107483,0.8979567958833038,0.9851117929724045
NONFIBROTIC ILD ADJUDICATED,17,1847900374,zebra,9,770,8,0.9963143802534538,0.01038961038961039,0.005273784940225151,0.020366426752402144,0.9851722810280237,1.0
NONFIBROTIC ILD ADJUDICATED,17,1847900374,genomic,0,770,0,0.0,0.0,0.0,0.004964141914221508,0.0,0.0
NONFIBROTIC ILD ADJUDICATED,17,1847900374,genomic,1,769,4,0.0,0.005201560468140442,0.0020245891497467933,0.013297387544882687,0.0,0.0
NONFIBROTIC ILD ADJUDICATED,17,1847900374,genomic,2,770,1,0.0,0.0012987012987012987,0.00022928946639889794,0.007319361170123334,0.0,0.0
NONFIBROTIC ILD ADJUDICATED,17,1847900374,genomic,3,769,2,0.0,0.002600780234070221,0.0007135177289523901,0.009432753192718508,0.0,0.0
NONFIBROTIC ILD ADJUDICATED,17,1847900374,genomic,4,770,3,0.0,0.003896103896103896,0.0013258926936253902,0.011391775387498288,0.0,0.0
NONFIBROTIC ILD ADJUDICATED,17,1847900374,genomic,5,769,1,0.3407094790464435,0.0013003901170351106,0.0002295876800841234,0.007328830355107483,0.0,1.0
NONFIBROTIC ILD ADJUDICATED,17,1847900374,genomic,6,769,0,1.0,0.0,0.0,0.004970565148712315,1.0,1.0
NONFIBROTIC ILD ADJUDICATED,17,1847900374,genomic,7,770,1,1.0,0.0012987012987012987,0.00022928946639889794,0.007319361170123334,1.0,1.0
NONFIBROTIC ILD ADJUDICATED,17,1847900374,genomic,8,769,2,1.0,0.002600780234070221,0.0007135177289523901,0.009432753192718508,1.0,1.0
NONFIBROTIC ILD ADJUDICATED,17,1847900374,genomic,9,770,2,1.0,0.0025974025974025974,0.0007125907061236786,0.009420568652699277,1.0,1.0
NONFIBROTIC ILD ADJUDICATED,17,1847900374,combined,0,770,0,0.0010640527066331045,0.0,0.0,0.004964141914221508,0.0005778597225773469,0.0013032378574003303
NONFIBROTIC ILD ADJUDICATED,17,1847900374,combined,1,769,0,0.0014847466510881108,0.0,0.0,0.004970565148712315,0.001303476852571887,0.0016630276900835277
NONFIBROTIC ILD ADJUDICATED,17,1847900374,combined,2,770,1,0.0018615035356108888,0.0012987012987012987,0.00022928946639889794,0.007319361170123334,0.0016643282523121736,0.002082200323603146
NONFIBROTIC ILD ADJUDICATED,17,1847900374,combined,3,769,2,0.002323357821941678,0.002600780234070221,0.0007135177289523901,0.009432753192718508,0.002082838733297863,0.002582699390799983
NONFIBROTIC ILD ADJUDICATED,17,1847900374,combined,4,770,2,0.0029259972892799573,0.0025974025974025974,0.0007125907061236786,0.009420568652699277,0.002583241208187727,0.0033203006816528643
NONFIBROTIC ILD ADJUDICATED,17,1847900374,combined,5,769,2,0.003857257482649366,0.002600780234070221,0.0007135177289523901,0.009432753192718508,0.0033211134333795997,0.004485516262812185
NONFIBROTIC ILD ADJUDICATED,17,1847900374,combined,6,769,0,0.005484542261442076,0.0,0.0,0.004970565148712315,0.00448684858916143,0.006722854809985554
NONFIBROTIC ILD ADJUDICATED,17,1847900374,combined,7,770,4,0.008939026607648157,0.005194805194805195,0.0020219574690050306,0.013280219334419372,0.0067349715143523664,0.012149927388825858
NONFIBROTIC ILD ADJUDICATED,17,1847900374,combined,8,769,1,0.02368528354997102,0.0013003901170351106,0.0002295876800841234,0.007328830355107483,0.01216181289561925,0.04717207746254503
NONFIBROTIC ILD ADJUDICATED,17,1847900374,combined,9,770,4,0.12218933788347838,0.005194805194805195,0.0020219574690050306,0.013280219334419372,0.04724887569040144,0.5232456593835181
NONFIBROTIC ILD ADJUDICATED,18,1216535003,zebra,0,770,0,0.23433728031446904,0.0,0.0,0.004964141914221508,0.11052533634471677,0.261929049148748
NONFIBROTIC ILD ADJUDICATED,18,1216535003,zebra,1,769,0,0.2873628023685573,0.0,0.0,0.004970565148712315,0.26204427209140113,0.3134907084506088
NONFIBROTIC ILD ADJUDICATED,18,1216535003,zebra,2,770,0,0.34455631503317985,0.0,0.0,0.004964141914221508,0.31356746728511165,0.3775756027319134
NONFIBROTIC ILD ADJUDICATED,18,1216535003,zebra,3,769,0,0.4124262117647638,0.0,0.0,0.004970565148712315,0.3778393791474659,0.4477058143755784
NONFIBROTIC ILD ADJUDICATED,18,1216535003,zebra,4,770,1,0.4898034766682981,0.0012987012987012987,0.00022928946639889794,0.007319361170123334,0.4477151358421824,0.5379181778535597
NONFIBROTIC ILD ADJUDICATED,18,1216535003,zebra,5,769,1,0.5994419191641498,0.0013003901170351106,0.0002295876800841234,0.007328830355107483,0.5380232986555498,0.6625040943849659
NONFIBROTIC ILD ADJUDICATED,18,1216535003,zebra,6,769,3,0.7284277174459889,0.0039011703511053317,0.001327618000260774,0.011406505807889416,0.6627623675653367,0.786869545214077
NONFIBROTIC ILD ADJUDICATED,18,1216535003,zebra,7,770,2,0.841878608119859,0.0025974025974025974,0.0007125907061236786,0.009420568652699277,0.7869327886043372,0.8976926765875893
NONFIBROTIC ILD ADJUDICATED,18,1216535003,zebra,8,769,1,0.9488049099619587,0.0013003901170351106,0.0002295876800841234,0.007328830355107483,0.8978784060434707,0.9846138163906324
NONFIBROTIC ILD ADJUDICATED,18,1216535003,zebra,9,770,8,0.9961354415993329,0.01038961038961039,0.005273784940225151,0.020366426752402144,0.9846677108894489,1.0
NONFIBROTIC ILD ADJUDICATED,18,1216535003,genomic,0,770,1,1.81157273579284e-08,0.0012987012987012987,0.00022928946639889794,0.007319361170123334,6.829760778020965e-11,3.570829314350401e-08
NONFIBROTIC ILD ADJUDICATED,18,1216535003,genomic,1,769,1,5.471130871577984e-08,0.0013003901170351106,0.0002295876800841234,0.007328830355107483,3.58021891809645e-08,7.524204757181698e-08
NONFIBROTIC ILD ADJUDICATED,18,1216535003,genomic,2,770,2,1.0224120060435624e-07,0.0025974025974025974,0.0007125907061236786,0.009420568652699277,7.53670077253355e-08,1.3079857149184642e-07
NONFIBROTIC ILD ADJUDICATED,18,1216535003,genomic,3,769,0,1.7113291530888418e-07,0.0,0.0,0.004970565148712315,1.3081790501659727e-07,2.210511765376833e-07
NONFIBROTIC ILD ADJUDICATED,18,1216535003,genomic,4,770,1,3.0236123661412033e-07,0.0012987012987012987,0.00022928946639889794,0.007319361170123334,2.2109208212635422e-07,4.0016100592416456e-07
NONFIBROTIC ILD ADJUDICATED,18,1216535003,genomic,5,769,0,5.9650420411838e-07,0.0,0.0,0.004970565148712315,4.004081911607226e-07,9.198714128012195e-07
NONFIBROTIC ILD ADJUDICATED,18,1216535003,genomic,6,769,3,0.0004006372426475888,0.0039011703511053317,0.001327618000260774,0.011406505807889416,9.19924101291016e-07,0.0021086746377531607
NONFIBROTIC ILD ADJUDICATED,18,1216535003,genomic,7,770,1,0.00464359436592558,0.0012987012987012987,0.00022928946639889794,0.007319361170123334,0.0021169484667307404,0.007410192871980297
NONFIBROTIC ILD ADJUDICATED,18,1216535003,genomic,8,769,3,0.011936211600422231,0.0039011703511053317,0.001327618000260774,0.011406505807889416,0.007412990196869536,0.018874635517318133
NONFIBROTIC ILD ADJUDICATED,18,1216535003,genomic,9,770,4,0.071980347935862,0.005194805194805195,0.0020219574690050306,0.013280219334419372,0.01893329148470799,0.9999859675900301
NONFIBROTIC ILD ADJUDICATED,18,1216535003,combined,0,770,0,0.0002732180601400561,0.0,0.0,0.004964141914221508,0.00012514777981992146,0.0003524181331163114
NONFIBROTIC ILD ADJUDICATED,18,1216535003,combined,1,769,0,0.0004206347573637026,0.0,0.0,0.004970565148712315,0.00035250133745955603,0.0004898887294650958
NONFIBROTIC ILD ADJUDICATED,18,1216535003,combined,2,770,0,0.0005634559666567048,0.0,0.0,0.004964141914221508,0.0004900520410457235,0.0006413189996221576
NONFIBROTIC ILD ADJUDICATED,18,1216535003,combined,3,769,2,0.0007439371385929817,0.002600780234070221,0.0007135177289523901,0.009432753192718508,0.0006415224816834219,0.0008492006873185594
NONFIBROTIC ILD ADJUDICATED,18,1216535003,combined,4,770,2,0.0009829142843831792,0.0025974025974025974,0.0007125907061236786,0.009420568652699277,0.0008495260610950888,0.0011444653885785564
NONFIBROTIC ILD ADJUDICATED,18,1216535003,combined,5,769,1,0.0013868689659355927,0.0013003901170351106,0.0002295876800841234,0.007328830355107483,0.0011447153155979008,0.0017023725390592085
NONFIBROTIC ILD ADJUDICATED,18,1216535003,combined,6,769,1,0.002194165389089526,0.0013003901170351106,0.0002295876800841234,0.007328830355107483,0.0017047889089904502,0.0029120189867739674
NONFIBROTIC ILD ADJUDICATED,18,1216535003,combined,7,770,3,0.004683953448413373,0.003896103896103896,0.0013258926936253902,0.011391775387498288,0.0029124063873935987,0.007659144271172562
NONFIBROTIC ILD ADJUDICATED,18,1216535003,combined,8,769,2,0.015394111726751187,0.002600780234070221,0.0007135177289523901,0.009432753192718508,0.0076618434182549305,0.028264418595128217
NONFIBROTIC ILD ADJUDICATED,18,1216535003,combined,9,770,5,0.10354850027612389,0.006493506493506494,0.0027767335367897463,0.01510995198893538,0.028276360488477044,0.662397161009004
NONFIBROTIC ILD ADJUDICATED,19,792446869,zebra,0,770,0,0.23269559063733225,0.0,0.0,0.004964141914221508,0.11893743948205666,0.2612672167631389
NONFIBROTIC ILD ADJUDICATED,19,792446869,zebra,1,769,0,0.28679229105841175,0.0,0.0,0.004970565148712315,0.2614461530736853,0.3130243882443571
NONFIBROTIC ILD ADJUDICATED,19,792446869,zebra,2,770,0,0.3431335558004897,0.0,0.0,0.004964141914221508,0.3131465511809583,0.3751251044125535
NONFIBROTIC ILD ADJUDICATED,19,792446869,zebra,3,769,0,0.4103714052682696,0.0,0.0,0.004970565148712315,0.3753587735507651,0.4469302128264848
NONFIBROTIC ILD ADJUDICATED,19,792446869,zebra,4,770,1,0.49475047898388563,0.0012987012987012987,0.00022928946639889794,0.007319361170123334,0.4471233481693568,0.5486677840936269
NONFIBROTIC ILD ADJUDICATED,19,792446869,zebra,5,769,0,0.6112876031050812,0.0,0.0,0.004970565148712315,0.5487436964929875,0.6720257218332231
NONFIBROTIC ILD ADJUDICATED,19,792446869,zebra,6,769,2,0.7375697781892403,0.002600780234070221,0.0007135177289523901,0.009432753192718508,0.6720448511931777,0.7965179914451949
NONFIBROTIC ILD ADJUDICATED,19,792446869,zebra,7,770,3,0.8509729488091355,0.003896103896103896,0.0013258926936253902,0.011391775387498288,0.796567260782887,0.9049526949194308
NONFIBROTIC ILD ADJUDICATED,19,792446869,zebra,8,769,2,0.9535135622007535,0.002600780234070221,0.0007135177289523901,0.009432753192718508,0.9050413322528538,0.9866728440156178
NONFIBROTIC ILD ADJUDICATED,19,792446869,zebra,9,770,8,0.9970155172627895,0.01038961038961039,0.005273784940225151,0.020366426752402144,0.986683171002475,1.0
NONFIBROTIC ILD ADJUDICATED,19,792446869,genomic,0,770,3,8.05101348432811e-09,0.003896103896103896,0.0013258926936253902,0.011391775387498288,8.969580884557292e-11,1.6175619460112843e-08
NONFIBROTIC ILD ADJUDICATED,19,792446869,genomic,1,769,0,2.857507998209175e-08,0.0,0.0,0.004970565148712315,1.6187480522464396e-08,4.4630396287644974e-08
NONFIBROTIC ILD ADJUDICATED,19,792446869,genomic,2,770,3,6.34398297985425e-08,0.003896103896103896,0.0013258926936253902,0.011391775387498288,4.464098862774074e-08,8.399322776794354e-08
NONFIBROTIC ILD ADJUDICATED,19,792446869,genomic,3,769,2,1.1208499461763443e-07,0.002600780234070221,0.0007135177289523901,0.009432753192718508,8.406299243616831e-08,1.4458582864535737e-07
NONFIBROTIC ILD ADJUDICATED,19,792446869,genomic,4,770,2,1.9459804437518153e-07,0.0025974025974025974,0.0007125907061236786,0.009420568652699277,1.446128596176492e-07,2.51175130846939e-07
NONFIBROTIC ILD ADJUDICATED,19,792446869,genomic,5,769,3,3.34135104427113e-07,0.0039011703511053317,0.001327618000260774,0.011406505807889416,2.512535158241703e-07,4.492792434646993e-07
NONFIBROTIC ILD ADJUDICATED,19,792446869,genomic,6,769,0,6.717470910426348e-07,0.0,0.0,0.004970565148712315,4.4928867382669815e-07,1.014820931731763e-06
NONFIBROTIC ILD ADJUDICATED,19,792446869,genomic,7,770,0,2.438012409175038e-06,0.0,0.0,0.004964141914221508,1.0153784429166317e-06,6.552794306773172e-06
NONFIBROTIC ILD ADJUDICATED,19,792446869,genomic,8,769,2,0.0002248379767655535,0.002600780234070221,0.0007135177289523901,0.009432753192718508,6.565791517919409e-06,0.0006627308512289154
NONFIBROTIC ILD ADJUDICATED,19,792446869,genomic,9,770,1,0.025335124997311713,0.0012987012987012987,0.00022928946639889794,0.007319361170123334,0.0006645658430053583,0.8919607018152126
NONFIBROTIC ILD ADJUDICATED,19,792446869,combined,0,770,2,0.0003087839082250311,0.0025974025974025974,0.0007125907061236786,0.009420568652699277,0.00022284079050444806,0.00038519780932514986
NONFIBROTIC ILD ADJUDICATED,19,792446869,combined,1,769,0,0.0004496192816363467,0.0,0.0,0.004970565148712315,0.00038521284833548884,0.0005174158569890187
NONFIBROTIC ILD ADJUDICATED,19,792446869,combined,2,770,2,0.0005913193984475728,0.0025974025974025974,0.0007125907061236786,0.009420568652699277,0.000517788814170599,0.0006640726016895564
NONFIBROTIC ILD ADJUDICATED,19,792446869,combined,3,769,2,0.0007465249739840047,0.002600780234070221,0.0007135177289523901,0.009432753192718508,0.0006641647001393823,0.000839631719896716
NONFIBROTIC ILD ADJUDICATED,19,792446869,combined,4,770,2,0.0009533511689060329,0.0025974025974025974,0.0007125907061236786,0.009420568652699277,0.0008398862140268846,0.0010758313201306266
NONFIBROTIC ILD ADJUDICATED,19,792446869,combined,5,769,0,0.0012231035156799795,0.0,0.0,0.004970565148712315,0.001075926228197181,0.0013844352988273316
NONFIBROTIC ILD ADJUDICATED,19,792446869,combined,6,769,4,0.0016105425967699277,0.005201560468140442,0.0020245891497467933,0.013297387544882687,0.0013848711384705998,0.0018636956435442154
NONFIBROTIC ILD ADJUDICATED,19,792446869,combined,7,770,0,0.0022987879757129298,0.0,0.0,0.004964141914221508,0.0018649471108645648,0.0028967025541308975
NONFIBROTIC ILD ADJUDICATED,19,792446869,combined,8,769,3,0.004489746611183258,0.0039011703511053317,0.001327618000260774,0.011406505807889416,0.002902542720130343,0.008525547416194847
NONFIBROTIC ILD ADJUDICATED,19,792446869,combined,9,770,1,0.08317169920246936,0.0012987012987012987,0.00022928946639889794,0.007319361170123334,0.008620546169251758,0.514738441986933
NONFIBROTIC ILD ADJUDICATED,20,849958185,zebra,0,770,0,0.232643826644588,0.0,0.0,0.004964141914221508,0.11693488945217027,0.26122793947356854
NONFIBROTIC ILD ADJUDICATED,20,849958185,zebra,1,769,0,0.2871687563496743,0.0,0.0,0.004970565148712315,0.26124029215840633,0.31443184115579403
NONFIBROTIC ILD ADJUDICATED,20,849958185,zebra,2,770,0,0.3465732220487098,0.0,0.0,0.004964141914221508,0.31447335332887394,0.3796100156881386
NONFIBROTIC ILD ADJUDICATED,20,849958185,zebra,3,769,0,0.41471984406702944,0.0,0.0,0.004970565148712315,0.37973052382202055,0.4516542026555688
NONFIBROTIC ILD ADJUDICATED,20,849958185,zebra,4,770,0,0.4972866544092167,0.0,0.0,0.004964141914221508,0.451752035415746,0.5481119085210974
NONFIBROTIC ILD ADJUDICATED,20,849958185,zebra,5,769,3,0.6069005629374569,0.0039011703511053317,0.001327618000260774,0.011406505807889416,0.5481119570964046,0.6696196037942969
NONFIBROTIC ILD ADJUDICATED,20,849958185,zebra,6,769,2,0.7323937788436173,0.002600780234070221,0.0007135177289523901,0.009432753192718508,0.6697352548132127,0.7922254832044645
NONFIBROTIC ILD ADJUDICATED,20,849958185,zebra,7,770,3,0.8459494302058049,0.003896103896103896,0.0013258926936253902,0.011391775387498288,0.7922355857256254,0.898635575652675
NONFIBROTIC ILD ADJUDICATED,20,849958185,zebra,8,769,1,0.9490863704837893,0.0013003901170351106,0.0002295876800841234,0.007328830355107483,0.8986589376850554,0.985485854363619
NONFIBROTIC ILD ADJUDICATED,20,849958185,zebra,9,770,7,0.9965372985313999,0.00909090909090909,0.004410478976495486,0.01864522399383109,0.9856268735103083,1.0
NONFIBROTIC ILD ADJUDICATED,20,849958185,genomic,0,770,2,0.0029679046065182926,0.0025974025974025974,0.0007125907061236786,0.009420568652699277,0.0015597447565298878,0.0035928488546611544
NONFIBROTIC ILD ADJUDICATED,20,849958185,genomic,1,769,1,0.004081181243700556,0.0013003901170351106,0.0002295876800841234,0.007328830355107483,0.0035930233043025774,0.004552658522488617
NONFIBROTIC ILD ADJUDICATED,20,849958185,genomic,2,770,4,0.005056944363324449,0.005194805194805195,0.0020219574690050306,0.013280219334419372,0.004553114866806096,0.005600398421218862
NONFIBROTIC ILD ADJUDICATED,20,849958185,genomic,3,769,2,0.006192350386409089,0.002600780234070221,0.0007135177289523901,0.009432753192718508,0.005601711971731515,0.00682310284018453
NONFIBROTIC ILD ADJUDICATED,20,849958185,genomic,4,770,1,0.0076005975385570615,0.0012987012987012987,0.00022928946639889794,0.007319361170123334,0.006826740046377262,0.008560040787992787
NONFIBROTIC ILD ADJUDICATED,20,849958185,genomic,5,769,2,0.009936044733809114,0.002600780234070221,0.0007135177289523901,0.009432753192718508,0.008562744229660118,0.011761972464739518
NONFIBROTIC ILD ADJUDICATED,20,849958185,genomic,6,769,3,0.018085061648181702,0.0039011703511053317,0.001327618000260774,0.011406505807889416,0.011790660083877256,0.032946572239051536
NONFIBROTIC ILD ADJUDICATED,20,849958185,genomic,7,770,0,0.046274350242875295,0.0,0.0,0.004964141914221508,0.03297142573112731,0.05760077359748359
NONFIBROTIC ILD ADJUDICATED,20,849958185,genomic,8,769,1,0.07123881594825934,0.0013003901170351106,0.0002295876800841234,0.007328830355107483,0.057608944723840184,0.08766331785892223
NONFIBROTIC ILD ADJUDICATED,20,849958185,genomic,9,770,0,0.12857005593894716,0.0,0.0,0.004964141914221508,0.08787168984129118,0.3957730687305534
NONFIBROTIC ILD ADJUDICATED,20,849958185,combined,0,770,1,0.00010337214064317992,0.0012987012987012987,0.00022928946639889794,0.007319361170123334,4.327489143182796e-05,0.00013740482573966608
NONFIBROTIC ILD ADJUDICATED,20,849958185,combined,1,769,1,0.00017303476892294384,0.0013003901170351106,0.0002295876800841234,0.007328830355107483,0.00013742316104961127,0.00021104212301564993
NONFIBROTIC ILD ADJUDICATED,20,849958185,combined,2,770,0,0.00025805243557498525,0.0,0.0,0.004964141914221508,0.00021114593402538623,0.0003124269981598061
NONFIBROTIC ILD ADJUDICATED,20,849958185,combined,3,769,1,0.0003820435871070619,0.0013003901170351106,0.0002295876800841234,0.007328830355107483,0.000312594373153682,0.00046606331922935363
NONFIBROTIC ILD ADJUDICATED,20,849958185,combined,4,770,0,0.0005788865320475903,0.0,0.0,0.004964141914221508,0.00046694971858445743,0.0007066141528756356
NONFIBROTIC ILD ADJUDICATED,20,849958185,combined,5,769,1,0.0009051277691209861,0.0013003901170351106,0.0002295876800841234,0.007328830355107483,0.0007070091562001807,0.0011468180387268962
NONFIBROTIC ILD ADJUDICATED,20,849958185,combined,6,769,5,0.0015664598818871517,0.006501950585175552,0.002780348414515579,0.015129481166593194,0.0011469125408626506,0.0020916715821513985
NONFIBROTIC ILD ADJUDICATED,20,849958185,combined,7,770,4,0.003286875482551549,0.005194805194805195,0.0020219574690050306,0.013280219334419372,0.0020918262068073262,0.005086463397044039
NONFIBROTIC ILD ADJUDICATED,20,849958185,combined,8,769,0,0.008990816105553563,0.0,0.0,0.004970565148712315,0.005091667373474942,0.015190738294316651
NONFIBROTIC ILD ADJUDICATED,20,849958185,combined,9,770,3,0.07490791798425372,0.003896103896103896,0.0013258926936253902,0.011391775387498288,0.015192020429207448,0.7204523126600794
NONFIBROTIC ILD ADJUDICATED,21,1253658352,zebra,0,770,0,0.2323959836748984,0.0,0.0,0.004964141914221508,0.11693488945217027,0.2620496868382658
NONFIBROTIC ILD ADJUDICATED,21,1253658352,zebra,1,769,0,0.2885206544102801,0.0,0.0,0.004970565148712315,0.2621427438396359,0.3144316485399747
NONFIBROTIC ILD ADJUDICATED,21,1253658352,zebra,2,770,0,0.34654901756991907,0.0,0.0,0.004964141914221508,0.31447837490045416,0.37821837889202076
NONFIBROTIC ILD ADJUDICATED,21,1253658352,zebra,3,769,0,0.4140202511298866,0.0,0.0,0.004970565148712315,0.3782556368826368,0.4505792844027786
NONFIBROTIC ILD ADJUDICATED,21,1253658352,zebra,4,770,1,0.4954920117062465,0.0012987012987012987,0.00022928946639889794,0.007319361170123334,0.4505826354187552,0.5449975885998207
NONFIBROTIC ILD ADJUDICATED,21,1253658352,zebra,5,769,1,0.6052906641001214,0.0013003901170351106,0.0002295876800841234,0.007328830355107483,0.5450020407769885,0.6652446793833273
NONFIBROTIC ILD ADJUDICATED,21,1253658352,zebra,6,769,2,0.7313009283944008,0.002600780234070221,0.0007135177289523901,0.009432753192718508,0.6653503127292941,0.7922523496135381
NONFIBROTIC ILD ADJUDICATED,21,1253658352,zebra,7,770,2,0.8491816165650723,0.0025974025974025974,0.0007125907061236786,0.009420568652699277,0.792265339786157,0.9025689321917897
NONFIBROTIC ILD ADJUDICATED,21,1253658352,zebra,8,769,2,0.9521928843400411,0.002600780234070221,0.0007135177289523901,0.009432753192718508,0.9029687037824873,0.9861211849356301
NONFIBROTIC ILD ADJUDICATED,21,1253658352,zebra,9,770,8,0.9966532140645964,0.01038961038961039,0.005273784940225151,0.020366426752402144,0.9861373515718582,1.0
NONFIBROTIC ILD ADJUDICATED,21,1253658352,genomic,0,770,1,0.0,0.0012987012987012987,0.00022928946639889794,0.007319361170123334,0.0,0.0
NONFIBROTIC ILD ADJUDICATED,21,1253658352,genomic,1,769,2,0.0,0.002600780234070221,0.0007135177289523901,0.009432753192718508,0.0,0.0
NONFIBROTIC ILD ADJUDICATED,21,1253658352,genomic,2,770,1,0.33506493506504587,0.0012987012987012987,0.00022928946639889794,0.007319361170123334,0.0,1.0
NONFIBROTIC ILD ADJUDICATED,21,1253658352,genomic,3,769,2,1.0,0.002600780234070221,0.0007135177289523901,0.009432753192718508,1.0,1.0
NONFIBROTIC ILD ADJUDICATED,21,1253658352,genomic,4,770,0,1.0,0.0,0.0,0.004964141914221508,1.0,1.0
NONFIBROTIC ILD ADJUDICATED,21,1253658352,genomic,5,769,1,1.0,0.0013003901170351106,0.0002295876800841234,0.007328830355107483,1.0,1.0
NONFIBROTIC ILD ADJUDICATED,21,1253658352,genomic,6,769,1,1.0,0.0013003901170351106,0.0002295876800841234,0.007328830355107483,1.0,1.0
NONFIBROTIC ILD ADJUDICATED,21,1253658352,genomic,7,770,2,1.0,0.0025974025974025974,0.0007125907061236786,0.009420568652699277,1.0,1.0
NONFIBROTIC ILD ADJUDICATED,21,1253658352,genomic,8,769,3,1.0,0.0039011703511053317,0.001327618000260774,0.011406505807889416,1.0,1.0
NONFIBROTIC ILD ADJUDICATED,21,1253658352,genomic,9,770,3,1.0,0.003896103896103896,0.0013258926936253902,0.011391775387498288,1.0,1.0
NONFIBROTIC ILD ADJUDICATED,21,1253658352,combined,0,770,3,0.0,0.003896103896103896,0.0013258926936253902,0.011391775387498288,0.0,0.0
NONFIBROTIC ILD ADJUDICATED,21,1253658352,combined,1,769,1,0.0,0.0013003901170351106,0.0002295876800841234,0.007328830355107483,0.0,0.0
NONFIBROTIC ILD ADJUDICATED,21,1253658352,combined,2,770,0,0.0,0.0,0.0,0.004964141914221508,0.0,0.0
NONFIBROTIC ILD ADJUDICATED,21,1253658352,combined,3,769,1,0.0,0.0013003901170351106,0.0002295876800841234,0.007328830355107483,0.0,0.0
NONFIBROTIC ILD ADJUDICATED,21,1253658352,combined,4,770,1,0.0,0.0012987012987012987,0.00022928946639889794,0.007319361170123334,0.0,0.0
NONFIBROTIC ILD ADJUDICATED,21,1253658352,combined,5,769,1,0.0,0.0013003901170351106,0.0002295876800841234,0.007328830355107483,0.0,0.0
NONFIBROTIC ILD ADJUDICATED,21,1253658352,combined,6,769,1,0.0,0.0013003901170351106,0.0002295876800841234,0.007328830355107483,0.0,0.0
NONFIBROTIC ILD ADJUDICATED,21,1253658352,combined,7,770,2,0.0,0.0025974025974025974,0.0007125907061236786,0.009420568652699277,0.0,0.0
NONFIBROTIC ILD ADJUDICATED,21,1253658352,combined,8,769,1,3.22609577768027e-225,0.0013003901170351106,0.0002295876800841234,0.007328830355107483,0.0,2.4808676240716307e-222
NONFIBROTIC ILD ADJUDICATED,21,1253658352,combined,9,770,5,0.8583254583061449,0.006493506493506494,0.0027767335367897463,0.01510995198893538,9.375809884170229e-222,1.0
NONFIBROTIC ILD ADJUDICATED,22,436760030,zebra,0,770,0,0.23202304416779732,0.0,0.0,0.004964141914221508,0.11052533634471677,0.260739023049146
NONFIBROTIC ILD ADJUDICATED,22,436760030,zebra,1,769,0,0.2861830100787722,0.0,0.0,0.004970565148712315,0.26079868222778724,0.3118102720735881
NONFIBROTIC ILD ADJUDICATED,22,436760030,zebra,2,770,0,0.34188046820994156,0.0,0.0,0.004964141914221508,0.31191926924351776,0.3740323140236602
NONFIBROTIC ILD ADJUDICATED,22,436760030,zebra,3,769,0,0.40890313457689154,0.0,0.0,0.004970565148712315,0.3741246351067505,0.4452869043223011
NONFIBROTIC ILD ADJUDICATED,22,436760030,zebra,4,770,1,0.4901313422119175,0.0012987012987012987,0.00022928946639889794,0.007319361170123334,0.44553944389227945,0.5404236476080435
NONFIBROTIC ILD ADJUDICATED,22,436760030,zebra,5,769,1,0.6029139602606475,0.0013003901170351106,0.0002295876800841234,0.007328830355107483,0.5405732793825522,0.6657088168850702
NONFIBROTIC ILD ADJUDICATED,22,436760030,zebra,6,769,2,0.7318898244470631,0.002600780234070221,0.0007135177289523901,0.009432753192718508,0.6659008684423973,0.7905015192149166
NONFIBROTIC ILD ADJUDICATED,22,436760030,zebra,7,770,3,0.8463118316594797,0.003896103896103896,0.0013258926936253902,0.011391775387498288,0.7905263866651004,0.9010687245335479
NONFIBROTIC ILD ADJUDICATED,22,436760030,zebra,8,769,1,0.9517410966871066,0.0013003901170351106,0.0002295876800841234,0.007328830355107483,0.9011530019691986,0.9861373515718582
NONFIBROTIC ILD ADJUDICATED,22,436760030,zebra,9,770,8,0.9966747797779121,0.01038961038961039,0.005273784940225151,0.020366426752402144,0.9861384169293421,1.0
NONFIBROTIC ILD ADJUDICATED,22,436760030,genomic,0,770,3,0.0014197940411190388,0.003896103896103896,0.0013258926936253902,0.011391775387498288,0.0012953867462316268,0.0015602332779373342
NONFIBROTIC ILD ADJUDICATED,22,436760030,genomic,1,769,3,0.0017289277985477365,0.0039011703511053317,0.001327618000260774,0.011406505807889416,0.0015602417915973653,0.001888111083100369
NONFIBROTIC ILD ADJUDICATED,22,436760030,genomic,2,770,1,0.0020994514209506997,0.0012987012987012987,0.00022928946639889794,0.007319361170123334,0.0018896026958575968,0.0022986067550823937
NONFIBROTIC ILD ADJUDICATED,22,436760030,genomic,3,769,1,0.0025509877236700703,0.0013003901170351106,0.0002295876800841234,0.007328830355107483,0.0023005908090573493,0.0028293354738431883
NONFIBROTIC ILD ADJUDICATED,22,436760030,genomic,4,770,1,0.0032322696371147024,0.0012987012987012987,0.00022928946639889794,0.007319361170123334,0.0028300111596933574,0.003769889920602367
NONFIBROTIC ILD ADJUDICATED,22,436760030,genomic,5,769,1,0.004704249918410914,0.0013003901170351106,0.0002295876800841234,0.007328830355107483,0.0037706786515355126,0.005953793633096673
NONFIBROTIC ILD ADJUDICATED,22,436760030,genomic,6,769,1,0.007684597325098668,0.0013003901170351106,0.0002295876800841234,0.007328830355107483,0.0059595212631727,0.010213315989356814
NONFIBROTIC ILD ADJUDICATED,22,436760030,genomic,7,770,1,0.012838339680808825,0.0012987012987012987,0.00022928946639889794,0.007319361170123334,0.01021443245946874,0.018944707532916938
NONFIBROTIC ILD ADJUDICATED,22,436760030,genomic,8,769,2,0.06709103094847316,0.002600780234070221,0.0007135177289523901,0.009432753192718508,0.018954148327226274,0.09548531567901197
NONFIBROTIC ILD ADJUDICATED,22,436760030,genomic,9,770,2,0.20998241846945917,0.0025974025974025974,0.0007125907061236786,0.009420568652699277,0.0955971989779872,0.4184761909551143
NONFIBROTIC ILD ADJUDICATED,22,436760030,combined,0,770,0,0.0002925049118391063,0.0,0.0,0.004964141914221508,9.78107725015372e-05,0.00040885103728060244
NONFIBROTIC ILD ADJUDICATED,22,436760030,combined,1,769,0,0.0005235201311180713,0.0,0.0,0.004970565148712315,0.00040918140623597227,0.0006479943830752732
NONFIBROTIC ILD ADJUDICATED,22,436760030,combined,2,770,3,0.0008259618834721892,0.003896103896103896,0.0013258926936253902,0.011391775387498288,0.0006481693591295064,0.001037635942133312
NONFIBROTIC ILD ADJUDICATED,22,436760030,combined,3,769,2,0.0012748065293824678,0.002600780234070221,0.0007135177289523901,0.009432753192718508,0.0010377175619691575,0.0015751517331549889
NONFIBROTIC ILD ADJUDICATED,22,436760030,combined,4,770,0,0.002105048183251361,0.0,0.0,0.004964141914221508,0.0015763072391661887,0.0027863136371407333
NONFIBROTIC ILD ADJUDICATED,22,436760030,combined,5,769,3,0.004189612651972093,0.0039011703511053317,0.001327618000260774,0.011406505807889416,0.0027882049664305357,0.006236091697927154
NONFIBROTIC ILD ADJUDICATED,22,436760030,combined,6,769,4,0.014720043927927673,0.005201560468140442,0.0020245891497467933,0.013297387544882687,0.006250631936155042,0.03250484341438212
NONFIBROTIC ILD ADJUDICATED,22,436760030,combined,7,770,0,0.05297084036289154,0.0,0.0,0.004964141914221508,0.032509033152870494,0.0734686632319026
NONFIBROTIC ILD ADJUDICATED,22,436760030,combined,8,769,1,0.10287859571988438,0.0013003901170351106,0.0002295876800841234,0.007328830355107483,0.0734819048478903,0.14106560356620185
NONFIBROTIC ILD ADJUDICATED,22,436760030,combined,9,770,3,0.2799115586416816,0.003896103896103896,0.0013258926936253902,0.011391775387498288,0.14113367673873478,0.9327683245189501
NONFIBROTIC ILD ADJUDICATED,23,92685176,zebra,0,770,0,0.23009645670027987,0.0,0.0,0.004964141914221508,0.11052533634471677,0.25976196388872147
NONFIBROTIC ILD ADJUDICATED,23,92685176,zebra,1,769,0,0.28442604074568,0.0,0.0,0.004970565148712315,0.259829183187628,0.31080703418834127
NONFIBROTIC ILD ADJUDICATED,23,92685176,zebra,2,770,0,0.3409937982091842,0.0,0.0,0.004964141914221508,0.3108417085475383,0.37386805041072013
NONFIBROTIC ILD ADJUDICATED,23,92685176,zebra,3,769,0,0.41013193045150503,0.0,0.0,0.004970565148712315,0.3738976467320849,0.4469570249946754
NONFIBROTIC ILD ADJUDICATED,23,92685176,zebra,4,770,1,0.4935815094712012,0.0012987012987012987,0.00022928946639889794,0.007319361170123334,0.4471233481693568,0.5465724094304668
NONFIBROTIC ILD ADJUDICATED,23,92685176,zebra,5,769,2,0.6052610475351387,0.002600780234070221,0.0007135177289523901,0.009432753192718508,0.5465908092906749,0.6660719586266501
NONFIBROTIC ILD ADJUDICATED,23,92685176,zebra,6,769,2,0.7310799535287434,0.002600780234070221,0.0007135177289523901,0.009432753192718508,0.6662018686088061,0.792178099230255
NONFIBROTIC ILD ADJUDICATED,23,92685176,zebra,7,770,4,0.8465085638177142,0.005194805194805195,0.0020219574690050306,0.013280219334419372,0.7922254832044645,0.89888716529185
NONFIBROTIC ILD ADJUDICATED,23,92685176,zebra,8,769,2,0.9502464344571249,0.002600780234070221,0.0007135177289523901,0.009432753192718508,0.8989333182452957,0.9860089016090301
NONFIBROTIC ILD ADJUDICATED,23,92685176,zebra,9,770,5,0.9965247421977614,0.006493506493506494,0.0027767335367897463,0.01510995198893538,0.9860122135494251,1.0
NONFIBROTIC ILD ADJUDICATED,23,92685176,genomic,0,770,0,0.0,0.0,0.0,0.004964141914221508,0.0,0.0
NONFIBROTIC ILD ADJUDICATED,23,92685176,genomic,1,769,3,0.0,0.0039011703511053317,0.001327618000260774,0.011406505807889416,0.0,0.0
NONFIBROTIC ILD ADJUDICATED,23,92685176,genomic,2,770,3,0.0,0.003896103896103896,0.0013258926936253902,0.011391775387498288,0.0,0.0
NONFIBROTIC ILD ADJUDICATED,23,92685176,genomic,3,769,3,0.0,0.0039011703511053317,0.001327618000260774,0.011406505807889416,0.0,0.0
NONFIBROTIC ILD ADJUDICATED,23,92685176,genomic,4,770,1,0.0,0.0012987012987012987,0.00022928946639889794,0.007319361170123334,0.0,0.0
NONFIBROTIC ILD ADJUDICATED,23,92685176,genomic,5,769,2,0.0,0.002600780234070221,0.0007135177289523901,0.009432753192718508,0.0,0.0
NONFIBROTIC ILD ADJUDICATED,23,92685176,genomic,6,769,2,3.301006085499563e-266,0.002600780234070221,0.0007135177289523901,0.009432753192718508,0.0,8.090419407119807e-264
NONFIBROTIC ILD ADJUDICATED,23,92685176,genomic,7,770,1,2.436217232720439e-178,0.0012987012987012987,0.00022928946639889794,0.007319361170123334,1.1208029473516787e-263,5.034866254383648e-176
NONFIBROTIC ILD ADJUDICATED,23,92685176,genomic,8,769,1,2.785578251554034e-49,0.0013003901170351106,0.0002295876800841234,0.007328830355107483,5.046781567458748e-176,7.681097107507113e-47
NONFIBROTIC ILD ADJUDICATED,23,92685176,genomic,9,770,0,0.7223193008272394,0.0,0.0,0.004964141914221508,9.442379974605628e-47,1.0
NONFIBROTIC ILD ADJUDICATED,23,92685176,combined,0,770,1,8.219745470051968e-07,0.0012987012987012987,0.00022928946639889794,0.007319361170123334,1.3101768016507343e-07,1.3741822503323108e-06
NONFIBROTIC ILD ADJUDICATED,23,92685176,combined,1,769,3,2.0426721853960575e-06,0.0039011703511053317,0.001327618000260774,0.011406505807889416,1.3745599063013518e-06,2.752637735005189e-06
NONFIBROTIC ILD ADJUDICATED,23,92685176,combined,2,770,0,3.560304899464276e-06,0.0,0.0,0.004964141914221508,2.7559383200366785e-06,4.360338948686759e-06
NONFIBROTIC ILD ADJUDICATED,23,92685176,combined,3,769,1,5.2315958404907965e-06,0.0013003901170351106,0.0002295876800841234,0.007328830355107483,4.362270993235944e-06,6.125538631547853e-06
NONFIBROTIC ILD ADJUDICATED,23,92685176,combined,4,770,2,7.222816736713872e-06,0.0025974025974025974,0.0007125907061236786,0.009420568652699277,6.127152507305147e-06,8.486071180629792e-06
NONFIBROTIC ILD ADJUDICATED,23,92685176,combined,5,769,1,1.0175420602132541e-05,0.0013003901170351106,0.0002295876800841234,0.007328830355107483,8.492629345656748e-06,1.204765764297235e-05
NONFIBROTIC ILD ADJUDICATED,23,92685176,combined,6,769,3,1.4995957107416482e-05,0.0039011703511053317,0.001327618000260774,0.011406505807889416,1.2049358580915889e-05,1.9080413255093716e-05
NONFIBROTIC ILD ADJUDICATED,23,92685176,combined,7,770,3,2.884382289090326e-05,0.003896103896103896,0.0013258926936253902,0.011391775387498288,1.9098478381196404e-05,5.1974684841527164e-05
NONFIBROTIC ILD ADJUDICATED,23,92685176,combined,8,769,2,0.07031937784095142,0.002600780234070221,0.0007135177289523901,0.009432753192718508,5.199668589145093e-05,0.174453996962595
NONFIBROTIC ILD ADJUDICATED,23,92685176,combined,9,770,0,0.4237850159717591,0.0,0.0,0.004964141914221508,0.1744646816604218,0.9670789559856509
NONFIBROTIC ILD ADJUDICATED,24,1869830206,zebra,0,770,0,0.23154211961568988,0.0,0.0,0.004964141914221508,0.11052533634471677,0.2612672167631389
NONFIBROTIC ILD ADJUDICATED,24,1869830206,zebra,1,769,0,0.286259396268216,0.0,0.0,0.004970565148712315,0.26127235839391816,0.31156992200982825
NONFIBROTIC ILD ADJUDICATED,24,1869830206,zebra,2,770,0,0.3415979059948402,0.0,0.0,0.004964141914221508,0.3116116309673158,0.3754533784657197
NONFIBROTIC ILD ADJUDICATED,24,1869830206,zebra,3,769,0,0.41031067033959084,0.0,0.0,0.004970565148712315,0.3756760952334964,0.4469084238668026
NONFIBROTIC ILD ADJUDICATED,24,1869830206,zebra,4,770,1,0.48866611475297034,0.0012987012987012987,0.00022928946639889794,0.007319361170123334,0.4469302128264848,0.5368783998050141
NONFIBROTIC ILD ADJUDICATED,24,1869830206,zebra,5,769,2,0.5994023738169665,0.002600780234070221,0.0007135177289523901,0.009432753192718508,0.5369993165800129,0.6640242739721478
NONFIBROTIC ILD ADJUDICATED,24,1869830206,zebra,6,769,0,0.729931795522819,0.0,0.0,0.004970565148712315,0.6642357512021969,0.7881395459198441
NONFIBROTIC ILD ADJUDICATED,24,1869830206,zebra,7,770,3,0.8458038186733791,0.003896103896103896,0.0013258926936253902,0.011391775387498288,0.7881814628982727,0.8996673482561942
NONFIBROTIC ILD ADJUDICATED,24,1869830206,zebra,8,769,2,0.9495178351574464,0.002600780234070221,0.0007135177289523901,0.009432753192718508,0.8996813766473817,0.985721892962206
NONFIBROTIC ILD ADJUDICATED,24,1869830206,zebra,9,770,8,0.99643393385131,0.01038961038961039,0.005273784940225151,0.020366426752402144,0.9857425356329601,1.0
NONFIBROTIC ILD ADJUDICATED,24,1869830206,genomic,0,770,1,6.665647453185201e-06,0.0012987012987012987,0.00022928946639889794,0.007319361170123334,7.74356272678983e-07,1.4237066189379748e-05
NONFIBROTIC ILD ADJUDICATED,24,1869830206,genomic,1,769,2,1.823563859341472e-05,0.002600780234070221,0.0007135177289523901,0.009432753192718508,1.4256988032881685e-05,2.1601360090085708e-05
NONFIBROTIC ILD ADJUDICATED,24,1869830206,genomic,2,770,1,2.4333963589390397e-05,0.0012987012987012987,0.00022928946639889794,0.007319361170123334,2.1614080868530653e-05,2.693037533945082e-05
NONFIBROTIC ILD ADJUDICATED,24,1869830206,genomic,3,769,2,2.9944309857456845e-05,0.002600780234070221,0.0007135177289523901,0.009432753192718508,2.693503243034963e-05,3.3128535269946556e-05
NONFIBROTIC ILD ADJUDICATED,24,1869830206,genomic,4,770,0,3.722095338369022e-05,0.0,0.0,0.004964141914221508,3.3130317904843444e-05,4.19033282002549e-05
NONFIBROTIC ILD ADJUDICATED,24,1869830206,genomic,5,769,4,4.7906310733883684e-05,0.005201560468140442,0.0020245891497467933,0.013297387544882687,4.192438265629449e-05,5.5332300869278837e-05
NONFIBROTIC ILD ADJUDICATED,24,1869830206,genomic,6,769,3,7.032963222598405e-05,0.0039011703511053317,0.001327618000260774,0.011406505807889416,5.534159723292785e-05,9.496238635966443e-05
NONFIBROTIC ILD ADJUDICATED,24,1869830206,genomic,7,770,1,0.05366348181359328,0.0012987012987012987,0.00022928946639889794,0.007319361170123334,9.504052812402986e-05,0.10868014113584464
NONFIBROTIC ILD ADJUDICATED,24,1869830206,genomic,8,769,1,0.20080726618388064,0.0013003901170351106,0.0002295876800841234,0.007328830355107483,0.10914402176013333,0.36227701563855697
NONFIBROTIC ILD ADJUDICATED,24,1869830206,genomic,9,770,1,0.5467098025721111,0.0012987012987012987,0.00022928946639889794,0.007319361170123334,0.3625471393967602,0.9989653373098538
NONFIBROTIC ILD ADJUDICATED,24,1869830206,combined,0,770,0,9.96221386713179e-10,0.0,0.0,0.004964141914221508,2.873428718848837e-13,2.2901675432430716e-09
NONFIBROTIC ILD ADJUDICATED,24,1869830206,combined,1,769,2,4.193206228277693e-09,0.002600780234070221,0.0007135177289523901,0.009432753192718508,2.291841284507275e-09,6.315081112039954e-09
NONFIBROTIC ILD ADJUDICATED,24,1869830206,combined,2,770,2,8.990311419847977e-09,0.0025974025974025974,0.0007125907061236786,0.009420568652699277,6.319908196253819e-09,1.2134281099073443e-08
NONFIBROTIC ILD ADJUDICATED,24,1869830206,combined,3,769,1,1.69528346189163e-08,0.0013003901170351106,0.0002295876800841234,0.007328830355107483,1.2137050794467895e-08,2.2677055309320113e-08
NONFIBROTIC ILD ADJUDICATED,24,1869830206,combined,4,770,0,3.1030454337469156e-08,0.0,0.0,0.004964141914221508,2.2724040470710928e-08,4.2727680438208863e-08
NONFIBROTIC ILD ADJUDICATED,24,1869830206,combined,5,769,2,6.103166742205421e-08,0.002600780234070221,0.0007135177289523901,0.009432753192718508,4.276472095273344e-08,8.405309693234564e-08
NONFIBROTIC ILD ADJUDICATED,24,1869830206,combined,6,769,2,1.2843797009817278e-07,0.002600780234070221,0.0007135177289523901,0.009432753192718508,8.416562217123985e-08,1.9623464874935197e-07
NONFIBROTIC ILD ADJUDICATED,24,1869830206,combined,7,770,0,4.2483251246745396e-07,0.0,0.0,0.004964141914221508,1.9631898679645047e-07,9.419385055596632e-07
NONFIBROTIC ILD ADJUDICATED,24,1869830206,combined,8,769,5,7.052487369877391e-05,0.006501950585175552,0.002780348414515579,0.015129481166593194,9.456812249418969e-07,0.0004404656598880946
NONFIBROTIC ILD ADJUDICATED,24,1869830206,combined,9,770,2,0.028182873717924013,0.0025974025974025974,0.0007125907061236786,0.009420568652699277,0.00044270926349691293,0.9999303668546978
NONFIBROTIC ILD ADJUDICATED,25,1136618332,zebra,0,770,0,0.2321062141321573,0.0,0.0,0.004964141914221508,0.11052533634471677,0.2600432461571028
NONFIBROTIC ILD ADJUDICATED,25,1136618332,zebra,1,769,0,0.28477483748387844,0.0,0.0,0.004970565148712315,0.26012988831572514,0.3111076042769262
NONFIBROTIC ILD ADJUDICATED,25,1136618332,zebra,2,770,0,0.3414322007357447,0.0,0.0,0.004964141914221508,0.3111904898296658,0.3740323140236602
NONFIBROTIC ILD ADJUDICATED,25,1136618332,zebra,3,769,0,0.40738881134718247,0.0,0.0,0.004970565148712315,0.3740655710678166,0.44280017489496476
NONFIBROTIC ILD ADJUDICATED,25,1136618332,zebra,4,770,1,0.48725660564967316,0.0012987012987012987,0.00022928946639889794,0.007319361170123334,0.4428135139465415,0.535732145245608
NONFIBROTIC ILD ADJUDICATED,25,1136618332,zebra,5,769,1,0.5966606607786114,0.0013003901170351106,0.0002295876800841234,0.007328830355107483,0.5358841559086459,0.6609998749213049
NONFIBROTIC ILD ADJUDICATED,25,1136618332,zebra,6,769,1,0.7287977840913631,0.0013003901170351106,0.0002295876800841234,0.007328830355107483,0.6610940218280053,0.7896040325912881
NONFIBROTIC ILD ADJUDICATED,25,1136618332,zebra,7,770,3,0.844348787072268,0.003896103896103896,0.0013258926936253902,0.011391775387498288,0.7896947460373092,0.8984362180389591
NONFIBROTIC ILD ADJUDICATED,25,1136618332,zebra,8,769,2,0.9491420247219158,0.002600780234070221,0.0007135177289523901,0.009432753192718508,0.8986589376850554,0.9852651300912427
NONFIBROTIC ILD ADJUDICATED,25,1136618332,zebra,9,770,8,0.9963542340859798,0.01038961038961039,0.005273784940225151,0.020366426752402144,0.9852913008258685,1.0
NONFIBROTIC ILD ADJUDICATED,25,1136618332,genomic,0,770,3,6.252913477253326e-08,0.003896103896103896,0.0013258926936253902,0.011391775387498288,4.450636086933597e-09,1.1922192845450796e-07
NONFIBROTIC ILD ADJUDICATED,25,1136618332,genomic,1,769,3,1.786706501610663e-07,0.0039011703511053317,0.001327618000260774,0.011406505807889416,1.1943545679402713e-07,2.465772082289097e-07
NONFIBROTIC ILD ADJUDICATED,25,1136618332,genomic,2,770,1,3.197903418381402e-07,0.0012987012987012987,0.00022928946639889794,0.007319361170123334,2.468341548997845e-07,4.03600662498019e-07
NONFIBROTIC ILD ADJUDICATED,25,1136618332,genomic,3,769,2,5.079997139972552e-07,0.002600780234070221,0.0007135177289523901,0.009432753192718508,4.037324816244922e-07,6.233566213519018e-07
NONFIBROTIC ILD ADJUDICATED,25,1136618332,genomic,4,770,2,7.809953795563211e-07,0.0025974025974025974,0.0007125907061236786,0.009420568652699277,6.237035363523263e-07,9.670603675711619e-07
NONFIBROTIC ILD ADJUDICATED,25,1136618332,genomic,5,769,0,1.2272030904027335e-06,0.0,0.0,0.004970565148712315,9.676067685526107e-07,1.5778272244750426e-06
NONFIBROTIC ILD ADJUDICATED,25,1136618332,genomic,6,769,3,2.1774926144277995e-06,0.0039011703511053317,0.001327618000260774,0.011406505807889416,1.5779793523666878e-06,3.0167643824206156e-06
NONFIBROTIC ILD ADJUDICATED,25,1136618332,genomic,7,770,0,4.995577148417379e-06,0.0,0.0,0.004964141914221508,3.018069914663558e-06,8.925331368260566e-06
NONFIBROTIC ILD ADJUDICATED,25,1136618332,genomic,8,769,1,0.0010639111673606141,0.0013003901170351106,0.0002295876800841234,0.007328830355107483,8.972124814409157e-06,0.0035056766849969963
NONFIBROTIC ILD ADJUDICATED,25,1136618332,genomic,9,770,1,0.03190471437469582,0.0012987012987012987,0.00022928946639889794,0.007319361170123334,0.00350604265987574,0.8219402570592395
NONFIBROTIC ILD ADJUDICATED,25,1136618332,combined,0,770,0,1.786681964959275e-21,0.0,0.0,0.004964141914221508,2.1533253094152216e-35,1.9063429666937654e-20
NONFIBROTIC ILD ADJUDICATED,25,1136618332,combined,1,769,3,4.082239284115997e-18,0.0039011703511053317,0.001327618000260774,0.011406505807889416,1.952054256061895e-20,2.2733417270925883e-17
NONFIBROTIC ILD ADJUDICATED,25,1136618332,combined,2,770,1,3.8734002482832355e-16,0.0012987012987012987,0.00022928946639889794,0.007319361170123334,2.2755920588409907e-17,1.5206218300199498e-15
NONFIBROTIC ILD ADJUDICATED,25,1136618332,combined,3,769,1,1.1291300004734078e-14,0.0013003901170351106,0.0002295876800841234,0.007328830355107483,1.522437989021182e-15,3.675327115149795e-14
NONFIBROTIC ILD ADJUDICATED,25,1136618332,combined,4,770,1,1.8950970885865727e-13,0.0012987012987012987,0.00022928946639889794,0.007319361170123334,3.67557014431429e-14,5.408834083011781e-13
NONFIBROTIC ILD ADJUDICATED,25,1136618332,combined,5,769,1,2.4742510494324944e-12,0.0013003901170351106,0.0002295876800841234,0.007328830355107483,5.424068474433824e-13,6.59612272259129e-12
NONFIBROTIC ILD ADJUDICATED,25,1136618332,combined,6,769,2,2.6748864375007163e-11,0.002600780234070221,0.0007135177289523901,0.009432753192718508,6.6889882611643145e-12,7.411722782318323e-11
NONFIBROTIC ILD ADJUDICATED,25,1136618332,combined,7,770,1,3.6874472121066764e-10,0.0012987012987012987,0.00022928946639889794,0.007319361170123334,7.430457300197208e-11,1.0900853906490583e-09
NONFIBROTIC ILD ADJUDICATED,25,1136618332,combined,8,769,1,1.0023968555470954e-08,0.0013003901170351106,0.0002295876800841234,0.007328830355107483,1.0930334396822449e-09,3.8963805408500814e-08
NONFIBROTIC ILD ADJUDICATED,25,1136618332,combined,9,770,5,0.03242712916900529,0.006493506493506494,0.0027767335367897463,0.01510995198893538,3.94508672376479e-08,1.0
NONFIBROTIC ILD ADJUDICATED,26,869581815,zebra,0,770,0,0.23182251470375828,0.0,0.0,0.004964141914221508,0.11893743948205666,0.2611638888339737
NONFIBROTIC ILD ADJUDICATED,26,869581815,zebra,1,769,0,0.2871668633804557,0.0,0.0,0.004970565148712315,0.26122351629499085,0.3136785307331101
NONFIBROTIC ILD ADJUDICATED,26,869581815,zebra,2,770,0,0.34427006311313485,0.0,0.0,0.004964141914221508,0.31368937483522585,0.3766087127018751
NONFIBROTIC ILD ADJUDICATED,26,869581815,zebra,3,769,0,0.41105118467620466,0.0,0.0,0.004970565148712315,0.37661447713663365,0.446243930370284
NONFIBROTIC ILD ADJUDICATED,26,869581815,zebra,4,770,0,0.4931046566479111,0.0,0.0,0.004964141914221508,0.44631748077308125,0.5427023175767623
NONFIBROTIC ILD ADJUDICATED,26,869581815,zebra,5,769,0,0.605124794142878,0.0,0.0,0.004970565148712315,0.5427457610054819,0.668822262529491
NONFIBROTIC ILD ADJUDICATED,26,869581815,zebra,6,769,3,0.734097606818516,0.0039011703511053317,0.001327618000260774,0.011406505807889416,0.6689393003158046,0.7937301011637126
NONFIBROTIC ILD ADJUDICATED,26,869581815,zebra,7,770,3,0.8483237724795719,0.003896103896103896,0.0013258926936253902,0.011391775387498288,0.7940705398672191,0.9010687245335479
NONFIBROTIC ILD ADJUDICATED,26,869581815,zebra,8,769,2,0.951097551098602,0.002600780234070221,0.0007135177289523901,0.009432753192718508,0.9011530019691986,0.9861341321332594
NONFIBROTIC ILD ADJUDICATED,26,869581815,zebra,9,770,8,0.9967010092918995,0.01038961038961039,0.005273784940225151,0.020366426752402144,0.9861373515718582,1.0
NONFIBROTIC ILD ADJUDICATED,26,869581815,genomic,0,770,0,4.578513940628846e-26,0.0,0.0,0.004964141914221508,1.4807955067408099e-33,2.798145749243706e-25
NONFIBROTIC ILD ADJUDICATED,26,869581815,genomic,1,769,2,6.750064170715237e-24,0.002600780234070221,0.0007135177289523901,0.009432753192718508,2.806620187078946e-25,3.263345521365374e-23
NONFIBROTIC ILD ADJUDICATED,26,869581815,genomic,2,770,1,6.543495114077266e-22,0.0012987012987012987,0.00022928946639889794,0.007319361170123334,3.2806481459487505e-23,2.9746730836084414e-21
NONFIBROTIC ILD ADJUDICATED,26,869581815,genomic,3,769,1,4.5245024062466237e-20,0.0013003901170351106,0.0002295876800841234,0.007328830355107483,3.0159399771133276e-21,1.7908377562044242e-19
NONFIBROTIC ILD ADJUDICATED,26,869581815,genomic,4,770,1,1.5680814799804208e-18,0.0012987012987012987,0.00022928946639889794,0.007319361170123334,1.791882155780681e-19,5.2190082874647284e-18
NONFIBROTIC ILD ADJUDICATED,26,869581815,genomic,5,769,0,3.918988407974809e-17,0.0,0.0,0.004970565148712315,5.2214995418856334e-18,1.2864297211968526e-16
NONFIBROTIC ILD ADJUDICATED,26,869581815,genomic,6,769,5,1.0611488981865136e-15,0.006501950585175552,0.002780348414515579,0.015129481166593194,1.2885676075050026e-16,4.023464767047148e-15
NONFIBROTIC ILD ADJUDICATED,26,869581815,genomic,7,770,1,1.140971994609902e-13,0.0012987012987012987,0.00022928946639889794,0.007319361170123334,4.0460537752271845e-15,6.611734089781761e-13
NONFIBROTIC ILD ADJUDICATED,26,869581815,genomic,8,769,3,1.9284243526040418e-10,0.0039011703511053317,0.001327618000260774,0.011406505807889416,6.638788469364839e-13,1.563468896134528e-09
NONFIBROTIC ILD ADJUDICATED,26,869581815,genomic,9,770,2,0.07882487855773326,0.0025974025974025974,0.0007125907061236786,0.009420568652699277,1.5689756818729763e-09,0.9999999999999671
NONFIBROTIC ILD ADJUDICATED,26,869581815,combined,0,770,2,0.0,0.0025974025974025974,0.0007125907061236786,0.009420568652699277,0.0,0.0
NONFIBROTIC ILD ADJUDICATED,26,869581815,combined,1,769,1,0.0,0.0013003901170351106,0.0002295876800841234,0.007328830355107483,0.0,0.0
NONFIBROTIC ILD ADJUDICATED,26,869581815,combined,2,770,2,0.0,0.0025974025974025974,0.0007125907061236786,0.009420568652699277,0.0,0.0
NONFIBROTIC ILD ADJUDICATED,26,869581815,combined,3,769,1,0.0,0.0013003901170351106,0.0002295876800841234,0.007328830355107483,0.0,0.0
NONFIBROTIC ILD ADJUDICATED,26,869581815,combined,4,770,3,0.0,0.003896103896103896,0.0013258926936253902,0.011391775387498288,0.0,0.0
NONFIBROTIC ILD ADJUDICATED,26,869581815,combined,5,769,2,0.0,0.002600780234070221,0.0007135177289523901,0.009432753192718508,0.0,0.0
NONFIBROTIC ILD ADJUDICATED,26,869581815,combined,6,769,1,0.0,0.0013003901170351106,0.0002295876800841234,0.007328830355107483,0.0,0.0
NONFIBROTIC ILD ADJUDICATED,26,869581815,combined,7,770,2,3.683486984976327e-208,0.0025974025974025974,0.0007125907061236786,0.009420568652699277,0.0,2.6588299753584982e-205
NONFIBROTIC ILD ADJUDICATED,26,869581815,combined,8,769,1,0.8053687891482464,0.0013003901170351106,0.0002295876800841234,0.007328830355107483,3.408916589923136e-205,1.0
NONFIBROTIC ILD ADJUDICATED,26,869581815,combined,9,770,1,1.0,0.0012987012987012987,0.00022928946639889794,0.007319361170123334,1.0,1.0
NONFIBROTIC ILD ADJUDICATED,27,10131763,zebra,0,770,0,0.2314506223242604,0.0,0.0,0.004964141914221508,0.11693488945217027,0.2601716094949649
NONFIBROTIC ILD ADJUDICATED,27,10131763,zebra,1,769,0,0.28549368700702105,0.0,0.0,0.004970565148712315,0.2601982884591711,0.3111076042769262
NONFIBROTIC ILD ADJUDICATED,27,10131763,zebra,2,770,0,0.3413718531667693,0.0,0.0,0.004964141914221508,0.3111314412269893,0.37386805041072013
NONFIBROTIC ILD ADJUDICATED,27,10131763,zebra,3,769,0,0.40847651010739344,0.0,0.0,0.004970565148712315,0.37402073602222846,0.44403126292527595
NONFIBROTIC ILD ADJUDICATED,27,10131763,zebra,4,770,0,0.4868899842768431,0.0,0.0,0.004964141914221508,0.4441442775243989,0.5328380983791039
NONFIBROTIC ILD ADJUDICATED,27,10131763,zebra,5,769,1,0.5938797859378323,0.0013003901170351106,0.0002295876800841234,0.007328830355107483,0.5328711122095012,0.6559504509224431
NONFIBROTIC ILD ADJUDICATED,27,10131763,zebra,6,769,3,0.7219200963648098,0.0039011703511053317,0.001327618000260774,0.011406505807889416,0.6560347476348368,0.7857145479346832
NONFIBROTIC ILD ADJUDICATED,27,10131763,zebra,7,770,1,0.842689713595357,0.0012987012987012987,0.00022928946639889794,0.007319361170123334,0.7857278165369505,0.8974597041978729
NONFIBROTIC ILD ADJUDICATED,27,10131763,zebra,8,769,1,0.9483154903882888,0.0013003901170351106,0.0002295876800841234,0.007328830355107483,0.8974697903393344,0.9853138761542591
NONFIBROTIC ILD ADJUDICATED,27,10131763,zebra,9,770,10,0.9963785984820991,0.012987012987012988,0.007069333631553706,0.02373989550567504,0.9853504544758104,1.0
NONFIBROTIC ILD ADJUDICATED,27,10131763,genomic,0,770,0,0.0020071306895498814,0.0,0.0,0.004964141914221508,0.0010298596599782933,0.002583176619206962
NONFIBROTIC ILD ADJUDICATED,27,10131763,genomic,1,769,1,0.0030644604750029963,0.0013003901170351106,0.0002295876800841234,0.007328830355107483,0.002585384624713203,0.003548331912960927
NONFIBROTIC ILD ADJUDICATED,27,10131763,genomic,2,770,2,0.004089346579402199,0.0025974025974025974,0.0007125907061236786,0.009420568652699277,0.003549080279375858,0.004660972874708978
NONFIBROTIC ILD ADJUDICATED,27,10131763,genomic,3,769,1,0.005383616683309976,0.0013003901170351106,0.0002295876800841234,0.007328830355107483,0.004661425125464621,0.006280050626474205
NONFIBROTIC ILD ADJUDICATED,27,10131763,genomic,4,770,4,0.007702798814637558,0.005194805194805195,0.0020219574690050306,0.013280219334419372,0.006282244053119855,0.009486644864081496
NONFIBROTIC ILD ADJUDICATED,27,10131763,genomic,5,769,1,0.015353682981599663,0.0013003901170351106,0.0002295876800841234,0.007328830355107483,0.009496630447446508,0.02611837157834595
NONFIBROTIC ILD ADJUDICATED,27,10131763,genomic,6,769,1,0.036268365161816855,0.0013003901170351106,0.0002295876800841234,0.007328830355107483,0.026173304171951746,0.04601415475097108
NONFIBROTIC ILD ADJUDICATED,27,10131763,genomic,7,770,0,0.055959679975117936,0.0,0.0,0.004964141914221508,0.04603251183836466,0.06623807188199676
NONFIBROTIC ILD ADJUDICATED,27,10131763,genomic,8,769,2,0.08145184006357171,0.002600780234070221,0.0007135177289523901,0.009432753192718508,0.06629026784155845,0.09985950085408267
NONFIBROTIC ILD ADJUDICATED,27,10131763,genomic,9,770,4,0.14864978467319093,0.005194805194805195,0.0020219574690050306,0.013280219334419372,0.09992492071877719,0.3911503057339832
NONFIBROTIC ILD ADJUDICATED,27,10131763,combined,0,770,3,1.6379825360914572e-25,0.003896103896103896,0.0013258926936253902,0.011391775387498288,4.939490948158658e-60,1.7947164502960057e-24
NONFIBROTIC ILD ADJUDICATED,27,10131763,combined,1,769,2,1.5077462157904777e-21,0.002600780234070221,0.0007135177289523901,0.009432753192718508,1.8068593694772963e-24,1.18612422185696e-20
NONFIBROTIC ILD ADJUDICATED,27,10131763,combined,2,770,3,2.0755136799916816e-18,0.003896103896103896,0.0013258926936253902,0.011391775387498288,1.196975616009565e-20,1.6282577274736588e-17
NONFIBROTIC ILD ADJUDICATED,27,10131763,combined,3,769,0,1.330613077630386e-15,0.0,0.0,0.004970565148712315,1.6295812609801827e-17,7.392077289028621e-15
NONFIBROTIC ILD ADJUDICATED,27,10131763,combined,4,770,0,1.1755314186693943e-13,0.0,0.0,0.004964141914221508,7.401475111036216e-15,4.455481158420572e-13
NONFIBROTIC ILD ADJUDICATED,27,10131763,combined,5,769,0,3.4603416515508998e-12,0.0,0.0,0.004970565148712315,4.4962966358903844e-13,1.1311794259730466e-11
NONFIBROTIC ILD ADJUDICATED,27,10131763,combined,6,769,0,6.654622876598176e-11,0.0,0.0,0.004970565148712315,1.1319909209702448e-11,2.1513845871398552e-10
NONFIBROTIC ILD ADJUDICATED,27,10131763,combined,7,770,2,1.7980487847515322e-09,0.0025974025974025974,0.0007125907061236786,0.009420568652699277,2.1561663853158156e-10,6.286288691226429e-09
NONFIBROTIC ILD ADJUDICATED,27,10131763,combined,8,769,3,8.549921116800126e-08,0.0039011703511053317,0.001327618000260774,0.011406505807889416,6.336607824880151e-09,3.964537887111987e-07
NONFIBROTIC ILD ADJUDICATED,27,10131763,combined,9,770,3,0.05337615508449748,0.003896103896103896,0.0013258926936253902,0.011391775387498288,4.0071542073700375e-07,0.9999999999874569
NONFIBROTIC ILD ADJUDICATED,28,1832723386,zebra,0,770,0,0.23175322574192336,0.0,0.0,0.004964141914221508,0.11052533634471677,0.26061351545512534
NONFIBROTIC ILD ADJUDICATED,28,1832723386,zebra,1,769,0,0.2860872199878602,0.0,0.0,0.004970565148712315,0.2606382248749676,0.31237812141757126
NONFIBROTIC ILD ADJUDICATED,28,1832723386,zebra,2,770,0,0.34305617489962126,0.0,0.0,0.004964141914221508,0.31247807889891516,0.3750647308513072
NONFIBROTIC ILD ADJUDICATED,28,1832723386,zebra,3,769,0,0.40934001988485536,0.0,0.0,0.004970565148712315,0.37511969672903656,0.4456059135121472
NONFIBROTIC ILD ADJUDICATED,28,1832723386,zebra,4,770,1,0.48949354246496324,0.0012987012987012987,0.00022928946639889794,0.007319361170123334,0.44568206926096765,0.5382614218396673
NONFIBROTIC ILD ADJUDICATED,28,1832723386,zebra,5,769,0,0.5989821030412927,0.0,0.0,0.004970565148712315,0.538279637174782,0.6610983369942656
NONFIBROTIC ILD ADJUDICATED,28,1832723386,zebra,6,769,2,0.7277751123935736,0.002600780234070221,0.0007135177289523901,0.009432753192718508,0.6614092468583902,0.7879530148699121
NONFIBROTIC ILD ADJUDICATED,28,1832723386,zebra,7,770,4,0.8439362665281314,0.005194805194805195,0.0020219574690050306,0.013280219334419372,0.7880581022030267,0.8965404278537848
NONFIBROTIC ILD ADJUDICATED,28,1832723386,zebra,8,769,1,0.947695172048131,0.0013003901170351106,0.0002295876800841234,0.007328830355107483,0.8966511977992546,0.985485854363619
NONFIBROTIC ILD ADJUDICATED,28,1832723386,zebra,9,770,8,0.9964620786113569,0.01038961038961039,0.005273784940225151,0.020366426752402144,0.9855166302275155,1.0
NONFIBROTIC ILD ADJUDICATED,28,1832723386,genomic,0,770,1,4.407220900517803e-125,0.0012987012987012987,0.00022928946639889794,0.007319361170123334,1.8407930772376183e-204,1.916838999284305e-123
NONFIBROTIC ILD ADJUDICATED,28,1832723386,genomic,1,769,3,2.0887636049247546e-110,0.0039011703511053317,0.001327618000260774,0.011406505807889416,2.116485927093256e-123,5.332214949121965e-109
NONFIBROTIC ILD ADJUDICATED,28,1832723386,genomic,2,770,2,3.2967444602736436e-99,0.0025974025974025974,0.0007125907061236786,0.009420568652699277,5.885363823264339e-109,8.955417950982964e-98
NONFIBROTIC ILD ADJUDICATED,28,1832723386,genomic,3,769,3,1.0325006471637605e-85,0.0039011703511053317,0.001327618000260774,0.011406505807889416,9.038083852183759e-98,3.43320714650346e-84
NONFIBROTIC ILD ADJUDICATED,28,1832723386,genomic,4,770,2,3.152523636850903e-73,0.0025974025974025974,0.0007125907061236786,0.009420568652699277,3.4870747127790275e-84,7.121697249634523e-72
NONFIBROTIC ILD ADJUDICATED,28,1832723386,genomic,5,769,1,6.345859670021493e-65,0.0013003901170351106,0.0002295876800841234,0.007328830355107483,7.190104372231619e-72,1.1642224065453301e-63
NONFIBROTIC ILD ADJUDICATED,28,1832723386,genomic,6,769,0,5.568118737499201e-57,0.0,0.0,0.004970565148712315,1.2371457952296083e-63,9.893574227657502e-56
NONFIBROTIC ILD ADJUDICATED,28,1832723386,genomic,7,770,4,1.0623834839660955e-48,0.005194805194805195,0.0020219574690050306,0.013280219334419372,9.94685302303039e-56,1.8890436661813896e-47
NONFIBROTIC ILD ADJUDICATED,28,1832723386,genomic,8,769,0,4.658737794160013e-38,0.0,0.0,0.004970565148712315,1.9272954939202776e-47,1.2287201020682916e-36
NONFIBROTIC ILD ADJUDICATED,28,1832723386,genomic,9,770,0,0.06225140459865094,0.0,0.0,0.004964141914221508,1.2990678781673883e-36,1.0
NONFIBROTIC ILD ADJUDICATED,28,1832723386,combined,0,770,0,0.0019408277553279204,0.0,0.0,0.004964141914221508,0.0014834951257030992,0.0021753580905700923
NONFIBROTIC ILD ADJUDICATED,28,1832723386,combined,1,769,2,0.002345660813836051,0.002600780234070221,0.0007135177289523901,0.009432753192718508,0.0021753965664004725,0.0025200949073315893
NONFIBROTIC ILD ADJUDICATED,28,1832723386,combined,2,770,2,0.0027165649805595436,0.0025974025974025974,0.0007125907061236786,0.009420568652699277,0.002520254473972554,0.0029106006115007287
NONFIBROTIC ILD ADJUDICATED,28,1832723386,combined,3,769,1,0.0031208010358390907,0.0013003901170351106,0.0002295876800841234,0.007328830355107483,0.002912443574764251,0.003345289661227801
NONFIBROTIC ILD ADJUDICATED,28,1832723386,combined,4,770,1,0.003606274978780998,0.0012987012987012987,0.00022928946639889794,0.007319361170123334,0.003345371376649905,0.0039127671048757775
NONFIBROTIC ILD ADJUDICATED,28,1832723386,combined,5,769,1,0.004259486974139839,0.0013003901170351106,0.0002295876800841234,0.007328830355107483,0.003913392895054464,0.004654782589954637
NONFIBROTIC ILD ADJUDICATED,28,1832723386,combined,6,769,2,0.005172736335043563,0.002600780234070221,0.0007135177289523901,0.009432753192718508,0.0046552677392635205,0.005777516872030742
NONFIBROTIC ILD ADJUDICATED,28,1832723386,combined,7,770,2,0.006662508833747883,0.0025974025974025974,0.0007125907061236786,0.009420568652699277,0.005780722549356818,0.007827663212923061
NONFIBROTIC ILD ADJUDICATED,28,1832723386,combined,8,769,1,0.019843985629330724,0.0013003901170351106,0.0002295876800841234,0.007328830355107483,0.007832578115490126,0.04717557094614019
NONFIBROTIC ILD ADJUDICATED,28,1832723386,combined,9,770,4,0.08286363524302992,0.005194805194805195,0.0020219574690050306,0.013280219334419372,0.0472348827733997,0.5904725756163485
NONFIBROTIC ILD ADJUDICATED,29,1551706286,zebra,0,770,0,0.2321067517709077,0.0,0.0,0.004964141914221508,0.11693488945217027,0.2606494295469696
NONFIBROTIC ILD ADJUDICATED,29,1551706286,zebra,1,769,0,0.28576369650183125,0.0,0.0,0.004970565148712315,0.2606748348571001,0.3108417085475383
NONFIBROTIC ILD ADJUDICATED,29,1551706286,zebra,2,770,0,0.3400541923504638,0.0,0.0,0.004964141914221508,0.310911634115635,0.3724696988576875
NONFIBROTIC ILD ADJUDICATED,29,1551706286,zebra,3,769,0,0.4068246571172746,0.0,0.0,0.004970565148712315,0.3725143504395623,0.4407319330224084
NONFIBROTIC ILD ADJUDICATED,29,1551706286,zebra,4,770,1,0.48510855551495297,0.0012987012987012987,0.00022928946639889794,0.007319361170123334,0.44081039400701916,0.5355125830530242
NONFIBROTIC ILD ADJUDICATED,29,1551706286,zebra,5,769,2,0.5955116561270829,0.002600780234070221,0.0007135177289523901,0.009432753192718508,0.5355687874626754,0.6603168845574932
NONFIBROTIC ILD ADJUDICATED,29,1551706286,zebra,6,769,3,0.7268075462699917,0.0039011703511053317,0.001327618000260774,0.011406505807889416,0.6603575865841811,0.7886569174016548
NONFIBROTIC ILD ADJUDICATED,29,1551706286,zebra,7,770,2,0.8429242812729035,0.0025974025974025974,0.0007125907061236786,0.009420568652699277,0.7892107605086406,0.8943728655812041
NONFIBROTIC ILD ADJUDICATED,29,1551706286,zebra,8,769,1,0.9471473828819991,0.0013003901170351106,0.0002295876800841234,0.007328830355107483,0.8948481633144986,0.984942449866396
NONFIBROTIC ILD ADJUDICATED,29,1551706286,zebra,9,770,7,0.9962919966495966,0.00909090909090909,0.004410478976495486,0.01864522399383109,0.9849777659955009,1.0
NONFIBROTIC ILD ADJUDICATED,29,1551706286,genomic,0,770,1,3.9739054281880006e-07,0.0012987012987012987,0.00022928946639889794,0.007319361170123334,1.0950011984307188e-07,5.549679939850672e-07
NONFIBROTIC ILD ADJUDICATED,29,1551706286,genomic,1,769,1,6.936586665472476e-07,0.0013003901170351106,0.0002295876800841234,0.007328830355107483,5.550239973447219e-07,8.375054081407569e-07
NONFIBROTIC ILD ADJUDICATED,29,1551706286,genomic,2,770,3,1.0139674747149016e-06,0.003896103896103896,0.0013258926936253902,0.011391775387498288,8.379050640313696e-07,1.2066588053685123e-06
NONFIBROTIC ILD ADJUDICATED,29,1551706286,genomic,3,769,0,1.450373429530825e-06,0.0,0.0,0.004970565148712315,1.2070239551390515e-06,1.724300147056495e-06
NONFIBROTIC ILD ADJUDICATED,29,1551706286,genomic,4,770,2,2.1207035594589667e-06,0.0025974025974025974,0.0007125907061236786,0.009420568652699277,1.7259488137659494e-06,2.596367096965795e-06
NONFIBROTIC ILD ADJUDICATED,29,1551706286,genomic,5,769,1,3.2743280516729003e-06,0.0013003901170351106,0.0002295876800841234,0.007328830355107483,2.5970430833064103e-06,4.11991903281065e-06
NONFIBROTIC ILD ADJUDICATED,29,1551706286,genomic,6,769,1,5.845324210072552e-06,0.0013003901170351106,0.0002295876800841234,0.007328830355107483,4.121665108572627e-06,8.703226648717441e-06
NONFIBROTIC ILD ADJUDICATED,29,1551706286,genomic,7,770,2,2.311074903746493e-05,0.0025974025974025974,0.0007125907061236786,0.009420568652699277,8.711695070645673e-06,9.026701137543333e-05
NONFIBROTIC ILD ADJUDICATED,29,1551706286,genomic,8,769,2,0.0024623377192017773,0.002600780234070221,0.0007135177289523901,0.009432753192718508,9.288744695875751e-05,0.004902507834164678
NONFIBROTIC ILD ADJUDICATED,29,1551706286,genomic,9,770,3,0.02849361965123578,0.003896103896103896,0.0013258926936253902,0.011391775387498288,0.004931931640357055,0.6251256966471228
NONFIBROTIC ILD ADJUDICATED,29,1551706286,combined,0,770,0,0.0011446789229454415,0.0,0.0,0.004964141914221508,0.0006089563678386152,0.0014573927133205232
NONFIBROTIC ILD ADJUDICATED,29,1551706286,combined,1,769,0,0.0017180467332754573,0.0,0.0,0.004970565148712315,0.0014584595757056867,0.0019785584964881584
NONFIBROTIC ILD ADJUDICATED,29,1551706286,combined,2,770,1,0.002242336150854159,0.0012987012987012987,0.00022928946639889794,0.007319361170123334,0.0019785807883212297,0.0025155514090406997
NONFIBROTIC ILD ADJUDICATED,29,1551706286,combined,3,769,2,0.002833846678801133,0.002600780234070221,0.0007135177289523901,0.009432753192718508,0.002515680535740797,0.0031729884994603007
NONFIBROTIC ILD ADJUDICATED,29,1551706286,combined,4,770,0,0.003573720484546716,0.0,0.0,0.004964141914221508,0.0031737273331122625,0.004004862202016032
NONFIBROTIC ILD ADJUDICATED,29,1551706286,combined,5,769,1,0.0045465609580657654,0.0013003901170351106,0.0002295876800841234,0.007328830355107483,0.00400504951007134,0.005117550454857045
NONFIBROTIC ILD ADJUDICATED,29,1551706286,combined,6,769,1,0.005973716740123871,0.0013003901170351106,0.0002295876800841234,0.007328830355107483,0.005118796800227552,0.006916414798109476
NONFIBROTIC ILD ADJUDICATED,29,1551706286,combined,7,770,3,0.008675933014553045,0.003896103896103896,0.0013258926936253902,0.011391775387498288,0.006921020488714319,0.010961440091758189
NONFIBROTIC ILD ADJUDICATED,29,1551706286,combined,8,769,3,0.01634052983641947,0.0039011703511053317,0.001327618000260774,0.011406505807889416,0.010969732883098363,0.026283221299969916
NONFIBROTIC ILD ADJUDICATED,29,1551706286,combined,9,770,5,0.12466948598580674,0.006493506493506494,0.0027767335367897463,0.01510995198893538,0.026284698800644952,0.7061755777225184
NONFIBROTIC ILD ADJUDICATED,30,1386362428,zebra,0,770,0,0.231625818119816,0.0,0.0,0.004964141914221508,0.11693488945217027,0.2601982884591711
NONFIBROTIC ILD ADJUDICATED,30,1386362428,zebra,1,769,0,0.28556183656260953,0.0,0.0,0.004970565148712315,0.2603664779857897,0.3111076042769262
NONFIBROTIC ILD ADJUDICATED,30,1386362428,zebra,2,770,0,0.34037183492340894,0.0,0.0,0.004964141914221508,0.3111314412269893,0.373178151308945
NONFIBROTIC ILD ADJUDICATED,30,1386362428,zebra,3,769,0,0.4087073490442562,0.0,0.0,0.004970565148712315,0.3731954189126807,0.4457161392409732
NONFIBROTIC ILD ADJUDICATED,30,1386362428,zebra,4,770,1,0.49098090835555513,0.0012987012987012987,0.00022928946639889794,0.007319361170123334,0.44571740749231,0.54256875758474
NONFIBROTIC ILD ADJUDICATED,30,1386362428,zebra,5,769,2,0.6027912099642677,0.002600780234070221,0.0007135177289523901,0.009432753192718508,0.5427023175767623,0.6642357512021969
NONFIBROTIC ILD ADJUDICATED,30,1386362428,zebra,6,769,1,0.7314949472621458,0.0013003901170351106,0.0002295876800841234,0.007328830355107483,0.6642661211891435,0.7931774164190927
NONFIBROTIC ILD ADJUDICATED,30,1386362428,zebra,7,770,1,0.8482175097350865,0.0012987012987012987,0.00022928946639889794,0.007319361170123334,0.7931991490157023,0.9026265878413079
NONFIBROTIC ILD ADJUDICATED,30,1386362428,zebra,8,769,1,0.9537625634623323,0.0013003901170351106,0.0002295876800841234,0.007328830355107483,0.9029687037824873,0.9866226747653704
NONFIBROTIC ILD ADJUDICATED,30,1386362428,zebra,9,770,10,0.9967607187515639,0.012987012987012988,0.007069333631553706,0.02373989550567504,0.9866710311229844,1.0
NONFIBROTIC ILD ADJUDICATED,30,1386362428,genomic,0,770,3,0.0004274643530847772,0.003896103896103896,0.0013258926936253902,0.011391775387498288,0.00024728785298936025,0.0005363874166524177
NONFIBROTIC ILD ADJUDICATED,30,1386362428,genomic,1,769,1,0.0006381136630664384,0.0013003901170351106,0.0002295876800841234,0.007328830355107483,0.0005371608260848246,0.0007422343168038679
NONFIBROTIC ILD ADJUDICATED,30,1386362428,genomic,2,770,2,0.0008577899464209217,0.0025974025974025974,0.0007125907061236786,0.009420568652699277,0.0007423845195081495,0.0009895898842041469
NONFIBROTIC ILD ADJUDICATED,30,1386362428,genomic,3,769,1,0.0011269695302595978,0.0013003901170351106,0.0002295876800841234,0.007328830355107483,0.0009903899092300785,0.001283882304747365
NONFIBROTIC ILD ADJUDICATED,30,1386362428,genomic,4,770,5,0.0014863802051091177,0.006493506493506494,0.0027767335367897463,0.01510995198893538,0.0012847995780196873,0.0017084303113375802
NONFIBROTIC ILD ADJUDICATED,30,1386362428,genomic,5,769,1,0.0019946767837931106,0.0013003901170351106,0.0002295876800841234,0.007328830355107483,0.0017104950342174843,0.002329935420318738
NONFIBROTIC ILD ADJUDICATED,30,1386362428,genomic,6,769,0,0.0028567681986425273,0.0,0.0,0.004970565148712315,0.002330105972671952,0.0034964617601737106
NONFIBROTIC ILD ADJUDICATED,30,1386362428,genomic,7,770,2,0.004783623729399409,0.0025974025974025974,0.0007125907061236786,0.009420568652699277,0.0034975940331288965,0.00686389033263022
NONFIBROTIC ILD ADJUDICATED,30,1386362428,genomic,8,769,0,0.015907925452380678,0.0,0.0,0.004970565148712315,0.00687803194374028,0.0342529946646268
NONFIBROTIC ILD ADJUDICATED,30,1386362428,genomic,9,770,1,0.11453900040646887,0.0012987012987012987,0.00022928946639889794,0.007319361170123334,0.034285954541845944,0.5972339491591316
NONFIBROTIC ILD ADJUDICATED,30,1386362428,combined,0,770,2,0.00020578961037952224,0.0025974025974025974,0.0007125907061236786,0.009420568652699277,0.00012254418330035662,0.0002572751858184621
NONFIBROTIC ILD ADJUDICATED,30,1386362428,combined,1,769,0,0.0003223854499628359,0.0,0.0,0.004970565148712315,0.000257285477242072,0.0003750577457019327
NONFIBROTIC ILD ADJUDICATED,30,1386362428,combined,2,770,1,0.00042209063407234256,0.0012987012987012987,0.00022928946639889794,0.007319361170123334,0.0003750766352204289,0.0004701865942270065
NONFIBROTIC ILD ADJUDICATED,30,1386362428,combined,3,769,2,0.0005378735916431507,0.002600780234070221,0.0007135177289523901,0.009432753192718508,0.0004702522901741535,0.0006246208198707107
NONFIBROTIC ILD ADJUDICATED,30,1386362428,combined,4,770,1,0.0007404689826201028,0.0012987012987012987,0.00022928946639889794,0.007319361170123334,0.0006248272321350715,0.0008585337579305189
NONFIBROTIC ILD ADJUDICATED,30,1386362428,combined,5,769,1,0.0009958352867151178,0.0013003901170351106,0.0002295876800841234,0.007328830355107483,0.0008586174364476297,0.001139242498290997
NONFIBROTIC ILD ADJUDICATED,30,1386362428,combined,6,769,2,0.0013330479924913462,0.002600780234070221,0.0007135177289523901,0.009432753192718508,0.0011393523934951377,0.0015570897093646744
NONFIBROTIC ILD ADJUDICATED,30,1386362428,combined,7,770,1,0.00186879809461564,0.0012987012987012987,0.00022928946639889794,0.007319361170123334,0.001558733987838975,0.002280060551137285
NONFIBROTIC ILD ADJUDICATED,30,1386362428,combined,8,769,2,0.026003110589637543,0.002600780234070221,0.0007135177289523901,0.009432753192718508,0.0022813320992723356,0.21269654368379945
NONFIBROTIC ILD ADJUDICATED,30,1386362428,combined,9,770,4,0.3280158121009095,0.005194805194805195,0.0020219574690050306,0.013280219334419372,0.21280345727803496,0.8407502842163226
NON FIBROTIC ILA ADJUDICATED,1,2006639513,zebra,0,770,0,0.2338882205854993,0.0,0.0,0.004964141914221508,0.11052533634471677,0.26244562102792846
NON FIBROTIC ILA ADJUDICATED,1,2006639513,zebra,1,769,0,0.28752737431139325,0.0,0.0,0.004970565148712315,0.2626714844315883,0.313853032619612
NON FIBROTIC ILA ADJUDICATED,1,2006639513,zebra,2,770,0,0.3434482473732574,0.0,0.0,0.004964141914221508,0.3138726420157863,0.37476278437809357
NON FIBROTIC ILA ADJUDICATED,1,2006639513,zebra,3,769,0,0.4085207488763856,0.0,0.0,0.004970565148712315,0.37476455866468866,0.4433772912540586
NON FIBROTIC ILA ADJUDICATED,1,2006639513,zebra,4,770,4,0.48827081925126503,0.005194805194805195,0.0020219574690050306,0.013280219334419372,0.4434348652238469,0.5379181778535597
NON FIBROTIC ILA ADJUDICATED,1,2006639513,zebra,5,769,2,0.5976687045556867,0.002600780234070221,0.0007135177289523901,0.009432753192718508,0.5379526697031828,0.6609848703504118
NON FIBROTIC ILA ADJUDICATED,1,2006639513,zebra,6,769,6,0.7301088324696108,0.007802340702210663,0.003580646807040671,0.016917035660547395,0.6609927287901974,0.7896104572464939
NON FIBROTIC ILA ADJUDICATED,1,2006639513,zebra,7,770,2,0.8470016346319021,0.0025974025974025974,0.0007125907061236786,0.009420568652699277,0.7896947460373092,0.8998170492352966
NON FIBROTIC ILA ADJUDICATED,1,2006639513,zebra,8,769,8,0.9507658654116176,0.010403120936280884,0.005280654829476248,0.0203927334110704,0.8998307879232259,0.9859879776718901
NON FIBROTIC ILA ADJUDICATED,1,2006639513,zebra,9,770,22,0.9965845098767089,0.02857142857142857,0.018942666074440347,0.04288066773039707,0.9859988523659691,1.0
NON FIBROTIC ILA ADJUDICATED,1,2006639513,genomic,0,770,2,1.882836857264089e-32,0.0025974025974025974,0.0007125907061236786,0.009420568652699277,8.591092482914006e-50,2.924167321163741e-31
NON FIBROTIC ILA ADJUDICATED,1,2006639513,genomic,1,769,6,4.8028236328699985e-27,0.007802340702210663,0.003580646807040671,0.016917035660547395,2.9520238884949815e-31,4.379006696188203e-26
NON FIBROTIC ILA ADJUDICATED,1,2006639513,genomic,2,770,3,1.495150774929141e-23,0.003896103896103896,0.0013258926936253902,0.011391775387498288,4.3951851710700664e-26,1.0466040372607285e-22
NON FIBROTIC ILA ADJUDICATED,1,2006639513,genomic,3,769,6,1.1598063404038727e-20,0.007802340702210663,0.003580646807040671,0.016917035660547395,1.078103600340175e-22,7.493560217944115e-20
NON FIBROTIC ILA ADJUDICATED,1,2006639513,genomic,4,770,4,1.1919307598153112e-17,0.005194805194805195,0.0020219574690050306,0.013280219334419372,7.527591808169228e-20,8.372882830949827e-17
NON FIBROTIC ILA ADJUDICATED,1,2006639513,genomic,5,769,4,1.0080575173445316e-14,0.005201560468140442,0.0020245891497467933,0.013297387544882687,8.539505903921268e-17,6.845830542351875e-14
NON FIBROTIC ILA ADJUDICATED,1,2006639513,genomic,6,769,6,3.252898836527814e-12,0.007802340702210663,0.003580646807040671,0.016917035660547395,6.971367632673952e-14,1.6941678646197583e-11
NON FIBROTIC ILA ADJUDICATED,1,2006639513,genomic,7,770,5,5.766258077298007e-10,0.006493506493506494,0.0027767335367897463,0.01510995198893538,1.7026558106987368e-11,2.9358268544649787e-09
NON FIBROTIC ILA ADJUDICATED,1,2006639513,genomic,8,769,4,2.1976032965525644e-07,0.005201560468140442,0.0020245891497467933,0.013297387544882687,2.9406906593302428e-09,1.5717691409206545e-06
NON FIBROTIC ILA ADJUDICATED,1,2006639513,genomic,9,770,4,0.18624506926371898,0.005194805194805195,0.0020219574690050306,0.013280219334419372,1.601951536047158e-06,1.0
NON FIBROTIC ILA ADJUDICATED,1,2006639513,combined,0,770,0,0.00395758510570215,0.0,0.0,0.004964141914221508,0.002763220869264654,0.004488232443439629
NON FIBROTIC ILA ADJUDICATED,1,2006639513,combined,1,769,0,0.0048925095021804515,0.0,0.0,0.004970565148712315,0.004488258436555598,0.005282650235459436
NON FIBROTIC ILA ADJUDICATED,1,2006639513,combined,2,770,0,0.005692489236676929,0.0,0.0,0.004964141914221508,0.0052829743601590365,0.006126522233279874
NON FIBROTIC ILA ADJUDICATED,1,2006639513,combined,3,769,3,0.006697161935381442,0.0039011703511053317,0.001327618000260774,0.011406505807889416,0.006126634048775574,0.007389957041962851
NON FIBROTIC ILA ADJUDICATED,1,2006639513,combined,4,770,3,0.008310034145090475,0.003896103896103896,0.0013258926936253902,0.011391775387498288,0.007390461212546183,0.009434993032945496
NON FIBROTIC ILA ADJUDICATED,1,2006639513,combined,5,769,4,0.010960474792001441,0.005201560468140442,0.0020245891497467933,0.013297387544882687,0.009436562016073933,0.012724070948796587
NON FIBROTIC ILA ADJUDICATED,1,2006639513,combined,6,769,8,0.014927822306929383,0.010403120936280884,0.005280654829476248,0.0203927334110704,0.012726802136389891,0.017560121607660302
NON FIBROTIC ILA ADJUDICATED,1,2006639513,combined,7,770,8,0.021157164252195094,0.01038961038961039,0.005273784940225151,0.020366426752402144,0.017576785110712922,0.0254785210042072
NON FIBROTIC ILA ADJUDICATED,1,2006639513,combined,8,769,11,0.03351809226231291,0.014304291287386216,0.008005744470847457,0.025431202429137063,0.02548177009997438,0.04569643790192571
NON FIBROTIC ILA ADJUDICATED,1,2006639513,combined,9,770,7,0.11343124872056419,0.00909090909090909,0.004410478976495486,0.01864522399383109,0.04571924158557866,0.600492907563981
NON FIBROTIC ILA ADJUDICATED,2,1103116732,zebra,0,770,0,0.23118667187455286,0.0,0.0,0.004964141914221508,0.11052533634471677,0.259829183187628
NON FIBROTIC ILA ADJUDICATED,2,1103116732,zebra,1,769,1,0.2855111065792283,0.0013003901170351106,0.0002295876800841234,0.007328830355107483,0.25993639862440343,0.3117260491343149
NON FIBROTIC ILA ADJUDICATED,2,1103116732,zebra,2,770,0,0.34303698862703486,0.0,0.0,0.004964141914221508,0.31173266061856664,0.3757102332387537
NON FIBROTIC ILA ADJUDICATED,2,1103116732,zebra,3,769,0,0.41086336631836895,0.0,0.0,0.004970565148712315,0.37583020297963254,0.4489316582898533
NON FIBROTIC ILA ADJUDICATED,2,1103116732,zebra,4,770,3,0.49083819522777195,0.003896103896103896,0.0013258926936253902,0.011391775387498288,0.4489378471090248,0.541323502105738
NON FIBROTIC ILA ADJUDICATED,2,1103116732,zebra,5,769,3,0.602832976791201,0.0039011703511053317,0.001327618000260774,0.011406505807889416,0.5413674023351235,0.6662717204623677
NON FIBROTIC ILA ADJUDICATED,2,1103116732,zebra,6,769,5,0.7350520637408894,0.006501950585175552,0.002780348414515579,0.015129481166593194,0.6664357679714032,0.7973095972616728
NON FIBROTIC ILA ADJUDICATED,2,1103116732,zebra,7,770,2,0.8496670924104767,0.0025974025974025974,0.0007125907061236786,0.009420568652699277,0.797723185961675,0.9005135956656438
NON FIBROTIC ILA ADJUDICATED,2,1103116732,zebra,8,769,9,0.9513968715830249,0.011703511053315995,0.006169270449727107,0.022091970677298834,0.9005151325308381,0.985485854363619
NON FIBROTIC ILA ADJUDICATED,2,1103116732,zebra,9,770,21,0.9964543174969849,0.02727272727272727,0.017906160074157684,0.04133266500837901,0.9855111624726878,1.0
NON FIBROTIC ILA ADJUDICATED,2,1103116732,genomic,0,770,10,0.0015789111625546812,0.012987012987012988,0.007069333631553706,0.02373989550567504,0.0010044410356751937,0.0019034280350270357
NON FIBROTIC ILA ADJUDICATED,2,1103116732,genomic,1,769,4,0.002196006450328733,0.005201560468140442,0.0020245891497467933,0.013297387544882687,0.0019057769424835232,0.002487928807478908
NON FIBROTIC ILA ADJUDICATED,2,1103116732,genomic,2,770,4,0.0027848288830165575,0.005194805194805195,0.0020219574690050306,0.013280219334419372,0.0024880480664085216,0.0030887772589397165
NON FIBROTIC ILA ADJUDICATED,2,1103116732,genomic,3,769,2,0.00346603559158919,0.002600780234070221,0.0007135177289523901,0.009432753192718508,0.003089670341061261,0.003859907867334994
NON FIBROTIC ILA ADJUDICATED,2,1103116732,genomic,4,770,10,0.004330212213898637,0.012987012987012988,0.007069333631553706,0.02373989550567504,0.003861850641295168,0.004835193573471071
NON FIBROTIC ILA ADJUDICATED,2,1103116732,genomic,5,769,5,0.005461428882727358,0.006501950585175552,0.002780348414515579,0.015129481166593194,0.004835949829342846,0.0062578899431295475
NON FIBROTIC ILA ADJUDICATED,2,1103116732,genomic,6,769,2,0.007228470770943315,0.002600780234070221,0.0007135177289523901,0.009432753192718508,0.006258497750012358,0.00842183430268106
NON FIBROTIC ILA ADJUDICATED,2,1103116732,genomic,7,770,4,0.010311404681967878,0.005194805194805195,0.0020219574690050306,0.013280219334419372,0.00842607082665481,0.01277837493119212
NON FIBROTIC ILA ADJUDICATED,2,1103116732,genomic,8,769,1,0.021509488285009166,0.0013003901170351106,0.0002295876800841234,0.007328830355107483,0.012786750648824008,0.06942729475178604
NON FIBROTIC ILA ADJUDICATED,2,1103116732,genomic,9,770,2,0.2879289342016779,0.0025974025974025974,0.0007125907061236786,0.009420568652699277,0.06959899407826178,0.8117866428386067
NON FIBROTIC ILA ADJUDICATED,2,1103116732,combined,0,770,1,0.002303158550672996,0.0012987012987012987,0.00022928946639889794,0.007319361170123334,0.0008206682964746431,0.0031641854153937163
NON FIBROTIC ILA ADJUDICATED,2,1103116732,combined,1,769,0,0.004057783287873141,0.0,0.0,0.004970565148712315,0.003166391964244451,0.005039540824090158
NON FIBROTIC ILA ADJUDICATED,2,1103116732,combined,2,770,1,0.00634166691625903,0.0012987012987012987,0.00022928946639889794,0.007319361170123334,0.005042315425751188,0.007791239148941746
NON FIBROTIC ILA ADJUDICATED,2,1103116732,combined,3,769,3,0.009962496822196529,0.0039011703511053317,0.001327618000260774,0.011406505807889416,0.007797257976573014,0.012606042487017948
NON FIBROTIC ILA ADJUDICATED,2,1103116732,combined,4,770,2,0.01591708867718474,0.0025974025974025974,0.0007125907061236786,0.009420568652699277,0.012608211312538769,0.019580105451951
NON FIBROTIC ILA ADJUDICATED,2,1103116732,combined,5,769,6,0.025280417543324177,0.007802340702210663,0.003580646807040671,0.016917035660547395,0.019586986788416683,0.03240787324029733
NON FIBROTIC ILA ADJUDICATED,2,1103116732,combined,6,769,2,0.04275641806390765,0.002600780234070221,0.0007135177289523901,0.009432753192718508,0.03241310628543366,0.054675786658922164
NON FIBROTIC ILA ADJUDICATED,2,1103116732,combined,7,770,6,0.07398122081426482,0.007792207792207792,0.0035759904186376326,0.016895203829388215,0.05471797961019787,0.0985068912691661
NON FIBROTIC ILA ADJUDICATED,2,1103116732,combined,8,769,4,0.14277631292129378,0.005201560468140442,0.0020245891497467933,0.013297387544882687,0.09860532405411383,0.20124634596346141
NON FIBROTIC ILA ADJUDICATED,2,1103116732,combined,9,770,19,0.3669311363437382,0.024675324675324677,0.015852913748522608,0.03821689388941264,0.20125359241268323,0.7701318757384433
NON FIBROTIC ILA ADJUDICATED,3,1578659597,zebra,0,770,0,0.23325904327171285,0.0,0.0,0.004964141914221508,0.11052533634471677,0.2630383751821159
NON FIBROTIC ILA ADJUDICATED,3,1578659597,zebra,1,769,0,0.28831909807769757,0.0,0.0,0.004970565148712315,0.26307984104389254,0.31382641006507933
NON FIBROTIC ILA ADJUDICATED,3,1578659597,zebra,2,770,0,0.3424315871063186,0.0,0.0,0.004964141914221508,0.313853032619612,0.37367027091795946
NON FIBROTIC ILA ADJUDICATED,3,1578659597,zebra,3,769,0,0.40857787670606355,0.0,0.0,0.004970565148712315,0.373671192654601,0.44388188616123175
NON FIBROTIC ILA ADJUDICATED,3,1578659597,zebra,4,770,4,0.4908973959828366,0.005194805194805195,0.0020219574690050306,0.013280219334419372,0.44403126292527595,0.5425677717168197
NON FIBROTIC ILA ADJUDICATED,3,1578659597,zebra,5,769,2,0.6030627391639379,0.002600780234070221,0.0007135177289523901,0.009432753192718508,0.54256875758474,0.6664357679714032
NON FIBROTIC ILA ADJUDICATED,3,1578659597,zebra,6,769,5,0.733117891986149,0.006501950585175552,0.002780348414515579,0.015129481166593194,0.6665171378685978,0.789896992430299
NON FIBROTIC ILA ADJUDICATED,3,1578659597,zebra,7,770,1,0.8461375658443522,0.0012987012987012987,0.00022928946639889794,0.007319361170123334,0.7900095297159757,0.9010687245335479
NON FIBROTIC ILA ADJUDICATED,3,1578659597,zebra,8,769,12,0.9515160988669118,0.015604681404421327,0.008948690331271528,0.027076109455192295,0.9011530019691986,0.9861695889495969
NON FIBROTIC ILA ADJUDICATED,3,1578659597,zebra,9,770,20,0.9968839495919867,0.025974025974025976,0.016876091691355087,0.03977822466888089,0.9861733406921771,1.0
NON FIBROTIC ILA ADJUDICATED,3,1578659597,genomic,0,770,3,1.963477637638024e-05,0.003896103896103896,0.0013258926936253902,0.011391775387498288,2.050491094725738e-06,3.339465918383832e-05
NON FIBROTIC ILA ADJUDICATED,3,1578659597,genomic,1,769,7,5.0010815057146596e-05,0.009102730819245773,0.004416223152723785,0.01866931220134357,3.3456543700141054e-05,6.798534329538915e-05
NON FIBROTIC ILA ADJUDICATED,3,1578659597,genomic,2,770,3,8.950810876636176e-05,0.003896103896103896,0.0013258926936253902,0.011391775387498288,6.799209781253705e-05,0.00011342107541460059
NON FIBROTIC ILA ADJUDICATED,3,1578659597,genomic,3,769,5,0.0001478119616237946,0.006501950585175552,0.002780348414515579,0.015129481166593194,0.00011347388188799879,0.0001912242451395753
NON FIBROTIC ILA ADJUDICATED,3,1578659597,genomic,4,770,8,0.0002486860742383395,0.01038961038961039,0.005273784940225151,0.020366426752402144,0.0001913609691331947,0.0003181087590428165
NON FIBROTIC ILA ADJUDICATED,3,1578659597,genomic,5,769,4,0.00042144044779945196,0.005201560468140442,0.0020245891497467933,0.013297387544882687,0.000318130524404326,0.0005506221055847537
NON FIBROTIC ILA ADJUDICATED,3,1578659597,genomic,6,769,4,0.0007625121382764029,0.005201560468140442,0.0020245891497467933,0.013297387544882687,0.000550959194735043,0.0010327545764763847
NON FIBROTIC ILA ADJUDICATED,3,1578659597,genomic,7,770,2,0.0015660189308108032,0.0025974025974025974,0.0007125907061236786,0.009420568652699277,0.001032771395301982,0.0023427297640099373
NON FIBROTIC ILA ADJUDICATED,3,1578659597,genomic,8,769,4,0.004577459125887683,0.005201560468140442,0.0020245891497467933,0.013297387544882687,0.0023438167028190697,0.0090969457301999
NON FIBROTIC ILA ADJUDICATED,3,1578659597,genomic,9,770,4,0.09040406633166397,0.005194805194805195,0.0020219574690050306,0.013280219334419372,0.009106883659133806,0.9649554086381105
NON FIBROTIC ILA ADJUDICATED,3,1578659597,combined,0,770,0,0.006093082902704962,0.0,0.0,0.004964141914221508,0.0008256319910052722,0.009142081218966322
NON FIBROTIC ILA ADJUDICATED,3,1578659597,combined,1,769,1,0.012183709737373769,0.0013003901170351106,0.0002295876800841234,0.007328830355107483,0.00915159739740621,0.015410453946943613
NON FIBROTIC ILA ADJUDICATED,3,1578659597,combined,2,770,2,0.01912884886202487,0.0025974025974025974,0.0007125907061236786,0.009420568652699277,0.01542397802412164,0.02328289350993572
NON FIBROTIC ILA ADJUDICATED,3,1578659597,combined,3,769,3,0.028443636948955783,0.0039011703511053317,0.001327618000260774,0.011406505807889416,0.023289063287097723,0.03418471836265211
NON FIBROTIC ILA ADJUDICATED,3,1578659597,combined,4,770,2,0.04205109240667377,0.0025974025974025974,0.0007125907061236786,0.009420568652699277,0.03419585291297366,0.05128503150196126
NON FIBROTIC ILA ADJUDICATED,3,1578659597,combined,5,769,5,0.06398910112121255,0.006501950585175552,0.002780348414515579,0.015129481166593194,0.05134125733578124,0.07825440604883396
NON FIBROTIC ILA ADJUDICATED,3,1578659597,combined,6,769,2,0.09737018451999628,0.002600780234070221,0.0007135177289523901,0.009432753192718508,0.07834735933254594,0.11890582013163058
NON FIBROTIC ILA ADJUDICATED,3,1578659597,combined,7,770,11,0.15075373600956868,0.014285714285714285,0.007995323688185082,0.025398414171344384,0.11890842237288925,0.19023952348993697
NON FIBROTIC ILA ADJUDICATED,3,1578659597,combined,8,769,5,0.24815312990789495,0.006501950585175552,0.002780348414515579,0.015129481166593194,0.19051567458815594,0.32285743471564915
NON FIBROTIC ILA ADJUDICATED,3,1578659597,combined,9,770,13,0.47611067823697856,0.016883116883116882,0.009892721428977881,0.028670033875153024,0.32306504627088306,0.9008004323257585
NON FIBROTIC ILA ADJUDICATED,4,470871586,zebra,0,770,0,0.23245212334433657,0.0,0.0,0.004964141914221508,0.11052533634471677,0.2621058455556229
NON FIBROTIC ILA ADJUDICATED,4,470871586,zebra,1,769,0,0.2867141303794871,0.0,0.0,0.004970565148712315,0.2621427438396359,0.31156992200982825
NON FIBROTIC ILA ADJUDICATED,4,470871586,zebra,2,770,0,0.34180858442851686,0.0,0.0,0.004964141914221508,0.3116116309673158,0.3744961545744017
NON FIBROTIC ILA ADJUDICATED,4,470871586,zebra,3,769,0,0.4097190106009964,0.0,0.0,0.004970565148712315,0.37474196822514005,0.4457896957840406
NON FIBROTIC ILA ADJUDICATED,4,470871586,zebra,4,770,4,0.4895810334738665,0.005194805194805195,0.0020219574690050306,0.013280219334419372,0.44599905826457803,0.5408992193248753
NON FIBROTIC ILA ADJUDICATED,4,470871586,zebra,5,769,2,0.6020562839638611,0.002600780234070221,0.0007135177289523901,0.009432753192718508,0.5409954466236838,0.6671378515740566
NON FIBROTIC ILA ADJUDICATED,4,470871586,zebra,6,769,7,0.7328480678915431,0.009102730819245773,0.004416223152723785,0.01866931220134357,0.6672250535994736,0.7941226953828616
NON FIBROTIC ILA ADJUDICATED,4,470871586,zebra,7,770,1,0.8496158172195628,0.0012987012987012987,0.00022928946639889794,0.007319361170123334,0.7942411356369743,0.9011530019691986
NON FIBROTIC ILA ADJUDICATED,4,470871586,zebra,8,769,8,0.9506501171013871,0.010403120936280884,0.005280654829476248,0.0203927334110704,0.901189661903329,0.9857866911449585
NON FIBROTIC ILA ADJUDICATED,4,470871586,zebra,9,770,22,0.9967679319628399,0.02857142857142857,0.018942666074440347,0.04288066773039707,0.9858607951392028,1.0
NON FIBROTIC ILA ADJUDICATED,4,470871586,genomic,0,770,11,0.007546735296793647,0.014285714285714285,0.007995323688185082,0.025398414171344384,0.004586744977122652,0.009075793223052162
NON FIBROTIC ILA ADJUDICATED,4,470871586,genomic,1,769,6,0.010194350744092782,0.007802340702210663,0.003580646807040671,0.016917035660547395,0.009078023572970445,0.011303795320697176
NON FIBROTIC ILA ADJUDICATED,4,470871586,genomic,2,770,5,0.012389578925867319,0.006493506493506494,0.0027767335367897463,0.01510995198893538,0.01130413548097801,0.013494594243275764
NON FIBROTIC ILA ADJUDICATED,4,470871586,genomic,3,769,4,0.014589052645574106,0.005201560468140442,0.0020245891497467933,0.013297387544882687,0.01349467577726324,0.0157503063869345
NON FIBROTIC ILA ADJUDICATED,4,470871586,genomic,4,770,0,0.01725896070468633,0.0,0.0,0.004964141914221508,0.015751049095529962,0.018892188439514044
NON FIBROTIC ILA ADJUDICATED,4,470871586,genomic,5,769,4,0.02102291940403445,0.005201560468140442,0.0020245891497467933,0.013297387544882687,0.018893952745776866,0.023516898242573164
NON FIBROTIC ILA ADJUDICATED,4,470871586,genomic,6,769,7,0.026743997502573627,0.009102730819245773,0.004416223152723785,0.01866931220134357,0.023518710402472543,0.030403646481578697
NON FIBROTIC ILA ADJUDICATED,4,470871586,genomic,7,770,2,0.03543042886351808,0.0025974025974025974,0.0007125907061236786,0.009420568652699277,0.03040517912713218,0.04136058927991012
NON FIBROTIC ILA ADJUDICATED,4,470871586,genomic,8,769,3,0.0519385601628691,0.0039011703511053317,0.001327618000260774,0.011406505807889416,0.04137341258270049,0.0649427045621963
NON FIBROTIC ILA ADJUDICATED,4,470871586,genomic,9,770,2,0.10785577593451647,0.0025974025974025974,0.0007125907061236786,0.009420568652699277,0.06499874406781829,0.4628849525981985
NON FIBROTIC ILA ADJUDICATED,4,470871586,combined,0,770,0,0.008820575105181276,0.0,0.0,0.004964141914221508,0.003731213252674312,0.011554133873951915
NON FIBROTIC ILA ADJUDICATED,4,470871586,combined,1,769,1,0.013850124921449823,0.0013003901170351106,0.0002295876800841234,0.007328830355107483,0.011560788809220174,0.016063630328165775
NON FIBROTIC ILA ADJUDICATED,4,470871586,combined,2,770,3,0.018462183007056678,0.003896103896103896,0.0013258926936253902,0.011391775387498288,0.016072849456775888,0.020883027890501515
NON FIBROTIC ILA ADJUDICATED,4,470871586,combined,3,769,4,0.023867801995544866,0.005201560468140442,0.0020245891497467933,0.013297387544882687,0.020883265965731812,0.027044083227251898
NON FIBROTIC ILA ADJUDICATED,4,470871586,combined,4,770,1,0.03066856931923496,0.0012987012987012987,0.00022928946639889794,0.007319361170123334,0.027044091562539358,0.03485703354691977
NON FIBROTIC ILA ADJUDICATED,4,470871586,combined,5,769,3,0.0398352489568249,0.0039011703511053317,0.001327618000260774,0.011406505807889416,0.034875534754945876,0.04541709129658196
NON FIBROTIC ILA ADJUDICATED,4,470871586,combined,6,769,3,0.0536463869352285,0.0039011703511053317,0.001327618000260774,0.011406505807889416,0.045427331123756506,0.06402961476977995
NON FIBROTIC ILA ADJUDICATED,4,470871586,combined,7,770,7,0.07983855023196834,0.00909090909090909,0.004410478976495486,0.01864522399383109,0.0640456697026435,0.10047389802701352
NON FIBROTIC ILA ADJUDICATED,4,470871586,combined,8,769,14,0.1402967111945309,0.018205461638491547,0.010875078260352153,0.030325427299070243,0.10049236593837989,0.19753557261780166
NON FIBROTIC ILA ADJUDICATED,4,470871586,combined,9,770,8,0.3127149111127703,0.01038961038961039,0.005273784940225151,0.020366426752402144,0.19772562038233554,0.7221276271502542
NON FIBROTIC ILA ADJUDICATED,5,1691038968,zebra,0,770,0,0.2320257620150063,0.0,0.0,0.004964141914221508,0.11052533634471677,0.26043795680852266
NON FIBROTIC ILA ADJUDICATED,5,1691038968,zebra,1,769,0,0.28662481015188196,0.0,0.0,0.004970565148712315,0.2605507168074891,0.3132357458358274
NON FIBROTIC ILA ADJUDICATED,5,1691038968,zebra,2,770,0,0.34414569108609816,0.0,0.0,0.004964141914221508,0.3132952944842823,0.37656862785595624
NON FIBROTIC ILA ADJUDICATED,5,1691038968,zebra,3,769,0,0.41163145384392796,0.0,0.0,0.004970565148712315,0.3766087127018751,0.447734556292315
NON FIBROTIC ILA ADJUDICATED,5,1691038968,zebra,4,770,4,0.49348724734580396,0.005194805194805195,0.0020219574690050306,0.013280219334419372,0.44776950291295897,0.5425099846580176
NON FIBROTIC ILA ADJUDICATED,5,1691038968,zebra,5,769,1,0.6022115313214634,0.0013003901170351106,0.0002295876800841234,0.007328830355107483,0.5425677717168197,0.6651417341531
NON FIBROTIC ILA ADJUDICATED,5,1691038968,zebra,6,769,4,0.7314083287344297,0.005201560468140442,0.0020245891497467933,0.013297387544882687,0.6652446793833273,0.7912322679108842
NON FIBROTIC ILA ADJUDICATED,5,1691038968,zebra,7,770,3,0.8445838312712703,0.003896103896103896,0.0013258926936253902,0.011391775387498288,0.7913408419573393,0.8979147797799232
NON FIBROTIC ILA ADJUDICATED,5,1691038968,zebra,8,769,8,0.9482582098694587,0.010403120936280884,0.005280654829476248,0.0203927334110704,0.8979567958833038,0.984722294496873
NON FIBROTIC ILA ADJUDICATED,5,1691038968,zebra,9,770,24,0.9962505212352641,0.03116883116883117,0.021033415527337528,0.04595893572210135,0.9848326645699333,1.0
NON FIBROTIC ILA ADJUDICATED,5,1691038968,genomic,0,770,2,2.784481155754419e-09,0.0025974025974025974,0.0007125907061236786,0.009420568652699277,8.904268988811823e-17,1.2274165737167959e-08
NON FIBROTIC ILA ADJUDICATED,5,1691038968,genomic,1,769,4,4.258325115804279e-08,0.005201560468140442,0.0020245891497467933,0.013297387544882687,1.2297266770142858e-08,8.589598900746416e-08
NON FIBROTIC ILA ADJUDICATED,5,1691038968,genomic,2,770,7,1.7099833309763746e-07,0.00909090909090909,0.004410478976495486,0.01864522399383109,8.630296311826303e-08,2.8985860271835963e-07
NON FIBROTIC ILA ADJUDICATED,5,1691038968,genomic,3,769,2,4.806397078604101e-07,0.002600780234070221,0.0007135177289523901,0.009432753192718508,2.900886927421244e-07,7.157346176525041e-07
NON FIBROTIC ILA ADJUDICATED,5,1691038968,genomic,4,770,4,1.0567317432221679e-06,0.005194805194805195,0.0020219574690050306,0.013280219334419372,7.161723439393492e-07,1.4821022582840094e-06
NON FIBROTIC ILA ADJUDICATED,5,1691038968,genomic,5,769,4,2.1102199609288357e-06,0.005201560468140442,0.0020245891497467933,0.013297387544882687,1.4824941637343156e-06,2.9421203626196954e-06
NON FIBROTIC ILA ADJUDICATED,5,1691038968,genomic,6,769,4,4.372766898951392e-06,0.005201560468140442,0.0020245891497467933,0.013297387544882687,2.944961869150128e-06,6.332106477349724e-06
NON FIBROTIC ILA ADJUDICATED,5,1691038968,genomic,7,770,7,1.079186264943581e-05,0.00909090909090909,0.004410478976495486,0.01864522399383109,6.337682124637146e-06,1.8104785027064507e-05
NON FIBROTIC ILA ADJUDICATED,5,1691038968,genomic,8,769,6,0.0007288360100791043,0.007802340702210663,0.003580646807040671,0.016917035660547395,1.8106579903745557e-05,0.004663918570305207
NON FIBROTIC ILA ADJUDICATED,5,1691038968,genomic,9,770,4,0.24794593420799296,0.005194805194805195,0.0020219574690050306,0.013280219334419372,0.004698318951763032,0.9999999995797795
NON FIBROTIC ILA ADJUDICATED,5,1691038968,combined,0,770,2,5.346335273533732e-05,0.0025974025974025974,0.0007125907061236786,0.009420568652699277,1.737928107387805e-05,7.421572299016644e-05
NON FIBROTIC ILA ADJUDICATED,5,1691038968,combined,1,769,0,9.381862882617917e-05,0.0,0.0,0.004970565148712315,7.42986283382861e-05,0.00011482594904306779
NON FIBROTIC ILA ADJUDICATED,5,1691038968,combined,2,770,6,0.00013888529234094824,0.007792207792207792,0.0035759904186376326,0.016895203829388215,0.00011494321988598003,0.00016504082634820488
NON FIBROTIC ILA ADJUDICATED,5,1691038968,combined,3,769,1,0.00020058438844818314,0.0013003901170351106,0.0002295876800841234,0.007328830355107483,0.00016506770721507665,0.00024166005323871299
NON FIBROTIC ILA ADJUDICATED,5,1691038968,combined,4,770,2,0.0002951239227609465,0.0025974025974025974,0.0007125907061236786,0.009420568652699277,0.00024174682706387663,0.0003619717734997268
NON FIBROTIC ILA ADJUDICATED,5,1691038968,combined,5,769,3,0.00045442588821013435,0.0039011703511053317,0.001327618000260774,0.011406505807889416,0.0003620924379309535,0.0005787249807338128
NON FIBROTIC ILA ADJUDICATED,5,1691038968,combined,6,769,5,0.0007792600360883768,0.006501950585175552,0.002780348414515579,0.015129481166593194,0.0005788285548041924,0.0010553632763997032
NON FIBROTIC ILA ADJUDICATED,5,1691038968,combined,7,770,4,0.001683282256809073,0.005194805194805195,0.0020219574690050306,0.013280219334419372,0.0010558705695230832,0.002751680447614579
NON FIBROTIC ILA ADJUDICATED,5,1691038968,combined,8,769,5,0.0071603453076574996,0.006501950585175552,0.002780348414515579,0.015129481166593194,0.0027561452358552153,0.015543480065613182
NON FIBROTIC ILA ADJUDICATED,5,1691038968,combined,9,770,16,0.11406275481337598,0.02077922077922078,0.012830175613871217,0.033486105857161864,0.015575542050093552,0.9503013494855747
NON FIBROTIC ILA ADJUDICATED,6,962773899,zebra,0,770,0,0.23219087583510928,0.0,0.0,0.004964141914221508,0.11693488945217027,0.25976196388872147
NON FIBROTIC ILA ADJUDICATED,6,962773899,zebra,1,769,1,0.2845548934171581,0.0013003901170351106,0.0002295876800841234,0.007328830355107483,0.25992851876593787,0.3099549946571794
NON FIBROTIC ILA ADJUDICATED,6,962773899,zebra,2,770,0,0.3398027099729579,0.0,0.0,0.004964141914221508,0.3100324003875697,0.37293122622020425
NON FIBROTIC ILA ADJUDICATED,6,962773899,zebra,3,769,0,0.4073639503984645,0.0,0.0,0.004970565148712315,0.3729807235971536,0.4441442775243989
NON FIBROTIC ILA ADJUDICATED,6,962773899,zebra,4,770,3,0.4883757911202326,0.003896103896103896,0.0013258926936253902,0.011391775387498288,0.44415242844132996,0.5390876296067859
NON FIBROTIC ILA ADJUDICATED,6,962773899,zebra,5,769,1,0.6004388811597751,0.0013003901170351106,0.0002295876800841234,0.007328830355107483,0.5391695469784215,0.6645632245328221
NON FIBROTIC ILA ADJUDICATED,6,962773899,zebra,6,769,4,0.7322899693970791,0.005201560468140442,0.0020245891497467933,0.013297387544882687,0.6647868754304452,0.7921354450694238
NON FIBROTIC ILA ADJUDICATED,6,962773899,zebra,7,770,3,0.8461367756045725,0.003896103896103896,0.0013258926936253902,0.011391775387498288,0.792178099230255,0.8996673482561942
NON FIBROTIC ILA ADJUDICATED,6,962773899,zebra,8,769,10,0.9512771590531697,0.013003901170351105,0.007078545900378475,0.023770548113126753,0.8996813766473817,0.9856534127598661
NON FIBROTIC ILA ADJUDICATED,6,962773899,zebra,9,770,22,0.9964192016507913,0.02857142857142857,0.018942666074440347,0.04288066773039707,0.9856611905222097,1.0
NON FIBROTIC ILA ADJUDICATED,6,962773899,genomic,0,770,7,5.97276099739606e-207,0.00909090909090909,0.004410478976495486,0.01864522399383109,0.0,9.140488836759532e-205
NON FIBROTIC ILA ADJUDICATED,6,962773899,genomic,1,769,6,0.5760728203755895,0.007802340702210663,0.003580646807040671,0.016917035660547395,9.140488836759532e-205,1.0
NON FIBROTIC ILA ADJUDICATED,6,962773899,genomic,2,770,2,1.0,0.0025974025974025974,0.0007125907061236786,0.009420568652699277,1.0,1.0
NON FIBROTIC ILA ADJUDICATED,6,962773899,genomic,3,769,4,1.0,0.005201560468140442,0.0020245891497467933,0.013297387544882687,1.0,1.0
NON FIBROTIC ILA ADJUDICATED,6,962773899,genomic,4,770,3,1.0,0.003896103896103896,0.0013258926936253902,0.011391775387498288,1.0,1.0
NON FIBROTIC ILA ADJUDICATED,6,962773899,genomic,5,769,7,1.0,0.009102730819245773,0.004416223152723785,0.01866931220134357,1.0,1.0
NON FIBROTIC ILA ADJUDICATED,6,962773899,genomic,6,769,3,1.0,0.0039011703511053317,0.001327618000260774,0.011406505807889416,1.0,1.0
NON FIBROTIC ILA ADJUDICATED,6,962773899,genomic,7,770,5,1.0,0.006493506493506494,0.0027767335367897463,0.01510995198893538,1.0,1.0
NON FIBROTIC ILA ADJUDICATED,6,962773899,genomic,8,769,2,1.0,0.002600780234070221,0.0007135177289523901,0.009432753192718508,1.0,1.0
NON FIBROTIC ILA ADJUDICATED,6,962773899,genomic,9,770,5,1.0,0.006493506493506494,0.0027767335367897463,0.01510995198893538,1.0,1.0
NON FIBROTIC ILA ADJUDICATED,6,962773899,combined,0,770,0,0.004010381747791421,0.0,0.0,0.004964141914221508,0.001924109630256903,0.004903721805221669
NON FIBROTIC ILA ADJUDICATED,6,962773899,combined,1,769,3,0.005583206927212618,0.0039011703511053317,0.001327618000260774,0.011406505807889416,0.004904084935147302,0.006221445517171574
NON FIBROTIC ILA ADJUDICATED,6,962773899,combined,2,770,1,0.0068830723800782714,0.0012987012987012987,0.00022928946639889794,0.007319361170123334,0.006221772908941579,0.007571585743206055
NON FIBROTIC ILA ADJUDICATED,6,962773899,combined,3,769,0,0.008463725284665345,0.0,0.0,0.004970565148712315,0.007574907878298773,0.009437238188344148
NON FIBROTIC ILA ADJUDICATED,6,962773899,combined,4,770,1,0.010799392752665931,0.0012987012987012987,0.00022928946639889794,0.007319361170123334,0.009439982117774737,0.012454697720271373
NON FIBROTIC ILA ADJUDICATED,6,962773899,combined,5,769,7,0.014985603771103223,0.009102730819245773,0.004416223152723785,0.01866931220134357,0.012456679900842212,0.018272785896118166
NON FIBROTIC ILA ADJUDICATED,6,962773899,combined,6,769,9,0.024545648079539677,0.011703511053315995,0.006169270449727107,0.022091970677298834,0.018291786294118966,0.033613785437134266
NON FIBROTIC ILA ADJUDICATED,6,962773899,combined,7,770,11,0.0758815311880766,0.014285714285714285,0.007995323688185082,0.025398414171344384,0.03361660186219579,0.15184756652997983
NON FIBROTIC ILA ADJUDICATED,6,962773899,combined,8,769,8,0.20840446688716538,0.010403120936280884,0.005280654829476248,0.0203927334110704,0.1521151458562094,0.2639036744031498
NON FIBROTIC ILA ADJUDICATED,6,962773899,combined,9,770,4,0.35584707906349033,0.005194805194805195,0.0020219574690050306,0.013280219334419372,0.2642298813857066,0.6801427802885847
NON FIBROTIC ILA ADJUDICATED,7,1384216140,zebra,0,770,0,0.23138369955239377,0.0,0.0,0.004964141914221508,0.11052533634471677,0.2600432461571028
NON FIBROTIC ILA ADJUDICATED,7,1384216140,zebra,1,769,1,0.2839371884442221,0.0013003901170351106,0.0002295876800841234,0.007328830355107483,0.26012988831572514,0.3090001966485323
NON FIBROTIC ILA ADJUDICATED,7,1384216140,zebra,2,770,0,0.34060902418077044,0.0,0.0,0.004964141914221508,0.3090344580953339,0.3729807235971536
NON FIBROTIC ILA ADJUDICATED,7,1384216140,zebra,3,769,0,0.40712623752646143,0.0,0.0,0.004970565148712315,0.373178151308945,0.4425430337068171
NON FIBROTIC ILA ADJUDICATED,7,1384216140,zebra,4,770,2,0.48643316294644867,0.0025974025974025974,0.0007125907061236786,0.009420568652699277,0.44269436698414544,0.5377903758457281
NON FIBROTIC ILA ADJUDICATED,7,1384216140,zebra,5,769,0,0.5973594983970787,0.0,0.0,0.004970565148712315,0.537808941957548,0.6584620993806448
NON FIBROTIC ILA ADJUDICATED,7,1384216140,zebra,6,769,4,0.727850585802033,0.005201560468140442,0.0020245891497467933,0.013297387544882687,0.658515984644882,0.788069369389952
NON FIBROTIC ILA ADJUDICATED,7,1384216140,zebra,7,770,5,0.8440451057632294,0.006493506493506494,0.0027767335367897463,0.01510995198893538,0.788082102395069,0.8986589376850554
NON FIBROTIC ILA ADJUDICATED,7,1384216140,zebra,8,769,10,0.9490130573137326,0.013003901170351105,0.007078545900378475,0.023770548113126753,0.898678320073587,0.985721892962206
NON FIBROTIC ILA ADJUDICATED,7,1384216140,zebra,9,770,22,0.9966402973680278,0.02857142857142857,0.018942666074440347,0.04288066773039707,0.9857866911449585,1.0
NON FIBROTIC ILA ADJUDICATED,7,1384216140,genomic,0,770,6,2.4443370626333415e-52,0.007792207792207792,0.0035759904186376326,0.016895203829388215,5.177762515229411e-83,8.076869121159377e-51
NON FIBROTIC ILA ADJUDICATED,7,1384216140,genomic,1,769,4,2.2326239860925987e-30,0.005201560468140442,0.0020245891497467933,0.013297387544882687,8.576575283614094e-51,4.189640982269912e-29
NON FIBROTIC ILA ADJUDICATED,7,1384216140,genomic,2,770,4,7.75263605751339e-23,0.005194805194805195,0.0020219574690050306,0.013280219334419372,4.4206515482164685e-29,9.040446686731019e-22
NON FIBROTIC ILA ADJUDICATED,7,1384216140,genomic,3,769,4,3.4992144843686037e-19,0.005201560468140442,0.0020245891497467933,0.013297387544882687,9.171370671642998e-22,2.221128505403109e-18
NON FIBROTIC ILA ADJUDICATED,7,1384216140,genomic,4,770,4,1.530105859551624e-16,0.005194805194805195,0.0020219574690050306,0.013280219334419372,2.226274555227723e-18,7.867431051738561e-16
NON FIBROTIC ILA ADJUDICATED,7,1384216140,genomic,5,769,4,1.8760675158283172e-14,0.005201560468140442,0.0020245891497467933,0.013297387544882687,7.885662339213832e-16,8.399184599750115e-14
NON FIBROTIC ILA ADJUDICATED,7,1384216140,genomic,6,769,5,1.729274571078665e-12,0.006501950585175552,0.002780348414515579,0.015129481166593194,8.411175445881162e-14,7.882959047388064e-12
NON FIBROTIC ILA ADJUDICATED,7,1384216140,genomic,7,770,3,1.8890220814437975e-10,0.003896103896103896,0.0013258926936253902,0.011391775387498288,7.898022599024504e-12,9.42645377482947e-10
NON FIBROTIC ILA ADJUDICATED,7,1384216140,genomic,8,769,5,6.392899487973483e-08,0.006501950585175552,0.002780348414515579,0.015129481166593194,9.446209975732255e-10,4.339535091601606e-07
NON FIBROTIC ILA ADJUDICATED,7,1384216140,genomic,9,770,5,0.10746620199994888,0.006493506493506494,0.0027767335367897463,0.01510995198893538,4.363163851622299e-07,1.0
NON FIBROTIC ILA ADJUDICATED,7,1384216140,combined,0,770,0,0.005516408378701483,0.0,0.0,0.004964141914221508,0.0017811961968709799,0.007587916674725191
NON FIBROTIC ILA ADJUDICATED,7,1384216140,combined,1,769,1,0.009379131949460261,0.0013003901170351106,0.0002295876800841234,0.007328830355107483,0.007589260332132441,0.011320673249026652
NON FIBROTIC ILA ADJUDICATED,7,1384216140,combined,2,770,1,0.01340376860523528,0.0012987012987012987,0.00022928946639889794,0.007319361170123334,0.011323736019218327,0.015847993630950453
NON FIBROTIC ILA ADJUDICATED,7,1384216140,combined,3,769,2,0.019901138429897918,0.002600780234070221,0.0007135177289523901,0.009432753192718508,0.015866329179997248,0.025324677362715653
NON FIBROTIC ILA ADJUDICATED,7,1384216140,combined,4,770,6,0.04070493430623536,0.007792207792207792,0.0035759904186376326,0.016895203829388215,0.025464966033138126,0.06338849411268577
NON FIBROTIC ILA ADJUDICATED,7,1384216140,combined,5,769,5,0.08853590818400485,0.006501950585175552,0.002780348414515579,0.015129481166593194,0.0634125916078541,0.11405247052060663
NON FIBROTIC ILA ADJUDICATED,7,1384216140,combined,6,769,9,0.13876269936736718,0.011703511053315995,0.006169270449727107,0.022091970677298834,0.11437555012172959,0.1650112732518836
NON FIBROTIC ILA ADJUDICATED,7,1384216140,combined,7,770,3,0.19711837596333207,0.003896103896103896,0.0013258926936253902,0.011391775387498288,0.16509511647214634,0.23429980899953118
NON FIBROTIC ILA ADJUDICATED,7,1384216140,combined,8,769,5,0.2803373624639226,0.006501950585175552,0.002780348414515579,0.015129481166593194,0.23442098458455693,0.33719746695182434
NON FIBROTIC ILA ADJUDICATED,7,1384216140,combined,9,770,12,0.4607972378386482,0.015584415584415584,0.008937040176158829,0.027041206405671363,0.33729101245234605,0.7828081860724684
NON FIBROTIC ILA ADJUDICATED,8,522943024,zebra,0,770,0,0.23260228250637066,0.0,0.0,0.004964141914221508,0.11893743948205666,0.2621506127270509
NON FIBROTIC ILA ADJUDICATED,8,522943024,zebra,1,769,0,0.28661064905893235,0.0,0.0,0.004970565148712315,0.26219562135835695,0.311462290319724
NON FIBROTIC ILA ADJUDICATED,8,522943024,zebra,2,770,0,0.341992421594049,0.0,0.0,0.004964141914221508,0.31149522918890044,0.3741246351067505
NON FIBROTIC ILA ADJUDICATED,8,522943024,zebra,3,769,0,0.40968705200829936,0.0,0.0,0.004970565148712315,0.37419969814270454,0.4456059135121472
NON FIBROTIC ILA ADJUDICATED,8,522943024,zebra,4,770,4,0.4882666172807103,0.005194805194805195,0.0020219574690050306,0.013280219334419372,0.44568206926096765,0.5366889949743068
NON FIBROTIC ILA ADJUDICATED,8,522943024,zebra,5,769,2,0.5963112410285542,0.002600780234070221,0.0007135177289523901,0.009432753192718508,0.5367284113677637,0.6591844146637666
NON FIBROTIC ILA ADJUDICATED,8,522943024,zebra,6,769,5,0.7249074239250908,0.006501950585175552,0.002780348414515579,0.015129481166593194,0.6593820271538514,0.7855913511341108
NON FIBROTIC ILA ADJUDICATED,8,522943024,zebra,7,770,3,0.8411911815241382,0.003896103896103896,0.0013258926936253902,0.011391775387498288,0.7856602784214956,0.8966511977992546
NON FIBROTIC ILA ADJUDICATED,8,522943024,zebra,8,769,8,0.9474824503943294,0.010403120936280884,0.005280654829476248,0.0203927334110704,0.896990203719222,0.985389945076186
NON FIBROTIC ILA ADJUDICATED,8,522943024,zebra,9,770,22,0.9963770718112637,0.02857142857142857,0.018942666074440347,0.04288066773039707,0.9854116329818159,1.0
NON FIBROTIC ILA ADJUDICATED,8,522943024,genomic,0,770,11,8.699814388174793e-07,0.014285714285714285,0.007995323688185082,0.025398414171344384,2.1006730660566326e-07,1.36936908060643e-06
NON FIBROTIC ILA ADJUDICATED,8,522943024,genomic,1,769,2,2.038718367609204e-06,0.002600780234070221,0.0007135177289523901,0.009432753192718508,1.369693181915011e-06,2.868755723957619e-06
NON FIBROTIC ILA ADJUDICATED,8,522943024,genomic,2,770,4,4.429344895946812e-06,0.005194805194805195,0.0020219574690050306,0.013280219334419372,2.8703526558580287e-06,6.688246653262879e-06
NON FIBROTIC ILA ADJUDICATED,8,522943024,genomic,3,769,4,1.3433527061091335e-05,0.005201560468140442,0.0020245891497467933,0.013297387544882687,6.693500946490416e-06,2.917998612188388e-05
NON FIBROTIC ILA ADJUDICATED,8,522943024,genomic,4,770,1,0.0012900778644415248,0.0012987012987012987,0.00022928946639889794,0.007319361170123334,2.9221959465530013e-05,0.002480987637538683
NON FIBROTIC ILA ADJUDICATED,8,522943024,genomic,5,769,6,0.0035385101403492616,0.007802340702210663,0.003580646807040671,0.016917035660547395,0.002482373144698051,0.0046839227397944974
NON FIBROTIC ILA ADJUDICATED,8,522943024,genomic,6,769,3,0.006362772710510315,0.0039011703511053317,0.001327618000260774,0.011406505807889416,0.00468762032825927,0.008270619822135198
NON FIBROTIC ILA ADJUDICATED,8,522943024,genomic,7,770,5,0.011328478657992065,0.006493506493506494,0.0027767335367897463,0.01510995198893538,0.008270624281543687,0.015114324706379417
NON FIBROTIC ILA ADJUDICATED,8,522943024,genomic,8,769,6,0.022079777530748846,0.007802340702210663,0.003580646807040671,0.016917035660547395,0.01511880643691013,0.03192704207016978
NON FIBROTIC ILA ADJUDICATED,8,522943024,genomic,9,770,2,0.08865705492916036,0.0025974025974025974,0.0007125907061236786,0.009420568652699277,0.03196616675852737,0.6543500414838096
NON FIBROTIC ILA ADJUDICATED,8,522943024,combined,0,770,3,0.005041911751161729,0.003896103896103896,0.0013258926936253902,0.011391775387498288,0.0037300765158241127,0.0057279101411649835
NON FIBROTIC ILA ADJUDICATED,8,522943024,combined,1,769,0,0.006282219237191425,0.0,0.0,0.004970565148712315,0.005728422683383432,0.006869573837184844
NON FIBROTIC ILA ADJUDICATED,8,522943024,combined,2,770,0,0.007537040882234816,0.0,0.0,0.004964141914221508,0.006870446033877366,0.008229801051484076
NON FIBROTIC ILA ADJUDICATED,8,522943024,combined,3,769,1,0.009072012239960731,0.0013003901170351106,0.0002295876800841234,0.007328830355107483,0.008233298972306775,0.009991920043070838
NON FIBROTIC ILA ADJUDICATED,8,522943024,combined,4,770,2,0.011219157031232463,0.0025974025974025974,0.0007125907061236786,0.009420568652699277,0.010003043687706279,0.012562627981545565
NON FIBROTIC ILA ADJUDICATED,8,522943024,combined,5,769,0,0.01444392818853812,0.0,0.0,0.004970565148712315,0.012571152515289355,0.016743335782955022
NON FIBROTIC ILA ADJUDICATED,8,522943024,combined,6,769,8,0.019541126502920125,0.010403120936280884,0.005280654829476248,0.0203927334110704,0.016745713959220646,0.023185376806224834
NON FIBROTIC ILA ADJUDICATED,8,522943024,combined,7,770,8,0.028851420450120163,0.01038961038961039,0.005273784940225151,0.020366426752402144,0.02319146249795575,0.0359757165452755
NON FIBROTIC ILA ADJUDICATED,8,522943024,combined,8,769,8,0.050707479738351005,0.010403120936280884,0.005280654829476248,0.0203927334110704,0.036016517064940454,0.07299874861556305
NON FIBROTIC ILA ADJUDICATED,8,522943024,combined,9,770,14,0.1362245462302456,0.01818181818181818,0.010860915582275707,0.030286348444155925,0.07307723871289677,0.4666498284659187
NON FIBROTIC ILA ADJUDICATED,9,507353574,zebra,0,770,0,0.23182839860435994,0.0,0.0,0.004964141914221508,0.11052533634471677,0.2602557535887989
NON FIBROTIC ILA ADJUDICATED,9,507353574,zebra,1,769,1,0.2866334385441794,0.0013003901170351106,0.0002295876800841234,0.007328830355107483,0.2603278428050794,0.31251658157875567
NON FIBROTIC ILA ADJUDICATED,9,507353574,zebra,2,770,0,0.34428159044571943,0.0,0.0,0.004964141914221508,0.3125969254244962,0.37735745392096814
NON FIBROTIC ILA ADJUDICATED,9,507353574,zebra,3,769,0,0.4133927855623368,0.0,0.0,0.004970565148712315,0.3775756027319134,0.4494992027701349
NON FIBROTIC ILA ADJUDICATED,9,507353574,zebra,4,770,4,0.4953022153940242,0.005194805194805195,0.0020219574690050306,0.013280219334419372,0.4495140671623082,0.5465724094304668
NON FIBROTIC ILA ADJUDICATED,9,507353574,zebra,5,769,0,0.6090032907886258,0.0,0.0,0.004970565148712315,0.5465908092906749,0.6720257218332231
NON FIBROTIC ILA ADJUDICATED,9,507353574,zebra,6,769,5,0.740536795690627,0.006501950585175552,0.002780348414515579,0.015129481166593194,0.6722180982865148,0.8003723467956497
NON FIBROTIC ILA ADJUDICATED,9,507353574,zebra,7,770,3,0.8530677222355584,0.003896103896103896,0.0013258926936253902,0.011391775387498288,0.8004555005644389,0.9059568639687346
NON FIBROTIC ILA ADJUDICATED,9,507353574,zebra,8,769,11,0.952144917744424,0.014304291287386216,0.008005744470847457,0.025431202429137063,0.9059997451708272,0.9859879776718901
NON FIBROTIC ILA ADJUDICATED,9,507353574,zebra,9,770,20,0.9966045273934524,0.025974025974025976,0.016876091691355087,0.03977822466888089,0.9859988523659691,1.0
NON FIBROTIC ILA ADJUDICATED,9,507353574,genomic,0,770,4,6.602165935459866e-08,0.005194805194805195,0.0020219574690050306,0.013280219334419372,5.406359341790148e-10,1.8627869800757392e-07
NON FIBROTIC ILA ADJUDICATED,9,507353574,genomic,1,769,3,3.811936208314802e-07,0.0039011703511053317,0.001327618000260774,0.011406505807889416,1.871318080674849e-07,6.049045646364772e-07
NON FIBROTIC ILA ADJUDICATED,9,507353574,genomic,2,770,3,8.968356489756738e-07,0.003896103896103896,0.0013258926936253902,0.011391775387498288,6.053140531436491e-07,1.2145566639788427e-06
NON FIBROTIC ILA ADJUDICATED,9,507353574,genomic,3,769,6,1.636397239182051e-06,0.007802340702210663,0.003580646807040671,0.016917035660547395,1.214745173956586e-06,2.156668017737554e-06
NON FIBROTIC ILA ADJUDICATED,9,507353574,genomic,4,770,6,3.05127451733619e-06,0.007792207792207792,0.0035759904186376326,0.016895203829388215,2.1587827464555287e-06,4.377439989068369e-06
NON FIBROTIC ILA ADJUDICATED,9,507353574,genomic,5,769,3,7.755747283779747e-06,0.0039011703511053317,0.001327618000260774,0.011406505807889416,4.380324954163823e-06,1.5020929278924954e-05
NON FIBROTIC ILA ADJUDICATED,9,507353574,genomic,6,769,8,5.101490454166054e-05,0.010403120936280884,0.005280654829476248,0.0203927334110704,1.5058814614661693e-05,0.00011916033204552468
NON FIBROTIC ILA ADJUDICATED,9,507353574,genomic,7,770,2,0.0005789361182562967,0.0025974025974025974,0.0007125907061236786,0.009420568652699277,0.00011922816838246307,0.0013472174699787746
NON FIBROTIC ILA ADJUDICATED,9,507353574,genomic,8,769,4,0.0029937763083146317,0.005201560468140442,0.0020245891497467933,0.013297387544882687,0.0013483341541979754,0.005898401750241589
NON FIBROTIC ILA ADJUDICATED,9,507353574,genomic,9,770,5,0.03829067952658443,0.006493506493506494,0.0027767335367897463,0.01510995198893538,0.00594260024940227,0.44969671479247253
NON FIBROTIC ILA ADJUDICATED,9,507353574,combined,0,770,0,0.0017935698421690208,0.0,0.0,0.004964141914221508,0.0005432105095267891,0.002508517124020235
NON FIBROTIC ILA ADJUDICATED,9,507353574,combined,1,769,1,0.0031676241220014423,0.0013003901170351106,0.0002295876800841234,0.007328830355107483,0.002509518334998607,0.003900637574635242
NON FIBROTIC ILA ADJUDICATED,9,507353574,combined,2,770,0,0.004745871584365776,0.0,0.0,0.004964141914221508,0.0039016946692493728,0.0057708141533857745
NON FIBROTIC ILA ADJUDICATED,9,507353574,combined,3,769,4,0.007128794653769541,0.005201560468140442,0.0020245891497467933,0.013297387544882687,0.0057711603030072755,0.008865645101947903
NON FIBROTIC ILA ADJUDICATED,9,507353574,combined,4,770,1,0.011369347131164095,0.0012987012987012987,0.00022928946639889794,0.007319361170123334,0.008877726160409162,0.014252435169082962
NON FIBROTIC ILA ADJUDICATED,9,507353574,combined,5,769,3,0.018908089023189717,0.0039011703511053317,0.001327618000260774,0.011406505807889416,0.014262440527341467,0.02442726022126601
NON FIBROTIC ILA ADJUDICATED,9,507353574,combined,6,769,5,0.03228150613478252,0.006501950585175552,0.002780348414515579,0.015129481166593194,0.024488693329935314,0.04152143356410998
NON FIBROTIC ILA ADJUDICATED,9,507353574,combined,7,770,8,0.05365850412421825,0.01038961038961039,0.005273784940225151,0.020366426752402144,0.041566589381334576,0.06887449382124916
NON FIBROTIC ILA ADJUDICATED,9,507353574,combined,8,769,5,0.09314957535948751,0.006501950585175552,0.002780348414515579,0.015129481166593194,0.0688796710584767,0.1275580868023368
NON FIBROTIC ILA ADJUDICATED,9,507353574,combined,9,770,17,0.25333955662937807,0.02207792207792208,0.01382933715277743,0.03507145304055638,0.12782044667363374,0.8508460648949081
NON FIBROTIC ILA ADJUDICATED,10,1090592336,zebra,0,770,0,0.2316328841914081,0.0,0.0,0.004964141914221508,0.11893743948205666,0.26127235839391816
NON FIBROTIC ILA ADJUDICATED,10,1090592336,zebra,1,769,0,0.2860038985631143,0.0,0.0,0.004970565148712315,0.26147615659140916,0.3116554808373551
NON FIBROTIC ILA ADJUDICATED,10,1090592336,zebra,2,770,0,0.34236160443146263,0.0,0.0,0.004964141914221508,0.3116970344113579,0.37432701636192767
NON FIBROTIC ILA ADJUDICATED,10,1090592336,zebra,3,769,0,0.4088955675443784,0.0,0.0,0.004970565148712315,0.37432903714209376,0.4465391774652037
NON FIBROTIC ILA ADJUDICATED,10,1090592336,zebra,4,770,4,0.49041109249329495,0.005194805194805195,0.0020219574690050306,0.013280219334419372,0.4465671966485919,0.5393310511051181
NON FIBROTIC ILA ADJUDICATED,10,1090592336,zebra,5,769,1,0.6027675096065798,0.0013003901170351106,0.0002295876800841234,0.007328830355107483,0.5397068015971073,0.6673312960617217
NON FIBROTIC ILA ADJUDICATED,10,1090592336,zebra,6,769,6,0.7345004757413773,0.007802340702210663,0.003580646807040671,0.016917035660547395,0.667472323407029,0.7923845014767011
NON FIBROTIC ILA ADJUDICATED,10,1090592336,zebra,7,770,3,0.8484448233480948,0.003896103896103896,0.0013258926936253902,0.011391775387498288,0.7927303182113955,0.9001362981113881
NON FIBROTIC ILA ADJUDICATED,10,1090592336,zebra,8,769,10,0.949726886662485,0.013003901170351105,0.007078545900378475,0.023770548113126753,0.9002870229318725,0.984942449866396
NON FIBROTIC ILA ADJUDICATED,10,1090592336,zebra,9,770,20,0.9964351924097763,0.025974025974025976,0.016876091691355087,0.03977822466888089,0.9849906229576917,1.0
NON FIBROTIC ILA ADJUDICATED,10,1090592336,genomic,0,770,5,5.232519433696865e-07,0.006493506493506494,0.0027767335367897463,0.01510995198893538,8.521801034696463e-08,9.250072633208684e-07
NON FIBROTIC ILA ADJUDICATED,10,1090592336,genomic,1,769,6,1.4730143729196493e-06,0.007802340702210663,0.003580646807040671,0.016917035660547395,9.251422826217942e-07,2.1196894129209187e-06
NON FIBROTIC ILA ADJUDICATED,10,1090592336,genomic,2,770,3,3.125850278352097e-06,0.003896103896103896,0.0013258926936253902,0.011391775387498288,2.1241381180015837e-06,4.33833978642327e-06
NON FIBROTIC ILA ADJUDICATED,10,1090592336,genomic,3,769,3,6.2111437723829644e-06,0.0039011703511053317,0.001327618000260774,0.011406505807889416,4.340864120240501e-06,8.436882056744839e-06
NON FIBROTIC ILA ADJUDICATED,10,1090592336,genomic,4,770,3,1.230426866645232e-05,0.003896103896103896,0.0013258926936253902,0.011391775387498288,8.444624195850437e-06,1.7150730028610358e-05
NON FIBROTIC ILA ADJUDICATED,10,1090592336,genomic,5,769,4,2.5805743850084492e-05,0.005201560468140442,0.0020245891497467933,0.013297387544882687,1.7157312103036485e-05,3.775053178371877e-05
NON FIBROTIC ILA ADJUDICATED,10,1090592336,genomic,6,769,4,5.953383380992717e-05,0.005201560468140442,0.0020245891497467933,0.013297387544882687,3.77596349076421e-05,9.073730164736703e-05
NON FIBROTIC ILA ADJUDICATED,10,1090592336,genomic,7,770,6,0.00017505019201478789,0.007792207792207792,0.0035759904186376326,0.016895203829388215,9.080932473041495e-05,0.0002945637199551194
NON FIBROTIC ILA ADJUDICATED,10,1090592336,genomic,8,769,7,0.0006711167262328547,0.009102730819245773,0.004416223152723785,0.01866931220134357,0.0002972893967180486,0.0014237720719051954
NON FIBROTIC ILA ADJUDICATED,10,1090592336,genomic,9,770,3,0.02460660866016471,0.003896103896103896,0.0013258926936253902,0.011391775387498288,0.0014285148996049423,0.8066918346302245
NON FIBROTIC ILA ADJUDICATED,10,1090592336,combined,0,770,0,0.0023539868102508787,0.0,0.0,0.004964141914221508,0.0010860858804477738,0.0030283949614717132
NON FIBROTIC ILA ADJUDICATED,10,1090592336,combined,1,769,1,0.0036046123975643288,0.0013003901170351106,0.0002295876800841234,0.007328830355107483,0.0030298772470733265,0.004188177003984682
NON FIBROTIC ILA ADJUDICATED,10,1090592336,combined,2,770,4,0.004888116499870109,0.005194805194805195,0.0020219574690050306,0.013280219334419372,0.004191074965666347,0.005650220219399078
NON FIBROTIC ILA ADJUDICATED,10,1090592336,combined,3,769,1,0.0065595250996088395,0.0013003901170351106,0.0002295876800841234,0.007328830355107483,0.005650758627676616,0.007507098003983136
NON FIBROTIC ILA ADJUDICATED,10,1090592336,combined,4,770,3,0.008600326635267455,0.003896103896103896,0.0013258926936253902,0.011391775387498288,0.007508130216853126,0.009856454576138792
NON FIBROTIC ILA ADJUDICATED,10,1090592336,combined,5,769,1,0.011670525328698157,0.0013003901170351106,0.0002295876800841234,0.007328830355107483,0.009857988186233927,0.01388690815867521
NON FIBROTIC ILA ADJUDICATED,10,1090592336,combined,6,769,6,0.016841801746625418,0.007802340702210663,0.003580646807040671,0.016917035660547395,0.01388898207055022,0.020294868752278487
NON FIBROTIC ILA ADJUDICATED,10,1090592336,combined,7,770,5,0.025894467044124764,0.006493506493506494,0.0027767335367897463,0.01510995198893538,0.020295114209135667,0.03352803796456743
NON FIBROTIC ILA ADJUDICATED,10,1090592336,combined,8,769,8,0.049421084386736695,0.010403120936280884,0.005280654829476248,0.0203927334110704,0.03358368668246068,0.07510523777135206
NON FIBROTIC ILA ADJUDICATED,10,1090592336,combined,9,770,15,0.18307941861902102,0.01948051948051948,0.011840409174050253,0.0318913635746821,0.07511554191847074,0.7630057554962312
NON FIBROTIC ILA ADJUDICATED,11,1141119071,zebra,0,770,0,0.2321237356184712,0.0,0.0,0.004964141914221508,0.11052533634471677,0.2606748348571001
NON FIBROTIC ILA ADJUDICATED,11,1141119071,zebra,1,769,1,0.2854399142449198,0.0013003901170351106,0.0002295876800841234,0.007328830355107483,0.260739023049146,0.31130472529421865
NON FIBROTIC ILA ADJUDICATED,11,1141119071,zebra,2,770,0,0.3408036598782378,0.0,0.0,0.004964141914221508,0.31136030506380313,0.3725088534143956
NON FIBROTIC ILA ADJUDICATED,11,1141119071,zebra,3,769,0,0.40695696805025344,0.0,0.0,0.004970565148712315,0.3726751537023029,0.44167147939184687
NON FIBROTIC ILA ADJUDICATED,11,1141119071,zebra,4,770,2,0.48661776121014677,0.0025974025974025974,0.0007125907061236786,0.009420568652699277,0.44179754010956984,0.5366889949743068
NON FIBROTIC ILA ADJUDICATED,11,1141119071,zebra,5,769,2,0.5987064171846594,0.002600780234070221,0.0007135177289523901,0.009432753192718508,0.5369993165800129,0.6625040943849659
NON FIBROTIC ILA ADJUDICATED,11,1141119071,zebra,6,769,4,0.7299808790246731,0.005201560468140442,0.0020245891497467933,0.013297387544882687,0.6627623675653367,0.7912322679108842
NON FIBROTIC ILA ADJUDICATED,11,1141119071,zebra,7,770,2,0.847859935502006,0.0025974025974025974,0.0007125907061236786,0.009420568652699277,0.7914027917352122,0.901450315923878
NON FIBROTIC ILA ADJUDICATED,11,1141119071,zebra,8,769,10,0.9512709224821251,0.013003901170351105,0.007078545900378475,0.023770548113126753,0.9016458729350841,0.9860843461239837
NON FIBROTIC ILA ADJUDICATED,11,1141119071,zebra,9,770,23,0.9966705562512264,0.02987012987012987,0.01998520545069876,0.044422637076439384,0.9861211849356301,1.0
NON FIBROTIC ILA ADJUDICATED,11,1141119071,genomic,0,770,9,0.0002521727883944869,0.011688311688311689,0.006161243000312308,0.022063477414615715,9.794745468832696e-05,0.0003426520433222887
NON FIBROTIC ILA ADJUDICATED,11,1141119071,genomic,1,769,5,0.0004352624208907842,0.006501950585175552,0.002780348414515579,0.015129481166593194,0.000342701117277762,0.000532493653840583
NON FIBROTIC ILA ADJUDICATED,11,1141119071,genomic,2,770,4,0.0006837382890797091,0.005194805194805195,0.0020219574690050306,0.013280219334419372,0.0005327268152026365,0.0008805508528946091
NON FIBROTIC ILA ADJUDICATED,11,1141119071,genomic,3,769,2,0.0012703199397776548,0.002600780234070221,0.0007135177289523901,0.009432753192718508,0.0008814704068441327,0.0018852234136745535
NON FIBROTIC ILA ADJUDICATED,11,1141119071,genomic,4,770,6,0.004173853582015669,0.007792207792207792,0.0035759904186376326,0.016895203829388215,0.0018892976434965088,0.007746859510849052
NON FIBROTIC ILA ADJUDICATED,11,1141119071,genomic,5,769,3,0.01419550250759462,0.0039011703511053317,0.001327618000260774,0.011406505807889416,0.007777794811650135,0.022756516871952872
NON FIBROTIC ILA ADJUDICATED,11,1141119071,genomic,6,769,7,0.042349453122973064,0.009102730819245773,0.004416223152723785,0.01866931220134357,0.02276714508552059,0.06928230863283544
NON FIBROTIC ILA ADJUDICATED,11,1141119071,genomic,7,770,3,0.10288331850736204,0.003896103896103896,0.0013258926936253902,0.011391775387498288,0.06938615080134958,0.13686977381591828
NON FIBROTIC ILA ADJUDICATED,11,1141119071,genomic,8,769,3,0.17643101656654203,0.0039011703511053317,0.001327618000260774,0.011406505807889416,0.13691300550246585,0.223384608888773
NON FIBROTIC ILA ADJUDICATED,11,1141119071,genomic,9,770,2,0.3635371045037088,0.0025974025974025974,0.0007125907061236786,0.009420568652699277,0.22350551724124543,0.9420159166343375
NON FIBROTIC ILA ADJUDICATED,11,1141119071,combined,0,770,0,0.004335665795812051,0.0,0.0,0.004964141914221508,0.0037056267876192863,0.00458589803495357
NON FIBROTIC ILA ADJUDICATED,11,1141119071,combined,1,769,0,0.004791637487412431,0.0,0.0,0.004970565148712315,0.004586617060976524,0.0049575645638229365
NON FIBROTIC ILA ADJUDICATED,11,1141119071,combined,2,770,1,0.005127053638478741,0.0012987012987012987,0.00022928946639889794,0.007319361170123334,0.0049576489365717406,0.005316878407378979
NON FIBROTIC ILA ADJUDICATED,11,1141119071,combined,3,769,0,0.00558907038884396,0.0,0.0,0.004970565148712315,0.005316878407378979,0.005985797125165838
NON FIBROTIC ILA ADJUDICATED,11,1141119071,combined,4,770,5,0.025093038473443872,0.006493506493506494,0.0027767335367897463,0.01510995198893538,0.005985797125165838,0.04267874343113886
NON FIBROTIC ILA ADJUDICATED,11,1141119071,combined,5,769,3,0.05789982600284445,0.0039011703511053317,0.001327618000260774,0.011406505807889416,0.042698223533616235,0.07445872050947958
NON FIBROTIC ILA ADJUDICATED,11,1141119071,combined,6,769,7,0.08835586885225666,0.009102730819245773,0.004416223152723785,0.01866931220134357,0.07451166037960931,0.10231261706925822
NON FIBROTIC ILA ADJUDICATED,11,1141119071,combined,7,770,4,0.11977179620105838,0.005194805194805195,0.0020219574690050306,0.013280219334419372,0.10232911400408455,0.14364586488465367
NON FIBROTIC ILA ADJUDICATED,11,1141119071,combined,8,769,10,0.18949463741308448,0.013003901170351105,0.007078545900378475,0.023770548113126753,0.14364586488465367,0.23870600483970403
NON FIBROTIC ILA ADJUDICATED,11,1141119071,combined,9,770,14,0.29018968719149885,0.01818181818181818,0.010860915582275707,0.030286348444155925,0.2388811526399295,0.4053663104632555
NON FIBROTIC ILA ADJUDICATED,12,1178358514,zebra,0,770,0,0.23141567963418166,0.0,0.0,0.004964141914221508,0.11052533634471677,0.259829183187628
NON FIBROTIC ILA ADJUDICATED,12,1178358514,zebra,1,769,0,0.2852468156511056,0.0,0.0,0.004970565148712315,0.25992851876593787,0.3118102720735881
NON FIBROTIC ILA ADJUDICATED,12,1178358514,zebra,2,770,0,0.34146583419676785,0.0,0.0,0.004964141914221508,0.31181579071411564,0.37367027091795946
NON FIBROTIC ILA ADJUDICATED,12,1178358514,zebra,3,769,0,0.4078904722044882,0.0,0.0,0.004970565148712315,0.373671192654601,0.4428135139465415
NON FIBROTIC ILA ADJUDICATED,12,1178358514,zebra,4,770,2,0.4857203036718569,0.0025974025974025974,0.0007125907061236786,0.009420568652699277,0.44284162029434615,0.5355687874626754
NON FIBROTIC ILA ADJUDICATED,12,1178358514,zebra,5,769,2,0.5968858570536374,0.002600780234070221,0.0007135177289523901,0.009432753192718508,0.5356066136968456,0.6601460074527734
NON FIBROTIC ILA ADJUDICATED,12,1178358514,zebra,6,769,6,0.7248040600994942,0.007802340702210663,0.003580646807040671,0.016917035660547395,0.6602189206990785,0.7871340958773702
NON FIBROTIC ILA ADJUDICATED,12,1178358514,zebra,7,770,3,0.8411403641999257,0.003896103896103896,0.0013258926936253902,0.011391775387498288,0.7871626993954245,0.8951384784322151
NON FIBROTIC ILA ADJUDICATED,12,1178358514,zebra,8,769,8,0.9463192581195321,0.010403120936280884,0.005280654829476248,0.0203927334110704,0.8953272126400755,0.9848700379705291
NON FIBROTIC ILA ADJUDICATED,12,1178358514,zebra,9,770,23,0.9963324525626075,0.02987012987012987,0.01998520545069876,0.044422637076439384,0.9848923307586299,1.0
NON FIBROTIC ILA ADJUDICATED,12,1178358514,genomic,0,770,5,3.980219351619099e-07,0.006493506493506494,0.0027767335367897463,0.01510995198893538,2.214624575523527e-09,1.4917714049348797e-06
NON FIBROTIC ILA ADJUDICATED,12,1178358514,genomic,1,769,7,3.100937059258201e-05,0.009102730819245773,0.004416223152723785,0.01866931220134357,1.498865296333136e-06,0.00011079603917456766
NON FIBROTIC ILA ADJUDICATED,12,1178358514,genomic,2,770,7,0.00035000493335525247,0.00909090909090909,0.004410478976495486,0.01864522399383109,0.00011082122969322661,0.000675009552866835
NON FIBROTIC ILA ADJUDICATED,12,1178358514,genomic,3,769,4,0.0012158324533647349,0.005201560468140442,0.0020245891497467933,0.013297387544882687,0.0006755445660009721,0.0018647146834585495
NON FIBROTIC ILA ADJUDICATED,12,1178358514,genomic,4,770,4,0.0029069950480046665,0.005194805194805195,0.0020219574690050306,0.013280219334419372,0.0018650899346930672,0.004178027202881577
NON FIBROTIC ILA ADJUDICATED,12,1178358514,genomic,5,769,3,0.006315355249982859,0.0039011703511053317,0.001327618000260774,0.011406505807889416,0.0041806018063010614,0.00877941378644865
NON FIBROTIC ILA ADJUDICATED,12,1178358514,genomic,6,769,6,0.013189307651818794,0.007802340702210663,0.003580646807040671,0.016917035660547395,0.008785215492556243,0.019130280447388733
NON FIBROTIC ILA ADJUDICATED,12,1178358514,genomic,7,770,1,0.029645091545031914,0.0012987012987012987,0.00022928946639889794,0.007319361170123334,0.019170059243146173,0.04447032385361119
NON FIBROTIC ILA ADJUDICATED,12,1178358514,genomic,8,769,4,0.0850592377853904,0.005201560468140442,0.0020245891497467933,0.013297387544882687,0.044481111157565714,0.1614086461061373
NON FIBROTIC ILA ADJUDICATED,12,1178358514,genomic,9,770,3,0.4779395768454839,0.003896103896103896,0.0013258926936253902,0.011391775387498288,0.1615263184643833,0.9991372555512719
NON FIBROTIC ILA ADJUDICATED,12,1178358514,combined,0,770,5,2.9914871743781485e-06,0.006493506493506494,0.0027767335367897463,0.01510995198893538,3.846187110614164e-07,5.087367858810161e-06
NON FIBROTIC ILA ADJUDICATED,12,1178358514,combined,1,769,2,7.987150536586683e-06,0.002600780234070221,0.0007135177289523901,0.009432753192718508,5.093966275911775e-06,1.1029513035979482e-05
NON FIBROTIC ILA ADJUDICATED,12,1178358514,combined,2,770,3,1.4862229265157871e-05,0.003896103896103896,0.0013258926936253902,0.011391775387498288,1.1037454855222641e-05,1.932400031003943e-05
NON FIBROTIC ILA ADJUDICATED,12,1178358514,combined,3,769,2,2.5330831248238353e-05,0.002600780234070221,0.0007135177289523901,0.009432753192718508,1.9337003779705998e-05,3.2849037170916556e-05
NON FIBROTIC ILA ADJUDICATED,12,1178358514,combined,4,770,10,4.3982903996411426e-05,0.012987012987012988,0.007069333631553706,0.02373989550567504,3.287380873226515e-05,5.7134401112568506e-05
NON FIBROTIC ILA ADJUDICATED,12,1178358514,combined,5,769,4,7.72830901606179e-05,0.005201560468140442,0.0020245891497467933,0.013297387544882687,5.720952573280731e-05,0.00010236650924317556
NON FIBROTIC ILA ADJUDICATED,12,1178358514,combined,6,769,2,0.0001491902565501368,0.002600780234070221,0.0007135177289523901,0.009432753192718508,0.00010240061125985504,0.0002110394056798626
NON FIBROTIC ILA ADJUDICATED,12,1178358514,combined,7,770,4,0.0003453123277675337,0.005194805194805195,0.0020219574690050306,0.013280219334419372,0.00021118773322372216,0.0005584341197089707
NON FIBROTIC ILA ADJUDICATED,12,1178358514,combined,8,769,2,0.0012270967302022457,0.002600780234070221,0.0007135177289523901,0.009432753192718508,0.0005585422109803007,0.0025122263662165634
NON FIBROTIC ILA ADJUDICATED,12,1178358514,combined,9,770,10,0.03142484768045069,0.012987012987012988,0.007069333631553706,0.02373989550567504,0.0025385897110033863,0.7527643738494587
NON FIBROTIC ILA ADJUDICATED,13,920201569,zebra,0,770,0,0.23222640070831202,0.0,0.0,0.004964141914221508,0.1267879796421734,0.26079868222778724
NON FIBROTIC ILA ADJUDICATED,13,920201569,zebra,1,769,0,0.28525177485023623,0.0,0.0,0.004970565148712315,0.260816983501809,0.3105244169359983
NON FIBROTIC ILA ADJUDICATED,13,920201569,zebra,2,770,0,0.33879397620700163,0.0,0.0,0.004964141914221508,0.3105256754942942,0.3705450497132606
NON FIBROTIC ILA ADJUDICATED,13,920201569,zebra,3,769,0,0.40360279194228615,0.0,0.0,0.004970565148712315,0.3705806151183044,0.4403603817690297
NON FIBROTIC ILA ADJUDICATED,13,920201569,zebra,4,770,4,0.48658279139981475,0.005194805194805195,0.0020219574690050306,0.013280219334419372,0.4404216436066223,0.5372517712536724
NON FIBROTIC ILA ADJUDICATED,13,920201569,zebra,5,769,1,0.5982212476301237,0.0013003901170351106,0.0002295876800841234,0.007328830355107483,0.5372735587240225,0.6609819200029238
NON FIBROTIC ILA ADJUDICATED,13,920201569,zebra,6,769,6,0.7299265939814319,0.007802340702210663,0.003580646807040671,0.016917035660547395,0.6609848703504118,0.7887575909874593
NON FIBROTIC ILA ADJUDICATED,13,920201569,zebra,7,770,3,0.8455552503180723,0.003896103896103896,0.0013258926936253902,0.011391775387498288,0.7889768531409792,0.8989748388716692
NON FIBROTIC ILA ADJUDICATED,13,920201569,zebra,8,769,9,0.9478725115566051,0.011703511053315995,0.006169270449727107,0.022091970677298834,0.8991102436771582,0.9842372508440931
NON FIBROTIC ILA ADJUDICATED,13,920201569,zebra,9,770,21,0.9961073194869168,0.02727272727272727,0.017906160074157684,0.04133266500837901,0.9842627882401059,1.0
NON FIBROTIC ILA ADJUDICATED,13,920201569,genomic,0,770,4,2.1627465059563532e-06,0.005194805194805195,0.0020219574690050306,0.013280219334419372,1.8320761621260727e-07,3.7684650563876466e-06
NON FIBROTIC ILA ADJUDICATED,13,920201569,genomic,1,769,3,5.508676052966907e-06,0.0039011703511053317,0.001327618000260774,0.011406505807889416,3.7729724309871973e-06,7.4501327272400016e-06
NON FIBROTIC ILA ADJUDICATED,13,920201569,genomic,2,770,6,1.0403984335098301e-05,0.007792207792207792,0.0035759904186376326,0.016895203829388215,7.464671250411322e-06,1.3961236985427275e-05
NON FIBROTIC ILA ADJUDICATED,13,920201569,genomic,3,769,5,2.033027266721931e-05,0.006501950585175552,0.002780348414515579,0.015129481166593194,1.3963438294300466e-05,3.0446701991768178e-05
NON FIBROTIC ILA ADJUDICATED,13,920201569,genomic,4,770,4,0.0004065673334414884,0.005194805194805195,0.0020219574690050306,0.013280219334419372,3.0456498014436274e-05,0.001679237437819034
NON FIBROTIC ILA ADJUDICATED,13,920201569,genomic,5,769,4,0.005791954528989322,0.005201560468140442,0.0020245891497467933,0.013297387544882687,0.0016875222698489783,0.011050396623693578
NON FIBROTIC ILA ADJUDICATED,13,920201569,genomic,6,769,7,0.017436971840941513,0.009102730819245773,0.004416223152723785,0.01866931220134357,0.011059021212326504,0.024548256299619542
NON FIBROTIC ILA ADJUDICATED,13,920201569,genomic,7,770,4,0.034444259962801156,0.005194805194805195,0.0020219574690050306,0.013280219334419372,0.024555672587988516,0.04656596318867592
NON FIBROTIC ILA ADJUDICATED,13,920201569,genomic,8,769,5,0.06894019986419561,0.006501950585175552,0.002780348414515579,0.015129481166593194,0.04657511204780764,0.10129702246608074
NON FIBROTIC ILA ADJUDICATED,13,920201569,genomic,9,770,2,0.22783528228634833,0.0025974025974025974,0.0007125907061236786,0.009420568652699277,0.10139072744133253,0.9681982637155239
NON FIBROTIC ILA ADJUDICATED,13,920201569,combined,0,770,1,0.001057793545119611,0.0012987012987012987,0.00022928946639889794,0.007319361170123334,0.00030123861020508335,0.001516472112169387
NON FIBROTIC ILA ADJUDICATED,13,920201569,combined,1,769,2,0.001954648413529445,0.002600780234070221,0.0007135177289523901,0.009432753192718508,0.0015168085568524436,0.002409926402639281
NON FIBROTIC ILA ADJUDICATED,13,920201569,combined,2,770,2,0.002883971871702384,0.0025974025974025974,0.0007125907061236786,0.009420568652699277,0.002410112026121988,0.0034404861050746837
NON FIBROTIC ILA ADJUDICATED,13,920201569,combined,3,769,2,0.004095184088827758,0.002600780234070221,0.0007135177289523901,0.009432753192718508,0.003440992835671998,0.0049143439890316646
NON FIBROTIC ILA ADJUDICATED,13,920201569,combined,4,770,2,0.005915434579680607,0.0025974025974025974,0.0007125907061236786,0.009420568652699277,0.0049156668738859054,0.007103148209202916
NON FIBROTIC ILA ADJUDICATED,13,920201569,combined,5,769,3,0.008585999556091014,0.0039011703511053317,0.001327618000260774,0.011406505807889416,0.0071082447007623905,0.010321901868129429
NON FIBROTIC ILA ADJUDICATED,13,920201569,combined,6,769,4,0.012882776208544403,0.005201560468140442,0.0020245891497467933,0.013297387544882687,0.010323889583152194,0.015801349391170776
NON FIBROTIC ILA ADJUDICATED,13,920201569,combined,7,770,4,0.020678249819594267,0.005194805194805195,0.0020219574690050306,0.013280219334419372,0.015817220677854498,0.026844474187919465
NON FIBROTIC ILA ADJUDICATED,13,920201569,combined,8,769,10,0.03921618774323587,0.013003901170351105,0.007078545900378475,0.023770548113126753,0.026874355239173576,0.05803777816630658
NON FIBROTIC ILA ADJUDICATED,13,920201569,combined,9,770,14,0.16067488836890428,0.01818181818181818,0.010860915582275707,0.030286348444155925,0.05808654768279852,0.9425985101386777
NON FIBROTIC ILA ADJUDICATED,14,540305671,zebra,0,770,0,0.23216796597558972,0.0,0.0,0.004964141914221508,0.11052533634471677,0.2616884930296223
NON FIBROTIC ILA ADJUDICATED,14,540305671,zebra,1,769,0,0.2882912631227011,0.0,0.0,0.004970565148712315,0.2617774313723784,0.3141319913763451
NON FIBROTIC ILA ADJUDICATED,14,540305671,zebra,2,770,0,0.34482350548309443,0.0,0.0,0.004964141914221508,0.31417476516546644,0.3774323993657252
NON FIBROTIC ILA ADJUDICATED,14,540305671,zebra,3,769,0,0.41189040334453236,0.0,0.0,0.004970565148712315,0.37747676379221107,0.447934860440336
NON FIBROTIC ILA ADJUDICATED,14,540305671,zebra,4,770,5,0.4932275765996944,0.006493506493506494,0.0027767335367897463,0.01510995198893538,0.44800834536893985,0.5461256741682496
NON FIBROTIC ILA ADJUDICATED,14,540305671,zebra,5,769,3,0.6061787837015739,0.0039011703511053317,0.001327618000260774,0.011406505807889416,0.5461749441468922,0.6687336911392805
NON FIBROTIC ILA ADJUDICATED,14,540305671,zebra,6,769,5,0.7356387314005038,0.006501950585175552,0.002780348414515579,0.015129481166593194,0.668776506732894,0.7952997811114956
NON FIBROTIC ILA ADJUDICATED,14,540305671,zebra,7,770,2,0.8483291469256533,0.0025974025974025974,0.0007125907061236786,0.009420568652699277,0.7955217259992097,0.8998170492352966
NON FIBROTIC ILA ADJUDICATED,14,540305671,zebra,8,769,9,0.9519115117351361,0.011703511053315995,0.006169270449727107,0.022091970677298834,0.9001362981113881,0.9860089016090301
NON FIBROTIC ILA ADJUDICATED,14,540305671,zebra,9,770,20,0.9965370738084992,0.025974025974025976,0.016876091691355087,0.03977822466888089,0.9860122135494251,1.0
NON FIBROTIC ILA ADJUDICATED,14,540305671,genomic,0,770,6,0.01760064846925734,0.007792207792207792,0.0035759904186376326,0.016895203829388215,0.004778430471209909,0.027062164204325376
NON FIBROTIC ILA ADJUDICATED,14,540305671,genomic,1,769,4,0.033114742657878414,0.005201560468140442,0.0020245891497467933,0.013297387544882687,0.027066627536292097,0.038567077363294365
NON FIBROTIC ILA ADJUDICATED,14,540305671,genomic,2,770,3,0.04497235941203786,0.003896103896103896,0.0013258926936253902,0.011391775387498288,0.038574778899660975,0.052468005104721174
NON FIBROTIC ILA ADJUDICATED,14,540305671,genomic,3,769,7,0.0622780374421213,0.009102730819245773,0.004416223152723785,0.01866931220134357,0.052478597942367144,0.07504587656233871
NON FIBROTIC ILA ADJUDICATED,14,540305671,genomic,4,770,5,0.09301854992511116,0.006493506493506494,0.0027767335367897463,0.01510995198893538,0.07520438927303859,0.10915870088210704
NON FIBROTIC ILA ADJUDICATED,14,540305671,genomic,5,769,6,0.12267992898549374,0.007802340702210663,0.003580646807040671,0.016917035660547395,0.10917231960018367,0.13609748725664048
NON FIBROTIC ILA ADJUDICATED,14,540305671,genomic,6,769,5,0.14924972416859666,0.006501950585175552,0.002780348414515579,0.015129481166593194,0.13614079672907076,0.1632317387207607
NON FIBROTIC ILA ADJUDICATED,14,540305671,genomic,7,770,1,0.1769621311129316,0.0012987012987012987,0.00022928946639889794,0.007319361170123334,0.1632359810354947,0.1915151882014884
NON FIBROTIC ILA ADJUDICATED,14,540305671,genomic,8,769,5,0.2087841588844309,0.006501950585175552,0.002780348414515579,0.015129481166593194,0.19153605968822965,0.2278558791562571
NON FIBROTIC ILA ADJUDICATED,14,540305671,genomic,9,770,2,0.2603029254800722,0.0025974025974025974,0.0007125907061236786,0.009420568652699277,0.22789352416891379,0.3312052591165873
NON FIBROTIC ILA ADJUDICATED,14,540305671,combined,0,770,1,0.000676950429534707,0.0012987012987012987,0.00022928946639889794,0.007319361170123334,0.00012686038731225978,0.0010223320289479906
NON FIBROTIC ILA ADJUDICATED,14,540305671,combined,1,769,1,0.0013913073418718978,0.0013003901170351106,0.0002295876800841234,0.007328830355107483,0.0010224444584814839,0.0017834302526087442
NON FIBROTIC ILA ADJUDICATED,14,540305671,combined,2,770,2,0.0022231538328044437,0.0025974025974025974,0.0007125907061236786,0.009420568652699277,0.001785238188914499,0.0027047027900940386
NON FIBROTIC ILA ADJUDICATED,14,540305671,combined,3,769,3,0.0033638275972220147,0.0039011703511053317,0.001327618000260774,0.011406505807889416,0.0027066707923866173,0.004029658447918842
NON FIBROTIC ILA ADJUDICATED,14,540305671,combined,4,770,5,0.004948802474024539,0.006493506493506494,0.0027767335367897463,0.01510995198893538,0.004030779818691358,0.0059251458936104996
NON FIBROTIC ILA ADJUDICATED,14,540305671,combined,5,769,3,0.007471011512671861,0.0039011703511053317,0.001327618000260774,0.011406505807889416,0.005925889132407368,0.009314674811270575
NON FIBROTIC ILA ADJUDICATED,14,540305671,combined,6,769,5,0.0119701398307417,0.006501950585175552,0.002780348414515579,0.015129481166593194,0.009316959178656626,0.015491827229596064
NON FIBROTIC ILA ADJUDICATED,14,540305671,combined,7,770,8,0.021841136531672332,0.01038961038961039,0.005273784940225151,0.020366426752402144,0.015495767416663423,0.031252733436448125
NON FIBROTIC ILA ADJUDICATED,14,540305671,combined,8,769,6,0.052724730369761254,0.007802340702210663,0.003580646807040671,0.016917035660547395,0.031274286944657385,0.09169006438010503
NON FIBROTIC ILA ADJUDICATED,14,540305671,combined,9,770,10,0.25298268236605775,0.012987012987012988,0.007069333631553706,0.02373989550567504,0.09170644324704683,0.8801624902703402
NON FIBROTIC ILA ADJUDICATED,15,1025112626,zebra,0,770,0,0.23067734082892324,0.0,0.0,0.004964141914221508,0.11052533634471677,0.2594159421704497
NON FIBROTIC ILA ADJUDICATED,15,1025112626,zebra,1,769,0,0.2848756902502436,0.0,0.0,0.004970565148712315,0.2594288310988532,0.31130472529421865
NON FIBROTIC ILA ADJUDICATED,15,1025112626,zebra,2,770,0,0.34077318916901184,0.0,0.0,0.004964141914221508,0.31136030506380313,0.3732913446163414
NON FIBROTIC ILA ADJUDICATED,15,1025112626,zebra,3,769,0,0.4082037744427999,0.0,0.0,0.004970565148712315,0.3734438647593623,0.44415242844132996
NON FIBROTIC ILA ADJUDICATED,15,1025112626,zebra,4,770,2,0.4899470550208804,0.0025974025974025974,0.0007125907061236786,0.009420568652699277,0.444421144056957,0.5410477315007842
NON FIBROTIC ILA ADJUDICATED,15,1025112626,zebra,5,769,1,0.6029237209574513,0.0013003901170351106,0.0002295876800841234,0.007328830355107483,0.5412345068279721,0.6655225574187223
NON FIBROTIC ILA ADJUDICATED,15,1025112626,zebra,6,769,5,0.730930997452618,0.006501950585175552,0.002780348414515579,0.015129481166593194,0.6657088168850702,0.7881814628982727
NON FIBROTIC ILA ADJUDICATED,15,1025112626,zebra,7,770,4,0.8443567837266008,0.005194805194805195,0.0020219574690050306,0.013280219334419372,0.7883002137996314,0.8988500780327903
NON FIBROTIC ILA ADJUDICATED,15,1025112626,zebra,8,769,11,0.9506391093514716,0.014304291287386216,0.008005744470847457,0.025431202429137063,0.89888716529185,0.9865055123197096
NON FIBROTIC ILA ADJUDICATED,15,1025112626,zebra,9,770,21,0.9968429426564709,0.02727272727272727,0.017906160074157684,0.04133266500837901,0.9866507123571717,1.0
NON FIBROTIC ILA ADJUDICATED,15,1025112626,genomic,0,770,6,0.0007650881370700643,0.007792207792207792,0.0035759904186376326,0.016895203829388215,0.0002654775766050768,0.0011257626584011712
NON FIBROTIC ILA ADJUDICATED,15,1025112626,genomic,1,769,4,0.001539525265550516,0.005201560468140442,0.0020245891497467933,0.013297387544882687,0.001126980050472381,0.0019917129995178193
NON FIBROTIC ILA ADJUDICATED,15,1025112626,genomic,2,770,7,0.0026092500796206963,0.00909090909090909,0.004410478976495486,0.01864522399383109,0.0019924978224634595,0.0033175302906673448
NON FIBROTIC ILA ADJUDICATED,15,1025112626,genomic,3,769,5,0.004203312186119731,0.006501950585175552,0.002780348414515579,0.015129481166593194,0.0033201583233011768,0.005205579802107841
NON FIBROTIC ILA ADJUDICATED,15,1025112626,genomic,4,770,6,0.006663339360538717,0.007792207792207792,0.0035759904186376326,0.016895203829388215,0.005208369288080465,0.008494737345217844
NON FIBROTIC ILA ADJUDICATED,15,1025112626,genomic,5,769,4,0.011341177676808431,0.005201560468140442,0.0020245891497467933,0.013297387544882687,0.00849487030631351,0.01484299600568652
NON FIBROTIC ILA ADJUDICATED,15,1025112626,genomic,6,769,1,0.020506889122316088,0.0013003901170351106,0.0002295876800841234,0.007328830355107483,0.014851451797026165,0.027700145656902445
NON FIBROTIC ILA ADJUDICATED,15,1025112626,genomic,7,770,6,0.03827515872468778,0.007792207792207792,0.0035759904186376326,0.016895203829388215,0.027713136965873072,0.05236574085987704
NON FIBROTIC ILA ADJUDICATED,15,1025112626,genomic,8,769,3,0.08189533522051741,0.0039011703511053317,0.001327618000260774,0.011406505807889416,0.05237916466869185,0.12281163169876924
NON FIBROTIC ILA ADJUDICATED,15,1025112626,genomic,9,770,2,0.25384892566034334,0.0025974025974025974,0.0007125907061236786,0.009420568652699277,0.12284218474615248,0.8168791652560358
NON FIBROTIC ILA ADJUDICATED,15,1025112626,combined,0,770,5,7.1456381577471e-06,0.006493506493506494,0.0027767335367897463,0.01510995198893538,7.469791910182846e-07,1.1591922488670541e-05
NON FIBROTIC ILA ADJUDICATED,15,1025112626,combined,1,769,1,1.6468742437050548e-05,0.0013003901170351106,0.0002295876800841234,0.007328830355107483,1.1595729161020602e-05,2.1733891391659596e-05
NON FIBROTIC ILA ADJUDICATED,15,1025112626,combined,2,770,3,2.8180656811256036e-05,0.003896103896103896,0.0013258926936253902,0.011391775387498288,2.1774595916803688e-05,3.60808517052224e-05
NON FIBROTIC ILA ADJUDICATED,15,1025112626,combined,3,769,1,4.7050508327959686e-05,0.0013003901170351106,0.0002295876800841234,0.007328830355107483,3.6087337588597365e-05,5.977280127822522e-05
NON FIBROTIC ILA ADJUDICATED,15,1025112626,combined,4,770,1,7.919470718191437e-05,0.0012987012987012987,0.00022928946639889794,0.007319361170123334,5.978792708904648e-05,0.00010341669389359041
NON FIBROTIC ILA ADJUDICATED,15,1025112626,combined,5,769,1,0.00014603656846365765,0.0013003901170351106,0.0002295876800841234,0.007328830355107483,0.00010347587354441566,0.00020472802151521964
NON FIBROTIC ILA ADJUDICATED,15,1025112626,combined,6,769,3,0.0003852732728911628,0.0039011703511053317,0.001327618000260774,0.011406505807889416,0.0002050438079121639,0.0007368002844576656
NON FIBROTIC ILA ADJUDICATED,15,1025112626,combined,7,770,7,0.0018790299908966472,0.00909090909090909,0.004410478976495486,0.01864522399383109,0.0007391864927581369,0.0035532233922968537
NON FIBROTIC ILA ADJUDICATED,15,1025112626,combined,8,769,13,0.0074213444436849185,0.016905071521456438,0.009905619514842359,0.028707033158100748,0.003555492904415713,0.014190089932992735
NON FIBROTIC ILA ADJUDICATED,15,1025112626,combined,9,770,9,0.08998205148979103,0.011688311688311689,0.006161243000312308,0.022063477414615715,0.014255234990181236,0.9625126247501306
NON FIBROTIC ILA ADJUDICATED,16,555906754,zebra,0,770,0,0.23178133136282517,0.0,0.0,0.004964141914221508,0.11052533634471677,0.26043795680852266
NON FIBROTIC ILA ADJUDICATED,16,555906754,zebra,1,769,1,0.28660597495105006,0.0013003901170351106,0.0002295876800841234,0.007328830355107483,0.2605507168074891,0.31282001579730256
NON FIBROTIC ILA ADJUDICATED,16,555906754,zebra,2,770,0,0.3437642958093759,0.0,0.0,0.004964141914221508,0.31291398691300093,0.37675257434166515
NON FIBROTIC ILA ADJUDICATED,16,555906754,zebra,3,769,0,0.41254735458765956,0.0,0.0,0.004970565148712315,0.3767956686151036,0.4500096473658561
NON FIBROTIC ILA ADJUDICATED,16,555906754,zebra,4,770,3,0.49425007274895033,0.003896103896103896,0.0013258926936253902,0.011391775387498288,0.45022737010529285,0.5414991255093249
NON FIBROTIC ILA ADJUDICATED,16,555906754,zebra,5,769,2,0.6006861148377654,0.002600780234070221,0.0007135177289523901,0.009432753192718508,0.5415147210270846,0.6640242739721478
NON FIBROTIC ILA ADJUDICATED,16,555906754,zebra,6,769,2,0.7299228085754864,0.002600780234070221,0.0007135177289523901,0.009432753192718508,0.6642357512021969,0.7893712027603661
NON FIBROTIC ILA ADJUDICATED,16,555906754,zebra,7,770,4,0.8447736724313434,0.005194805194805195,0.0020219574690050306,0.013280219334419372,0.7894419350349094,0.8984332549784224
NON FIBROTIC ILA ADJUDICATED,16,555906754,zebra,8,769,9,0.9500274105551992,0.011703511053315995,0.006169270449727107,0.022091970677298834,0.8984497355800539,0.9852913008258685
NON FIBROTIC ILA ADJUDICATED,16,555906754,zebra,9,770,23,0.9965357904377353,0.02987012987012987,0.01998520545069876,0.044422637076439384,0.9854116329818159,1.0
NON FIBROTIC ILA ADJUDICATED,16,555906754,genomic,0,770,6,9.704519977032142e-09,0.007792207792207792,0.0035759904186376326,0.016895203829388215,9.832937680167798e-13,2.3477996985836014e-08
NON FIBROTIC ILA ADJUDICATED,16,555906754,genomic,1,769,7,4.028547138903947e-08,0.009102730819245773,0.004416223152723785,0.01866931220134357,2.3526403773779425e-08,6.072922696558007e-08
NON FIBROTIC ILA ADJUDICATED,16,555906754,genomic,2,770,4,9.206965788911507e-08,0.005194805194805195,0.0020219574690050306,0.013280219334419372,6.08503216372669e-08,1.311432456115726e-07
NON FIBROTIC ILA ADJUDICATED,16,555906754,genomic,3,769,4,1.957141826884272e-07,0.005201560468140442,0.0020245891497467933,0.013297387544882687,1.3116994992862954e-07,2.7946353710687757e-07
NON FIBROTIC ILA ADJUDICATED,16,555906754,genomic,4,770,5,4.1983524806192367e-07,0.006493506493506494,0.0027767335367897463,0.01510995198893538,2.795504716398025e-07,6.226260071258101e-07
NON FIBROTIC ILA ADJUDICATED,16,555906754,genomic,5,769,5,1.0646328370033468e-06,0.006501950585175552,0.002780348414515579,0.015129481166593194,6.23131926148379e-07,1.788695145524323e-06
NON FIBROTIC ILA ADJUDICATED,16,555906754,genomic,6,769,2,8.7925351539471e-06,0.002600780234070221,0.0007135177289523901,0.009432753192718508,1.7914222988859373e-06,4.834501497662916e-05
NON FIBROTIC ILA ADJUDICATED,16,555906754,genomic,7,770,4,0.00041314440409124555,0.005194805194805195,0.0020219574690050306,0.013280219334419372,4.8398905777409084e-05,0.0010326619379750386
NON FIBROTIC ILA ADJUDICATED,16,555906754,genomic,8,769,4,0.0028843426087420475,0.005201560468140442,0.0020245891497467933,0.013297387544882687,0.0010340202024514535,0.006158970728163234
NON FIBROTIC ILA ADJUDICATED,16,555906754,genomic,9,770,3,0.058220419744747176,0.003896103896103896,0.0013258926936253902,0.011391775387498288,0.006163974984428925,0.9247154767111855
NON FIBROTIC ILA ADJUDICATED,16,555906754,combined,0,770,2,0.001269266586343472,0.0025974025974025974,0.0007125907061236786,0.009420568652699277,0.0008801594452712461,0.001430274843887205
NON FIBROTIC ILA ADJUDICATED,16,555906754,combined,1,769,0,0.0015486635951264302,0.0,0.0,0.004970565148712315,0.00143086668441948,0.0016703182090054382
NON FIBROTIC ILA ADJUDICATED,16,555906754,combined,2,770,1,0.0018170442513820659,0.0012987012987012987,0.00022928946639889794,0.007319361170123334,0.0016705719581024722,0.0019768287150631085
NON FIBROTIC ILA ADJUDICATED,16,555906754,combined,3,769,1,0.002196208537726659,0.0013003901170351106,0.0002295876800841234,0.007328830355107483,0.0019773989696041305,0.0024689036817925917
NON FIBROTIC ILA ADJUDICATED,16,555906754,combined,4,770,1,0.003102347631219682,0.0012987012987012987,0.00022928946639889794,0.007319361170123334,0.0024689803537928322,0.004293934191970046
NON FIBROTIC ILA ADJUDICATED,16,555906754,combined,5,769,4,0.006873878057652625,0.005201560468140442,0.0020245891497467933,0.013297387544882687,0.0042955739240545104,0.009914551141857516
NON FIBROTIC ILA ADJUDICATED,16,555906754,combined,6,769,6,0.014196098061951642,0.007802340702210663,0.003580646807040671,0.016917035660547395,0.009923424796176193,0.019161857093111315
NON FIBROTIC ILA ADJUDICATED,16,555906754,combined,7,770,9,0.026446278604193657,0.011688311688311689,0.006161243000312308,0.022063477414615715,0.01916256149697472,0.03481562358746094
NON FIBROTIC ILA ADJUDICATED,16,555906754,combined,8,769,11,0.04958272239650664,0.014304291287386216,0.008005744470847457,0.025431202429137063,0.03484170183609451,0.06895078734881178
NON FIBROTIC ILA ADJUDICATED,16,555906754,combined,9,770,9,0.14932974737394514,0.011688311688311689,0.006161243000312308,0.022063477414615715,0.06895179615792561,0.8497527348695683
NON FIBROTIC ILA ADJUDICATED,17,517631118,zebra,0,770,0,0.23169509121317497,0.0,0.0,0.004964141914221508,0.11052533634471677,0.26147615659140916
NON FIBROTIC ILA ADJUDICATED,17,517631118,zebra,1,769,1,0.2876459367157293,0.0013003901170351106,0.0002295876800841234,0.007328830355107483,0.2615284007497962,0.31447837490045416
NON FIBROTIC ILA ADJUDICATED,17,517631118,zebra,2,770,0,0.34537050354992527,0.0,0.0,0.004964141914221508,0.31454312848574023,0.37914346196716264
NON FIBROTIC ILA ADJUDICATED,17,517631118,zebra,3,769,0,0.41299720265052436,0.0,0.0,0.004970565148712315,0.37916377752195607,0.4495227276551405
NON FIBROTIC ILA ADJUDICATED,17,517631118,zebra,4,770,4,0.49405390392482607,0.005194805194805195,0.0020219574690050306,0.013280219334419372,0.44955402660744687,0.5428851516742825
NON FIBROTIC ILA ADJUDICATED,17,517631118,zebra,5,769,1,0.6015249984857199,0.0013003901170351106,0.0002295876800841234,0.007328830355107483,0.5430503347508041,0.6645632245328221
NON FIBROTIC ILA ADJUDICATED,17,517631118,zebra,6,769,6,0.7313290813083763,0.007802340702210663,0.003580646807040671,0.016917035660547395,0.6647868754304452,0.7913408419573393
NON FIBROTIC ILA ADJUDICATED,17,517631118,zebra,7,770,3,0.8462963682047273,0.003896103896103896,0.0013258926936253902,0.011391775387498288,0.7913670010332758,0.8996813766473817
NON FIBROTIC ILA ADJUDICATED,17,517631118,zebra,8,769,9,0.9495092719900713,0.011703511053315995,0.006169270449727107,0.022091970677298834,0.8998162513949661,0.9852651300912427
NON FIBROTIC ILA ADJUDICATED,17,517631118,zebra,9,770,20,0.9963388970849518,0.025974025974025976,0.016876091691355087,0.03977822466888089,0.9853504544758104,1.0
NON FIBROTIC ILA ADJUDICATED,17,517631118,genomic,0,770,5,0.00017787686368370042,0.006493506493506494,0.0027767335367897463,0.01510995198893538,5.1514277553366205e-06,0.00036667654754805727
NON FIBROTIC ILA ADJUDICATED,17,517631118,genomic,1,769,8,0.0006627308947941204,0.010403120936280884,0.005280654829476248,0.0203927334110704,0.0003675237437266118,0.0010318478710407996
NON FIBROTIC ILA ADJUDICATED,17,517631118,genomic,2,770,5,0.0016477658278168644,0.006493506493506494,0.0027767335367897463,0.01510995198893538,0.0010318630002492347,0.0024540467280998457
NON FIBROTIC ILA ADJUDICATED,17,517631118,genomic,3,769,6,0.0038837930023955984,0.007802340702210663,0.003580646807040671,0.016917035660547395,0.0024548180303221516,0.0056620569260182
NON FIBROTIC ILA ADJUDICATED,17,517631118,genomic,4,770,6,0.008371748197936077,0.007792207792207792,0.0035759904186376326,0.016895203829388215,0.005674563554208279,0.012090866857179396
NON FIBROTIC ILA ADJUDICATED,17,517631118,genomic,5,769,0,0.017448361013104142,0.0,0.0,0.004970565148712315,0.012095439794306953,0.023944516096537874
NON FIBROTIC ILA ADJUDICATED,17,517631118,genomic,6,769,3,0.032748915102203464,0.0039011703511053317,0.001327618000260774,0.011406505807889416,0.023988041386019836,0.04317960504363129
NON FIBROTIC ILA ADJUDICATED,17,517631118,genomic,7,770,3,0.059299043940744825,0.003896103896103896,0.0013258926936253902,0.011391775387498288,0.04321220710352025,0.07998619083859856
NON FIBROTIC ILA ADJUDICATED,17,517631118,genomic,8,769,4,0.11768340576901716,0.005201560468140442,0.0020245891497467933,0.013297387544882687,0.07999090393014573,0.17251411054563878
NON FIBROTIC ILA ADJUDICATED,17,517631118,genomic,9,770,4,0.3401823890594161,0.005194805194805195,0.0020219574690050306,0.013280219334419372,0.17264054505914164,0.9736094323222053
NON FIBROTIC ILA ADJUDICATED,17,517631118,combined,0,770,2,0.002440571053984765,0.0025974025974025974,0.0007125907061236786,0.009420568652699277,0.0011524266831388884,0.003014981732134494
NON FIBROTIC ILA ADJUDICATED,17,517631118,combined,1,769,0,0.003529074475485294,0.0,0.0,0.004970565148712315,0.0030151774876354485,0.0040820602032795835
NON FIBROTIC ILA ADJUDICATED,17,517631118,combined,2,770,1,0.0047564812801681455,0.0012987012987012987,0.00022928946639889794,0.007319361170123334,0.004084122249272862,0.005528232606351478
NON FIBROTIC ILA ADJUDICATED,17,517631118,combined,3,769,3,0.006738491289734226,0.0039011703511053317,0.001327618000260774,0.011406505807889416,0.005530563897507271,0.008236988583004088
NON FIBROTIC ILA ADJUDICATED,17,517631118,combined,4,770,4,0.011381460490322471,0.005194805194805195,0.0020219574690050306,0.013280219334419372,0.008237905360726688,0.016427971280517335
NON FIBROTIC ILA ADJUDICATED,17,517631118,combined,5,769,4,0.02769979038644783,0.005201560468140442,0.0020245891497467933,0.013297387544882687,0.01642862271976009,0.04055710216020948
NON FIBROTIC ILA ADJUDICATED,17,517631118,combined,6,769,2,0.05670779158282566,0.002600780234070221,0.0007135177289523901,0.009432753192718508,0.04056360048861492,0.07558734330483671
NON FIBROTIC ILA ADJUDICATED,17,517631118,combined,7,770,7,0.10452270743657353,0.00909090909090909,0.004410478976495486,0.01864522399383109,0.07562294060132554,0.13982404209158228
NON FIBROTIC ILA ADJUDICATED,17,517631118,combined,8,769,7,0.20010980736469988,0.009102730819245773,0.004416223152723785,0.01866931220134357,0.14022956427821148,0.2850362706255485
NON FIBROTIC ILA ADJUDICATED,17,517631118,combined,9,770,14,0.4826551907001872,0.01818181818181818,0.010860915582275707,0.030286348444155925,0.28537733275144883,0.8137642397524798
NON FIBROTIC ILA ADJUDICATED,18,158902566,zebra,0,770,0,0.23134122852475125,0.0,0.0,0.004964141914221508,0.11052533634471677,0.2596709282003648
NON FIBROTIC ILA ADJUDICATED,18,158902566,zebra,1,769,1,0.2852669320994669,0.0013003901170351106,0.0002295876800841234,0.007328830355107483,0.2597474148447815,0.31136030506380313
NON FIBROTIC ILA ADJUDICATED,18,158902566,zebra,2,770,0,0.3412775171368355,0.0,0.0,0.004964141914221508,0.31141391904777477,0.3738976467320849
NON FIBROTIC ILA ADJUDICATED,18,158902566,zebra,3,769,0,0.4099128595230506,0.0,0.0,0.004970565148712315,0.3739114697393811,0.447734556292315
NON FIBROTIC ILA ADJUDICATED,18,158902566,zebra,4,770,3,0.4910652754787815,0.003896103896103896,0.0013258926936253902,0.011391775387498288,0.4479285752187333,0.5417735484207977
NON FIBROTIC ILA ADJUDICATED,18,158902566,zebra,5,769,1,0.6016608120869368,0.0013003901170351106,0.0002295876800841234,0.007328830355107483,0.5418524641444505,0.6637367749806213
NON FIBROTIC ILA ADJUDICATED,18,158902566,zebra,6,769,6,0.7287430213261047,0.007802340702210663,0.003580646807040671,0.016917035660547395,0.6638281870023752,0.7871543241236005
NON FIBROTIC ILA ADJUDICATED,18,158902566,zebra,7,770,4,0.8431805032227803,0.005194805194805195,0.0020219574690050306,0.013280219334419372,0.7871626993954245,0.898799002791246
NON FIBROTIC ILA ADJUDICATED,18,158902566,zebra,8,769,11,0.9494388951633013,0.014304291287386216,0.008005744470847457,0.025431202429137063,0.8988500780327903,0.9852882260270938
NON FIBROTIC ILA ADJUDICATED,18,158902566,zebra,9,770,18,0.9963435417539607,0.023376623376623377,0.014837136266102694,0.036648162649531836,0.9852913008258685,1.0
NON FIBROTIC ILA ADJUDICATED,18,158902566,genomic,0,770,6,6.226709714272261e-106,0.007792207792207792,0.0035759904186376326,0.016895203829388215,0.0,5.94229770839787e-104
NON FIBROTIC ILA ADJUDICATED,18,158902566,genomic,1,769,2,1.73800664093636e-44,0.002600780234070221,0.0007135177289523901,0.009432753192718508,6.12399605785317e-104,6.78261417700181e-43
NON FIBROTIC ILA ADJUDICATED,18,158902566,genomic,2,770,4,6.217432291769831e-29,0.005194805194805195,0.0020219574690050306,0.013280219334419372,6.871038954699337e-43,3.038853326783181e-27
NON FIBROTIC ILA ADJUDICATED,18,158902566,genomic,3,769,10,1.3087747964551771e-16,0.013003901170351105,0.007078545900378475,0.023770548113126753,3.66564395564318e-27,2.301384747500696e-15
NON FIBROTIC ILA ADJUDICATED,18,158902566,genomic,4,770,2,2.4579586680119433e-11,0.0025974025974025974,0.0007125907061236786,0.009420568652699277,2.3150626730058856e-15,2.0531013629556573e-10
NON FIBROTIC ILA ADJUDICATED,18,158902566,genomic,5,769,3,2.5853593600903725e-08,0.0039011703511053317,0.001327618000260774,0.011406505807889416,2.0782782440621907e-10,1.218757113039642e-07
NON FIBROTIC ILA ADJUDICATED,18,158902566,genomic,6,769,4,1.2323090940772426e-06,0.005201560468140442,0.0020245891497467933,0.013297387544882687,1.236896034074112e-07,3.7770997555932084e-06
NON FIBROTIC ILA ADJUDICATED,18,158902566,genomic,7,770,8,2.0236985722987915e-05,0.01038961038961039,0.005273784940225151,0.020366426752402144,3.7813678196620924e-06,5.7324385469422944e-05
NON FIBROTIC ILA ADJUDICATED,18,158902566,genomic,8,769,4,0.00021834895140437796,0.005201560468140442,0.0020245891497467933,0.013297387544882687,5.7493344419997446e-05,0.0006151528666709147
NON FIBROTIC ILA ADJUDICATED,18,158902566,genomic,9,770,1,0.17366436427464774,0.0012987012987012987,0.00022928946639889794,0.007319361170123334,0.0006215355654116695,1.0
NON FIBROTIC ILA ADJUDICATED,18,158902566,combined,0,770,0,0.00960916876875807,0.0,0.0,0.004964141914221508,0.004914159119912462,0.011864297587326137
NON FIBROTIC ILA ADJUDICATED,18,158902566,combined,1,769,1,0.013617821379829097,0.0013003901170351106,0.0002295876800841234,0.007328830355107483,0.011864505094303115,0.015363551934991495
NON FIBROTIC ILA ADJUDICATED,18,158902566,combined,2,770,2,0.017173238963090594,0.0025974025974025974,0.0007125907061236786,0.009420568652699277,0.015368504165855177,0.019131980503916877
NON FIBROTIC ILA ADJUDICATED,18,158902566,combined,3,769,2,0.021791472948455074,0.002600780234070221,0.0007135177289523901,0.009432753192718508,0.019143312198361837,0.024840733847807318
NON FIBROTIC ILA ADJUDICATED,18,158902566,combined,4,770,4,0.02940481664577579,0.005194805194805195,0.0020219574690050306,0.013280219334419372,0.024858799825184314,0.03532860498030118
NON FIBROTIC ILA ADJUDICATED,18,158902566,combined,5,769,2,0.04443777419727707,0.002600780234070221,0.0007135177289523901,0.009432753192718508,0.03534629301469923,0.05486281326107291
NON FIBROTIC ILA ADJUDICATED,18,158902566,combined,6,769,8,0.0673138642371548,0.010403120936280884,0.005280654829476248,0.0203927334110704,0.054864333343785446,0.08111690110214871
NON FIBROTIC ILA ADJUDICATED,18,158902566,combined,7,770,4,0.09724487597988263,0.005194805194805195,0.0020219574690050306,0.013280219334419372,0.0811361372478551,0.11480574053702625
NON FIBROTIC ILA ADJUDICATED,18,158902566,combined,8,769,7,0.14442505497606842,0.009102730819245773,0.004416223152723785,0.01866931220134357,0.11499312727417314,0.1869354356177433
NON FIBROTIC ILA ADJUDICATED,18,158902566,combined,9,770,14,0.3061196063261263,0.01818181818181818,0.010860915582275707,0.030286348444155925,0.1870963128306393,0.7321991605921196
NON FIBROTIC ILA ADJUDICATED,19,558519638,zebra,0,770,0,0.23186510840328906,0.0,0.0,0.004964141914221508,0.11052533634471677,0.2601982884591711
NON FIBROTIC ILA ADJUDICATED,19,558519638,zebra,1,769,1,0.2865301939045115,0.0013003901170351106,0.0002295876800841234,0.007328830355107483,0.2602557535887989,0.3134172517546153
NON FIBROTIC ILA ADJUDICATED,19,558519638,zebra,2,770,0,0.343272483198898,0.0,0.0,0.004964141914221508,0.3134570424472098,0.3756791677534288
NON FIBROTIC ILA ADJUDICATED,19,558519638,zebra,3,769,0,0.4101933486563755,0.0,0.0,0.004970565148712315,0.37570357674586347,0.4465671966485919
NON FIBROTIC ILA ADJUDICATED,19,558519638,zebra,4,770,5,0.4922148495558115,0.006493506493506494,0.0027767335367897463,0.01510995198893538,0.4467701350760617,0.5424920108032121
NON FIBROTIC ILA ADJUDICATED,19,558519638,zebra,5,769,1,0.6015865299570289,0.0013003901170351106,0.0002295876800841234,0.007328830355107483,0.5425099846580176,0.6653217800268115
NON FIBROTIC ILA ADJUDICATED,19,558519638,zebra,6,769,4,0.731212228493602,0.005201560468140442,0.0020245891497467933,0.013297387544882687,0.6655225574187223,0.7913670010332758
NON FIBROTIC ILA ADJUDICATED,19,558519638,zebra,7,770,3,0.8451470494193821,0.003896103896103896,0.0013258926936253902,0.011391775387498288,0.7914864280637494,0.8989333182452957
NON FIBROTIC ILA ADJUDICATED,19,558519638,zebra,8,769,8,0.9485625216782435,0.010403120936280884,0.005280654829476248,0.0203927334110704,0.8989414097210439,0.984942449866396
NON FIBROTIC ILA ADJUDICATED,19,558519638,zebra,9,770,22,0.9963980361378898,0.02857142857142857,0.018942666074440347,0.04288066773039707,0.9849777659955009,1.0
NON FIBROTIC ILA ADJUDICATED,19,558519638,genomic,0,770,6,0.00020023217776641823,0.007792207792207792,0.0035759904186376326,0.016895203829388215,2.8355407804622413e-05,0.0003408805610762488
NON FIBROTIC ILA ADJUDICATED,19,558519638,genomic,1,769,6,0.0005006727463373445,0.007802340702210663,0.003580646807040671,0.016917035660547395,0.00034197394519956085,0.0006968770953527562
NON FIBROTIC ILA ADJUDICATED,19,558519638,genomic,2,770,5,0.0010119019987412919,0.006493506493506494,0.0027767335367897463,0.01510995198893538,0.0006984523440833608,0.0014171703373593368
NON FIBROTIC ILA ADJUDICATED,19,558519638,genomic,3,769,2,0.002241335257741388,0.002600780234070221,0.0007135177289523901,0.009432753192718508,0.0014175348175674552,0.003536817415416732
NON FIBROTIC ILA ADJUDICATED,19,558519638,genomic,4,770,5,0.008016746509996906,0.006493506493506494,0.0027767335367897463,0.01510995198893538,0.003549117975875897,0.017081653374131867
NON FIBROTIC ILA ADJUDICATED,19,558519638,genomic,5,769,7,0.03410185020149548,0.009102730819245773,0.004416223152723785,0.01866931220134357,0.017084825071500175,0.05134218342162119
NON FIBROTIC ILA ADJUDICATED,19,558519638,genomic,6,769,2,0.07321224006256669,0.002600780234070221,0.0007135177289523901,0.009432753192718508,0.05134863053548921,0.09702932500747855
NON FIBROTIC ILA ADJUDICATED,19,558519638,genomic,7,770,4,0.1272907749986927,0.005194805194805195,0.0020219574690050306,0.013280219334419372,0.09703525422176101,0.16338307322737025
NON FIBROTIC ILA ADJUDICATED,19,558519638,genomic,8,769,5,0.21342019467017065,0.006501950585175552,0.002780348414515579,0.015129481166593194,0.16395138039158924,0.27535085919796215
NON FIBROTIC ILA ADJUDICATED,19,558519638,genomic,9,770,2,0.4129673398082602,0.0025974025974025974,0.0007125907061236786,0.009420568652699277,0.27602056039038403,0.92043801338301
NON FIBROTIC ILA ADJUDICATED,19,558519638,combined,0,770,3,0.0008533533714396268,0.003896103896103896,0.0013258926936253902,0.011391775387498288,0.0002509610784977606,0.0012617112124060094
NON FIBROTIC ILA ADJUDICATED,19,558519638,combined,1,769,3,0.0016504014118181962,0.0039011703511053317,0.001327618000260774,0.011406505807889416,0.001262175410054938,0.002056559829150166
NON FIBROTIC ILA ADJUDICATED,19,558519638,combined,2,770,2,0.0025050182148504034,0.0025974025974025974,0.0007125907061236786,0.009420568652699277,0.0020576648496139134,0.0029981070636553933
NON FIBROTIC ILA ADJUDICATED,19,558519638,combined,3,769,3,0.0038494270741643998,0.0039011703511053317,0.001327618000260774,0.011406505807889416,0.0029985069291341288,0.004965951864065371
NON FIBROTIC ILA ADJUDICATED,19,558519638,combined,4,770,8,0.007201733075743045,0.01038961038961039,0.005273784940225151,0.020366426752402144,0.004970083614213511,0.010326948548910923
NON FIBROTIC ILA ADJUDICATED,19,558519638,combined,5,769,7,0.015978678548141154,0.009102730819245773,0.004416223152723785,0.01866931220134357,0.010356394122373158,0.023031377447299342
NON FIBROTIC ILA ADJUDICATED,19,558519638,combined,6,769,4,0.03220246963683124,0.005201560468140442,0.0020245891497467933,0.013297387544882687,0.02304098577545896,0.042258830448953386
NON FIBROTIC ILA ADJUDICATED,19,558519638,combined,7,770,1,0.05560481255038085,0.0012987012987012987,0.00022928946639889794,0.007319361170123334,0.04228378199448823,0.07313959148769775
NON FIBROTIC ILA ADJUDICATED,19,558519638,combined,8,769,4,0.10740925537163923,0.005201560468140442,0.0020245891497467933,0.013297387544882687,0.07317342077943942,0.15627368372918224
NON FIBROTIC ILA ADJUDICATED,19,558519638,combined,9,770,9,0.3064517377494466,0.011688311688311689,0.006161243000312308,0.022063477414615715,0.15627831581433718,0.8928551437820063
NON FIBROTIC ILA ADJUDICATED,20,261182165,zebra,0,770,0,0.23154410447563972,0.0,0.0,0.004964141914221508,0.11052533634471677,0.25972117591276184
NON FIBROTIC ILA ADJUDICATED,20,261182165,zebra,1,769,1,0.2853929675118041,0.0013003901170351106,0.0002295876800841234,0.007328830355107483,0.25975319901855765,0.3105244169359983
NON FIBROTIC ILA ADJUDICATED,20,261182165,zebra,2,770,0,0.3405200748723983,0.0,0.0,0.004964141914221508,0.31064370536082625,0.3744961545744017
NON FIBROTIC ILA ADJUDICATED,20,261182165,zebra,3,769,0,0.40988306299353494,0.0,0.0,0.004970565148712315,0.3746139423417925,0.44672848628970596
NON FIBROTIC ILA ADJUDICATED,20,261182165,zebra,4,770,4,0.49194582491919137,0.005194805194805195,0.0020219574690050306,0.013280219334419372,0.44672905390816225,0.5417702961116374
NON FIBROTIC ILA ADJUDICATED,20,261182165,zebra,5,769,2,0.6036620061553241,0.002600780234070221,0.0007135177289523901,0.009432753192718508,0.5418736368405029,0.6692291322857369
NON FIBROTIC ILA ADJUDICATED,20,261182165,zebra,6,769,6,0.7350548816893946,0.007802340702210663,0.003580646807040671,0.016917035660547395,0.6694026167331082,0.7934061048039297
NON FIBROTIC ILA ADJUDICATED,20,261182165,zebra,7,770,2,0.8482601408231498,0.0025974025974025974,0.0007125907061236786,0.009420568652699277,0.7934919360090515,0.9001264789018816
NON FIBROTIC ILA ADJUDICATED,20,261182165,zebra,8,769,9,0.9506691743555428,0.011703511053315995,0.006169270449727107,0.022091970677298834,0.9001362981113881,0.9859072326047379
NON FIBROTIC ILA ADJUDICATED,20,261182165,zebra,9,770,20,0.9967484151069508,0.025974025974025976,0.016876091691355087,0.03977822466888089,0.9859102920779055,1.0
NON FIBROTIC ILA ADJUDICATED,20,261182165,genomic,0,770,3,0.0026324862366146735,0.003896103896103896,0.0013258926936253902,0.011391775387498288,0.001207896351873192,0.0034884799172801655
NON FIBROTIC ILA ADJUDICATED,20,261182165,genomic,1,769,7,0.004252140513752192,0.009102730819245773,0.004416223152723785,0.01866931220134357,0.0034894776806260346,0.005043676800931056
NON FIBROTIC ILA ADJUDICATED,20,261182165,genomic,2,770,4,0.006093599866716899,0.005194805194805195,0.0020219574690050306,0.013280219334419372,0.00505026914591967,0.0072424187870403995
NON FIBROTIC ILA ADJUDICATED,20,261182165,genomic,3,769,4,0.008620715503799945,0.005201560468140442,0.0020245891497467933,0.013297387544882687,0.007247703342358885,0.01016550334977812
NON FIBROTIC ILA ADJUDICATED,20,261182165,genomic,4,770,3,0.012087724949639379,0.003896103896103896,0.0013258926936253902,0.011391775387498288,0.010167252584263027,0.014238425292979992
NON FIBROTIC ILA ADJUDICATED,20,261182165,genomic,5,769,4,0.01769449058431546,0.005201560468140442,0.0020245891497467933,0.013297387544882687,0.014244302405734516,0.02226542100332408
NON FIBROTIC ILA ADJUDICATED,20,261182165,genomic,6,769,2,0.030598899971974295,0.002600780234070221,0.0007135177289523901,0.009432753192718508,0.022271714309129116,0.04319874374169949
NON FIBROTIC ILA ADJUDICATED,20,261182165,genomic,7,770,5,0.07442013040876237,0.006493506493506494,0.0027767335367897463,0.01510995198893538,0.04332406048979981,0.11658856668744573
NON FIBROTIC ILA ADJUDICATED,20,261182165,genomic,8,769,3,0.1698495015936584,0.0039011703511053317,0.001327618000260774,0.011406505807889416,0.11667405520804879,0.23800458619222872
NON FIBROTIC ILA ADJUDICATED,20,261182165,genomic,9,770,9,0.38177038914254424,0.011688311688311689,0.006161243000312308,0.022063477414615715,0.23828523268621246,0.9314834107046885
NON FIBROTIC ILA ADJUDICATED,20,261182165,combined,0,770,0,0.004043218398746623,0.0,0.0,0.004964141914221508,0.001097412622419921,0.00557863334201207
NON FIBROTIC ILA ADJUDICATED,20,261182165,combined,1,769,2,0.0070022460314670696,0.002600780234070221,0.0007135177289523901,0.009432753192718508,0.005580951377417456,0.008472139849567711
NON FIBROTIC ILA ADJUDICATED,20,261182165,combined,2,770,2,0.010178611862029584,0.0025974025974025974,0.0007125907061236786,0.009420568652699277,0.008472708826545852,0.012088089319041921
NON FIBROTIC ILA ADJUDICATED,20,261182165,combined,3,769,1,0.014440851660382902,0.0013003901170351106,0.0002295876800841234,0.007328830355107483,0.01210622337003821,0.016884375443562222
NON FIBROTIC ILA ADJUDICATED,20,261182165,combined,4,770,1,0.020472384053716652,0.0012987012987012987,0.00022928946639889794,0.007319361170123334,0.016902981457581127,0.025042340045999107
NON FIBROTIC ILA ADJUDICATED,20,261182165,combined,5,769,5,0.03215383618716796,0.006501950585175552,0.002780348414515579,0.015129481166593194,0.025042495833217205,0.04165663428522196
NON FIBROTIC ILA ADJUDICATED,20,261182165,combined,6,769,4,0.05499091848787694,0.005201560468140442,0.0020245891497467933,0.013297387544882687,0.041726062926366395,0.0709372685515086
NON FIBROTIC ILA ADJUDICATED,20,261182165,combined,7,770,4,0.09391863868477386,0.005194805194805195,0.0020219574690050306,0.013280219334419372,0.0709642214756092,0.12304655482623542
NON FIBROTIC ILA ADJUDICATED,20,261182165,combined,8,769,15,0.17154196213460793,0.01950585175552666,0.01185585151954993,0.03193250692635176,0.12321935895587398,0.23877536769160998
NON FIBROTIC ILA ADJUDICATED,20,261182165,combined,9,770,10,0.3806770651853285,0.012987012987012988,0.007069333631553706,0.02373989550567504,0.23916222012488839,0.7151789633896475
NON FIBROTIC ILA ADJUDICATED,21,2006488022,zebra,0,770,0,0.23108498854169426,0.0,0.0,0.004964141914221508,0.1314070368880061,0.25960280809138825
NON FIBROTIC ILA ADJUDICATED,21,2006488022,zebra,1,769,0,0.2829131401882633,0.0,0.0,0.004970565148712315,0.25960526802058226,0.30795862944370395
NON FIBROTIC ILA ADJUDICATED,21,2006488022,zebra,2,770,0,0.3371559608986396,0.0,0.0,0.004964141914221508,0.3080594215125783,0.36954849087761055
NON FIBROTIC ILA ADJUDICATED,21,2006488022,zebra,3,769,0,0.40344675594466817,0.0,0.0,0.004970565148712315,0.36972497520431175,0.4393977214095019
NON FIBROTIC ILA ADJUDICATED,21,2006488022,zebra,4,770,2,0.4856317363584569,0.0025974025974025974,0.0007125907061236786,0.009420568652699277,0.4393988745561831,0.5368218326253179
NON FIBROTIC ILA ADJUDICATED,21,2006488022,zebra,5,769,2,0.5968528040151704,0.002600780234070221,0.0007135177289523901,0.009432753192718508,0.536850197496605,0.6588745089876784
NON FIBROTIC ILA ADJUDICATED,21,2006488022,zebra,6,769,3,0.7265405120479373,0.0039011703511053317,0.001327618000260774,0.011406505807889416,0.6590030779476188,0.7869327886043372
NON FIBROTIC ILA ADJUDICATED,21,2006488022,zebra,7,770,2,0.8416399859156057,0.0025974025974025974,0.0007125907061236786,0.009420568652699277,0.7873240453705099,0.897232731440224
NON FIBROTIC ILA ADJUDICATED,21,2006488022,zebra,8,769,10,0.9485031065324979,0.013003901170351105,0.007078545900378475,0.023770548113126753,0.8972336009602396,0.9851800129514333
NON FIBROTIC ILA ADJUDICATED,21,2006488022,zebra,9,770,25,0.996397771909675,0.032467532467532464,0.022086969431753586,0.04748989053998599,0.9852651300912427,1.0
NON FIBROTIC ILA ADJUDICATED,21,2006488022,genomic,0,770,6,0.00013900918257501904,0.007792207792207792,0.0035759904186376326,0.016895203829388215,8.763811805347943e-06,0.00023902512955639385
NON FIBROTIC ILA ADJUDICATED,21,2006488022,genomic,1,769,3,0.0003479248212389186,0.0039011703511053317,0.001327618000260774,0.011406505807889416,0.00023949744419668814,0.0004750129911913452
NON FIBROTIC ILA ADJUDICATED,21,2006488022,genomic,2,770,4,0.0006333670632443505,0.005194805194805195,0.0020219574690050306,0.013280219334419372,0.0004750884119616496,0.0008161726139520953
NON FIBROTIC ILA ADJUDICATED,21,2006488022,genomic,3,769,7,0.0010381750809837513,0.009102730819245773,0.004416223152723785,0.01866931220134357,0.0008165099586525161,0.0012965445977261118
NON FIBROTIC ILA ADJUDICATED,21,2006488022,genomic,4,770,3,0.0016986500376885093,0.003896103896103896,0.0013258926936253902,0.011391775387498288,0.001297046242973902,0.002208561129639134
NON FIBROTIC ILA ADJUDICATED,21,2006488022,genomic,5,769,3,0.0029383053896949946,0.0039011703511053317,0.001327618000260774,0.011406505807889416,0.0022089942916789828,0.003902534489359413
NON FIBROTIC ILA ADJUDICATED,21,2006488022,genomic,6,769,3,0.0055222231440724325,0.0039011703511053317,0.001327618000260774,0.011406505807889416,0.0039055711933037576,0.0077179840005487345
NON FIBROTIC ILA ADJUDICATED,21,2006488022,genomic,7,770,4,0.012227100972435703,0.005194805194805195,0.0020219574690050306,0.013280219334419372,0.00771909516293577,0.01924205790907047
NON FIBROTIC ILA ADJUDICATED,21,2006488022,genomic,8,769,8,0.04120293125467835,0.010403120936280884,0.005280654829476248,0.0203927334110704,0.01925028926273634,0.0854073392670478
NON FIBROTIC ILA ADJUDICATED,21,2006488022,genomic,9,770,3,0.32707466320265244,0.003896103896103896,0.0013258926936253902,0.011391775387498288,0.0855329878771504,0.9925289065326233
NON FIBROTIC ILA ADJUDICATED,21,2006488022,combined,0,770,1,0.00407752056135449,0.0012987012987012987,0.00022928946639889794,0.007319361170123334,0.002925881162276961,0.004579108540980639
NON FIBROTIC ILA ADJUDICATED,21,2006488022,combined,1,769,0,0.005120018438322841,0.0,0.0,0.004970565148712315,0.004582933935999224,0.005714901033029252
NON FIBROTIC ILA ADJUDICATED,21,2006488022,combined,2,770,2,0.0069331307728571,0.0025974025974025974,0.0007125907061236786,0.009420568652699277,0.0057237522441207014,0.008565121488665936
NON FIBROTIC ILA ADJUDICATED,21,2006488022,combined,3,769,1,0.010724020193335192,0.0013003901170351106,0.0002295876800841234,0.007328830355107483,0.00856716716541431,0.013138726877159185
NON FIBROTIC ILA ADJUDICATED,21,2006488022,combined,4,770,4,0.01601436983435876,0.005194805194805195,0.0020219574690050306,0.013280219334419372,0.013141908963525323,0.019362252214911314
NON FIBROTIC ILA ADJUDICATED,21,2006488022,combined,5,769,5,0.02471059947577006,0.006501950585175552,0.002780348414515579,0.015129481166593194,0.019378983139402135,0.030932879832154602
NON FIBROTIC ILA ADJUDICATED,21,2006488022,combined,6,769,8,0.04039365476918339,0.010403120936280884,0.005280654829476248,0.0203927334110704,0.03100615880531893,0.05164894521128219
NON FIBROTIC ILA ADJUDICATED,21,2006488022,combined,7,770,5,0.07132328380059264,0.006493506493506494,0.0027767335367897463,0.01510995198893538,0.05166111117575919,0.09610948992842462
NON FIBROTIC ILA ADJUDICATED,21,2006488022,combined,8,769,6,0.13723402965724052,0.007802340702210663,0.003580646807040671,0.016917035660547395,0.0961157620322154,0.18855718661676607
NON FIBROTIC ILA ADJUDICATED,21,2006488022,combined,9,770,12,0.29369016135976184,0.015584415584415584,0.008937040176158829,0.027041206405671363,0.18866205134590985,0.6268254996664921
NON FIBROTIC ILA ADJUDICATED,22,545477546,zebra,0,770,0,0.232185930786572,0.0,0.0,0.004964141914221508,0.11052533634471677,0.2610548534071459
NON FIBROTIC ILA ADJUDICATED,22,545477546,zebra,1,769,1,0.2864805175525527,0.0013003901170351106,0.0002295876800841234,0.007328830355107483,0.2611361694817833,0.3124139229420949
NON FIBROTIC ILA ADJUDICATED,22,545477546,zebra,2,770,0,0.3435893110709399,0.0,0.0,0.004964141914221508,0.3124457080547297,0.37722891098823874
NON FIBROTIC ILA ADJUDICATED,22,545477546,zebra,3,769,0,0.4129840434163723,0.0,0.0,0.004970565148712315,0.3773228513344084,0.44782601534663025
NON FIBROTIC ILA ADJUDICATED,22,545477546,zebra,4,770,2,0.4952007272947594,0.0025974025974025974,0.0007125907061236786,0.009420568652699277,0.4479285752187333,0.5469272394072229
NON FIBROTIC ILA ADJUDICATED,22,545477546,zebra,5,769,3,0.6099738773372005,0.0039011703511053317,0.001327618000260774,0.011406505807889416,0.5469501339296855,0.6710238032622696
NON FIBROTIC ILA ADJUDICATED,22,545477546,zebra,6,769,6,0.7351466016440157,0.007802340702210663,0.003580646807040671,0.016917035660547395,0.6711038564817682,0.7957649259701614
NON FIBROTIC ILA ADJUDICATED,22,545477546,zebra,7,770,1,0.8508486569690692,0.0012987012987012987,0.00022928946639889794,0.007319361170123334,0.7958179096607144,0.9046954936599794
NON FIBROTIC ILA ADJUDICATED,22,545477546,zebra,8,769,10,0.9535123247936282,0.013003901170351105,0.007078545900378475,0.023770548113126753,0.9047173686575437,0.9866728440156178
NON FIBROTIC ILA ADJUDICATED,22,545477546,zebra,9,770,21,0.9969888678586795,0.02727272727272727,0.017906160074157684,0.04133266500837901,0.986683171002475,1.0
NON FIBROTIC ILA ADJUDICATED,22,545477546,genomic,0,770,5,2.2035928897714466e-35,0.006493506493506494,0.0027767335367897463,0.01510995198893538,7.29234557506868e-55,2.8186638635376253e-34
NON FIBROTIC ILA ADJUDICATED,22,545477546,genomic,1,769,3,5.738246013665719e-31,0.0039011703511053317,0.001327618000260774,0.011406505807889416,3.0207878901255346e-34,5.660701047900887e-30
NON FIBROTIC ILA ADJUDICATED,22,545477546,genomic,2,770,6,3.1089236788178537e-22,0.007792207792207792,0.0035759904186376326,0.016895203829388215,5.675341486427994e-30,8.596235353518375e-21
NON FIBROTIC ILA ADJUDICATED,22,545477546,genomic,3,769,4,3.317434975552076e-16,0.005201560468140442,0.0020245891497467933,0.013297387544882687,8.803260323294414e-21,1.8508694631429715e-15
NON FIBROTIC ILA ADJUDICATED,22,545477546,genomic,4,770,9,2.8188547065819683e-14,0.011688311688311689,0.006161243000312308,0.022063477414615715,1.890211089251872e-15,1.0305888001190543e-13
NON FIBROTIC ILA ADJUDICATED,22,545477546,genomic,5,769,3,1.0153947986432706e-12,0.0039011703511053317,0.001327618000260774,0.011406505807889416,1.0338909675232852e-13,3.900822611747485e-12
NON FIBROTIC ILA ADJUDICATED,22,545477546,genomic,6,769,3,4.3539195183648106e-11,0.0039011703511053317,0.001327618000260774,0.011406505807889416,3.9055671777105225e-12,1.6387181663946364e-10
NON FIBROTIC ILA ADJUDICATED,22,545477546,genomic,7,770,3,2.398070026299735e-09,0.003896103896103896,0.0013258926936253902,0.011391775387498288,1.6650683053731923e-10,1.1154732931493822e-08
NON FIBROTIC ILA ADJUDICATED,22,545477546,genomic,8,769,4,6.941775270921473e-07,0.005201560468140442,0.0020245891497467933,0.013297387544882687,1.117633456938231e-08,5.028240477011104e-06
NON FIBROTIC ILA ADJUDICATED,22,545477546,genomic,9,770,4,0.292715706877681,0.005194805194805195,0.0020219574690050306,0.013280219334419372,5.035892786251248e-06,1.0
NON FIBROTIC ILA ADJUDICATED,22,545477546,combined,0,770,0,0.008109482621776565,0.0,0.0,0.004964141914221508,0.004147615903230331,0.009393468268498944
NON FIBROTIC ILA ADJUDICATED,22,545477546,combined,1,769,1,0.010359629826213267,0.0013003901170351106,0.0002295876800841234,0.007328830355107483,0.009394822355194598,0.011306978293236156
NON FIBROTIC ILA ADJUDICATED,22,545477546,combined,2,770,0,0.0123388369862941,0.0,0.0,0.004964141914221508,0.011307403595252494,0.013464186024198611
NON FIBROTIC ILA ADJUDICATED,22,545477546,combined,3,769,2,0.014948869900301448,0.002600780234070221,0.0007135177289523901,0.009432753192718508,0.013469185857730099,0.016716282563591946
NON FIBROTIC ILA ADJUDICATED,22,545477546,combined,4,770,2,0.020836624587807186,0.0025974025974025974,0.0007125907061236786,0.009420568652699277,0.016725756088779062,0.027650320430845938
NON FIBROTIC ILA ADJUDICATED,22,545477546,combined,5,769,6,0.03804159037846699,0.007802340702210663,0.003580646807040671,0.016917035660547395,0.027669338934118645,0.04898779112525854
NON FIBROTIC ILA ADJUDICATED,22,545477546,combined,6,769,7,0.06166850804479196,0.009102730819245773,0.004416223152723785,0.01866931220134357,0.04901718934432753,0.07537442495740596
NON FIBROTIC ILA ADJUDICATED,22,545477546,combined,7,770,11,0.09317360590608212,0.014285714285714285,0.007995323688185082,0.025398414171344384,0.0753995211689643,0.11415103848963304
NON FIBROTIC ILA ADJUDICATED,22,545477546,combined,8,769,3,0.14336116227377418,0.0039011703511053317,0.001327618000260774,0.011406505807889416,0.1141578892625324,0.1754094955553177
NON FIBROTIC ILA ADJUDICATED,22,545477546,combined,9,770,12,0.23249534673722877,0.015584415584415584,0.008937040176158829,0.027041206405671363,0.17542120349647036,0.4171937529477534
NON FIBROTIC ILA ADJUDICATED,23,274685219,zebra,0,770,0,0.2318558876886836,0.0,0.0,0.004964141914221508,0.11052533634471677,0.2616542840184007
NON FIBROTIC ILA ADJUDICATED,23,274685219,zebra,1,769,1,0.2880293044039084,0.0013003901170351106,0.0002295876800841234,0.007328830355107483,0.2617403435599508,0.3138726420157863
NON FIBROTIC ILA ADJUDICATED,23,274685219,zebra,2,770,0,0.34544068451940013,0.0,0.0,0.004964141914221508,0.3138879619137422,0.3777576836933187
NON FIBROTIC ILA ADJUDICATED,23,274685219,zebra,3,769,0,0.41367981557126343,0.0,0.0,0.004970565148712315,0.37784322513235363,0.4508411953559693
NON FIBROTIC ILA ADJUDICATED,23,274685219,zebra,4,770,3,0.4958706328677731,0.003896103896103896,0.0013258926936253902,0.011391775387498288,0.4508710601155905,0.5461749441468922
NON FIBROTIC ILA ADJUDICATED,23,274685219,zebra,5,769,2,0.6036586925451644,0.002600780234070221,0.0007135177289523901,0.009432753192718508,0.5463133895417694,0.6653217800268115
NON FIBROTIC ILA ADJUDICATED,23,274685219,zebra,6,769,6,0.7320427234060685,0.007802340702210663,0.003580646807040671,0.016917035660547395,0.6654752866632145,0.7936409735970521
NON FIBROTIC ILA ADJUDICATED,23,274685219,zebra,7,770,1,0.8485442211949668,0.0012987012987012987,0.00022928946639889794,0.007319361170123334,0.7937301011637126,0.9004332446160401
NON FIBROTIC ILA ADJUDICATED,23,274685219,zebra,8,769,11,0.9507847869250723,0.014304291287386216,0.008005744470847457,0.025431202429137063,0.9005024272058008,0.9853138761542591
NON FIBROTIC ILA ADJUDICATED,23,274685219,zebra,9,770,20,0.9966291959406008,0.025974025974025976,0.016876091691355087,0.03977822466888089,0.985389945076186,1.0
NON FIBROTIC ILA ADJUDICATED,23,274685219,genomic,0,770,8,0.004497187821208723,0.01038961038961039,0.005273784940225151,0.020366426752402144,0.002287871631567315,0.0056134035928857955
NON FIBROTIC ILA ADJUDICATED,23,274685219,genomic,1,769,6,0.006436900654059687,0.007802340702210663,0.003580646807040671,0.016917035660547395,0.00561581911881743,0.007247167521533206
NON FIBROTIC ILA ADJUDICATED,23,274685219,genomic,2,770,4,0.008133528816482069,0.005194805194805195,0.0020219574690050306,0.013280219334419372,0.00724913469036369,0.009099922509166235
NON FIBROTIC ILA ADJUDICATED,23,274685219,genomic,3,769,3,0.010091215879209192,0.0039011703511053317,0.001327618000260774,0.011406505807889416,0.00910008507128907,0.011156988574993438
NON FIBROTIC ILA ADJUDICATED,23,274685219,genomic,4,770,5,0.012492893741639945,0.006493506493506494,0.0027767335367897463,0.01510995198893538,0.011157857765484412,0.013890025094857672
NON FIBROTIC ILA ADJUDICATED,23,274685219,genomic,5,769,3,0.015729790868808092,0.0039011703511053317,0.001327618000260774,0.011406505807889416,0.013890045163779454,0.017948415573327735
NON FIBROTIC ILA ADJUDICATED,23,274685219,genomic,6,769,5,0.02085282040409559,0.006501950585175552,0.002780348414515579,0.015129481166593194,0.01795189555097712,0.024454057553801745
NON FIBROTIC ILA ADJUDICATED,23,274685219,genomic,7,770,3,0.0288633526989693,0.003896103896103896,0.0013258926936253902,0.011391775387498288,0.024456030534424876,0.03444920423564204
NON FIBROTIC ILA ADJUDICATED,23,274685219,genomic,8,769,3,0.04418304239271262,0.0039011703511053317,0.001327618000260774,0.011406505807889416,0.0344536756141862,0.05755074153031177
NON FIBROTIC ILA ADJUDICATED,23,274685219,genomic,9,770,4,0.10494020258250421,0.005194805194805195,0.0020219574690050306,0.013280219334419372,0.057669819842027896,0.6708249781635736
NON FIBROTIC ILA ADJUDICATED,23,274685219,combined,0,770,3,2.6759578773538738e-05,0.003896103896103896,0.0013258926936253902,0.011391775387498288,4.493112616543627e-06,4.223271896007269e-05
NON FIBROTIC ILA ADJUDICATED,23,274685219,combined,1,769,0,5.8012763324366964e-05,0.0,0.0,0.004970565148712315,4.223492332267115e-05,7.368220364236914e-05
NON FIBROTIC ILA ADJUDICATED,23,274685219,combined,2,770,2,9.481989275465367e-05,0.0025974025974025974,0.0007125907061236786,0.009420568652699277,7.369273554996428e-05,0.00011937737127374147
NON FIBROTIC ILA ADJUDICATED,23,274685219,combined,3,769,3,0.00015664930368106825,0.0039011703511053317,0.001327618000260774,0.011406505807889416,0.00011951977805718295,0.00020554687978785948
NON FIBROTIC ILA ADJUDICATED,23,274685219,combined,4,770,1,0.00030350306200528366,0.0012987012987012987,0.00022928946639889794,0.007319361170123334,0.00020579794282514675,0.0004679472604683925
NON FIBROTIC ILA ADJUDICATED,23,274685219,combined,5,769,5,0.01225885768549808,0.006501950585175552,0.002780348414515579,0.015129481166593194,0.0004682806634050088,0.04421392751936031
NON FIBROTIC ILA ADJUDICATED,23,274685219,combined,6,769,5,0.07408751958715751,0.006501950585175552,0.002780348414515579,0.015129481166593194,0.04428531758503786,0.10448208964777254
NON FIBROTIC ILA ADJUDICATED,23,274685219,combined,7,770,7,0.13762471209613403,0.00909090909090909,0.004410478976495486,0.01864522399383109,0.10449287732886926,0.17806884424383487
NON FIBROTIC ILA ADJUDICATED,23,274685219,combined,8,769,7,0.240864732137463,0.009102730819245773,0.004416223152723785,0.01866931220134357,0.1784800169743859,0.3215789938666284
NON FIBROTIC ILA ADJUDICATED,23,274685219,combined,9,770,11,0.5029212638023972,0.014285714285714285,0.007995323688185082,0.025398414171344384,0.3220943115077625,0.9937435708088411
NON FIBROTIC ILA ADJUDICATED,24,309881235,zebra,0,770,0,0.23252809673520256,0.0,0.0,0.004964141914221508,0.11052533634471677,0.261929049148748
NON FIBROTIC ILA ADJUDICATED,24,309881235,zebra,1,769,1,0.28727933788715804,0.0013003901170351106,0.0002295876800841234,0.007328830355107483,0.2621427438396359,0.3124457080547297
NON FIBROTIC ILA ADJUDICATED,24,309881235,zebra,2,770,0,0.3418580187949089,0.0,0.0,0.004964141914221508,0.31247807889891516,0.37394430797350053
NON FIBROTIC ILA ADJUDICATED,24,309881235,zebra,3,769,0,0.4099790364812758,0.0,0.0,0.004970565148712315,0.37419969814270454,0.44672848628970596
NON FIBROTIC ILA ADJUDICATED,24,309881235,zebra,4,770,2,0.49222545610428403,0.0025974025974025974,0.0007125907061236786,0.009420568652699277,0.44672905390816225,0.5408270848308355
NON FIBROTIC ILA ADJUDICATED,24,309881235,zebra,5,769,2,0.602298870938089,0.002600780234070221,0.0007135177289523901,0.009432753192718508,0.5408992193248753,0.6647868754304452
NON FIBROTIC ILA ADJUDICATED,24,309881235,zebra,6,769,7,0.7333260646345006,0.009102730819245773,0.004416223152723785,0.01866931220134357,0.6648290181595178,0.7937301011637126
NON FIBROTIC ILA ADJUDICATED,24,309881235,zebra,7,770,2,0.85002361036422,0.0025974025974025974,0.0007125907061236786,0.009420568652699277,0.7940705398672191,0.9047106988493917
NON FIBROTIC ILA ADJUDICATED,24,309881235,zebra,8,769,9,0.9529399878082017,0.011703511053315995,0.006169270449727107,0.022091970677298834,0.9052206564950446,0.9858607951392028
NON FIBROTIC ILA ADJUDICATED,24,309881235,zebra,9,770,21,0.9967560219324882,0.02727272727272727,0.017906160074157684,0.04133266500837901,0.9859072326047379,1.0
NON FIBROTIC ILA ADJUDICATED,24,309881235,genomic,0,770,7,2.223578430608267e-137,0.00909090909090909,0.004410478976495486,0.01864522399383109,2.858778524490043e-256,1.5856944826972813e-135
NON FIBROTIC ILA ADJUDICATED,24,309881235,genomic,1,769,3,2.154860068434783e-117,0.0039011703511053317,0.001327618000260774,0.011406505807889416,1.6345333301334607e-135,8.520162083217285e-116
NON FIBROTIC ILA ADJUDICATED,24,309881235,genomic,2,770,4,8.518323782152326e-104,0.005194805194805195,0.0020219574690050306,0.013280219334419372,8.933863027207266e-116,2.2396329174032085e-102
NON FIBROTIC ILA ADJUDICATED,24,309881235,genomic,3,769,0,1.7036260031429974e-92,0.0,0.0,0.004970565148712315,2.474123194844857e-102,3.797856830564674e-91
NON FIBROTIC ILA ADJUDICATED,24,309881235,genomic,4,770,6,6.226170110881061e-82,0.007792207792207792,0.0035759904186376326,0.016895203829388215,3.944558936712731e-91,1.6579849620028386e-80
NON FIBROTIC ILA ADJUDICATED,24,309881235,genomic,5,769,4,6.85340868323379e-72,0.005201560468140442,0.0020245891497467933,0.013297387544882687,1.740812715968418e-80,1.2679016791915385e-70
NON FIBROTIC ILA ADJUDICATED,24,309881235,genomic,6,769,5,7.986231087743119e-62,0.006501950585175552,0.002780348414515579,0.015129481166593194,1.2838944640821295e-70,2.5288728854085634e-60
NON FIBROTIC ILA ADJUDICATED,24,309881235,genomic,7,770,9,2.0865961731267498e-49,0.011688311688311689,0.006161243000312308,0.022063477414615715,2.5573729539170095e-60,7.068862343234958e-48
NON FIBROTIC ILA ADJUDICATED,24,309881235,genomic,8,769,1,6.155700899749765e-34,0.0013003901170351106,0.0002295876800841234,0.007328830355107483,7.51921058668266e-48,4.5917293323219147e-32
NON FIBROTIC ILA ADJUDICATED,24,309881235,genomic,9,770,5,0.17492153105027977,0.006493506493506494,0.0027767335367897463,0.01510995198893538,4.610405837587152e-32,1.0
NON FIBROTIC ILA ADJUDICATED,24,309881235,combined,0,770,1,0.010223043579643409,0.0012987012987012987,0.00022928946639889794,0.007319361170123334,0.006234990510013518,0.011859158371629635
NON FIBROTIC ILA ADJUDICATED,24,309881235,combined,1,769,0,0.013057253239397068,0.0,0.0,0.004970565148712315,0.011859623781997482,0.014240510977579219
NON FIBROTIC ILA ADJUDICATED,24,309881235,combined,2,770,1,0.015517674025836274,0.0012987012987012987,0.00022928946639889794,0.007319361170123334,0.014240830858039896,0.01694835155833485
NON FIBROTIC ILA ADJUDICATED,24,309881235,combined,3,769,0,0.019143151716175266,0.0,0.0,0.004970565148712315,0.016957971673630605,0.022216515608905616
NON FIBROTIC ILA ADJUDICATED,24,309881235,combined,4,770,2,0.03487730715861723,0.0025974025974025974,0.0007125907061236786,0.009420568652699277,0.022219450638182994,0.04951054441656127
NON FIBROTIC ILA ADJUDICATED,24,309881235,combined,5,769,5,0.06025712887094721,0.006501950585175552,0.002780348414515579,0.015129481166593194,0.04951835658594119,0.07073240392599354
NON FIBROTIC ILA ADJUDICATED,24,309881235,combined,6,769,4,0.08098479732820153,0.005201560468140442,0.0020245891497467933,0.013297387544882687,0.07085247054401432,0.09224170306699167
NON FIBROTIC ILA ADJUDICATED,24,309881235,combined,7,770,8,0.10706142752972843,0.01038961038961039,0.005273784940225151,0.020366426752402144,0.09225032948390498,0.12451375910095597
NON FIBROTIC ILA ADJUDICATED,24,309881235,combined,8,769,10,0.14979612002739323,0.013003901170351105,0.007078545900378475,0.023770548113126753,0.1246174052060805,0.18280461513204527
NON FIBROTIC ILA ADJUDICATED,24,309881235,combined,9,770,13,0.24930695622428406,0.016883116883116882,0.009892721428977881,0.028670033875153024,0.18282923520626831,0.4498827767669595
NON FIBROTIC ILA ADJUDICATED,25,2000420064,zebra,0,770,0,0.2331114128763763,0.0,0.0,0.004964141914221508,0.11893743948205666,0.26119474251243924
NON FIBROTIC ILA ADJUDICATED,25,2000420064,zebra,1,769,1,0.28785897354625833,0.0013003901170351106,0.0002295876800841234,0.007328830355107483,0.26122351629499085,0.31282001579730256
NON FIBROTIC ILA ADJUDICATED,25,2000420064,zebra,2,770,0,0.34397426412092985,0.0,0.0,0.004964141914221508,0.31284944483864957,0.3766736141998482
NON FIBROTIC ILA ADJUDICATED,25,2000420064,zebra,3,769,0,0.41374371731125137,0.0,0.0,0.004970565148712315,0.3767025563913176,0.4506145439773199
NON FIBROTIC ILA ADJUDICATED,25,2000420064,zebra,4,770,4,0.4954964052266542,0.005194805194805195,0.0020219574690050306,0.013280219334419372,0.45064582911351253,0.5450560435157227
NON FIBROTIC ILA ADJUDICATED,25,2000420064,zebra,5,769,3,0.6067996241423774,0.0039011703511053317,0.001327618000260774,0.011406505807889416,0.5454256290619959,0.6710941022044679
NON FIBROTIC ILA ADJUDICATED,25,2000420064,zebra,6,769,6,0.7341586580761384,0.007802340702210663,0.003580646807040671,0.016917035660547395,0.6711936920522155,0.7913408419573393
NON FIBROTIC ILA ADJUDICATED,25,2000420064,zebra,7,770,2,0.8484620718308449,0.0025974025974025974,0.0007125907061236786,0.009420568652699277,0.7913670010332758,0.901450315923878
NON FIBROTIC ILA ADJUDICATED,25,2000420064,zebra,8,769,12,0.9511741736763016,0.015604681404421327,0.008948690331271528,0.027076109455192295,0.9015635813244769,0.9856611905222097
NON FIBROTIC ILA ADJUDICATED,25,2000420064,zebra,9,770,16,0.9965761878369899,0.02077922077922078,0.012830175613871217,0.033486105857161864,0.9856793662718599,1.0
NON FIBROTIC ILA ADJUDICATED,25,2000420064,genomic,0,770,4,0.0007149855879086976,0.005194805194805195,0.0020219574690050306,0.013280219334419372,0.00026394152653208265,0.0010790802054363464
NON FIBROTIC ILA ADJUDICATED,25,2000420064,genomic,1,769,2,0.00156294900734999,0.002600780234070221,0.0007135177289523901,0.009432753192718508,0.001081981033056914,0.002215252426995615
NON FIBROTIC ILA ADJUDICATED,25,2000420064,genomic,2,770,5,0.003293165620816353,0.006493506493506494,0.0027767335367897463,0.01510995198893538,0.00221528838499078,0.005072418619305993
NON FIBROTIC ILA ADJUDICATED,25,2000420064,genomic,3,769,3,0.025424042120612767,0.0039011703511053317,0.001327618000260774,0.011406505807889416,0.005091010089254951,0.06537486499734203
NON FIBROTIC ILA ADJUDICATED,25,2000420064,genomic,4,770,3,0.08384413748503602,0.003896103896103896,0.0013258926936253902,0.011391775387498288,0.06540784959215044,0.1000846394852474
NON FIBROTIC ILA ADJUDICATED,25,2000420064,genomic,5,769,7,0.11655047228485108,0.009102730819245773,0.004416223152723785,0.01866931220134357,0.10013285823664934,0.13278458261661263
NON FIBROTIC ILA ADJUDICATED,25,2000420064,genomic,6,769,6,0.15001031727285663,0.007802340702210663,0.003580646807040671,0.016917035660547395,0.1328191670090363,0.16826475763735949
NON FIBROTIC ILA ADJUDICATED,25,2000420064,genomic,7,770,8,0.19145426103013016,0.01038961038961039,0.005273784940225151,0.020366426752402144,0.16835959438140974,0.21760648007937627
NON FIBROTIC ILA ADJUDICATED,25,2000420064,genomic,8,769,3,0.2527688036546349,0.0039011703511053317,0.001327618000260774,0.011406505807889416,0.2178678898525435,0.2980767661345581
NON FIBROTIC ILA ADJUDICATED,25,2000420064,genomic,9,770,3,0.3981235206279021,0.003896103896103896,0.0013258926936253902,0.011391775387498288,0.29830435845923003,0.7674361140962129
NON FIBROTIC ILA ADJUDICATED,25,2000420064,combined,0,770,0,0.003717904253648745,0.0,0.0,0.004964141914221508,0.002068520063774702,0.004578932635334854
NON FIBROTIC ILA ADJUDICATED,25,2000420064,combined,1,769,1,0.005336483121559554,0.0013003901170351106,0.0002295876800841234,0.007328830355107483,0.0045792519157922835,0.006072362024748411
NON FIBROTIC ILA ADJUDICATED,25,2000420064,combined,2,770,0,0.006831656323132405,0.0,0.0,0.004964141914221508,0.0060727330161164895,0.007628656713002076
NON FIBROTIC ILA ADJUDICATED,25,2000420064,combined,3,769,2,0.008506142503136976,0.002600780234070221,0.0007135177289523901,0.009432753192718508,0.00762908101309248,0.009486386460229142
NON FIBROTIC ILA ADJUDICATED,25,2000420064,combined,4,770,7,0.010874811382919503,0.00909090909090909,0.004410478976495486,0.01864522399383109,0.009486515830861164,0.012583465556559065
NON FIBROTIC ILA ADJUDICATED,25,2000420064,combined,5,769,2,0.015456002900118265,0.002600780234070221,0.0007135177289523901,0.009432753192718508,0.012585512005870061,0.019610095005181117
NON FIBROTIC ILA ADJUDICATED,25,2000420064,combined,6,769,5,0.0263121306796087,0.006501950585175552,0.002780348414515579,0.015129481166593194,0.01961792854870674,0.033981094043051316
NON FIBROTIC ILA ADJUDICATED,25,2000420064,combined,7,770,4,0.0469696932518998,0.005194805194805195,0.0020219574690050306,0.013280219334419372,0.03399268936827805,0.0657886648875995
NON FIBROTIC ILA ADJUDICATED,25,2000420064,combined,8,769,8,0.10363396668483378,0.010403120936280884,0.005280654829476248,0.0203927334110704,0.06581156776324514,0.15418675153016922
NON FIBROTIC ILA ADJUDICATED,25,2000420064,combined,9,770,15,0.26338902282126425,0.01948051948051948,0.011840409174050253,0.0318913635746821,0.1542604402482691,0.6264892690835323
NON FIBROTIC ILA ADJUDICATED,26,664200078,zebra,0,770,0,0.23222020314204256,0.0,0.0,0.004964141914221508,0.11052533634471677,0.2615951007755146
NON FIBROTIC ILA ADJUDICATED,26,664200078,zebra,1,769,1,0.2871564921802013,0.0013003901170351106,0.0002295876800841234,0.007328830355107483,0.2616542840184007,0.31247807889891516
NON FIBROTIC ILA ADJUDICATED,26,664200078,zebra,2,770,0,0.34333418736515287,0.0,0.0,0.004964141914221508,0.31251658157875567,0.37696740349922486
NON FIBROTIC ILA ADJUDICATED,26,664200078,zebra,3,769,0,0.4129398358353701,0.0,0.0,0.004970565148712315,0.3770942218096785,0.44856133829255057
NON FIBROTIC ILA ADJUDICATED,26,664200078,zebra,4,770,1,0.4919541688498808,0.0012987012987012987,0.00022928946639889794,0.007319361170123334,0.4486562263513438,0.5409954466236838
NON FIBROTIC ILA ADJUDICATED,26,664200078,zebra,5,769,3,0.5999092128690104,0.0039011703511053317,0.001327618000260774,0.011406505807889416,0.5412345068279721,0.662980433012624
NON FIBROTIC ILA ADJUDICATED,26,664200078,zebra,6,769,6,0.7261850415545367,0.007802340702210663,0.003580646807040671,0.016917035660547395,0.6630148547834747,0.7871626993954245
NON FIBROTIC ILA ADJUDICATED,26,664200078,zebra,7,770,4,0.8421638616237933,0.005194805194805195,0.0020219574690050306,0.013280219334419372,0.7873051008094597,0.8974597041978729
NON FIBROTIC ILA ADJUDICATED,26,664200078,zebra,8,769,8,0.9485336488113529,0.010403120936280884,0.005280654829476248,0.0203927334110704,0.8974697903393344,0.9852882260270938
NON FIBROTIC ILA ADJUDICATED,26,664200078,zebra,9,770,21,0.9962894347174501,0.02727272727272727,0.017906160074157684,0.04133266500837901,0.9852913008258685,1.0
NON FIBROTIC ILA ADJUDICATED,26,664200078,genomic,0,770,5,0.0,0.006493506493506494,0.0027767335367897463,0.01510995198893538,0.0,0.0
NON FIBROTIC ILA ADJUDICATED,26,664200078,genomic,1,769,5,0.0,0.006501950585175552,0.002780348414515579,0.015129481166593194,0.0,0.0
NON FIBROTIC ILA ADJUDICATED,26,664200078,genomic,2,770,5,0.0,0.006493506493506494,0.0027767335367897463,0.01510995198893538,0.0,0.0
NON FIBROTIC ILA ADJUDICATED,26,664200078,genomic,3,769,6,0.0,0.007802340702210663,0.003580646807040671,0.016917035660547395,0.0,0.0
NON FIBROTIC ILA ADJUDICATED,26,664200078,genomic,4,770,2,0.0,0.0025974025974025974,0.0007125907061236786,0.009420568652699277,0.0,0.0
NON FIBROTIC ILA ADJUDICATED,26,664200078,genomic,5,769,3,0.0,0.0039011703511053317,0.001327618000260774,0.011406505807889416,0.0,0.0
NON FIBROTIC ILA ADJUDICATED,26,664200078,genomic,6,769,4,0.0,0.005201560468140442,0.0020245891497467933,0.013297387544882687,0.0,0.0
NON FIBROTIC ILA ADJUDICATED,26,664200078,genomic,7,770,7,0.0,0.00909090909090909,0.004410478976495486,0.01864522399383109,0.0,0.0
NON FIBROTIC ILA ADJUDICATED,26,664200078,genomic,8,769,5,1.9491311941119867e-79,0.006501950585175552,0.002780348414515579,0.015129481166593194,0.0,6.8668543332357126e-77
NON FIBROTIC ILA ADJUDICATED,26,664200078,genomic,9,770,2,0.8684738466370885,0.0025974025974025974,0.0007125907061236786,0.009420568652699277,3.6457023261617525e-76,1.0
NON FIBROTIC ILA ADJUDICATED,26,664200078,combined,0,770,0,0.004746687416438627,0.0,0.0,0.004964141914221508,0.0036752668022116994,0.005229751460199467
NON FIBROTIC ILA ADJUDICATED,26,664200078,combined,1,769,0,0.0055855379844896155,0.0,0.0,0.004970565148712315,0.00522976772581074,0.0059356134146265815
NON FIBROTIC ILA ADJUDICATED,26,664200078,combined,2,770,1,0.006302340576315465,0.0012987012987012987,0.00022928946639889794,0.007319361170123334,0.005937709767012295,0.00668500718340511
NON FIBROTIC ILA ADJUDICATED,26,664200078,combined,3,769,1,0.007148418556871429,0.0013003901170351106,0.0002295876800841234,0.007328830355107483,0.006685297526504858,0.007705010607388925
NON FIBROTIC ILA ADJUDICATED,26,664200078,combined,4,770,1,0.008465448875197859,0.0012987012987012987,0.00022928946639889794,0.007319361170123334,0.00770703535161581,0.009287628999786956
NON FIBROTIC ILA ADJUDICATED,26,664200078,combined,5,769,1,0.010665733998157623,0.0013003901170351106,0.0002295876800841234,0.007328830355107483,0.009288156739717083,0.012206817439729102
NON FIBROTIC ILA ADJUDICATED,26,664200078,combined,6,769,6,0.014671558261276987,0.007802340702210663,0.003580646807040671,0.016917035660547395,0.012213279692660778,0.017748075302505356
NON FIBROTIC ILA ADJUDICATED,26,664200078,combined,7,770,12,0.02364709026708186,0.015584415584415584,0.008937040176158829,0.027041206405671363,0.017749021713794392,0.031472331594861555
NON FIBROTIC ILA ADJUDICATED,26,664200078,combined,8,769,6,0.04516563046796859,0.007802340702210663,0.003580646807040671,0.016917035660547395,0.031472582597841664,0.06703549629850217
NON FIBROTIC ILA ADJUDICATED,26,664200078,combined,9,770,16,0.13897933759042205,0.02077922077922078,0.012830175613871217,0.033486105857161864,0.06712870763333191,0.4856153176905901
NON FIBROTIC ILA ADJUDICATED,27,1076202781,zebra,0,770,0,0.23286396800058515,0.0,0.0,0.004964141914221508,0.11052533634471677,0.2616542840184007
NON FIBROTIC ILA ADJUDICATED,27,1076202781,zebra,1,769,1,0.2874807590085948,0.0013003901170351106,0.0002295876800841234,0.007328830355107483,0.2617403435599508,0.31370978460794746
NON FIBROTIC ILA ADJUDICATED,27,1076202781,zebra,2,770,0,0.3435082614226215,0.0,0.0,0.004964141914221508,0.31382641006507933,0.3767956686151036
NON FIBROTIC ILA ADJUDICATED,27,1076202781,zebra,3,769,0,0.41255531390300676,0.0,0.0,0.004970565148712315,0.37683945180767486,0.44776950291295897
NON FIBROTIC ILA ADJUDICATED,27,1076202781,zebra,4,770,3,0.49501658959591627,0.003896103896103896,0.0013258926936253902,0.011391775387498288,0.44782601534663025,0.5466750339394253
NON FIBROTIC ILA ADJUDICATED,27,1076202781,zebra,5,769,0,0.6074896436270453,0.0,0.0,0.004970565148712315,0.5467035283462399,0.6715718147775875
NON FIBROTIC ILA ADJUDICATED,27,1076202781,zebra,6,769,5,0.7423334227739374,0.006501950585175552,0.002780348414515579,0.015129481166593194,0.6717477902220981,0.8017069783873408
NON FIBROTIC ILA ADJUDICATED,27,1076202781,zebra,7,770,4,0.8520236554399218,0.005194805194805195,0.0020219574690050306,0.013280219334419372,0.8018329527616621,0.9050413322528538
NON FIBROTIC ILA ADJUDICATED,27,1076202781,zebra,8,769,11,0.9535714132665323,0.014304291287386216,0.008005744470847457,0.025431202429137063,0.9052206564950446,0.9865848577878713
NON FIBROTIC ILA ADJUDICATED,27,1076202781,zebra,9,770,20,0.9968039224842911,0.025974025974025976,0.016876091691355087,0.03977822466888089,0.9866226747653704,1.0
NON FIBROTIC ILA ADJUDICATED,27,1076202781,genomic,0,770,9,2.199177437376389e-07,0.011688311688311689,0.006161243000312308,0.022063477414615715,3.984637056004407e-19,6.488499570108386e-07
NON FIBROTIC ILA ADJUDICATED,27,1076202781,genomic,1,769,3,1.235790840399828e-06,0.0039011703511053317,0.001327618000260774,0.011406505807889416,6.526735685950299e-07,2.01015036725218e-06
NON FIBROTIC ILA ADJUDICATED,27,1076202781,genomic,2,770,3,3.4503373133102465e-06,0.003896103896103896,0.0013258926936253902,0.011391775387498288,2.01079010492531e-06,5.501647603291136e-06
NON FIBROTIC ILA ADJUDICATED,27,1076202781,genomic,3,769,3,1.0852963306366308e-05,0.0039011703511053317,0.001327618000260774,0.011406505807889416,5.544657069331069e-06,2.1922644491636086e-05
NON FIBROTIC ILA ADJUDICATED,27,1076202781,genomic,4,770,6,9.843261925264447e-05,0.007792207792207792,0.0035759904186376326,0.016895203829388215,2.1973943330449542e-05,0.00025093157737618194
NON FIBROTIC ILA ADJUDICATED,27,1076202781,genomic,5,769,6,0.00064775779513183,0.007802340702210663,0.003580646807040671,0.016917035660547395,0.00025171817215536153,0.0012508993135481783
NON FIBROTIC ILA ADJUDICATED,27,1076202781,genomic,6,769,4,0.003199222824595713,0.005201560468140442,0.0020245891497467933,0.013297387544882687,0.0012566237917652503,0.006388606944490985
NON FIBROTIC ILA ADJUDICATED,27,1076202781,genomic,7,770,3,0.014037865967577199,0.003896103896103896,0.0013258926936253902,0.011391775387498288,0.0064086759780278115,0.02519911668831027
NON FIBROTIC ILA ADJUDICATED,27,1076202781,genomic,8,769,3,0.048787076842953435,0.0039011703511053317,0.001327618000260774,0.011406505807889416,0.025229502540381227,0.08561245578275643
NON FIBROTIC ILA ADJUDICATED,27,1076202781,genomic,9,770,4,0.24857425613635223,0.005194805194805195,0.0020219574690050306,0.013280219334419372,0.08561588623815357,0.9951615536738789
NON FIBROTIC ILA ADJUDICATED,27,1076202781,combined,0,770,2,5.142152326562588e-05,0.0025974025974025974,0.0007125907061236786,0.009420568652699277,1.7484375910864256e-05,7.306157317984062e-05
NON FIBROTIC ILA ADJUDICATED,27,1076202781,combined,1,769,2,9.605189516790819e-05,0.002600780234070221,0.0007135177289523901,0.009432753192718508,7.313721730116418e-05,0.0001198746644495754
NON FIBROTIC ILA ADJUDICATED,27,1076202781,combined,2,770,4,0.0001490240537943226,0.005194805194805195,0.0020219574690050306,0.013280219334419372,0.00011991304100269928,0.00018359955188209816
NON FIBROTIC ILA ADJUDICATED,27,1076202781,combined,3,769,6,0.0002290289418591046,0.007802340702210663,0.003580646807040671,0.016917035660547395,0.00018371816213584775,0.00028332775092442685
NON FIBROTIC ILA ADJUDICATED,27,1076202781,combined,4,770,2,0.00036018858505951554,0.0025974025974025974,0.0007125907061236786,0.009420568652699277,0.00028347069937392555,0.00045359467264563676
NON FIBROTIC ILA ADJUDICATED,27,1076202781,combined,5,769,3,0.0005910546785788542,0.0039011703511053317,0.001327618000260774,0.011406505807889416,0.00045380067905207626,0.0007534073826928276
NON FIBROTIC ILA ADJUDICATED,27,1076202781,combined,6,769,3,0.0010061162357845746,0.0039011703511053317,0.001327618000260774,0.011406505807889416,0.0007559236730339528,0.0013349247732208217
NON FIBROTIC ILA ADJUDICATED,27,1076202781,combined,7,770,3,0.0019961648235088656,0.003896103896103896,0.0013258926936253902,0.011391775387498288,0.0013353743275245267,0.0029048190396607186
NON FIBROTIC ILA ADJUDICATED,27,1076202781,combined,8,769,10,0.00522858670853799,0.013003901170351105,0.007078545900378475,0.023770548113126753,0.0029064553319778823,0.009004393043187816
NON FIBROTIC ILA ADJUDICATED,27,1076202781,combined,9,770,9,0.05395977717684975,0.011688311688311689,0.006161243000312308,0.022063477414615715,0.009040249378149498,0.7564794157330886
NON FIBROTIC ILA ADJUDICATED,28,868139309,zebra,0,770,0,0.232140442242063,0.0,0.0,0.004964141914221508,0.11052533634471677,0.26079868222778724
NON FIBROTIC ILA ADJUDICATED,28,868139309,zebra,1,769,0,0.2860254223779249,0.0,0.0,0.004970565148712315,0.260816983501809,0.31237812141757126
NON FIBROTIC ILA ADJUDICATED,28,868139309,zebra,2,770,0,0.34321601691617426,0.0,0.0,0.004964141914221508,0.3124190638873576,0.37696740349922486
NON FIBROTIC ILA ADJUDICATED,28,868139309,zebra,3,769,0,0.4121920442509483,0.0,0.0,0.004970565148712315,0.37718670117353315,0.44856133829255057
NON FIBROTIC ILA ADJUDICATED,28,868139309,zebra,4,770,4,0.49577241234724095,0.005194805194805195,0.0020219574690050306,0.013280219334419372,0.4486562263513438,0.5485451096435581
NON FIBROTIC ILA ADJUDICATED,28,868139309,zebra,5,769,3,0.609223169794103,0.0039011703511053317,0.001327618000260774,0.011406505807889416,0.5486677840936269,0.6719954790359425
NON FIBROTIC ILA ADJUDICATED,28,868139309,zebra,6,769,5,0.7397632092143479,0.006501950585175552,0.002780348414515579,0.015129481166593194,0.6720257218332231,0.7986705603453741
NON FIBROTIC ILA ADJUDICATED,28,868139309,zebra,7,770,2,0.853202182382474,0.0025974025974025974,0.0007125907061236786,0.009420568652699277,0.7987799735233991,0.9065121102304886
NON FIBROTIC ILA ADJUDICATED,28,868139309,zebra,8,769,8,0.9546608950436598,0.010403120936280884,0.005280654829476248,0.0203927334110704,0.9069154089898421,0.9866710311229844
NON FIBROTIC ILA ADJUDICATED,28,868139309,zebra,9,770,22,0.9967833661959246,0.02857142857142857,0.018942666074440347,0.04288066773039707,0.9866728440156178,1.0
NON FIBROTIC ILA ADJUDICATED,28,868139309,genomic,0,770,2,8.085319164677847e-07,0.0025974025974025974,0.0007125907061236786,0.009420568652699277,1.5095257418913777e-09,2.415956242645718e-06
NON FIBROTIC ILA ADJUDICATED,28,868139309,genomic,1,769,4,1.034353627296851e-05,0.005201560468140442,0.0020245891497467933,0.013297387544882687,2.442738881034219e-06,2.297395265465875e-05
NON FIBROTIC ILA ADJUDICATED,28,868139309,genomic,2,770,6,5.386429207408755e-05,0.007792207792207792,0.0035759904186376326,0.016895203829388215,2.297536610265459e-05,9.523402871881796e-05
NON FIBROTIC ILA ADJUDICATED,28,868139309,genomic,3,769,5,0.0001627849561009901,0.006501950585175552,0.002780348414515579,0.015129481166593194,9.526012787971138e-05,0.0002503919023192424
NON FIBROTIC ILA ADJUDICATED,28,868139309,genomic,4,770,6,0.0003911672052072597,0.007792207792207792,0.0035759904186376326,0.016895203829388215,0.0002506186494776788,0.000569977797544713
NON FIBROTIC ILA ADJUDICATED,28,868139309,genomic,5,769,3,0.0008545461310308175,0.0039011703511053317,0.001327618000260774,0.011406505807889416,0.0005700763061206248,0.0011896947384811409
NON FIBROTIC ILA ADJUDICATED,28,868139309,genomic,6,769,4,0.0017534884479650042,0.005201560468140442,0.0020245891497467933,0.013297387544882687,0.0011904133863970764,0.0024679035613291464
NON FIBROTIC ILA ADJUDICATED,28,868139309,genomic,7,770,3,0.003690320016540762,0.003896103896103896,0.0013258926936253902,0.011391775387498288,0.002472661321601736,0.005349058697696064
NON FIBROTIC ILA ADJUDICATED,28,868139309,genomic,8,769,4,0.008978163067030994,0.005201560468140442,0.0020245891497467933,0.013297387544882687,0.0053533457242256775,0.01444755852305173
NON FIBROTIC ILA ADJUDICATED,28,868139309,genomic,9,770,7,0.07145562900883062,0.00909090909090909,0.004410478976495486,0.01864522399383109,0.01447469998048521,0.9529786661447084
NON FIBROTIC ILA ADJUDICATED,28,868139309,combined,0,770,0,0.012327867975774724,0.0,0.0,0.004964141914221508,0.003413509993541879,0.017204329764929107
NON FIBROTIC ILA ADJUDICATED,28,868139309,combined,1,769,1,0.022252190527605062,0.0013003901170351106,0.0002295876800841234,0.007328830355107483,0.01722440587260495,0.027208853692619793
NON FIBROTIC ILA ADJUDICATED,28,868139309,combined,2,770,2,0.03253196370683668,0.0025974025974025974,0.0007125907061236786,0.009420568652699277,0.027216974225468604,0.03763984972952787
NON FIBROTIC ILA ADJUDICATED,28,868139309,combined,3,769,1,0.043108470467107814,0.0013003901170351106,0.0002295876800841234,0.007328830355107483,0.037669683433636844,0.04903326789865143
NON FIBROTIC ILA ADJUDICATED,28,868139309,combined,4,770,4,0.0571422709765952,0.005194805194805195,0.0020219574690050306,0.013280219334419372,0.049075152495998295,0.06656781294631885
NON FIBROTIC ILA ADJUDICATED,28,868139309,combined,5,769,3,0.08132031006424265,0.0039011703511053317,0.001327618000260774,0.011406505807889416,0.06658139028819834,0.09871014124179565
NON FIBROTIC ILA ADJUDICATED,28,868139309,combined,6,769,6,0.11985160796999161,0.007802340702210663,0.003580646807040671,0.016917035660547395,0.0987455446362091,0.143547705283913
NON FIBROTIC ILA ADJUDICATED,28,868139309,combined,7,770,5,0.17517531742307754,0.006493506493506494,0.0027767335367897463,0.01510995198893538,0.1435733073441347,0.21237364953947024
NON FIBROTIC ILA ADJUDICATED,28,868139309,combined,8,769,8,0.2694108639009132,0.010403120936280884,0.005280654829476248,0.0203927334110704,0.2123950083255988,0.33797269822849746
NON FIBROTIC ILA ADJUDICATED,28,868139309,combined,9,770,14,0.4486995211744638,0.01818181818181818,0.010860915582275707,0.030286348444155925,0.33820077814145616,0.6236175046259086
NON FIBROTIC ILA ADJUDICATED,29,781075413,zebra,0,770,0,0.23233926428444407,0.0,0.0,0.004964141914221508,0.11893743948205666,0.26042717504277124
NON FIBROTIC ILA ADJUDICATED,29,781075413,zebra,1,769,0,0.2850754352725449,0.0,0.0,0.004970565148712315,0.26043795680852266,0.31035354031155704
NON FIBROTIC ILA ADJUDICATED,29,781075413,zebra,2,770,0,0.3403661376394105,0.0,0.0,0.004964141914221508,0.3103973802089924,0.3726751537023029
NON FIBROTIC ILA ADJUDICATED,29,781075413,zebra,3,769,0,0.40920896713789534,0.0,0.0,0.004970565148712315,0.37293122622020425,0.4469084238668026
NON FIBROTIC ILA ADJUDICATED,29,781075413,zebra,4,770,4,0.49250762261099446,0.005194805194805195,0.0020219574690050306,0.013280219334419372,0.4471233481693568,0.5435939073302997
NON FIBROTIC ILA ADJUDICATED,29,781075413,zebra,5,769,3,0.6031696289095063,0.0039011703511053317,0.001327618000260774,0.011406505807889416,0.5436876473428899,0.6665171378685978
NON FIBROTIC ILA ADJUDICATED,29,781075413,zebra,6,769,7,0.7324179656197175,0.009102730819245773,0.004416223152723785,0.01866931220134357,0.6665285543453549,0.7909880271606295
NON FIBROTIC ILA ADJUDICATED,29,781075413,zebra,7,770,3,0.8459674802389446,0.003896103896103896,0.0013258926936253902,0.011391775387498288,0.7911279271667242,0.8984329645210939
NON FIBROTIC ILA ADJUDICATED,29,781075413,zebra,8,769,7,0.9493073470521496,0.009102730819245773,0.004416223152723785,0.01866931220134357,0.8984332549784224,0.9846863701708237
NON FIBROTIC ILA ADJUDICATED,29,781075413,zebra,9,770,20,0.9961298233481136,0.025974025974025976,0.016876091691355087,0.03977822466888089,0.9846988562571408,1.0
NON FIBROTIC ILA ADJUDICATED,29,781075413,genomic,0,770,6,3.6287929200604227e-09,0.007792207792207792,0.0035759904186376326,0.016895203829388215,1.1229291815129936e-22,1.273898870128383e-08
NON FIBROTIC ILA ADJUDICATED,29,781075413,genomic,1,769,6,3.8971207342215196e-08,0.007802340702210663,0.003580646807040671,0.016917035660547395,1.2769970969069919e-08,8.05406319827247e-08
NON FIBROTIC ILA ADJUDICATED,29,781075413,genomic,2,770,5,2.145710474754507e-07,0.006493506493506494,0.0027767335367897463,0.01510995198893538,8.059491629049493e-08,4.841206441093772e-07
NON FIBROTIC ILA ADJUDICATED,29,781075413,genomic,3,769,4,1.1695379371759517e-06,0.005201560468140442,0.0020245891497467933,0.013297387544882687,4.845397448676618e-07,2.0865249464477945e-06
NON FIBROTIC ILA ADJUDICATED,29,781075413,genomic,4,770,4,4.294475119031363e-06,0.005194805194805195,0.0020219574690050306,0.013280219334419372,2.087420469110578e-06,7.660957366184915e-06
NON FIBROTIC ILA ADJUDICATED,29,781075413,genomic,5,769,6,2.9452472003630224e-05,0.007802340702210663,0.003580646807040671,0.016917035660547395,7.662118315462566e-06,0.00010864737953157395
NON FIBROTIC ILA ADJUDICATED,29,781075413,genomic,6,769,3,0.0004943077383828514,0.0039011703511053317,0.001327618000260774,0.011406505807889416,0.00010872566924824311,0.0011375448171754396
NON FIBROTIC ILA ADJUDICATED,29,781075413,genomic,7,770,3,0.0036517532623185594,0.003896103896103896,0.0013258926936253902,0.011391775387498288,0.0011382664480263053,0.00934607457608586
NON FIBROTIC ILA ADJUDICATED,29,781075413,genomic,8,769,4,0.04438083114069571,0.005201560468140442,0.0020245891497467933,0.013297387544882687,0.009483222219070596,0.10515085778831894
NON FIBROTIC ILA ADJUDICATED,29,781075413,genomic,9,770,3,0.35516083893069444,0.003896103896103896,0.0013258926936253902,0.011391775387498288,0.10564367583744072,0.9999999987925419
NON FIBROTIC ILA ADJUDICATED,29,781075413,combined,0,770,0,0.0029541938604874833,0.0,0.0,0.004964141914221508,0.00042216938155415683,0.004504272092742934
NON FIBROTIC ILA ADJUDICATED,29,781075413,combined,1,769,2,0.006064166519398983,0.002600780234070221,0.0007135177289523901,0.009432753192718508,0.004507488605909722,0.0077030858784239336
NON FIBROTIC ILA ADJUDICATED,29,781075413,combined,2,770,2,0.009580450434790428,0.0025974025974025974,0.0007125907061236786,0.009420568652699277,0.007705563889463462,0.011882652403064999
NON FIBROTIC ILA ADJUDICATED,29,781075413,combined,3,769,1,0.014432893834851778,0.0013003901170351106,0.0002295876800841234,0.007328830355107483,0.01188570768636833,0.017536727101176236
NON FIBROTIC ILA ADJUDICATED,29,781075413,combined,4,770,2,0.021957541083452325,0.0025974025974025974,0.0007125907061236786,0.009420568652699277,0.0175430963544069,0.027023250747775614
NON FIBROTIC ILA ADJUDICATED,29,781075413,combined,5,769,7,0.034424162212333145,0.009102730819245773,0.004416223152723785,0.01866931220134357,0.027028599608135463,0.04292461920818812
NON FIBROTIC ILA ADJUDICATED,29,781075413,combined,6,769,3,0.055217188623590686,0.0039011703511053317,0.001327618000260774,0.011406505807889416,0.04297302437827803,0.07031492377372237
NON FIBROTIC ILA ADJUDICATED,29,781075413,combined,7,770,5,0.09695538597101076,0.006493506493506494,0.0027767335367897463,0.01510995198893538,0.07035549981570342,0.13209997783355285
NON FIBROTIC ILA ADJUDICATED,29,781075413,combined,8,769,9,0.20207005532739922,0.011703511053315995,0.006169270449727107,0.022091970677298834,0.13218420416468293,0.3012897775164914
NON FIBROTIC ILA ADJUDICATED,29,781075413,combined,9,770,13,0.4857230838345296,0.016883116883116882,0.009892721428977881,0.028670033875153024,0.30138429245337733,0.9354995781677151
NON FIBROTIC ILA ADJUDICATED,30,622870453,zebra,0,770,0,0.2322123541392884,0.0,0.0,0.004964141914221508,0.11052533634471677,0.26043795680852266
NON FIBROTIC ILA ADJUDICATED,30,622870453,zebra,1,769,1,0.2860942438748495,0.0013003901170351106,0.0002295876800841234,0.007328830355107483,0.26061351545512534,0.3118102720735881
NON FIBROTIC ILA ADJUDICATED,30,622870453,zebra,2,770,0,0.3417123443720969,0.0,0.0,0.004964141914221508,0.31191926924351776,0.3761425573344246
NON FIBROTIC ILA ADJUDICATED,30,622870453,zebra,3,769,0,0.4088334359930768,0.0,0.0,0.004970565148712315,0.37623936307794303,0.44358854573718115
NON FIBROTIC ILA ADJUDICATED,30,622870453,zebra,4,770,3,0.4875863581008526,0.003896103896103896,0.0013258926936253902,0.011391775387498288,0.4438555274830016,0.537133769264307
NON FIBROTIC ILA ADJUDICATED,30,622870453,zebra,5,769,2,0.5952546447398833,0.002600780234070221,0.0007135177289523901,0.009432753192718508,0.5372517712536724,0.6575523505543373
NON FIBROTIC ILA ADJUDICATED,30,622870453,zebra,6,769,6,0.7225514697979635,0.007802340702210663,0.003580646807040671,0.016917035660547395,0.6575658365063641,0.7826905454943938
NON FIBROTIC ILA ADJUDICATED,30,622870453,zebra,7,770,3,0.8379185006649184,0.003896103896103896,0.0013258926936253902,0.011391775387498288,0.7828793142259862,0.893776351414571
NON FIBROTIC ILA ADJUDICATED,30,622870453,zebra,8,769,12,0.9470779383472124,0.015604681404421327,0.008948690331271528,0.027076109455192295,0.8939394794331671,0.9846863701708237
NON FIBROTIC ILA ADJUDICATED,30,622870453,zebra,9,770,17,0.9963627212620436,0.02207792207792208,0.01382933715277743,0.03507145304055638,0.9846988562571408,1.0
NON FIBROTIC ILA ADJUDICATED,30,622870453,genomic,0,770,4,0.0016223803883905878,0.005194805194805195,0.0020219574690050306,0.013280219334419372,0.0008014855896137355,0.0019762373763453933
NON FIBROTIC ILA ADJUDICATED,30,622870453,genomic,1,769,3,0.0022244683502695107,0.0039011703511053317,0.001327618000260774,0.011406505807889416,0.0019773897599111353,0.002460040490467365
NON FIBROTIC ILA ADJUDICATED,30,622870453,genomic,2,770,4,0.002703092502804378,0.005194805194805195,0.0020219574690050306,0.013280219334419372,0.0024606023104614223,0.0029388919766128777
NON FIBROTIC ILA ADJUDICATED,30,622870453,genomic,3,769,4,0.003184609369534625,0.005201560468140442,0.0020245891497467933,0.013297387544882687,0.0029393102709003318,0.0034369382816043857
NON FIBROTIC ILA ADJUDICATED,30,622870453,genomic,4,770,4,0.003754399260154442,0.005194805194805195,0.0020219574690050306,0.013280219334419372,0.0034373777832366883,0.004110524506667605
NON FIBROTIC ILA ADJUDICATED,30,622870453,genomic,5,769,5,0.004523830449597304,0.006501950585175552,0.002780348414515579,0.015129481166593194,0.004110580421975474,0.0049807734994062715
NON FIBROTIC ILA ADJUDICATED,30,622870453,genomic,6,769,5,0.00559640233395063,0.006501950585175552,0.002780348414515579,0.015129481166593194,0.004981061115067023,0.00631744514234317
NON FIBROTIC ILA ADJUDICATED,30,622870453,genomic,7,770,3,0.007585824344413295,0.003896103896103896,0.0013258926936253902,0.011391775387498288,0.006321408058526521,0.009314708683458314
NON FIBROTIC ILA ADJUDICATED,30,622870453,genomic,8,769,10,0.05521934737030607,0.013003901170351105,0.007078545900378475,0.023770548113126753,0.009321667672913508,0.13763449220607987
NON FIBROTIC ILA ADJUDICATED,30,622870453,genomic,9,770,2,0.2985027517292568,0.0025974025974025974,0.0007125907061236786,0.009420568652699277,0.13809791939214497,0.9930638343244113
NON FIBROTIC ILA ADJUDICATED,30,622870453,combined,0,770,1,0.008336389377140839,0.0012987012987012987,0.00022928946639889794,0.007319361170123334,0.0038422250345564574,0.010420453877516165
NON FIBROTIC ILA ADJUDICATED,30,622870453,combined,1,769,0,0.011960729421365996,0.0,0.0,0.004970565148712315,0.01043874147731833,0.013425703610870846
NON FIBROTIC ILA ADJUDICATED,30,622870453,combined,2,770,1,0.01514163742466027,0.0012987012987012987,0.00022928946639889794,0.007319361170123334,0.013425925454967238,0.0169970830034158
NON FIBROTIC ILA ADJUDICATED,30,622870453,combined,3,769,0,0.018980650652127264,0.0,0.0,0.004970565148712315,0.017002132891204214,0.02130646106697692
NON FIBROTIC ILA ADJUDICATED,30,622870453,combined,4,770,3,0.024851819305342256,0.003896103896103896,0.0013258926936253902,0.011391775387498288,0.021307470482809423,0.028940207014930424
NON FIBROTIC ILA ADJUDICATED,30,622870453,combined,5,769,7,0.036934573469216046,0.009102730819245773,0.004416223152723785,0.01866931220134357,0.028941935669549435,0.04665796037215498
NON FIBROTIC ILA ADJUDICATED,30,622870453,combined,6,769,5,0.05804015852774989,0.006501950585175552,0.002780348414515579,0.015129481166593194,0.04677109515588334,0.07134544501870904
NON FIBROTIC ILA ADJUDICATED,30,622870453,combined,7,770,3,0.08997295153397541,0.003896103896103896,0.0013258926936253902,0.011391775387498288,0.07136981567529241,0.11186487766865873
NON FIBROTIC ILA ADJUDICATED,30,622870453,combined,8,769,10,0.14814492951843145,0.013003901170351105,0.007078545900378475,0.023770548113126753,0.11187369563269785,0.20051110806130337
NON FIBROTIC ILA ADJUDICATED,30,622870453,combined,9,770,14,0.31912397380653473,0.01818181818181818,0.010860915582275707,0.030286348444155925,0.20092840304377751,0.676436522253789
