repeat,split_seed,target_fpr,auc_zebra_raw,auc_zebra_calibrated,auc_hybrid,delta_auc_hybrid_vs_raw,hybrid_train_threshold,hybrid_train_achieved_FPR,raw_zebra_train_threshold,raw_zebra_train_achieved_FPR,cal_zebra_train_threshold,cal_zebra_train_achieved_FPR,hybrid_sensitivity,hybrid_FPR,hybrid_PPV,hybrid_LR_positive,hybrid_LR_negative,hybrid_DOR,raw_zebra_sensitivity,raw_zebra_FPR,raw_zebra_PPV,raw_zebra_LR_positive,raw_zebra_LR_negative,raw_zebra_DOR,cal_zebra_sensitivity,cal_zebra_FPR,cal_zebra_PPV,cal_zebra_LR_positive,cal_zebra_LR_negative,delta_sensitivity_hybrid_vs_raw,delta_FPR_hybrid_vs_raw,delta_PPV_hybrid_vs_raw,delta_LRplus_hybrid_vs_raw,delta_LRminus_hybrid_vs_raw
1,1009153421,0.005,0.8230361976224557,0.8183120652567912,0.8011432638449754,-0.02189293377748036,0.0825242718446602,0.02157842157842158,0.9997816770494409,0.02157842157842158,0.06666666666666667,0.016783216783216783,0.37748344370860926,0.021840458116926354,0.2579185520361991,17.283677919560652,0.636416177153445,27.157823040996362,0.3841059602649007,0.024637102144093755,0.23868312757201646,15.590549489887238,0.6314511666262782,24.69003196745132,0.33774834437086093,0.019709681715275002,0.2562814070351759,17.13616431000537,0.6755668634858315,-0.0066225165562914245,-0.002796644027167401,0.019235424464182665,1.6931284296734148,0.004965010527166802
1,1009153421,0.01,0.8230361976224557,0.8183120652567912,0.8011432638449754,-0.02189293377748036,0.0825242718446602,0.02157842157842158,0.9997816770494409,0.02157842157842158,0.06666666666666667,0.016783216783216783,0.37748344370860926,0.021840458116926354,0.2579185520361991,17.283677919560652,0.636416177153445,27.157823040996362,0.3841059602649007,0.024637102144093755,0.23868312757201646,15.590549489887238,0.6314511666262782,24.69003196745132,0.33774834437086093,0.019709681715275002,0.2562814070351759,17.13616431000537,0.6755668634858315,-0.0066225165562914245,-0.002796644027167401,0.019235424464182665,1.6931284296734148,0.004965010527166802
1,1009153421,0.02,0.8230361976224557,0.8183120652567912,0.8011432638449754,-0.02189293377748036,0.0825242718446602,0.02157842157842158,0.9997816770494409,0.02157842157842158,0.06666666666666667,0.016783216783216783,0.37748344370860926,0.021840458116926354,0.2579185520361991,17.283677919560652,0.636416177153445,27.157823040996362,0.3841059602649007,0.024637102144093755,0.23868312757201646,15.590549489887238,0.6314511666262782,24.69003196745132,0.33774834437086093,0.019709681715275002,0.2562814070351759,17.13616431000537,0.6755668634858315,-0.0066225165562914245,-0.002796644027167401,0.019235424464182665,1.6931284296734148,0.004965010527166802
1,1009153421,0.05,0.8230361976224557,0.8183120652567912,0.8011432638449754,-0.02189293377748036,0.061946902654867256,0.05674325674325675,0.9959539673100971,0.05674325674325675,0.04,0.042757242757242755,0.5298013245033113,0.05979491277134106,0.15122873345935728,8.860307674154486,0.5001022456522146,17.71699237742715,0.4768211920529801,0.05952856572113464,0.13872832369942195,8.009955998044358,0.5562942040320267,14.398776654489849,0.4503311258278146,0.04794246903715541,0.1588785046728972,9.393156732891834,0.5773483810545447,0.052980132450331174,0.00026634705020642246,0.012500409759935327,0.8503516761101277,-0.05619195837981206
1,1009153421,0.1,0.8230361976224557,0.8183120652567912,0.8011432638449754,-0.02189293377748036,0.029411764705882353,0.1076923076923077,0.9800005193947668,0.1076923076923077,0.033860045146726865,0.12827172827172828,0.609271523178808,0.10973498468504461,0.10043668122270742,5.552208577123385,0.43889007216908466,12.650567714332732,0.5827814569536424,0.10094553202823278,0.10401891252955082,5.773226860507784,0.4640637001533253,12.440591364074214,0.609271523178808,0.12198694899453988,0.09126984126984126,4.994563174180861,0.4450144293114411,0.026490066225165587,0.00878945265681183,-0.003582231306843403,-0.22101828338439944,-0.025173627984240665
2,1594237686,0.005,0.8101377684526911,0.8055697401528762,0.8192645646416354,0.009126796188944297,0.08854166666666667,0.02097902097902098,0.9998207005084748,0.02097902097902098,0.08791208791208792,0.02017982017982018,0.37748344370860926,0.024637102144093755,0.23553719008264462,15.321746912475389,0.6382409641168834,24.00621046578493,0.3509933774834437,0.023438540418164868,0.2314410480349345,14.975052679108972,0.6645834894963618,22.532989332096477,0.33774834437086093,0.022772672792648822,0.22972972972972974,14.83130010456605,0.6776843393457626,0.02649006622516553,0.0011985617259288872,0.004096142047710111,0.34669423336641714,-0.026342525379478454
2,1594237686,0.01,0.8101377684526911,0.8055697401528762,0.8192645646416354,0.009126796188944297,0.08854166666666667,0.02097902097902098,0.9998207005084748,0.02097902097902098,0.08791208791208792,0.02017982017982018,0.37748344370860926,0.024637102144093755,0.23553719008264462,15.321746912475389,0.6382409641168834,24.00621046578493,0.3509933774834437,0.023438540418164868,0.2314410480349345,14.975052679108972,0.6645834894963618,22.532989332096477,0.33774834437086093,0.022772672792648822,0.22972972972972974,14.83130010456605,0.6776843393457626,0.02649006622516553,0.0011985617259288872,0.004096142047710111,0.34669423336641714,-0.026342525379478454
2,1594237686,0.02,0.8101377684526911,0.8055697401528762,0.8192645646416354,0.009126796188944297,0.08854166666666667,0.02097902097902098,0.9998207005084748,0.02097902097902098,0.08791208791208792,0.02017982017982018,0.37748344370860926,0.024637102144093755,0.23553719008264462,15.321746912475389,0.6382409641168834,24.00621046578493,0.3509933774834437,0.023438540418164868,0.2314410480349345,14.975052679108972,0.6645834894963618,22.532989332096477,0.33774834437086093,0.022772672792648822,0.22972972972972974,14.83130010456605,0.6776843393457626,0.02649006622516553,0.0011985617259288872,0.004096142047710111,0.34669423336641714,-0.026342525379478454
2,1594237686,0.05,0.8101377684526911,0.8055697401528762,0.8192645646416354,0.009126796188944297,0.07920792079207921,0.05614385614385614,0.9965565379680544,0.05614385614385614,0.07920792079207921,0.03876123876123876,0.5033112582781457,0.062058862698095615,0.14022140221402213,8.110223687576386,0.5295521456182598,15.315250357653792,0.4503311258278146,0.055666533493141566,0.13991769547325103,8.089800057036028,0.582070734192489,13.898310947137837,0.41721854304635764,0.043015048608336666,0.16321243523316062,9.69936235212105,0.6089766156783887,0.05298013245033112,0.006392329204954049,0.00030370674077109805,0.020423630540358673,-0.0525185885742292
2,1594237686,0.1,0.8101377684526911,0.8055697401528762,0.8192645646416354,0.009126796188944297,0.024271844660194174,0.1048951048951049,0.9794309450200537,0.1048951048951049,0.041176470588235294,0.1038961038961039,0.5960264900662252,0.1082700759089093,0.09966777408637874,5.504997434080302,0.45302226494813547,12.151714959772551,0.5364238410596026,0.10440804368091623,0.09364161849710982,5.137763549128261,0.51761983308304,9.925747084548103,0.5364238410596026,0.10347582900519377,0.0944055944055944,5.184049707228515,0.5170816068751403,0.0596026490066226,0.0038620322279930702,0.006026155589268917,0.3672338849520411,-0.06459756813490458
3,150842761,0.005,0.8025235060091245,0.7969535894674735,0.7979942832398033,-0.004529222769321217,0.07878787878787878,0.03496503496503497,0.9992295939219618,0.03496503496503497,0.07878787878787878,0.03496503496503497,0.36423841059602646,0.03462511652683446,0.1746031746031746,10.519485481406011,0.6585644605924179,15.97335737179487,0.36423841059602646,0.03449194300173126,0.1751592356687898,10.560101255465492,0.6584736241150948,16.037242599742594,0.36423841059602646,0.03462511652683446,0.1746031746031746,10.519485481406011,0.6585644605924179,0.0,0.0001331735251032043,-0.0005560610656152043,-0.04061577405948036,9.083647732310851e-05
3,150842761,0.01,0.8025235060091245,0.7969535894674735,0.7979942832398033,-0.004529222769321217,0.07878787878787878,0.03496503496503497,0.9992295939219618,0.03496503496503497,0.07878787878787878,0.03496503496503497,0.36423841059602646,0.03462511652683446,0.1746031746031746,10.519485481406011,0.6585644605924179,15.97335737179487,0.36423841059602646,0.03449194300173126,0.1751592356687898,10.560101255465492,0.6584736241150948,16.037242599742594,0.36423841059602646,0.03462511652683446,0.1746031746031746,10.519485481406011,0.6585644605924179,0.0,0.0001331735251032043,-0.0005560610656152043,-0.04061577405948036,9.083647732310851e-05
3,150842761,0.02,0.8025235060091245,0.7969535894674735,0.7979942832398033,-0.004529222769321217,0.07878787878787878,0.03496503496503497,0.9992295939219618,0.03496503496503497,0.07878787878787878,0.03496503496503497,0.36423841059602646,0.03462511652683446,0.1746031746031746,10.519485481406011,0.6585644605924179,15.97335737179487,0.36423841059602646,0.03449194300173126,0.1751592356687898,10.560101255465492,0.6584736241150948,16.037242599742594,0.36423841059602646,0.03462511652683446,0.1746031746031746,10.519485481406011,0.6585644605924179,0.0,0.0001331735251032043,-0.0005560610656152043,-0.04061577405948036,9.083647732310851e-05
3,150842761,0.05,0.8025235060091245,0.7969535894674735,0.7979942832398033,-0.004529222769321217,0.046875,0.05314685314685315,0.9975888525370791,0.05314685314685315,0.02702702702702703,0.04215784215784216,0.4768211920529801,0.05380210414169663,0.15126050420168066,8.862500819618386,0.5529274692292994,16.028324351422487,0.41721854304635764,0.04807564256225862,0.14858490566037735,8.678376841371467,0.6122140403280498,14.175396625535132,0.39072847682119205,0.040085231056066054,0.1638888888888889,9.747442300499438,0.6347141880618298,0.05960264900662249,0.005726461579438007,0.002675598541303309,0.1841239782469195,-0.05928657109875046
3,150842761,0.1,0.8025235060091245,0.7969535894674735,0.7979942832398033,-0.004529222769321217,0.024,0.1030969030969031,0.9811033745750963,0.1030969030969031,0.024,0.16403596403596404,0.5761589403973509,0.10267678785457451,0.10139860139860139,5.611384544025562,0.47233934647614895,11.879985408560309,0.5629139072847682,0.10067918497802637,0.10107015457788347,5.591164721959424,0.48601798759050435,11.504028379028377,0.6357615894039735,0.16446930350246372,0.07212622088655146,3.8655334209185725,0.43593659948446967,0.013245033112582738,0.0019976028765481407,0.0003284468207179203,0.020219822066137816,-0.013678641114355405
4,1975213388,0.005,0.8250443838255022,0.816794680820102,0.8269462957916283,0.001901911966126102,0.10227272727272728,0.01998001998001998,0.9998427098349608,0.01998001998001998,0.10227272727272728,0.01998001998001998,0.3576158940397351,0.023704887468371287,0.23275862068965517,15.086167125530174,0.6579814829703491,22.9279508861346,0.3576158940397351,0.023704887468371287,0.23275862068965517,15.086167125530174,0.6579814829703491,22.9279508861346,0.3576158940397351,0.023704887468371287,0.23275862068965517,15.086167125530174,0.6579814829703491,0.0,0.0,0.0,0.0,0.0
4,1975213388,0.01,0.8250443838255022,0.816794680820102,0.8269462957916283,0.001901911966126102,0.10227272727272728,0.01998001998001998,0.9998427098349608,0.01998001998001998,0.10227272727272728,0.01998001998001998,0.3576158940397351,0.023704887468371287,0.23275862068965517,15.086167125530174,0.6579814829703491,22.9279508861346,0.3576158940397351,0.023704887468371287,0.23275862068965517,15.086167125530174,0.6579814829703491,22.9279508861346,0.3576158940397351,0.023704887468371287,0.23275862068965517,15.086167125530174,0.6579814829703491,0.0,0.0,0.0,0.0,0.0
4,1975213388,0.02,0.8250443838255022,0.816794680820102,0.8269462957916283,0.001901911966126102,0.07653061224489796,0.03796203796203796,0.9989813526893204,0.03796203796203796,0.04950495049504951,0.039160839160839164,0.4503311258278146,0.04248235450792383,0.17571059431524547,10.60042766094376,0.5740561302029124,18.465838274729013,0.4304635761589404,0.03835397522972433,0.18413597733711048,11.223440949227372,0.592251628115568,18.95046027131783,0.4304635761589404,0.040218404581169265,0.1771117166212534,10.703148984693653,0.593402109979536,0.019867549668874218,0.0041283792781995,-0.008425383021865018,-0.6230132882836124,-0.018195497912655623
4,1975213388,0.05,0.8250443838255022,0.816794680820102,0.8269462957916283,0.001901911966126102,0.0514018691588785,0.05814185814185814,0.9955920818066601,0.05814185814185814,0.04950495049504951,0.039160839160839164,0.4966887417218543,0.06192568917299241,0.1388888888888889,8.020722067934202,0.5365366607624356,14.9490662139219,0.4900662251655629,0.0617925156478892,0.137546468401487,7.9308346654487325,0.5435191930776136,14.591636811464397,0.4304635761589404,0.040218404581169265,0.1771117166212534,10.703148984693653,0.593402109979536,0.006622516556291369,0.00013317352510321123,0.0013424204874019074,0.089887402485469,-0.006982532315178092
4,1975213388,0.1,0.8250443838255022,0.816794680820102,0.8269462957916283,0.001901911966126102,0.022946859903381644,0.16183816183816183,0.9351544998576663,0.16183816183816183,0.02,0.16083916083916083,0.6688741721854304,0.16247170062591557,0.07645722937168811,4.116865704049506,0.3953607634058837,10.412934426229507,0.6423841059602649,0.1616726594752963,0.07398932112890923,3.9733626455153455,0.4265826446933076,9.314402953200316,0.6423841059602649,0.16087361832467706,0.0743295019157088,3.9930978904434014,0.42617643998482324,0.026490066225165587,0.0007990411506192674,0.002467908242778885,0.14350305853416012,-0.03122188128742387
5,919050406,0.005,0.8213344869159216,0.8111736115337091,0.8121296386940529,-0.009204848221868733,0.07194244604316546,0.029170829170829173,0.9996965874293768,0.029170829170829173,0.07194244604316546,0.029170829170829173,0.3576158940397351,0.024237581568784125,0.2288135593220339,14.754603012881159,0.6583406921872019,22.411804690155208,0.3576158940397351,0.0238380609934745,0.2317596566523605,15.001886862259054,0.6580712485205497,22.79675171341358,0.3576158940397351,0.024237581568784125,0.2288135593220339,14.754603012881159,0.6583406921872019,0.0,0.00039952057530962676,-0.002946097330326608,-0.2472838493778955,0.00026944366665226926
5,919050406,0.01,0.8213344869159216,0.8111736115337091,0.8121296386940529,-0.009204848221868733,0.07194244604316546,0.029170829170829173,0.9996965874293768,0.029170829170829173,0.07194244604316546,0.029170829170829173,0.3576158940397351,0.024237581568784125,0.2288135593220339,14.754603012881159,0.6583406921872019,22.411804690155208,0.3576158940397351,0.0238380609934745,0.2317596566523605,15.001886862259054,0.6580712485205497,22.79675171341358,0.3576158940397351,0.024237581568784125,0.2288135593220339,14.754603012881159,0.6583406921872019,0.0,0.00039952057530962676,-0.002946097330326608,-0.2472838493778955,0.00026944366665226926
5,919050406,0.02,0.8213344869159216,0.8111736115337091,0.8121296386940529,-0.009204848221868733,0.07194244604316546,0.029170829170829173,0.9996965874293768,0.029170829170829173,0.07194244604316546,0.029170829170829173,0.3576158940397351,0.024237581568784125,0.2288135593220339,14.754603012881159,0.6583406921872019,22.411804690155208,0.3576158940397351,0.0238380609934745,0.2317596566523605,15.001886862259054,0.6580712485205497,22.79675171341358,0.3576158940397351,0.024237581568784125,0.2288135593220339,14.754603012881159,0.6583406921872019,0.0,0.00039952057530962676,-0.002946097330326608,-0.2472838493778955,0.00026944366665226926
5,919050406,0.05,0.8213344869159216,0.8111736115337091,0.8121296386940529,-0.009204848221868733,0.06382978723404255,0.057942057942057944,0.9971357962310308,0.057942057942057944,0.06382978723404255,0.03796203796203796,0.4900662251655629,0.05047276601411639,0.16335540838852097,9.709517901763093,0.5370396515051595,18.07970393722373,0.4370860927152318,0.04887468371287788,0.15242494226327943,8.942995831604021,0.5918398949595806,15.110498477320085,0.39072847682119205,0.03262751365028632,0.19407894736842105,11.975429112042168,0.6298210170084897,0.05298013245033112,0.001598082301238514,0.01093046612524154,0.7665220701590716,-0.05480024345442103
5,919050406,0.1,0.8213344869159216,0.8111736115337091,0.8121296386940529,-0.009204848221868733,0.032407407407407406,0.11168831168831168,0.9790861683818085,0.11168831168831168,0.03519061583577713,0.16943056943056944,0.5761589403973509,0.10600612598215475,0.0985277463193658,5.435147592265965,0.474098393647593,11.46417635050251,0.5761589403973509,0.10094553202823278,0.10295857988165681,5.707622009820196,0.47142979063194956,12.107045679419524,0.6291390728476821,0.16793181515514716,0.0700589970501475,3.7463959540152616,0.4457097794473039,0.0,0.005060593953921971,-0.0044308335622910144,-0.2724744175542311,0.0026686030156434226
6,989749373,0.005,0.8054308339925864,0.7970157665106509,0.7992766296338434,-0.006154204358743032,0.09210526315789473,0.024575424575424575,0.9997440777489286,0.024575424575424575,0.08737864077669903,0.02277722277722278,0.36423841059602646,0.021840458116926354,0.2511415525114155,16.677233080277823,0.649956946880114,25.658981199186993,0.3509933774834437,0.025036622719403382,0.21991701244813278,14.019198252782868,0.6656728218107938,21.060193226226662,0.3509933774834437,0.022772672792648822,0.23660714285714285,15.412919716509817,0.6641306525588473,0.013245033112582738,-0.003196164602477028,0.031224540063282735,2.658034827494955,-0.01571587493067983
6,989749373,0.01,0.8054308339925864,0.7970157665106509,0.7992766296338434,-0.006154204358743032,0.09210526315789473,0.024575424575424575,0.9997440777489286,0.024575424575424575,0.08737864077669903,0.02277722277722278,0.36423841059602646,0.021840458116926354,0.2511415525114155,16.677233080277823,0.649956946880114,25.658981199186993,0.3509933774834437,0.025036622719403382,0.21991701244813278,14.019198252782868,0.6656728218107938,21.060193226226662,0.3509933774834437,0.022772672792648822,0.23660714285714285,15.412919716509817,0.6641306525588473,0.013245033112582738,-0.003196164602477028,0.031224540063282735,2.658034827494955,-0.01571587493067983
6,989749373,0.02,0.8054308339925864,0.7970157665106509,0.7992766296338434,-0.006154204358743032,0.09210526315789473,0.024575424575424575,0.9997440777489286,0.024575424575424575,0.08737864077669903,0.02277722277722278,0.36423841059602646,0.021840458116926354,0.2511415525114155,16.677233080277823,0.649956946880114,25.658981199186993,0.3509933774834437,0.025036622719403382,0.21991701244813278,14.019198252782868,0.6656728218107938,21.060193226226662,0.3509933774834437,0.022772672792648822,0.23660714285714285,15.412919716509817,0.6641306525588473,0.013245033112582738,-0.003196164602477028,0.031224540063282735,2.658034827494955,-0.01571587493067983
6,989749373,0.05,0.8054308339925864,0.7970157665106509,0.7992766296338434,-0.006154204358743032,0.08653846153846154,0.06233766233766234,0.9955197219199483,0.06233766233766234,0.08653846153846154,0.041758241758241756,0.47019867549668876,0.05646557464376082,0.14343434343434344,8.327174184680745,0.5615071482985694,14.830041273584905,0.4370860927152318,0.060061259821547475,0.1276595744680851,7.2773380713939595,0.5988836114765266,12.151506456241034,0.3973509933774834,0.040351578106272476,0.1652892561983471,9.847223132909317,0.6279893686828305,0.033112582781456956,-0.0035956851777866547,0.015774768966258346,1.0498361132867853,-0.037376463177957175
6,989749373,0.1,0.8054308339925864,0.7970157665106509,0.7992766296338434,-0.006154204358743032,0.02386934673366834,0.15804195804195803,0.9416657379003095,0.15804195804195803,0.04381443298969072,0.11588411588411589,0.609271523178808,0.15807697429750966,0.07193119624706802,3.8542711605304705,0.46409049864763224,8.304999071866119,0.5761589403973509,0.1530163803435877,0.0703883495145631,3.76534158698321,0.5004123453704861,7.524477806788511,0.5298013245033113,0.1137301904381409,0.08565310492505353,4.658405322828296,0.5305367174011474,0.03311258278145701,0.005060593953921971,0.0015428467325049183,0.08892957354726061,-0.03632184672285382
7,853513682,0.005,0.8131302040200765,0.800730514111543,0.8071100551303116,-0.006020148889764876,0.5,0.005194805194805195,1.0,0.005194805194805195,0.5,0.005194805194805195,0.31125827814569534,0.003995205753096284,0.6103896103896104,77.90794701986755,0.6915044243085938,112.66442307692309,0.31125827814569534,0.003995205753096284,0.6103896103896104,77.90794701986755,0.6915044243085938,112.66442307692309,0.31125827814569534,0.003995205753096284,0.6103896103896104,77.90794701986755,0.6915044243085938,0.0,0.0,0.0,0.0,0.0
7,853513682,0.01,0.8131302040200765,0.800730514111543,0.8071100551303116,-0.006020148889764876,0.1111111111111111,0.024375624375624377,0.9998427098349608,0.024375624375624377,0.1111111111111111,0.024375624375624377,0.3509933774834437,0.02090824344120389,0.2523809523809524,16.787320200784578,0.6628659859190453,25.32536071753542,0.3509933774834437,0.020775069916100678,0.2535885167464115,16.894931227712686,0.6627758368661527,25.491169544740977,0.3509933774834437,0.02090824344120389,0.2523809523809524,16.787320200784578,0.6628659859190453,0.0,0.00013317352510321123,-0.0012075643654591017,-0.10761102692810809,9.014905289261854e-05
7,853513682,0.02,0.8131302040200765,0.800730514111543,0.8071100551303116,-0.006020148889764876,0.1111111111111111,0.024375624375624377,0.9998427098349608,0.024375624375624377,0.1111111111111111,0.024375624375624377,0.3509933774834437,0.02090824344120389,0.2523809523809524,16.787320200784578,0.6628659859190453,25.32536071753542,0.3509933774834437,0.020775069916100678,0.2535885167464115,16.894931227712686,0.6627758368661527,25.491169544740977,0.3509933774834437,0.02090824344120389,0.2523809523809524,16.787320200784578,0.6628659859190453,0.0,0.00013317352510321123,-0.0012075643654591017,-0.10761102692810809,9.014905289261854e-05
7,853513682,0.05,0.8131302040200765,0.800730514111543,0.8071100551303116,-0.006020148889764876,0.08888888888888889,0.053946053946053944,0.9972884686344681,0.053946053946053944,0.047619047619047616,0.04815184815184815,0.45695364238410596,0.05366893061659342,0.1461864406779661,8.514304964422461,0.5738439486824863,14.837317678387704,0.4370860927152318,0.050206418963909975,0.1489841986455982,8.705781088060148,0.5926697321650763,14.689093462318615,0.41721854304635764,0.04434678385936876,0.1590909090909091,9.408090209414713,0.6098252452988991,0.019867549668874163,0.0034625116526834435,-0.0027977579676320974,-0.1914761236376865,-0.01882578348259001
7,853513682,0.1,0.8131302040200765,0.800730514111543,0.8071100551303116,-0.006020148889764876,0.027912621359223302,0.16183816183816183,0.9335598780099873,0.16183816183816183,0.03571428571428571,0.14305694305694305,0.609271523178808,0.16340391530163803,0.06974981046247157,3.7286225489402356,0.4670455479863628,7.983423811694502,0.6026490066225165,0.1643361299773605,0.06867924528301887,3.667172926036043,0.47549141183609933,7.712385197190708,0.5629139072847682,0.14369423358636302,0.07302405498281787,3.9174425670077153,0.5104322659718002,0.0066225165562914245,-0.0009322146757224647,0.0010705651794526982,0.06144962290419276,-0.008445863849736557
8,531655453,0.005,0.824006335884797,0.8183733603560936,0.8285421732331798,0.00453583734838281,0.48333333333333334,0.006193806193806194,1.0,0.006193806193806194,0.48333333333333334,0.006193806193806194,0.2913907284768212,0.003329338127580237,0.6376811594202898,87.52211920529801,0.7109763522003675,123.10130841121494,0.2913907284768212,0.003329338127580237,0.6376811594202898,87.52211920529801,0.7109763522003675,123.10130841121494,0.2913907284768212,0.003329338127580237,0.6376811594202898,87.52211920529801,0.7109763522003675,0.0,0.0,0.0,0.0,0.0
8,531655453,0.01,0.824006335884797,0.8183733603560936,0.8285421732331798,0.00453583734838281,0.08620689655172414,0.027372627372627373,0.9998427098349608,0.027372627372627373,0.08620689655172414,0.027372627372627373,0.33774834437086093,0.018777467039552537,0.265625,17.986895871494998,0.6749250382897944,26.650212765957445,0.33774834437086093,0.018777467039552537,0.265625,17.986895871494998,0.6749250382897944,26.650212765957445,0.33774834437086093,0.018777467039552537,0.265625,17.986895871494998,0.6749250382897944,0.0,0.0,0.0,0.0,0.0
8,531655453,0.02,0.824006335884797,0.8183733603560936,0.8285421732331798,0.00453583734838281,0.08620689655172414,0.027372627372627373,0.9998427098349608,0.027372627372627373,0.08620689655172414,0.027372627372627373,0.33774834437086093,0.018777467039552537,0.265625,17.986895871494998,0.6749250382897944,26.650212765957445,0.33774834437086093,0.018777467039552537,0.265625,17.986895871494998,0.6749250382897944,26.650212765957445,0.33774834437086093,0.018777467039552537,0.265625,17.986895871494998,0.6749250382897944,0.0,0.0,0.0,0.0,0.0
8,531655453,0.05,0.824006335884797,0.8183733603560936,0.8285421732331798,0.00453583734838281,0.05188679245283019,0.06253746253746253,0.9957681541607466,0.06253746253746253,0.0625,0.05274725274725275,0.4370860927152318,0.05167132774004528,0.14537444933920704,8.458967706697617,0.5935852450219525,14.25063674954518,0.4304635761589404,0.05726461579438008,0.13131313131313133,7.517095333436007,0.6041317992121086,12.442806922660896,0.41721854304635764,0.04847516313756825,0.14754098360655737,8.60685175751401,0.6124710931091534,0.0066225165562914245,-0.005593288054334802,0.014061318026075714,0.9418723732616101,-0.010546554190156043
8,531655453,0.1,0.824006335884797,0.8183733603560936,0.8285421732331798,0.00453583734838281,0.027912621359223302,0.16143856143856145,0.9371864651984034,0.16143856143856145,0.023809523809523808,0.16743256743256743,0.6556291390728477,0.15767745372220002,0.07716289945440374,4.158039869339539,0.4088349082532785,10.17046192827443,0.6423841059602649,0.1588760154481289,0.07519379844961241,4.043304485880661,0.42516430467770283,9.509981062369995,0.6490066225165563,0.16660007990411507,0.072646404744255,3.895596105896739,0.4211584006908244,0.013245033112582849,-0.0011985617259288872,0.001969101004791335,0.11473538345887757,-0.016329396424424325
9,2003067951,0.005,0.8348180858466528,0.8281744026373651,0.838615295199844,0.0037972093531911666,0.46938775510204084,0.005194805194805195,1.0,0.005194805194805195,0.46938775510204084,0.005194805194805195,0.33774834437086093,0.003995205753096284,0.6296296296296297,84.5384105960265,0.664908100296725,127.14299999999999,0.33774834437086093,0.003995205753096284,0.6296296296296297,84.5384105960265,0.664908100296725,127.14299999999999,0.33774834437086093,0.003995205753096284,0.6296296296296297,84.5384105960265,0.664908100296725,0.0,0.0,0.0,0.0,0.0
9,2003067951,0.01,0.8348180858466528,0.8281744026373651,0.838615295199844,0.0037972093531911666,0.11413043478260869,0.021378621378621378,0.9998559527307987,0.021378621378621378,0.056818181818181816,0.02177822177822178,0.4105960264900662,0.023438540418164868,0.2605042016806723,17.517986152919928,0.6035503118895531,29.024897854954034,0.4105960264900662,0.021973631642029565,0.27312775330396477,18.68585189644792,0.6026463013461455,31.006332992849845,0.41721854304635764,0.02263949926754561,0.2703862660944206,18.428788469029996,0.5962809592948495,0.0,0.0014649087761353027,-0.012623551623292484,-1.1678657435279938,0.0009040105434076073
9,2003067951,0.02,0.8348180858466528,0.8281744026373651,0.838615295199844,0.0037972093531911666,0.11413043478260869,0.021378621378621378,0.9998559527307987,0.021378621378621378,0.056818181818181816,0.02177822177822178,0.4105960264900662,0.023438540418164868,0.2605042016806723,17.517986152919928,0.6035503118895531,29.024897854954034,0.4105960264900662,0.021973631642029565,0.27312775330396477,18.68585189644792,0.6026463013461455,31.006332992849845,0.41721854304635764,0.02263949926754561,0.2703862660944206,18.428788469029996,0.5962809592948495,0.0,0.0014649087761353027,-0.012623551623292484,-1.1678657435279938,0.0009040105434076073
9,2003067951,0.05,0.8348180858466528,0.8281744026373651,0.838615295199844,0.0037972093531911666,0.05238095238095238,0.05774225774225774,0.9964582364190079,0.05774225774225774,0.056818181818181816,0.02177822177822178,0.5298013245033113,0.06219203622319883,0.14625228519195613,8.518796885857311,0.5013805530111666,16.990680700907806,0.5231788079470199,0.055533359968038355,0.1592741935483871,9.420982419362524,0.5048576327024573,18.66067146282974,0.41721854304635764,0.02263949926754561,0.2703862660944206,18.428788469029996,0.5962809592948495,0.0066225165562914245,0.006658676255160471,-0.013021908356430967,-0.9021855335052127,-0.003477079691290741
9,2003067951,0.1,0.8348180858466528,0.8281744026373651,0.838615295199844,0.0037972093531911666,0.032467532467532464,0.1044955044955045,0.9820820460074995,0.1044955044955045,0.049107142857142856,0.1068931068931069,0.6357615894039735,0.11013450526035425,0.10400866738894908,5.7725922307550634,0.4093185012220238,14.102935033527537,0.5894039735099338,0.09748302037554935,0.10840438489646773,6.046221908587558,0.45494548663330486,13.289992067689054,0.6026490066225165,0.10147822612864563,0.10668229777256741,5.938702612504563,0.44222745061086755,0.04635761589403975,0.0126514848848049,-0.0043957175075186455,-0.2736296778324947,-0.045626985411281074
10,2100740383,0.005,0.8218561567178988,0.8085445368427643,0.7912712250817784,-0.030584931636120416,0.4838709677419355,0.006393606393606394,1.0,0.006393606393606394,0.4838709677419355,0.006393606393606394,0.2847682119205298,0.0031961646024770275,0.6417910447761194,89.09685430463577,0.7175251164580817,124.17245370370372,0.2847682119205298,0.0031961646024770275,0.6417910447761194,89.09685430463577,0.7175251164580817,124.17245370370372,0.2847682119205298,0.0031961646024770275,0.6417910447761194,89.09685430463577,0.7175251164580817,0.0,0.0,0.0,0.0,0.0
10,2100740383,0.01,0.8218561567178988,0.8085445368427643,0.7912712250817784,-0.030584931636120416,0.09836065573770492,0.03936063936063936,0.9989580566442059,0.03936063936063936,0.09836065573770492,0.03936063936063936,0.37748344370860926,0.03862032227993075,0.1642651296829971,9.774217857958437,0.6475241475539623,15.09475421863536,0.37748344370860926,0.038220801704621124,0.16569767441860464,9.876387382606087,0.6472551677086754,15.258877603973604,0.37748344370860926,0.03862032227993075,0.1642651296829971,9.774217857958437,0.6475241475539623,0.0,0.00039952057530962676,-0.0014325447356075272,-0.10216952464764972,0.00026897984528684304
10,2100740383,0.02,0.8218561567178988,0.8085445368427643,0.7912712250817784,-0.030584931636120416,0.09836065573770492,0.03936063936063936,0.9989580566442059,0.03936063936063936,0.09836065573770492,0.03936063936063936,0.37748344370860926,0.03862032227993075,0.1642651296829971,9.774217857958437,0.6475241475539623,15.09475421863536,0.37748344370860926,0.038220801704621124,0.16569767441860464,9.876387382606087,0.6472551677086754,15.258877603973604,0.37748344370860926,0.03862032227993075,0.1642651296829971,9.774217857958437,0.6475241475539623,0.0,0.00039952057530962676,-0.0014325447356075272,-0.10216952464764972,0.00026897984528684304
10,2100740383,0.05,0.8218561567178988,0.8085445368427643,0.7912712250817784,-0.030584931636120416,0.06770833333333333,0.05714285714285714,0.9963456585067603,0.05714285714285714,0.049019607843137254,0.05874125874125874,0.4768211920529801,0.05579970701824477,0.14663951120162932,8.545227520586701,0.5540972734660328,15.421890577323948,0.4105960264900662,0.05673192169396724,0.12704918032786885,7.237477847215744,0.6248530900869819,11.582687134040196,0.4105960264900662,0.05926221867092822,0.1222879684418146,6.928461939132376,0.6265337538343846,0.06622516556291391,-0.0009322146757224717,0.01959033087376047,1.3077496733709575,-0.0707558166209491
10,2100740383,0.1,0.8218561567178988,0.8085445368427643,0.7912712250817784,-0.030584931636120416,0.02283653846153846,0.14045954045954046,0.9586336954670363,0.14045954045954046,0.02,0.17202797202797201,0.5827814569536424,0.13250765747769344,0.08125577100646353,4.398096442477287,0.4809478108282314,9.144643854191592,0.5827814569536424,0.13250765747769344,0.08125577100646353,4.398096442477287,0.4809478108282314,9.144643854191592,0.6225165562913907,0.16620055932880543,0.07004470938897168,3.7455743759551705,0.45272690924899334,0.0,0.0,0.0,0.0,0.0
11,1452293443,0.005,0.8263143830052943,0.8246095854951982,0.8312457721815499,0.004931389176255685,0.09473684210526316,0.02117882117882118,0.9998207005084748,0.02117882117882118,0.09473684210526316,0.02117882117882118,0.3841059602649007,0.0238380609934745,0.24472573839662448,16.11313774094491,0.6309342898186714,25.53853547185679,0.3841059602649007,0.02330536689306166,0.24892703862660945,16.48143803216651,0.6305901751255606,26.136528417818738,0.3841059602649007,0.0238380609934745,0.24472573839662448,16.11313774094491,0.6309342898186714,0.0,0.000532694100412838,-0.004201300229984967,-0.3683002912215976,0.00034411469311079745
11,1452293443,0.01,0.8263143830052943,0.8246095854951982,0.8312457721815499,0.004931389176255685,0.09473684210526316,0.02117882117882118,0.9998207005084748,0.02117882117882118,0.09473684210526316,0.02117882117882118,0.3841059602649007,0.0238380609934745,0.24472573839662448,16.11313774094491,0.6309342898186714,25.53853547185679,0.3841059602649007,0.02330536689306166,0.24892703862660945,16.48143803216651,0.6305901751255606,26.136528417818738,0.3841059602649007,0.0238380609934745,0.24472573839662448,16.11313774094491,0.6309342898186714,0.0,0.000532694100412838,-0.004201300229984967,-0.3683002912215976,0.00034411469311079745
11,1452293443,0.02,0.8263143830052943,0.8246095854951982,0.8312457721815499,0.004931389176255685,0.09473684210526316,0.02117882117882118,0.9998207005084748,0.02117882117882118,0.09473684210526316,0.02117882117882118,0.3841059602649007,0.0238380609934745,0.24472573839662448,16.11313774094491,0.6309342898186714,25.53853547185679,0.3841059602649007,0.02330536689306166,0.24892703862660945,16.48143803216651,0.6305901751255606,26.136528417818738,0.3841059602649007,0.0238380609934745,0.24472573839662448,16.11313774094491,0.6309342898186714,0.0,0.000532694100412838,-0.004201300229984967,-0.3683002912215976,0.00034411469311079745
11,1452293443,0.05,0.8263143830052943,0.8246095854951982,0.8312457721815499,0.004931389176255685,0.06435643564356436,0.05854145854145854,0.9959539673100971,0.05854145854145854,0.04950495049504951,0.04035964035964036,0.5165562913907285,0.06245838327340525,0.1425959780621572,8.270407658961577,0.5156503988561109,16.03878844524929,0.48344370860927155,0.058330003995205756,0.14285714285714285,8.288079470198676,0.5485534142346175,15.108974358974361,0.45695364238410596,0.04128379278199494,0.1820580474934037,11.0685964537492,0.5664307680702526,0.0331125827814569,0.004128379278199493,-0.00026116479498564105,-0.017671811237098822,-0.032903015378506595
11,1452293443,0.1,0.8263143830052943,0.8246095854951982,0.8312457721815499,0.004931389176255685,0.022321428571428572,0.1000999000999001,0.9796804042133856,0.1000999000999001,0.04391891891891892,0.0969030969030969,0.609271523178808,0.10307630842988413,0.10623556581986143,5.910878381847118,0.4356317939792622,13.568519248456184,0.5894039735099338,0.1066719936076708,0.1,5.525386313465784,0.4596251584546671,12.021505376344088,0.5761589403973509,0.10334265548009056,0.10081112398609501,5.575228715777975,0.4726901108801859,0.019867549668874163,-0.0035956851777866616,0.006235565819861427,0.38549206838133365,-0.0239933644754049
12,1462602459,0.005,0.8223897327621865,0.8140703561906726,0.8252842725594629,0.0028945397972763853,0.09042553191489362,0.02057942057942058,0.9998664827577217,0.02057942057942058,0.05660377358490566,0.013586413586413586,0.3509933774834437,0.024903449194300174,0.22083333333333333,14.094167227396678,0.6655819077406202,21.17570664629488,0.33774834437086093,0.021440937541616727,0.24056603773584906,15.752498868824812,0.6767620688784983,23.276273291925463,0.2913907284768212,0.014782261286456252,0.2838709677419355,19.712189010202255,0.7192412841129426,0.013245033112582794,0.003462511652683447,-0.019732704402515733,-1.6583316414281342,-0.01118016113787812
12,1462602459,0.01,0.8223897327621865,0.8140703561906726,0.8252842725594629,0.0028945397972763853,0.09042553191489362,0.02057942057942058,0.9998664827577217,0.02057942057942058,0.05660377358490566,0.013586413586413586,0.3509933774834437,0.024903449194300174,0.22083333333333333,14.094167227396678,0.6655819077406202,21.17570664629488,0.33774834437086093,0.021440937541616727,0.24056603773584906,15.752498868824812,0.6767620688784983,23.276273291925463,0.2913907284768212,0.014782261286456252,0.2838709677419355,19.712189010202255,0.7192412841129426,0.013245033112582794,0.003462511652683447,-0.019732704402515733,-1.6583316414281342,-0.01118016113787812
12,1462602459,0.02,0.8223897327621865,0.8140703561906726,0.8252842725594629,0.0028945397972763853,0.09042553191489362,0.02057942057942058,0.9998664827577217,0.02057942057942058,0.05660377358490566,0.013586413586413586,0.3509933774834437,0.024903449194300174,0.22083333333333333,14.094167227396678,0.6655819077406202,21.17570664629488,0.33774834437086093,0.021440937541616727,0.24056603773584906,15.752498868824812,0.6767620688784983,23.276273291925463,0.2913907284768212,0.014782261286456252,0.2838709677419355,19.712189010202255,0.7192412841129426,0.013245033112582794,0.003462511652683447,-0.019732704402515733,-1.6583316414281342,-0.01118016113787812
12,1462602459,0.05,0.8223897327621865,0.8140703561906726,0.8252842725594629,0.0028945397972763853,0.043824701195219126,0.06013986013986014,0.9952934000849063,0.06013986013986014,0.05660377358490566,0.013586413586413586,0.543046357615894,0.06831801837794646,0.13781512605042018,7.948801363231479,0.490460963502323,16.206797186202223,0.4900662251655629,0.06379011852443735,0.13381555153707053,7.682478673837602,0.5446789068608517,14.104601035707507,0.2913907284768212,0.014782261286456252,0.2838709677419355,19.712189010202255,0.7192412841129426,0.05298013245033112,0.0045278998535091125,0.003999574513349646,0.2663226893938768,-0.05421794335852875
12,1462602459,0.1,0.8223897327621865,0.8140703561906726,0.8252842725594629,0.0028945397972763853,0.02751196172248804,0.16163836163836165,0.9330055403788858,0.16163836163836165,0.01818181818181818,0.16343656343656343,0.6688741721854304,0.16633373285390865,0.07481481481481482,4.021277949511927,0.3971923068785308,10.12425940752602,0.6490066225165563,0.1656678652283926,0.07302533532041729,3.9175166627627176,0.42068783264535975,9.312170114663592,0.6490066225165563,0.16793181515514716,0.07211184694628403,3.864703194668375,0.4218324698340555,0.019867549668874163,0.0006658676255160423,0.0017894794943975334,0.1037612867492097,-0.02349552576682895
13,873316549,0.005,0.8244362835237892,0.8171668611352909,0.8313229422705998,0.006886658746810603,0.48214285714285715,0.005794205794205794,1.0,0.005794205794205794,0.48214285714285715,0.005794205794205794,0.31125827814569534,0.003595685177786656,0.6351351351351351,86.5643855776306,0.6912271570975639,125.23290598290599,0.31125827814569534,0.003595685177786656,0.6351351351351351,86.5643855776306,0.6912271570975639,125.23290598290599,0.31125827814569534,0.003595685177786656,0.6351351351351351,86.5643855776306,0.6912271570975639,0.0,0.0,0.0,0.0,0.0
13,873316549,0.01,0.8244362835237892,0.8171668611352909,0.8313229422705998,0.006886658746810603,0.10204081632653061,0.014585414585414586,0.9999741127478373,0.014585414585414586,0.10204081632653061,0.014585414585414586,0.31125827814569534,0.012118790784392063,0.34057971014492755,25.683938577978314,0.6971908316802337,36.83918005071852,0.31125827814569534,0.011719270209082434,0.34814814814814815,26.559527393136666,0.6969089865791637,38.11046765734266,0.31125827814569534,0.012118790784392063,0.34057971014492755,25.683938577978314,0.6971908316802337,0.0,0.0003995205753096285,-0.007568438003220601,-0.875588815158352,0.0002818451010699885
13,873316549,0.02,0.8244362835237892,0.8171668611352909,0.8313229422705998,0.006886658746810603,0.0967741935483871,0.02017982017982018,0.9998891163113129,0.02017982017982018,0.0967741935483871,0.02017982017982018,0.3443708609271523,0.01997602876548142,0.25742574257425743,17.239205298013246,0.6689929617200725,25.76888888888889,0.3443708609271523,0.019576508190171794,0.2613065326633166,17.59102581429923,0.6687203484512378,26.305504019789733,0.3443708609271523,0.01997602876548142,0.25742574257425743,17.239205298013246,0.6689929617200725,0.0,0.00039952057530962676,-0.0038807900890591718,-0.3518205162859829,0.00027261326883465387
13,873316549,0.05,0.8244362835237892,0.8171668611352909,0.8313229422705998,0.006886658746810603,0.07476635514018691,0.05814185814185814,0.9958920794964684,0.05814185814185814,0.07476635514018691,0.03996003996003996,0.5099337748344371,0.058862698095618594,0.14836223506743737,8.663105690569656,0.5207170347768801,16.6368778280543,0.46357615894039733,0.0589958716207218,0.1364522417153996,7.857772861136442,0.570054715895352,13.784243234958057,0.423841059602649,0.03981888400585964,0.1763085399449036,10.644222463398966,0.6000523555400429,0.046357615894039805,-0.0001331735251032043,0.011909993352037768,0.8053328294332145,-0.04933768111847181
13,873316549,0.1,0.8244362835237892,0.8171668611352909,0.8313229422705998,0.006886658746810603,0.01820388349514563,0.16023976023976025,0.9373566682033038,0.16023976023976025,0.03896103896103896,0.0991008991008991,0.6556291390728477,0.16113996537488348,0.07563025210084033,4.068693558097531,0.41052243129099647,9.911013986013986,0.6423841059602649,0.15927553602343855,0.07501933488012374,4.033162417772265,0.42536634695776515,9.481620834881701,0.5629139072847682,0.10520708483153549,0.09714285714285714,5.350532316204208,0.4884773731505694,0.013245033112582849,0.0018644293514449295,0.0006109172207165864,0.03553114032526672,-0.014843915666768681
14,1255706043,0.005,0.829141013124207,0.8197606580712417,0.8107599798564019,-0.018381033267805047,0.115,0.02257742257742258,0.9997570446193352,0.02257742257742258,0.0670391061452514,0.03836163836163836,0.3576158940397351,0.022106805167132773,0.24545454545454545,16.17673342376127,0.6569062034121788,24.625636566886104,0.39072847682119205,0.0253029697696098,0.23694779116465864,15.442000697107007,0.625088108696498,24.703718535469108,0.4370860927152318,0.04261552803302703,0.17098445595854922,10.256498344370861,0.5879705841982646,-0.033112582781456956,-0.003196164602477028,0.008506754289886814,0.7347327266542631,0.031818094715680756
14,1255706043,0.01,0.829141013124207,0.8197606580712417,0.8107599798564019,-0.018381033267805047,0.115,0.02257742257742258,0.9997570446193352,0.02257742257742258,0.0670391061452514,0.03836163836163836,0.3576158940397351,0.022106805167132773,0.24545454545454545,16.17673342376127,0.6569062034121788,24.625636566886104,0.39072847682119205,0.0253029697696098,0.23694779116465864,15.442000697107007,0.625088108696498,24.703718535469108,0.4370860927152318,0.04261552803302703,0.17098445595854922,10.256498344370861,0.5879705841982646,-0.033112582781456956,-0.003196164602477028,0.008506754289886814,0.7347327266542631,0.031818094715680756
14,1255706043,0.02,0.829141013124207,0.8197606580712417,0.8107599798564019,-0.018381033267805047,0.115,0.02257742257742258,0.9997570446193352,0.02257742257742258,0.0670391061452514,0.03836163836163836,0.3576158940397351,0.022106805167132773,0.24545454545454545,16.17673342376127,0.6569062034121788,24.625636566886104,0.39072847682119205,0.0253029697696098,0.23694779116465864,15.442000697107007,0.625088108696498,24.703718535469108,0.4370860927152318,0.04261552803302703,0.17098445595854922,10.256498344370861,0.5879705841982646,-0.033112582781456956,-0.003196164602477028,0.008506754289886814,0.7347327266542631,0.031818094715680756
14,1255706043,0.05,0.829141013124207,0.8197606580712417,0.8107599798564019,-0.018381033267805047,0.0670391061452514,0.055944055944055944,0.9954896248056015,0.055944055944055944,0.0670391061452514,0.03836163836163836,0.5033112582781457,0.06059395392196031,0.1431261770244821,8.306295029473837,0.5287263625729237,15.710007326007325,0.48344370860927155,0.06472233320015981,0.13059033989266547,7.469503720055596,0.552302604592479,13.524295663184551,0.4370860927152318,0.04261552803302703,0.17098445595854922,10.256498344370861,0.5879705841982646,0.019867549668874163,-0.0041283792781995,0.012535837131816635,0.8367913094182411,-0.023576242019555327
14,1255706043,0.1,0.829141013124207,0.8197606580712417,0.8107599798564019,-0.018381033267805047,0.01903807615230461,0.1784215784215784,0.9204476965795279,0.1784215784215784,0.015555555555555555,0.2151848151848152,0.5894039735099338,0.18218138234119058,0.06108442004118051,3.2352590914372024,0.5020624593574184,6.443937464629316,0.6622516556291391,0.1727260620588627,0.07158196134574088,3.834115406414191,0.40826663198338603,9.391204438598882,0.6821192052980133,0.21121321081369024,0.06098283007696862,3.229529074768463,0.40299964332554755,-0.07284768211920534,0.009455320282327873,-0.010497541304560369,-0.5988563149769885,0.09379582737403241
15,1401750917,0.005,0.820796942124197,0.8137003807351707,0.7951226739832731,-0.025674268140923884,0.095,0.022377622377622378,0.9997761816174018,0.022377622377622378,0.07096774193548387,0.033166833166833165,0.33774834437086093,0.023704887468371287,0.22270742358078602,14.248046729667387,0.678331425742628,21.004550561797753,0.33774834437086093,0.024237581568784125,0.21888412017167383,13.934902845498872,0.6787017445228887,20.531703296703295,0.3708609271523179,0.035557331202556934,0.17337461300309598,10.429942704070243,0.6523343410678327,0.0,-0.000532694100412838,0.0038233034091121887,0.3131438841685146,-0.0003703187802607255
15,1401750917,0.01,0.820796942124197,0.8137003807351707,0.7951226739832731,-0.025674268140923884,0.095,0.022377622377622378,0.9997761816174018,0.022377622377622378,0.07096774193548387,0.033166833166833165,0.33774834437086093,0.023704887468371287,0.22270742358078602,14.248046729667387,0.678331425742628,21.004550561797753,0.33774834437086093,0.024237581568784125,0.21888412017167383,13.934902845498872,0.6787017445228887,20.531703296703295,0.3708609271523179,0.035557331202556934,0.17337461300309598,10.429942704070243,0.6523343410678327,0.0,-0.000532694100412838,0.0038233034091121887,0.3131438841685146,-0.0003703187802607255
15,1401750917,0.02,0.820796942124197,0.8137003807351707,0.7951226739832731,-0.025674268140923884,0.095,0.022377622377622378,0.9997761816174018,0.022377622377622378,0.07096774193548387,0.033166833166833165,0.33774834437086093,0.023704887468371287,0.22270742358078602,14.248046729667387,0.678331425742628,21.004550561797753,0.33774834437086093,0.024237581568784125,0.21888412017167383,13.934902845498872,0.6787017445228887,20.531703296703295,0.3708609271523179,0.035557331202556934,0.17337461300309598,10.429942704070243,0.6523343410678327,0.0,-0.000532694100412838,0.0038233034091121887,0.3131438841685146,-0.0003703187802607255
15,1401750917,0.05,0.820796942124197,0.8137003807351707,0.7951226739832731,-0.025674268140923884,0.07096774193548387,0.05114885114885115,0.9970023472700462,0.05114885114885115,0.07096774193548387,0.033166833166833165,0.4503311258278146,0.05460114529231589,0.14225941422594143,8.247649814246486,0.581414787457239,14.185483397002647,0.4304635761589404,0.05513383939272873,0.13569937369519833,7.8076110951146935,0.6027694160144492,12.952898550724635,0.3708609271523179,0.035557331202556934,0.17337461300309598,10.429942704070243,0.6523343410678327,0.019867549668874218,-0.000532694100412838,0.006560040530743105,0.4400387191317927,-0.021354628557210265
15,1401750917,0.1,0.820796942124197,0.8137003807351707,0.7951226739832731,-0.025674268140923884,0.017857142857142856,0.1028971028971029,0.9793023775238672,0.1028971028971029,0.019801980198019802,0.09750249750249751,0.5695364238410596,0.10374217605540019,0.09942196531791908,5.489921702981408,0.4802898950040837,11.430433494618349,0.5496688741721855,0.10627247303236116,0.094211123723042,5.172260120499926,0.5038796638118104,10.264871738168955,0.5231788079470199,0.10067918497802637,0.09461077844311377,5.196494270997582,0.5302014410078228,0.019867549668874163,-0.0025302969769609718,0.005210841594877086,0.3176615824814819,-0.023589768807726674
16,1196189380,0.005,0.8206417200022226,0.8139667277853773,0.8116860209250003,-0.008955699077222268,0.08796296296296297,0.023976023976023976,0.9996794309578617,0.023976023976023976,0.08148148148148149,0.029170829170829173,0.3841059602649007,0.021574111066719935,0.2636363636363636,17.80402256561197,0.6294743901416716,28.28395061728395,0.39072847682119205,0.02796644027167399,0.21933085501858737,13.971333964049196,0.6268009134881036,22.28990683229814,0.39072847682119205,0.03302703422559595,0.19218241042345277,11.83056505020295,0.6300812377840062,-0.006622516556291369,-0.006392329204954056,0.04430550861777624,3.832688601562774,0.0026734766535679855
16,1196189380,0.01,0.8206417200022226,0.8139667277853773,0.8116860209250003,-0.008955699077222268,0.08796296296296297,0.023976023976023976,0.9996794309578617,0.023976023976023976,0.08148148148148149,0.029170829170829173,0.3841059602649007,0.021574111066719935,0.2636363636363636,17.80402256561197,0.6294743901416716,28.28395061728395,0.39072847682119205,0.02796644027167399,0.21933085501858737,13.971333964049196,0.6268009134881036,22.28990683229814,0.39072847682119205,0.03302703422559595,0.19218241042345277,11.83056505020295,0.6300812377840062,-0.006622516556291369,-0.006392329204954056,0.04430550861777624,3.832688601562774,0.0026734766535679855
16,1196189380,0.02,0.8206417200022226,0.8139667277853773,0.8116860209250003,-0.008955699077222268,0.08796296296296297,0.023976023976023976,0.9996794309578617,0.023976023976023976,0.08148148148148149,0.029170829170829173,0.3841059602649007,0.021574111066719935,0.2636363636363636,17.80402256561197,0.6294743901416716,28.28395061728395,0.39072847682119205,0.02796644027167399,0.21933085501858737,13.971333964049196,0.6268009134881036,22.28990683229814,0.39072847682119205,0.03302703422559595,0.19218241042345277,11.83056505020295,0.6300812377840062,-0.006622516556291369,-0.006392329204954056,0.04430550861777624,3.832688601562774,0.0026734766535679855
16,1196189380,0.05,0.8206417200022226,0.8139667277853773,0.8116860209250003,-0.008955699077222268,0.07731958762886598,0.06653346653346653,0.9939048051009195,0.06653346653346653,0.046511627906976744,0.04835164835164835,0.4966887417218543,0.06991610067918498,0.125,7.10406811731315,0.541146082246649,13.127819548872179,0.47019867549668876,0.06951658010387535,0.11973018549747048,6.763834969932253,0.569382874723825,11.879238505747125,0.4503311258278146,0.05073911306432281,0.1514476614699332,8.875423684622204,0.5790493232546211,0.02649006622516553,0.0003995205753096337,0.005269814502529516,0.34023314738089727,-0.02823679247717603
16,1196189380,0.1,0.8206417200022226,0.8139667277853773,0.8116860209250003,-0.008955699077222268,0.020771513353115726,0.16983016983016982,0.9262046478989552,0.16983016983016982,0.020771513353115726,0.23116883116883116,0.6291390728476821,0.17086163270741778,0.06894049346879536,3.68215533750058,0.4472847256644322,8.232240285046208,0.6754966887417219,0.1700625915567985,0.07396664249456128,3.972047482976969,0.3909973305902456,10.158758569990251,0.695364238410596,0.22852576907710748,0.057660626029654036,3.042826378919094,0.39487483752370695,-0.04635761589403975,0.0007990411506192674,-0.005026149025765925,-0.28989214547638875,0.05628739507418662
17,2060917766,0.005,0.8146775745485109,0.8062461911048905,0.8145386683882211,-0.00013890616028977565,0.08585858585858586,0.02097902097902098,0.999868863665675,0.02097902097902098,0.07692307692307693,0.03896103896103896,0.40397350993377484,0.0253029697696098,0.24302788844621515,15.965458347856396,0.6114992367683132,26.108713450292402,0.3841059602649007,0.021041416966307097,0.26851851851851855,18.254757314108478,0.629131865646968,29.01578875731591,0.4370860927152318,0.04048475163137568,0.1783783783783784,10.79631404670617,0.5866648896323836,0.019867549668874163,0.004261552803302704,-0.0254906300723034,-2.2892989662520815,-0.0176326288786548
17,2060917766,0.01,0.8146775745485109,0.8062461911048905,0.8145386683882211,-0.00013890616028977565,0.08585858585858586,0.02097902097902098,0.999868863665675,0.02097902097902098,0.07692307692307693,0.03896103896103896,0.40397350993377484,0.0253029697696098,0.24302788844621515,15.965458347856396,0.6114992367683132,26.108713450292402,0.3841059602649007,0.021041416966307097,0.26851851851851855,18.254757314108478,0.629131865646968,29.01578875731591,0.4370860927152318,0.04048475163137568,0.1783783783783784,10.79631404670617,0.5866648896323836,0.019867549668874163,0.004261552803302704,-0.0254906300723034,-2.2892989662520815,-0.0176326288786548
17,2060917766,0.02,0.8146775745485109,0.8062461911048905,0.8145386683882211,-0.00013890616028977565,0.08585858585858586,0.02097902097902098,0.999868863665675,0.02097902097902098,0.07692307692307693,0.03896103896103896,0.40397350993377484,0.0253029697696098,0.24302788844621515,15.965458347856396,0.6114992367683132,26.108713450292402,0.3841059602649007,0.021041416966307097,0.26851851851851855,18.254757314108478,0.629131865646968,29.01578875731591,0.4370860927152318,0.04048475163137568,0.1783783783783784,10.79631404670617,0.5866648896323836,0.019867549668874163,0.004261552803302704,-0.0254906300723034,-2.2892989662520815,-0.0176326288786548
17,2060917766,0.05,0.8146775745485109,0.8062461911048905,0.8145386683882211,-0.00013890616028977565,0.07692307692307693,0.056943056943056944,0.9962403968721815,0.056943056943056944,0.04,0.055344655344655345,0.5231788079470199,0.0603276068717539,0.14849624060150377,8.672295074777422,0.5074334369509393,17.090507726269315,0.45695364238410596,0.05766413636968971,0.13745019920318724,7.924399308688803,0.576276865367121,13.751027995268407,0.45695364238410596,0.05606605406845119,0.14081632653061224,8.150272923188247,0.5753012273332038,0.06622516556291391,0.00266347050206419,0.011046041398316525,0.747895766088619,-0.06884342841618163
17,2060917766,0.1,0.8146775745485109,0.8062461911048905,0.8145386683882211,-0.00013890616028977565,0.025423728813559324,0.15964035964035964,0.933534662228769,0.15964035964035964,0.023809523809523808,0.16343656343656343,0.6622516556291391,0.162738047676122,0.07564296520423601,4.069433455089366,0.40339626497229114,10.08793042585283,0.6490066225165563,0.165934212278599,0.07291666666666667,3.9112285140263414,0.4208221733231964,9.294254822980708,0.6622516556291391,0.17192702090824344,0.07189072609633357,3.8519346879312204,0.4078726789772908,0.013245033112582849,-0.003196164602477014,0.0027262985375693383,0.15820494106302485,-0.01742590835090524
18,448991691,0.005,0.8051768341566279,0.7951905836616369,0.7999499937822956,-0.005226840374332298,0.5,0.006393606393606394,1.0,0.006393606393606394,0.5,0.006393606393606394,0.271523178807947,0.0031961646024770275,0.6307692307692307,84.95281456953643,0.7308126186147128,116.2443181818182,0.271523178807947,0.0031961646024770275,0.6307692307692307,84.95281456953643,0.7308126186147128,116.2443181818182,0.271523178807947,0.0031961646024770275,0.6307692307692307,84.95281456953643,0.7308126186147128,0.0,0.0,0.0,0.0,0.0
18,448991691,0.01,0.8051768341566279,0.7951905836616369,0.7999499937822956,-0.005226840374332298,0.10869565217391304,0.026773226773226775,0.9997319904617384,0.026773226773226775,0.07407407407407407,0.023576423576423578,0.33774834437086093,0.02090824344120389,0.24519230769230768,16.153836419622895,0.6763938631826993,23.88229299363057,0.3509933774834437,0.024237581568784125,0.225531914893617,14.48136962375373,0.6651277096324308,21.772314420273606,0.33774834437086093,0.021307764016513516,0.24170616113744076,15.850951986754968,0.6766699798774263,-0.013245033112582794,-0.0033293381275802357,0.019660392798690668,1.6724667958691644,0.011266153550268498
18,448991691,0.02,0.8051768341566279,0.7951905836616369,0.7999499937822956,-0.005226840374332298,0.10869565217391304,0.026773226773226775,0.9997319904617384,0.026773226773226775,0.07407407407407407,0.023576423576423578,0.33774834437086093,0.02090824344120389,0.24519230769230768,16.153836419622895,0.6763938631826993,23.88229299363057,0.3509933774834437,0.024237581568784125,0.225531914893617,14.48136962375373,0.6651277096324308,21.772314420273606,0.33774834437086093,0.021307764016513516,0.24170616113744076,15.850951986754968,0.6766699798774263,-0.013245033112582794,-0.0033293381275802357,0.019660392798690668,1.6724667958691644,0.011266153550268498
18,448991691,0.05,0.8051768341566279,0.7951905836616369,0.7999499937822956,-0.005226840374332298,0.05037783375314862,0.06293706293706294,0.9949419308739292,0.06293706293706294,0.05037783375314862,0.0989010989010989,0.48344370860927155,0.05713144226927687,0.1454183266932271,8.461955263279767,0.5478561005724548,15.445580060964678,0.4503311258278146,0.06445598614995339,0.12318840579710146,6.986645503803842,0.587539299097358,11.891367121378076,0.5099337748344371,0.09881475562658143,0.09401709401709402,5.160502311633138,0.5438018745039473,0.033112582781456956,-0.007324543880676521,0.022229920896125646,1.475309759475925,-0.03968319852490321
18,448991691,0.1,0.8051768341566279,0.7951905836616369,0.7999499937822956,-0.005226840374332298,0.02644836272040302,0.15984015984015984,0.9373947525712135,0.15984015984015984,0.04,0.12647352647352647,0.6225165562913907,0.16020775069916102,0.07247494217424827,3.8856831431355383,0.44949622245606524,8.644529028306424,0.609271523178808,0.15927553602343855,0.07142857142857142,3.825267447784004,0.4647521198242248,8.23076923076923,0.5629139072847682,0.12371820482088161,0.08382642998027613,4.549968277504116,0.498796272066668,0.013245033112582738,0.0009322146757224647,0.0010463707456768445,0.06041569535153446,-0.015255897368159577
19,238819458,0.005,0.821250261275873,0.8136748043627999,0.8052187264906836,-0.016031534785189372,0.08376963350785341,0.03976023976023976,0.9986794962572834,0.03976023976023976,0.08376963350785341,0.03976023976023976,0.41721854304635764,0.04234918098282062,0.16535433070866143,9.851868049481444,0.6085531859636908,16.189000857632934,0.41721854304635764,0.04234918098282062,0.16535433070866143,9.851868049481444,0.6085531859636908,16.189000857632934,0.41721854304635764,0.04234918098282062,0.16535433070866143,9.851868049481444,0.6085531859636908,0.0,0.0,0.0,0.0,0.0
19,238819458,0.01,0.821250261275873,0.8136748043627999,0.8052187264906836,-0.016031534785189372,0.08376963350785341,0.03976023976023976,0.9986794962572834,0.03976023976023976,0.08376963350785341,0.03976023976023976,0.41721854304635764,0.04234918098282062,0.16535433070866143,9.851868049481444,0.6085531859636908,16.189000857632934,0.41721854304635764,0.04234918098282062,0.16535433070866143,9.851868049481444,0.6085531859636908,16.189000857632934,0.41721854304635764,0.04234918098282062,0.16535433070866143,9.851868049481444,0.6085531859636908,0.0,0.0,0.0,0.0,0.0
19,238819458,0.02,0.821250261275873,0.8136748043627999,0.8052187264906836,-0.016031534785189372,0.08376963350785341,0.03976023976023976,0.9986794962572834,0.03976023976023976,0.08376963350785341,0.03976023976023976,0.41721854304635764,0.04234918098282062,0.16535433070866143,9.851868049481444,0.6085531859636908,16.189000857632934,0.41721854304635764,0.04234918098282062,0.16535433070866143,9.851868049481444,0.6085531859636908,16.189000857632934,0.41721854304635764,0.04234918098282062,0.16535433070866143,9.851868049481444,0.6085531859636908,0.0,0.0,0.0,0.0,0.0
19,238819458,0.05,0.821250261275873,0.8136748043627999,0.8052187264906836,-0.016031534785189372,0.0625,0.05914085914085914,0.9961764952925118,0.05914085914085914,0.034482758620689655,0.06213786213786214,0.5165562913907285,0.05766413636968971,0.15264187866927592,8.958016609822124,0.5130269655097541,17.46110285045398,0.4370860927152318,0.05646557464376082,0.1346938775510204,7.740753467449706,0.59660134506723,12.974750277469479,0.4370860927152318,0.058862698095618594,0.12992125984251968,7.425519163345419,0.5981209183247947,0.07947019867549665,0.0011985617259288872,0.017948001118255508,1.2172631423724178,-0.08357437955747582
19,238819458,0.1,0.821250261275873,0.8136748043627999,0.8052187264906836,-0.016031534785189372,0.022916666666666665,0.15384615384615385,0.9478809587784399,0.15384615384615385,0.02356902356902357,0.12007992007992008,0.6158940397350994,0.1447596217871887,0.0788135593220339,4.254598292889477,0.449120469577879,9.473178314246741,0.6291390728476821,0.14289519243574378,0.08133561643835617,4.402800836918215,0.4326902893080726,10.175409399547329,0.5894039735099338,0.11412971101345053,0.09408033826638477,5.1643342323058254,0.463494522386336,-0.013245033112582738,0.0018644293514449295,-0.0025220571163222655,-0.148202544028738,0.016430180269806416
20,323999334,0.005,0.8243935092458586,0.8147847307293058,0.7964782217189261,-0.02791528752693251,0.1,0.022377622377622378,0.9997360565750835,0.022377622377622378,0.09239130434782608,0.03696303696303696,0.37748344370860926,0.021440937541616727,0.26146788990825687,17.605734029863022,0.6361563447457884,27.67516849477996,0.37748344370860926,0.026901052070848315,0.22007722007722008,14.032292964395777,0.6397258548230538,21.934853591742147,0.4105960264900662,0.04181648688240778,0.16489361702127658,9.818998608006073,0.6151263984831262,0.0,-0.005460114529231588,0.041390669831036786,3.573441065467245,-0.0035695100772653587
20,323999334,0.01,0.8243935092458586,0.8147847307293058,0.7964782217189261,-0.02791528752693251,0.1,0.022377622377622378,0.9997360565750835,0.022377622377622378,0.09239130434782608,0.03696303696303696,0.37748344370860926,0.021440937541616727,0.26146788990825687,17.605734029863022,0.6361563447457884,27.67516849477996,0.37748344370860926,0.026901052070848315,0.22007722007722008,14.032292964395777,0.6397258548230538,21.934853591742147,0.4105960264900662,0.04181648688240778,0.16489361702127658,9.818998608006073,0.6151263984831262,0.0,-0.005460114529231588,0.041390669831036786,3.573441065467245,-0.0035695100772653587
20,323999334,0.02,0.8243935092458586,0.8147847307293058,0.7964782217189261,-0.02791528752693251,0.1,0.022377622377622378,0.9997360565750835,0.022377622377622378,0.09239130434782608,0.03696303696303696,0.37748344370860926,0.021440937541616727,0.26146788990825687,17.605734029863022,0.6361563447457884,27.67516849477996,0.37748344370860926,0.026901052070848315,0.22007722007722008,14.032292964395777,0.6397258548230538,21.934853591742147,0.4105960264900662,0.04181648688240778,0.16489361702127658,9.818998608006073,0.6151263984831262,0.0,-0.005460114529231588,0.041390669831036786,3.573441065467245,-0.0035695100772653587
20,323999334,0.05,0.8243935092458586,0.8147847307293058,0.7964782217189261,-0.02791528752693251,0.09239130434782608,0.05574425574425575,0.996647812344276,0.05574425574425575,0.09090909090909091,0.03896103896103896,0.48344370860927155,0.05779730989479292,0.14398422090729784,8.364467299417097,0.5482432780286898,15.256853361692071,0.44370860927152317,0.05579970701824477,0.13786008230452676,7.951808942768181,0.5891667211537563,13.496704170928515,0.41721854304635764,0.042881875083233455,0.16363636363636364,9.72948459545062,0.608891882602602,0.03973509933774838,0.0019976028765481477,0.006124138602771084,0.41265835664891615,-0.04092344312506657
20,323999334,0.1,0.8243935092458586,0.8147847307293058,0.7964782217189261,-0.02791528752693251,0.02040816326530612,0.1040959040959041,0.9800139306432035,0.1040959040959041,0.02976190476190476,0.1040959040959041,0.5364238410596026,0.10560660540684512,0.09267734553775744,5.079453496237775,0.5183134868200482,9.799963970455773,0.5629139072847682,0.10307630842988413,0.0989522700814901,5.4611376354022285,0.48731692207849675,11.206542165844493,0.5629139072847682,0.10334265548009056,0.09872241579558652,5.4470625384037685,0.4874616768451917,-0.026490066225165587,0.0025302969769609857,-0.006274924543732657,-0.3816841391644532,0.030996564741551436
21,230581197,0.005,0.8089700747623823,0.8068335657255444,0.8161601222021433,0.007190047439761038,0.09473684210526316,0.02197802197802198,0.9998504062118216,0.02197802197802198,0.09473684210526316,0.02197802197802198,0.31788079470198677,0.022506325742442403,0.22119815668202766,14.124064422587091,0.6978246747387985,20.240133279715057,0.31125827814569534,0.021840458116926354,0.22274881516587677,14.251453723146502,0.7041200257867901,20.240091463414632,0.31788079470198677,0.022506325742442403,0.22119815668202766,14.124064422587091,0.6978246747387985,0.0066225165562914245,0.0006658676255160492,-0.00155065848384911,-0.1273893005594111,-0.006295351047991615
21,230581197,0.01,0.8089700747623823,0.8068335657255444,0.8161601222021433,0.007190047439761038,0.09473684210526316,0.02197802197802198,0.9998504062118216,0.02197802197802198,0.09473684210526316,0.02197802197802198,0.31788079470198677,0.022506325742442403,0.22119815668202766,14.124064422587091,0.6978246747387985,20.240133279715057,0.31125827814569534,0.021840458116926354,0.22274881516587677,14.251453723146502,0.7041200257867901,20.240091463414632,0.31788079470198677,0.022506325742442403,0.22119815668202766,14.124064422587091,0.6978246747387985,0.0066225165562914245,0.0006658676255160492,-0.00155065848384911,-0.1273893005594111,-0.006295351047991615
21,230581197,0.02,0.8089700747623823,0.8068335657255444,0.8161601222021433,0.007190047439761038,0.09473684210526316,0.02197802197802198,0.9998504062118216,0.02197802197802198,0.09473684210526316,0.02197802197802198,0.31788079470198677,0.022506325742442403,0.22119815668202766,14.124064422587091,0.6978246747387985,20.240133279715057,0.31125827814569534,0.021840458116926354,0.22274881516587677,14.251453723146502,0.7041200257867901,20.240091463414632,0.31788079470198677,0.022506325742442403,0.22119815668202766,14.124064422587091,0.6978246747387985,0.0066225165562914245,0.0006658676255160492,-0.00155065848384911,-0.1273893005594111,-0.006295351047991615
21,230581197,0.05,0.8089700747623823,0.8068335657255444,0.8161601222021433,0.007190047439761038,0.055,0.06073926073926074,0.9955852982729808,0.06073926073926074,0.047619047619047616,0.03396603396603397,0.4503311258278146,0.060727127447063524,0.1297709923664122,7.415650052283026,0.5852068022343598,12.671845275840205,0.44370860927152317,0.060194433346650686,0.12909441233140656,7.371256519955459,0.5919217873005713,12.453092077538981,0.3708609271523179,0.035024637102144096,0.1755485893416928,10.588573011356482,0.6519742337859847,0.0066225165562914245,0.000532694100412838,0.0006765800350056472,0.044393532327567264,-0.006714985066211487
21,230581197,0.1,0.8089700747623823,0.8068335657255444,0.8161601222021433,0.007190047439761038,0.023514851485148515,0.15924075924075923,0.9388718788850161,0.15924075924075923,0.017391304347826087,0.16823176823176822,0.6291390728476821,0.16193900652550272,0.07246376811594203,3.8850372516556293,0.4425225968515422,8.779296875,0.5960264900662252,0.15687841257158078,0.07097791798107256,3.7992894006004114,0.4791402758004604,7.929388516240364,0.6225165562913907,0.16473565055267012,0.07062359128474831,3.778881827964473,0.4519329047844304,0.0331125827814569,0.0050605939539219436,0.0014858501348694736,0.08574785105521787,-0.03661767894891821
22,1304493859,0.005,0.8343021486798623,0.8253768766663226,0.8222424481350856,-0.012059700544776675,0.5272727272727272,0.005194805194805195,1.0,0.005194805194805195,0.5272727272727272,0.005194805194805195,0.2913907284768212,0.003995205753096284,0.5945945945945946,72.93509933774835,0.7114516673174957,102.5158878504673,0.2913907284768212,0.003995205753096284,0.5945945945945946,72.93509933774835,0.7114516673174957,102.5158878504673,0.2913907284768212,0.003995205753096284,0.5945945945945946,72.93509933774835,0.7114516673174957,0.0,0.0,0.0,0.0,0.0
22,1304493859,0.01,0.8343021486798623,0.8253768766663226,0.8222424481350856,-0.012059700544776675,0.075,0.023576423576423578,0.9997017270824047,0.023576423576423578,0.061452513966480445,0.03876123876123876,0.32450331125827814,0.02317219336795845,0.21973094170403587,14.003996346197763,0.6915207410717914,20.25101419878296,0.3973509933774834,0.027433746171261153,0.22556390977443608,14.48402237510448,0.6196482802585892,23.374586578470073,0.4503311258278146,0.04234918098282062,0.17616580310880828,10.633762339122828,0.573976300397572,-0.07284768211920528,-0.004261552803302704,-0.005832968070400207,-0.48002602890671753,0.0718724608132022
22,1304493859,0.02,0.8343021486798623,0.8253768766663226,0.8222424481350856,-0.012059700544776675,0.075,0.023576423576423578,0.9997017270824047,0.023576423576423578,0.061452513966480445,0.03876123876123876,0.32450331125827814,0.02317219336795845,0.21973094170403587,14.003996346197763,0.6915207410717914,20.25101419878296,0.3973509933774834,0.027433746171261153,0.22556390977443608,14.48402237510448,0.6196482802585892,23.374586578470073,0.4503311258278146,0.04234918098282062,0.17616580310880828,10.633762339122828,0.573976300397572,-0.07284768211920528,-0.004261552803302704,-0.005832968070400207,-0.48002602890671753,0.0718724608132022
22,1304493859,0.05,0.8343021486798623,0.8253768766663226,0.8222424481350856,-0.012059700544776675,0.061452513966480445,0.07632367632367633,0.9912552720464033,0.07632367632367633,0.047619047619047616,0.042757242757242755,0.5761589403973509,0.07990411506192568,0.12663755458515283,7.210629139072847,0.46064879382780316,15.653203124999996,0.5231788079470199,0.07790651218537754,0.11897590361445783,6.71546951944303,0.5171072113122224,12.986609686609688,0.45695364238410596,0.04794246903715541,0.16083916083916083,9.531291390728477,0.5703923764635261,0.05298013245033106,0.0019976028765481407,0.0076616509706950026,0.4951596196298178,-0.05645841748441921
22,1304493859,0.1,0.8343021486798623,0.8253768766663226,0.8222424481350856,-0.012059700544776675,0.03414634146341464,0.1004995004995005,0.9803718769753222,0.1004995004995005,0.047619047619047616,0.042757242757242755,0.5960264900662252,0.10573977893194833,0.10180995475113122,5.636729110714465,0.45174044468990543,12.477804847834168,0.6026490066225165,0.10440804368091623,0.104,5.772055345316934,0.44367414264260574,13.009672619047615,0.45695364238410596,0.04794246903715541,0.16083916083916083,9.531291390728477,0.5703923764635261,-0.0066225165562913135,0.0013317352510320984,-0.0021900452488687744,-0.13532623460246906,0.00806630204729969
23,1592877444,0.005,0.8186838046000429,0.8120017568321987,0.8203868382223891,0.0017030336223462506,0.09340659340659341,0.018781218781218783,0.9998560500572117,0.018781218781218783,0.08387096774193549,0.03076923076923077,0.3973509933774834,0.02623518444533227,0.23346303501945526,15.14572898107372,0.6188855840711811,24.472583254309143,0.3576158940397351,0.02357171394326808,0.23376623376623376,15.171399708160287,0.6578917419061141,23.060632535383544,0.41721854304635764,0.037421760554001864,0.18313953488372092,11.149089109377579,0.6054380133183316,0.039735099337748325,0.00266347050206419,-0.00030319874677850467,-0.025670727086566814,-0.039006157834933
23,1592877444,0.01,0.8186838046000429,0.8120017568321987,0.8203868382223891,0.0017030336223462506,0.09340659340659341,0.018781218781218783,0.9998560500572117,0.018781218781218783,0.08387096774193549,0.03076923076923077,0.3973509933774834,0.02623518444533227,0.23346303501945526,15.14572898107372,0.6188855840711811,24.472583254309143,0.3576158940397351,0.02357171394326808,0.23376623376623376,15.171399708160287,0.6578917419061141,23.060632535383544,0.41721854304635764,0.037421760554001864,0.18313953488372092,11.149089109377579,0.6054380133183316,0.039735099337748325,0.00266347050206419,-0.00030319874677850467,-0.025670727086566814,-0.039006157834933
23,1592877444,0.02,0.8186838046000429,0.8120017568321987,0.8203868382223891,0.0017030336223462506,0.08387096774193549,0.047152847152847156,0.9969561658455025,0.047152847152847156,0.03968253968253968,0.054945054945054944,0.5033112582781457,0.057397789319483285,0.14990138067061143,8.768826539235722,0.5269335633779887,16.64123743232792,0.47019867549668876,0.058330003995205756,0.13948919449901767,8.061008799782273,0.5626188863944794,14.327654109589043,0.47019867549668876,0.06365694499933414,0.12932604735883424,7.386447393942753,0.5658196765318396,0.033112582781456956,-0.0009322146757224717,0.010412186171593757,0.7078177394534482,-0.035685323016490744
23,1592877444,0.05,0.8186838046000429,0.8120017568321987,0.8203868382223891,0.0017030336223462506,0.05,0.06413586413586414,0.9938077379271906,0.06413586413586414,0.03968253968253968,0.054945054945054944,0.5496688741721855,0.07657477693434545,0.12613981762917933,7.17819752375468,0.48767470779363414,14.719232736572893,0.4768211920529801,0.07178053003062991,0.11783960720130933,6.642764992812296,0.5636369682746302,11.78553815081844,0.47019867549668876,0.06365694499933414,0.12932604735883424,7.386447393942753,0.5658196765318396,0.07284768211920534,0.004794246903715535,0.008300210427870006,0.5354325309423835,-0.07596226048099602
23,1592877444,0.1,0.8186838046000429,0.8120017568321987,0.8203868382223891,0.0017030336223462506,0.02494061757719715,0.17902097902097902,0.9097868547955921,0.17902097902097902,0.0319634703196347,0.16203796203796203,0.695364238410596,0.18857371154614463,0.06903353057199212,3.687492984622292,0.37543245261362784,9.821987840825349,0.6622516556291391,0.18724197629511252,0.06640106241699867,3.5368760185769603,0.415558302126953,8.51114272166904,0.6490066225165563,0.16886402983086962,0.07174231332357248,3.8433680823949694,0.422305603512767,0.0331125827814569,0.0013317352510321123,0.0026324681549934476,0.1506169660453316,-0.04012584951332515
24,410229336,0.005,0.826059501225461,0.8136554015975532,0.8257569944763855,-0.000302506749075504,0.09545454545454546,0.024575424575424575,0.9997360565750835,0.024575424575424575,0.06806282722513089,0.04035964035964036,0.3973509933774834,0.02357171394326808,0.25316455696202533,16.85711078684476,0.6171974073552204,27.31234866828087,0.39072847682119205,0.025436143294713012,0.236,15.361152525917964,0.6251735265850873,24.571022080582747,0.45695364238410596,0.04194966040751099,0.1796875,10.89290444654683,0.5668244508392756,0.006622516556291369,-0.001864429351444933,0.017164556962025346,1.4959582609267965,-0.007976119229866852
24,410229336,0.01,0.826059501225461,0.8136554015975532,0.8257569944763855,-0.000302506749075504,0.09545454545454546,0.024575424575424575,0.9997360565750835,0.024575424575424575,0.06806282722513089,0.04035964035964036,0.3973509933774834,0.02357171394326808,0.25316455696202533,16.85711078684476,0.6171974073552204,27.31234866828087,0.39072847682119205,0.025436143294713012,0.236,15.361152525917964,0.6251735265850873,24.571022080582747,0.45695364238410596,0.04194966040751099,0.1796875,10.89290444654683,0.5668244508392756,0.006622516556291369,-0.001864429351444933,0.017164556962025346,1.4959582609267965,-0.007976119229866852
24,410229336,0.02,0.826059501225461,0.8136554015975532,0.8257569944763855,-0.000302506749075504,0.09545454545454546,0.024575424575424575,0.9997360565750835,0.024575424575424575,0.06806282722513089,0.04035964035964036,0.3973509933774834,0.02357171394326808,0.25316455696202533,16.85711078684476,0.6171974073552204,27.31234866828087,0.39072847682119205,0.025436143294713012,0.236,15.361152525917964,0.6251735265850873,24.571022080582747,0.45695364238410596,0.04194966040751099,0.1796875,10.89290444654683,0.5668244508392756,0.006622516556291369,-0.001864429351444933,0.017164556962025346,1.4959582609267965,-0.007976119229866852
24,410229336,0.05,0.826059501225461,0.8136554015975532,0.8257569944763855,-0.000302506749075504,0.06806282722513089,0.06013986013986014,0.9949096712117851,0.06013986013986014,0.06806282722513089,0.04035964035964036,0.543046357615894,0.060860300972166735,0.15213358070500926,8.922833915399886,0.4865662082618054,18.338375669933082,0.48344370860927155,0.06645358902650153,0.12762237762237763,7.274907430755551,0.5533268462272439,13.14757720569344,0.45695364238410596,0.04194966040751099,0.1796875,10.89290444654683,0.5668244508392756,0.05960264900662249,-0.005593288054334795,0.024511203082631633,1.6479264846443353,-0.06676063796543852
24,410229336,0.1,0.826059501225461,0.8136554015975532,0.8257569944763855,-0.000302506749075504,0.0236318407960199,0.16383616383616384,0.9285667764354634,0.16383616383616384,0.021660649819494584,0.15344655344655345,0.6688741721854304,0.1656678652283926,0.07509293680297398,4.037440642235046,0.39687531381637714,10.173070739549837,0.6688741721854304,0.17099480623252097,0.07292418772563176,3.911663675187225,0.3994255166360808,9.79322429906542,0.6357615894039735,0.16327074177653483,0.07261724659606657,3.8939100936659354,0.43531214788565376,0.0,-0.005326941004128366,0.0021687490773422136,0.1257769670478206,-0.0025502028197036397
25,97689658,0.005,0.8196142553880156,0.8122200379412255,0.821039035717845,0.0014247803298294004,0.10185185185185185,0.023976023976023976,0.9997162558346647,0.023976023976023976,0.10185185185185185,0.023976023976023976,0.3708609271523179,0.027034225595951526,0.21621621621621623,13.718200502397806,0.6466199422410682,21.215245009074412,0.3708609271523179,0.026767878545745107,0.2178988326848249,13.854700009884352,0.6464429800237063,21.43220738413197,0.3708609271523179,0.027034225595951526,0.21621621621621623,13.718200502397806,0.6466199422410682,0.0,0.000266347050206419,-0.0016826164686086775,-0.13649950748654582,0.0001769622173619645
25,97689658,0.01,0.8196142553880156,0.8122200379412255,0.821039035717845,0.0014247803298294004,0.10185185185185185,0.023976023976023976,0.9997162558346647,0.023976023976023976,0.10185185185185185,0.023976023976023976,0.3708609271523179,0.027034225595951526,0.21621621621621623,13.718200502397806,0.6466199422410682,21.215245009074412,0.3708609271523179,0.026767878545745107,0.2178988326848249,13.854700009884352,0.6464429800237063,21.43220738413197,0.3708609271523179,0.027034225595951526,0.21621621621621623,13.718200502397806,0.6466199422410682,0.0,0.000266347050206419,-0.0016826164686086775,-0.13649950748654582,0.0001769622173619645
25,97689658,0.02,0.8196142553880156,0.8122200379412255,0.821039035717845,0.0014247803298294004,0.10185185185185185,0.023976023976023976,0.9997162558346647,0.023976023976023976,0.10185185185185185,0.023976023976023976,0.3708609271523179,0.027034225595951526,0.21621621621621623,13.718200502397806,0.6466199422410682,21.215245009074412,0.3708609271523179,0.026767878545745107,0.2178988326848249,13.854700009884352,0.6464429800237063,21.43220738413197,0.3708609271523179,0.027034225595951526,0.21621621621621623,13.718200502397806,0.6466199422410682,0.0,0.000266347050206419,-0.0016826164686086775,-0.13649950748654582,0.0001769622173619645
25,97689658,0.05,0.8196142553880156,0.8122200379412255,0.821039035717845,0.0014247803298294004,0.07142857142857142,0.05114885114885115,0.9973460814823714,0.05114885114885115,0.047619047619047616,0.03976023976023976,0.48344370860927155,0.05073911306432281,0.16079295154185022,9.528028367315013,0.5441668339019332,17.509388249545733,0.45695364238410596,0.05153815421494207,0.1513157894736842,8.866317572770676,0.5725547738469178,15.485536018150878,0.423841059602649,0.03995205753096284,0.17582417582417584,10.608741721854305,0.6001355920992799,0.026490066225165587,-0.0007990411506192535,0.009477162068166012,0.6617107945443372,-0.028387939944984564
25,97689658,0.1,0.8196142553880156,0.8122200379412255,0.821039035717845,0.0014247803298294004,0.01847290640394089,0.16723276723276723,0.928116049574491,0.16723276723276723,0.01875,0.14685314685314685,0.6622516556291391,0.16446930350246372,0.0749063670411985,4.026597313456846,0.40423211952196275,9.961101849646742,0.6754966887417219,0.16899720335597282,0.07439824945295405,3.9970879714433334,0.39049605196128373,10.235924156896804,0.6291390728476821,0.1447596217871887,0.08037225042301184,4.346095030370971,0.4336335568338142,-0.013245033112582738,-0.004527899853509099,0.0005081175882444555,0.02950934201351263,0.013736067560679022
26,692187905,0.005,0.8035981546206363,0.8013760970279373,0.8040946890221801,0.0004965344015437356,0.06896551724137931,0.02017982017982018,0.9998852001390647,0.02017982017982018,0.06896551724137931,0.02017982017982018,0.33112582781456956,0.01997602876548142,0.25,16.576158940397352,0.6825079710477506,24.28712871287129,0.33112582781456956,0.01997602876548142,0.25,16.576158940397352,0.6825079710477506,24.28712871287129,0.33112582781456956,0.01997602876548142,0.25,16.576158940397352,0.6825079710477506,0.0,0.0,0.0,0.0,0.0
26,692187905,0.01,0.8035981546206363,0.8013760970279373,0.8040946890221801,0.0004965344015437356,0.06896551724137931,0.02017982017982018,0.9998852001390647,0.02017982017982018,0.06896551724137931,0.02017982017982018,0.33112582781456956,0.01997602876548142,0.25,16.576158940397352,0.6825079710477506,24.28712871287129,0.33112582781456956,0.01997602876548142,0.25,16.576158940397352,0.6825079710477506,24.28712871287129,0.33112582781456956,0.01997602876548142,0.25,16.576158940397352,0.6825079710477506,0.0,0.0,0.0,0.0,0.0
26,692187905,0.02,0.8035981546206363,0.8013760970279373,0.8040946890221801,0.0004965344015437356,0.06896551724137931,0.02017982017982018,0.9998852001390647,0.02017982017982018,0.06896551724137931,0.02017982017982018,0.33112582781456956,0.01997602876548142,0.25,16.576158940397352,0.6825079710477506,24.28712871287129,0.33112582781456956,0.01997602876548142,0.25,16.576158940397352,0.6825079710477506,24.28712871287129,0.33112582781456956,0.01997602876548142,0.25,16.576158940397352,0.6825079710477506,0.0,0.0,0.0,0.0,0.0
26,692187905,0.05,0.8035981546206363,0.8013760970279373,0.8040946890221801,0.0004965344015437356,0.05803571428571429,0.06173826173826174,0.9960773537897012,0.06173826173826174,0.05454545454545454,0.04395604395604396,0.4900662251655629,0.06152616859768278,0.13805970149253732,7.965167283048078,0.5433649375949748,14.658964412211168,0.4503311258278146,0.055533359968038355,0.1402061855670103,8.109200057172805,0.5819886599208883,13.933604923290284,0.423841059602649,0.038886669330137166,0.1797752808988764,10.8993921799873,0.5994703454958721,0.039735099337748325,0.005992808629644422,-0.0021464840744729874,-0.14403277412472626,-0.03862372232591349
26,692187905,0.1,0.8035981546206363,0.8013760970279373,0.8040946890221801,0.0004965344015437356,0.04125,0.15764235764235765,0.9344163862343673,0.15764235764235765,0.029411764705882353,0.15404595404595406,0.6225165562913907,0.16766546810494073,0.06947524020694752,3.7128489445528614,0.4535237086092716,8.186670011008456,0.5960264900662252,0.16526834465308296,0.067618332081142,3.606416530142857,0.4839561400913712,7.451949115599532,0.5894039735099338,0.16287122120122519,0.06783536585365854,3.618834372106372,0.49048131767640907,0.026490066225165476,0.0023971234518577744,0.0018569081258055231,0.1064324144100044,-0.03043243148209962
27,1994802872,0.005,0.8338091420538181,0.8293795789423553,0.8269096951208219,-0.006899446932996156,0.5084745762711864,0.005794205794205794,1.0,0.005794205794205794,0.5084745762711864,0.005794205794205794,0.2913907284768212,0.003595685177786656,0.6197183098591549,81.03899926416483,0.7111664020138398,113.95223260643822,0.2913907284768212,0.003595685177786656,0.6197183098591549,81.03899926416483,0.7111664020138398,113.95223260643822,0.2913907284768212,0.003595685177786656,0.6197183098591549,81.03899926416483,0.7111664020138398,0.0,0.0,0.0,0.0,0.0
27,1994802872,0.01,0.8338091420538181,0.8293795789423553,0.8269096951208219,-0.006899446932996156,0.07142857142857142,0.02257742257742258,0.9998750713798489,0.02257742257742258,0.07,0.024375624375624377,0.39072847682119205,0.022106805167132773,0.26222222222222225,17.674579111146574,0.6230450589063965,28.36805919329492,0.3509933774834437,0.019310161139965375,0.2676767676767677,18.176615665677094,0.6617858132097801,27.466009852216747,0.36423841059602646,0.021707284591823146,0.25229357798165136,16.779547393653758,0.64986846921242,0.039735099337748325,0.0027966440271673977,-0.005454545454545434,-0.5020365545305197,-0.03874075430338364
27,1994802872,0.02,0.8338091420538181,0.8293795789423553,0.8269096951208219,-0.006899446932996156,0.07142857142857142,0.02257742257742258,0.9998750713798489,0.02257742257742258,0.07,0.024375624375624377,0.39072847682119205,0.022106805167132773,0.26222222222222225,17.674579111146574,0.6230450589063965,28.36805919329492,0.3509933774834437,0.019310161139965375,0.2676767676767677,18.176615665677094,0.6617858132097801,27.466009852216747,0.36423841059602646,0.021707284591823146,0.25229357798165136,16.779547393653758,0.64986846921242,0.039735099337748325,0.0027966440271673977,-0.005454545454545434,-0.5020365545305197,-0.03874075430338364
27,1994802872,0.05,0.8338091420538181,0.8293795789423553,0.8269096951208219,-0.006899446932996156,0.05188679245283019,0.06113886113886114,0.9959154621750149,0.06113886113886114,0.029239766081871343,0.05754245754245754,0.5033112582781457,0.06219203622319883,0.13996316758747698,8.092857041564447,0.5296273447301056,15.280285510349753,0.4768211920529801,0.05673192169396724,0.14457831325301204,8.404812983863446,0.5546448777176581,15.153503298270635,0.4768211920529801,0.05460114529231589,0.14937759336099585,8.73280568567275,0.5533947977002637,0.026490066225165587,0.005460114529231584,-0.004615145665535059,-0.31195594229899903,-0.025017532987552493
27,1994802872,0.1,0.8338091420538181,0.8293795789423553,0.8269096951208219,-0.006899446932996156,0.026981450252951095,0.11008991008991009,0.9783015406739266,0.11008991008991009,0.029239766081871343,0.05754245754245754,0.6357615894039735,0.11173258756159275,0.10267379679144385,5.690028337108984,0.4100549063216736,13.876259616426484,0.6225165562913907,0.10440804368091623,0.1070615034168565,5.962342884173537,0.42149043551047544,14.145855710705332,0.4768211920529801,0.05460114529231589,0.14937759336099585,8.73280568567275,0.5533947977002637,0.013245033112582849,0.007324543880676521,-0.0043877066254126434,-0.2723145470645525,-0.011435529188801863
28,526269062,0.005,0.805381004163657,0.7963313780637629,0.805369538893284,-1.1465270372990055e-05,0.5166666666666667,0.005794205794205794,1.0,0.005794205794205794,0.5166666666666667,0.005794205794205794,0.2847682119205298,0.003595685177786656,0.6142857142857143,79.1972038263429,0.7178128169859318,110.33127572016461,0.2847682119205298,0.003595685177786656,0.6142857142857143,79.1972038263429,0.7178128169859318,110.33127572016461,0.2847682119205298,0.003595685177786656,0.6142857142857143,79.1972038263429,0.7178128169859318,0.0,0.0,0.0,0.0,0.0
28,526269062,0.01,0.805381004163657,0.7963313780637629,0.805369538893284,-1.1465270372990055e-05,0.07657657657657657,0.026173826173826173,0.9997554535989297,0.026173826173826173,0.06842105263157895,0.04115884115884116,0.3708609271523179,0.021840458116926354,0.2545454545454545,16.980455499919238,0.6431865620167795,26.400513478818997,0.37748344370860926,0.02330536689306166,0.24568965517241378,16.19727530747398,0.6373707146430397,25.41264437689969,0.4304635761589404,0.04141696630709815,0.17287234042553193,10.393411554268434,0.5941440687166597,-0.006622516556291369,-0.0014649087761353062,0.008855799373040735,0.7831801924452577,0.0058158473737397465
28,526269062,0.02,0.805381004163657,0.7963313780637629,0.805369538893284,-1.1465270372990055e-05,0.07657657657657657,0.026173826173826173,0.9997554535989297,0.026173826173826173,0.06842105263157895,0.04115884115884116,0.3708609271523179,0.021840458116926354,0.2545454545454545,16.980455499919238,0.6431865620167795,26.400513478818997,0.37748344370860926,0.02330536689306166,0.24568965517241378,16.19727530747398,0.6373707146430397,25.41264437689969,0.4304635761589404,0.04141696630709815,0.17287234042553193,10.393411554268434,0.5941440687166597,-0.006622516556291369,-0.0014649087761353062,0.008855799373040735,0.7831801924452577,0.0058158473737397465
28,526269062,0.05,0.805381004163657,0.7963313780637629,0.805369538893284,-1.1465270372990055e-05,0.06842105263157895,0.06153846153846154,0.9951486830093315,0.06153846153846154,0.06842105263157895,0.04115884115884116,0.5165562913907285,0.05966173924623785,0.1482889733840304,8.658083017975402,0.5141168117755304,16.840692270058707,0.46357615894039733,0.06379011852443735,0.12750455373406194,7.267209556332867,0.5729739150094676,12.683316580324231,0.4304635761589404,0.04141696630709815,0.17287234042553193,10.393411554268434,0.5941440687166597,0.05298013245033112,-0.0041283792781995,0.020784419649968466,1.390873461642535,-0.058857103233937225
28,526269062,0.1,0.805381004163657,0.7963313780637629,0.805369538893284,-1.1465270372990055e-05,0.03366583541147132,0.14005994005994005,0.9526623433502102,0.14005994005994005,0.02,0.14245754245754247,0.5761589403973509,0.1446264482620855,0.0741687979539642,3.983773005012622,0.4955040505303272,8.039839433701655,0.5761589403973509,0.1446264482620855,0.0741687979539642,3.983773005012622,0.4955040505303272,8.039839433701655,0.5894039735099338,0.14768943933945933,0.07429048414023372,3.990833577174114,0.481744619205298,0.0,0.0,0.0,0.0,0.0
29,1562169210,0.005,0.8174041040376272,0.8089303872880138,0.8241408323257124,0.0067367282880852475,0.11290322580645161,0.01978021978021978,0.9998463703792503,0.01978021978021978,0.09574468085106383,0.02037962037962038,0.3973509933774834,0.0253029697696098,0.24,15.7037295224817,0.6182936727324055,25.398496240601506,0.37748344370860926,0.023438540418164868,0.2446351931330472,16.10524533413606,0.6374576327822247,25.26480899419729,0.37748344370860926,0.02357171394326808,0.24358974358974358,16.014255247502525,0.6375445746306674,0.019867549668874163,0.001864429351444933,-0.004635193133047222,-0.40151581165436134,-0.01916396004981913
29,1562169210,0.01,0.8174041040376272,0.8089303872880138,0.8241408323257124,0.0067367282880852475,0.11290322580645161,0.01978021978021978,0.9998463703792503,0.01978021978021978,0.09574468085106383,0.02037962037962038,0.3973509933774834,0.0253029697696098,0.24,15.7037295224817,0.6182936727324055,25.398496240601506,0.37748344370860926,0.023438540418164868,0.2446351931330472,16.10524533413606,0.6374576327822247,25.26480899419729,0.37748344370860926,0.02357171394326808,0.24358974358974358,16.014255247502525,0.6375445746306674,0.019867549668874163,0.001864429351444933,-0.004635193133047222,-0.40151581165436134,-0.01916396004981913
29,1562169210,0.02,0.8174041040376272,0.8089303872880138,0.8241408323257124,0.0067367282880852475,0.09574468085106383,0.03676323676323676,0.9990256016943956,0.03676323676323676,0.07547169811320754,0.03996003996003996,0.4503311258278146,0.043547742708749504,0.17215189873417722,10.34108998116532,0.5746955689444361,17.994031170553775,0.423841059602649,0.03835397522972433,0.18181818181818182,11.050772626931568,0.5991382749541212,18.444444444444443,0.44370860927152317,0.042216007457717405,0.17447916666666666,10.510435164100528,0.580810908367649,0.026490066225165587,0.005193767479025176,-0.009666283084004607,-0.7096826457662484,-0.024442706009685122
29,1562169210,0.05,0.8174041040376272,0.8089303872880138,0.8241408323257124,0.0067367282880852475,0.07547169811320754,0.056343656343656345,0.9963456585067603,0.056343656343656345,0.061224489795918366,0.04915084915084915,0.5165562913907285,0.06219203622319883,0.14311926605504588,8.305826963710878,0.5155039488706362,16.11205303452524,0.45695364238410596,0.05726461579438008,0.13827655310621242,7.979685815493608,0.5760326457603826,13.852836074872375,0.4503311258278146,0.050872286589426025,0.1511111111111111,8.852189591206962,0.5791305705288256,0.05960264900662249,0.004927420428818746,0.004842712948833455,0.32614114821727025,-0.06052869688974638
29,1562169210,0.1,0.8174041040376272,0.8089303872880138,0.8241408323257124,0.0067367282880852475,0.023255813953488372,0.14005994005994005,0.9533638547035951,0.14005994005994005,0.03125,0.12527472527472527,0.6225165562913907,0.14502596883739513,0.07945900253592561,4.2924488716180464,0.4415145138330136,9.722101396742543,0.609271523178808,0.14249567186043416,0.07917383820998279,4.275719502382867,0.4556577313946779,9.383621099318864,0.5827814569536424,0.12185377546943668,0.08773678963110668,4.782629464770383,0.4751128358712617,0.013245033112582738,0.0025302969769609718,0.0002851643259428188,0.016729369235179092,-0.014143217561664312
30,701111652,0.005,0.814309803952696,0.8084664848098396,0.7852757706205092,-0.029034033332186793,0.10648148148148148,0.023376623376623377,0.9997371785907859,0.023376623376623377,0.0821917808219178,0.017582417582417582,0.3576158940397351,0.024770275669196963,0.225,14.437299722281564,0.6587002938216071,21.917858330562023,0.3509933774834437,0.026102010920229058,0.21285140562248997,13.446986079199892,0.666401029464901,20.17851936693045,0.304635761589404,0.019176987614862164,0.24210526315789474,15.885485651214129,0.7089599546809457,0.006622516556291369,-0.001331735251032095,0.012148594377510036,0.9903136430816719,-0.007700735643293877
30,701111652,0.01,0.814309803952696,0.8084664848098396,0.7852757706205092,-0.029034033332186793,0.10648148148148148,0.023376623376623377,0.9997371785907859,0.023376623376623377,0.0821917808219178,0.017582417582417582,0.3576158940397351,0.024770275669196963,0.225,14.437299722281564,0.6587002938216071,21.917858330562023,0.3509933774834437,0.026102010920229058,0.21285140562248997,13.446986079199892,0.666401029464901,20.17851936693045,0.304635761589404,0.019176987614862164,0.24210526315789474,15.885485651214129,0.7089599546809457,0.006622516556291369,-0.001331735251032095,0.012148594377510036,0.9903136430816719,-0.007700735643293877
30,701111652,0.02,0.814309803952696,0.8084664848098396,0.7852757706205092,-0.029034033332186793,0.10648148148148148,0.023376623376623377,0.9997371785907859,0.023376623376623377,0.0821917808219178,0.017582417582417582,0.3576158940397351,0.024770275669196963,0.225,14.437299722281564,0.6587002938216071,21.917858330562023,0.3509933774834437,0.026102010920229058,0.21285140562248997,13.446986079199892,0.666401029464901,20.17851936693045,0.304635761589404,0.019176987614862164,0.24210526315789474,15.885485651214129,0.7089599546809457,0.006622516556291369,-0.001331735251032095,0.012148594377510036,0.9903136430816719,-0.007700735643293877
30,701111652,0.05,0.814309803952696,0.8084664848098396,0.7852757706205092,-0.029034033332186793,0.06060606060606061,0.055344655344655345,0.9959132180209298,0.055344655344655345,0.06060606060606061,0.036163836163836165,0.4900662251655629,0.06099347449726994,0.13909774436090225,8.03473206281269,0.5430566891549834,14.795383655645665,0.44370860927152317,0.060727127447063524,0.12810707456978968,7.306596375043569,0.5922574865986293,12.33685776942356,0.4105960264900662,0.042216007457717405,0.16358839050131926,9.726074330958697,0.6153829862466759,0.04635761589403975,0.0002663470502064155,0.010990669791112573,0.7281356877691207,-0.049200797443645916
30,701111652,0.1,0.814309803952696,0.8084664848098396,0.7852757706205092,-0.029034033332186793,0.021164021164021163,0.13166833166833167,0.955761693952818,0.13166833166833167,0.03553299492385787,0.11688311688311688,0.5960264900662252,0.13583699560527368,0.08108108108108109,4.387806778340475,0.4674737380324726,9.386210221793636,0.6026490066225165,0.14382740711146624,0.07771135781383433,4.190084621044885,0.4641015102304438,9.028379629629628,0.5894039735099338,0.12957783992542282,0.08380414312617702,4.548647931229284,0.4717205573613689,-0.0066225165562913135,-0.007990411506192563,0.0033697232672467575,0.19772215729558962,0.003372227802028782
31,557547225,0.005,0.8228527532964858,0.8160758965620947,0.8295259816255813,0.00667322832909556,0.07142857142857142,0.023776223776223775,0.9998715935359966,0.023776223776223775,0.5416666666666666,0.004395604395604396,0.4105960264900662,0.021041416966307097,0.2818181818181818,19.513706094391818,0.6020724305653778,32.410894609586116,0.3708609271523179,0.018777467039552537,0.28426395939086296,19.750317035367058,0.6411787863753047,30.803135498320273,0.31125827814569534,0.004527899853509122,0.5802469135802469,68.74230619400078,0.6918744601209329,0.039735099337748325,0.0022639499267545597,-0.0024457775726811626,-0.23661094097523971,-0.03910635580992683
31,557547225,0.01,0.8228527532964858,0.8160758965620947,0.8295259816255813,0.00667322832909556,0.07142857142857142,0.023776223776223775,0.9998715935359966,0.023776223776223775,0.5416666666666666,0.004395604395604396,0.4105960264900662,0.021041416966307097,0.2818181818181818,19.513706094391818,0.6020724305653778,32.410894609586116,0.3708609271523179,0.018777467039552537,0.28426395939086296,19.750317035367058,0.6411787863753047,30.803135498320273,0.31125827814569534,0.004527899853509122,0.5802469135802469,68.74230619400078,0.6918744601209329,0.039735099337748325,0.0022639499267545597,-0.0024457775726811626,-0.23661094097523971,-0.03910635580992683
31,557547225,0.02,0.8228527532964858,0.8160758965620947,0.8295259816255813,0.00667322832909556,0.07142857142857142,0.023776223776223775,0.9998715935359966,0.023776223776223775,0.5416666666666666,0.004395604395604396,0.4105960264900662,0.021041416966307097,0.2818181818181818,19.513706094391818,0.6020724305653778,32.410894609586116,0.3708609271523179,0.018777467039552537,0.28426395939086296,19.750317035367058,0.6411787863753047,30.803135498320273,0.31125827814569534,0.004527899853509122,0.5802469135802469,68.74230619400078,0.6918744601209329,0.039735099337748325,0.0022639499267545597,-0.0024457775726811626,-0.23661094097523971,-0.03910635580992683
31,557547225,0.05,0.8228527532964858,0.8160758965620947,0.8295259816255813,0.00667322832909556,0.06818181818181818,0.06273726273726274,0.9961764952925118,0.06273726273726274,0.041666666666666664,0.05454545454545454,0.5298013245033113,0.05326941004128379,0.16666666666666666,9.94569536423841,0.4966552052756556,20.025352112676057,0.46357615894039733,0.05406845119190305,0.14705882352941177,8.573875313998629,0.5670852629194083,15.11919965942954,0.46357615894039733,0.04727660141163936,0.16470588235294117,9.805615147840687,0.5630425807263848,0.06622516556291397,-0.0007990411506192605,0.019607843137254888,1.3718200502397817,-0.07043005764375271
31,557547225,0.1,0.8228527532964858,0.8160758965620947,0.8295259816255813,0.00667322832909556,0.02334152334152334,0.16363636363636364,0.9397274430418832,0.16363636363636364,0.039525691699604744,0.1030969030969031,0.6688741721854304,0.14808895991476895,0.0832646331409728,4.516705178903234,0.38868592169135574,11.620449640287768,0.6556291390728477,0.15235051271807165,0.07964601769911504,4.303425878757005,0.40626563938758625,10.59264053254438,0.5562913907284768,0.0969503262751365,0.10344827586206896,5.737901171676006,0.4913446316206855,0.013245033112582738,-0.004261552803302704,0.0036186154418577504,0.21327930014622964,-0.017579717696230512
32,1378756620,0.005,0.8041670084199182,0.7975325856213162,0.8122434094539093,0.008076401033991099,0.10344827586206896,0.024575424575424575,0.9997017270824047,0.024575424575424575,0.10344827586206896,0.024575424575424575,0.37748344370860926,0.027300572646157945,0.21755725190839695,13.826942335648521,0.6399886118828113,21.604981837052406,0.37748344370860926,0.026767878545745107,0.22093023255813954,14.102105367203714,0.6396383170760883,22.046999047316604,0.37748344370860926,0.027300572646157945,0.21755725190839695,13.826942335648521,0.6399886118828113,0.0,0.000532694100412838,-0.0033729806497425907,-0.27516303155519317,0.00035029480672299496
32,1378756620,0.01,0.8041670084199182,0.7975325856213162,0.8122434094539093,0.008076401033991099,0.10344827586206896,0.024575424575424575,0.9997017270824047,0.024575424575424575,0.10344827586206896,0.024575424575424575,0.37748344370860926,0.027300572646157945,0.21755725190839695,13.826942335648521,0.6399886118828113,21.604981837052406,0.37748344370860926,0.026767878545745107,0.22093023255813954,14.102105367203714,0.6396383170760883,22.046999047316604,0.37748344370860926,0.027300572646157945,0.21755725190839695,13.826942335648521,0.6399886118828113,0.0,0.000532694100412838,-0.0033729806497425907,-0.27516303155519317,0.00035029480672299496
32,1378756620,0.02,0.8041670084199182,0.7975325856213162,0.8122434094539093,0.008076401033991099,0.10344827586206896,0.024575424575424575,0.9997017270824047,0.024575424575424575,0.10344827586206896,0.024575424575424575,0.37748344370860926,0.027300572646157945,0.21755725190839695,13.826942335648521,0.6399886118828113,21.604981837052406,0.37748344370860926,0.026767878545745107,0.22093023255813954,14.102105367203714,0.6396383170760883,22.046999047316604,0.37748344370860926,0.027300572646157945,0.21755725190839695,13.826942335648521,0.6399886118828113,0.0,0.000532694100412838,-0.0033729806497425907,-0.27516303155519317,0.00035029480672299496
32,1378756620,0.05,0.8041670084199182,0.7975325856213162,0.8122434094539093,0.008076401033991099,0.060240963855421686,0.05874125874125874,0.9955408651470676,0.05874125874125874,0.058823529411764705,0.04975024975024975,0.5033112582781457,0.05699826874417366,0.15079365079365079,8.830290276660271,0.5267103179761904,16.76498442367601,0.45695364238410596,0.062058862698095615,0.12897196261682242,7.363229400562772,0.5789770125426307,12.717654140060716,0.44370860927152317,0.05047276601411639,0.15022421524663676,8.791049992136854,0.5858614380056286,0.04635761589403975,-0.005060593953921957,0.021821688176828363,1.4670608760974995,-0.052266694566440286
32,1378756620,0.1,0.8041670084199182,0.7975325856213162,0.8122434094539093,0.008076401033991099,0.03372681281618887,0.10269730269730269,0.9813460152928715,0.10269730269730269,0.058823529411764705,0.04975024975024975,0.5894039735099338,0.10653882008256758,0.10011248593925759,5.532293046357616,0.4595566497114186,12.038326612903225,0.5629139072847682,0.10027966440271674,0.10143198090692124,5.613440278620617,0.48580217143260446,11.554992152601715,0.44370860927152317,0.05047276601411639,0.15022421524663676,8.791049992136854,0.5858614380056286,0.026490066225165587,0.006259155679850845,-0.001319494967663648,-0.08114723226300136,-0.026245521721185883
33,1428642927,0.005,0.8178300829291827,0.8115131599255286,0.8181250931553219,0.0002950102261392029,0.48,0.005194805194805195,1.0,0.005194805194805195,0.48,0.005194805194805195,0.33112582781456956,0.003995205753096284,0.625,82.88079470198677,0.6715571812996921,123.41584158415844,0.33112582781456956,0.003995205753096284,0.625,82.88079470198677,0.6715571812996921,123.41584158415844,0.33112582781456956,0.003995205753096284,0.625,82.88079470198677,0.6715571812996921,0.0,0.0,0.0,0.0,0.0
33,1428642927,0.01,0.8178300829291827,0.8115131599255286,0.8181250931553219,0.0002950102261392029,0.09134615384615384,0.023976023976023976,0.9998032532742824,0.023976023976023976,0.08823529411764706,0.036163836163836165,0.4105960264900662,0.023971234518577706,0.256198347107438,17.128697571743928,0.6038797157983481,28.364419475655424,0.39072847682119205,0.022239978692235984,0.2610619469026549,17.568743308085814,0.6231299193066833,28.194350429575632,0.41721854304635764,0.033559728326008786,0.2,12.432119205298015,0.6030185972529835,0.019867549668874163,0.0017312558263417217,-0.0048635997952168886,-0.4400457363418866,-0.019250203508335173
33,1428642927,0.02,0.8178300829291827,0.8115131599255286,0.8181250931553219,0.0002950102261392029,0.09134615384615384,0.023976023976023976,0.9998032532742824,0.023976023976023976,0.08823529411764706,0.036163836163836165,0.4105960264900662,0.023971234518577706,0.256198347107438,17.128697571743928,0.6038797157983481,28.364419475655424,0.39072847682119205,0.022239978692235984,0.2610619469026549,17.568743308085814,0.6231299193066833,28.194350429575632,0.41721854304635764,0.033559728326008786,0.2,12.432119205298015,0.6030185972529835,0.019867549668874163,0.0017312558263417217,-0.0048635997952168886,-0.4400457363418866,-0.019250203508335173
33,1428642927,0.05,0.8178300829291827,0.8115131599255286,0.8181250931553219,0.0002950102261392029,0.08823529411764706,0.054945054945054944,0.9972884686344681,0.054945054945054944,0.08823529411764706,0.036163836163836165,0.4966887417218543,0.052736715940870954,0.1592356687898089,9.418272125225768,0.5313319609743563,17.72577751196172,0.4768211920529801,0.049540551338393926,0.16216216216216217,9.624866481521043,0.5504483212658221,17.48550428746427,0.41721854304635764,0.033559728326008786,0.2,12.432119205298015,0.6030185972529835,0.019867549668874163,0.003196164602477028,-0.0029264933723532616,-0.206594356295275,-0.019116360291465795
33,1428642927,0.1,0.8178300829291827,0.8115131599255286,0.8181250931553219,0.0002950102261392029,0.03255813953488372,0.1050949050949051,0.9785658895519139,0.1050949050949051,0.04216867469879518,0.0997002997002997,0.5960264900662252,0.10507391130643227,0.10238907849829351,5.672449827512402,0.4514043282876064,12.566228261547094,0.5827814569536424,0.10693834065787722,0.09876543209876543,5.449696089993649,0.4671777571928272,11.665144596651444,0.5695364238410596,0.10147822612864563,0.10141509433962265,5.612400271158158,0.4790797381617731,0.013245033112582849,-0.0018644293514449434,0.0036236463995280854,0.22275373751875271,-0.01577342890522082
34,1667205622,0.005,0.8290475270734721,0.8170645556458077,0.8353626861893764,0.006315159115904301,0.06962025316455696,0.033166833166833165,0.9994400020100237,0.033166833166833165,0.06962025316455696,0.033166833166833165,0.39072847682119205,0.030363563723531762,0.20557491289198607,12.868333914255839,0.6283504831135378,20.47954805491991,0.39072847682119205,0.03023039019842855,0.2062937062937063,12.925022609913354,0.6282641949395316,20.57259145757518,0.39072847682119205,0.030363563723531762,0.20557491289198607,12.868333914255839,0.6283504831135378,0.0,0.00013317352510321123,-0.0007187934017202358,-0.056688695657515,8.628817400624378e-05
34,1667205622,0.01,0.8290475270734721,0.8170645556458077,0.8353626861893764,0.006315159115904301,0.06962025316455696,0.033166833166833165,0.9994400020100237,0.033166833166833165,0.06962025316455696,0.033166833166833165,0.39072847682119205,0.030363563723531762,0.20557491289198607,12.868333914255839,0.6283504831135378,20.47954805491991,0.39072847682119205,0.03023039019842855,0.2062937062937063,12.925022609913354,0.6282641949395316,20.57259145757518,0.39072847682119205,0.030363563723531762,0.20557491289198607,12.868333914255839,0.6283504831135378,0.0,0.00013317352510321123,-0.0007187934017202358,-0.056688695657515,8.628817400624378e-05
34,1667205622,0.02,0.8290475270734721,0.8170645556458077,0.8353626861893764,0.006315159115904301,0.06962025316455696,0.033166833166833165,0.9994400020100237,0.033166833166833165,0.06962025316455696,0.033166833166833165,0.39072847682119205,0.030363563723531762,0.20557491289198607,12.868333914255839,0.6283504831135378,20.47954805491991,0.39072847682119205,0.03023039019842855,0.2062937062937063,12.925022609913354,0.6282641949395316,20.57259145757518,0.39072847682119205,0.030363563723531762,0.20557491289198607,12.868333914255839,0.6283504831135378,0.0,0.00013317352510321123,-0.0007187934017202358,-0.056688695657515,8.628817400624378e-05
34,1667205622,0.05,0.8290475270734721,0.8170645556458077,0.8353626861893764,0.006315159115904301,0.06435643564356436,0.05194805194805195,0.997878449617134,0.05194805194805195,0.04487179487179487,0.06293706293706294,0.4900662251655629,0.047542948461845785,0.1716937354988399,10.3078635427681,0.535387683897062,19.25308305140238,0.45695364238410596,0.046743907311226525,0.16428571428571428,9.775683477670233,0.5696752024780314,17.160100062539087,0.46357615894039733,0.058330003995205756,0.1377952755905512,7.947473464574071,0.5696516224744105,0.033112582781456956,0.0007990411506192605,0.007408021213125615,0.532180065097867,-0.034287518580969345
34,1667205622,0.1,0.8290475270734721,0.8170645556458077,0.8353626861893764,0.006315159115904301,0.025547445255474453,0.16103896103896104,0.9389778192297802,0.16103896103896104,0.022277227722772276,0.1848151848151848,0.6688741721854304,0.1528832068184845,0.08086469175340272,4.375066340540416,0.39088568480735775,11.192700348432055,0.6357615894039735,0.15528033027034224,0.07606973058637084,4.094282825758523,0.43119442301207045,9.495212848900671,0.6688741721854304,0.18617658809428686,0.06737825216811208,3.592686808970241,0.40687675356890896,0.0331125827814569,-0.0023971234518577467,0.004794961167031875,0.2807835147818931,-0.0403087382047127
35,1086680155,0.005,0.8179094578779195,0.8125829578457285,0.8190961133615379,0.001186655483618404,0.09042553191489362,0.02097902097902098,0.9998458397164375,0.02097902097902098,0.07526881720430108,0.02117882117882118,0.3841059602649007,0.024370755093887336,0.24066390041493776,15.7609380089024,0.6312787802854029,24.966684294024326,0.36423841059602646,0.022772672792648822,0.24336283185840707,15.994539328453582,0.650576965771932,24.585160818713447,0.36423841059602646,0.02303901984285524,0.2412280701754386,15.809631359338512,0.6507543313569298,0.019867549668874218,0.001598082301238514,-0.0026989314434693046,-0.23360131955118213,-0.019298185486529174
35,1086680155,0.01,0.8179094578779195,0.8125829578457285,0.8190961133615379,0.001186655483618404,0.09042553191489362,0.02097902097902098,0.9998458397164375,0.02097902097902098,0.07526881720430108,0.02117882117882118,0.3841059602649007,0.024370755093887336,0.24066390041493776,15.7609380089024,0.6312787802854029,24.966684294024326,0.36423841059602646,0.022772672792648822,0.24336283185840707,15.994539328453582,0.650576965771932,24.585160818713447,0.36423841059602646,0.02303901984285524,0.2412280701754386,15.809631359338512,0.6507543313569298,0.019867549668874218,0.001598082301238514,-0.0026989314434693046,-0.23360131955118213,-0.019298185486529174
35,1086680155,0.02,0.8179094578779195,0.8125829578457285,0.8190961133615379,0.001186655483618404,0.09042553191489362,0.02097902097902098,0.9998458397164375,0.02097902097902098,0.07526881720430108,0.02117882117882118,0.3841059602649007,0.024370755093887336,0.24066390041493776,15.7609380089024,0.6312787802854029,24.966684294024326,0.36423841059602646,0.022772672792648822,0.24336283185840707,15.994539328453582,0.650576965771932,24.585160818713447,0.36423841059602646,0.02303901984285524,0.2412280701754386,15.809631359338512,0.6507543313569298,0.019867549668874218,0.001598082301238514,-0.0026989314434693046,-0.23360131955118213,-0.019298185486529174
35,1086680155,0.05,0.8179094578779195,0.8125829578457285,0.8190961133615379,0.001186655483618404,0.0514018691588785,0.058341658341658345,0.9955197219199483,0.058341658341658345,0.05,0.02877122877122877,0.4900662251655629,0.06125982154747636,0.13857677902621723,7.999798445148286,0.5432107696455933,14.726877470355733,0.4900662251655629,0.06272473032361167,0.13577981651376148,7.812966634327413,0.5440597776686257,14.36049301017454,0.39072847682119205,0.030363563723531762,0.20557491289198607,12.868333914255839,0.6283504831135378,0.0,-0.0014649087761353097,0.0027969625124557584,0.1868318108208733,-0.0008490080230323382
35,1086680155,0.1,0.8179094578779195,0.8125829578457285,0.8190961133615379,0.001186655483618404,0.022727272727272728,0.16183816183816183,0.9340482300788103,0.16183816183816183,0.041666666666666664,0.1114885114885115,0.6688741721854304,0.1616726594752963,0.07680608365019011,4.137212651515978,0.3949839302715811,10.474382207578252,0.6490066225165563,0.16327074177653483,0.07401812688821752,3.975033220617309,0.4194826152352664,9.476038043645541,0.5960264900662252,0.11985617259288853,0.09090909090909091,4.972847682119206,0.4589857899973846,0.019867549668874163,-0.0015980823012385348,0.0027879567619725903,0.16217943089866882,-0.024498684963685347
36,654222321,0.005,0.8292071589148209,0.8288274820766954,0.8353256445466323,0.006118485631811388,0.08823529411764706,0.02037962037962038,0.9998880399989367,0.02037962037962038,0.07526881720430108,0.022177822177822177,0.3841059602649007,0.023438540418164868,0.24786324786324787,16.387793497892837,0.6306761686036904,25.98448191593353,0.3509933774834437,0.019709681715275002,0.263681592039801,17.808170753534995,0.6620555262161147,26.898303916161066,0.36423841059602646,0.02317219336795845,0.24017467248908297,15.718771408997487,0.6508430504205096,0.033112582781456956,0.003728858702889866,-0.015818344176553145,-1.4203772556421583,-0.031379357612424386
36,654222321,0.01,0.8292071589148209,0.8288274820766954,0.8353256445466323,0.006118485631811388,0.08823529411764706,0.02037962037962038,0.9998880399989367,0.02037962037962038,0.07526881720430108,0.022177822177822177,0.3841059602649007,0.023438540418164868,0.24786324786324787,16.387793497892837,0.6306761686036904,25.98448191593353,0.3509933774834437,0.019709681715275002,0.263681592039801,17.808170753534995,0.6620555262161147,26.898303916161066,0.36423841059602646,0.02317219336795845,0.24017467248908297,15.718771408997487,0.6508430504205096,0.033112582781456956,0.003728858702889866,-0.015818344176553145,-1.4203772556421583,-0.031379357612424386
36,654222321,0.02,0.8292071589148209,0.8288274820766954,0.8353256445466323,0.006118485631811388,0.08823529411764706,0.02037962037962038,0.9998880399989367,0.02037962037962038,0.07526881720430108,0.022177822177822177,0.3841059602649007,0.023438540418164868,0.24786324786324787,16.387793497892837,0.6306761686036904,25.98448191593353,0.3509933774834437,0.019709681715275002,0.263681592039801,17.808170753534995,0.6620555262161147,26.898303916161066,0.36423841059602646,0.02317219336795845,0.24017467248908297,15.718771408997487,0.6508430504205096,0.033112582781456956,0.003728858702889866,-0.015818344176553145,-1.4203772556421583,-0.031379357612424386
36,654222321,0.05,0.8292071589148209,0.8288274820766954,0.8353256445466323,0.006118485631811388,0.050505050505050504,0.056343656343656345,0.9965169431417299,0.056343656343656345,0.050505050505050504,0.04095904095904096,0.5298013245033113,0.060194433346650686,0.15037593984962405,8.801500322334878,0.5003148440278639,17.591923220740377,0.45695364238410596,0.05606605406845119,0.14081632653061224,8.150272923188247,0.5753012273332038,14.166965992700309,0.4370860927152318,0.040884272206685314,0.1769436997319035,10.690812606510343,0.5869092654542245,0.07284768211920534,0.004128379278199493,0.009559613319011812,0.6512273991466309,-0.07498638330533991
36,654222321,0.1,0.8292071589148209,0.8288274820766954,0.8353256445466323,0.006118485631811388,0.02224824355971897,0.16023976023976025,0.9414954471771804,0.16023976023976025,0.01935483870967742,0.19620379620379622,0.6688741721854304,0.1583433213477161,0.07829457364341086,4.224201983970056,0.3934214938385448,10.737089991589569,0.6357615894039735,0.1516846450925556,0.07773279352226721,4.191337818116275,0.4293667543431025,9.76167291882832,0.6688741721854304,0.18324677054201624,0.06838185511171294,3.6501280224857537,0.40541722502194727,0.0331125827814569,0.006658676255160478,0.0005617801211436485,0.03286416585378138,-0.03594526050455771
37,1047505914,0.005,0.8174182151396249,0.8093643036744429,0.8205222166071795,0.003104001467554629,0.0979381443298969,0.022177822177822177,0.9998560500572117,0.022177822177822177,0.5294117647058824,0.004795204795204795,0.39072847682119205,0.023704887468371287,0.2489451476793249,16.48303445196815,0.6240649116832176,26.412371763556425,0.3841059602649007,0.021307764016513516,0.26605504587155965,18.02657284768212,0.6293030812860064,28.645295698924734,0.304635761589404,0.004261552803302703,0.5897435897435898,71.48468543046359,0.6983402522703177,0.006622516556291369,0.002397123451857771,-0.01710989819223474,-1.54353839571397,-0.005238169602788778
37,1047505914,0.01,0.8174182151396249,0.8093643036744429,0.8205222166071795,0.003104001467554629,0.0979381443298969,0.022177822177822177,0.9998560500572117,0.022177822177822177,0.5294117647058824,0.004795204795204795,0.39072847682119205,0.023704887468371287,0.2489451476793249,16.48303445196815,0.6240649116832176,26.412371763556425,0.3841059602649007,0.021307764016513516,0.26605504587155965,18.02657284768212,0.6293030812860064,28.645295698924734,0.304635761589404,0.004261552803302703,0.5897435897435898,71.48468543046359,0.6983402522703177,0.006622516556291369,0.002397123451857771,-0.01710989819223474,-1.54353839571397,-0.005238169602788778
37,1047505914,0.02,0.8174182151396249,0.8093643036744429,0.8205222166071795,0.003104001467554629,0.0979381443298969,0.022177822177822177,0.9998560500572117,0.022177822177822177,0.5294117647058824,0.004795204795204795,0.39072847682119205,0.023704887468371287,0.2489451476793249,16.48303445196815,0.6240649116832176,26.412371763556425,0.3841059602649007,0.021307764016513516,0.26605504587155965,18.02657284768212,0.6293030812860064,28.645295698924734,0.304635761589404,0.004261552803302703,0.5897435897435898,71.48468543046359,0.6983402522703177,0.006622516556291369,0.002397123451857771,-0.01710989819223474,-1.54353839571397,-0.005238169602788778
37,1047505914,0.05,0.8174182151396249,0.8093643036744429,0.8205222166071795,0.003104001467554629,0.06417112299465241,0.05714285714285714,0.996677853539552,0.05714285714285714,0.06417112299465241,0.03976023976023976,0.5231788079470199,0.058862698095618594,0.15163147792706333,8.888121422792244,0.506643601404532,17.543143539467067,0.4900662251655629,0.05446797176721268,0.15320910973084886,8.997328324616655,0.5393088331312377,16.683072428793704,0.44370860927152317,0.03981888400585964,0.1830601092896175,11.143170391370793,0.5793608950041792,0.033112582781456956,0.004394726328405915,-0.0015776318037855341,-0.10920690182441106,-0.03266523172670566
37,1047505914,0.1,0.8174182151396249,0.8093643036744429,0.8205222166071795,0.003104001467554629,0.029850746268656716,0.1024975024975025,0.9815189864985037,0.1024975024975025,0.03854875283446712,0.12447552447552447,0.6026490066225165,0.1081369023838061,0.10077519379844961,5.573018954099108,0.4455291338317939,12.508764367816088,0.6026490066225165,0.09974697030230391,0.10833333333333334,6.041777557714922,0.44137701320584666,13.68847352024922,0.6225165562913907,0.1250499400719137,0.0909970958373669,4.978143579544253,0.431434273791164,0.0,0.008389932081502197,-0.007558139534883726,-0.46875860361581356,0.00415212062594722
38,96073520,0.005,0.8189148738952551,0.8174054269534394,0.8187600927452179,-0.0001547811500371976,0.105,0.02257742257742258,0.9998750713798489,0.02257742257742258,0.5384615384615384,0.004795204795204795,0.37748344370860926,0.022239978692235984,0.2544642857142857,16.973192687472736,0.6366762219003069,26.65906484902535,0.37748344370860926,0.019310161139965375,0.28217821782178215,19.548435715916874,0.6347741473644831,30.795891415994124,0.304635761589404,0.004261552803302703,0.5897435897435898,71.48468543046359,0.6983402522703177,0.0,0.002929817552270609,-0.027713932107496453,-2.575243028444138,0.0019020745358238056
38,96073520,0.01,0.8189148738952551,0.8174054269534394,0.8187600927452179,-0.0001547811500371976,0.105,0.02257742257742258,0.9998750713798489,0.02257742257742258,0.5384615384615384,0.004795204795204795,0.37748344370860926,0.022239978692235984,0.2544642857142857,16.973192687472736,0.6366762219003069,26.65906484902535,0.37748344370860926,0.019310161139965375,0.28217821782178215,19.548435715916874,0.6347741473644831,30.795891415994124,0.304635761589404,0.004261552803302703,0.5897435897435898,71.48468543046359,0.6983402522703177,0.0,0.002929817552270609,-0.027713932107496453,-2.575243028444138,0.0019020745358238056
38,96073520,0.02,0.8189148738952551,0.8174054269534394,0.8187600927452179,-0.0001547811500371976,0.105,0.02257742257742258,0.9998750713798489,0.02257742257742258,0.5384615384615384,0.004795204795204795,0.37748344370860926,0.022239978692235984,0.2544642857142857,16.973192687472736,0.6366762219003069,26.65906484902535,0.37748344370860926,0.019310161139965375,0.28217821782178215,19.548435715916874,0.6347741473644831,30.795891415994124,0.304635761589404,0.004261552803302703,0.5897435897435898,71.48468543046359,0.6983402522703177,0.0,0.002929817552270609,-0.027713932107496453,-2.575243028444138,0.0019020745358238056
38,96073520,0.05,0.8189148738952551,0.8174054269534394,0.8187600927452179,-0.0001547811500371976,0.07407407407407407,0.06053946053946054,0.9962610178384305,0.06053946053946054,0.07407407407407407,0.044755244755244755,0.4966887417218543,0.05579970701824477,0.15182186234817813,8.901278667277813,0.5330556048533986,16.698593141565127,0.45695364238410596,0.05500066586762552,0.14315352697095435,8.308147459230634,0.5746526351941584,14.457686174924705,0.4304635761589404,0.03901984285524038,0.18156424581005587,11.031914653165472,0.592662002026402,0.039735099337748325,0.0007990411506192535,0.00866833537722378,0.5931312080471791,-0.04159703034075979
38,96073520,0.1,0.8189148738952551,0.8174054269534394,0.8187600927452179,-0.0001547811500371976,0.025485436893203883,0.16023976023976025,0.9400263491963061,0.16023976023976025,0.022222222222222223,0.12947052947052948,0.6423841059602649,0.15474763616992943,0.07704527402700556,4.151172333610695,0.42308771834636383,9.811611525466944,0.609271523178808,0.15394859501931016,0.07371794871794872,3.957629643209056,0.4618259298678311,8.569526713975721,0.5761589403973509,0.12118790784392063,0.08726178535606821,4.754260970817262,0.4822886068428992,0.0331125827814569,0.0007990411506192674,0.0033273253090568417,0.1935426904016393,-0.03873821152146728
39,1390893999,0.005,0.8068666386208515,0.8028837800820032,0.8113535280841797,0.004486889463328203,0.5483870967741935,0.005594405594405594,1.0,0.005594405594405594,0.5483870967741935,0.005594405594405594,0.2582781456953642,0.0037288587028898655,0.582089552238806,69.26466414380322,0.7444979820844152,93.03539540816327,0.2582781456953642,0.0037288587028898655,0.582089552238806,69.26466414380322,0.7444979820844152,93.03539540816327,0.2582781456953642,0.0037288587028898655,0.582089552238806,69.26466414380322,0.7444979820844152,0.0,0.0,0.0,0.0,0.0
39,1390893999,0.01,0.8068666386208515,0.8028837800820032,0.8113535280841797,0.004486889463328203,0.10227272727272728,0.021378621378621378,0.9998852001390647,0.021378621378621378,0.10227272727272728,0.021378621378621378,0.2913907284768212,0.019176987614862164,0.23404255319148937,15.194812362030905,0.7224639538177258,21.031931464174452,0.2913907284768212,0.019176987614862164,0.23404255319148937,15.194812362030905,0.7224639538177258,21.031931464174452,0.2913907284768212,0.019176987614862164,0.23404255319148937,15.194812362030905,0.7224639538177258,0.0,0.0,0.0,0.0,0.0
39,1390893999,0.02,0.8068666386208515,0.8028837800820032,0.8113535280841797,0.004486889463328203,0.10227272727272728,0.021378621378621378,0.9998852001390647,0.021378621378621378,0.10227272727272728,0.021378621378621378,0.2913907284768212,0.019176987614862164,0.23404255319148937,15.194812362030905,0.7224639538177258,21.031931464174452,0.2913907284768212,0.019176987614862164,0.23404255319148937,15.194812362030905,0.7224639538177258,21.031931464174452,0.2913907284768212,0.019176987614862164,0.23404255319148937,15.194812362030905,0.7224639538177258,0.0,0.0,0.0,0.0,0.0
39,1390893999,0.05,0.8068666386208515,0.8028837800820032,0.8113535280841797,0.004486889463328203,0.043227665706051875,0.05934065934065934,0.9960773537897012,0.05934065934065934,0.057692307692307696,0.03116883116883117,0.47019867549668876,0.056199227593554404,0.1440162271805274,8.366639465176862,0.5613486871307133,14.904531990521324,0.41721854304635764,0.05713144226927687,0.12804878048780488,7.302783309405826,0.618094062184308,11.815003178639543,0.33774834437086093,0.028765481422293248,0.19101123595505617,11.74144591611479,0.6818658552199651,0.05298013245033112,-0.0009322146757224647,0.015967446692722514,1.0638561557710355,-0.05674537505359467
39,1390893999,0.1,0.8068666386208515,0.8028837800820032,0.8113535280841797,0.004486889463328203,0.02530120481927711,0.16043956043956045,0.9395770472458795,0.16043956043956045,0.018518518518518517,0.12847152847152848,0.6158940397350994,0.15368224796910374,0.07457898957497995,4.007580887669724,0.4538554926245695,8.830081276519454,0.5894039735099338,0.15501398322013585,0.0710295291300878,3.802263262101454,0.48592049848918945,7.824866977053541,0.5562913907284768,0.12185377546943668,0.08408408408408409,4.565237216371729,0.5052787302122942,0.026490066225165587,-0.0013317352510321123,0.003549460444892155,0.2053176255682705,-0.032065005864619966
40,1871114650,0.005,0.807141364137869,0.8031862868310787,0.7953488925871735,-0.011792471550695516,0.11682242990654206,0.022977022977022976,0.9997319904617384,0.022977022977022976,0.07317073170731707,0.024375624375624377,0.3443708609271523,0.022506325742442403,0.23529411764705882,15.301069791136015,0.6707246873703016,22.812742812742812,0.3576158940397351,0.026767878545745107,0.21176470588235294,13.359889295245626,0.6600523059189422,20.24065240806278,0.3576158940397351,0.027433746171261153,0.2076923076923077,13.035620137594034,0.6605042108250895,-0.013245033112582794,-0.004261552803302704,0.023529411764705882,1.9411804958903893,0.010672381451359403
40,1871114650,0.01,0.807141364137869,0.8031862868310787,0.7953488925871735,-0.011792471550695516,0.11682242990654206,0.022977022977022976,0.9997319904617384,0.022977022977022976,0.07317073170731707,0.024375624375624377,0.3443708609271523,0.022506325742442403,0.23529411764705882,15.301069791136015,0.6707246873703016,22.812742812742812,0.3576158940397351,0.026767878545745107,0.21176470588235294,13.359889295245626,0.6600523059189422,20.24065240806278,0.3576158940397351,0.027433746171261153,0.2076923076923077,13.035620137594034,0.6605042108250895,-0.013245033112582794,-0.004261552803302704,0.023529411764705882,1.9411804958903893,0.010672381451359403
40,1871114650,0.02,0.807141364137869,0.8031862868310787,0.7953488925871735,-0.011792471550695516,0.11682242990654206,0.022977022977022976,0.9997319904617384,0.022977022977022976,0.07317073170731707,0.024375624375624377,0.3443708609271523,0.022506325742442403,0.23529411764705882,15.301069791136015,0.6707246873703016,22.812742812742812,0.3576158940397351,0.026767878545745107,0.21176470588235294,13.359889295245626,0.6600523059189422,20.24065240806278,0.3576158940397351,0.027433746171261153,0.2076923076923077,13.035620137594034,0.6605042108250895,-0.013245033112582794,-0.004261552803302704,0.023529411764705882,1.9411804958903893,0.010672381451359403
40,1871114650,0.05,0.807141364137869,0.8031862868310787,0.7953488925871735,-0.011792471550695516,0.06666666666666667,0.05714285714285714,0.9955328471507792,0.05714285714285714,0.06666666666666667,0.03836163836163836,0.4768211920529801,0.060860300972166735,0.13610586011342155,7.834683437912095,0.5570830500388787,14.06376201423704,0.44370860927152317,0.0632574244240245,0.12361623616236163,7.014332520041826,0.5938572722462514,11.811478696741855,0.41721854304635764,0.04328139565854308,0.16237113402061856,9.639673968415691,0.6091461525981209,0.033112582781456956,-0.0023971234518577675,0.012489623951059917,0.820350917870269,-0.0367742222073727
40,1871114650,0.1,0.807141364137869,0.8031862868310787,0.7953488925871735,-0.011792471550695516,0.017185821697099892,0.18201798201798203,0.9065121102304886,0.18201798201798203,0.018691588785046728,0.12287712287712288,0.6158940397350994,0.18737514982021575,0.062,3.2869568901001145,0.47267316545872484,6.953973972502022,0.6490066225165563,0.18910640564655745,0.06455862977602109,3.4319653017442406,0.432847638614416,7.928806803082647,0.5695364238410596,0.12558263417232654,0.08357628765792031,4.535152711158554,0.49228617017628434,-0.0331125827814569,-0.0017312558263417044,-0.0025586297760210874,-0.14500841164412615,0.039825526844308845
41,301312083,0.005,0.803411182519167,0.7986107620083274,0.8062625070665753,0.0028513245474083293,0.08585858585858586,0.02197802197802198,0.999845669759881,0.02197802197802198,0.0755813953488372,0.03576423576423576,0.3509933774834437,0.022506325742442403,0.23873873873873874,15.595321133273247,0.6639496905281772,23.4887090931047,0.33774834437086093,0.022239978692235984,0.23394495412844038,15.1865408256335,0.6773151296811776,22.421676646706583,0.36423841059602646,0.03382607537621521,0.1779935275080906,10.76797726443135,0.6580198173445123,0.013245033112582794,0.000266347050206419,0.004793784610298363,0.4087803076397467,-0.013365439153000369
41,301312083,0.01,0.803411182519167,0.7986107620083274,0.8062625070665753,0.0028513245474083293,0.08585858585858586,0.02197802197802198,0.999845669759881,0.02197802197802198,0.0755813953488372,0.03576423576423576,0.3509933774834437,0.022506325742442403,0.23873873873873874,15.595321133273247,0.6639496905281772,23.4887090931047,0.33774834437086093,0.022239978692235984,0.23394495412844038,15.1865408256335,0.6773151296811776,22.421676646706583,0.36423841059602646,0.03382607537621521,0.1779935275080906,10.76797726443135,0.6580198173445123,0.013245033112582794,0.000266347050206419,0.004793784610298363,0.4087803076397467,-0.013365439153000369
41,301312083,0.02,0.803411182519167,0.7986107620083274,0.8062625070665753,0.0028513245474083293,0.08585858585858586,0.02197802197802198,0.999845669759881,0.02197802197802198,0.0755813953488372,0.03576423576423576,0.3509933774834437,0.022506325742442403,0.23873873873873874,15.595321133273247,0.6639496905281772,23.4887090931047,0.33774834437086093,0.022239978692235984,0.23394495412844038,15.1865408256335,0.6773151296811776,22.421676646706583,0.36423841059602646,0.03382607537621521,0.1779935275080906,10.76797726443135,0.6580198173445123,0.013245033112582794,0.000266347050206419,0.004793784610298363,0.4087803076397467,-0.013365439153000369
41,301312083,0.05,0.803411182519167,0.7986107620083274,0.8062625070665753,0.0028513245474083293,0.0755813953488372,0.05374625374625375,0.9970576935709307,0.05374625374625375,0.0755813953488372,0.03576423576423576,0.4503311258278146,0.05153815421494207,0.14945054945054945,8.737820216643566,0.5795371491377338,15.077239189315405,0.423841059602649,0.05233719536556133,0.1400437636761488,8.098276123552903,0.6079788481511677,13.319996490304463,0.36423841059602646,0.03382607537621521,0.1779935275080906,10.76797726443135,0.6580198173445123,0.026490066225165587,-0.0007990411506192605,0.009406785774400656,0.6395440930906631,-0.028441699013433852
41,301312083,0.1,0.803411182519167,0.7986107620083274,0.8062625070665753,0.0028513245474083293,0.025423728813559324,0.15904095904095905,0.9422227061473647,0.15904095904095905,0.03854389721627409,0.12547452547452548,0.609271523178808,0.1546144626448262,0.07342378292098962,3.9405855878980787,0.46218968690143847,8.525905487671354,0.5894039735099338,0.15128512451724596,0.07265306122448979,3.895981018561702,0.4837855896616832,8.053115061335758,0.5629139072847682,0.12438407244639765,0.08341511285574092,4.525610845611697,0.49917558482109137,0.019867549668874163,0.003329338127580239,0.000770721696499832,0.0446045693363768,-0.021595902760244756
42,1600197889,0.005,0.7864866795606862,0.7841667261978782,0.7802169405543371,-0.006269739006349084,0.5396825396825397,0.005794205794205794,1.0,0.005794205794205794,0.5396825396825397,0.005794205794205794,0.26490066225165565,0.003595685177786656,0.5970149253731343,73.67181751287713,0.7377520619022077,99.85985985985988,0.26490066225165565,0.003595685177786656,0.5970149253731343,73.67181751287713,0.7377520619022077,99.85985985985988,0.26490066225165565,0.003595685177786656,0.5970149253731343,73.67181751287713,0.7377520619022077,0.0,0.0,0.0,0.0,0.0
42,1600197889,0.01,0.7864866795606862,0.7841667261978782,0.7802169405543371,-0.006269739006349084,0.09411764705882353,0.036563436563436566,0.9992387783198189,0.036563436563436566,0.09411764705882353,0.036563436563436566,0.3443708609271523,0.03329338127580237,0.17218543046357615,10.343523178807946,0.678209010235296,15.251232323232319,0.3443708609271523,0.03329338127580237,0.17218543046357615,10.343523178807946,0.678209010235296,15.251232323232319,0.3443708609271523,0.03329338127580237,0.17218543046357615,10.343523178807946,0.678209010235296,0.0,0.0,0.0,0.0,0.0
42,1600197889,0.02,0.7864866795606862,0.7841667261978782,0.7802169405543371,-0.006269739006349084,0.09411764705882353,0.036563436563436566,0.9992387783198189,0.036563436563436566,0.09411764705882353,0.036563436563436566,0.3443708609271523,0.03329338127580237,0.17218543046357615,10.343523178807946,0.678209010235296,15.251232323232319,0.3443708609271523,0.03329338127580237,0.17218543046357615,10.343523178807946,0.678209010235296,15.251232323232319,0.3443708609271523,0.03329338127580237,0.17218543046357615,10.343523178807946,0.678209010235296,0.0,0.0,0.0,0.0,0.0
42,1600197889,0.05,0.7864866795606862,0.7841667261978782,0.7802169405543371,-0.006269739006349084,0.08947368421052632,0.05374625374625375,0.9972810824493705,0.05374625374625375,0.07142857142857142,0.041758241758241756,0.4304635761589404,0.05446797176721268,0.1371308016877637,7.903058663514629,0.6023449305102135,13.12048672314778,0.3973509933774834,0.05047276601411639,0.1366742596810934,7.872582082510615,0.6346832245060977,12.403954884165966,0.36423841059602646,0.03862032227993075,0.15942028985507245,9.431262845398491,0.6613012570763869,0.033112582781456956,0.003995205753096288,0.0004565420066703074,0.03047658100401396,-0.03233829399588417
42,1600197889,0.1,0.7864866795606862,0.7841667261978782,0.7802169405543371,-0.006269739006349084,0.025179856115107913,0.16083916083916083,0.9349059559771888,0.16083916083916083,0.02666666666666667,0.13046953046953047,0.5761589403973509,0.16180583300039952,0.06682027649769585,3.5608045131223935,0.5056597579530174,7.041898148148147,0.5827814569536424,0.16287122120122519,0.06712433257055683,3.5781733117456263,0.4983923066711899,7.179431271009357,0.543046357615894,0.13290717805300306,0.07592592592592592,4.085906913164076,0.5269950699834514,-0.0066225165562914245,-0.001065388200825662,-0.00030405607286097813,-0.017368798623232706,0.007267451281827542
43,1584113194,0.005,0.8162769797655616,0.8110364692611692,0.811770246565049,-0.004506733200512536,0.12903225806451613,0.01018981018981019,0.999986565783974,0.01018981018981019,0.12903225806451613,0.01018981018981019,0.2847682119205298,0.012251964309495272,0.31851851851851853,23.24265764468759,0.7241034780489067,32.09853059581321,0.2847682119205298,0.011985617259288853,0.3233082706766917,23.759161147902873,0.7239082756016635,32.820679012345686,0.2847682119205298,0.012251964309495272,0.31851851851851853,23.24265764468759,0.7241034780489067,0.0,0.000266347050206419,-0.004789752158173177,-0.5165035032152829,0.00019520244724324787
43,1584113194,0.01,0.8162769797655616,0.8110364692611692,0.811770246565049,-0.004506733200512536,0.12903225806451613,0.01018981018981019,0.999986565783974,0.01018981018981019,0.12903225806451613,0.01018981018981019,0.2847682119205298,0.012251964309495272,0.31851851851851853,23.24265764468759,0.7241034780489067,32.09853059581321,0.2847682119205298,0.011985617259288853,0.3233082706766917,23.759161147902873,0.7239082756016635,32.820679012345686,0.2847682119205298,0.012251964309495272,0.31851851851851853,23.24265764468759,0.7241034780489067,0.0,0.000266347050206419,-0.004789752158173177,-0.5165035032152829,0.00019520244724324787
43,1584113194,0.02,0.8162769797655616,0.8110364692611692,0.811770246565049,-0.004506733200512536,0.11235955056179775,0.03156843156843157,0.9992449433349669,0.03156843156843157,0.11235955056179775,0.03156843156843157,0.3509933774834437,0.03662271940338261,0.16158536585365854,9.58403371462974,0.6736785635162871,14.226419294990723,0.3509933774834437,0.03635637235317619,0.16257668711656442,9.65424641583582,0.6734923615916005,14.334604171338864,0.3509933774834437,0.03662271940338261,0.16158536585365854,9.58403371462974,0.6736785635162871,0.0,0.00026634705020642246,-0.000991321262905881,-0.07021270120607959,0.0001862019246865465
43,1584113194,0.05,0.8162769797655616,0.8110364692611692,0.811770246565049,-0.004506733200512536,0.06074766355140187,0.054345654345654346,0.9960579295628968,0.054345654345654346,0.06666666666666667,0.03436563436563437,0.4768211920529801,0.06059395392196031,0.1366223908918406,7.869121606869951,0.5569251019101463,14.129586868827376,0.423841059602649,0.06059395392196031,0.1233140655105973,6.994774761662179,0.6133225805845915,11.404724011620564,0.36423841059602646,0.04194966040751099,0.14864864864864866,8.682749921160516,0.6635993570801275,0.05298013245033112,0.0,0.01330832538124331,0.8743468452077723,-0.05639747867444522
43,1584113194,0.1,0.8162769797655616,0.8110364692611692,0.811770246565049,-0.004506733200512536,0.022988505747126436,0.1004995004995005,0.9795252117017819,0.1004995004995005,0.026525198938992044,0.1076923076923077,0.5298013245033113,0.10627247303236116,0.09111617312072894,4.985310959518001,0.5261096489799785,9.475802181510115,0.5496688741721855,0.106805167132774,0.09378531073446328,5.146463311918878,0.5041801735263246,10.207587648525745,0.5562913907284768,0.11439605806365695,0.08907741251325557,4.862854543632284,0.5010237514315591,-0.019867549668874163,-0.0005326941004128449,-0.002669137613734343,-0.16115235240087689,0.02192947545365387
44,1453063449,0.005,0.8183804159070925,0.8095583313269111,0.8192059153739575,0.0008254994668649429,0.11827956989247312,0.02057942057942058,0.999845669759881,0.02057942057942058,0.11827956989247312,0.02057942057942058,0.3576158940397351,0.02330536689306166,0.23580786026200873,15.344787133396403,0.6577123331954771,23.330544918998527,0.3576158940397351,0.02317219336795845,0.23684210526315788,15.432975565197534,0.6576226655290565,23.467827941699255,0.3576158940397351,0.02330536689306166,0.23580786026200873,15.344787133396403,0.6577123331954771,0.0,0.00013317352510321123,-0.0010342450011491533,-0.08818843180113056,8.966766642060087e-05
44,1453063449,0.01,0.8183804159070925,0.8095583313269111,0.8192059153739575,0.0008254994668649429,0.11827956989247312,0.02057942057942058,0.999845669759881,0.02057942057942058,0.11827956989247312,0.02057942057942058,0.3576158940397351,0.02330536689306166,0.23580786026200873,15.344787133396403,0.6577123331954771,23.330544918998527,0.3576158940397351,0.02317219336795845,0.23684210526315788,15.432975565197534,0.6576226655290565,23.467827941699255,0.3576158940397351,0.02330536689306166,0.23580786026200873,15.344787133396403,0.6577123331954771,0.0,0.00013317352510321123,-0.0010342450011491533,-0.08818843180113056,8.966766642060087e-05
44,1453063449,0.02,0.8183804159070925,0.8095583313269111,0.8192059153739575,0.0008254994668649429,0.11827956989247312,0.02057942057942058,0.999845669759881,0.02057942057942058,0.11827956989247312,0.02057942057942058,0.3576158940397351,0.02330536689306166,0.23580786026200873,15.344787133396403,0.6577123331954771,23.330544918998527,0.3576158940397351,0.02317219336795845,0.23684210526315788,15.432975565197534,0.6576226655290565,23.467827941699255,0.3576158940397351,0.02330536689306166,0.23580786026200873,15.344787133396403,0.6577123331954771,0.0,0.00013317352510321123,-0.0010342450011491533,-0.08818843180113056,8.966766642060087e-05
44,1453063449,0.05,0.8183804159070925,0.8095583313269111,0.8192059153739575,0.0008254994668649429,0.06701030927835051,0.05114885114885115,0.9972810824493705,0.05114885114885115,0.054945054945054944,0.05034965034965035,0.4966887417218543,0.05513383939272873,0.15337423312883436,9.008782032824646,0.5326799490360249,16.912185354691072,0.4304635761589404,0.052204021840458116,0.1422319474835886,8.245793350452763,0.6009061411581449,13.72226506881822,0.4304635761589404,0.050073245438806764,0.1473922902494331,8.596678173876285,0.5995582513139656,0.06622516556291391,0.0029298175522706124,0.011142285645245747,0.7629886823718834,-0.06822619212212
44,1453063449,0.1,0.8183804159070925,0.8095583313269111,0.8192059153739575,0.0008254994668649429,0.023017902813299233,0.10589410589410589,0.9782964362199229,0.10589410589410589,0.041666666666666664,0.09170829170829171,0.6026490066225165,0.11000133173525103,0.09923664122137404,5.478561005724548,0.4464624583677276,12.271045197740111,0.5562913907284768,0.10733786123318684,0.09438202247191012,5.182620413126715,0.49706220304637744,10.426502722121402,0.4966887417218543,0.09521907044879478,0.0949367088607595,5.216273792432733,0.5562796936135702,0.04635761589403975,0.002663470502064197,0.0048546187494639265,0.2959405925978329,-0.05059974467864986
45,2050144965,0.005,0.7990274804891966,0.7940511121753233,0.8031642382342072,0.004136757745010655,0.115,0.02177822177822178,0.9998258062312285,0.02177822177822178,0.07368421052631578,0.02177822177822178,0.3708609271523179,0.022106805167132773,0.25225225225225223,16.77587169871539,0.6433617456098659,26.075332910589726,0.3708609271523179,0.02263949926754561,0.24778761061946902,16.38114530580444,0.643712399238758,25.447925696594428,0.3708609271523179,0.02263949926754561,0.24778761061946902,16.38114530580444,0.643712399238758,0.0,-0.000532694100412838,0.004464641632783206,0.39472639291095035,-0.0003506536288920836
45,2050144965,0.01,0.7990274804891966,0.7940511121753233,0.8031642382342072,0.004136757745010655,0.115,0.02177822177822178,0.9998258062312285,0.02177822177822178,0.07368421052631578,0.02177822177822178,0.3708609271523179,0.022106805167132773,0.25225225225225223,16.77587169871539,0.6433617456098659,26.075332910589726,0.3708609271523179,0.02263949926754561,0.24778761061946902,16.38114530580444,0.643712399238758,25.447925696594428,0.3708609271523179,0.02263949926754561,0.24778761061946902,16.38114530580444,0.643712399238758,0.0,-0.000532694100412838,0.004464641632783206,0.39472639291095035,-0.0003506536288920836
45,2050144965,0.02,0.7990274804891966,0.7940511121753233,0.8031642382342072,0.004136757745010655,0.115,0.02177822177822178,0.9998258062312285,0.02177822177822178,0.07368421052631578,0.02177822177822178,0.3708609271523179,0.022106805167132773,0.25225225225225223,16.77587169871539,0.6433617456098659,26.075332910589726,0.3708609271523179,0.02263949926754561,0.24778761061946902,16.38114530580444,0.643712399238758,25.447925696594428,0.3708609271523179,0.02263949926754561,0.24778761061946902,16.38114530580444,0.643712399238758,0.0,-0.000532694100412838,0.004464641632783206,0.39472639291095035,-0.0003506536288920836
45,2050144965,0.05,0.7990274804891966,0.7940511121753233,0.8031642382342072,0.004136757745010655,0.06557377049180328,0.05074925074925075,0.9970883568225463,0.05074925074925075,0.06,0.048751248751248755,0.48344370860927155,0.053003062991077377,0.15498938428874734,9.121052281273919,0.545467753066092,16.7215242881072,0.45695364238410596,0.05393527766679984,0.14556962025316456,8.472259013980867,0.574005503848219,14.759891598915988,0.45695364238410596,0.05113863363963244,0.152317880794702,8.935585678807946,0.5723136981526664,0.026490066225165587,-0.0009322146757224647,0.009419764035582784,0.6487932672930512,-0.028537750782127058
45,2050144965,0.1,0.7990274804891966,0.7940511121753233,0.8031642382342072,0.004136757745010655,0.04004854368932039,0.15884115884115885,0.9393773713905756,0.15884115884115885,0.02608695652173913,0.16823176823176822,0.5894039735099338,0.15821014782261286,0.0696945967110415,3.7254498628670816,0.48776547427842226,7.637789182144021,0.5629139072847682,0.15634571847116793,0.06751389992057188,3.6004433814321333,0.5180867356272574,6.949499251458366,0.5894039735099338,0.16606738580370223,0.06661676646706587,3.549185595097107,0.4923611566454658,0.026490066225165587,0.0018644293514449295,0.002180696790469616,0.1250064814349483,-0.030321261348835116
46,930395074,0.005,0.7974845196801367,0.7895778928420554,0.8114121773518577,0.013927657671720994,0.0979381443298969,0.02117882117882118,0.9998427098349608,0.02117882117882118,0.09278350515463918,0.021378621378621378,0.3509933774834437,0.02317219336795845,0.23348017621145375,15.147179721397581,0.6644022806376034,22.79820548909219,0.32450331125827814,0.02290584631775203,0.22171945701357465,14.166833513014016,0.6913322387572018,20.49207706338349,0.33112582781456956,0.023704887468371287,0.21929824561403508,13.968673264379792,0.6851147400000542,0.026490066225165587,0.000266347050206419,0.011760719197879105,0.9803462083835655,-0.02692995811959842
46,930395074,0.01,0.7974845196801367,0.7895778928420554,0.8114121773518577,0.013927657671720994,0.0979381443298969,0.02117882117882118,0.9998427098349608,0.02117882117882118,0.09278350515463918,0.021378621378621378,0.3509933774834437,0.02317219336795845,0.23348017621145375,15.147179721397581,0.6644022806376034,22.79820548909219,0.32450331125827814,0.02290584631775203,0.22171945701357465,14.166833513014016,0.6913322387572018,20.49207706338349,0.33112582781456956,0.023704887468371287,0.21929824561403508,13.968673264379792,0.6851147400000542,0.026490066225165587,0.000266347050206419,0.011760719197879105,0.9803462083835655,-0.02692995811959842
46,930395074,0.02,0.7974845196801367,0.7895778928420554,0.8114121773518577,0.013927657671720994,0.0979381443298969,0.02117882117882118,0.9998427098349608,0.02117882117882118,0.09278350515463918,0.021378621378621378,0.3509933774834437,0.02317219336795845,0.23348017621145375,15.147179721397581,0.6644022806376034,22.79820548909219,0.32450331125827814,0.02290584631775203,0.22171945701357465,14.166833513014016,0.6913322387572018,20.49207706338349,0.33112582781456956,0.023704887468371287,0.21929824561403508,13.968673264379792,0.6851147400000542,0.026490066225165587,0.000266347050206419,0.011760719197879105,0.9803462083835655,-0.02692995811959842
46,930395074,0.05,0.7974845196801367,0.7895778928420554,0.8114121773518577,0.013927657671720994,0.06741573033707865,0.057342657342657345,0.9958287635825256,0.057342657342657345,0.06741573033707865,0.03996003996003996,0.4768211920529801,0.0603276068717539,0.13714285714285715,7.903863865619929,0.5567672433211696,14.195992958336825,0.4304635761589404,0.060061259821547475,0.12596899224806202,7.167075373342535,0.6059293010233093,11.828236992729334,0.3973509933774834,0.042216007457717405,0.15915119363395225,9.412329997701965,0.6292118173982865,0.04635761589403975,0.00026634705020642246,0.011173864894795132,0.7367884922773937,-0.04916205770213977
46,930395074,0.1,0.7974845196801367,0.7895778928420554,0.8114121773518577,0.013927657671720994,0.023529411764705882,0.1068931068931069,0.9780438504989905,0.1068931068931069,0.03931203931203931,0.11808191808191808,0.5695364238410596,0.10840324943401251,0.09555555555555556,5.253868558504321,0.482800745836816,10.882063882063886,0.5298013245033113,0.10773738180849647,0.08998875140607424,4.917525520018992,0.5269734110902441,9.331638782012222,0.543046357615894,0.11719270209082434,0.08523908523908524,4.633789885611078,0.5176142556437248,0.039735099337748325,0.0006658676255160423,0.005566804149481325,0.336343038485329,-0.04417266525342811
47,930822943,0.005,0.8022884679664756,0.7996100044185388,0.7989723589970181,-0.003316108969457443,0.11290322580645161,0.01998001998001998,0.9998880399989367,0.01998001998001998,0.08,0.02197802197802198,0.3443708609271523,0.023971234518577706,0.22413793103448276,14.366004415011037,0.6717313692588366,21.386531986531985,0.31125827814569534,0.01997602876548142,0.23857868020304568,15.58158940397351,0.702780485039268,22.171346153846155,0.33112582781456956,0.022506325742442403,0.228310502283105,14.712567106861554,0.68427468105455,0.033112582781456956,0.003995205753096285,-0.014440749168562916,-1.2155849889624726,-0.031049115780431458
47,930822943,0.01,0.8022884679664756,0.7996100044185388,0.7989723589970181,-0.003316108969457443,0.11290322580645161,0.01998001998001998,0.9998880399989367,0.01998001998001998,0.08,0.02197802197802198,0.3443708609271523,0.023971234518577706,0.22413793103448276,14.366004415011037,0.6717313692588366,21.386531986531985,0.31125827814569534,0.01997602876548142,0.23857868020304568,15.58158940397351,0.702780485039268,22.171346153846155,0.33112582781456956,0.022506325742442403,0.228310502283105,14.712567106861554,0.68427468105455,0.033112582781456956,0.003995205753096285,-0.014440749168562916,-1.2155849889624726,-0.031049115780431458
47,930822943,0.02,0.8022884679664756,0.7996100044185388,0.7989723589970181,-0.003316108969457443,0.08,0.03836163836163836,0.9987129010565453,0.03836163836163836,0.08,0.02197802197802198,0.40397350993377484,0.04115061925689173,0.16486486486486487,9.816948498681926,0.6216059602649007,15.792880258899675,0.41721854304635764,0.04234918098282062,0.16535433070866143,9.851868049481444,0.6085531859636908,16.189000857632934,0.33112582781456956,0.022506325742442403,0.228310502283105,14.712567106861554,0.68427468105455,-0.013245033112582794,-0.0011985617259288872,-0.0004894658437965549,-0.03491955079951836,0.01305277430120988
47,930822943,0.05,0.8022884679664756,0.7996100044185388,0.7989723589970181,-0.003316108969457443,0.04668304668304668,0.05874125874125874,0.9955328471507792,0.05874125874125874,0.08,0.02197802197802198,0.5033112582781457,0.06538820082567585,0.13403880070546736,7.697279507964555,0.5314385525205763,14.483856076035304,0.4503311258278146,0.06219203622319883,0.12710280373831775,7.240977352978715,0.5861209281679834,12.354067232527544,0.33112582781456956,0.022506325742442403,0.228310502283105,14.712567106861554,0.68427468105455,0.05298013245033112,0.003196164602477028,0.00693599696714961,0.45630215498584015,-0.05468237564740719
47,930822943,0.1,0.8022884679664756,0.7996100044185388,0.7989723589970181,-0.003316108969457443,0.022673031026252982,0.16003996003996004,0.937270776048028,0.16003996003996004,0.02857142857142857,0.11308691308691309,0.6225165562913907,0.15980823012385137,0.07264296754250386,3.8953973509933775,0.44928248197938614,8.670263157894736,0.6026490066225165,0.15954188307364495,0.07059736229635376,3.7773717785713496,0.47277905391721176,7.989718976071229,0.5496688741721855,0.11559461978958584,0.08727655099894847,4.755142368846705,0.5091908483422767,0.019867549668874163,0.00026634705020642246,0.002045605246150106,0.11802557242202782,-0.023496571937825617
48,1003187408,0.005,0.8234436556926391,0.8156600600251002,0.8366657582644756,0.013222102571836536,0.09574468085106383,0.02057942057942058,0.9998148661037372,0.02057942057942058,0.09574468085106383,0.02057942057942058,0.3576158940397351,0.024237581568784125,0.2288135593220339,14.754603012881159,0.6583406921872019,22.411804690155208,0.3576158940397351,0.024104408043680917,0.2297872340425532,14.836120156598733,0.658250853118945,22.538702511818645,0.3576158940397351,0.024237581568784125,0.2288135593220339,14.754603012881159,0.6583406921872019,0.0,0.00013317352510320776,-0.0009736747205192908,-0.08151714371757457,8.98390682568806e-05
48,1003187408,0.01,0.8234436556926391,0.8156600600251002,0.8366657582644756,0.013222102571836536,0.09574468085106383,0.02057942057942058,0.9998148661037372,0.02057942057942058,0.09574468085106383,0.02057942057942058,0.3576158940397351,0.024237581568784125,0.2288135593220339,14.754603012881159,0.6583406921872019,22.411804690155208,0.3576158940397351,0.024104408043680917,0.2297872340425532,14.836120156598733,0.658250853118945,22.538702511818645,0.3576158940397351,0.024237581568784125,0.2288135593220339,14.754603012881159,0.6583406921872019,0.0,0.00013317352510320776,-0.0009736747205192908,-0.08151714371757457,8.98390682568806e-05
48,1003187408,0.02,0.8234436556926391,0.8156600600251002,0.8366657582644756,0.013222102571836536,0.09574468085106383,0.02057942057942058,0.9998148661037372,0.02057942057942058,0.09574468085106383,0.02057942057942058,0.3576158940397351,0.024237581568784125,0.2288135593220339,14.754603012881159,0.6583406921872019,22.411804690155208,0.3576158940397351,0.024104408043680917,0.2297872340425532,14.836120156598733,0.658250853118945,22.538702511818645,0.3576158940397351,0.024237581568784125,0.2288135593220339,14.754603012881159,0.6583406921872019,0.0,0.00013317352510320776,-0.0009736747205192908,-0.08151714371757457,8.98390682568806e-05
48,1003187408,0.05,0.8234436556926391,0.8156600600251002,0.8366657582644756,0.013222102571836536,0.04128440366972477,0.056943056943056944,0.9955410234595711,0.056943056943056944,0.034482758620689655,0.047352647352647353,0.5099337748344371,0.05859635104541217,0.14893617021276595,8.70248344370861,0.5205697106759388,16.717229729729734,0.4503311258278146,0.06312425089892129,0.12546125461254612,7.1340430882722785,0.5867041330716332,12.159524172639932,0.423841059602649,0.05100546011452923,0.14317673378076062,8.30971936437674,0.6071256642497487,0.05960264900662254,-0.0045278998535091194,0.02347491560021983,1.5684403554363318,-0.06613442239569434
48,1003187408,0.1,0.8234436556926391,0.8156600600251002,0.8366657582644756,0.013222102571836536,0.024896265560165973,0.1076923076923077,0.9754584871096212,0.1076923076923077,0.029850746268656716,0.07332667332667332,0.6158940397350994,0.10414169663070981,0.10628571428571429,5.914000440371946,0.4287574930324274,13.793345974071789,0.609271523178808,0.11572779331468903,0.09573361082206035,5.264694899366708,0.44186447777866433,11.91472762380293,0.46357615894039733,0.07963776801171928,0.10479041916167664,5.82105915967131,0.5828399106520846,0.0066225165562914245,-0.011586096683979225,0.010552103463653942,0.649305541005238,-0.01310698474623695
49,401422238,0.005,0.8131205026374532,0.8027118010264064,0.8136677488118012,0.0005472461743479817,0.10273972602739725,0.03056943056943057,0.9993361980103633,0.03056943056943057,0.10273972602739725,0.03056943056943057,0.37748344370860926,0.034891463577040885,0.1786833855799373,10.818790758808957,0.6450223294041746,16.772738346597365,0.37748344370860926,0.034758290051937674,0.1792452830188679,10.860242064398264,0.6449333362571817,16.839325018341892,0.37748344370860926,0.034891463577040885,0.1786833855799373,10.818790758808957,0.6450223294041746,0.0,0.00013317352510321123,-0.0005618974389306197,-0.0414513055893071,8.8993146992844e-05
49,401422238,0.01,0.8131205026374532,0.8027118010264064,0.8136677488118012,0.0005472461743479817,0.10273972602739725,0.03056943056943057,0.9993361980103633,0.03056943056943057,0.10273972602739725,0.03056943056943057,0.37748344370860926,0.034891463577040885,0.1786833855799373,10.818790758808957,0.6450223294041746,16.772738346597365,0.37748344370860926,0.034758290051937674,0.1792452830188679,10.860242064398264,0.6449333362571817,16.839325018341892,0.37748344370860926,0.034891463577040885,0.1786833855799373,10.818790758808957,0.6450223294041746,0.0,0.00013317352510321123,-0.0005618974389306197,-0.0414513055893071,8.8993146992844e-05
49,401422238,0.02,0.8131205026374532,0.8027118010264064,0.8136677488118012,0.0005472461743479817,0.10273972602739725,0.03056943056943057,0.9993361980103633,0.03056943056943057,0.10273972602739725,0.03056943056943057,0.37748344370860926,0.034891463577040885,0.1786833855799373,10.818790758808957,0.6450223294041746,16.772738346597365,0.37748344370860926,0.034758290051937674,0.1792452830188679,10.860242064398264,0.6449333362571817,16.839325018341892,0.37748344370860926,0.034891463577040885,0.1786833855799373,10.818790758808957,0.6450223294041746,0.0,0.00013317352510321123,-0.0005618974389306197,-0.0414513055893071,8.8993146992844e-05
49,401422238,0.05,0.8131205026374532,0.8027118010264064,0.8136677488118012,0.0005472461743479817,0.05714285714285714,0.05654345654345654,0.9958920794964684,0.05654345654345654,0.05714285714285714,0.037162837162837165,0.4900662251655629,0.05952856572113464,0.1420345489443378,8.232454775767811,0.5422108064615955,15.183125599232984,0.4503311258278146,0.060061259821547475,0.13102119460500963,7.497863467496807,0.5847922323829612,12.821414260144795,0.40397350993377484,0.041550139832201356,0.16353887399463807,9.722554763117678,0.6218650707110301,0.039735099337748325,-0.000532694100412838,0.01101335433932818,0.7345913082710043,-0.04258142592136571
49,401422238,0.1,0.8131205026374532,0.8027118010264064,0.8136677488118012,0.0005472461743479817,0.022727272727272728,0.1070929070929071,0.9773983955547744,0.1070929070929071,0.04126984126984127,0.09750249750249751,0.5894039735099338,0.10467439073112265,0.10171428571428572,5.630832617157878,0.45859966724883344,12.27831814823935,0.5562913907284768,0.1109335464109735,0.0916030534351145,5.0146363181034,0.4990724905661875,10.047911701994229,0.5298013245033113,0.1012118790784392,0.09523809523809523,5.234576507493901,0.5231474076610809,0.03311258278145701,-0.006259155679850845,0.010111232279171212,0.6161962990544785,-0.04047282331735408
50,1472393678,0.005,0.8130552387907138,0.807739322085021,0.8177317461871361,0.004676507396422225,0.15263157894736842,0.02057942057942058,0.9998937272627708,0.02057942057942058,0.07142857142857142,0.012387612387612388,0.3443708609271523,0.021973631642029565,0.23963133640552994,15.672004816375676,0.6703593689131282,23.378512396694212,0.33774834437086093,0.018644293514449326,0.2670157068062827,18.115373699148535,0.6748334485166516,26.844214285714283,0.304635761589404,0.010787055533359968,0.36220472440944884,28.24086337993623,0.702946966373878,0.006622516556291369,0.003329338127580239,-0.027384370400752783,-2.443368882772859,-0.004474079603523418
50,1472393678,0.01,0.8130552387907138,0.807739322085021,0.8177317461871361,0.004676507396422225,0.15263157894736842,0.02057942057942058,0.9998937272627708,0.02057942057942058,0.07142857142857142,0.012387612387612388,0.3443708609271523,0.021973631642029565,0.23963133640552994,15.672004816375676,0.6703593689131282,23.378512396694212,0.33774834437086093,0.018644293514449326,0.2670157068062827,18.115373699148535,0.6748334485166516,26.844214285714283,0.304635761589404,0.010787055533359968,0.36220472440944884,28.24086337993623,0.702946966373878,0.006622516556291369,0.003329338127580239,-0.027384370400752783,-2.443368882772859,-0.004474079603523418
50,1472393678,0.02,0.8130552387907138,0.807739322085021,0.8177317461871361,0.004676507396422225,0.15263157894736842,0.02057942057942058,0.9998937272627708,0.02057942057942058,0.07142857142857142,0.012387612387612388,0.3443708609271523,0.021973631642029565,0.23963133640552994,15.672004816375676,0.6703593689131282,23.378512396694212,0.33774834437086093,0.018644293514449326,0.2670157068062827,18.115373699148535,0.6748334485166516,26.844214285714283,0.304635761589404,0.010787055533359968,0.36220472440944884,28.24086337993623,0.702946966373878,0.006622516556291369,0.003329338127580239,-0.027384370400752783,-2.443368882772859,-0.004474079603523418
50,1472393678,0.05,0.8130552387907138,0.807739322085021,0.8177317461871361,0.004676507396422225,0.04893617021276596,0.05914085914085914,0.9963456585067603,0.05914085914085914,0.06796116504854369,0.03156843156843157,0.5033112582781457,0.060061259821547475,0.1442125237191651,8.379965051908195,0.5284267160087,15.858329637841832,0.48344370860927155,0.055400186442935144,0.1492842535787321,8.72639136525726,0.5468519938041703,15.95750123274162,0.3841059602649007,0.02849913437208683,0.21323529411764705,13.47781147490252,0.6339613905923045,0.019867549668874163,0.004661073378612331,-0.005071729859566998,-0.34642631334906504,-0.01842527779547032
50,1472393678,0.1,0.8130552387907138,0.807739322085021,0.8177317461871361,0.004676507396422225,0.027577937649880094,0.15944055944055943,0.9425436762560252,0.15944055944055943,0.023529411764705882,0.16983016983016982,0.6225165562913907,0.15235051271807165,0.07592891760904685,4.086081137405641,0.44532964317485424,9.175407925407924,0.5960264900662252,0.15048608336662672,0.07377049180327869,3.9606751450506947,0.47553489357151824,8.32888437545336,0.6026490066225165,0.16060727127447064,0.07016191210485737,3.7523145860103453,0.47337912252443654,0.026490066225165476,0.0018644293514449295,0.002158425805768166,0.12540599235494598,-0.030205250396663996
51,382825613,0.005,0.823639447232857,0.8178424301434305,0.8296269641992524,0.005987516966395434,0.06435643564356436,0.02157842157842158,0.9997570446193352,0.02157842157842158,0.056179775280898875,0.03636363636363636,0.39072847682119205,0.023438540418164868,0.251063829787234,16.67034166164961,0.6238947044251559,26.719799901185773,0.3841059602649007,0.02596883739512585,0.22924901185770752,14.791034131431482,0.632314512492598,23.391894127377995,0.45695364238410596,0.04394726328405913,0.17293233082706766,10.397772426249247,0.568008789432755,0.006622516556291369,-0.002530296976960982,0.021814817929526498,1.8793075302181261,-0.008419808067442025
51,382825613,0.01,0.823639447232857,0.8178424301434305,0.8296269641992524,0.005987516966395434,0.06435643564356436,0.02157842157842158,0.9997570446193352,0.02157842157842158,0.056179775280898875,0.03636363636363636,0.39072847682119205,0.023438540418164868,0.251063829787234,16.67034166164961,0.6238947044251559,26.719799901185773,0.3841059602649007,0.02596883739512585,0.22924901185770752,14.791034131431482,0.632314512492598,23.391894127377995,0.45695364238410596,0.04394726328405913,0.17293233082706766,10.397772426249247,0.568008789432755,0.006622516556291369,-0.002530296976960982,0.021814817929526498,1.8793075302181261,-0.008419808067442025
51,382825613,0.02,0.823639447232857,0.8178424301434305,0.8296269641992524,0.005987516966395434,0.06435643564356436,0.02157842157842158,0.9997570446193352,0.02157842157842158,0.056179775280898875,0.03636363636363636,0.39072847682119205,0.023438540418164868,0.251063829787234,16.67034166164961,0.6238947044251559,26.719799901185773,0.3841059602649007,0.02596883739512585,0.22924901185770752,14.791034131431482,0.632314512492598,23.391894127377995,0.45695364238410596,0.04394726328405913,0.17293233082706766,10.397772426249247,0.568008789432755,0.006622516556291369,-0.002530296976960982,0.021814817929526498,1.8793075302181261,-0.008419808067442025
51,382825613,0.05,0.823639447232857,0.8178424301434305,0.8296269641992524,0.005987516966395434,0.056179775280898875,0.07652347652347652,0.9893618127309523,0.07652347652347652,0.04424778761061947,0.10469530469530469,0.5827814569536424,0.08043680916233853,0.12716763005780346,7.245208543484934,0.4537138363121071,15.968674445495635,0.5298013245033113,0.08536422959115728,0.11095700416088766,6.2063621617712394,0.5140829723798246,12.072685724330384,0.5894039735099338,0.11639366094020509,0.09241952232606439,5.0638837952930125,0.4646820742899634,0.05298013245033106,-0.004927420428818746,0.016210625896915798,1.0388463817136948,-0.06036913606771749
51,382825613,0.1,0.823639447232857,0.8178424301434305,0.8296269641992524,0.005987516966395434,0.03527980535279805,0.16243756243756244,0.9296091818637632,0.16243756243756244,0.02564102564102564,0.16463536463536463,0.6490066225165563,0.16620055932880543,0.07280832095096583,3.9049605196128376,0.4209565998280113,9.2763969521045,0.6556291390728477,0.17046211213210813,0.07179115300942712,3.846186879139073,0.41513578338448975,9.264888822115385,0.6556291390728477,0.17112797975762417,0.07153179190751445,3.831221171438143,0.4154692793544323,-0.0066225165562914245,-0.004261552803302704,0.0010171679415387075,0.058773640473764655,0.005820816443521559
52,1230434578,0.005,0.8155868586834871,0.8065883853283345,0.8154351643370119,-0.0001516943464752174,0.1043956043956044,0.019580419580419582,0.9998728198433431,0.019580419580419582,0.07352941176470588,0.024375624375624377,0.36423841059602646,0.02317219336795845,0.24017467248908297,15.718771408997487,0.6508430504205096,24.15140086206896,0.33112582781456956,0.021440937541616727,0.23696682464454977,15.44362634198511,0.6835296895672832,22.593936412274772,0.3509933774834437,0.02596883739512585,0.21370967741935484,13.515944982170147,0.6663099163900494,0.0331125827814569,0.0017312558263417217,0.003207847844533207,0.2751450670123763,-0.03268663914677361
52,1230434578,0.01,0.8155868586834871,0.8065883853283345,0.8154351643370119,-0.0001516943464752174,0.1043956043956044,0.019580419580419582,0.9998728198433431,0.019580419580419582,0.07352941176470588,0.024375624375624377,0.36423841059602646,0.02317219336795845,0.24017467248908297,15.718771408997487,0.6508430504205096,24.15140086206896,0.33112582781456956,0.021440937541616727,0.23696682464454977,15.44362634198511,0.6835296895672832,22.593936412274772,0.3509933774834437,0.02596883739512585,0.21370967741935484,13.515944982170147,0.6663099163900494,0.0331125827814569,0.0017312558263417217,0.003207847844533207,0.2751450670123763,-0.03268663914677361
52,1230434578,0.02,0.8155868586834871,0.8065883853283345,0.8154351643370119,-0.0001516943464752174,0.08695652173913043,0.027972027972027972,0.9995311479193244,0.027972027972027972,0.05263157894736842,0.027972027972027972,0.3708609271523179,0.03196164602477027,0.1891891891891892,11.603311258278147,0.6499113080221826,17.853684210526318,0.3708609271523179,0.0308962578239446,0.19444444444444445,12.003425439598082,0.6491968253419328,18.489655172413794,0.3708609271523179,0.0308962578239446,0.19444444444444445,12.003425439598082,0.6491968253419328,0.0,0.0010653882008256725,-0.005255255255255248,-0.40011418131993537,0.0007144826802497617
52,1230434578,0.05,0.8155868586834871,0.8065883853283345,0.8154351643370119,-0.0001516943464752174,0.0375,0.05874125874125874,0.9956777071712289,0.05874125874125874,0.0375,0.05874125874125874,0.5165562913907285,0.06485550672526302,0.13805309734513274,7.964725240355194,0.5169722027836827,15.40648645607718,0.45695364238410596,0.06059395392196031,0.1316793893129771,7.541241539917037,0.5780741564130633,13.04545698204235,0.45695364238410596,0.06112664802237315,0.13068181818181818,7.475522659394884,0.5784021417500352,0.05960264900662249,0.004261552803302711,0.006373708032155645,0.4234837004381573,-0.061101953629380534
52,1230434578,0.1,0.8155868586834871,0.8065883853283345,0.8154351643370119,-0.0001516943464752174,0.02252252252252252,0.1076923076923077,0.9786971619537176,0.1076923076923077,0.03460207612456748,0.11448551448551449,0.6158940397350994,0.11119989346117992,0.10021551724137931,5.53862077170163,0.43216236973765937,12.816064422878382,0.5695364238410596,0.10454121720601944,0.09873708381171067,5.4479605179904675,0.4807184701632188,11.332954434100934,0.5695364238410596,0.10986815821014782,0.09440175631174534,5.183816977724263,0.4835953012234416,0.04635761589403975,0.006658676255160478,0.0014784334296686352,0.09066025371116204,-0.04855610042555941
53,502334780,0.005,0.8329920210537642,0.8307884842824371,0.8217657574707261,-0.011226263583038132,0.09090909090909091,0.02057942057942058,0.999845669759881,0.02057942057942058,0.09090909090909091,0.02057942057942058,0.3443708609271523,0.023438540418164868,0.22807017543859648,14.692504515352198,0.6713649536748961,21.884527089072545,0.3443708609271523,0.02317219336795845,0.23008849557522124,14.861383877597625,0.6711818957461505,22.142110762800414,0.3443708609271523,0.023438540418164868,0.22807017543859648,14.692504515352198,0.6713649536748961,0.0,0.000266347050206419,-0.002018320136624757,-0.168879362245427,0.00018305792874562243
53,502334780,0.01,0.8329920210537642,0.8307884842824371,0.8217657574707261,-0.011226263583038132,0.09090909090909091,0.02057942057942058,0.999845669759881,0.02057942057942058,0.09090909090909091,0.02057942057942058,0.3443708609271523,0.023438540418164868,0.22807017543859648,14.692504515352198,0.6713649536748961,21.884527089072545,0.3443708609271523,0.02317219336795845,0.23008849557522124,14.861383877597625,0.6711818957461505,22.142110762800414,0.3443708609271523,0.023438540418164868,0.22807017543859648,14.692504515352198,0.6713649536748961,0.0,0.000266347050206419,-0.002018320136624757,-0.168879362245427,0.00018305792874562243
53,502334780,0.02,0.8329920210537642,0.8307884842824371,0.8217657574707261,-0.011226263583038132,0.09090909090909091,0.02057942057942058,0.999845669759881,0.02057942057942058,0.09090909090909091,0.02057942057942058,0.3443708609271523,0.023438540418164868,0.22807017543859648,14.692504515352198,0.6713649536748961,21.884527089072545,0.3443708609271523,0.02317219336795845,0.23008849557522124,14.861383877597625,0.6711818957461505,22.142110762800414,0.3443708609271523,0.023438540418164868,0.22807017543859648,14.692504515352198,0.6713649536748961,0.0,0.000266347050206419,-0.002018320136624757,-0.168879362245427,0.00018305792874562243
53,502334780,0.05,0.8329920210537642,0.8307884842824371,0.8217657574707261,-0.011226263583038132,0.045454545454545456,0.05574425574425575,0.9961608369788778,0.05574425574425575,0.03296703296703297,0.038161838161838164,0.4900662251655629,0.06192568917299241,0.137291280148423,7.913779107028413,0.5435963536672044,14.558190196899876,0.4768211920529801,0.058862698095618594,0.14007782101167315,8.100566360013184,0.5559006182077504,14.5719686121771,0.4370860927152318,0.042748701558130243,0.17054263565891473,10.224546636132946,0.5880523831109243,0.013245033112582794,0.0030629910773738167,-0.002786540863250142,-0.1867872529847716,-0.012304264540546006
53,502334780,0.1,0.8329920210537642,0.8307884842824371,0.8217657574707261,-0.011226263583038132,0.026595744680851064,0.1006993006993007,0.9836043583075597,0.1006993006993007,0.03282828282828283,0.11468531468531469,0.6158940397350994,0.11173258756159275,0.09978540772532189,5.512214951574328,0.43242153757558305,12.747318235995234,0.5562913907284768,0.09455320282327873,0.10579345088161209,5.883369088704412,0.49004382218265446,12.005801976035317,0.5827814569536424,0.10973498468504461,0.09649122807017543,5.310808204204976,0.46864533129919217,0.0596026490066226,0.017179384738314027,-0.006008043156290194,-0.37115413713008394,-0.05762228460707142
54,1639719688,0.005,0.8203621437938932,0.8168498023122805,0.8240213289306695,0.0036591851367763217,0.509090909090909,0.005394605394605395,1.0,0.005394605394605395,0.509090909090909,0.005394605394605395,0.304635761589404,0.003862032227993075,0.6133333333333333,78.87965288878739,0.6980601692814392,112.99835796387521,0.304635761589404,0.003862032227993075,0.6133333333333333,78.87965288878739,0.6980601692814392,112.99835796387521,0.304635761589404,0.003862032227993075,0.6133333333333333,78.87965288878739,0.6980601692814392,0.0,0.0,0.0,0.0,0.0
54,1639719688,0.01,0.8203621437938932,0.8168498023122805,0.8240213289306695,0.0036591851367763217,0.10194174757281553,0.023776223776223775,0.9998458397164375,0.023776223776223775,0.05113636363636364,0.03876123876123876,0.37748344370860926,0.02037554934079105,0.2714285714285714,18.526295286326448,0.635464494452427,29.153942428035037,0.3841059602649007,0.02090824344120389,0.26976744186046514,18.371029653688783,0.6290462927599104,29.20457502910759,0.44370860927152317,0.03862032227993075,0.1876750700280112,11.488992920758163,0.5786385999418385,-0.0066225165562914245,-0.000532694100412838,0.0016611295681062677,0.1552656326376649,0.006418201692516612
54,1639719688,0.02,0.8203621437938932,0.8168498023122805,0.8240213289306695,0.0036591851367763217,0.10194174757281553,0.023776223776223775,0.9998458397164375,0.023776223776223775,0.05113636363636364,0.03876123876123876,0.37748344370860926,0.02037554934079105,0.2714285714285714,18.526295286326448,0.635464494452427,29.153942428035037,0.3841059602649007,0.02090824344120389,0.26976744186046514,18.371029653688783,0.6290462927599104,29.20457502910759,0.44370860927152317,0.03862032227993075,0.1876750700280112,11.488992920758163,0.5786385999418385,-0.0066225165562914245,-0.000532694100412838,0.0016611295681062677,0.1552656326376649,0.006418201692516612
54,1639719688,0.05,0.8203621437938932,0.8168498023122805,0.8240213289306695,0.0036591851367763217,0.05113636363636364,0.05714285714285714,0.9963205089224574,0.05714285714285714,0.05113636363636364,0.03876123876123876,0.5165562913907285,0.05513383939272873,0.15853658536585366,9.369133314137633,0.5116531089424976,18.311494937462772,0.4900662251655629,0.05699826874417366,0.14741035856573706,8.597914216748158,0.5407559264555554,15.899805801674962,0.44370860927152317,0.03862032227993075,0.1876750700280112,11.488992920758163,0.5786385999418385,0.02649006622516553,-0.0018644293514449295,0.011126226800116601,0.7712190973894746,-0.029102817513057766
54,1639719688,0.1,0.8203621437938932,0.8168498023122805,0.8240213289306695,0.0036591851367763217,0.035452322738386305,0.16183816183816183,0.9388718788850161,0.16183816183816183,0.02857142857142857,0.13486513486513488,0.6423841059602649,0.1531495538686909,0.07778668805132317,4.194488914483156,0.42228931409724346,9.932737520128823,0.6225165562913907,0.15514715674523905,0.07466243050039714,4.012426455958844,0.44680377976165625,8.980287628943602,0.5960264900662252,0.12997736050073244,0.08442776735459662,4.585617739659104,0.4643252848756643,0.019867549668874163,-0.0019976028765481546,0.0031242575509260323,0.18206245852431202,-0.024514465664412788
55,1077892211,0.005,0.8165750767952628,0.8134190406390919,0.8076387804832876,-0.008936296311975123,0.08962264150943396,0.023976023976023976,0.999770833727816,0.023976023976023976,0.08900523560209424,0.03956043956043956,0.41721854304635764,0.023971234518577706,0.25925925925925924,17.40496688741722,0.5970945504522992,29.14943181818182,0.4105960264900662,0.023704887468371287,0.25833333333333336,17.32115484783094,0.6037149689109389,28.69094811261204,0.44370860927152317,0.040085231056066054,0.18206521739130435,11.069129392092583,0.5795216499694967,0.0066225165562914245,0.000266347050206419,0.0009259259259258856,0.08381203958628092,-0.006620418458639699
55,1077892211,0.01,0.8165750767952628,0.8134190406390919,0.8076387804832876,-0.008936296311975123,0.08962264150943396,0.023976023976023976,0.999770833727816,0.023976023976023976,0.08900523560209424,0.03956043956043956,0.41721854304635764,0.023971234518577706,0.25925925925925924,17.40496688741722,0.5970945504522992,29.14943181818182,0.4105960264900662,0.023704887468371287,0.25833333333333336,17.32115484783094,0.6037149689109389,28.69094811261204,0.44370860927152317,0.040085231056066054,0.18206521739130435,11.069129392092583,0.5795216499694967,0.0066225165562914245,0.000266347050206419,0.0009259259259258856,0.08381203958628092,-0.006620418458639699
55,1077892211,0.02,0.8165750767952628,0.8134190406390919,0.8076387804832876,-0.008936296311975123,0.08962264150943396,0.023976023976023976,0.999770833727816,0.023976023976023976,0.08900523560209424,0.03956043956043956,0.41721854304635764,0.023971234518577706,0.25925925925925924,17.40496688741722,0.5970945504522992,29.14943181818182,0.4105960264900662,0.023704887468371287,0.25833333333333336,17.32115484783094,0.6037149689109389,28.69094811261204,0.44370860927152317,0.040085231056066054,0.18206521739130435,11.069129392092583,0.5795216499694967,0.0066225165562914245,0.000266347050206419,0.0009259259259258856,0.08381203958628092,-0.006620418458639699
55,1077892211,0.05,0.8165750767952628,0.8134190406390919,0.8076387804832876,-0.008936296311975123,0.08900523560209424,0.05874125874125874,0.9955259974142364,0.05874125874125874,0.06521739130434782,0.04815184815184815,0.5231788079470199,0.05912904514582501,0.15105162523900573,8.848084839806694,0.5067870249293458,17.459177927927925,0.4768211920529801,0.06232520974830204,0.13333333333333333,7.650534895568008,0.5579533686797574,13.711781888997079,0.45695364238410596,0.050872286589426025,0.15299334811529933,8.982368849901182,0.5721530937754663,0.04635761589403975,-0.003196164602477028,0.017718291905672395,1.1975499442386859,-0.051166343750411625
55,1077892211,0.1,0.8165750767952628,0.8134190406390919,0.8076387804832876,-0.008936296311975123,0.02546296296296296,0.11748251748251748,0.969403217304889,0.11748251748251748,0.041666666666666664,0.11248751248751249,0.5695364238410596,0.1138633639632441,0.09139213602550478,5.001928662716394,0.485775622689733,10.296788124156546,0.5960264900662252,0.12478359302170729,0.08763388510223953,4.776481231491233,0.4615698548528172,10.34833878615043,0.5960264900662252,0.1209215607937142,0.09018036072144289,4.929034046153398,0.4595420521273617,-0.026490066225165587,-0.010920229058463182,0.0037582509232652467,0.2254474312251613,0.024205767836915804
56,534014545,0.005,0.8016927148790105,0.7976781063606675,0.8027770648731456,0.001084349994135092,0.11235955056179775,0.02077922077922078,0.9998167165804173,0.02077922077922078,0.11235955056179775,0.02077922077922078,0.31788079470198677,0.024104408043680917,0.2096069868995633,13.187662361421097,0.6989674007345499,18.867349675481414,0.31788079470198677,0.0238380609934745,0.21145374449339208,13.335010544230272,0.6987766865733671,19.08336497260943,0.31788079470198677,0.024104408043680917,0.2096069868995633,13.187662361421097,0.6989674007345499,0.0,0.000266347050206419,-0.0018467575938287684,-0.14734818280917494,0.00019071416118277007
56,534014545,0.01,0.8016927148790105,0.7976781063606675,0.8027770648731456,0.001084349994135092,0.11235955056179775,0.02077922077922078,0.9998167165804173,0.02077922077922078,0.11235955056179775,0.02077922077922078,0.31788079470198677,0.024104408043680917,0.2096069868995633,13.187662361421097,0.6989674007345499,18.867349675481414,0.31788079470198677,0.0238380609934745,0.21145374449339208,13.335010544230272,0.6987766865733671,19.08336497260943,0.31788079470198677,0.024104408043680917,0.2096069868995633,13.187662361421097,0.6989674007345499,0.0,0.000266347050206419,-0.0018467575938287684,-0.14734818280917494,0.00019071416118277007
56,534014545,0.02,0.8016927148790105,0.7976781063606675,0.8027770648731456,0.001084349994135092,0.11235955056179775,0.02077922077922078,0.9998167165804173,0.02077922077922078,0.11235955056179775,0.02077922077922078,0.31788079470198677,0.024104408043680917,0.2096069868995633,13.187662361421097,0.6989674007345499,18.867349675481414,0.31788079470198677,0.0238380609934745,0.21145374449339208,13.335010544230272,0.6987766865733671,19.08336497260943,0.31788079470198677,0.024104408043680917,0.2096069868995633,13.187662361421097,0.6989674007345499,0.0,0.000266347050206419,-0.0018467575938287684,-0.14734818280917494,0.00019071416118277007
56,534014545,0.05,0.8016927148790105,0.7976781063606675,0.8027770648731456,0.001084349994135092,0.07075471698113207,0.05934065934065934,0.9956740262250425,0.05934065934065934,0.08653846153846154,0.03976023976023976,0.46357615894039733,0.06125982154747636,0.1320754716981132,7.5673769075727035,0.571429510925884,13.242887815351583,0.40397350993377484,0.0603276068717539,0.11867704280155641,6.696329108372439,0.634291796188674,10.557174392935984,0.3708609271523179,0.04234918098282062,0.1497326203208556,8.757216043983506,0.6569608257562571,0.05960264900662249,0.0009322146757224647,0.013398428896556791,0.8710477992002641,-0.06286228526279003
56,534014545,0.1,0.8016927148790105,0.7976781063606675,0.8027770648731456,0.001084349994135092,0.01847290640394089,0.16043956043956045,0.9340482300788103,0.16043956043956045,0.024,0.12467532467532468,0.6026490066225165,0.15967505659874817,0.07054263565891473,3.774221343393225,0.47285397928233336,7.9817903808729485,0.5894039735099338,0.1642029564522573,0.06732223903177005,3.589484539404779,0.4912628366656958,7.3066478298406725,0.5364238410596026,0.1222532960447463,0.08108108108108109,4.387806778340475,0.5281434346052866,0.013245033112582738,-0.004527899853509126,0.0032203966271446838,0.1847368039884456,-0.018408857383362454
57,749590630,0.005,0.8313824734821526,0.8177489440926957,0.8362221404954231,0.004839667013270543,0.5084745762711864,0.005794205794205794,1.0,0.005794205794205794,0.5084745762711864,0.005794205794205794,0.2847682119205298,0.003595685177786656,0.6142857142857143,79.1972038263429,0.7178128169859318,110.33127572016461,0.2847682119205298,0.003595685177786656,0.6142857142857143,79.1972038263429,0.7178128169859318,110.33127572016461,0.2847682119205298,0.003595685177786656,0.6142857142857143,79.1972038263429,0.7178128169859318,0.0,0.0,0.0,0.0,0.0
57,749590630,0.01,0.8313824734821526,0.8177489440926957,0.8362221404954231,0.004839667013270543,0.08854166666666667,0.023176823176823177,0.9998605067500643,0.023176823176823177,0.06382978723404255,0.014585414585414586,0.37748344370860926,0.024503928618990544,0.23651452282157676,15.405017276130147,0.6381538322446489,24.13997456059204,0.3509933774834437,0.02024237581568784,0.25853658536585367,17.33953468107355,0.6624154857247276,26.176221804511282,0.304635761589404,0.012118790784392063,0.3357664233576642,25.137471799723457,0.703894589677159,0.02649006622516553,0.004261552803302704,-0.02202206254427691,-1.934517404943401,-0.024261653480078693
57,749590630,0.02,0.8313824734821526,0.8177489440926957,0.8362221404954231,0.004839667013270543,0.08854166666666667,0.023176823176823177,0.9998605067500643,0.023176823176823177,0.06382978723404255,0.014585414585414586,0.37748344370860926,0.024503928618990544,0.23651452282157676,15.405017276130147,0.6381538322446489,24.13997456059204,0.3509933774834437,0.02024237581568784,0.25853658536585367,17.33953468107355,0.6624154857247276,26.176221804511282,0.304635761589404,0.012118790784392063,0.3357664233576642,25.137471799723457,0.703894589677159,0.02649006622516553,0.004261552803302704,-0.02202206254427691,-1.934517404943401,-0.024261653480078693
57,749590630,0.05,0.8313824734821526,0.8177489440926957,0.8362221404954231,0.004839667013270543,0.05660377358490566,0.05194805194805195,0.997948778814962,0.05194805194805195,0.05660377358490566,0.034565434565434566,0.4900662251655629,0.053003062991077377,0.15677966101694915,9.245998202935205,0.5384745767447318,17.170723748613195,0.46357615894039733,0.04567851911040085,0.1694915254237288,10.148668739018786,0.5620997240464076,18.05492567397329,0.40397350993377484,0.032227993074976695,0.20132013201320131,12.534863992118659,0.6158749021476929,0.026490066225165587,0.0073245438806765276,-0.012711864406779655,-0.9026705360835816,-0.023625147301675864
57,749590630,0.1,0.8313824734821526,0.8177489440926957,0.8362221404954231,0.004839667013270543,0.025240384615384616,0.16023976023976025,0.9347074830395043,0.16023976023976025,0.04040404040404041,0.11048951048951049,0.6887417218543046,0.16380343587694765,0.07796101949025487,4.204684219027621,0.3722309938837437,11.295900363258951,0.6622516556291391,0.16340391530163803,0.07535795026375283,4.052850596674169,0.40371733808990673,10.038832158780385,0.5761589403973509,0.10573977893194833,0.09875141884222474,5.448838140357315,0.4739571878713763,0.026490066225165476,0.0003995205753096198,0.002603069226502039,0.1518336223534522,-0.03148634420616303
58,781287039,0.005,0.8120365936152555,0.8027409051742764,0.8098440811423642,-0.002192512472891317,0.07792207792207792,0.03296703296703297,0.999336541770678,0.03296703296703297,0.07792207792207792,0.03296703296703297,0.36423841059602646,0.03329338127580237,0.18032786885245902,10.940264900662251,0.6576572220463476,16.635208333333335,0.36423841059602646,0.03302703422559595,0.18151815181518152,11.028492843409529,0.6574760742093978,16.773983534946236,0.36423841059602646,0.03329338127580237,0.18032786885245902,10.940264900662251,0.6576572220463476,0.0,0.00026634705020642246,-0.0011902829627224998,-0.08822794274727741,0.00018114783694977987
58,781287039,0.01,0.8120365936152555,0.8027409051742764,0.8098440811423642,-0.002192512472891317,0.07792207792207792,0.03296703296703297,0.999336541770678,0.03296703296703297,0.07792207792207792,0.03296703296703297,0.36423841059602646,0.03329338127580237,0.18032786885245902,10.940264900662251,0.6576572220463476,16.635208333333335,0.36423841059602646,0.03302703422559595,0.18151815181518152,11.028492843409529,0.6574760742093978,16.773983534946236,0.36423841059602646,0.03329338127580237,0.18032786885245902,10.940264900662251,0.6576572220463476,0.0,0.00026634705020642246,-0.0011902829627224998,-0.08822794274727741,0.00018114783694977987
58,781287039,0.02,0.8120365936152555,0.8027409051742764,0.8098440811423642,-0.002192512472891317,0.07792207792207792,0.03296703296703297,0.999336541770678,0.03296703296703297,0.07792207792207792,0.03296703296703297,0.36423841059602646,0.03329338127580237,0.18032786885245902,10.940264900662251,0.6576572220463476,16.635208333333335,0.36423841059602646,0.03302703422559595,0.18151815181518152,11.028492843409529,0.6574760742093978,16.773983534946236,0.36423841059602646,0.03329338127580237,0.18032786885245902,10.940264900662251,0.6576572220463476,0.0,0.00026634705020642246,-0.0011902829627224998,-0.08822794274727741,0.00018114783694977987
58,781287039,0.05,0.8120365936152555,0.8027409051742764,0.8098440811423642,-0.002192512472891317,0.075,0.051348651348651346,0.9973384237702995,0.051348651348651346,0.03571428571428571,0.05454545454545454,0.45695364238410596,0.05180450126514849,0.15065502183406113,8.820732392447947,0.5727156038395714,15.401592576337073,0.4304635761589404,0.05167132774004528,0.1434878587196468,8.330801529323411,0.6005686008457403,13.871523615439942,0.4304635761589404,0.05659874816886403,0.1326530612244898,7.6055317491234895,0.6037053933685088,0.026490066225165587,0.00013317352510321123,0.0071671631144143155,0.4899308631245365,-0.027852997006168834
58,781287039,0.1,0.8120365936152555,0.8027409051742764,0.8098440811423642,-0.002192512472891317,0.02689075630252101,0.1094905094905095,0.9768709626735123,0.1094905094905095,0.03571428571428571,0.05454545454545454,0.5894039735099338,0.106805167132774,0.09988776655443322,5.518496804346749,0.45969368762694307,12.004726088005793,0.5761589403973509,0.11026767878545746,0.09508196721311475,5.225093579038295,0.47636918373840614,10.968580163043477,0.4304635761589404,0.05659874816886403,0.1326530612244898,7.6055317491234895,0.6037053933685088,0.013245033112582849,-0.0034625116526834504,0.004805799341318473,0.2934032253084542,-0.016675496111463073
59,1781451135,0.005,0.8168572988352167,0.8144301892916139,0.8190872939227893,0.0022299950875726005,0.10396039603960396,0.02277722277722278,0.9997674619580936,0.02277722277722278,0.07236842105263158,0.03296703296703297,0.3708609271523179,0.024370755093887336,0.23430962343096234,15.217457387905764,0.6448546680334759,23.598274374460743,0.3841059602649007,0.024770275669196963,0.23770491803278687,15.506729331339459,0.6315373951073141,24.553936871314605,0.4105960264900662,0.03569050472766014,0.18787878787878787,11.5043491153504,0.6112186765759001,-0.013245033112582794,-0.00039952057530962676,-0.003395294601824528,-0.289271943433695,0.013317272926161805
59,1781451135,0.01,0.8168572988352167,0.8144301892916139,0.8190872939227893,0.0022299950875726005,0.10396039603960396,0.02277722277722278,0.9997674619580936,0.02277722277722278,0.07236842105263158,0.03296703296703297,0.3708609271523179,0.024370755093887336,0.23430962343096234,15.217457387905764,0.6448546680334759,23.598274374460743,0.3841059602649007,0.024770275669196963,0.23770491803278687,15.506729331339459,0.6315373951073141,24.553936871314605,0.4105960264900662,0.03569050472766014,0.18787878787878787,11.5043491153504,0.6112186765759001,-0.013245033112582794,-0.00039952057530962676,-0.003395294601824528,-0.289271943433695,0.013317272926161805
59,1781451135,0.02,0.8168572988352167,0.8144301892916139,0.8190872939227893,0.0022299950875726005,0.10396039603960396,0.02277722277722278,0.9997674619580936,0.02277722277722278,0.07236842105263158,0.03296703296703297,0.3708609271523179,0.024370755093887336,0.23430962343096234,15.217457387905764,0.6448546680334759,23.598274374460743,0.3841059602649007,0.024770275669196963,0.23770491803278687,15.506729331339459,0.6315373951073141,24.553936871314605,0.4105960264900662,0.03569050472766014,0.18787878787878787,11.5043491153504,0.6112186765759001,-0.013245033112582794,-0.00039952057530962676,-0.003395294601824528,-0.289271943433695,0.013317272926161805
59,1781451135,0.05,0.8168572988352167,0.8144301892916139,0.8190872939227893,0.0022299950875726005,0.07236842105263158,0.05094905094905095,0.997655811650268,0.05094905094905095,0.07236842105263158,0.03296703296703297,0.48344370860927155,0.05579970701824477,0.1483739837398374,8.663911236150406,0.547083383928488,15.836546111009122,0.45695364238410596,0.04887468371287788,0.15825688073394495,9.349495642131476,0.5709514280786542,16.375290755632353,0.4105960264900662,0.03569050472766014,0.18787878787878787,11.5043491153504,0.6112186765759001,0.026490066225165587,0.006925023305366894,-0.009882896994107548,-0.6855844059810696,-0.02386804415016619
59,1781451135,0.1,0.8168572988352167,0.8144301892916139,0.8190872939227893,0.0022299950875726005,0.027980535279805353,0.15984015984015984,0.9330024479793837,0.15984015984015984,0.018691588785046728,0.16263736263736264,0.6423841059602649,0.16819816220535358,0.0713235294117647,3.8192100171461827,0.42992919441952787,8.883346529427287,0.6225165562913907,0.1669996004794247,0.06973293768545995,3.7276529674577774,0.4531611796655391,8.22588768572148,0.6357615894039735,0.1697962445065921,0.0700218818380744,3.7442617841838723,0.43873375443785095,0.019867549668874163,0.0011985617259288872,0.0015905917263047548,0.09155704968840528,-0.023231985246011222
60,1124579942,0.005,0.7966422632796495,0.7934584458914203,0.7896973962370982,-0.0069448670425512615,0.1,0.011788211788211789,0.999972144548206,0.011788211788211789,0.1,0.011788211788211789,0.271523178807947,0.013983220135836995,0.2808219178082192,19.417786187322612,0.7388077323515836,26.282597402597407,0.271523178807947,0.013983220135836995,0.2808219178082192,19.417786187322612,0.7388077323515836,26.282597402597407,0.271523178807947,0.013983220135836995,0.2808219178082192,19.417786187322612,0.7388077323515836,0.0,0.0,0.0,0.0,0.0
60,1124579942,0.01,0.7966422632796495,0.7934584458914203,0.7896973962370982,-0.0069448670425512615,0.1,0.011788211788211789,0.999972144548206,0.011788211788211789,0.1,0.011788211788211789,0.271523178807947,0.013983220135836995,0.2808219178082192,19.417786187322612,0.7388077323515836,26.282597402597407,0.271523178807947,0.013983220135836995,0.2808219178082192,19.417786187322612,0.7388077323515836,26.282597402597407,0.271523178807947,0.013983220135836995,0.2808219178082192,19.417786187322612,0.7388077323515836,0.0,0.0,0.0,0.0,0.0
60,1124579942,0.02,0.7966422632796495,0.7934584458914203,0.7896973962370982,-0.0069448670425512615,0.09090909090909091,0.02957042957042957,0.999336541770678,0.02957042957042957,0.09090909090909091,0.02957042957042957,0.3576158940397351,0.035557331202556934,0.16822429906542055,10.057444750353447,0.6660676956166292,15.099733580447122,0.3509933774834437,0.03529098415235051,0.16666666666666666,9.94569536423841,0.6727485820647185,14.783673469387756,0.3576158940397351,0.035557331202556934,0.16822429906542055,10.057444750353447,0.6660676956166292,0.006622516556291369,0.00026634705020642246,0.0015576323987538943,0.11174938611503649,-0.006680886448089396
60,1124579942,0.05,0.7966422632796495,0.7934584458914203,0.7896973962370982,-0.0069448670425512615,0.06395348837209303,0.06353646353646354,0.9938829593798726,0.06353646353646354,0.05128205128205128,0.03696303696303696,0.48344370860927155,0.07444400053269411,0.11550632911392406,6.494058690424007,0.5581037686407165,11.63593413146186,0.44370860927152317,0.0716473565055267,0.11074380165289256,6.192951574386371,0.5992242222034331,10.334948663480263,0.39072847682119205,0.043547742708749504,0.15284974093264247,8.972416307187556,0.6370119559384112,0.03973509933774838,0.002796644027167408,0.004762527461031493,0.3011071160376355,-0.04112045356271654
60,1124579942,0.1,0.7966422632796495,0.7934584458914203,0.7896973962370982,-0.0069448670425512615,0.025,0.11048951048951049,0.9740996995333638,0.11048951048951049,0.03439153439153439,0.10989010989010989,0.5562913907284768,0.13330669862831268,0.07741935483870968,4.173019033946186,0.511955738632432,8.151132449639912,0.5496688741721855,0.1179917432414436,0.08565531475748193,4.658536767673748,0.5105747280448527,9.124103704687295,0.5496688741721855,0.11772539619123719,0.08583247156153051,4.669076443618711,0.5104205922778958,0.0066225165562913135,0.015314955386869084,-0.008235959918772254,-0.485517733727562,0.0013810105875793344
61,983825694,0.005,0.7954877987474633,0.7863107317576524,0.7920067662734078,-0.003481032474055512,0.11734693877551021,0.02017982017982018,0.9998728198433431,0.02017982017982018,0.08653846153846154,0.02197802197802198,0.3576158940397351,0.022373152217339192,0.24324324324324326,15.984153263954589,0.6570851725453792,24.325846833578794,0.33774834437086093,0.021041416966307097,0.24401913875598086,16.051596948612627,0.6764858770397505,23.727911392405062,0.3443708609271523,0.022506325742442403,0.23529411764705882,15.301069791136015,0.6707246873703016,0.019867549668874163,0.001331735251032095,-0.000775895512737601,-0.06744368465803774,-0.019400704494371257
61,983825694,0.01,0.7954877987474633,0.7863107317576524,0.7920067662734078,-0.003481032474055512,0.11734693877551021,0.02017982017982018,0.9998728198433431,0.02017982017982018,0.08653846153846154,0.02197802197802198,0.3576158940397351,0.022373152217339192,0.24324324324324326,15.984153263954589,0.6570851725453792,24.325846833578794,0.33774834437086093,0.021041416966307097,0.24401913875598086,16.051596948612627,0.6764858770397505,23.727911392405062,0.3443708609271523,0.022506325742442403,0.23529411764705882,15.301069791136015,0.6707246873703016,0.019867549668874163,0.001331735251032095,-0.000775895512737601,-0.06744368465803774,-0.019400704494371257
61,983825694,0.02,0.7954877987474633,0.7863107317576524,0.7920067662734078,-0.003481032474055512,0.11734693877551021,0.02017982017982018,0.9998728198433431,0.02017982017982018,0.08653846153846154,0.02197802197802198,0.3576158940397351,0.022373152217339192,0.24324324324324326,15.984153263954589,0.6570851725453792,24.325846833578794,0.33774834437086093,0.021041416966307097,0.24401913875598086,16.051596948612627,0.6764858770397505,23.727911392405062,0.3443708609271523,0.022506325742442403,0.23529411764705882,15.301069791136015,0.6707246873703016,0.019867549668874163,0.001331735251032095,-0.000775895512737601,-0.06744368465803774,-0.019400704494371257
61,983825694,0.05,0.7954877987474633,0.7863107317576524,0.7920067662734078,-0.003481032474055512,0.08,0.052947052947052944,0.9973702063704921,0.052947052947052944,0.04878048780487805,0.051348651348651346,0.4503311258278146,0.05100546011452923,0.15077605321507762,8.829076824650286,0.5792118406060819,15.243260247255344,0.423841059602649,0.050206418963909975,0.14512471655328799,8.441969539937112,0.6066149023336664,13.916521845178204,0.41721854304635764,0.04874151018777467,0.14685314685314685,8.559819780696992,0.6126425815854544,0.026490066225165587,0.0007990411506192535,0.00565133666178963,0.38710728471317424,-0.027403061727584554
61,983825694,0.1,0.7954877987474633,0.7863107317576524,0.7920067662734078,-0.003481032474055512,0.030193236714975844,0.15844155844155844,0.9431120820028639,0.15844155844155844,0.03,0.14825174825174825,0.5894039735099338,0.15155147156745238,0.07253463732681337,3.8891339517452486,0.48393746082465977,8.036439140540846,0.5562913907284768,0.14928752164069783,0.06970954356846473,3.726308700249895,0.5215729409862034,7.144367369219912,0.543046357615894,0.14023172193367958,0.0722466960352423,3.87249297183072,0.5314846500406214,0.03311258278145701,0.0022639499267545493,0.0028250937583486346,0.16282525149535365,-0.037635480161543666
62,1380840030,0.005,0.821276278620181,0.8187001205617277,0.8280191805153904,0.006742901895209319,0.11061946902654868,0.023776223776223775,0.999756702701936,0.023776223776223775,0.04477611940298507,0.04215784215784216,0.3576158940397351,0.024637102144093755,0.22594142259414227,14.515339180239842,0.6586103565886986,22.039342435218725,0.3841059602649007,0.024637102144093755,0.23868312757201646,15.590549489887238,0.6314511666262782,24.69003196745132,0.45695364238410596,0.0407510986815821,0.184,11.213283989092325,0.566116215373837,-0.026490066225165587,0.0,-0.012741704977874191,-1.075210309647396,0.027159189962420394
62,1380840030,0.01,0.821276278620181,0.8187001205617277,0.8280191805153904,0.006742901895209319,0.11061946902654868,0.023776223776223775,0.999756702701936,0.023776223776223775,0.04477611940298507,0.04215784215784216,0.3576158940397351,0.024637102144093755,0.22594142259414227,14.515339180239842,0.6586103565886986,22.039342435218725,0.3841059602649007,0.024637102144093755,0.23868312757201646,15.590549489887238,0.6314511666262782,24.69003196745132,0.45695364238410596,0.0407510986815821,0.184,11.213283989092325,0.566116215373837,-0.026490066225165587,0.0,-0.012741704977874191,-1.075210309647396,0.027159189962420394
62,1380840030,0.02,0.821276278620181,0.8187001205617277,0.8280191805153904,0.006742901895209319,0.11061946902654868,0.023776223776223775,0.999756702701936,0.023776223776223775,0.04477611940298507,0.04215784215784216,0.3576158940397351,0.024637102144093755,0.22594142259414227,14.515339180239842,0.6586103565886986,22.039342435218725,0.3841059602649007,0.024637102144093755,0.23868312757201646,15.590549489887238,0.6314511666262782,24.69003196745132,0.45695364238410596,0.0407510986815821,0.184,11.213283989092325,0.566116215373837,-0.026490066225165587,0.0,-0.012741704977874191,-1.075210309647396,0.027159189962420394
62,1380840030,0.05,0.821276278620181,0.8187001205617277,0.8280191805153904,0.006742901895209319,0.04477611940298507,0.06213786213786214,0.9952932792960316,0.06213786213786214,0.04477611940298507,0.04215784215784216,0.5298013245033113,0.0604607803968571,0.149812734082397,8.762727193161597,0.5004566767263835,17.509462058695792,0.4900662251655629,0.06259155679850846,0.13602941176470587,7.82958996759194,0.5439824854712015,14.393092014368612,0.45695364238410596,0.0407510986815821,0.184,11.213283989092325,0.566116215373837,0.03973509933774838,-0.002130776401651359,0.013783322317691138,0.9331372255696566,-0.04352580874481804
62,1380840030,0.1,0.821276278620181,0.8187001205617277,0.8280191805153904,0.006742901895209319,0.026785714285714284,0.1038961038961039,0.9786526254149847,0.1038961038961039,0.040983606557377046,0.11228771228771228,0.6026490066225165,0.0982820615261686,0.1097708082026538,6.131831152748613,0.4406599629702442,13.915108401084009,0.5894039735099338,0.10720468770808363,0.09955257270693513,5.4979309777467,0.45989939780935374,11.954638349028253,0.6026490066225165,0.1193234784924757,0.09219858156028368,5.050548427152318,0.4511883576699718,0.013245033112582738,-0.008922626181915028,0.010218235495718667,0.6339001750019131,-0.01923943483910956
63,1460445538,0.005,0.8217406220702926,0.8122068087831027,0.8258337235934979,0.0040931015232053,0.0797872340425532,0.02157842157842158,0.9998127027599218,0.02157842157842158,0.07777777777777778,0.02097902097902098,0.3841059602649007,0.022106805167132773,0.25892857142857145,17.375009973669513,0.629817287807553,27.587381785205334,0.3576158940397351,0.02357171394326808,0.23376623376623376,15.171399708160287,0.6578917419061141,23.060632535383544,0.3576158940397351,0.02317219336795845,0.23684210526315788,15.432975565197534,0.6576226655290565,0.026490066225165587,-0.0014649087761353062,0.02516233766233769,2.2036102655092265,-0.02807445409856113
63,1460445538,0.01,0.8217406220702926,0.8122068087831027,0.8258337235934979,0.0040931015232053,0.0797872340425532,0.02157842157842158,0.9998127027599218,0.02157842157842158,0.07777777777777778,0.02097902097902098,0.3841059602649007,0.022106805167132773,0.25892857142857145,17.375009973669513,0.629817287807553,27.587381785205334,0.3576158940397351,0.02357171394326808,0.23376623376623376,15.171399708160287,0.6578917419061141,23.060632535383544,0.3576158940397351,0.02317219336795845,0.23684210526315788,15.432975565197534,0.6576226655290565,0.026490066225165587,-0.0014649087761353062,0.02516233766233769,2.2036102655092265,-0.02807445409856113
63,1460445538,0.02,0.8217406220702926,0.8122068087831027,0.8258337235934979,0.0040931015232053,0.0797872340425532,0.02157842157842158,0.9998127027599218,0.02157842157842158,0.07777777777777778,0.02097902097902098,0.3841059602649007,0.022106805167132773,0.25892857142857145,17.375009973669513,0.629817287807553,27.587381785205334,0.3576158940397351,0.02357171394326808,0.23376623376623376,15.171399708160287,0.6578917419061141,23.060632535383544,0.3576158940397351,0.02317219336795845,0.23684210526315788,15.432975565197534,0.6576226655290565,0.026490066225165587,-0.0014649087761353062,0.02516233766233769,2.2036102655092265,-0.02807445409856113
63,1460445538,0.05,0.8217406220702926,0.8122068087831027,0.8258337235934979,0.0040931015232053,0.05063291139240506,0.056343656343656345,0.9965020925813775,0.056343656343656345,0.05063291139240506,0.039160839160839164,0.5165562913907285,0.05779730989479292,0.15234375,8.937376018555252,0.5130994781550559,17.41840792879237,0.46357615894039733,0.056199227593554404,0.14227642276422764,8.248799472709582,0.5683655457198472,14.513194078754896,0.423841059602649,0.040218404581169265,0.17486338797814208,10.538485154159904,0.6003021345141819,0.05298013245033112,0.001598082301238514,0.010067327235772361,0.6885765458456703,-0.055266067564791355
63,1460445538,0.1,0.8217406220702926,0.8122068087831027,0.8258337235934979,0.0040931015232053,0.03229665071770335,0.16103896103896104,0.9388718788850161,0.16103896103896104,0.023255813953488372,0.13366633366633365,0.6291390728476821,0.15275003329338127,0.07648953301127215,4.118749170020266,0.4377231534087952,9.409484369161788,0.609271523178808,0.1556798508456519,0.07295796986518636,3.9136183640288014,0.46277289155367995,8.456887677429645,0.5894039735099338,0.1307764016513517,0.08309990662931839,4.506959711900298,0.472371007034458,0.019867549668874163,-0.0029298175522706194,0.003531563146085784,0.20513080599146427,-0.02504973814488476
64,1328888731,0.005,0.7902446424114463,0.7822701058950011,0.7923895299150954,0.002144887503649051,0.5806451612903226,0.005194805194805195,1.0,0.005194805194805195,0.5806451612903226,0.005194805194805195,0.25165562913907286,0.003995205753096284,0.5588235294117647,62.989403973509944,0.7513461533352992,83.8353982300885,0.25165562913907286,0.003995205753096284,0.5588235294117647,62.989403973509944,0.7513461533352992,83.8353982300885,0.25165562913907286,0.003995205753096284,0.5588235294117647,62.989403973509944,0.7513461533352992,0.0,0.0,0.0,0.0,0.0
64,1328888731,0.01,0.7902446424114463,0.7822701058950011,0.7923895299150954,0.002144887503649051,0.07894736842105263,0.012187812187812189,0.999972144548206,0.012187812187812189,0.07894736842105263,0.012187812187812189,0.26490066225165565,0.013716873085630577,0.27972027972027974,19.312029833472643,0.7453228365044988,25.91095950319251,0.26490066225165565,0.013716873085630577,0.27972027972027974,19.312029833472643,0.7453228365044988,25.91095950319251,0.26490066225165565,0.013716873085630577,0.27972027972027974,19.312029833472643,0.7453228365044988,0.0,0.0,0.0,0.0,0.0
64,1328888731,0.02,0.7902446424114463,0.7822701058950011,0.7923895299150954,0.002144887503649051,0.07692307692307693,0.026573426573426574,0.9997121099552384,0.026573426573426574,0.07692307692307693,0.026573426573426574,0.32450331125827814,0.0253029697696098,0.20502092050209206,12.824712443360056,0.6930324683374217,18.505211558307533,0.32450331125827814,0.0253029697696098,0.20502092050209206,12.824712443360056,0.6930324683374217,18.505211558307533,0.32450331125827814,0.0253029697696098,0.20502092050209206,12.824712443360056,0.6930324683374217,0.0,0.0,0.0,0.0,0.0
64,1328888731,0.05,0.7902446424114463,0.7822701058950011,0.7923895299150954,0.002144887503649051,0.06074766355140187,0.05154845154845155,0.99737776536862,0.05154845154845155,0.041666666666666664,0.04075924075924076,0.4370860927152318,0.04927420428818751,0.15137614678899083,8.870485054591015,0.5920886020172748,14.98168521462639,0.41721854304635764,0.05100546011452923,0.1412556053811659,8.179879999308355,0.6141041201606652,13.320021362449564,0.39072847682119205,0.04101744573178852,0.16076294277929154,9.525909520942633,0.6353311856061199,0.019867549668874163,-0.0017312558263417183,0.010120541407824923,0.6906050552826599,-0.022015518143390422
64,1328888731,0.1,0.7902446424114463,0.7822701058950011,0.7923895299150954,0.002144887503649051,0.02345679012345679,0.16303696303696305,0.9313916458305849,0.16303696303696305,0.04120879120879121,0.11048951048951049,0.609271523178808,0.1588760154481289,0.0715953307392996,3.834886728876504,0.46453136992563826,8.255388068819526,0.609271523178808,0.1671327740045279,0.06829992576095026,3.645434157410095,0.46913657378483065,7.7705179282868535,0.5364238410596026,0.11732587561592756,0.0841995841995842,4.572084702061925,0.5251951384253838,0.0,-0.008256758556398985,0.0032954049783493478,0.18945257146640904,-0.004605203859192386
65,1919252817,0.005,0.8009637882664423,0.7999098653359897,0.8073402424816489,0.006376454215206606,0.11052631578947368,0.01998001998001998,0.9998785566754406,0.01998001998001998,0.07692307692307693,0.017182817182817185,0.3708609271523179,0.023704887468371287,0.23931623931623933,15.644914056105366,0.6444148544554965,24.277705499704318,0.3443708609271523,0.02037554934079105,0.25365853658536586,16.901181664718866,0.6692657973488326,25.253317488611607,0.32450331125827814,0.019443334665068583,0.2512820512820513,16.689694275605554,0.6888910275379043,0.026490066225165587,0.0033293381275802357,-0.01434229726912653,-1.2562676086135003,-0.024850942893336114
65,1919252817,0.01,0.8009637882664423,0.7999098653359897,0.8073402424816489,0.006376454215206606,0.11052631578947368,0.01998001998001998,0.9998785566754406,0.01998001998001998,0.07692307692307693,0.017182817182817185,0.3708609271523179,0.023704887468371287,0.23931623931623933,15.644914056105366,0.6444148544554965,24.277705499704318,0.3443708609271523,0.02037554934079105,0.25365853658536586,16.901181664718866,0.6692657973488326,25.253317488611607,0.32450331125827814,0.019443334665068583,0.2512820512820513,16.689694275605554,0.6888910275379043,0.026490066225165587,0.0033293381275802357,-0.01434229726912653,-1.2562676086135003,-0.024850942893336114
65,1919252817,0.02,0.8009637882664423,0.7999098653359897,0.8073402424816489,0.006376454215206606,0.08,0.029170829170829173,0.9994540282026894,0.029170829170829173,0.07692307692307693,0.017182817182817185,0.37748344370860926,0.03196164602477027,0.1919191919191919,11.810513245033114,0.6430701363587912,18.36582446808511,0.39072847682119205,0.03249434012518311,0.19471947194719472,12.024508739550539,0.6297343245078691,19.09457412687099,0.32450331125827814,0.019443334665068583,0.2512820512820513,16.689694275605554,0.6888910275379043,-0.013245033112582794,-0.000532694100412838,-0.0028002800280028106,-0.21399549451742494,0.01333581185092203
65,1919252817,0.05,0.8009637882664423,0.7999098653359897,0.8073402424816489,0.006376454215206606,0.06666666666666667,0.05934065934065934,0.9950691839633856,0.05934065934065934,0.05128205128205128,0.055344655344655345,0.5099337748344371,0.06312425089892129,0.1397459165154265,8.078254673484786,0.5230856126180826,15.443465617516255,0.4503311258278146,0.06618724197629511,0.12035398230088495,6.803896225032314,0.5886285761778294,11.55889554192626,0.4503311258278146,0.06339059794912771,0.125,7.104068117313151,0.5868709762773979,0.05960264900662254,-0.0030629910773738167,0.01939193421454155,1.274358448452472,-0.06554296355974676
65,1919252817,0.1,0.8009637882664423,0.7999098653359897,0.8073402424816489,0.006376454215206606,0.027577937649880094,0.16363636363636364,0.9326540908047094,0.16363636363636364,0.019230769230769232,0.16543456543456544,0.6225165562913907,0.16673325342921827,0.06983655274888559,3.733607684658189,0.45301633031931393,8.24166246286643,0.6026490066225165,0.16526834465308296,0.06831831831831832,3.6464878249222212,0.47602243287675866,7.660327692720923,0.6026490066225165,0.16660007990411507,0.06780923994038748,3.6173392411898293,0.476783095121688,0.019867549668874163,0.0014649087761353097,0.0015182344305672696,0.0871198597359677,-0.02300610255744473
66,1666079308,0.005,0.8215876048080052,0.8152490741794174,0.8320492230515435,0.010461618243538306,0.4918032786885246,0.006193806193806194,1.0,0.006193806193806194,0.4918032786885246,0.006193806193806194,0.2847682119205298,0.003329338127580237,0.6323529411764706,85.53298013245033,0.7176209910059783,119.18962962962964,0.2847682119205298,0.003329338127580237,0.6323529411764706,85.53298013245033,0.7176209910059783,119.18962962962964,0.2847682119205298,0.003329338127580237,0.6323529411764706,85.53298013245033,0.7176209910059783,0.0,0.0,0.0,0.0,0.0
66,1666079308,0.01,0.8215876048080052,0.8152490741794174,0.8320492230515435,0.010461618243538306,0.0847457627118644,0.02777222777222777,0.9996916454652858,0.02777222777222777,0.0847457627118644,0.02777222777222777,0.36423841059602646,0.025169796244506593,0.22540983606557377,14.47124986860086,0.6521767451959614,22.189153439153436,0.36423841059602646,0.024903449194300174,0.22727272727272727,14.62602259446825,0.6519986035010158,22.43259803921568,0.36423841059602646,0.025169796244506593,0.22540983606557377,14.47124986860086,0.6521767451959614,0.0,0.000266347050206419,-0.0018628912071534942,-0.15477272586738877,0.0001781416949455661
66,1666079308,0.02,0.8215876048080052,0.8152490741794174,0.8320492230515435,0.010461618243538306,0.0847457627118644,0.02777222777222777,0.9996916454652858,0.02777222777222777,0.0847457627118644,0.02777222777222777,0.36423841059602646,0.025169796244506593,0.22540983606557377,14.47124986860086,0.6521767451959614,22.189153439153436,0.36423841059602646,0.024903449194300174,0.22727272727272727,14.62602259446825,0.6519986035010158,22.43259803921568,0.36423841059602646,0.025169796244506593,0.22540983606557377,14.47124986860086,0.6521767451959614,0.0,0.000266347050206419,-0.0018628912071534942,-0.15477272586738877,0.0001781416949455661
66,1666079308,0.05,0.8215876048080052,0.8152490741794174,0.8320492230515435,0.010461618243538306,0.04411764705882353,0.06173826173826174,0.9957790150599047,0.06173826173826174,0.04411764705882353,0.05374625374625375,0.5165562913907285,0.05673192169396724,0.15476190476190477,9.105214065852065,0.5125199502960638,17.765579780050164,0.45695364238410596,0.057530962844586496,0.1377245508982036,7.9427428256070645,0.5761954358255967,13.784806910569108,0.44370860927152317,0.0478092955120522,0.1572769953051643,9.280802080835286,0.584222664752466,0.05960264900662249,-0.0007990411506192535,0.01703735386370117,1.1624712402450008,-0.06367548552953295
66,1666079308,0.1,0.8215876048080052,0.8152490741794174,0.8320492230515435,0.010461618243538306,0.023227383863080684,0.16023976023976025,0.9388520759969662,0.16023976023976025,0.025,0.1088911088911089,0.6688741721854304,0.1599414036489546,0.07757296466973887,4.181995136503245,0.39416991773297444,10.6096253122398,0.6357615894039735,0.15634571847116793,0.07559055118110236,4.06638311314688,0.4317389463560478,9.418615456094162,0.5629139072847682,0.106805167132774,0.09582863585118377,5.270474476061501,0.4893513448931975,0.0331125827814569,0.0035956851777866616,0.0019824134886365086,0.11561202335636445,-0.037569028623073375
67,472829349,0.005,0.8073543535836466,0.7987007202835625,0.8039571057777026,-0.0033972478059439704,0.5517241379310345,0.005194805194805195,1.0,0.005194805194805195,0.5517241379310345,0.005194805194805195,0.2781456953642384,0.003995205753096284,0.5833333333333334,69.61986754966888,0.7247498293234301,96.06055045871561,0.2781456953642384,0.003995205753096284,0.5833333333333334,69.61986754966888,0.7247498293234301,96.06055045871561,0.2781456953642384,0.003995205753096284,0.5833333333333334,69.61986754966888,0.7247498293234301,0.0,0.0,0.0,0.0,0.0
67,472829349,0.01,0.8073543535836466,0.7987007202835625,0.8039571057777026,-0.0033972478059439704,0.09042553191489362,0.022177822177822177,0.9998571130886285,0.022177822177822177,0.0847457627118644,0.015984015984015984,0.36423841059602646,0.022772672792648822,0.24336283185840707,15.994539328453582,0.650576965771932,24.585160818713447,0.33774834437086093,0.02117459049141031,0.24285714285714285,15.950643508684243,0.6765779159345858,23.575471698113205,0.2847682119205298,0.013184178985217739,0.3028169014084507,21.59923740718443,0.7247875164222324,0.02649006622516553,0.001598082301238514,0.0005056890012642146,0.04389581976933954,-0.026000950162653802
67,472829349,0.02,0.8073543535836466,0.7987007202835625,0.8039571057777026,-0.0033972478059439704,0.09042553191489362,0.022177822177822177,0.9998571130886285,0.022177822177822177,0.0847457627118644,0.015984015984015984,0.36423841059602646,0.022772672792648822,0.24336283185840707,15.994539328453582,0.650576965771932,24.585160818713447,0.33774834437086093,0.02117459049141031,0.24285714285714285,15.950643508684243,0.6765779159345858,23.575471698113205,0.2847682119205298,0.013184178985217739,0.3028169014084507,21.59923740718443,0.7247875164222324,0.02649006622516553,0.001598082301238514,0.0005056890012642146,0.04389581976933954,-0.026000950162653802
67,472829349,0.05,0.8073543535836466,0.7987007202835625,0.8039571057777026,-0.0033972478059439704,0.057971014492753624,0.058941058941058944,0.9967445548481365,0.058941058941058944,0.057971014492753624,0.04195804195804196,0.4966887417218543,0.05726461579438008,0.1485148514851485,8.673571538580008,0.5338839155827936,16.246175030599755,0.4370860927152318,0.053003062991077377,0.14224137931034483,8.246430829644913,0.5944199873156131,13.873071238545668,0.4105960264900662,0.03848714875482754,0.17663817663817663,10.668392951259195,0.6129964594302068,0.05960264900662249,0.004261552803302704,0.006273472174803674,0.42714070893509515,-0.060536071732819496
67,472829349,0.1,0.8073543535836466,0.7987007202835625,0.8039571057777026,-0.0033972478059439704,0.03229665071770335,0.15944055944055943,0.9408061742170463,0.15944055944055943,0.025157232704402517,0.16623376623376623,0.6158940397350994,0.1556798508456519,0.07369255150554675,3.956157694072593,0.4549292832222616,8.696203651809682,0.5827814569536424,0.1531495538686909,0.07108239095315025,3.8053095306651312,0.492670866446784,7.7238371290545205,0.5894039735099338,0.16087361832467706,0.06861989205859677,3.6637702293759045,0.48931369035294514,0.03311258278145701,0.0025302969769609995,0.002610160552396504,0.15084816340746166,-0.03774158322452237
68,177440909,0.005,0.8098154179664315,0.8054886013163894,0.8063202743903783,-0.0034951435760531835,0.095,0.021378621378621378,0.999852063625231,0.021378621378621378,0.07317073170731707,0.026173826173826173,0.36423841059602646,0.024503928618990544,0.2301255230125523,14.864490354160667,0.6517315733562372,22.807687952898547,0.3443708609271523,0.022106805167132773,0.23853211009174313,15.577595148807148,0.6704506612144918,23.234513812827064,0.36423841059602646,0.02623518444533227,0.21825396825396826,13.883584899317576,0.6528902864926747,0.019867549668874163,0.002397123451857771,-0.008406587079190841,-0.7131047946464815,-0.0187190878582546
68,177440909,0.01,0.8098154179664315,0.8054886013163894,0.8063202743903783,-0.0034951435760531835,0.095,0.021378621378621378,0.999852063625231,0.021378621378621378,0.07317073170731707,0.026173826173826173,0.36423841059602646,0.024503928618990544,0.2301255230125523,14.864490354160667,0.6517315733562372,22.807687952898547,0.3443708609271523,0.022106805167132773,0.23853211009174313,15.577595148807148,0.6704506612144918,23.234513812827064,0.36423841059602646,0.02623518444533227,0.21825396825396826,13.883584899317576,0.6528902864926747,0.019867549668874163,0.002397123451857771,-0.008406587079190841,-0.7131047946464815,-0.0187190878582546
68,177440909,0.02,0.8098154179664315,0.8054886013163894,0.8063202743903783,-0.0034951435760531835,0.095,0.021378621378621378,0.999852063625231,0.021378621378621378,0.07317073170731707,0.026173826173826173,0.36423841059602646,0.024503928618990544,0.2301255230125523,14.864490354160667,0.6517315733562372,22.807687952898547,0.3443708609271523,0.022106805167132773,0.23853211009174313,15.577595148807148,0.6704506612144918,23.234513812827064,0.36423841059602646,0.02623518444533227,0.21825396825396826,13.883584899317576,0.6528902864926747,0.019867549668874163,0.002397123451857771,-0.008406587079190841,-0.7131047946464815,-0.0187190878582546
68,177440909,0.05,0.8098154179664315,0.8054886013163894,0.8063202743903783,-0.0034951435760531835,0.06382978723404255,0.06053946053946054,0.9957790150599047,0.06053946053946054,0.046511627906976744,0.05194805194805195,0.4966887417218543,0.05646557464376082,0.15030060120240482,8.796310758465575,0.5334317908836409,16.49003848063555,0.4370860927152318,0.058330003995205756,0.13095238095238096,7.4933321237412684,0.5977825667941344,12.535213537469783,0.423841059602649,0.04834198961246504,0.14988290398126464,8.767555142028352,0.6054264600397018,0.05960264900662249,-0.0018644293514449364,0.019348220250023862,1.3029786347243064,-0.06435077591049354
68,177440909,0.1,0.8098154179664315,0.8054886013163894,0.8063202743903783,-0.0034951435760531835,0.03033980582524272,0.16183816183816183,0.9376455507078413,0.16183816183816183,0.025510204081632654,0.17182817182817184,0.6225165562913907,0.15514715674523905,0.07466243050039714,4.012426455958844,0.44680377976165625,8.980287628943602,0.6026490066225165,0.15754428019709682,0.07142857142857142,3.825267447784004,0.471658016008777,8.11025641025641,0.6225165562913907,0.16633373285390865,0.06999255398361877,3.742575517367536,0.4527992298415251,0.019867549668874163,-0.0023971234518577744,0.0032338590718257176,0.18715900817483977,-0.024854236247120742
69,166266696,0.005,0.803080453566096,0.7986129668680144,0.7954026911635397,-0.007677762402556354,0.11682242990654206,0.023576423576423578,0.999629708218614,0.023576423576423578,0.09574468085106383,0.02177822177822178,0.3708609271523179,0.024503928618990544,0.23333333333333334,15.134753815145409,0.644942702800443,23.466819221967967,0.3841059602649007,0.03049673724863497,0.20209059233449478,12.594985395760434,0.6352676297212722,19.8262666103207,0.37748344370860926,0.02849913437208683,0.21033210332103322,13.245435414990407,0.6407781797384583,-0.013245033112582794,-0.005992808629644426,0.03124274099883856,2.539768419384975,0.009675073079170815
69,166266696,0.01,0.803080453566096,0.7986129668680144,0.7954026911635397,-0.007677762402556354,0.11682242990654206,0.023576423576423578,0.999629708218614,0.023576423576423578,0.09574468085106383,0.02177822177822178,0.3708609271523179,0.024503928618990544,0.23333333333333334,15.134753815145409,0.644942702800443,23.466819221967967,0.3841059602649007,0.03049673724863497,0.20209059233449478,12.594985395760434,0.6352676297212722,19.8262666103207,0.37748344370860926,0.02849913437208683,0.21033210332103322,13.245435414990407,0.6407781797384583,-0.013245033112582794,-0.005992808629644426,0.03124274099883856,2.539768419384975,0.009675073079170815
69,166266696,0.02,0.803080453566096,0.7986129668680144,0.7954026911635397,-0.007677762402556354,0.11682242990654206,0.023576423576423578,0.999629708218614,0.023576423576423578,0.09574468085106383,0.02177822177822178,0.3708609271523179,0.024503928618990544,0.23333333333333334,15.134753815145409,0.644942702800443,23.466819221967967,0.3841059602649007,0.03049673724863497,0.20209059233449478,12.594985395760434,0.6352676297212722,19.8262666103207,0.37748344370860926,0.02849913437208683,0.21033210332103322,13.245435414990407,0.6407781797384583,-0.013245033112582794,-0.005992808629644426,0.03124274099883856,2.539768419384975,0.009675073079170815
69,166266696,0.05,0.803080453566096,0.7986129668680144,0.7954026911635397,-0.007677762402556354,0.07731958762886598,0.058341658341658345,0.9946148321567035,0.058341658341658345,0.09574468085106383,0.02177822177822178,0.46357615894039733,0.06858436542815288,0.11965811965811966,6.759210441715425,0.5759231659303056,11.736305885173197,0.4900662251655629,0.06911705952856573,0.12478920741989882,7.090380124794242,0.5477958104766506,12.94347271225884,0.37748344370860926,0.02849913437208683,0.21033210332103322,13.245435414990407,0.6407781797384583,-0.026490066225165587,-0.0005326941004128449,-0.00513108776177916,-0.33116968307881756,0.028127355453654967
69,166266696,0.1,0.803080453566096,0.7986129668680144,0.7954026911635397,-0.007677762402556354,0.02345679012345679,0.1746253746253746,0.9069154089898421,0.1746253746253746,0.023255813953488372,0.17362637362637362,0.6556291390728477,0.19616460247702758,0.06297709923664122,3.34223978635303,0.4284096744039077,7.801503994986683,0.6357615894039735,0.1937674790251698,0.061895551257253385,3.281054140779682,0.45177836557079,7.262530459231491,0.6357615894039735,0.19363430550006658,0.06193548387096774,3.2833107117155693,0.4517037531239575,0.019867549668874163,0.0023971234518577744,0.00108154797938783,0.06118564557334816,-0.023368691166882283
70,1467928894,0.005,0.8153782789570837,0.8128929611177405,0.8115837154355172,-0.0037945635215664852,0.11734693877551021,0.021378621378621378,0.9998664827577217,0.021378621378621378,0.08737864077669903,0.022977022977022976,0.3708609271523179,0.02583566387002264,0.224,14.354611865911108,0.6458243743011955,22.22680412371134,0.3509933774834437,0.02090824344120389,0.2523809523809524,16.787320200784578,0.6628659859190453,25.32536071753542,0.3576158940397351,0.021840458116926354,0.24770642201834864,16.374010660636408,0.6567273317434484,0.019867549668874163,0.00492742042881875,-0.028380952380952368,-2.4327083348734693,-0.017041611617849783
70,1467928894,0.01,0.8153782789570837,0.8128929611177405,0.8115837154355172,-0.0037945635215664852,0.11734693877551021,0.021378621378621378,0.9998664827577217,0.021378621378621378,0.08737864077669903,0.022977022977022976,0.3708609271523179,0.02583566387002264,0.224,14.354611865911108,0.6458243743011955,22.22680412371134,0.3509933774834437,0.02090824344120389,0.2523809523809524,16.787320200784578,0.6628659859190453,25.32536071753542,0.3576158940397351,0.021840458116926354,0.24770642201834864,16.374010660636408,0.6567273317434484,0.019867549668874163,0.00492742042881875,-0.028380952380952368,-2.4327083348734693,-0.017041611617849783
70,1467928894,0.02,0.8153782789570837,0.8128929611177405,0.8115837154355172,-0.0037945635215664852,0.11734693877551021,0.021378621378621378,0.9998664827577217,0.021378621378621378,0.08737864077669903,0.022977022977022976,0.3708609271523179,0.02583566387002264,0.224,14.354611865911108,0.6458243743011955,22.22680412371134,0.3509933774834437,0.02090824344120389,0.2523809523809524,16.787320200784578,0.6628659859190453,25.32536071753542,0.3576158940397351,0.021840458116926354,0.24770642201834864,16.374010660636408,0.6567273317434484,0.019867549668874163,0.00492742042881875,-0.028380952380952368,-2.4327083348734693,-0.017041611617849783
70,1467928894,0.05,0.8153782789570837,0.8128929611177405,0.8115837154355172,-0.0037945635215664852,0.05921052631578947,0.059940059940059943,0.9963722555790938,0.059940059940059943,0.05921052631578947,0.05154845154845155,0.4966887417218543,0.060194433346650686,0.14231499051233396,8.251406552188946,0.535548283748136,15.407399860270145,0.44370860927152317,0.054734318817419095,0.1401673640167364,8.106588678880456,0.5885026842744621,13.774939172749393,0.4370860927152318,0.04860833666267146,0.1531322505800464,8.991998548489523,0.5916742062991776,0.05298013245033112,0.005460114529231591,0.002147626495597549,0.14481787330849016,-0.05295440052632605
70,1467928894,0.1,0.8153782789570837,0.8128929611177405,0.8115837154355172,-0.0037945635215664852,0.024752475247524754,0.1030969030969031,0.9813164549621753,0.1030969030969031,0.04363636363636364,0.1040959040959041,0.5827814569536424,0.10547343188174191,0.1,5.525386313465783,0.4664126901496352,11.846560846560845,0.543046357615894,0.10014649087761353,0.09832134292565947,5.42252007890658,0.5078089241767428,10.67826857847672,0.543046357615894,0.10187774670395526,0.09681227863046045,5.330372678872873,0.5087877966581037,0.039735099337748325,0.00532694100412838,0.0016786570743405338,0.10286623455920285,-0.041396234027107626
71,1870270908,0.005,0.807290853624657,0.8025799504171154,0.8073631730223951,7.231939773810758e-05,0.11386138613861387,0.02257742257742258,0.9998167165804173,0.02257742257742258,0.07272727272727272,0.03536463536463536,0.3841059602649007,0.0238380609934745,0.24472573839662448,16.11313774094491,0.6309342898186714,25.53853547185679,0.39072847682119205,0.02263949926754561,0.2576419213973799,17.258706661472537,0.6233846392627972,27.68548593350384,0.41721854304635764,0.03169529897456386,0.20930232558139536,13.163420335021426,0.6018575106952139,-0.006622516556291369,0.0011985617259288872,-0.012916183000755421,-1.1455689205276265,0.007549650555874199
71,1870270908,0.01,0.807290853624657,0.8025799504171154,0.8073631730223951,7.231939773810758e-05,0.11386138613861387,0.02257742257742258,0.9998167165804173,0.02257742257742258,0.07272727272727272,0.03536463536463536,0.3841059602649007,0.0238380609934745,0.24472573839662448,16.11313774094491,0.6309342898186714,25.53853547185679,0.39072847682119205,0.02263949926754561,0.2576419213973799,17.258706661472537,0.6233846392627972,27.68548593350384,0.41721854304635764,0.03169529897456386,0.20930232558139536,13.163420335021426,0.6018575106952139,-0.006622516556291369,0.0011985617259288872,-0.012916183000755421,-1.1455689205276265,0.007549650555874199
71,1870270908,0.02,0.807290853624657,0.8025799504171154,0.8073631730223951,7.231939773810758e-05,0.11386138613861387,0.02257742257742258,0.9998167165804173,0.02257742257742258,0.07272727272727272,0.03536463536463536,0.3841059602649007,0.0238380609934745,0.24472573839662448,16.11313774094491,0.6309342898186714,25.53853547185679,0.39072847682119205,0.02263949926754561,0.2576419213973799,17.258706661472537,0.6233846392627972,27.68548593350384,0.41721854304635764,0.03169529897456386,0.20930232558139536,13.163420335021426,0.6018575106952139,-0.006622516556291369,0.0011985617259288872,-0.012916183000755421,-1.1455689205276265,0.007549650555874199
71,1870270908,0.05,0.807290853624657,0.8025799504171154,0.8073631730223951,7.231939773810758e-05,0.07272727272727272,0.05314685314685315,0.997048955169287,0.05314685314685315,0.07272727272727272,0.03536463536463536,0.48344370860927155,0.050872286589426025,0.16043956043956045,9.503085884678063,0.5442431867620289,17.461102161363943,0.4900662251655629,0.053003062991077377,0.15677966101694915,9.245998202935205,0.5384745767447318,17.170723748613195,0.41721854304635764,0.03169529897456386,0.20930232558139536,13.163420335021426,0.6018575106952139,-0.006622516556291369,-0.002130776401651352,0.0036598994226113013,0.257087681742858,0.0057686100172971155
71,1870270908,0.1,0.807290853624657,0.8025799504171154,0.8073631730223951,7.231939773810758e-05,0.03527980535279805,0.15904095904095905,0.9386445426975675,0.15904095904095905,0.017543859649122806,0.16843156843156842,0.6158940397350994,0.16034092422426421,0.07170393215111796,3.8411531099425757,0.45745466385870565,8.396795165540153,0.5894039735099338,0.15754428019709682,0.0699685534591195,3.7411956357447953,0.4873799498757362,7.676137758023615,0.6225165562913907,0.165934212278599,0.07014925373134329,3.751586533862001,0.4525823373475886,0.026490066225165587,0.0027966440271673942,0.0017353786919984682,0.09995747419778045,-0.02992528601703054
72,972186595,0.005,0.8268409034985831,0.8244984605669665,0.8259404388023555,-0.0009004646962276208,0.0963302752293578,0.024375624375624377,0.9997486623803514,0.024375624375624377,0.07142857142857142,0.04115884115884116,0.39072847682119205,0.020109202290584632,0.28095238095238095,19.430332002982325,0.6217749208412162,31.249784048373165,0.3973509933774834,0.024903449194300174,0.242914979757085,15.95566101214718,0.6180403429020045,25.816536404771693,0.45695364238410596,0.04141696630709815,0.18157894736842106,11.033006111454185,0.5665094608693731,-0.006622516556291369,-0.004794246903715542,0.038037401195295945,3.474670990835145,0.003734577939211725
72,972186595,0.01,0.8268409034985831,0.8244984605669665,0.8259404388023555,-0.0009004646962276208,0.0963302752293578,0.024375624375624377,0.9997486623803514,0.024375624375624377,0.07142857142857142,0.04115884115884116,0.39072847682119205,0.020109202290584632,0.28095238095238095,19.430332002982325,0.6217749208412162,31.249784048373165,0.3973509933774834,0.024903449194300174,0.242914979757085,15.95566101214718,0.6180403429020045,25.816536404771693,0.45695364238410596,0.04141696630709815,0.18157894736842106,11.033006111454185,0.5665094608693731,-0.006622516556291369,-0.004794246903715542,0.038037401195295945,3.474670990835145,0.003734577939211725
72,972186595,0.02,0.8268409034985831,0.8244984605669665,0.8259404388023555,-0.0009004646962276208,0.0963302752293578,0.024375624375624377,0.9997486623803514,0.024375624375624377,0.07142857142857142,0.04115884115884116,0.39072847682119205,0.020109202290584632,0.28095238095238095,19.430332002982325,0.6217749208412162,31.249784048373165,0.3973509933774834,0.024903449194300174,0.242914979757085,15.95566101214718,0.6180403429020045,25.816536404771693,0.45695364238410596,0.04141696630709815,0.18157894736842106,11.033006111454185,0.5665094608693731,-0.006622516556291369,-0.004794246903715542,0.038037401195295945,3.474670990835145,0.003734577939211725
72,972186595,0.05,0.8268409034985831,0.8244984605669665,0.8259404388023555,-0.0009004646962276208,0.07142857142857142,0.06073926073926074,0.9956992098026016,0.06073926073926074,0.04,0.04595404595404595,0.5298013245033113,0.05726461579438008,0.1568627450980392,9.25180964115201,0.4987599737681361,18.54962332132329,0.4900662251655629,0.0589958716207218,0.14313346228239845,8.306788453201381,0.5419038657276801,15.328896836797515,0.45695364238410596,0.04581169263550406,0.16707021791767554,9.974607269367011,0.5691186461043612,0.03973509933774838,-0.0017312558263417183,0.013729282815640759,0.9450211879506281,-0.043143891959544045
72,972186595,0.1,0.8268409034985831,0.8244984605669665,0.8259404388023555,-0.0009004646962276208,0.02262443438914027,0.1102897102897103,0.9791339661742448,0.1102897102897103,0.03480278422273782,0.12907092907092907,0.6158940397350994,0.11026767878545746,0.10097719869706841,5.585444860351282,0.4317095727629305,12.937968515742131,0.6026490066225165,0.10174457317885205,0.1064327485380117,5.923156270587011,0.4423585780980761,13.389943280977311,0.6225165562913907,0.12198694899453988,0.09306930693069307,5.103140634489141,0.42992919441952787,0.013245033112582849,0.008523105606605408,-0.005455549840943291,-0.3377114102357295,-0.010649005335145623
73,2101219972,0.005,0.8242806204298772,0.8147834078134936,0.8181189195481977,-0.006161700881679444,0.08791208791208792,0.01978021978021978,0.9998258062312285,0.01978021978021978,0.08791208791208792,0.01978021978021978,0.3509933774834437,0.023971234518577706,0.22746781115879827,14.642273730684328,0.6649462039127877,22.0202380952381,0.3509933774834437,0.023971234518577706,0.22746781115879827,14.642273730684328,0.6649462039127877,22.0202380952381,0.3509933774834437,0.023971234518577706,0.22746781115879827,14.642273730684328,0.6649462039127877,0.0,0.0,0.0,0.0,0.0
73,2101219972,0.01,0.8242806204298772,0.8147834078134936,0.8181189195481977,-0.006161700881679444,0.08791208791208792,0.01978021978021978,0.9998258062312285,0.01978021978021978,0.08791208791208792,0.01978021978021978,0.3509933774834437,0.023971234518577706,0.22746781115879827,14.642273730684328,0.6649462039127877,22.0202380952381,0.3509933774834437,0.023971234518577706,0.22746781115879827,14.642273730684328,0.6649462039127877,22.0202380952381,0.3509933774834437,0.023971234518577706,0.22746781115879827,14.642273730684328,0.6649462039127877,0.0,0.0,0.0,0.0,0.0
73,2101219972,0.02,0.8242806204298772,0.8147834078134936,0.8181189195481977,-0.006161700881679444,0.08673469387755102,0.037562437562437566,0.998900238541923,0.037562437562437566,0.08791208791208792,0.01978021978021978,0.4370860927152318,0.043015048608336666,0.16966580976863754,10.1612367498411,0.5882160492348072,17.274667637953012,0.4370860927152318,0.040351578106272476,0.17886178861788618,10.83194544620025,0.5865834762422043,18.466161910308678,0.3509933774834437,0.023971234518577706,0.22746781115879827,14.642273730684328,0.6649462039127877,0.0,0.00266347050206419,-0.009195978849248637,-0.6707086963591493,0.0016325729926028876
73,2101219972,0.05,0.8242806204298772,0.8147834078134936,0.8181189195481977,-0.006161700881679444,0.04656862745098039,0.06073926073926074,0.9949684980520518,0.06073926073926074,0.04656862745098039,0.09750249750249751,0.5364238410596026,0.06392329204954054,0.1443850267379679,8.39168046357616,0.4952330882747822,16.944910714285715,0.48344370860927155,0.06565454787588228,0.12897526501766785,7.363445857904706,0.5528536476700371,13.31897851978988,0.543046357615894,0.10294313490478094,0.09590643274853801,5.275207114279105,0.5093920576992654,0.05298013245033106,-0.0017312558263417321,0.015409761720300064,1.0282346056714537,-0.0576205593952549
73,2101219972,0.1,0.8242806204298772,0.8147834078134936,0.8181189195481977,-0.006161700881679444,0.027777777777777776,0.16203796203796203,0.9342029917467626,0.16203796203796203,0.020080321285140562,0.16003996003996004,0.6622516556291391,0.16127313889998668,0.07627765064836003,4.106397755672342,0.4026916986155596,10.19737374718674,0.6225165562913907,0.1626048741510188,0.0714828897338403,3.828400344956636,0.45078294828370663,8.492779861200912,0.6225165562913907,0.1614063124250899,0.07197549770290965,3.856829060389482,0.4501386658421387,0.039735099337748436,-0.0013317352510321123,0.004794760914519733,0.27799741071570594,-0.04809124966814704
74,2107237442,0.005,0.8187742038472158,0.8135998391334375,0.8050101467642802,-0.013764057082935599,0.49122807017543857,0.005794205794205794,1.0,0.005794205794205794,0.49122807017543857,0.005794205794205794,0.2980132450331126,0.003595685177786656,0.625,82.88079470198676,0.7045199870417479,117.64150943396227,0.2980132450331126,0.003595685177786656,0.625,82.88079470198676,0.7045199870417479,117.64150943396227,0.2980132450331126,0.003595685177786656,0.625,82.88079470198676,0.7045199870417479,0.0,0.0,0.0,0.0,0.0
74,2107237442,0.01,0.8187742038472158,0.8135998391334375,0.8050101467642802,-0.013764057082935599,0.08235294117647059,0.021378621378621378,0.9998978088227246,0.021378621378621378,0.08235294117647059,0.021378621378621378,0.33774834437086093,0.018111599414036488,0.2727272727272727,18.648178807947023,0.6744673378705013,27.64875,0.33774834437086093,0.017179384738314023,0.2833333333333333,19.66009548744802,0.6738275992031444,29.17674418604651,0.33774834437086093,0.018111599414036488,0.2727272727272727,18.648178807947023,0.6744673378705013,0.0,0.0009322146757224647,-0.010606060606060619,-1.0119166795009988,0.0006397386673568928
74,2107237442,0.02,0.8187742038472158,0.8135998391334375,0.8050101467642802,-0.013764057082935599,0.08235294117647059,0.021378621378621378,0.9998978088227246,0.021378621378621378,0.08235294117647059,0.021378621378621378,0.33774834437086093,0.018111599414036488,0.2727272727272727,18.648178807947023,0.6744673378705013,27.64875,0.33774834437086093,0.017179384738314023,0.2833333333333333,19.66009548744802,0.6738275992031444,29.17674418604651,0.33774834437086093,0.018111599414036488,0.2727272727272727,18.648178807947023,0.6744673378705013,0.0,0.0009322146757224647,-0.010606060606060619,-1.0119166795009988,0.0006397386673568928
74,2107237442,0.05,0.8187742038472158,0.8135998391334375,0.8050101467642802,-0.013764057082935599,0.07211538461538461,0.05054945054945055,0.9978257755549749,0.05054945054945055,0.03389830508474576,0.05174825174825175,0.4105960264900662,0.04847516313756825,0.14553990610328638,8.470235062950294,0.6194309918944847,13.674219039387577,0.45695364238410596,0.04834198961246504,0.1597222222222222,9.452520387499316,0.570631835899489,16.56500705502923,0.46357615894039733,0.0491410307630843,0.15945330296127563,9.43358638884402,0.5641465857866326,-0.04635761589403975,0.00013317352510321123,-0.014182316118935834,-0.9822853245490215,0.048799155994995735
74,2107237442,0.1,0.8187742038472158,0.8135998391334375,0.8050101467642802,-0.013764057082935599,0.03176470588235294,0.14425574425574425,0.9511617456374721,0.14425574425574425,0.030991735537190084,0.14545454545454545,0.5364238410596026,0.14103076308429885,0.07105263157894737,3.8035945443971255,0.5396888957338672,7.047753945770943,0.6357615894039735,0.14356106006125982,0.0817717206132879,4.428509995208198,0.42529407948461556,10.41281835048069,0.6357615894039735,0.14515914236249833,0.08094435075885328,4.379755756728842,0.4260891455313231,-0.09933774834437092,-0.0025302969769609718,-0.010719089034340532,-0.6249154508110721,0.11439481624925169
75,368363324,0.005,0.8264431468110233,0.8219355316666358,0.830246088799401,0.003802941988377717,0.10843373493975904,0.01918081918081918,0.9998127027599218,0.01918081918081918,0.10843373493975904,0.01918081918081918,0.3509933774834437,0.025169796244506593,0.2190082644628099,13.94502260065174,0.6657637607208772,20.945902170391967,0.3509933774834437,0.025169796244506593,0.2190082644628099,13.94502260065174,0.6657637607208772,20.945902170391967,0.3509933774834437,0.025169796244506593,0.2190082644628099,13.94502260065174,0.6657637607208772,0.0,0.0,0.0,0.0,0.0
75,368363324,0.01,0.8264431468110233,0.8219355316666358,0.830246088799401,0.003802941988377717,0.10843373493975904,0.01918081918081918,0.9998127027599218,0.01918081918081918,0.10843373493975904,0.01918081918081918,0.3509933774834437,0.025169796244506593,0.2190082644628099,13.94502260065174,0.6657637607208772,20.945902170391967,0.3509933774834437,0.025169796244506593,0.2190082644628099,13.94502260065174,0.6657637607208772,20.945902170391967,0.3509933774834437,0.025169796244506593,0.2190082644628099,13.94502260065174,0.6657637607208772,0.0,0.0,0.0,0.0,0.0
75,368363324,0.02,0.8264431468110233,0.8219355316666358,0.830246088799401,0.003802941988377717,0.08333333333333333,0.023576423576423578,0.99968606291408,0.023576423576423578,0.08333333333333333,0.023576423576423578,0.3576158940397351,0.02796644027167399,0.20454545454545456,12.78732261116367,0.6608661805255005,19.34933726067747,0.3576158940397351,0.02796644027167399,0.20454545454545456,12.78732261116367,0.6608661805255005,19.34933726067747,0.3576158940397351,0.02796644027167399,0.20454545454545456,12.78732261116367,0.6608661805255005,0.0,0.0,0.0,0.0,0.0
75,368363324,0.05,0.8264431468110233,0.8219355316666358,0.830246088799401,0.003802941988377717,0.036036036036036036,0.06133866133866134,0.9949419308739292,0.06133866133866134,0.036036036036036036,0.04915084915084915,0.543046357615894,0.06165934212278599,0.15045871559633028,8.807203238310471,0.4869805422455651,18.085328825867844,0.45695364238410596,0.06552137435077907,0.12299465240641712,6.974115651752544,0.5811222886329982,12.001115407495538,0.4370860927152318,0.050206418963909975,0.1489841986455982,8.705781088060148,0.5926697321650763,0.08609271523178808,-0.003862032227993077,0.027464063189913165,1.8330875865579275,-0.09414174638743311
75,368363324,0.1,0.8264431468110233,0.8219355316666358,0.830246088799401,0.003802941988377717,0.02359882005899705,0.1068931068931069,0.9775103116674358,0.1068931068931069,0.033707865168539325,0.1006993006993007,0.6225165562913907,0.10547343188174191,0.10609480812641084,5.902117198474814,0.42199243394490804,13.986310473152576,0.5761589403973509,0.11026767878545746,0.09508196721311475,5.225093579038295,0.47636918373840614,10.968580163043477,0.5629139072847682,0.10414169663070981,0.09803921568627451,5.405269219694788,0.48789645758862427,0.04635761589403975,-0.004794246903715549,0.011012840913296087,0.6770236194365191,-0.0543767497934981
76,1113100665,0.005,0.8056350039996155,0.7953312537096765,0.803110439657841,-0.0025245643417745045,0.09142857142857143,0.035164835164835165,0.9992286473614549,0.035164835164835165,0.09142857142857143,0.035164835164835165,0.3841059602649007,0.03449194300173126,0.1829652996845426,11.136106778490884,0.6378963233614982,17.457549715614228,0.3841059602649007,0.03449194300173126,0.1829652996845426,11.136106778490884,0.6378963233614982,17.457549715614228,0.3841059602649007,0.03449194300173126,0.1829652996845426,11.136106778490884,0.6378963233614982,0.0,0.0,0.0,0.0,0.0
76,1113100665,0.01,0.8056350039996155,0.7953312537096765,0.803110439657841,-0.0025245643417745045,0.09142857142857143,0.035164835164835165,0.9992286473614549,0.035164835164835165,0.09142857142857143,0.035164835164835165,0.3841059602649007,0.03449194300173126,0.1829652996845426,11.136106778490884,0.6378963233614982,17.457549715614228,0.3841059602649007,0.03449194300173126,0.1829652996845426,11.136106778490884,0.6378963233614982,17.457549715614228,0.3841059602649007,0.03449194300173126,0.1829652996845426,11.136106778490884,0.6378963233614982,0.0,0.0,0.0,0.0,0.0
76,1113100665,0.02,0.8056350039996155,0.7953312537096765,0.803110439657841,-0.0025245643417745045,0.09142857142857143,0.035164835164835165,0.9992286473614549,0.035164835164835165,0.09142857142857143,0.035164835164835165,0.3841059602649007,0.03449194300173126,0.1829652996845426,11.136106778490884,0.6378963233614982,17.457549715614228,0.3841059602649007,0.03449194300173126,0.1829652996845426,11.136106778490884,0.6378963233614982,17.457549715614228,0.3841059602649007,0.03449194300173126,0.1829652996845426,11.136106778490884,0.6378963233614982,0.0,0.0,0.0,0.0,0.0
76,1113100665,0.05,0.8056350039996155,0.7953312537096765,0.803110439657841,-0.0025245643417745045,0.08854166666666667,0.05254745254745255,0.9976596116120509,0.05254745254745255,0.09142857142857143,0.035164835164835165,0.47019867549668876,0.05406845119190305,0.1488469601677149,8.696359247055753,0.5600842102907736,15.526878078817731,0.41721854304635764,0.047676121986949,0.1496437054631829,8.751100669651116,0.6119572032254091,14.300184103605892,0.3841059602649007,0.03449194300173126,0.1829652996845426,11.136106778490884,0.6378963233614982,0.05298013245033112,0.006392329204954056,-0.0007967452954679988,-0.054741422595363076,-0.05187299293463554
76,1113100665,0.1,0.8056350039996155,0.7953312537096765,0.803110439657841,-0.0025245643417745045,0.03245192307692308,0.15784215784215785,0.9371486109078618,0.15784215784215785,0.012618296529968454,0.1864135864135864,0.609271523178808,0.1614063124250899,0.0705521472392638,3.774768867615238,0.46593300499449436,8.101527101862729,0.5894039735099338,0.1614063124250899,0.06840891621829362,3.651678578453872,0.48962451372302795,7.458120408815076,0.6291390728476821,0.18977227327207352,0.0625,3.31523178807947,0.45772430999124836,0.019867549668874163,0.0,0.0021432310209701794,0.12309028916136633,-0.023691508728533595
77,204817647,0.005,0.8379331116126432,0.8361215988936895,0.8217406220702927,-0.01619248954235042,0.09693877551020408,0.02157842157842158,0.9998664827577217,0.02157842157842158,0.5555555555555556,0.003996003996003996,0.40397350993377484,0.025036622719403382,0.24497991967871485,16.135303649429336,0.6113321832956269,26.393676122931442,0.3841059602649007,0.020775069916100678,0.27102803738317754,18.488792664289356,0.6289607431484919,29.395781637717125,0.32450331125827814,0.004794246903715541,0.5764705882352941,67.68598233995586,0.6787507876035849,0.019867549668874163,0.004261552803302704,-0.026048117704462692,-2.3534890148600205,-0.017628559852865044
77,204817647,0.01,0.8379331116126432,0.8361215988936895,0.8217406220702927,-0.01619248954235042,0.09693877551020408,0.02157842157842158,0.9998664827577217,0.02157842157842158,0.5555555555555556,0.003996003996003996,0.40397350993377484,0.025036622719403382,0.24497991967871485,16.135303649429336,0.6113321832956269,26.393676122931442,0.3841059602649007,0.020775069916100678,0.27102803738317754,18.488792664289356,0.6289607431484919,29.395781637717125,0.32450331125827814,0.004794246903715541,0.5764705882352941,67.68598233995586,0.6787507876035849,0.019867549668874163,0.004261552803302704,-0.026048117704462692,-2.3534890148600205,-0.017628559852865044
77,204817647,0.02,0.8379331116126432,0.8361215988936895,0.8217406220702927,-0.01619248954235042,0.09693877551020408,0.02157842157842158,0.9998664827577217,0.02157842157842158,0.5555555555555556,0.003996003996003996,0.40397350993377484,0.025036622719403382,0.24497991967871485,16.135303649429336,0.6113321832956269,26.393676122931442,0.3841059602649007,0.020775069916100678,0.27102803738317754,18.488792664289356,0.6289607431484919,29.395781637717125,0.32450331125827814,0.004794246903715541,0.5764705882352941,67.68598233995586,0.6787507876035849,0.019867549668874163,0.004261552803302704,-0.026048117704462692,-2.3534890148600205,-0.017628559852865044
77,204817647,0.05,0.8379331116126432,0.8361215988936895,0.8217406220702927,-0.01619248954235042,0.08163265306122448,0.05754245754245754,0.9961764952925118,0.05754245754245754,0.08163265306122448,0.03996003996003996,0.5165562913907285,0.058862698095618594,0.15,8.77561355668095,0.5136803180907061,17.083803384367442,0.48344370860927155,0.057530962844586496,0.14455445544554454,8.403191685062547,0.5480883413950798,15.331819800569804,0.4370860927152318,0.03981888400585964,0.18082191780821918,10.976854415380185,0.5862580485161337,0.0331125827814569,0.0013317352510320984,0.00544554455445545,0.37242187161840334,-0.03440802330437365
77,204817647,0.1,0.8379331116126432,0.8361215988936895,0.8217406220702927,-0.01619248954235042,0.02242152466367713,0.11008991008991009,0.9775619057022862,0.11008991008991009,0.03363914373088685,0.1030969030969031,0.6291390728476821,0.10906911705952857,0.10393873085339168,5.768260437134609,0.41626228729248954,13.85727367870225,0.5960264900662252,0.10773738180849647,0.10011123470522804,5.532216210021366,0.45275180389443503,12.219092585462727,0.5894039735099338,0.10400852310560661,0.10229885057471265,5.6668814815442925,0.4582588529895819,0.0331125827814569,0.0013317352510320984,0.0038274961481636477,0.23604422711324347,-0.03648951660194549
78,1626938806,0.005,0.7951985211565107,0.7886743413422657,0.7767606025087777,-0.01843791864773303,0.11627906976744186,0.01938061938061938,0.9998427098349608,0.01938061938061938,0.11627906976744186,0.01938061938061938,0.31788079470198677,0.024104408043680917,0.2096069868995633,13.187662361421097,0.6989674007345499,18.867349675481414,0.31788079470198677,0.024104408043680917,0.2096069868995633,13.187662361421097,0.6989674007345499,18.867349675481414,0.31788079470198677,0.024104408043680917,0.2096069868995633,13.187662361421097,0.6989674007345499,0.0,0.0,0.0,0.0,0.0
78,1626938806,0.01,0.7951985211565107,0.7886743413422657,0.7767606025087777,-0.01843791864773303,0.11627906976744186,0.01938061938061938,0.9998427098349608,0.01938061938061938,0.11627906976744186,0.01938061938061938,0.31788079470198677,0.024104408043680917,0.2096069868995633,13.187662361421097,0.6989674007345499,18.867349675481414,0.31788079470198677,0.024104408043680917,0.2096069868995633,13.187662361421097,0.6989674007345499,18.867349675481414,0.31788079470198677,0.024104408043680917,0.2096069868995633,13.187662361421097,0.6989674007345499,0.0,0.0,0.0,0.0,0.0
78,1626938806,0.02,0.7951985211565107,0.7886743413422657,0.7767606025087777,-0.01843791864773303,0.09090909090909091,0.03136863136863137,0.9993360957805844,0.03136863136863137,0.09090909090909091,0.03136863136863137,0.3509933774834437,0.03435876947662805,0.17041800643086816,10.215539812105344,0.672099121290418,15.199454200284766,0.3509933774834437,0.03435876947662805,0.17041800643086816,10.215539812105344,0.672099121290418,15.199454200284766,0.3509933774834437,0.03435876947662805,0.17041800643086816,10.215539812105344,0.672099121290418,0.0,0.0,0.0,0.0,0.0
78,1626938806,0.05,0.7951985211565107,0.7886743413422657,0.7767606025087777,-0.01843791864773303,0.07009345794392523,0.06073926073926074,0.9955920818066601,0.06073926073926074,0.07547169811320754,0.04115884115884116,0.47019867549668876,0.05966173924623785,0.13680154142581888,7.8810755676442765,0.5634156841375676,13.98803013392857,0.4105960264900662,0.060061259821547475,0.12085769980506822,6.836287279188264,0.6270663696636573,10.902015496150874,0.37748344370860926,0.04141696630709815,0.15489130434782608,9.114222439896935,0.6494132844112328,0.05960264900662254,-0.00039952057530962676,0.01594384162075066,1.0447882884560125,-0.06365068552608966
78,1626938806,0.1,0.7951985211565107,0.7886743413422657,0.7767606025087777,-0.01843791864773303,0.02345679012345679,0.16503496503496504,0.9330978537807727,0.16503496503496504,0.03125,0.14445554445554445,0.6225165562913907,0.16460247702756692,0.07067669172932331,3.7819391757217256,0.4518608606421086,8.369698518140009,0.5894039735099338,0.1631375682514316,0.06773211567732115,3.6129260710906883,0.49063742248789105,7.363739302172482,0.5695364238410596,0.14635770408842722,0.07257383966244725,3.891400369993191,0.5042669256439132,0.0331125827814569,0.0014649087761353097,0.002944576052002157,0.16901310463103725,-0.03877656184578243
79,1808282114,0.005,0.8299232973412038,0.8278242709190472,0.8284654441160674,-0.001457853225136474,0.10869565217391304,0.025174825174825177,0.9997761816174018,0.025174825174825177,0.05952380952380952,0.02057942057942058,0.3708609271523179,0.02317219336795845,0.24347826086956523,16.004567252797443,0.6440634353119625,24.84936479128857,0.3973509933774834,0.022373152217339192,0.2631578947368421,17.760170293282876,0.6164407288827785,28.81083202511774,0.3576158940397351,0.018644293514449326,0.27835051546391754,19.180983916745507,0.6545884450611519,-0.02649006622516553,0.000799041150619257,-0.019679633867276863,-1.7556030404854326,0.027622706429184074
79,1808282114,0.01,0.8299232973412038,0.8278242709190472,0.8284654441160674,-0.001457853225136474,0.10869565217391304,0.025174825174825177,0.9997761816174018,0.025174825174825177,0.05952380952380952,0.02057942057942058,0.3708609271523179,0.02317219336795845,0.24347826086956523,16.004567252797443,0.6440634353119625,24.84936479128857,0.3973509933774834,0.022373152217339192,0.2631578947368421,17.760170293282876,0.6164407288827785,28.81083202511774,0.3576158940397351,0.018644293514449326,0.27835051546391754,19.180983916745507,0.6545884450611519,-0.02649006622516553,0.000799041150619257,-0.019679633867276863,-1.7556030404854326,0.027622706429184074
79,1808282114,0.02,0.8299232973412038,0.8278242709190472,0.8284654441160674,-0.001457853225136474,0.10869565217391304,0.025174825174825177,0.9997761816174018,0.025174825174825177,0.05952380952380952,0.02057942057942058,0.3708609271523179,0.02317219336795845,0.24347826086956523,16.004567252797443,0.6440634353119625,24.84936479128857,0.3973509933774834,0.022373152217339192,0.2631578947368421,17.760170293282876,0.6164407288827785,28.81083202511774,0.3576158940397351,0.018644293514449326,0.27835051546391754,19.180983916745507,0.6545884450611519,-0.02649006622516553,0.000799041150619257,-0.019679633867276863,-1.7556030404854326,0.027622706429184074
79,1808282114,0.05,0.8299232973412038,0.8278242709190472,0.8284654441160674,-0.001457853225136474,0.05555555555555555,0.06133866133866134,0.9955328471507792,0.06133866133866134,0.05555555555555555,0.04095904095904096,0.5165562913907285,0.058063656944999334,0.1517509727626459,8.896378880855458,0.5132445649578709,17.333605630262657,0.4900662251655629,0.0604607803968571,0.14015151515151514,8.105522653674477,0.5427487902525567,14.9342067624006,0.45695364238410596,0.03915301638034359,0.19008264462809918,11.670969049871603,0.5651746499428619,0.02649006622516553,-0.0023971234518577675,0.011599457611130765,0.7908562271809814,-0.029504225294685882
79,1808282114,0.1,0.8299232973412038,0.8278242709190472,0.8284654441160674,-0.001457853225136474,0.028967254408060455,0.15844155844155844,0.9373947525712135,0.15844155844155844,0.015822784810126583,0.1852147852147852,0.6622516556291391,0.1671327740045279,0.07380073800738007,3.9624284319674947,0.4055248349665485,9.77111163190376,0.6357615894039735,0.16020775069916102,0.07390300230946882,3.9683572525639543,0.43372442517690496,9.149489911584675,0.6622516556291391,0.19057131442269276,0.06531678641410843,3.475085731739487,0.4172675745114831,0.026490066225165587,0.006925023305366873,-0.0001022643020887476,-0.005928820596459605,-0.02819959021035645
80,1607420687,0.005,0.8244411342151008,0.8222239273137136,0.8149642063078391,-0.009476927907261734,0.08962264150943396,0.023976023976023976,0.9997155009337064,0.023976023976023976,0.07865168539325842,0.02117882117882118,0.3708609271523179,0.02357171394326808,0.24034334763948498,15.733303401055112,0.644326963722483,24.418198037466546,0.3708609271523179,0.026901052070848315,0.21705426356589147,13.786112386073045,0.646531449023299,21.323189161021364,0.36423841059602646,0.0238380609934745,0.23504273504273504,15.279699581930517,0.6512870088450802,0.0,-0.0033293381275802357,0.023289084073593508,1.9471910149820673,-0.0022044853008159615
80,1607420687,0.01,0.8244411342151008,0.8222239273137136,0.8149642063078391,-0.009476927907261734,0.08962264150943396,0.023976023976023976,0.9997155009337064,0.023976023976023976,0.07865168539325842,0.02117882117882118,0.3708609271523179,0.02357171394326808,0.24034334763948498,15.733303401055112,0.644326963722483,24.418198037466546,0.3708609271523179,0.026901052070848315,0.21705426356589147,13.786112386073045,0.646531449023299,21.323189161021364,0.36423841059602646,0.0238380609934745,0.23504273504273504,15.279699581930517,0.6512870088450802,0.0,-0.0033293381275802357,0.023289084073593508,1.9471910149820673,-0.0022044853008159615
80,1607420687,0.02,0.8244411342151008,0.8222239273137136,0.8149642063078391,-0.009476927907261734,0.08962264150943396,0.023976023976023976,0.9997155009337064,0.023976023976023976,0.07865168539325842,0.02117882117882118,0.3708609271523179,0.02357171394326808,0.24034334763948498,15.733303401055112,0.644326963722483,24.418198037466546,0.3708609271523179,0.026901052070848315,0.21705426356589147,13.786112386073045,0.646531449023299,21.323189161021364,0.36423841059602646,0.0238380609934745,0.23504273504273504,15.279699581930517,0.6512870088450802,0.0,-0.0033293381275802357,0.023289084073593508,1.9471910149820673,-0.0022044853008159615
80,1607420687,0.05,0.8244411342151008,0.8222239273137136,0.8149642063078391,-0.009476927907261734,0.07272727272727272,0.05054945054945055,0.9970844184190424,0.05054945054945055,0.0625,0.03736263736263736,0.4900662251655629,0.055666533493141566,0.15040650406504066,8.803605944421559,0.5399933317207428,16.303175293605918,0.46357615894039733,0.05433479824210947,0.14644351464435146,8.531846513439813,0.5672449827512402,15.040849673202612,0.4370860927152318,0.04394726328405913,0.16666666666666666,9.94569536423841,0.5887895988022461,0.026490066225165587,0.0013317352510320984,0.003962989420689206,0.2717594309817457,-0.027251651030497426
80,1607420687,0.1,0.8244411342151008,0.8222239273137136,0.8149642063078391,-0.009476927907261734,0.019169329073482427,0.18341658341658343,0.903207882210036,0.18341658341658343,0.022900763358778626,0.12667332667332667,0.6423841059602649,0.18231455586629378,0.06616643929058663,3.5234932444526144,0.43735142481178685,8.056434813191569,0.6887417218543046,0.19203622319882807,0.06727037516170763,3.586519826216348,0.3852379117514466,9.309882845929117,0.6158940397350994,0.13543747502996403,0.08378378378378379,4.547441833206354,0.4442778274228495,-0.04635761589403975,-0.009721667332534295,-0.0011039358711209951,-0.06302658176373344,0.05211351306034023
81,2002049718,0.005,0.793250748108892,0.7919437072863558,0.795346246755549,0.0020954986466570347,0.09223300970873786,0.023176823176823177,0.9998699359077484,0.023176823176823177,0.057692307692307696,0.023576423576423578,0.33112582781456956,0.023704887468371287,0.21929824561403508,13.968673264379792,0.6851147400000542,20.388808543775728,0.304635761589404,0.019443334665068583,0.23958333333333334,15.667876258731743,0.7091525283478426,22.09380300065232,0.304635761589404,0.01997602876548142,0.23469387755102042,15.250066225165563,0.7095379897031072,0.026490066225165587,0.004261552803302704,-0.020285087719298267,-1.6992029943519515,-0.024037788347788358
81,2002049718,0.01,0.793250748108892,0.7919437072863558,0.795346246755549,0.0020954986466570347,0.09223300970873786,0.023176823176823177,0.9998699359077484,0.023176823176823177,0.057692307692307696,0.023576423576423578,0.33112582781456956,0.023704887468371287,0.21929824561403508,13.968673264379792,0.6851147400000542,20.388808543775728,0.304635761589404,0.019443334665068583,0.23958333333333334,15.667876258731743,0.7091525283478426,22.09380300065232,0.304635761589404,0.01997602876548142,0.23469387755102042,15.250066225165563,0.7095379897031072,0.026490066225165587,0.004261552803302704,-0.020285087719298267,-1.6992029943519515,-0.024037788347788358
81,2002049718,0.02,0.793250748108892,0.7919437072863558,0.795346246755549,0.0020954986466570347,0.09223300970873786,0.023176823176823177,0.9998699359077484,0.023176823176823177,0.057692307692307696,0.023576423576423578,0.33112582781456956,0.023704887468371287,0.21929824561403508,13.968673264379792,0.6851147400000542,20.388808543775728,0.304635761589404,0.019443334665068583,0.23958333333333334,15.667876258731743,0.7091525283478426,22.09380300065232,0.304635761589404,0.01997602876548142,0.23469387755102042,15.250066225165563,0.7095379897031072,0.026490066225165587,0.004261552803302704,-0.020285087719298267,-1.6992029943519515,-0.024037788347788358
81,2002049718,0.05,0.793250748108892,0.7919437072863558,0.795346246755549,0.0020954986466570347,0.053763440860215055,0.05974025974025974,0.9956563694406805,0.05974025974025974,0.053763440860215055,0.04115884115884116,0.48344370860927155,0.05992808629644426,0.13957934990439771,8.067064017660044,0.549485931725879,14.681111111111113,0.4370860927152318,0.060194433346650686,0.1274131274131274,7.261237765926273,0.5989684752446258,12.122904737116086,0.40397350993377484,0.0407510986815821,0.16621253405994552,9.913193091806258,0.6213470656542114,0.04635761589403975,-0.00026634705020642246,0.012166222491270307,0.8058262517337713,-0.04948254351874681
81,2002049718,0.1,0.793250748108892,0.7919437072863558,0.795346246755549,0.0020954986466570347,0.02567237163814181,0.16203796203796203,0.9330978537807727,0.16203796203796203,0.021739130434782608,0.16563436563436562,0.6158940397350994,0.16220535357570914,0.07093821510297482,3.797001924770822,0.45847268409301206,8.281849838627485,0.6026490066225165,0.16513517112797976,0.06836964688204357,3.6494285409100615,0.4759465001230696,7.667728494623654,0.609271523178808,0.16779864163004396,0.06804733727810651,3.630968148848943,0.46951194310294947,0.013245033112582849,-0.0029298175522706194,0.0025685682209312527,0.14757338386076047,-0.017473816030057543
82,1481362843,0.005,0.8066646734735096,0.7996871745075886,0.8074668014276908,0.0008021279541812198,0.10849056603773585,0.023176823176823177,0.9998586556674903,0.023176823176823177,0.07575757575757576,0.02877122877122877,0.36423841059602646,0.022106805167132773,0.248868778280543,16.47630256123833,0.6501339745110224,25.34293423694779,0.3509933774834437,0.02037554934079105,0.25728155339805825,17.226204389040383,0.6625055367695515,26.001600640256104,0.36423841059602646,0.0238380609934745,0.23504273504273504,15.279699581930517,0.6512870088450802,0.013245033112582738,0.0017312558263417217,-0.008412775117515259,-0.7499018278020522,-0.01237156225852909
82,1481362843,0.01,0.8066646734735096,0.7996871745075886,0.8074668014276908,0.0008021279541812198,0.10849056603773585,0.023176823176823177,0.9998586556674903,0.023176823176823177,0.07575757575757576,0.02877122877122877,0.36423841059602646,0.022106805167132773,0.248868778280543,16.47630256123833,0.6501339745110224,25.34293423694779,0.3509933774834437,0.02037554934079105,0.25728155339805825,17.226204389040383,0.6625055367695515,26.001600640256104,0.36423841059602646,0.0238380609934745,0.23504273504273504,15.279699581930517,0.6512870088450802,0.013245033112582738,0.0017312558263417217,-0.008412775117515259,-0.7499018278020522,-0.01237156225852909
82,1481362843,0.02,0.8066646734735096,0.7996871745075886,0.8074668014276908,0.0008021279541812198,0.10849056603773585,0.023176823176823177,0.9998586556674903,0.023176823176823177,0.07575757575757576,0.02877122877122877,0.36423841059602646,0.022106805167132773,0.248868778280543,16.47630256123833,0.6501339745110224,25.34293423694779,0.3509933774834437,0.02037554934079105,0.25728155339805825,17.226204389040383,0.6625055367695515,26.001600640256104,0.36423841059602646,0.0238380609934745,0.23504273504273504,15.279699581930517,0.6512870088450802,0.013245033112582738,0.0017312558263417217,-0.008412775117515259,-0.7499018278020522,-0.01237156225852909
82,1481362843,0.05,0.8066646734735096,0.7996871745075886,0.8074668014276908,0.0008021279541812198,0.06172839506172839,0.06153846153846154,0.9962593496951959,0.06153846153846154,0.06172839506172839,0.04395604395604396,0.4966887417218543,0.05673192169396724,0.1497005988023952,8.755013524857755,0.5335824140068609,16.407987398072645,0.44370860927152317,0.05446797176721268,0.1407563025210084,8.146229699315079,0.5883369088704411,13.846198626149727,0.4304635761589404,0.039552536955653216,0.17955801104972377,10.883336678038665,0.5929907108461615,0.05298013245033112,0.002263949926754563,0.008944296281386793,0.6087838255426767,-0.054754494863580194
82,1481362843,0.1,0.8066646734735096,0.7996871745075886,0.8074668014276908,0.0008021279541812198,0.02832512315270936,0.16003996003996004,0.939602668393602,0.16003996003996004,0.05141388174807198,0.11768231768231768,0.609271523178808,0.15621254494606474,0.07272727272727272,3.9002726918582,0.46306504615693356,8.42273180458624,0.5960264900662252,0.15514715674523905,0.07171314741035857,3.8416849046414465,0.4781584309730005,8.034334763948499,0.5364238410596026,0.112531628712212,0.08747300215982722,4.7668717426231435,0.5223579498024375,0.013245033112582738,0.0010653882008256899,0.0010141253169141523,0.058587787216753284,-0.015093384816066924
83,1339901230,0.005,0.8349318566065094,0.8298368668414681,0.80965622709702,-0.02527562950948936,0.0752212389380531,0.024775224775224775,0.9996916454652858,0.024775224775224775,0.07352941176470588,0.016583416583416583,0.3708609271523179,0.02303901984285524,0.2445414847161572,16.097079202235577,0.6439756404052951,24.996410100395497,0.3708609271523179,0.026901052070848315,0.21705426356589147,13.786112386073045,0.646531449023299,21.323189161021364,0.31788079470198677,0.019842855240378213,0.2436548223350254,16.019911996088716,0.6959284120357039,0.0,-0.0038620322279930737,0.027487221150265723,2.310966816162532,-0.002555808618003863
83,1339901230,0.01,0.8349318566065094,0.8298368668414681,0.80965622709702,-0.02527562950948936,0.0752212389380531,0.024775224775224775,0.9996916454652858,0.024775224775224775,0.07352941176470588,0.016583416583416583,0.3708609271523179,0.02303901984285524,0.2445414847161572,16.097079202235577,0.6439756404052951,24.996410100395497,0.3708609271523179,0.026901052070848315,0.21705426356589147,13.786112386073045,0.646531449023299,21.323189161021364,0.31788079470198677,0.019842855240378213,0.2436548223350254,16.019911996088716,0.6959284120357039,0.0,-0.0038620322279930737,0.027487221150265723,2.310966816162532,-0.002555808618003863
83,1339901230,0.02,0.8349318566065094,0.8298368668414681,0.80965622709702,-0.02527562950948936,0.0752212389380531,0.024775224775224775,0.9996916454652858,0.024775224775224775,0.07352941176470588,0.016583416583416583,0.3708609271523179,0.02303901984285524,0.2445414847161572,16.097079202235577,0.6439756404052951,24.996410100395497,0.3708609271523179,0.026901052070848315,0.21705426356589147,13.786112386073045,0.646531449023299,21.323189161021364,0.31788079470198677,0.019842855240378213,0.2436548223350254,16.019911996088716,0.6959284120357039,0.0,-0.0038620322279930737,0.027487221150265723,2.310966816162532,-0.002555808618003863
83,1339901230,0.05,0.8349318566065094,0.8298368668414681,0.80965622709702,-0.02527562950948936,0.06349206349206349,0.060939060939060936,0.9954287910747931,0.060939060939060936,0.041666666666666664,0.044755244755244755,0.5099337748344371,0.05939539219603143,0.14722753346080306,8.585409675407597,0.5210119332816383,16.478335959277665,0.46357615894039733,0.06192568917299241,0.1308411214953271,7.486007263405255,0.5718351252862801,13.091198725607324,0.4304635761589404,0.04661073378612332,0.1566265060240964,9.235288552507095,0.5973807803635308,0.046357615894039805,-0.0025302969769609787,0.016386411965475967,1.099402412002342,-0.050823192004641804
83,1339901230,0.1,0.8349318566065094,0.8298368668414681,0.80965622709702,-0.02527562950948936,0.020833333333333332,0.12387612387612387,0.9649277469162169,0.12387612387612387,0.028368794326241134,0.0995004995004995,0.6026490066225165,0.1275802370488747,0.08674928503336511,4.723686211616363,0.4554584963015606,10.37127696590118,0.6357615894039735,0.1307764016513517,0.08905380333951762,4.861439689240771,0.4190387965628256,11.601407146824663,0.5827814569536424,0.10640564655746437,0.0992108229988726,5.476978673673218,0.46689926076529054,-0.03311258278145701,-0.003196164602477014,-0.0023045183061525115,-0.1377534776244076,0.03641969973873499
84,1994546457,0.005,0.8265472161882561,0.8189726412190581,0.8188989989055075,-0.0076482172827485595,0.08947368421052632,0.02177822177822178,0.999863933948589,0.02177822177822178,0.06976744186046512,0.02037962037962038,0.3841059602649007,0.022239978692235984,0.2577777777777778,17.270967997779277,0.629903070603495,27.41845341574915,0.3443708609271523,0.021041416966307097,0.24761904761904763,16.36633414368346,0.6697210182693529,24.437539956527296,0.33774834437086093,0.018777467039552537,0.265625,17.986895871494998,0.6749250382897944,0.03973509933774838,0.0011985617259288872,0.010158730158730145,0.9046338540958168,-0.03981794766585789
84,1994546457,0.01,0.8265472161882561,0.8189726412190581,0.8188989989055075,-0.0076482172827485595,0.08947368421052632,0.02177822177822178,0.999863933948589,0.02177822177822178,0.06976744186046512,0.02037962037962038,0.3841059602649007,0.022239978692235984,0.2577777777777778,17.270967997779277,0.629903070603495,27.41845341574915,0.3443708609271523,0.021041416966307097,0.24761904761904763,16.36633414368346,0.6697210182693529,24.437539956527296,0.33774834437086093,0.018777467039552537,0.265625,17.986895871494998,0.6749250382897944,0.03973509933774838,0.0011985617259288872,0.010158730158730145,0.9046338540958168,-0.03981794766585789
84,1994546457,0.02,0.8265472161882561,0.8189726412190581,0.8188989989055075,-0.0076482172827485595,0.08947368421052632,0.02177822177822178,0.999863933948589,0.02177822177822178,0.06976744186046512,0.02037962037962038,0.3841059602649007,0.022239978692235984,0.2577777777777778,17.270967997779277,0.629903070603495,27.41845341574915,0.3443708609271523,0.021041416966307097,0.24761904761904763,16.36633414368346,0.6697210182693529,24.437539956527296,0.33774834437086093,0.018777467039552537,0.265625,17.986895871494998,0.6749250382897944,0.03973509933774838,0.0011985617259288872,0.010158730158730145,0.9046338540958168,-0.03981794766585789
84,1994546457,0.05,0.8265472161882561,0.8189726412190581,0.8188989989055075,-0.0076482172827485595,0.05732484076433121,0.06013986013986014,0.9954902459405885,0.06013986013986014,0.05732484076433121,0.04995004995004995,0.5364238410596026,0.06259155679850846,0.147005444646098,8.570226856418204,0.49452953224654694,17.330060790273553,0.4768211920529801,0.0617925156478892,0.13432835820895522,7.716487782598767,0.5576365747159933,13.837843736359668,0.45695364238410596,0.05033959248901319,0.15436241610738255,9.077420372122358,0.5718321552850579,0.05960264900662249,0.0007990411506192605,0.01267708643714277,0.8537390738194368,-0.06310704246944632
84,1994546457,0.1,0.8265472161882561,0.8189726412190581,0.8188989989055075,-0.0076482172827485595,0.03477218225419664,0.15844155844155844,0.9394563962512938,0.15844155844155844,0.022988505747126436,0.16263736263736264,0.6291390728476821,0.15860966839792248,0.07387247278382582,3.966587151984253,0.44077155776935023,8.999190356243254,0.5960264900662252,0.15647889199627113,0.07114624505928854,3.8089897139636473,0.47891333850532286,7.953400767352635,0.6026490066225165,0.15967505659874817,0.07054263565891473,3.774221343393225,0.47285397928233336,0.0331125827814569,0.002130776401651352,0.002726227724537275,0.15759743802060555,-0.03814178073597263
85,1430234044,0.005,0.8083394848918605,0.8060314377713631,0.8101968586923066,0.0018573738004461493,0.11274509803921569,0.02277722277722278,0.9996515587908351,0.02277722277722278,0.0898876404494382,0.02097902097902098,0.3708609271523179,0.02570249034491943,0.2248995983935743,14.42898809319562,0.645736098689618,22.34502317971093,0.3841059602649007,0.030097216673325343,0.20422535211267606,12.762175467385571,0.6350059514445779,20.097725758873345,0.37748344370860926,0.029031828472499667,0.20727272727272728,13.002399902788747,0.6411297244811485,-0.013245033112582794,-0.004394726328405912,0.02067424628089823,1.6668126258100493,0.010730147245040067
85,1430234044,0.01,0.8083394848918605,0.8060314377713631,0.8101968586923066,0.0018573738004461493,0.11274509803921569,0.02277722277722278,0.9996515587908351,0.02277722277722278,0.0898876404494382,0.02097902097902098,0.3708609271523179,0.02570249034491943,0.2248995983935743,14.42898809319562,0.645736098689618,22.34502317971093,0.3841059602649007,0.030097216673325343,0.20422535211267606,12.762175467385571,0.6350059514445779,20.097725758873345,0.37748344370860926,0.029031828472499667,0.20727272727272728,13.002399902788747,0.6411297244811485,-0.013245033112582794,-0.004394726328405912,0.02067424628089823,1.6668126258100493,0.010730147245040067
85,1430234044,0.02,0.8083394848918605,0.8060314377713631,0.8101968586923066,0.0018573738004461493,0.11274509803921569,0.02277722277722278,0.9996515587908351,0.02277722277722278,0.0898876404494382,0.02097902097902098,0.3708609271523179,0.02570249034491943,0.2248995983935743,14.42898809319562,0.645736098689618,22.34502317971093,0.3841059602649007,0.030097216673325343,0.20422535211267606,12.762175467385571,0.6350059514445779,20.097725758873345,0.37748344370860926,0.029031828472499667,0.20727272727272728,13.002399902788747,0.6411297244811485,-0.013245033112582794,-0.004394726328405912,0.02067424628089823,1.6668126258100493,0.010730147245040067
85,1430234044,0.05,0.8083394848918605,0.8060314377713631,0.8101968586923066,0.0018573738004461493,0.06153846153846154,0.05114885114885115,0.9958481241550267,0.05114885114885115,0.06153846153846154,0.033166833166833165,0.4966887417218543,0.06285790384871487,0.13711151736745886,7.901770681333484,0.5370703763550656,14.712728590544156,0.47019867549668876,0.06405646557464376,0.1286231884057971,7.340378075477414,0.5660612045667849,12.967463617463618,0.423841059602649,0.042748701558130243,0.16623376623376623,9.914711889583462,0.601888909772358,0.02649006622516553,-0.0011985617259288872,0.008488328961661767,0.5613926058560699,-0.028990828211719277
85,1430234044,0.1,0.8083394848918605,0.8060314377713631,0.8101968586923066,0.0018573738004461493,0.025609756097560974,0.15984015984015984,0.9252918636860359,0.15984015984015984,0.02197802197802198,0.15264735264735266,0.6556291390728477,0.17725396191237183,0.06923076923076923,3.6988123255432104,0.41856277026577965,8.836935791481245,0.6556291390728477,0.17871887068850711,0.06870229007633588,3.668494191727283,0.4193093553919226,8.748896595208072,0.6291390728476821,0.1699294180316953,0.06929248723559446,3.702355249226681,0.4467824004470969,0.0,-0.001464908776135282,0.0005284791544333534,0.030318133815927517,-0.0007465851261429512
86,1856753958,0.005,0.82307147537745,0.8173304617240769,0.8214672194690875,-0.0016042559083624397,0.5,0.005994005994005994,1.0,0.005994005994005994,0.5,0.005994005994005994,0.2847682119205298,0.0034625116526834465,0.6231884057971014,82.24325012735609,0.7177168911785035,114.59009971509973,0.2847682119205298,0.0034625116526834465,0.6231884057971014,82.24325012735609,0.7177168911785035,114.59009971509973,0.2847682119205298,0.0034625116526834465,0.6231884057971014,82.24325012735609,0.7177168911785035,0.0,0.0,0.0,0.0,0.0
86,1856753958,0.01,0.82307147537745,0.8173304617240769,0.8214672194690875,-0.0016042559083624397,0.06842105263157895,0.023576423576423578,0.9998901474978722,0.023576423576423578,0.5,0.005994005994005994,0.3973509933774834,0.024503928618990544,0.2459016393442623,16.215807659084366,0.6177872205772664,26.248208313425707,0.3443708609271523,0.017046211213210812,0.28888888888888886,20.202193708609272,0.666998943950415,30.288194444444443,0.2847682119205298,0.0034625116526834465,0.6231884057971014,82.24325012735609,0.7177168911785035,0.05298013245033112,0.007457717405779732,-0.04298724954462657,-3.9863860495249064,-0.04921172337314861
86,1856753958,0.02,0.82307147537745,0.8173304617240769,0.8214672194690875,-0.0016042559083624397,0.06842105263157895,0.023576423576423578,0.9998901474978722,0.023576423576423578,0.5,0.005994005994005994,0.3973509933774834,0.024503928618990544,0.2459016393442623,16.215807659084366,0.6177872205772664,26.248208313425707,0.3443708609271523,0.017046211213210812,0.28888888888888886,20.202193708609272,0.666998943950415,30.288194444444443,0.2847682119205298,0.0034625116526834465,0.6231884057971014,82.24325012735609,0.7177168911785035,0.05298013245033112,0.007457717405779732,-0.04298724954462657,-3.9863860495249064,-0.04921172337314861
86,1856753958,0.05,0.82307147537745,0.8173304617240769,0.8214672194690875,-0.0016042559083624397,0.06818181818181818,0.06053946053946054,0.9967756100645137,0.06053946053946054,0.06818181818181818,0.04695304695304695,0.5165562913907285,0.055666533493141566,0.15725806451612903,9.279476536011913,0.5119417300729121,18.126040505997246,0.4370860927152318,0.05153815421494207,0.1456953642384106,8.480825504389344,0.593501899719366,14.289466484268129,0.423841059602649,0.037554934079105075,0.18497109826589594,11.285895448781174,0.5986408583705146,0.07947019867549665,0.0041283792781995,0.01156270027771844,0.798651031622569,-0.08156016964645385
86,1856753958,0.1,0.82307147537745,0.8173304617240769,0.8214672194690875,-0.0016042559083624397,0.03477218225419664,0.16023976023976025,0.9364585233125897,0.16023976023976025,0.021929824561403508,0.14485514485514486,0.6357615894039735,0.16353708882674126,0.07250755287009064,3.8875682205492157,0.4354507602556221,8.92768729641694,0.6225165562913907,0.16127313889998668,0.07203065134099616,3.8600138903320005,0.45006719257033145,8.576528025265473,0.6026490066225165,0.14555866293780798,0.07685810810810811,4.1402482989281575,0.46504186553483845,0.013245033112582849,0.002263949926754577,0.00047690152909447836,0.027554330217215206,-0.014616432314709327
87,626622413,0.005,0.7960831108629909,0.7936268971715178,0.799945143090984,0.003862032227993084,0.08695652173913043,0.025974025974025976,0.9997162558346647,0.025974025974025976,0.08695652173913043,0.025974025974025976,0.33774834437086093,0.02570249034491943,0.20901639344262296,13.140685584874584,0.6797222091469663,19.33243523316062,0.33774834437086093,0.025436143294713012,0.21074380165289255,13.278284386810443,0.6795364419403124,19.540209424083766,0.33774834437086093,0.02570249034491943,0.20901639344262296,13.140685584874584,0.6797222091469663,0.0,0.000266347050206419,-0.0017274082102695931,-0.13759880193585872,0.00018576720665397506
87,626622413,0.01,0.7960831108629909,0.7936268971715178,0.799945143090984,0.003862032227993084,0.08695652173913043,0.025974025974025976,0.9997162558346647,0.025974025974025976,0.08695652173913043,0.025974025974025976,0.33774834437086093,0.02570249034491943,0.20901639344262296,13.140685584874584,0.6797222091469663,19.33243523316062,0.33774834437086093,0.025436143294713012,0.21074380165289255,13.278284386810443,0.6795364419403124,19.540209424083766,0.33774834437086093,0.02570249034491943,0.20901639344262296,13.140685584874584,0.6797222091469663,0.0,0.000266347050206419,-0.0017274082102695931,-0.13759880193585872,0.00018576720665397506
87,626622413,0.02,0.7960831108629909,0.7936268971715178,0.799945143090984,0.003862032227993084,0.08695652173913043,0.025974025974025976,0.9997162558346647,0.025974025974025976,0.08695652173913043,0.025974025974025976,0.33774834437086093,0.02570249034491943,0.20901639344262296,13.140685584874584,0.6797222091469663,19.33243523316062,0.33774834437086093,0.025436143294713012,0.21074380165289255,13.278284386810443,0.6795364419403124,19.540209424083766,0.33774834437086093,0.02570249034491943,0.20901639344262296,13.140685584874584,0.6797222091469663,0.0,0.000266347050206419,-0.0017274082102695931,-0.13759880193585872,0.00018576720665397506
87,626622413,0.05,0.7960831108629909,0.7936268971715178,0.799945143090984,0.003862032227993084,0.06190476190476191,0.06573426573426573,0.9940370871452641,0.06573426573426573,0.043478260869565216,0.06133866133866134,0.45695364238410596,0.06232520974830204,0.12849162011173185,7.331762608252674,0.5791414712878495,12.659709193245778,0.4304635761589404,0.06951658010387535,0.11073253833049404,6.192243282332344,0.6120865903281117,10.116613205025393,0.4304635761589404,0.06645358902650153,0.11524822695035461,6.477657301357682,0.6100783176351664,0.026490066225165587,-0.007191370355573309,0.017759081781237807,1.1395193259203307,-0.032945119040262205
87,626622413,0.1,0.7960831108629909,0.7936268971715178,0.799945143090984,0.003862032227993084,0.02857142857142857,0.10809190809190809,0.9771845335975545,0.10809190809190809,0.035897435897435895,0.0989010989010989,0.5695364238410596,0.106805167132774,0.09684684684684684,5.332480058132814,0.48193693057663384,11.064684442739306,0.5496688741721855,0.11040085231056065,0.09100877192982457,4.9788462921097,0.5062180275211167,9.835379266302422,0.5033112582781457,0.09854840857637502,0.09313725490196079,5.10724897082513,0.5509877029974005,0.019867549668874163,-0.0035956851777866478,0.005838074917022276,0.3536337660231137,-0.024281096944482827
88,456110078,0.005,0.8139274812829462,0.7881403243260405,0.8143971163963069,0.00046963511336062247,0.10256410256410256,0.01078921078921079,0.9999864263386397,0.01078921078921079,0.10256410256410256,0.01078921078921079,0.2913907284768212,0.011852443734185644,0.3308270676691729,24.584864945308432,0.717108762785384,34.28331408169694,0.2913907284768212,0.011719270209082434,0.3333333333333333,24.864238410596027,0.7170121304227934,34.677570093457945,0.2913907284768212,0.011852443734185644,0.3308270676691729,24.584864945308432,0.717108762785384,0.0,0.0001331735251032095,-0.002506265664160401,-0.27937346528759477,9.663236259060959e-05
88,456110078,0.01,0.8139274812829462,0.7881403243260405,0.8143971163963069,0.00046963511336062247,0.10256410256410256,0.01078921078921079,0.9999864263386397,0.01078921078921079,0.10256410256410256,0.01078921078921079,0.2913907284768212,0.011852443734185644,0.3308270676691729,24.584864945308432,0.717108762785384,34.28331408169694,0.2913907284768212,0.011719270209082434,0.3333333333333333,24.864238410596027,0.7170121304227934,34.677570093457945,0.2913907284768212,0.011852443734185644,0.3308270676691729,24.584864945308432,0.717108762785384,0.0,0.0001331735251032095,-0.002506265664160401,-0.27937346528759477,9.663236259060959e-05
88,456110078,0.02,0.8139274812829462,0.7881403243260405,0.8143971163963069,0.00046963511336062247,0.09090909090909091,0.022377622377622378,0.9998664827577217,0.022377622377622378,0.09090909090909091,0.022377622377622378,0.31788079470198677,0.020775069916100678,0.23529411764705882,15.301069791136017,0.6965909305838135,21.96564600448096,0.31788079470198677,0.02024237581568784,0.24,15.703729522481703,0.6962121941800709,22.555952989269294,0.31788079470198677,0.020775069916100678,0.23529411764705882,15.301069791136017,0.6965909305838135,0.0,0.000532694100412838,-0.004705882352941171,-0.4026597313456861,0.00037873640374264106
88,456110078,0.05,0.8139274812829462,0.7881403243260405,0.8143971163963069,0.00046963511336062247,0.08064516129032258,0.05154845154845155,0.9975167759215512,0.05154845154845155,0.08064516129032258,0.033766233766233764,0.45695364238410596,0.0519376747902517,0.1503267973856209,8.79811512990321,0.5727960527233809,15.359943714821764,0.4370860927152318,0.050206418963909975,0.1489841986455982,8.705781088060148,0.5926697321650763,14.689093462318615,0.3708609271523179,0.03276068717538953,0.18543046357615894,11.320303666612825,0.6504482029482644,0.019867549668874163,0.0017312558263417252,0.0013425987400227102,0.0923340418430616,-0.01987367944169549
88,456110078,0.1,0.8139274812829462,0.7881403243260405,0.8143971163963069,0.00046963511336062247,0.025362318840579712,0.16143856143856145,0.9364815385186073,0.16143856143856145,0.02631578947368421,0.12427572427572428,0.6291390728476821,0.1599414036489546,0.07330246913580248,3.9335597818594876,0.4414703078609314,8.910134411799689,0.6026490066225165,0.16020775069916102,0.07032457496136012,3.7616719789929145,0.4731539183748055,7.9502078137988335,0.5761589403973509,0.12518311359701692,0.08471275559883155,4.602529237706072,0.48449117317039,0.026490066225165587,-0.00026634705020642246,0.002977894174442358,0.17188780286657313,-0.03168361051387414
89,1349762382,0.005,0.8301755332894125,0.822621243029336,0.8260652338606476,-0.004110299428764952,0.13440860215053763,0.02077922077922078,0.9998901474978722,0.02077922077922078,0.06451612903225806,0.022377622377622378,0.3973509933774834,0.02583566387002264,0.23622047244094488,15.379941284904758,0.618631769067461,24.861221252973827,0.3841059602649007,0.018910640564655745,0.29,20.311631377669997,0.627765487222867,32.35544449492655,0.3841059602649007,0.020775069916100678,0.27102803738317754,18.488792664289356,0.6289607431484919,0.013245033112582738,0.006925023305366894,-0.0537795275590551,-4.931690092765239,-0.009133718155405979
89,1349762382,0.01,0.8301755332894125,0.822621243029336,0.8260652338606476,-0.004110299428764952,0.13440860215053763,0.02077922077922078,0.9998901474978722,0.02077922077922078,0.06451612903225806,0.022377622377622378,0.3973509933774834,0.02583566387002264,0.23622047244094488,15.379941284904758,0.618631769067461,24.861221252973827,0.3841059602649007,0.018910640564655745,0.29,20.311631377669997,0.627765487222867,32.35544449492655,0.3841059602649007,0.020775069916100678,0.27102803738317754,18.488792664289356,0.6289607431484919,0.013245033112582738,0.006925023305366894,-0.0537795275590551,-4.931690092765239,-0.009133718155405979
89,1349762382,0.02,0.8301755332894125,0.822621243029336,0.8260652338606476,-0.004110299428764952,0.13440860215053763,0.02077922077922078,0.9998901474978722,0.02077922077922078,0.06451612903225806,0.022377622377622378,0.3973509933774834,0.02583566387002264,0.23622047244094488,15.379941284904758,0.618631769067461,24.861221252973827,0.3841059602649007,0.018910640564655745,0.29,20.311631377669997,0.627765487222867,32.35544449492655,0.3841059602649007,0.020775069916100678,0.27102803738317754,18.488792664289356,0.6289607431484919,0.013245033112582738,0.006925023305366894,-0.0537795275590551,-4.931690092765239,-0.009133718155405979
89,1349762382,0.05,0.8301755332894125,0.822621243029336,0.8260652338606476,-0.004110299428764952,0.054245283018867926,0.06013986013986014,0.9958920794964684,0.06013986013986014,0.06451612903225806,0.022377622377622378,0.5496688741721855,0.06285790384871487,0.14954954954954955,8.744626220675723,0.4805366525282165,18.197625872382858,0.5099337748344371,0.05766413636968971,0.15098039215686274,8.843170243029535,0.5200547321605725,17.004306847262974,0.3841059602649007,0.020775069916100678,0.27102803738317754,18.488792664289356,0.6289607431484919,0.039735099337748325,0.005193767479025162,-0.0014308426073131875,-0.09854402235381166,-0.03951807963235604
89,1349762382,0.1,0.8301755332894125,0.822621243029336,0.8260652338606476,-0.004110299428764952,0.029832935560859187,0.15984015984015984,0.9353506089959258,0.15984015984015984,0.02643171806167401,0.16543456543456544,0.6688741721854304,0.1643361299773605,0.07565543071161049,4.07015896186418,0.39624284319674946,10.271880064829821,0.6490066225165563,0.16287122120122519,0.07418622255866768,3.9847839153530837,0.41928241672338196,9.50381832487388,0.6556291390728477,0.17059528565721135,0.07173913043478261,3.8431843913333434,0.4152024397402034,0.019867549668874163,0.0014649087761353097,0.0014692081529428108,0.08537504651109584,-0.023039573526632495
90,829101570,0.005,0.8223271147470719,0.8216158270120006,0.8178362565363065,-0.004490858210765336,0.08415841584158416,0.02197802197802198,0.9997530846300876,0.02197802197802198,0.08045977011494253,0.019580419580419582,0.3708609271523179,0.023438540418164868,0.2413793103448276,15.822697170379291,0.6442390969607589,24.560287081339716,0.36423841059602646,0.02623518444533227,0.21825396825396826,13.883584899317576,0.6528902864926747,21.264805414551603,0.3576158940397351,0.024104408043680917,0.2297872340425532,14.836120156598733,0.658250853118945,0.0066225165562914245,-0.002796644027167401,0.02312534209085934,1.939112271061715,-0.008651189531915793
90,829101570,0.01,0.8223271147470719,0.8216158270120006,0.8178362565363065,-0.004490858210765336,0.08415841584158416,0.02197802197802198,0.9997530846300876,0.02197802197802198,0.08045977011494253,0.019580419580419582,0.3708609271523179,0.023438540418164868,0.2413793103448276,15.822697170379291,0.6442390969607589,24.560287081339716,0.36423841059602646,0.02623518444533227,0.21825396825396826,13.883584899317576,0.6528902864926747,21.264805414551603,0.3576158940397351,0.024104408043680917,0.2297872340425532,14.836120156598733,0.658250853118945,0.0066225165562914245,-0.002796644027167401,0.02312534209085934,1.939112271061715,-0.008651189531915793
90,829101570,0.02,0.8223271147470719,0.8216158270120006,0.8178362565363065,-0.004490858210765336,0.08415841584158416,0.02197802197802198,0.9997530846300876,0.02197802197802198,0.08045977011494253,0.019580419580419582,0.3708609271523179,0.023438540418164868,0.2413793103448276,15.822697170379291,0.6442390969607589,24.560287081339716,0.36423841059602646,0.02623518444533227,0.21825396825396826,13.883584899317576,0.6528902864926747,21.264805414551603,0.3576158940397351,0.024104408043680917,0.2297872340425532,14.836120156598733,0.658250853118945,0.0066225165562914245,-0.002796644027167401,0.02312534209085934,1.939112271061715,-0.008651189531915793
90,829101570,0.05,0.8223271147470719,0.8216158270120006,0.8178362565363065,-0.004490858210765336,0.052083333333333336,0.05614385614385614,0.9955408651470676,0.05614385614385614,0.052083333333333336,0.03776223776223776,0.5231788079470199,0.06165934212278599,0.14575645756457564,8.484988485689357,0.5081536092997201,16.697684185265178,0.48344370860927155,0.06379011852443735,0.1322463768115942,7.578661394461419,0.5517526588980057,13.73561372517531,0.44370860927152317,0.04368091623385271,0.16962025316455695,10.1579510579874,0.5817006061802161,0.039735099337748325,-0.002130776401651359,0.013510080752981435,0.9063270912279373,-0.043599049598285644
90,829101570,0.1,0.8223271147470719,0.8216158270120006,0.8178362565363065,-0.004490858210765336,0.02553191489361702,0.10649350649350649,0.9774290600562909,0.10649350649350649,0.031791907514450865,0.10469530469530469,0.609271523178808,0.11146624051138633,0.09903121636167922,5.465973557407012,0.43974522368859875,12.429864528278964,0.5894039735099338,0.11106671993607671,0.09642470205850487,5.306755919767498,0.4618974626088251,11.489034578788582,0.5894039735099338,0.1096018111599414,0.09758771929824561,5.377684613713357,0.46113753558389275,0.019867549668874163,0.0003995205753096198,0.002606514303174351,0.15921763763951446,-0.02215223892022633
91,1125461323,0.005,0.8057849344583409,0.8014188713058678,0.8056367678873653,-0.00014816657097560526,0.07262569832402235,0.03736263736263736,0.9988761985915402,0.03736263736263736,0.07262569832402235,0.03736263736263736,0.3841059602649007,0.04141696630709815,0.15718157181571815,9.274121079193373,0.6425046324494111,14.434325623206442,0.3841059602649007,0.04115061925689173,0.15803814713896458,9.33414775284511,0.6423261589403975,14.531788286877543,0.3841059602649007,0.04141696630709815,0.15718157181571815,9.274121079193373,0.6425046324494111,0.0,0.00026634705020642246,-0.0008565753232464279,-0.06002667365173764,0.00017847350901367687
91,1125461323,0.01,0.8057849344583409,0.8014188713058678,0.8056367678873653,-0.00014816657097560526,0.07262569832402235,0.03736263736263736,0.9988761985915402,0.03736263736263736,0.07262569832402235,0.03736263736263736,0.3841059602649007,0.04141696630709815,0.15718157181571815,9.274121079193373,0.6425046324494111,14.434325623206442,0.3841059602649007,0.04115061925689173,0.15803814713896458,9.33414775284511,0.6423261589403975,14.531788286877543,0.3841059602649007,0.04141696630709815,0.15718157181571815,9.274121079193373,0.6425046324494111,0.0,0.00026634705020642246,-0.0008565753232464279,-0.06002667365173764,0.00017847350901367687
91,1125461323,0.02,0.8057849344583409,0.8014188713058678,0.8056367678873653,-0.00014816657097560526,0.07262569832402235,0.03736263736263736,0.9988761985915402,0.03736263736263736,0.07262569832402235,0.03736263736263736,0.3841059602649007,0.04141696630709815,0.15718157181571815,9.274121079193373,0.6425046324494111,14.434325623206442,0.3841059602649007,0.04115061925689173,0.15803814713896458,9.33414775284511,0.6423261589403975,14.531788286877543,0.3841059602649007,0.04141696630709815,0.15718157181571815,9.274121079193373,0.6425046324494111,0.0,0.00026634705020642246,-0.0008565753232464279,-0.06002667365173764,0.00017847350901367687
91,1125461323,0.05,0.8057849344583409,0.8014188713058678,0.8056367678873653,-0.00014816657097560526,0.06018518518518518,0.05754245754245754,0.9952932792960316,0.05754245754245754,0.041666666666666664,0.04655344655344655,0.4966887417218543,0.060061259821547475,0.14258555133079848,8.269702353856772,0.5354724055554826,15.443750729373322,0.4304635761589404,0.06565454787588228,0.11648745519713262,6.5564928871754224,0.6095565858926051,10.756167743761496,0.41721854304635764,0.05260354241576774,0.13755458515283842,7.931377315785062,0.6151400000372365,0.06622516556291391,-0.005593288054334802,0.026098096133665857,1.7132094666813495,-0.0740841803371225
91,1125461323,0.1,0.8057849344583409,0.8014188713058678,0.8056367678873653,-0.00014816657097560526,0.023514851485148515,0.17582417582417584,0.9086342865970354,0.17582417582417584,0.03,0.15824175824175823,0.6821192052980133,0.1965641230523372,0.06523115896136795,3.4702121358961935,0.39565173005423804,8.770875677506776,0.6291390728476821,0.1911040085231056,0.06209150326797386,3.2921291275353624,0.45847788969159614,7.180562468889995,0.6291390728476821,0.17538953256092688,0.06728045325779036,3.587095898263664,0.44974074644488937,0.052980132450331174,0.005460114529231591,0.0031396556933940972,0.17808300836083113,-0.0628261596373581
92,628619437,0.005,0.7926594047408013,0.7926920366641708,0.7948060561321999,0.0021466513913985796,0.125,0.017782217782217783,0.9998148661037372,0.017782217782217783,0.125,0.017782217782217783,0.37748344370860926,0.026102010920229058,0.22529644268774704,14.46185295310177,0.6392009874459255,22.62489144594008,0.37748344370860926,0.02596883739512585,0.2261904761904762,14.536016301579215,0.6391135932720883,22.744026186579372,0.37748344370860926,0.026102010920229058,0.22529644268774704,14.46185295310177,0.6392009874459255,0.0,0.00013317352510320776,-0.0008940335027291524,-0.07416334847744466,8.739417383718528e-05
92,628619437,0.01,0.7926594047408013,0.7926920366641708,0.7948060561321999,0.0021466513913985796,0.125,0.017782217782217783,0.9998148661037372,0.017782217782217783,0.125,0.017782217782217783,0.37748344370860926,0.026102010920229058,0.22529644268774704,14.46185295310177,0.6392009874459255,22.62489144594008,0.37748344370860926,0.02596883739512585,0.2261904761904762,14.536016301579215,0.6391135932720883,22.744026186579372,0.37748344370860926,0.026102010920229058,0.22529644268774704,14.46185295310177,0.6392009874459255,0.0,0.00013317352510320776,-0.0008940335027291524,-0.07416334847744466,8.739417383718528e-05
92,628619437,0.02,0.7926594047408013,0.7926920366641708,0.7948060561321999,0.0021466513913985796,0.11290322580645161,0.034165834165834165,0.9989422097400387,0.034165834165834165,0.07692307692307693,0.03676323676323676,0.44370860927152317,0.04594486616060727,0.16262135922330098,9.657414339188021,0.5830809677526706,16.562732919254657,0.423841059602649,0.04181648688240778,0.1693121693121693,10.135740498586914,0.6013033333486739,16.856285233179587,0.4304635761589404,0.04368091623385271,0.16539440203562342,9.854728638345986,0.5955506206130785,0.019867549668874163,0.004128379278199493,-0.006690810088868321,-0.4783261593988932,-0.01822236559600332
92,628619437,0.05,0.7926594047408013,0.7926920366641708,0.7948060561321999,0.0021466513913985796,0.07692307692307693,0.05314685314685315,0.9963456585067603,0.05314685314685315,0.057692307692307696,0.04655344655344655,0.4966887417218543,0.06352377147423093,0.1358695652173913,7.818942896413844,0.5374522523337025,14.548162859980138,0.4503311258278146,0.05939539219603143,0.13229571984435798,7.581920232827488,0.5843782494915672,12.97433680911989,0.44370860927152317,0.05260354241576774,0.14502164502164502,8.434956827898398,0.5871790909446348,0.046357615894039694,0.004128379278199493,0.0035738453730333186,0.23702266358635615,-0.04692599715786472
92,628619437,0.1,0.7926594047408013,0.7926920366641708,0.7948060561321999,0.0021466513913985796,0.029832935560859187,0.15844155844155844,0.9329868290493059,0.15844155844155844,0.025454545454545455,0.16263736263736264,0.6225165562913907,0.16540151817818619,0.07035928143712575,3.7636689381578523,0.4522934703698655,8.321298415119925,0.6158940397350994,0.16806498868025035,0.06863468634686347,3.664618339438084,0.46170188180392807,7.9371960216405295,0.6225165562913907,0.17245971500865628,0.06767458603311735,3.6096346109591138,0.45615113917089595,0.0066225165562913135,-0.002663470502064169,0.0017245950902622792,0.09905059871976851,-0.009408411434062569
93,1738270339,0.005,0.822575822919781,0.8176598677613354,0.8177846628196275,-0.004791160100153569,0.10824742268041238,0.022177822177822177,0.9998207005084748,0.022177822177822177,0.07792207792207792,0.03336663336663337,0.3509933774834437,0.02357171394326808,0.23043478260869565,14.890447861712875,0.6646741309979297,22.402628848149433,0.3576158940397351,0.02263949926754561,0.24107142857142858,15.796104402025712,0.6572642392227318,24.033110976349306,0.3841059602649007,0.03542415767745372,0.17901234567901234,10.843051336951651,0.6385128184965982,-0.006622516556291369,0.0009322146757224682,-0.010636645962732921,-0.9056565403128367,0.007409891775197908
93,1738270339,0.01,0.822575822919781,0.8176598677613354,0.8177846628196275,-0.004791160100153569,0.10824742268041238,0.022177822177822177,0.9998207005084748,0.022177822177822177,0.07792207792207792,0.03336663336663337,0.3509933774834437,0.02357171394326808,0.23043478260869565,14.890447861712875,0.6646741309979297,22.402628848149433,0.3576158940397351,0.02263949926754561,0.24107142857142858,15.796104402025712,0.6572642392227318,24.033110976349306,0.3841059602649007,0.03542415767745372,0.17901234567901234,10.843051336951651,0.6385128184965982,-0.006622516556291369,0.0009322146757224682,-0.010636645962732921,-0.9056565403128367,0.007409891775197908
93,1738270339,0.02,0.822575822919781,0.8176598677613354,0.8177846628196275,-0.004791160100153569,0.10824742268041238,0.022177822177822177,0.9998207005084748,0.022177822177822177,0.07792207792207792,0.03336663336663337,0.3509933774834437,0.02357171394326808,0.23043478260869565,14.890447861712875,0.6646741309979297,22.402628848149433,0.3576158940397351,0.02263949926754561,0.24107142857142858,15.796104402025712,0.6572642392227318,24.033110976349306,0.3841059602649007,0.03542415767745372,0.17901234567901234,10.843051336951651,0.6385128184965982,-0.006622516556291369,0.0009322146757224682,-0.010636645962732921,-0.9056565403128367,0.007409891775197908
93,1738270339,0.05,0.822575822919781,0.8176598677613354,0.8177846628196275,-0.004791160100153569,0.07792207792207792,0.05054945054945055,0.9969943045030056,0.05054945054945055,0.04225352112676056,0.04695304695304695,0.45695364238410596,0.054867492342522306,0.14345114345114346,8.328312865685078,0.5745716639901012,14.494820033151791,0.4370860927152318,0.05579970701824477,0.1360824742268041,7.8331252272044765,0.596180610691301,13.138845991857364,0.4370860927152318,0.05233719536556133,0.1437908496732026,8.351347252413932,0.5940023229063132,0.019867549668874163,-0.0009322146757224647,0.007368669224339347,0.4951876384806013,-0.021608946701199838
93,1738270339,0.1,0.822575822919781,0.8176598677613354,0.8177846628196275,-0.004791160100153569,0.015214384508990318,0.17882117882117882,0.9132247901583769,0.17882117882117882,0.023026315789473683,0.15864135864135864,0.6490066225165563,0.18724197629511252,0.06515957446808511,3.4661384982054204,0.43185470613193166,8.026168174132424,0.6556291390728477,0.18191503529098416,0.06757679180887372,3.604040413834563,0.4209475491945282,8.561732740173442,0.6225165562913907,0.16233852710081237,0.0715917745620716,3.8346815596325285,0.4506396150728056,-0.0066225165562914245,0.005326941004128366,-0.002417217340788605,-0.13790191562914256,0.010907156937403462
94,913932989,0.005,0.8155577545356169,0.8098427582265519,0.8209795045062922,0.005421749970675349,0.0935672514619883,0.03396603396603397,0.9993360957805844,0.03396603396603397,0.0935672514619883,0.03396603396603397,0.3973509933774834,0.03262751365028632,0.19672131147540983,12.178402486822543,0.6229751363888322,19.548777752859383,0.3973509933774834,0.03262751365028632,0.19672131147540983,12.178402486822543,0.6229751363888322,19.548777752859383,0.3973509933774834,0.03262751365028632,0.19672131147540983,12.178402486822543,0.6229751363888322,0.0,0.0,0.0,0.0,0.0
94,913932989,0.01,0.8155577545356169,0.8098427582265519,0.8209795045062922,0.005421749970675349,0.0935672514619883,0.03396603396603397,0.9993360957805844,0.03396603396603397,0.0935672514619883,0.03396603396603397,0.3973509933774834,0.03262751365028632,0.19672131147540983,12.178402486822543,0.6229751363888322,19.548777752859383,0.3973509933774834,0.03262751365028632,0.19672131147540983,12.178402486822543,0.6229751363888322,19.548777752859383,0.3973509933774834,0.03262751365028632,0.19672131147540983,12.178402486822543,0.6229751363888322,0.0,0.0,0.0,0.0,0.0
94,913932989,0.02,0.8155577545356169,0.8098427582265519,0.8209795045062922,0.005421749970675349,0.0935672514619883,0.03396603396603397,0.9993360957805844,0.03396603396603397,0.0935672514619883,0.03396603396603397,0.3973509933774834,0.03262751365028632,0.19672131147540983,12.178402486822543,0.6229751363888322,19.548777752859383,0.3973509933774834,0.03262751365028632,0.19672131147540983,12.178402486822543,0.6229751363888322,19.548777752859383,0.3973509933774834,0.03262751365028632,0.19672131147540983,12.178402486822543,0.6229751363888322,0.0,0.0,0.0,0.0,0.0
94,913932989,0.05,0.8155577545356169,0.8098427582265519,0.8209795045062922,0.005421749970675349,0.08673469387755102,0.05174825174825175,0.9972107131990737,0.05174825174825175,0.047619047619047616,0.04915084915084915,0.48344370860927155,0.049540551338393926,0.16404494382022472,9.75854518265328,0.5434806209966344,17.955645161290327,0.4503311258278146,0.052869889465974165,0.14623655913978495,8.51772398952408,0.5803520213946766,14.676823161664293,0.4503311258278146,0.050872286589426025,0.1511111111111111,8.852189591206962,0.5791305705288256,0.033112582781456956,-0.003329338127580239,0.01780838468043977,1.2408211931292001,-0.03687140039804215
94,913932989,0.1,0.8155577545356169,0.8098427582265519,0.8209795045062922,0.005421749970675349,0.027855153203342618,0.12907092907092907,0.9665178260981744,0.12907092907092907,0.03835616438356164,0.11928071928071927,0.609271523178808,0.13157544280197098,0.08518518518518518,4.630586910475373,0.44992794547620474,10.291841075962397,0.5960264900662252,0.12385137834598482,0.08823529411764706,4.812433240760521,0.461078748456105,10.437334743521946,0.5761589403973509,0.11466240511386336,0.09177215189873418,5.0248286683434475,0.47873383221364196,0.013245033112582738,0.007724064455986154,-0.0030501089324618813,-0.18184633028514785,-0.011150802979900287
95,1793031327,0.005,0.8283807775040811,0.82300973930621,0.8341601557160105,0.00577937821192942,0.06593406593406594,0.01978021978021978,0.9998427098349608,0.01978021978021978,0.06593406593406594,0.01978021978021978,0.3443708609271523,0.023971234518577706,0.22413793103448276,14.366004415011037,0.6717313692588366,21.386531986531985,0.33774834437086093,0.0238380609934745,0.2217391304347826,14.168448703244662,0.6784239675469586,20.884357541899437,0.3443708609271523,0.023971234518577706,0.22413793103448276,14.366004415011037,0.6717313692588366,0.006622516556291369,0.00013317352510320776,0.002398800599700157,0.1975557117663751,-0.006692598288121965
95,1793031327,0.01,0.8283807775040811,0.82300973930621,0.8341601557160105,0.00577937821192942,0.06593406593406594,0.01978021978021978,0.9998427098349608,0.01978021978021978,0.06593406593406594,0.01978021978021978,0.3443708609271523,0.023971234518577706,0.22413793103448276,14.366004415011037,0.6717313692588366,21.386531986531985,0.33774834437086093,0.0238380609934745,0.2217391304347826,14.168448703244662,0.6784239675469586,20.884357541899437,0.3443708609271523,0.023971234518577706,0.22413793103448276,14.366004415011037,0.6717313692588366,0.006622516556291369,0.00013317352510320776,0.002398800599700157,0.1975557117663751,-0.006692598288121965
95,1793031327,0.02,0.8283807775040811,0.82300973930621,0.8341601557160105,0.00577937821192942,0.055,0.03856143856143856,0.998911812097464,0.03856143856143856,0.04,0.04855144855144855,0.4503311258278146,0.042082833932614194,0.17708333333333334,10.701064632408418,0.5738167073764688,18.64892481317676,0.41721854304635764,0.0392861899054468,0.17597765363128492,10.6199797957122,0.6066129692632243,17.50701078582435,0.4370860927152318,0.050206418963909975,0.1489841986455982,8.705781088060148,0.5926697321650763,0.033112582781456956,0.0027966440271673942,0.0011056797020484177,0.08108483669621691,-0.03279626188675544
95,1793031327,0.05,0.8283807775040811,0.82300973930621,0.8341601557160105,0.00577937821192942,0.04,0.06133866133866134,0.9954287910747931,0.06133866133866134,0.04,0.04855144855144855,0.543046357615894,0.05952856572113464,0.15500945179584122,9.122449886661629,0.4858772161798714,18.77521641863632,0.46357615894039733,0.06165934212278599,0.13133208255159476,7.518344227826012,0.5716728104621852,13.151481214836144,0.4370860927152318,0.050206418963909975,0.1489841986455982,8.705781088060148,0.5926697321650763,0.0794701986754967,-0.002130776401651352,0.02367736924424646,1.6041056588356168,-0.08579559428231381
95,1793031327,0.1,0.8283807775040811,0.82300973930621,0.8341601557160105,0.00577937821192942,0.02936378466557912,0.10809190809190809,0.9771845335975545,0.10809190809190809,0.02936378466557912,0.16743256743256743,0.6225165562913907,0.10307630842988413,0.10829493087557604,6.039375737974229,0.42086461452233814,14.349925200598394,0.5894039735099338,0.11040085231056065,0.09694989106753812,5.338762891539316,0.4615517309751358,11.566987042297367,0.6556291390728477,0.16660007990411507,0.07333333333333333,3.935347086569155,0.4132120157721295,0.0331125827814569,-0.007324543880676521,0.011345039808037916,0.7006128464349128,-0.040687116452797656
96,842850846,0.005,0.8372795912013751,0.8320240876511101,0.835877741412292,-0.0014018497890830872,0.43859649122807015,0.006393606393606394,1.0,0.006393606393606394,0.43859649122807015,0.006393606393606394,0.31788079470198677,0.0031961646024770275,0.6666666666666666,99.45695364238411,0.6843063610665038,145.33980582524273,0.31788079470198677,0.0031961646024770275,0.6666666666666666,99.45695364238411,0.6843063610665038,145.33980582524273,0.31788079470198677,0.0031961646024770275,0.6666666666666666,99.45695364238411,0.6843063610665038,0.0,0.0,0.0,0.0,0.0
96,842850846,0.01,0.8372795912013751,0.8320240876511101,0.835877741412292,-0.0014018497890830872,0.09913793103448276,0.027172827172827173,0.99962411746681,0.027172827172827173,0.06349206349206349,0.01818181818181818,0.39072847682119205,0.02050872286589426,0.27699530516431925,19.051819041885267,0.6220285339972357,30.62852907961604,0.4370860927152318,0.02823278732188041,0.23741007194244604,15.481506934899413,0.5792682650132005,26.725971143174252,0.36423841059602646,0.018777467039552537,0.28061224489795916,19.397632802592643,0.6479280367582027,-0.04635761589403975,-0.007724064455986151,0.03958523322187321,3.5703121069858543,0.04276026898403518
96,842850846,0.02,0.8372795912013751,0.8320240876511101,0.835877741412292,-0.0014018497890830872,0.09913793103448276,0.027172827172827173,0.99962411746681,0.027172827172827173,0.06349206349206349,0.01818181818181818,0.39072847682119205,0.02050872286589426,0.27699530516431925,19.051819041885267,0.6220285339972357,30.62852907961604,0.4370860927152318,0.02823278732188041,0.23741007194244604,15.481506934899413,0.5792682650132005,26.725971143174252,0.36423841059602646,0.018777467039552537,0.28061224489795916,19.397632802592643,0.6479280367582027,-0.04635761589403975,-0.007724064455986151,0.03958523322187321,3.5703121069858543,0.04276026898403518
96,842850846,0.05,0.8372795912013751,0.8320240876511101,0.835877741412292,-0.0014018497890830872,0.05785123966942149,0.06173826173826174,0.9954287910747931,0.06173826173826174,0.043478260869565216,0.04975024975024975,0.5496688741721855,0.05859635104541217,0.1586998087954111,9.380599036724865,0.47836135575626815,19.609859625668452,0.5099337748344371,0.06139299507257957,0.14312267657992564,8.306057950611255,0.522120783877442,15.908307439760806,0.4900662251655629,0.04980689838860035,0.16517857142857142,9.839324290824095,0.5366633097732008,0.039735099337748325,-0.002796644027167401,0.015577132215485456,1.0745410861136104,-0.04375942812117384
96,842850846,0.1,0.8372795912013751,0.8320240876511101,0.835877741412292,-0.0014018497890830872,0.023989898989898988,0.16323676323676323,0.9315820852796389,0.16323676323676323,0.022222222222222223,0.15804195804195803,0.6688741721854304,0.16193900652550272,0.07668944570994685,4.130408025444406,0.39510946147459125,10.453832236842105,0.6754966887417219,0.16673325342921827,0.07533234859675036,4.051361530161014,0.3894350909762523,10.403175327639042,0.6556291390728477,0.16020775069916102,0.07603686635944701,4.092368416706578,0.41006672925816473,-0.0066225165562914245,-0.004794246903715549,0.0013570971131964815,0.07904649528339203,0.005674370498338965
97,1889472318,0.005,0.8173040034078312,0.8146991821734448,0.8185091797128214,0.0012051763049902853,0.05789473684210526,0.02197802197802198,0.9998463703792503,0.02197802197802198,0.631578947368421,0.004195804195804196,0.2913907284768212,0.023971234518577706,0.19642857142857142,12.155849889624724,0.7260126920272275,16.743302180685355,0.31788079470198677,0.021973631642029565,0.22535211267605634,14.46646598434678,0.6974445959399211,20.742100617828775,0.24503311258278146,0.0046610733786123315,0.5138888888888888,52.57010406811732,0.7585023223997717,-0.026490066225165587,0.0019976028765481407,-0.02892354124748492,-2.3106160947220555,0.02856809608730637
97,1889472318,0.01,0.8173040034078312,0.8146991821734448,0.8185091797128214,0.0012051763049902853,0.05789473684210526,0.02197802197802198,0.9998463703792503,0.02197802197802198,0.631578947368421,0.004195804195804196,0.2913907284768212,0.023971234518577706,0.19642857142857142,12.155849889624724,0.7260126920272275,16.743302180685355,0.31788079470198677,0.021973631642029565,0.22535211267605634,14.46646598434678,0.6974445959399211,20.742100617828775,0.24503311258278146,0.0046610733786123315,0.5138888888888888,52.57010406811732,0.7585023223997717,-0.026490066225165587,0.0019976028765481407,-0.02892354124748492,-2.3106160947220555,0.02856809608730637
97,1889472318,0.02,0.8173040034078312,0.8146991821734448,0.8185091797128214,0.0012051763049902853,0.05789473684210526,0.02197802197802198,0.9998463703792503,0.02197802197802198,0.631578947368421,0.004195804195804196,0.2913907284768212,0.023971234518577706,0.19642857142857142,12.155849889624724,0.7260126920272275,16.743302180685355,0.31788079470198677,0.021973631642029565,0.22535211267605634,14.46646598434678,0.6974445959399211,20.742100617828775,0.24503311258278146,0.0046610733786123315,0.5138888888888888,52.57010406811732,0.7585023223997717,-0.026490066225165587,0.0019976028765481407,-0.02892354124748492,-2.3106160947220555,0.02856809608730637
97,1889472318,0.05,0.8173040034078312,0.8146991821734448,0.8185091797128214,0.0012051763049902853,0.055,0.05974025974025974,0.9960830681668772,0.05974025974025974,0.04081632653061224,0.051348651348651346,0.4503311258278146,0.060061259821547475,0.13102119460500963,7.497863467496807,0.5847922323829612,12.821414260144795,0.4304635761589404,0.05673192169396724,0.13238289205702647,7.587678388210054,0.6037906263761847,12.566737635113002,0.423841059602649,0.049407377813290715,0.1471264367816092,8.578497349208334,0.6061049990814947,0.019867549668874218,0.0033293381275802322,-0.0013616974520168357,-0.0898149207132466,-0.01899839399322356
97,1889472318,0.1,0.8173040034078312,0.8146991821734448,0.8185091797128214,0.0012051763049902853,0.02109181141439206,0.15904095904095905,0.9389536545950239,0.15904095904095905,0.020527859237536656,0.16823176823176822,0.6556291390728477,0.16113996537488348,0.07563025210084033,4.068693558097531,0.41052243129099647,9.911013986013986,0.6291390728476821,0.15674523904647755,0.07468553459119497,4.0137683075728505,0.4397970154748507,9.126410972205365,0.6490066225165563,0.16606738580370223,0.07286245353159851,3.908092003590073,0.4208893758420918,0.026490066225165587,0.004394726328405929,0.0009447175096453653,0.05492525052468089,-0.029274584183854258
98,1714281730,0.005,0.8210738725009018,0.8121459546557376,0.8201632654501133,-0.0009106070507884922,0.10714285714285714,0.021378621378621378,0.9998880399989367,0.021378621378621378,0.06818181818181818,0.02037962037962038,0.3576158940397351,0.02317219336795845,0.23684210526315788,15.432975565197534,0.6576226655290565,23.467827941699255,0.32450331125827814,0.019043814089758956,0.2552083333333333,17.039827721946928,0.6886104582896537,24.745235156999865,0.32450331125827814,0.018777467039552537,0.2578947368421053,17.281527405946175,0.6884235390555903,0.033112582781456956,0.004128379278199493,-0.018366228070175433,-1.6068521567493939,-0.030987792760597266
98,1714281730,0.01,0.8210738725009018,0.8121459546557376,0.8201632654501133,-0.0009106070507884922,0.10714285714285714,0.021378621378621378,0.9998880399989367,0.021378621378621378,0.06818181818181818,0.02037962037962038,0.3576158940397351,0.02317219336795845,0.23684210526315788,15.432975565197534,0.6576226655290565,23.467827941699255,0.32450331125827814,0.019043814089758956,0.2552083333333333,17.039827721946928,0.6886104582896537,24.745235156999865,0.32450331125827814,0.018777467039552537,0.2578947368421053,17.281527405946175,0.6884235390555903,0.033112582781456956,0.004128379278199493,-0.018366228070175433,-1.6068521567493939,-0.030987792760597266
98,1714281730,0.02,0.8210738725009018,0.8121459546557376,0.8201632654501133,-0.0009106070507884922,0.10714285714285714,0.021378621378621378,0.9998880399989367,0.021378621378621378,0.06818181818181818,0.02037962037962038,0.3576158940397351,0.02317219336795845,0.23684210526315788,15.432975565197534,0.6576226655290565,23.467827941699255,0.32450331125827814,0.019043814089758956,0.2552083333333333,17.039827721946928,0.6886104582896537,24.745235156999865,0.32450331125827814,0.018777467039552537,0.2578947368421053,17.281527405946175,0.6884235390555903,0.033112582781456956,0.004128379278199493,-0.018366228070175433,-1.6068521567493939,-0.030987792760597266
98,1714281730,0.05,0.8210738725009018,0.8121459546557376,0.8201632654501133,-0.0009106070507884922,0.06310679611650485,0.056943056943056944,0.9969084720243471,0.056943056943056944,0.06818181818181818,0.02037962037962038,0.4304635761589404,0.054734318817419095,0.13655462184873948,7.864600957122831,0.6025146529476637,13.0529621456459,0.45695364238410596,0.052869889465974165,0.148068669527897,8.642984636428846,0.5733598283658251,15.074276586594582,0.32450331125827814,0.018777467039552537,0.2578947368421053,17.281527405946175,0.6884235390555903,-0.026490066225165587,0.0018644293514449295,-0.011514047679157507,-0.7783836793060148,0.0291548245818386
98,1714281730,0.1,0.8210738725009018,0.8121459546557376,0.8201632654501133,-0.0009106070507884922,0.027777777777777776,0.15964035964035964,0.9385236560147499,0.15964035964035964,0.01834862385321101,0.16943056943056944,0.6158940397350994,0.1534159009188973,0.0746987951807229,4.014538493377484,0.4537127034181436,8.848195043103448,0.5960264900662252,0.15767745372220002,0.0706436420722135,3.7800362448541263,0.4795947962201921,7.881729065130707,0.6291390728476821,0.16526834465308296,0.07110778443113773,3.8067730040396817,0.4442876040183081,0.019867549668874163,-0.004261552803302704,0.004055153108509388,0.23450224852335744,-0.02588209280204845
99,847967612,0.005,0.8108812471391945,0.8090335747213718,0.8010907881844216,-0.00979045895477293,0.08974358974358974,0.03256743256743257,0.9993361980103633,0.03256743256743257,0.08974358974358974,0.03256743256743257,0.36423841059602646,0.033559728326008786,0.1791530944625407,10.853437401450647,0.6578384697305274,16.49863591269841,0.36423841059602646,0.03342655480090558,0.17973856209150327,10.896678187910608,0.657747833402375,16.56665006640106,0.36423841059602646,0.033559728326008786,0.1791530944625407,10.853437401450647,0.6578384697305274,0.0,0.0001331735251032043,-0.0005854676289625549,-0.0432407864599611,9.063632815242695e-05
99,847967612,0.01,0.8108812471391945,0.8090335747213718,0.8010907881844216,-0.00979045895477293,0.08974358974358974,0.03256743256743257,0.9993361980103633,0.03256743256743257,0.08974358974358974,0.03256743256743257,0.36423841059602646,0.033559728326008786,0.1791530944625407,10.853437401450647,0.6578384697305274,16.49863591269841,0.36423841059602646,0.03342655480090558,0.17973856209150327,10.896678187910608,0.657747833402375,16.56665006640106,0.36423841059602646,0.033559728326008786,0.1791530944625407,10.853437401450647,0.6578384697305274,0.0,0.0001331735251032043,-0.0005854676289625549,-0.0432407864599611,9.063632815242695e-05
99,847967612,0.02,0.8108812471391945,0.8090335747213718,0.8010907881844216,-0.00979045895477293,0.08974358974358974,0.03256743256743257,0.9993361980103633,0.03256743256743257,0.08974358974358974,0.03256743256743257,0.36423841059602646,0.033559728326008786,0.1791530944625407,10.853437401450647,0.6578384697305274,16.49863591269841,0.36423841059602646,0.03342655480090558,0.17973856209150327,10.896678187910608,0.657747833402375,16.56665006640106,0.36423841059602646,0.033559728326008786,0.1791530944625407,10.853437401450647,0.6578384697305274,0.0,0.0001331735251032043,-0.0005854676289625549,-0.0432407864599611,9.063632815242695e-05
99,847967612,0.05,0.8108812471391945,0.8090335747213718,0.8010907881844216,-0.00979045895477293,0.08173076923076923,0.05154845154845155,0.9970846337679666,0.05154845154845155,0.043478260869565216,0.04835164835164835,0.4503311258278146,0.05247036889066454,0.1471861471861472,8.582579755941776,0.5801073192071595,14.79481377285793,0.41721854304635764,0.053535757091490214,0.13548387096774195,7.793268755559948,0.615745878748403,12.656631614654003,0.41721854304635764,0.05140498068983886,0.1403118040089087,8.116305802422538,0.6143627629179982,0.033112582781456956,-0.001065388200825676,0.01170227621840525,0.7893110003818276,-0.03563855954124351
99,847967612,0.1,0.8108812471391945,0.8090335747213718,0.8010907881844216,-0.00979045895477293,0.027210884353741496,0.10849150849150849,0.9776608921260713,0.10849150849150849,0.03125,0.1102897102897103,0.5629139072847682,0.10720468770808363,0.09550561797752809,5.250832956274937,0.4895703267002798,10.725390551477508,0.5496688741721855,0.10853642295911572,0.09242761692650334,5.06437248608459,0.5051593104035045,10.025297726452548,0.5496688741721855,0.11266480223731522,0.08934337997847147,4.8787985533793625,0.5075095938527779,0.013245033112582738,-0.0013317352510320984,0.0030780010510247507,0.1864604701903474,-0.015588983703224701
100,728082582,0.005,0.8279821388726465,0.826609834203371,0.8083707938994179,-0.019611344973228584,0.1261682242990654,0.022977022977022976,0.9998032532742824,0.022977022977022976,0.06878306878306878,0.03956043956043956,0.3973509933774834,0.023438540418164868,0.2542372881355932,16.95288982540638,0.6171132402466216,27.471278721278722,0.4304635761589404,0.02290584631775203,0.2742616033755274,18.79273833359002,0.582887966010974,32.2407382368848,0.4966887417218543,0.04248235450792383,0.19035532994923857,11.691648155452675,0.5256417577761608,-0.033112582781456956,0.000532694100412838,-0.0200243152399342,-1.839848508183639,0.034225274235647585
100,728082582,0.01,0.8279821388726465,0.826609834203371,0.8083707938994179,-0.019611344973228584,0.1261682242990654,0.022977022977022976,0.9998032532742824,0.022977022977022976,0.06878306878306878,0.03956043956043956,0.3973509933774834,0.023438540418164868,0.2542372881355932,16.95288982540638,0.6171132402466216,27.471278721278722,0.4304635761589404,0.02290584631775203,0.2742616033755274,18.79273833359002,0.582887966010974,32.2407382368848,0.4966887417218543,0.04248235450792383,0.19035532994923857,11.691648155452675,0.5256417577761608,-0.033112582781456956,0.000532694100412838,-0.0200243152399342,-1.839848508183639,0.034225274235647585
100,728082582,0.02,0.8279821388726465,0.826609834203371,0.8083707938994179,-0.019611344973228584,0.1261682242990654,0.022977022977022976,0.9998032532742824,0.022977022977022976,0.06878306878306878,0.03956043956043956,0.3973509933774834,0.023438540418164868,0.2542372881355932,16.95288982540638,0.6171132402466216,27.471278721278722,0.4304635761589404,0.02290584631775203,0.2742616033755274,18.79273833359002,0.582887966010974,32.2407382368848,0.4966887417218543,0.04248235450792383,0.19035532994923857,11.691648155452675,0.5256417577761608,-0.033112582781456956,0.000532694100412838,-0.0200243152399342,-1.839848508183639,0.034225274235647585
100,728082582,0.05,0.8279821388726465,0.826609834203371,0.8083707938994179,-0.019611344973228584,0.06878306878306878,0.07532467532467532,0.9914376909134786,0.07532467532467532,0.048484848484848485,0.1022977022977023,0.5761589403973509,0.0800372885870289,0.12645348837209303,7.198631420039448,0.4607154772084962,15.624896006655572,0.5364238410596026,0.07777333866027433,0.12180451127819548,6.897271613898213,0.5026705238243241,13.721257338551856,0.5960264900662252,0.10307630842988413,0.10416666666666667,5.782381025720007,0.45039897343618635,0.039735099337748325,0.002263949926754563,0.004648977093897541,0.30135980614123525,-0.041955046615827885
100,728082582,0.1,0.8279821388726465,0.826609834203371,0.8083707938994179,-0.019611344973228584,0.026881720430107527,0.1034965034965035,0.9794618384797655,0.1034965034965035,0.048484848484848485,0.1022977022977023,0.6225165562913907,0.1096018111599414,0.1025081788440567,5.679801726843321,0.42394902464970796,13.397369486900725,0.6026490066225165,0.10520708483153549,0.10329171396140749,5.7282169502892115,0.4440703392277904,12.89934599156118,0.5960264900662252,0.10307630842988413,0.10416666666666667,5.782381025720007,0.45039897343618635,0.019867549668874163,0.004394726328405915,-0.0007835351173507837,-0.048415223445890554,-0.020121314578082417
