This is pdfTeX, Version 3.141592653-2.6-1.40.25 (TeX Live 2023/Fedora 39) (preloaded format=pdflatex 2025.10.30)  8 SEP 2026 18:12
entering extended mode
 \write18 enabled.
 %&-line parsing enabled.
**\def\tikzexternalrealjob{zebra_genomics_boundary_theorem_empirical}\input{zeb
ra_genomics_boundary_theorem_empirical}
(./zebra_genomics_boundary_theorem_empirical.tex (/usr/share/texlive/texmf-dist
/tex/latex/ieeetran/IEEEtran.cls
Document Class: IEEEtran 2015/08/26 V1.8b by Michael Shell
-- See the "IEEEtran_HOWTO" manual for usage information.
-- http://www.michaelshell.org/tex/ieeetran/
\@IEEEtrantmpdimenA=\dimen140
\@IEEEtrantmpdimenB=\dimen141
\@IEEEtrantmpdimenC=\dimen142
\@IEEEtrantmpcountA=\count185
\@IEEEtrantmpcountB=\count186
\@IEEEtrantmpcountC=\count187
\@IEEEtrantmptoksA=\toks16
LaTeX Font Info:    Trying to load font information for OT1+ptm on input line 5
03.
(/usr/share/texlive/texmf-dist/tex/latex/psnfss/ot1ptm.fd
File: ot1ptm.fd 2001/06/04 font definitions for OT1/ptm.
)
-- Using 8.5in x 11in (letter) paper.
-- Using PDF output.
\@IEEEnormalsizeunitybaselineskip=\dimen143
-- This is a 10 point document.
\CLASSINFOnormalsizebaselineskip=\dimen144
\CLASSINFOnormalsizeunitybaselineskip=\dimen145
\IEEEnormaljot=\dimen146
LaTeX Font Info:    Font shape `OT1/ptm/bx/n' in size <5> not available
(Font)              Font shape `OT1/ptm/b/n' tried instead on input line 1090.
LaTeX Font Info:    Font shape `OT1/ptm/bx/it' in size <5> not available
(Font)              Font shape `OT1/ptm/b/it' tried instead on input line 1090.

LaTeX Font Info:    Font shape `OT1/ptm/bx/n' in size <7> not available
(Font)              Font shape `OT1/ptm/b/n' tried instead on input line 1090.
LaTeX Font Info:    Font shape `OT1/ptm/bx/it' in size <7> not available
(Font)              Font shape `OT1/ptm/b/it' tried instead on input line 1090.

LaTeX Font Info:    Font shape `OT1/ptm/bx/n' in size <8> not available
(Font)              Font shape `OT1/ptm/b/n' tried instead on input line 1090.
LaTeX Font Info:    Font shape `OT1/ptm/bx/it' in size <8> not available
(Font)              Font shape `OT1/ptm/b/it' tried instead on input line 1090.

LaTeX Font Info:    Font shape `OT1/ptm/bx/n' in size <9> not available
(Font)              Font shape `OT1/ptm/b/n' tried instead on input line 1090.
LaTeX Font Info:    Font shape `OT1/ptm/bx/it' in size <9> not available
(Font)              Font shape `OT1/ptm/b/it' tried instead on input line 1090.

LaTeX Font Info:    Font shape `OT1/ptm/bx/n' in size <10> not available
(Font)              Font shape `OT1/ptm/b/n' tried instead on input line 1090.
LaTeX Font Info:    Font shape `OT1/ptm/bx/it' in size <10> not available
(Font)              Font shape `OT1/ptm/b/it' tried instead on input line 1090.

LaTeX Font Info:    Font shape `OT1/ptm/bx/n' in size <11> not available
(Font)              Font shape `OT1/ptm/b/n' tried instead on input line 1090.
LaTeX Font Info:    Font shape `OT1/ptm/bx/it' in size <11> not available
(Font)              Font shape `OT1/ptm/b/it' tried instead on input line 1090.

LaTeX Font Info:    Font shape `OT1/ptm/bx/n' in size <12> not available
(Font)              Font shape `OT1/ptm/b/n' tried instead on input line 1090.
LaTeX Font Info:    Font shape `OT1/ptm/bx/it' in size <12> not available
(Font)              Font shape `OT1/ptm/b/it' tried instead on input line 1090.

LaTeX Font Info:    Font shape `OT1/ptm/bx/n' in size <17> not available
(Font)              Font shape `OT1/ptm/b/n' tried instead on input line 1090.
LaTeX Font Info:    Font shape `OT1/ptm/bx/it' in size <17> not available
(Font)              Font shape `OT1/ptm/b/it' tried instead on input line 1090.

LaTeX Font Info:    Font shape `OT1/ptm/bx/n' in size <20> not available
(Font)              Font shape `OT1/ptm/b/n' tried instead on input line 1090.
LaTeX Font Info:    Font shape `OT1/ptm/bx/it' in size <20> not available
(Font)              Font shape `OT1/ptm/b/it' tried instead on input line 1090.

LaTeX Font Info:    Font shape `OT1/ptm/bx/n' in size <24> not available
(Font)              Font shape `OT1/ptm/b/n' tried instead on input line 1090.
LaTeX Font Info:    Font shape `OT1/ptm/bx/it' in size <24> not available
(Font)              Font shape `OT1/ptm/b/it' tried instead on input line 1090.

\IEEEquantizedlength=\dimen147
\IEEEquantizedlengthdiff=\dimen148
\IEEEquantizedtextheightdiff=\dimen149
\IEEEilabelindentA=\dimen150
\IEEEilabelindentB=\dimen151
\IEEEilabelindent=\dimen152
\IEEEelabelindent=\dimen153
\IEEEdlabelindent=\dimen154
\IEEElabelindent=\dimen155
\IEEEiednormlabelsep=\dimen156
\IEEEiedmathlabelsep=\dimen157
\IEEEiedtopsep=\skip48
\c@section=\count188
\c@subsection=\count189
\c@subsubsection=\count190
\c@paragraph=\count191
\c@IEEEsubequation=\count192
\abovecaptionskip=\skip49
\belowcaptionskip=\skip50
\c@figure=\count193
\c@table=\count194
\@IEEEeqnnumcols=\count195
\@IEEEeqncolcnt=\count196
\@IEEEsubeqnnumrollback=\count197
\@IEEEquantizeheightA=\dimen158
\@IEEEquantizeheightB=\dimen159
\@IEEEquantizeheightC=\dimen160
\@IEEEquantizeprevdepth=\dimen161
\@IEEEquantizemultiple=\count198
\@IEEEquantizeboxA=\box51
\@IEEEtmpitemindent=\dimen162
\IEEEPARstartletwidth=\dimen163
\c@IEEEbiography=\count199
\@IEEEtranrubishbin=\box52
) (/usr/share/texlive/texmf-dist/tex/latex/paralist/paralist.sty
Package: paralist 2017/01/22 v2.7 Extended list environments
\pltopsep=\skip51
\plpartopsep=\skip52
\plitemsep=\skip53
\plparsep=\skip54
\pl@lab=\toks17
) (/usr/share/texlive/texmf-dist/tex/latex/enumitem/enumitem.sty
Package: enumitem 2019/06/20 v3.9 Customized lists
\enitkv@toks@=\toks18
\labelindent=\skip55
\enit@outerparindent=\dimen164
\enit@toks=\toks19
\enit@inbox=\box53
\enit@count@id=\count266
\enitdp@description=\count267
) (./preamble.tex (/usr/share/texlive/texmf-dist/tex/latex/etex-pkg/etex.sty
Package: etex 2016/08/01 v2.7 eTeX basic definition package (PEB,DPC)

Package etex Warning: Extended allocation already in use.
(etex)                etex.sty code will not be used.
(etex)                To force etex package to load, add
(etex)                \RequirePackage{etex}
(etex)                at the start of the document.

) (/usr/share/texlive/texmf-dist/tex/latex/amsfonts/amsfonts.sty
Package: amsfonts 2013/01/14 v3.01 Basic AMSFonts support
\@emptytoks=\toks20
\symAMSa=\mathgroup4
\symAMSb=\mathgroup5
LaTeX Font Info:    Redeclaring math symbol \hbar on input line 98.
LaTeX Font Info:    Overwriting math alphabet `\mathfrak' in version `bold'
(Font)                  U/euf/m/n --> U/euf/b/n on input line 106.
) (/usr/share/texlive/texmf-dist/tex/latex/amsmath/amsmath.sty
Package: amsmath 2022/04/08 v2.17n AMS math features
\@mathmargin=\skip56
For additional information on amsmath, use the `?' option.
(/usr/share/texlive/texmf-dist/tex/latex/amsmath/amstext.sty
Package: amstext 2021/08/26 v2.01 AMS text
(/usr/share/texlive/texmf-dist/tex/latex/amsmath/amsgen.sty
File: amsgen.sty 1999/11/30 v2.0 generic functions
\@emptytoks=\toks21
\ex@=\dimen165
)) (/usr/share/texlive/texmf-dist/tex/latex/amsmath/amsbsy.sty
Package: amsbsy 1999/11/29 v1.2d Bold Symbols
\pmbraise@=\dimen166
) (/usr/share/texlive/texmf-dist/tex/latex/amsmath/amsopn.sty
Package: amsopn 2022/04/08 v2.04 operator names
)
\inf@bad=\count268
LaTeX Info: Redefining \frac on input line 234.
\uproot@=\count269
\leftroot@=\count270
LaTeX Info: Redefining \overline on input line 399.
LaTeX Info: Redefining \colon on input line 410.
\classnum@=\count271
\DOTSCASE@=\count272
LaTeX Info: Redefining \ldots on input line 496.
LaTeX Info: Redefining \dots on input line 499.
LaTeX Info: Redefining \cdots on input line 620.
\Mathstrutbox@=\box54
\strutbox@=\box55
LaTeX Info: Redefining \big on input line 722.
LaTeX Info: Redefining \Big on input line 723.
LaTeX Info: Redefining \bigg on input line 724.
LaTeX Info: Redefining \Bigg on input line 725.
\big@size=\dimen167
LaTeX Font Info:    Redeclaring font encoding OML on input line 743.
LaTeX Font Info:    Redeclaring font encoding OMS on input line 744.
\macc@depth=\count273
LaTeX Info: Redefining \bmod on input line 905.
LaTeX Info: Redefining \pmod on input line 910.
LaTeX Info: Redefining \smash on input line 940.
LaTeX Info: Redefining \relbar on input line 970.
LaTeX Info: Redefining \Relbar on input line 971.
\c@MaxMatrixCols=\count274
\dotsspace@=\muskip16
\c@parentequation=\count275
\dspbrk@lvl=\count276
\tag@help=\toks22
\row@=\count277
\column@=\count278
\maxfields@=\count279
\andhelp@=\toks23
\eqnshift@=\dimen168
\alignsep@=\dimen169
\tagshift@=\dimen170
\tagwidth@=\dimen171
\totwidth@=\dimen172
\lineht@=\dimen173
\@envbody=\toks24
\multlinegap=\skip57
\multlinetaggap=\skip58
\mathdisplay@stack=\toks25
LaTeX Info: Redefining \[ on input line 2953.
LaTeX Info: Redefining \] on input line 2954.
) (/usr/share/texlive/texmf-dist/tex/latex/amscls/amsthm.sty
Package: amsthm 2020/05/29 v2.20.6
\thm@style=\toks26
\thm@bodyfont=\toks27
\thm@headfont=\toks28
\thm@notefont=\toks29
\thm@headpunct=\toks30
\thm@preskip=\skip59
\thm@postskip=\skip60
\thm@headsep=\skip61
\dth@everypar=\toks31
) (/usr/share/texlive/texmf-dist/tex/latex/graphics/graphicx.sty
Package: graphicx 2021/09/16 v1.2d Enhanced LaTeX Graphics (DPC,SPQR)
(/usr/share/texlive/texmf-dist/tex/latex/graphics/keyval.sty
Package: keyval 2022/05/29 v1.15 key=value parser (DPC)
\KV@toks@=\toks32
) (/usr/share/texlive/texmf-dist/tex/latex/graphics/graphics.sty
Package: graphics 2022/03/10 v1.4e Standard LaTeX Graphics (DPC,SPQR)
(/usr/share/texlive/texmf-dist/tex/latex/graphics/trig.sty
Package: trig 2021/08/11 v1.11 sin cos tan (DPC)
) (/usr/share/texlive/texmf-dist/tex/latex/graphics-cfg/graphics.cfg
File: graphics.cfg 2016/06/04 v1.11 sample graphics configuration
)
Package graphics Info: Driver file: pdftex.def on input line 107.
(/usr/share/texlive/texmf-dist/tex/latex/graphics-def/pdftex.def
File: pdftex.def 2022/09/22 v1.2b Graphics/color driver for pdftex
))
\Gin@req@height=\dimen174
\Gin@req@width=\dimen175
) (/usr/share/texlive/texmf-dist/tex/latex/xcolor/xcolor.sty
Package: xcolor 2022/06/12 v2.14 LaTeX color extensions (UK)
(/usr/share/texlive/texmf-dist/tex/latex/graphics-cfg/color.cfg
File: color.cfg 2016/01/02 v1.6 sample color configuration
)
Package xcolor Info: Package option `usenames' ignored on input line 218.
Package xcolor Info: Driver file: pdftex.def on input line 227.
(/usr/share/texlive/texmf-dist/tex/latex/graphics/mathcolor.ltx)
Package xcolor Info: Model `cmy' substituted by `cmy0' on input line 1353.
Package xcolor Info: Model `hsb' substituted by `rgb' on input line 1357.
Package xcolor Info: Model `RGB' extended on input line 1369.
Package xcolor Info: Model `HTML' substituted by `rgb' on input line 1371.
Package xcolor Info: Model `Hsb' substituted by `hsb' on input line 1372.
Package xcolor Info: Model `tHsb' substituted by `hsb' on input line 1373.
Package xcolor Info: Model `HSB' substituted by `hsb' on input line 1374.
Package xcolor Info: Model `Gray' substituted by `gray' on input line 1375.
Package xcolor Info: Model `wave' substituted by `hsb' on input line 1376.
(/usr/share/texlive/texmf-dist/tex/latex/graphics/dvipsnam.def
File: dvipsnam.def 2016/06/17 v3.0m Driver-dependent file (DPC,SPQR)
) (/usr/share/texlive/texmf-dist/tex/latex/xcolor/svgnam.def
File: svgnam.def 2022/06/12 v2.14 Predefined colors according to SVG 1.1 (UK)
) (/usr/share/texlive/texmf-dist/tex/latex/xcolor/x11nam.def
File: x11nam.def 2022/06/12 v2.14 Predefined colors according to Unix/X11 (UK)
)) (/usr/share/texlive/texmf-dist/tex/latex/doublestroke/dsfont.sty
Package: dsfont 1995/08/01 v0.1 Double stroke roman fonts
) (/usr/share/texlive/texmf-dist/tex/latex/jknapltx/mathrsfs.sty
Package: mathrsfs 1996/01/01 Math RSFS package v1.0 (jk)
\symrsfs=\mathgroup6
) (/usr/share/texlive/texmf-dist/tex/latex/texshade/texshade.sty
Package: texshade 2022/08/29 LaTeX TeXshade (v1.26a)
Package `texshade', Version 1.26a of 2022/08/29.
\structurefile=\read2
\featurefile=\write3
\alignfile=\read3
\sublogofile=\read4
\exp@rtfile=\write4
\exp@rt@chimerafile=\write5
(/usr/share/texlive/texmf-dist/tex/latex/amsfonts/amssymb.sty
Package: amssymb 2013/01/14 v3.01 AMS font symbols
)
\symalphahelix=\mathgroup7
\loopcount=\count280
\innerloopcount=\count281
\outerloopcount=\count282
\seq@count=\count283
\killseq@count=\count284
\seq@percent=\count285
\res@count=\count286
\seq@pointer=\count287
\pos@count=\count288
\res@perline=\count289
\end@count=\count290
\cons@count=\count291
\total@count=\count292
\temp@count=\count293
\triple@count=\count294
\temp@@count=\count295
\pos@sum=\count296
\box@width=\skip62
\name@width=\skip63
\box@depth=\skip64
\width@tmp=\skip65
\box@height=\skip66
\number@width=\skip67
\line@stretch=\skip68
\center@fill=\skip69
\arrow@width=\skip70
\arrow@height=\skip71
\rule@thick=\skip72
\arrow@thick=\skip73
\logo@height=\skip74
\equal@width=\skip75
\equal@tmp=\skip76
\equal@height=\skip77
\temp@@length=\skip78
\vspace@legend=\skip79
\hspace@legend=\skip80
\bar@length=\skip81
) (/usr/share/texlive/texmf-dist/tex/latex/hyperref/hyperref.sty
Package: hyperref 2023-02-07 v7.00v Hypertext links for LaTeX
(/usr/share/texlive/texmf-dist/tex/generic/ltxcmds/ltxcmds.sty
Package: ltxcmds 2020-05-10 v1.25 LaTeX kernel commands for general use (HO)
) (/usr/share/texlive/texmf-dist/tex/generic/iftex/iftex.sty
Package: iftex 2022/02/03 v1.0f TeX engine tests
) (/usr/share/texlive/texmf-dist/tex/generic/pdftexcmds/pdftexcmds.sty
Package: pdftexcmds 2020-06-27 v0.33 Utility functions of pdfTeX for LuaTeX (HO
)
(/usr/share/texlive/texmf-dist/tex/generic/infwarerr/infwarerr.sty
Package: infwarerr 2019/12/03 v1.5 Providing info/warning/error messages (HO)
)
Package pdftexcmds Info: \pdf@primitive is available.
Package pdftexcmds Info: \pdf@ifprimitive is available.
Package pdftexcmds Info: \pdfdraftmode found.
) (/usr/share/texlive/texmf-dist/tex/latex/kvsetkeys/kvsetkeys.sty
Package: kvsetkeys 2022-10-05 v1.19 Key value parser (HO)
) (/usr/share/texlive/texmf-dist/tex/generic/kvdefinekeys/kvdefinekeys.sty
Package: kvdefinekeys 2019-12-19 v1.6 Define keys (HO)
) (/usr/share/texlive/texmf-dist/tex/generic/pdfescape/pdfescape.sty
Package: pdfescape 2019/12/09 v1.15 Implements pdfTeX's escape features (HO)
) (/usr/share/texlive/texmf-dist/tex/latex/hycolor/hycolor.sty
Package: hycolor 2020-01-27 v1.10 Color options for hyperref/bookmark (HO)
) (/usr/share/texlive/texmf-dist/tex/latex/letltxmacro/letltxmacro.sty
Package: letltxmacro 2019/12/03 v1.6 Let assignment for LaTeX macros (HO)
) (/usr/share/texlive/texmf-dist/tex/latex/auxhook/auxhook.sty
Package: auxhook 2019-12-17 v1.6 Hooks for auxiliary files (HO)
) (/usr/share/texlive/texmf-dist/tex/latex/hyperref/nameref.sty
Package: nameref 2022-05-17 v2.50 Cross-referencing by name of section
(/usr/share/texlive/texmf-dist/tex/latex/refcount/refcount.sty
Package: refcount 2019/12/15 v3.6 Data extraction from label references (HO)
) (/usr/share/texlive/texmf-dist/tex/generic/gettitlestring/gettitlestring.sty
Package: gettitlestring 2019/12/15 v1.6 Cleanup title references (HO)
(/usr/share/texlive/texmf-dist/tex/latex/kvoptions/kvoptions.sty
Package: kvoptions 2022-06-15 v3.15 Key value format for package options (HO)
))
\c@section@level=\count297
)
\@linkdim=\dimen176
\Hy@linkcounter=\count298
\Hy@pagecounter=\count299
(/usr/share/texlive/texmf-dist/tex/latex/hyperref/pd1enc.def
File: pd1enc.def 2023-02-07 v7.00v Hyperref: PDFDocEncoding definition (HO)
Now handling font encoding PD1 ...
... no UTF-8 mapping file for font encoding PD1
) (/usr/share/texlive/texmf-dist/tex/generic/intcalc/intcalc.sty
Package: intcalc 2019/12/15 v1.3 Expandable calculations with integers (HO)
) (/usr/share/texlive/texmf-dist/tex/generic/etexcmds/etexcmds.sty
Package: etexcmds 2019/12/15 v1.7 Avoid name clashes with e-TeX commands (HO)
)
\Hy@SavedSpaceFactor=\count300
(/usr/share/texlive/texmf-dist/tex/latex/hyperref/puenc.def
File: puenc.def 2023-02-07 v7.00v Hyperref: PDF Unicode definition (HO)
Now handling font encoding PU ...
... no UTF-8 mapping file for font encoding PU
)
Package hyperref Info: Hyper figures OFF on input line 4177.
Package hyperref Info: Link nesting OFF on input line 4182.
Package hyperref Info: Hyper index ON on input line 4185.
Package hyperref Info: Plain pages OFF on input line 4192.
Package hyperref Info: Backreferencing OFF on input line 4197.
Package hyperref Info: Implicit mode ON; LaTeX internals redefined.
Package hyperref Info: Bookmarks ON on input line 4425.
\c@Hy@tempcnt=\count301
(/usr/share/texlive/texmf-dist/tex/latex/url/url.sty
\Urlmuskip=\muskip17
Package: url 2013/09/16  ver 3.4  Verb mode for urls, etc.
)
LaTeX Info: Redefining \url on input line 4763.
\XeTeXLinkMargin=\dimen177
(/usr/share/texlive/texmf-dist/tex/generic/bitset/bitset.sty
Package: bitset 2019/12/09 v1.3 Handle bit-vector datatype (HO)
(/usr/share/texlive/texmf-dist/tex/generic/bigintcalc/bigintcalc.sty
Package: bigintcalc 2019/12/15 v1.5 Expandable calculations on big integers (HO
)
))
\Fld@menulength=\count302
\Field@Width=\dimen178
\Fld@charsize=\dimen179
Package hyperref Info: Hyper figures OFF on input line 6042.
Package hyperref Info: Link nesting OFF on input line 6047.
Package hyperref Info: Hyper index ON on input line 6050.
Package hyperref Info: backreferencing OFF on input line 6057.
Package hyperref Info: Link coloring OFF on input line 6062.
Package hyperref Info: Link coloring with OCG OFF on input line 6067.
Package hyperref Info: PDF/A mode OFF on input line 6072.
(/usr/share/texlive/texmf-dist/tex/latex/base/atbegshi-ltx.sty
Package: atbegshi-ltx 2021/01/10 v1.0c Emulation of the original atbegshi
package with kernel methods
)
\Hy@abspage=\count303
\c@Item=\count304
\c@Hfootnote=\count305
)
Package hyperref Info: Driver (autodetected): hpdftex.
(/usr/share/texlive/texmf-dist/tex/latex/hyperref/hpdftex.def
File: hpdftex.def 2023-02-07 v7.00v Hyperref driver for pdfTeX
(/usr/share/texlive/texmf-dist/tex/latex/base/atveryend-ltx.sty
Package: atveryend-ltx 2020/08/19 v1.0a Emulation of the original atveryend pac
kage
with kernel methods
)
\Fld@listcount=\count306
\c@bookmark@seq@number=\count307
(/usr/share/texlive/texmf-dist/tex/latex/rerunfilecheck/rerunfilecheck.sty
Package: rerunfilecheck 2022-07-10 v1.10 Rerun checks for auxiliary files (HO)
(/usr/share/texlive/texmf-dist/tex/generic/uniquecounter/uniquecounter.sty
Package: uniquecounter 2019/12/15 v1.4 Provide unlimited unique counter (HO)
)
Package uniquecounter Info: New unique counter `rerunfilecheck' on input line 2
85.
)
\Hy@SectionHShift=\skip82
) (/usr/share/texlive/texmf-dist/tex/latex/pdfpages/pdfpages.sty
Package: pdfpages 2022/12/19 v0.5x Insert pages of external PDF documents (AM)
(/usr/share/texlive/texmf-dist/tex/latex/base/ifthen.sty
Package: ifthen 2022/04/13 v1.1d Standard LaTeX ifthen package (DPC)
) (/usr/share/texlive/texmf-dist/tex/latex/tools/calc.sty
Package: calc 2017/05/25 v4.3 Infix arithmetic (KKT,FJ)
\calc@Acount=\count308
\calc@Bcount=\count309
\calc@Adimen=\dimen180
\calc@Bdimen=\dimen181
\calc@Askip=\skip83
\calc@Bskip=\skip84
LaTeX Info: Redefining \setlength on input line 80.
LaTeX Info: Redefining \addtolength on input line 81.
\calc@Ccount=\count310
\calc@Cskip=\skip85
) (/usr/share/texlive/texmf-dist/tex/latex/eso-pic/eso-pic.sty
Package: eso-pic 2020/10/14 v3.0a eso-pic (RN)
\ESO@tempdima=\dimen182
\ESO@tempdimb=\dimen183
)
\AM@pagewidth=\dimen184
\AM@pageheight=\dimen185
\AM@fboxrule=\dimen186
(/usr/share/texlive/texmf-dist/tex/latex/pdfpages/pppdftex.def
File: pppdftex.def 2022/12/19 v0.5x Pdfpages driver for pdfTeX (AM)
)
\pdfpages@includegraphics@status=\count311
\AM@pagebox=\box56
\AM@global@opts=\toks33
\AM@pagecnt=\count312
\AM@toc@title=\toks34
\AM@lof@heading=\toks35
\c@AM@survey=\count313
\AM@templatesizebox=\box57
)
Package hyperref Info: Option `colorlinks' set `true' on input line 20.
Package hyperref Info: Option `breaklinks' set `false' on input line 20.
(/usr/share/texlive/texmf-dist/tex/latex/tools/array.sty
Package: array 2022/09/04 v2.5g Tabular extension package (FMi)
\col@sep=\dimen187
\ar@mcellbox=\box58
\extrarowheight=\dimen188
\NC@list=\toks36
\extratabsurround=\skip86
\backup@length=\skip87
\ar@cellbox=\box59
) (/usr/share/texlive/texmf-dist/tex/latex/tools/xr.sty
Package: xr 2020-05-10 v5.06 eXternal References (DPC)
) (/usr/share/texlive/texmf-dist/tex/latex/tools/verbatim.sty
Package: verbatim 2022-07-02 v1.5u LaTeX2e package for verbatim enhancements
\every@verbatim=\toks37
\verbatim@line=\toks38
\verbatim@in@stream=\read5
) (/usr/share/texlive/texmf-dist/tex/latex/multirow/multirow.sty
Package: multirow 2021/03/15 v2.8 Span multiple rows of a table
\multirow@colwidth=\skip88
\multirow@cntb=\count314
\multirow@dima=\skip89
\bigstrutjot=\dimen189
) (/usr/share/texlive/texmf-dist/tex/latex/tools/longtable.sty
Package: longtable 2021-09-01 v4.17 Multi-page Table package (DPC)
\LTleft=\skip90
\LTright=\skip91
\LTpre=\skip92
\LTpost=\skip93
\LTchunksize=\count315
\LTcapwidth=\dimen190
\LT@head=\box60
\LT@firsthead=\box61
\LT@foot=\box62
\LT@lastfoot=\box63
\LT@gbox=\box64
\LT@cols=\count316
\LT@rows=\count317
\c@LT@tables=\count318
\c@LT@chunks=\count319
\LT@p@ftn=\toks39
) (/usr/share/texlive/texmf-dist/tex/latex/tikz-network/tikz-network.sty
Package: tikz-network 2019/08/15 tikz-network v1.1
(/usr/share/texlive/texmf-dist/tex/latex/xifthen/xifthen.sty
Package: xifthen 2015/11/05 v1.4.0 Extended ifthen features
(/usr/share/texlive/texmf-dist/tex/latex/ifmtarg/ifmtarg.sty
Package: ifmtarg 2018/04/16 v1.2b check for an empty argument
)) (/usr/share/texlive/texmf-dist/tex/latex/xkeyval/xkeyval.sty
Package: xkeyval 2022/06/16 v2.9 package option processing (HA)
(/usr/share/texlive/texmf-dist/tex/generic/xkeyval/xkeyval.tex (/usr/share/texl
ive/texmf-dist/tex/generic/xkeyval/xkvutils.tex
\XKV@toks=\toks40
\XKV@tempa@toks=\toks41
)
\XKV@depth=\count320
File: xkeyval.tex 2014/12/03 v2.7a key=value parser (HA)
)) (/usr/share/texlive/texmf-dist/tex/latex/pgf/frontendlayer/tikz.sty (/usr/sh
are/texlive/texmf-dist/tex/latex/pgf/basiclayer/pgf.sty (/usr/share/texlive/tex
mf-dist/tex/latex/pgf/utilities/pgfrcs.sty (/usr/share/texlive/texmf-dist/tex/g
eneric/pgf/utilities/pgfutil-common.tex
\pgfutil@everybye=\toks42
\pgfutil@tempdima=\dimen191
\pgfutil@tempdimb=\dimen192
) (/usr/share/texlive/texmf-dist/tex/generic/pgf/utilities/pgfutil-latex.def
\pgfutil@abb=\box65
) (/usr/share/texlive/texmf-dist/tex/generic/pgf/utilities/pgfrcs.code.tex (/us
r/share/texlive/texmf-dist/tex/generic/pgf/pgf.revision.tex)
Package: pgfrcs 2023-01-15 v3.1.10 (3.1.10)
))
Package: pgf 2023-01-15 v3.1.10 (3.1.10)
(/usr/share/texlive/texmf-dist/tex/latex/pgf/basiclayer/pgfcore.sty (/usr/share
/texlive/texmf-dist/tex/latex/pgf/systemlayer/pgfsys.sty (/usr/share/texlive/te
xmf-dist/tex/generic/pgf/systemlayer/pgfsys.code.tex
Package: pgfsys 2023-01-15 v3.1.10 (3.1.10)
(/usr/share/texlive/texmf-dist/tex/generic/pgf/utilities/pgfkeys.code.tex
\pgfkeys@pathtoks=\toks43
\pgfkeys@temptoks=\toks44

(/usr/share/texlive/texmf-dist/tex/generic/pgf/utilities/pgfkeyslibraryfiltered
.code.tex
\pgfkeys@tmptoks=\toks45
))
\pgf@x=\dimen193
\pgf@y=\dimen194
\pgf@xa=\dimen195
\pgf@ya=\dimen196
\pgf@xb=\dimen197
\pgf@yb=\dimen198
\pgf@xc=\dimen199
\pgf@yc=\dimen256
\pgf@xd=\dimen257
\pgf@yd=\dimen258
\w@pgf@writea=\write6
\r@pgf@reada=\read6
\c@pgf@counta=\count321
\c@pgf@countb=\count322
\c@pgf@countc=\count323
\c@pgf@countd=\count324
\t@pgf@toka=\toks46
\t@pgf@tokb=\toks47
\t@pgf@tokc=\toks48
\pgf@sys@id@count=\count325
(/usr/share/texlive/texmf-dist/tex/generic/pgf/systemlayer/pgf.cfg
File: pgf.cfg 2023-01-15 v3.1.10 (3.1.10)
)
Driver file for pgf: pgfsys-pdftex.def
(/usr/share/texlive/texmf-dist/tex/generic/pgf/systemlayer/pgfsys-pdftex.def
File: pgfsys-pdftex.def 2023-01-15 v3.1.10 (3.1.10)

(/usr/share/texlive/texmf-dist/tex/generic/pgf/systemlayer/pgfsys-common-pdf.de
f
File: pgfsys-common-pdf.def 2023-01-15 v3.1.10 (3.1.10)
)))
(/usr/share/texlive/texmf-dist/tex/generic/pgf/systemlayer/pgfsyssoftpath.code.
tex
File: pgfsyssoftpath.code.tex 2023-01-15 v3.1.10 (3.1.10)
\pgfsyssoftpath@smallbuffer@items=\count326
\pgfsyssoftpath@bigbuffer@items=\count327
)
(/usr/share/texlive/texmf-dist/tex/generic/pgf/systemlayer/pgfsysprotocol.code.
tex
File: pgfsysprotocol.code.tex 2023-01-15 v3.1.10 (3.1.10)
)) (/usr/share/texlive/texmf-dist/tex/generic/pgf/basiclayer/pgfcore.code.tex
Package: pgfcore 2023-01-15 v3.1.10 (3.1.10)
(/usr/share/texlive/texmf-dist/tex/generic/pgf/math/pgfmath.code.tex (/usr/shar
e/texlive/texmf-dist/tex/generic/pgf/math/pgfmathutil.code.tex) (/usr/share/tex
live/texmf-dist/tex/generic/pgf/math/pgfmathparser.code.tex
\pgfmath@dimen=\dimen259
\pgfmath@count=\count328
\pgfmath@box=\box66
\pgfmath@toks=\toks49
\pgfmath@stack@operand=\toks50
\pgfmath@stack@operation=\toks51
) (/usr/share/texlive/texmf-dist/tex/generic/pgf/math/pgfmathfunctions.code.tex
)
(/usr/share/texlive/texmf-dist/tex/generic/pgf/math/pgfmathfunctions.basic.code
.tex)
(/usr/share/texlive/texmf-dist/tex/generic/pgf/math/pgfmathfunctions.trigonomet
ric.code.tex)
(/usr/share/texlive/texmf-dist/tex/generic/pgf/math/pgfmathfunctions.random.cod
e.tex)
(/usr/share/texlive/texmf-dist/tex/generic/pgf/math/pgfmathfunctions.comparison
.code.tex)
(/usr/share/texlive/texmf-dist/tex/generic/pgf/math/pgfmathfunctions.base.code.
tex)
(/usr/share/texlive/texmf-dist/tex/generic/pgf/math/pgfmathfunctions.round.code
.tex)
(/usr/share/texlive/texmf-dist/tex/generic/pgf/math/pgfmathfunctions.misc.code.
tex)
(/usr/share/texlive/texmf-dist/tex/generic/pgf/math/pgfmathfunctions.integerari
thmetics.code.tex) (/usr/share/texlive/texmf-dist/tex/generic/pgf/math/pgfmathc
alc.code.tex) (/usr/share/texlive/texmf-dist/tex/generic/pgf/math/pgfmathfloat.
code.tex
\c@pgfmathroundto@lastzeros=\count329
)) (/usr/share/texlive/texmf-dist/tex/generic/pgf/math/pgfint.code.tex)
(/usr/share/texlive/texmf-dist/tex/generic/pgf/basiclayer/pgfcorepoints.code.te
x
File: pgfcorepoints.code.tex 2023-01-15 v3.1.10 (3.1.10)
\pgf@picminx=\dimen260
\pgf@picmaxx=\dimen261
\pgf@picminy=\dimen262
\pgf@picmaxy=\dimen263
\pgf@pathminx=\dimen264
\pgf@pathmaxx=\dimen265
\pgf@pathminy=\dimen266
\pgf@pathmaxy=\dimen267
\pgf@xx=\dimen268
\pgf@xy=\dimen269
\pgf@yx=\dimen270
\pgf@yy=\dimen271
\pgf@zx=\dimen272
\pgf@zy=\dimen273
)
(/usr/share/texlive/texmf-dist/tex/generic/pgf/basiclayer/pgfcorepathconstruct.
code.tex
File: pgfcorepathconstruct.code.tex 2023-01-15 v3.1.10 (3.1.10)
\pgf@path@lastx=\dimen274
\pgf@path@lasty=\dimen275
)
(/usr/share/texlive/texmf-dist/tex/generic/pgf/basiclayer/pgfcorepathusage.code
.tex
File: pgfcorepathusage.code.tex 2023-01-15 v3.1.10 (3.1.10)
\pgf@shorten@end@additional=\dimen276
\pgf@shorten@start@additional=\dimen277
)
(/usr/share/texlive/texmf-dist/tex/generic/pgf/basiclayer/pgfcorescopes.code.te
x
File: pgfcorescopes.code.tex 2023-01-15 v3.1.10 (3.1.10)
\pgfpic=\box67
\pgf@hbox=\box68
\pgf@layerbox@main=\box69
\pgf@picture@serial@count=\count330
)
(/usr/share/texlive/texmf-dist/tex/generic/pgf/basiclayer/pgfcoregraphicstate.c
ode.tex
File: pgfcoregraphicstate.code.tex 2023-01-15 v3.1.10 (3.1.10)
\pgflinewidth=\dimen278
)
(/usr/share/texlive/texmf-dist/tex/generic/pgf/basiclayer/pgfcoretransformation
s.code.tex
File: pgfcoretransformations.code.tex 2023-01-15 v3.1.10 (3.1.10)
\pgf@pt@x=\dimen279
\pgf@pt@y=\dimen280
\pgf@pt@temp=\dimen281
)
(/usr/share/texlive/texmf-dist/tex/generic/pgf/basiclayer/pgfcorequick.code.tex
File: pgfcorequick.code.tex 2023-01-15 v3.1.10 (3.1.10)
)
(/usr/share/texlive/texmf-dist/tex/generic/pgf/basiclayer/pgfcoreobjects.code.t
ex
File: pgfcoreobjects.code.tex 2023-01-15 v3.1.10 (3.1.10)
)
(/usr/share/texlive/texmf-dist/tex/generic/pgf/basiclayer/pgfcorepathprocessing
.code.tex
File: pgfcorepathprocessing.code.tex 2023-01-15 v3.1.10 (3.1.10)
)
(/usr/share/texlive/texmf-dist/tex/generic/pgf/basiclayer/pgfcorearrows.code.te
x
File: pgfcorearrows.code.tex 2023-01-15 v3.1.10 (3.1.10)
\pgfarrowsep=\dimen282
)
(/usr/share/texlive/texmf-dist/tex/generic/pgf/basiclayer/pgfcoreshade.code.tex
File: pgfcoreshade.code.tex 2023-01-15 v3.1.10 (3.1.10)
\pgf@max=\dimen283
\pgf@sys@shading@range@num=\count331
\pgf@shadingcount=\count332
)
(/usr/share/texlive/texmf-dist/tex/generic/pgf/basiclayer/pgfcoreimage.code.tex
File: pgfcoreimage.code.tex 2023-01-15 v3.1.10 (3.1.10)
)
(/usr/share/texlive/texmf-dist/tex/generic/pgf/basiclayer/pgfcoreexternal.code.
tex
File: pgfcoreexternal.code.tex 2023-01-15 v3.1.10 (3.1.10)
\pgfexternal@startupbox=\box70
)
(/usr/share/texlive/texmf-dist/tex/generic/pgf/basiclayer/pgfcorelayers.code.te
x
File: pgfcorelayers.code.tex 2023-01-15 v3.1.10 (3.1.10)
)
(/usr/share/texlive/texmf-dist/tex/generic/pgf/basiclayer/pgfcoretransparency.c
ode.tex
File: pgfcoretransparency.code.tex 2023-01-15 v3.1.10 (3.1.10)
)
(/usr/share/texlive/texmf-dist/tex/generic/pgf/basiclayer/pgfcorepatterns.code.
tex
File: pgfcorepatterns.code.tex 2023-01-15 v3.1.10 (3.1.10)
) (/usr/share/texlive/texmf-dist/tex/generic/pgf/basiclayer/pgfcorerdf.code.tex
File: pgfcorerdf.code.tex 2023-01-15 v3.1.10 (3.1.10)
)))
(/usr/share/texlive/texmf-dist/tex/generic/pgf/modules/pgfmoduleshapes.code.tex
File: pgfmoduleshapes.code.tex 2023-01-15 v3.1.10 (3.1.10)
\pgfnodeparttextbox=\box71
) (/usr/share/texlive/texmf-dist/tex/generic/pgf/modules/pgfmoduleplot.code.tex
File: pgfmoduleplot.code.tex 2023-01-15 v3.1.10 (3.1.10)
)
(/usr/share/texlive/texmf-dist/tex/latex/pgf/compatibility/pgfcomp-version-0-65
.sty
Package: pgfcomp-version-0-65 2023-01-15 v3.1.10 (3.1.10)
\pgf@nodesepstart=\dimen284
\pgf@nodesepend=\dimen285
)
(/usr/share/texlive/texmf-dist/tex/latex/pgf/compatibility/pgfcomp-version-1-18
.sty
Package: pgfcomp-version-1-18 2023-01-15 v3.1.10 (3.1.10)
)) (/usr/share/texlive/texmf-dist/tex/latex/pgf/utilities/pgffor.sty (/usr/shar
e/texlive/texmf-dist/tex/latex/pgf/utilities/pgfkeys.sty (/usr/share/texlive/te
xmf-dist/tex/generic/pgf/utilities/pgfkeys.code.tex)) (/usr/share/texlive/texmf
-dist/tex/latex/pgf/math/pgfmath.sty (/usr/share/texlive/texmf-dist/tex/generic
/pgf/math/pgfmath.code.tex)) (/usr/share/texlive/texmf-dist/tex/generic/pgf/uti
lities/pgffor.code.tex
Package: pgffor 2023-01-15 v3.1.10 (3.1.10)
\pgffor@iter=\dimen286
\pgffor@skip=\dimen287
\pgffor@stack=\toks52
\pgffor@toks=\toks53
))
(/usr/share/texlive/texmf-dist/tex/generic/pgf/frontendlayer/tikz/tikz.code.tex
Package: tikz 2023-01-15 v3.1.10 (3.1.10)

(/usr/share/texlive/texmf-dist/tex/generic/pgf/libraries/pgflibraryplothandlers
.code.tex
File: pgflibraryplothandlers.code.tex 2023-01-15 v3.1.10 (3.1.10)
\pgf@plot@mark@count=\count333
\pgfplotmarksize=\dimen288
)
\tikz@lastx=\dimen289
\tikz@lasty=\dimen290
\tikz@lastxsaved=\dimen291
\tikz@lastysaved=\dimen292
\tikz@lastmovetox=\dimen293
\tikz@lastmovetoy=\dimen294
\tikzleveldistance=\dimen295
\tikzsiblingdistance=\dimen296
\tikz@figbox=\box72
\tikz@figbox@bg=\box73
\tikz@tempbox=\box74
\tikz@tempbox@bg=\box75
\tikztreelevel=\count334
\tikznumberofchildren=\count335
\tikznumberofcurrentchild=\count336
\tikz@fig@count=\count337

(/usr/share/texlive/texmf-dist/tex/generic/pgf/modules/pgfmodulematrix.code.tex
File: pgfmodulematrix.code.tex 2023-01-15 v3.1.10 (3.1.10)
\pgfmatrixcurrentrow=\count338
\pgfmatrixcurrentcolumn=\count339
\pgf@matrix@numberofcolumns=\count340
)
\tikz@expandcount=\count341

(/usr/share/texlive/texmf-dist/tex/generic/pgf/frontendlayer/tikz/libraries/tik
zlibrarytopaths.code.tex
File: tikzlibrarytopaths.code.tex 2023-01-15 v3.1.10 (3.1.10)
))) (/usr/share/texlive/texmf-dist/tex/latex/datatool/datatool.sty
Package: datatool 2019/09/27 v2.32 (NLCT)
(/usr/share/texlive/texmf-dist/tex/latex/xfor/xfor.sty
Package: xfor 2009/02/05 v1.05 (NLCT)
) (/usr/share/texlive/texmf-dist/tex/latex/substr/substr.sty
Package: substr 2009/10/20 v1.2 Handle substrings
\c@su@anzahl=\count342
) (/usr/share/texlive/texmf-dist/tex/latex/etoolbox/etoolbox.sty
Package: etoolbox 2020/10/05 v2.5k e-TeX tools for LaTeX (JAW)
\etb@tempcnta=\count343
) (/usr/share/texlive/texmf-dist/tex/latex/datatool/datatool-base.sty
Package: datatool-base 2019/09/27 v2.32 (NLCT)
(/usr/share/texlive/texmf-dist/tex/latex/datatool/datatool-fp.sty
Package: datatool-fp 2019/09/27 v2.32 (NLCT)
(/usr/share/texlive/texmf-dist/tex/latex/fp/fp.sty
Package: fp 1995/04/02
`Fixed Point Package', Version 0.8, April 2, 1995 (C) Michael Mehlich (/usr/sha
re/texlive/texmf-dist/tex/latex/fp/defpattern.sty
Package: defpattern 1994/10/12
\actioncount=\count344
) (/usr/share/texlive/texmf-dist/tex/latex/fp/fp-basic.sty
Package: fp-basic 1996/05/13
\FP@xs=\count345
\FP@xia=\count346
\FP@xib=\count347
\FP@xfa=\count348
\FP@xfb=\count349
\FP@rega=\count350
\FP@regb=\count351
\FP@regs=\count352
\FP@times=\count353
) (/usr/share/texlive/texmf-dist/tex/latex/fp/fp-addons.sty
Package: fp-addons 1995/03/15
) (/usr/share/texlive/texmf-dist/tex/latex/fp/fp-snap.sty
Package: fp-snap 1995/04/05
) (/usr/share/texlive/texmf-dist/tex/latex/fp/fp-exp.sty
Package: fp-exp 1995/04/03
) (/usr/share/texlive/texmf-dist/tex/latex/fp/fp-trigo.sty
Package: fp-trigo 1995/04/14
) (/usr/share/texlive/texmf-dist/tex/latex/fp/fp-pas.sty
Package: fp-pas 1994/08/29
) (/usr/share/texlive/texmf-dist/tex/latex/fp/fp-random.sty
Package: fp-random 1995/02/23
\FPseed=\count354
) (/usr/share/texlive/texmf-dist/tex/latex/fp/fp-eqn.sty
Package: fp-eqn 1995/04/03
) (/usr/share/texlive/texmf-dist/tex/latex/fp/fp-upn.sty
Package: fp-upn 1996/10/21
) (/usr/share/texlive/texmf-dist/tex/latex/fp/fp-eval.sty
Package: fp-eval 1995/04/03
)))
\@dtl@toks=\toks54
\@dtl@tmpcount=\count355
\dtl@tmplength=\skip94
\dtl@sortresult=\count356
\@dtl@numgrpsepcount=\count357
\@dtl@datatype=\count358
\dtl@codeA=\count359
\dtl@codeB=\count360
\@dtl@foreach@level=\count361
)
\dtlcolumnnum=\count362
\dtlrownum=\count363
\@dtl@before=\toks55
\@dtl@after=\toks56
\@dtl@colhead=\toks57
\dtlcurrentrow=\toks58
\dtlbeforerow=\toks59
\dtlafterrow=\toks60
\dtlforeachlevel=\count364
\c@DTLrowi=\count365
\c@DTLrowii=\count366
\c@DTLrowiii=\count367
\c@DTLrow=\count368
\dtl@rowi=\count369
\dtl@rowii=\count370
\dtl@rowiii=\count371
\@dtl@curi=\toks61
\@dtl@previ=\toks62
\@dtl@nexti=\toks63
\@dtl@curii=\toks64
\@dtl@previi=\toks65
\@dtl@nextii=\toks66
\@dtl@curiii=\toks67
\@dtl@previii=\toks68
\@dtl@nextiii=\toks69
\@dtl@elements=\count372
\@dtl@list=\toks70
\@dtl@rowa=\toks71
\@dtl@rowb=\toks72
\@dtl@toksA=\toks73
\@dtl@toksB=\toks74
\@dtl@write=\write7
\@dtl@read=\read7
\dtl@entrycr=\count373
\dtl@omitlines=\count374
) (/usr/share/texlive/texmf-dist/tex/latex/trimspaces/trimspaces.sty
Package: trimspaces 2009/09/17 v1.1 Trim spaces around a token list
)
(/usr/share/texlive/texmf-dist/tex/generic/pgf/frontendlayer/tikz/libraries/tik
zlibraryarrows.code.tex
File: tikzlibraryarrows.code.tex 2023-01-15 v3.1.10 (3.1.10)

(/usr/share/texlive/texmf-dist/tex/generic/pgf/libraries/pgflibraryarrows.code.
tex
File: pgflibraryarrows.code.tex 2023-01-15 v3.1.10 (3.1.10)
\arrowsize=\dimen297
))
(/usr/share/texlive/texmf-dist/tex/generic/pgf/frontendlayer/tikz/libraries/tik
zlibrarypositioning.code.tex
File: tikzlibrarypositioning.code.tex 2023-01-15 v3.1.10 (3.1.10)
)
(/usr/share/texlive/texmf-dist/tex/generic/pgf/frontendlayer/tikz/libraries/tik
zlibrary3d.code.tex
File: tikzlibrary3d.code.tex 2023-01-15 v3.1.10 (3.1.10)
)
(/usr/share/texlive/texmf-dist/tex/generic/pgf/frontendlayer/tikz/libraries/tik
zlibraryfit.code.tex
File: tikzlibraryfit.code.tex 2023-01-15 v3.1.10 (3.1.10)
)
(/usr/share/texlive/texmf-dist/tex/generic/pgf/frontendlayer/tikz/libraries/tik
zlibrarycalc.code.tex
File: tikzlibrarycalc.code.tex 2023-01-15 v3.1.10 (3.1.10)
)
(/usr/share/texlive/texmf-dist/tex/generic/pgf/frontendlayer/tikz/libraries/tik
zlibrarybackgrounds.code.tex
File: tikzlibrarybackgrounds.code.tex 2023-01-15 v3.1.10 (3.1.10)
\pgf@layerbox@background=\box76
\pgf@layerboxsaved@background=\box77
)
(/usr/share/texlive/texmf-dist/tex/generic/pgf/libraries/pgflibraryarrows.meta.
code.tex
File: pgflibraryarrows.meta.code.tex 2023-01-15 v3.1.10 (3.1.10)
\pgfarrowinset=\dimen298
\pgfarrowlength=\dimen299
\pgfarrowwidth=\dimen300
\pgfarrowlinewidth=\dimen301
)
(/usr/share/texlive/texmf-dist/tex/generic/pgf/frontendlayer/tikz/libraries/tik
zlibraryshapes.geometric.code.tex
File: tikzlibraryshapes.geometric.code.tex 2023-01-15 v3.1.10 (3.1.10)

(/usr/share/texlive/texmf-dist/tex/generic/pgf/libraries/shapes/pgflibraryshape
s.geometric.code.tex
File: pgflibraryshapes.geometric.code.tex 2023-01-15 v3.1.10 (3.1.10)
))
\c@LayerCounter=\count375
) (/usr/share/texlive/texmf-dist/tex/latex/pgfplots/pgfplots.sty (/usr/share/te
xlive/texmf-dist/tex/generic/pgfplots/pgfplots.revision.tex)
Package: pgfplots 2021/05/15 v1.18.1 Data Visualization (1.18.1)
(/usr/share/texlive/texmf-dist/tex/generic/pgfplots/pgfplots.code.tex (/usr/sha
re/texlive/texmf-dist/tex/generic/pgfplots/pgfplotscore.code.tex
\t@pgfplots@toka=\toks75
\t@pgfplots@tokb=\toks76
\t@pgfplots@tokc=\toks77
\pgfplots@tmpa=\dimen302
\c@pgfplots@coordindex=\count376
\c@pgfplots@scanlineindex=\count377

(/usr/share/texlive/texmf-dist/tex/generic/pgfplots/sys/pgfplotssysgeneric.code
.tex))
(/usr/share/texlive/texmf-dist/tex/generic/pgfplots/libs/pgfplotslibrary.code.t
ex)
(/usr/share/texlive/texmf-dist/tex/generic/pgfplots/oldpgfcompatib/pgfplotsoldp
gfsupp_loader.code.tex
(/usr/share/texlive/texmf-dist/tex/generic/pgf/libraries/pgflibraryfpu.code.tex
)
Package pgfplots: loading complementary utilities for your pgf version...
\t@pgf@toka=\toks78
\t@pgf@tokb=\toks79
\t@pgf@tokc=\toks80

(/usr/share/texlive/texmf-dist/tex/generic/pgfplots/oldpgfcompatib/pgfplotsoldp
gfsupp_pgfutil-common-lists.tex)) (/usr/share/texlive/texmf-dist/tex/generic/pg
fplots/util/pgfplotsutil.code.tex
(/usr/share/texlive/texmf-dist/tex/generic/pgfplots/liststructure/pgfplotslists
tructure.code.tex)
(/usr/share/texlive/texmf-dist/tex/generic/pgfplots/liststructure/pgfplotslists
tructureext.code.tex)
(/usr/share/texlive/texmf-dist/tex/generic/pgfplots/liststructure/pgfplotsarray
.code.tex
\c@pgfplotsarray@tmp=\count378
)
(/usr/share/texlive/texmf-dist/tex/generic/pgfplots/liststructure/pgfplotsmatri
x.code.tex)
(/usr/share/texlive/texmf-dist/tex/generic/pgfplots/numtable/pgfplotstableshare
d.code.tex
\c@pgfplotstable@counta=\count379
\t@pgfplotstable@a=\toks81
)
(/usr/share/texlive/texmf-dist/tex/generic/pgfplots/liststructure/pgfplotsdeque
.code.tex)
(/usr/share/texlive/texmf-dist/tex/generic/pgfplots/util/pgfplotsbinary.code.te
x
(/usr/share/texlive/texmf-dist/tex/generic/pgfplots/util/pgfplotsbinary.data.co
de.tex))
(/usr/share/texlive/texmf-dist/tex/generic/pgfplots/util/pgfplotsutil.verb.code
.tex)
(/usr/share/texlive/texmf-dist/tex/generic/pgfplots/libs/pgflibrarypgfplots.sur
fshading.code.tex
\c@pgfplotslibrarysurf@no=\count380

(/usr/share/texlive/texmf-dist/tex/generic/pgfplots/sys/pgflibrarypgfplots.surf
shading.pgfsys-pdftex.def)))
(/usr/share/texlive/texmf-dist/tex/generic/pgfplots/util/pgfplotscolormap.code.
tex
(/usr/share/texlive/texmf-dist/tex/generic/pgfplots/util/pgfplotscolor.code.tex
))
(/usr/share/texlive/texmf-dist/tex/generic/pgfplots/pgfplotsstackedplots.code.t
ex)
(/usr/share/texlive/texmf-dist/tex/generic/pgfplots/pgfplotsplothandlers.code.t
ex
(/usr/share/texlive/texmf-dist/tex/generic/pgfplots/pgfplotsmeshplothandler.cod
e.tex
(/usr/share/texlive/texmf-dist/tex/generic/pgfplots/pgfplotsmeshplotimage.code.
tex))) (/usr/share/texlive/texmf-dist/tex/generic/pgfplots/pgfplots.scaling.cod
e.tex)
(/usr/share/texlive/texmf-dist/tex/generic/pgfplots/pgfplotscoordprocessing.cod
e.tex)
(/usr/share/texlive/texmf-dist/tex/generic/pgfplots/pgfplots.errorbars.code.tex
) (/usr/share/texlive/texmf-dist/tex/generic/pgfplots/pgfplots.markers.code.tex
) (/usr/share/texlive/texmf-dist/tex/generic/pgfplots/pgfplotsticks.code.tex) (
/usr/share/texlive/texmf-dist/tex/generic/pgfplots/pgfplots.paths.code.tex)
(/usr/share/texlive/texmf-dist/tex/generic/pgf/frontendlayer/tikz/libraries/tik
zlibrarydecorations.code.tex
(/usr/share/texlive/texmf-dist/tex/generic/pgf/modules/pgfmoduledecorations.cod
e.tex
\pgfdecoratedcompleteddistance=\dimen303
\pgfdecoratedremainingdistance=\dimen304
\pgfdecoratedinputsegmentcompleteddistance=\dimen305
\pgfdecoratedinputsegmentremainingdistance=\dimen306
\pgf@decorate@distancetomove=\dimen307
\pgf@decorate@repeatstate=\count381
\pgfdecorationsegmentamplitude=\dimen308
\pgfdecorationsegmentlength=\dimen309
)
\tikz@lib@dec@box=\box78
)
(/usr/share/texlive/texmf-dist/tex/generic/pgf/frontendlayer/tikz/libraries/tik
zlibrarydecorations.pathmorphing.code.tex
(/usr/share/texlive/texmf-dist/tex/generic/pgf/libraries/decorations/pgflibrary
decorations.pathmorphing.code.tex))
(/usr/share/texlive/texmf-dist/tex/generic/pgf/frontendlayer/tikz/libraries/tik
zlibrarydecorations.pathreplacing.code.tex
(/usr/share/texlive/texmf-dist/tex/generic/pgf/libraries/decorations/pgflibrary
decorations.pathreplacing.code.tex))
(/usr/share/texlive/texmf-dist/tex/generic/pgfplots/libs/tikzlibrarypgfplots.co
ntourlua.code.tex)
\pgfplots@numplots=\count382
\pgfplots@xmin@reg=\dimen310
\pgfplots@xmax@reg=\dimen311
\pgfplots@ymin@reg=\dimen312
\pgfplots@ymax@reg=\dimen313
\pgfplots@zmin@reg=\dimen314
\pgfplots@zmax@reg=\dimen315
)
(/usr/share/texlive/texmf-dist/tex/generic/pgf/frontendlayer/tikz/libraries/tik
zlibraryplotmarks.code.tex
File: tikzlibraryplotmarks.code.tex 2023-01-15 v3.1.10 (3.1.10)

(/usr/share/texlive/texmf-dist/tex/generic/pgf/libraries/pgflibraryplotmarks.co
de.tex
File: pgflibraryplotmarks.code.tex 2023-01-15 v3.1.10 (3.1.10)
)))
(/usr/share/texlive/texmf-dist/tex/generic/pgf/frontendlayer/tikz/libraries/tik
zlibraryshapes.code.tex
File: tikzlibraryshapes.code.tex 2023-01-15 v3.1.10 (3.1.10)

(/usr/share/texlive/texmf-dist/tex/generic/pgf/frontendlayer/tikz/libraries/tik
zlibraryshapes.misc.code.tex
File: tikzlibraryshapes.misc.code.tex 2023-01-15 v3.1.10 (3.1.10)

(/usr/share/texlive/texmf-dist/tex/generic/pgf/libraries/shapes/pgflibraryshape
s.misc.code.tex
File: pgflibraryshapes.misc.code.tex 2023-01-15 v3.1.10 (3.1.10)
))
(/usr/share/texlive/texmf-dist/tex/generic/pgf/frontendlayer/tikz/libraries/tik
zlibraryshapes.symbols.code.tex
File: tikzlibraryshapes.symbols.code.tex 2023-01-15 v3.1.10 (3.1.10)

(/usr/share/texlive/texmf-dist/tex/generic/pgf/libraries/shapes/pgflibraryshape
s.symbols.code.tex
File: pgflibraryshapes.symbols.code.tex 2023-01-15 v3.1.10 (3.1.10)
))
(/usr/share/texlive/texmf-dist/tex/generic/pgf/frontendlayer/tikz/libraries/tik
zlibraryshapes.arrows.code.tex
File: tikzlibraryshapes.arrows.code.tex 2023-01-15 v3.1.10 (3.1.10)

(/usr/share/texlive/texmf-dist/tex/generic/pgf/libraries/shapes/pgflibraryshape
s.arrows.code.tex
File: pgflibraryshapes.arrows.code.tex 2023-01-15 v3.1.10 (3.1.10)
))
(/usr/share/texlive/texmf-dist/tex/generic/pgf/frontendlayer/tikz/libraries/tik
zlibraryshapes.callouts.code.tex
(/usr/share/texlive/texmf-dist/tex/generic/pgf/libraries/shapes/pgflibraryshape
s.callouts.code.tex))
(/usr/share/texlive/texmf-dist/tex/generic/pgf/frontendlayer/tikz/libraries/tik
zlibraryshapes.multipart.code.tex
File: tikzlibraryshapes.multipart.code.tex 2023-01-15 v3.1.10 (3.1.10)

(/usr/share/texlive/texmf-dist/tex/generic/pgf/libraries/shapes/pgflibraryshape
s.multipart.code.tex
File: pgflibraryshapes.multipart.code.tex 2023-01-15 v3.1.10 (3.1.10)
\pgfnodepartlowerbox=\box79
\pgfnodeparttwobox=\box80
\pgfnodepartthreebox=\box81
\pgfnodepartfourbox=\box82
\pgfnodeparttwentybox=\box83
\pgfnodepartnineteenbox=\box84
\pgfnodeparteighteenbox=\box85
\pgfnodepartseventeenbox=\box86
\pgfnodepartsixteenbox=\box87
\pgfnodepartfifteenbox=\box88
\pgfnodepartfourteenbox=\box89
\pgfnodepartthirteenbox=\box90
\pgfnodeparttwelvebox=\box91
\pgfnodepartelevenbox=\box92
\pgfnodeparttenbox=\box93
\pgfnodepartninebox=\box94
\pgfnodeparteightbox=\box95
\pgfnodepartsevenbox=\box96
\pgfnodepartsixbox=\box97
\pgfnodepartfivebox=\box98
)))
(/usr/share/texlive/texmf-dist/tex/generic/pgf/frontendlayer/tikz/libraries/tik
zlibraryshadows.code.tex
File: tikzlibraryshadows.code.tex 2023-01-15 v3.1.10 (3.1.10)

(/usr/share/texlive/texmf-dist/tex/generic/pgf/frontendlayer/tikz/libraries/tik
zlibraryfadings.code.tex
File: tikzlibraryfadings.code.tex 2023-01-15 v3.1.10 (3.1.10)

(/usr/share/texlive/texmf-dist/tex/generic/pgf/libraries/pgflibraryfadings.code
.tex
File: pgflibraryfadings.code.tex 2023-01-15 v3.1.10 (3.1.10)
)))
(/usr/share/texlive/texmf-dist/tex/generic/pgf/frontendlayer/tikz/libraries/tik
zlibraryautomata.code.tex
File: tikzlibraryautomata.code.tex 2023-01-15 v3.1.10 (3.1.10)
)
(/usr/share/texlive/texmf-dist/tex/latex/pgf/frontendlayer/libraries/tikzlibrar
yexternal.code.tex
(/usr/share/texlive/texmf-dist/tex/generic/pgf/frontendlayer/tikz/libraries/tik
zexternalshared.code.tex))
(/usr/share/texlive/texmf-dist/tex/generic/pgf/frontendlayer/tikz/libraries/tik
zlibrarydecorations.text.code.tex
(/usr/share/texlive/texmf-dist/tex/generic/pgf/libraries/decorations/pgflibrary
decorations.text.code.tex
\pgf@lib@dec@text@box=\box99
)
\tikz@lib@dec@te@box=\box100
)
(/usr/share/texlive/texmf-dist/tex/generic/pgfplots/libs/pgflibrarypgfplots.col
orbrewer.code.tex
(/usr/share/texlive/texmf-dist/tex/generic/pgfplots/libs/tikzlibrarycolorbrewer
.code.tex))
(/usr/share/texlive/texmf-dist/tex/generic/pgfplots/libs/tikzlibrarypgfplots.st
atistics.code.tex)
No auxiliary output files.

\w@pgfexternal@auxout=\write8
(/usr/share/texlive/texmf-dist/tex/latex/geometry/geometry.sty
Package: geometry 2020/01/02 v5.9 Page Geometry
(/usr/share/texlive/texmf-dist/tex/generic/iftex/ifvtex.sty
Package: ifvtex 2019/10/25 v1.7 ifvtex legacy package. Use iftex instead.
)
\Gm@cnth=\count383
\Gm@cntv=\count384
\c@Gm@tempcnt=\count385
\Gm@bindingoffset=\dimen316
\Gm@wd@mp=\dimen317
\Gm@odd@mp=\dimen318
\Gm@even@mp=\dimen319
\Gm@layoutwidth=\dimen320
\Gm@layoutheight=\dimen321
\Gm@layouthoffset=\dimen322
\Gm@layoutvoffset=\dimen323
\Gm@dimlist=\toks82
) (/usr/share/texlive/texmf-dist/tex/latex/graphics/rotating.sty
Package: rotating 2016/08/11 v2.16d rotated objects in LaTeX
\c@r@tfl@t=\count386
\rotFPtop=\skip95
\rotFPbot=\skip96
\rot@float@box=\box101
\rot@mess@toks=\toks83
)
(/usr/share/texlive/texmf-dist/tex/generic/pgfplots/libs/tikzlibrarypgfplots.da
teplot.code.tex (/usr/share/texlive/texmf-dist/tex/latex/pgf/utilities/pgfcalen
dar.sty (/usr/share/texlive/texmf-dist/tex/generic/pgf/utilities/pgfcalendar.co
de.tex
File: pgfcalendar.code.tex 2023-01-15 v3.1.10 (3.1.10)
\pgfcalendarcurrentjulian=\count387
\pgf@cal@easter@Y=\count388
\pgf@cal@easter@G=\count389
\pgf@cal@easter@C=\count390
\pgf@cal@easter@X=\count391
\pgf@cal@easter@Z=\count392
\pgf@cal@easter@D=\count393
\pgf@cal@easter@E=\count394
\pgf@cal@easter@N=\count395
\pgf@cal@easter@M=\count396
\pgf@cal@easter@julianday=\count397
)))
(/usr/share/texlive/texmf-dist/tex/generic/pgf/frontendlayer/tikz/libraries/tik
zlibrarypatterns.code.tex
File: tikzlibrarypatterns.code.tex 2023-01-15 v3.1.10 (3.1.10)

(/usr/share/texlive/texmf-dist/tex/generic/pgf/libraries/pgflibrarypatterns.cod
e.tex
File: pgflibrarypatterns.code.tex 2023-01-15 v3.1.10 (3.1.10)
))
(/usr/share/texlive/texmf-dist/tex/generic/pgf/frontendlayer/tikz/libraries/tik
zlibrarydecorations.markings.code.tex
(/usr/share/texlive/texmf-dist/tex/generic/pgf/libraries/decorations/pgflibrary
decorations.markings.code.tex)) (/usr/share/texlive/texmf-dist/tex/latex/fancyh
dr/fancyhdr.sty
Package: fancyhdr 2022/11/09 v4.1 Extensive control of page headers and footers

\f@nch@headwidth=\skip97
\f@nch@O@elh=\skip98
\f@nch@O@erh=\skip99
\f@nch@O@olh=\skip100
\f@nch@O@orh=\skip101
\f@nch@O@elf=\skip102
\f@nch@O@erf=\skip103
\f@nch@O@olf=\skip104
\f@nch@O@orf=\skip105
) (/usr/share/texlive/texmf-dist/tex/latex/mathtools/mathtools.sty
Package: mathtools 2022/06/29 v1.29 mathematical typesetting tools
(/usr/share/texlive/texmf-dist/tex/latex/mathtools/mhsetup.sty
Package: mhsetup 2021/03/18 v1.4 programming setup (MH)
)
\g_MT_multlinerow_int=\count398
\l_MT_multwidth_dim=\dimen324
\origjot=\skip106
\l_MT_shortvdotswithinadjustabove_dim=\dimen325
\l_MT_shortvdotswithinadjustbelow_dim=\dimen326
\l_MT_above_intertext_sep=\dimen327
\l_MT_below_intertext_sep=\dimen328
\l_MT_above_shortintertext_sep=\dimen329
\l_MT_below_shortintertext_sep=\dimen330
\xmathstrut@box=\box102
\xmathstrut@dim=\dimen331
) (/usr/share/texlive/texmf-dist/tex/latex/datetime/datetime.sty
Package: datetime 2015/03/20 v2.60 Date Time Package
(/usr/share/texlive/texmf-dist/tex/latex/fmtcount/fmtcount.sty
Package: fmtcount 2020/01/30 v3.07
(/usr/share/texlive/texmf-dist/tex/latex/fmtcount/fcprefix.sty
Package: fcprefix 2012/09/28
(/usr/share/texlive/texmf-dist/tex/latex/fmtcount/fcnumparser.sty
Package: fcnumparser 2017/06/15
\fc@digit@counter=\count399
))
\c@padzeroesN=\count400
\fc@tmpcatcode=\count401
\@DT@modctr=\count402
\@ordinalctr=\count403
\@orgargctr=\count404
\@strctr=\count405
\@tmpstrctr=\count406
\@DT@loopN=\count407
\@DT@X=\count408
) (/usr/share/texlive/texmf-dist/tex/latex/datetime/datetime-defaults.sty
Package: datetime-defaults 2013/09/10
)
\@day=\count409
\@month=\count410
\@year=\count411
\c@HOUR=\count412
\c@HOURXII=\count413
\c@MINUTE=\count414
\c@TOHOUR=\count415
\c@TOMINUTE=\count416
\c@SECOND=\count417
\currenthour=\count418
\currentminute=\count419
\currentsecond=\count420
Package datetime Info: No datetime.cfg file found, using default settings on in
put line 308.
\@dtctr=\count421
\dayofyear=\count422
\dayofweek=\count423
LaTeX Info: Redefining \today on input line 736.
\dt@a=\toks84
\dt@b=\toks85
) (/usr/share/texlive/texmf-dist/tex/latex/comment/comment.sty
\CommentStream=\write9
Excluding comment 'comment') (/usr/share/texlive/texmf-dist/tex/latex/pgfgantt/
pgfgantt.sty
Package: pgfgantt 2018/01/10 v5.0 Draw Gantt diagrams with TikZ
\gtt@currentline=\count424
\gtt@lasttitleline=\count425
\gtt@currgrid=\count426
\gtt@chartwidth=\count427
\gtt@lasttitleslot=\count428
\gtt@elementid=\count429
\gtt@today@slot=\count430
\gtt@startjulian=\count431
\gtt@endjulian=\count432
\gtt@chartid=\count433
\gtt@vrule@slot=\count434
\gtt@calendar@slots=\count435
\gtt@calendar@weeknumber=\count436
\gtt@calendar@startofweek=\count437
\gtt@left@slot=\count438
\gtt@right@slot=\count439
) (/usr/share/texlive/texmf-dist/tex/latex/base/textcomp.sty
Package: textcomp 2020/02/02 v2.0n Standard LaTeX package
) (/usr/share/texlive/texmf-dist/tex/latex/colortbl/colortbl.sty
Package: colortbl 2022/06/20 v1.0f Color table columns (DPC)
\everycr=\toks86
\minrowclearance=\skip107
\rownum=\count440
) (/usr/share/texlive/texmf-dist/tex/latex/psnfss/courier.sty
Package: courier 2020/03/25 PSNFSS-v9.3 (WaS) 
) (/usr/share/texlive/texmf-dist/tex/latex/setspace/setspace.sty
Package: setspace 2022/12/04 v6.7b set line spacing
) (/usr/share/texlive/texmf-dist/tex/latex/wrapfig/wrapfig.sty
\wrapoverhang=\dimen332
\WF@size=\dimen333
\c@WF@wrappedlines=\count441
\WF@box=\box103
\WF@everypar=\toks87
Package: wrapfig 2003/01/31  v 3.6
) (/usr/share/texlive/texmf-dist/tex/latex/fundus-calligra/calligra.sty
Package: calligra 2012/04/10 v1.9 LaTeX package calligra
) (/usr/share/texlive/texmf-dist/tex/latex/caption/caption.sty
Package: caption 2023/03/12 v3.6j Customizing captions (AR)
(/usr/share/texlive/texmf-dist/tex/latex/caption/caption3.sty
Package: caption3 2023/03/12 v2.4 caption3 kernel (AR)
\caption@tempdima=\dimen334
\captionmargin=\dimen335
\caption@leftmargin=\dimen336
\caption@rightmargin=\dimen337
\caption@width=\dimen338
\caption@indent=\dimen339
\caption@parindent=\dimen340
\caption@hangindent=\dimen341
Package caption Info: Unknown document class (or package),
(caption)             standard defaults will be used.
Package caption Info: \@makecaption = \long macro:#1#2->\ifx \@captype \@IEEEta
blestring \footnotesize \bgroup \par \centering \@IEEEtabletopskipstrut {\norma
lfont \footnotesize #1}\\{\normalfont \footnotesize \scshape #2}\par \addvspace
 {0.5\baselineskip }\egroup \@IEEEtablecaptionsepspace \else \@IEEEfigurecaptio
nsepspace \setbox \@tempboxa \hbox {\normalfont \footnotesize {#1.}\nobreakspac
e \nobreakspace #2}\ifdim \wd \@tempboxa >\hsize \setbox \@tempboxa \hbox {\nor
malfont \footnotesize {#1.}\nobreakspace \nobreakspace }\parbox [t]{\hsize }{\n
ormalfont \footnotesize \noindent \unhbox \@tempboxa #2}\else \ifCLASSOPTIONcon
ference \hbox to\hsize {\normalfont \footnotesize \hfil \box \@tempboxa \hfil }
\else \hbox to\hsize {\normalfont \footnotesize \box \@tempboxa \hfil }\fi \fi 
\fi  on input line 1176.
)

Package caption Warning: Unknown document class (or package),
(caption)                standard defaults will be used.
See the caption package documentation for explanation.

\c@caption@flags=\count442
\c@continuedfloat=\count443
Package caption Info: hyperref package is loaded.
Package caption Info: longtable package is loaded.
(/usr/share/texlive/texmf-dist/tex/latex/caption/ltcaption.sty
Package: ltcaption 2021/01/08 v1.4c longtable captions (AR)
)
Package caption Info: rotating package is loaded.
Package caption Info: wrapfig package is loaded.
)
(/usr/share/texlive/texmf-dist/tex/generic/pgf/frontendlayer/tikz/libraries/tik
zlibrarychains.code.tex
File: tikzlibrarychains.code.tex 2023-01-15 v3.1.10 (3.1.10)
)
(/usr/share/texlive/texmf-dist/tex/generic/pgf/frontendlayer/tikz/libraries/tik
zlibraryintersections.code.tex
(/usr/share/texlive/texmf-dist/tex/generic/pgf/libraries/pgflibraryintersection
s.code.tex
\pgf@intersect@solutions=\count444
)) (/usr/share/texlive/texmf-dist/tex/generic/xstring/xstring.sty (/usr/share/t
exlive/texmf-dist/tex/generic/xstring/xstring.tex
\integerpart=\count445
\decimalpart=\count446
)
Package: xstring 2023/01/14 v1.85 String manipulations (CT)
) (/usr/share/texlive/texmf-dist/tex/latex/wasysym/wasysym.sty
Package: wasysym 2020/01/19 v2.4 Wasy-2 symbol support package
\symwasy=\mathgroup8
LaTeX Font Info:    Overwriting symbol font `wasy' in version `bold'
(Font)                  U/wasy/m/n --> U/wasy/b/n on input line 93.
) (/usr/share/texlive/texmf-dist/tex/latex/ifsym/ifsym.sty
Package: ifsym 2000/04/18 I.Kloeckl
\c@ifsymcnt=\count447
)
\c@thm=\count448
\c@cor=\count449
\c@lem=\count450
\c@prop=\count451
\c@defn=\count452
\c@exmpl=\count453
\c@rem=\count454
\c@notn=\count455
(/usr/share/texlive/texmf-dist/tex/latex/algorithm2e/algorithm2e.sty
Package: algorithm2e 2017/07/18 v5.2 algorithms environments
\c@AlgoLine=\count456
\algocf@hangindent=\skip108
(/usr/share/texlive/texmf-dist/tex/latex/ifoddpage/ifoddpage.sty
Package: ifoddpage 2022/10/18 v1.2 Conditionals for odd/even page detection
\c@checkoddpage=\count457
) (/usr/share/texlive/texmf-dist/tex/latex/tools/xspace.sty
Package: xspace 2014/10/28 v1.13 Space after command names (DPC,MH)
) (/usr/share/texlive/texmf-dist/tex/latex/relsize/relsize.sty
Package: relsize 2013/03/29 ver 4.1
)
\skiptotal=\skip109
\skiplinenumber=\skip110
\skiprule=\skip111
\skiphlne=\skip112
\skiptext=\skip113
\skiplength=\skip114
\algomargin=\skip115
\skipalgocfslide=\skip116
\algowidth=\dimen342
\inoutsize=\dimen343
\inoutindent=\dimen344
\interspacetitleruled=\dimen345
\interspacealgoruled=\dimen346
\interspacetitleboxruled=\dimen347
\algocf@ruledwidth=\skip117
\algocf@inoutbox=\box104
\algocf@inputbox=\box105
\AlCapSkip=\skip118
\AlCapHSkip=\skip119
\algoskipindent=\skip120
\algocf@nlbox=\box106
\algocf@hangingbox=\box107
\algocf@untilbox=\box108
\algocf@skipuntil=\skip121
\algocf@capbox=\box109
\algocf@lcaptionbox=\skip122
\algoheightruledefault=\skip123
\algoheightrule=\skip124
\algotitleheightruledefault=\skip125
\algotitleheightrule=\skip126
\c@algocfline=\count458
\c@algocfproc=\count459
\c@algocf=\count460
\algocf@algoframe=\box110
\algocf@algobox=\box111
) (/usr/share/texlive/texmf-dist/tex/latex/newtx/newtxmath.sty
Package: newtxmath 2022/01/16 v1.71

`newtxmath' v1.71, 2022/01/16 Math macros based originally on txfonts (msharpe)
(/usr/share/texlive/texmf-dist/tex/generic/iftex/ifxetex.sty
Package: ifxetex 2019/10/25 v0.7 ifxetex legacy package. Use iftex instead.
) (/usr/share/texlive/texmf-dist/tex/generic/iftex/ifluatex.sty
Package: ifluatex 2019/10/25 v1.5 ifluatex legacy package. Use iftex instead.
) (/usr/share/texlive/texmf-dist/tex/latex/oberdiek/centernot.sty
Package: centernot 2016/05/16 v1.4 Centers the not symbol horizontally (HO)
)
\tx@cntz=\count461
(/usr/share/texlive/texmf-dist/tex/generic/kastrup/binhex.tex)
\tx@Isdigit=\count462
\tx@IsAlNum=\count463
\tx@tA=\toks88
\tx@tB=\toks89
\tx@su=\read8
amsthm NOT loaded
LaTeX Font Info:    Redeclaring symbol font `operators' on input line 376.
LaTeX Font Info:    Overwriting symbol font `operators' in version `normal'
(Font)                  OT1/cmr/m/n --> OT1/minntx/m/n on input line 376.
LaTeX Font Info:    Overwriting symbol font `operators' in version `bold'
(Font)                  OT1/cmr/bx/n --> OT1/minntx/m/n on input line 376.
LaTeX Font Info:    Overwriting symbol font `operators' in version `bold'
(Font)                  OT1/minntx/m/n --> OT1/minntx/b/n on input line 377.
LaTeX Font Info:    Redeclaring math alphabet \mathsf on input line 383.
LaTeX Font Info:    Overwriting math alphabet `\mathsf' in version `normal'
(Font)                  OT1/cmss/m/n --> OT1/phv/m/n on input line 383.
LaTeX Font Info:    Overwriting math alphabet `\mathsf' in version `bold'
(Font)                  OT1/cmss/bx/n --> OT1/phv/m/n on input line 383.
LaTeX Font Info:    Redeclaring math alphabet \mathit on input line 384.
LaTeX Font Info:    Overwriting math alphabet `\mathit' in version `normal'
(Font)                  OT1/cmr/m/it --> OT1/minntx/m/it on input line 384.
LaTeX Font Info:    Overwriting math alphabet `\mathit' in version `bold'
(Font)                  OT1/cmr/bx/it --> OT1/minntx/m/it on input line 384.
LaTeX Font Info:    Redeclaring math alphabet \mathtt on input line 385.
LaTeX Font Info:    Overwriting math alphabet `\mathtt' in version `normal'
(Font)                  OT1/cmtt/m/n --> OT1/pcr/m/n on input line 385.
LaTeX Font Info:    Overwriting math alphabet `\mathtt' in version `bold'
(Font)                  OT1/cmtt/m/n --> OT1/pcr/m/n on input line 385.
LaTeX Font Info:    Redeclaring math alphabet \mathbf on input line 387.
LaTeX Font Info:    Overwriting math alphabet `\mathbf' in version `normal'
(Font)                  OT1/cmr/bx/n --> OT1/minntx/b/n on input line 387.
LaTeX Font Info:    Overwriting math alphabet `\mathbf' in version `bold'
(Font)                  OT1/cmr/bx/n --> OT1/minntx/b/n on input line 387.
LaTeX Font Info:    Overwriting math alphabet `\mathit' in version `bold'
(Font)                  OT1/minntx/m/it --> OT1/minntx/b/it on input line 388.
LaTeX Font Info:    Overwriting math alphabet `\mathsf' in version `bold'
(Font)                  OT1/phv/m/n --> OT1/phv/b/n on input line 389.
LaTeX Font Info:    Overwriting math alphabet `\mathtt' in version `bold'
(Font)                  OT1/pcr/m/n --> OT1/pcr/b/n on input line 390.
LaTeX Font Info:    Redeclaring symbol font `letters' on input line 491.
LaTeX Font Info:    Overwriting symbol font `letters' in version `normal'
(Font)                  OML/cmm/m/it --> OML/ntxmi/m/it on input line 491.
LaTeX Font Info:    Overwriting symbol font `letters' in version `bold'
(Font)                  OML/cmm/b/it --> OML/ntxmi/m/it on input line 491.
LaTeX Font Info:    Overwriting symbol font `letters' in version `bold'
(Font)                  OML/ntxmi/m/it --> OML/ntxmi/b/it on input line 492.
\symlettersA=\mathgroup9
LaTeX Font Info:    Overwriting symbol font `lettersA' in version `bold'
(Font)                  U/ntxmia/m/it --> U/ntxmia/b/it on input line 547.
LaTeX Font Info:    Redeclaring math alphabet \mathfrak on input line 549.
Now handling font encoding LMS ...
... no UTF-8 mapping file for font encoding LMS
LaTeX Font Info:    Redeclaring symbol font `symbols' on input line 568.
LaTeX Font Info:    Encoding `OMS' has changed to `LMS' for symbol font
(Font)              `symbols' in the math version `normal' on input line 568.
LaTeX Font Info:    Overwriting symbol font `symbols' in version `normal'
(Font)                  OMS/cmsy/m/n --> LMS/ntxsy/m/n on input line 568.
LaTeX Font Info:    Encoding `OMS' has changed to `LMS' for symbol font
(Font)              `symbols' in the math version `bold' on input line 568.
LaTeX Font Info:    Overwriting symbol font `symbols' in version `bold'
(Font)                  OMS/cmsy/b/n --> LMS/ntxsy/m/n on input line 568.
LaTeX Font Info:    Overwriting symbol font `symbols' in version `bold'
(Font)                  LMS/ntxsy/m/n --> LMS/ntxsy/b/n on input line 569.
\symAMSm=\mathgroup10
LaTeX Font Info:    Overwriting symbol font `AMSm' in version `bold'
(Font)                  U/ntxsym/m/n --> U/ntxsym/b/n on input line 594.
\symsymbolsC=\mathgroup11
LaTeX Font Info:    Overwriting symbol font `symbolsC' in version `bold'
(Font)                  U/ntxsyc/m/n --> U/ntxsyc/b/n on input line 615.
Now handling font encoding LMX ...
... no UTF-8 mapping file for font encoding LMX
LaTeX Font Info:    Redeclaring symbol font `largesymbols' on input line 628.
LaTeX Font Info:    Encoding `OMX' has changed to `LMX' for symbol font
(Font)              `largesymbols' in the math version `normal' on input line 6
28.
LaTeX Font Info:    Overwriting symbol font `largesymbols' in version `normal'
(Font)                  OMX/cmex/m/n --> LMX/ntxexx/m/n on input line 628.
LaTeX Font Info:    Encoding `OMX' has changed to `LMX' for symbol font
(Font)              `largesymbols' in the math version `bold' on input line 628
.
LaTeX Font Info:    Overwriting symbol font `largesymbols' in version `bold'
(Font)                  OMX/cmex/m/n --> LMX/ntxexx/m/n on input line 628.
LaTeX Font Info:    Overwriting symbol font `largesymbols' in version `bold'
(Font)                  LMX/ntxexx/m/n --> LMX/ntxexx/b/n on input line 629.
\symlargesymbolsTXA=\mathgroup12
LaTeX Font Info:    Overwriting symbol font `largesymbolsTXA' in version `bold'

(Font)                  U/ntxexa/m/n --> U/ntxexa/b/n on input line 643.
\tx@sbptoks=\toks90
LaTeX Font Info:    Redeclaring math delimiter \lfloor on input line 866.
LaTeX Font Info:    Redeclaring math delimiter \rfloor on input line 867.
LaTeX Font Info:    Redeclaring math delimiter \lceil on input line 868.
LaTeX Font Info:    Redeclaring math delimiter \rceil on input line 869.
LaTeX Font Info:    Redeclaring math delimiter \lbrace on input line 870.
LaTeX Font Info:    Redeclaring math delimiter \rbrace on input line 871.
LaTeX Font Info:    Redeclaring math delimiter \langle on input line 872.
LaTeX Font Info:    Redeclaring math delimiter \rangle on input line 874.
LaTeX Font Info:    Redeclaring math delimiter \arrowvert on input line 878.
LaTeX Font Info:    Redeclaring math delimiter \vert on input line 879.
LaTeX Font Info:    Redeclaring math accent \dot on input line 950.
LaTeX Font Info:    Redeclaring math accent \ddot on input line 951.
LaTeX Font Info:    Redeclaring math accent \vec on input line 2020.
LaTeX Info: Redefining \Bbbk on input line 2810.
LaTeX Info: Redefining \not on input line 2959.
LaTeX Info: Redefining \textsquare on input line 2989.
LaTeX Info: Redefining \openbox on input line 2991.
)
(/usr/share/texlive/texmf-dist/tex/generic/pgfplots/libs/tikzlibrarypgfplots.fi
llbetween.code.tex
(/usr/share/texlive/texmf-dist/tex/generic/pgfplots/pgfcontrib/tikzlibraryfillb
etween.code.tex
(/usr/share/texlive/texmf-dist/tex/generic/pgfplots/pgfcontrib/tikzlibrarydecor
ations.softclip.code.tex
(/usr/share/texlive/texmf-dist/tex/generic/pgfplots/pgfcontrib/pgflibraryfillbe
tween.code.tex)))
(/usr/share/texlive/texmf-dist/tex/generic/pgfplots/libs/tikzlibrarypgfplots.de
corations.softclip.code.tex))
(/usr/share/texlive/texmf-dist/tex/generic/pgf/frontendlayer/tikz/libraries/tik
zlibrarymath.code.tex
(/usr/share/texlive/texmf-dist/tex/generic/pgf/frontendlayer/tikz/libraries/tik
zlibraryfpu.code.tex)
\tikz@math@for@depth=\count464
\tikz@math@dimen=\dimen348
\tikz@math@toks=\toks91
) (/usr/share/texlive/texmf-dist/tex/latex/psnfss/pifont.sty
Package: pifont 2020/03/25 PSNFSS-v9.3 Pi font support (SPQR) 
LaTeX Font Info:    Trying to load font information for U+pzd on input line 63.

(/usr/share/texlive/texmf-dist/tex/latex/psnfss/upzd.fd
File: upzd.fd 2001/06/04 font definitions for U/pzd.
)
LaTeX Font Info:    Trying to load font information for U+psy on input line 64.

(/usr/share/texlive/texmf-dist/tex/latex/psnfss/upsy.fd
File: upsy.fd 2001/06/04 font definitions for U/psy.
))
(/usr/share/texlive/texmf-dist/tex/generic/pgfplots/libs/tikzlibrarypgfplots.gr
oupplots.code.tex
\pgfplots@group@current@plot=\count465
\pgfplots@group@current@row=\count466
\pgfplots@group@current@column=\count467
) (/usr/share/texlive/texmf-dist/tex/latex/pgfplots/pgfplotstable.sty (/usr/sha
re/texlive/texmf-dist/tex/generic/pgfplots/pgfplots.revision.tex)
Package: pgfplotstable 2021/05/15 v1.18.1 Table typesetting and Pretty-printing
 (1.18.1)

(/usr/share/texlive/texmf-dist/tex/generic/pgfplots/numtable/pgfplotstable.code
.tex
(/usr/share/texlive/texmf-dist/tex/generic/pgfplots/numtable/pgfplotstable.colt
ype.code.tex))) (/usr/share/texlive/texmf-dist/tex/latex/natbib/natbib.sty
Package: natbib 2010/09/13 8.31b (PWD, AO)
\bibhang=\skip127
\bibsep=\skip128
LaTeX Info: Redefining \cite on input line 694.
\c@NAT@ctr=\count468
)
(/usr/share/texlive/texmf-dist/tex/generic/pgf/frontendlayer/tikz/libraries/tik
zlibrarymatrix.code.tex
File: tikzlibrarymatrix.code.tex 2023-01-15 v3.1.10 (3.1.10)
) (/usr/share/texlive/texmf-dist/tex/latex/sttools/flushend.sty
Package: flushend 2021/10/04 v4.0 Balancing columns in twocolumn mode
\flushend@@lastskip@a=\skip129
\flushend@@lastskip@b=\skip130
\flushend@@lastnode=\count469
\var@@loop@iter=\count470
\var@@temp@spread=\dimen349
\var@@temp@a=\dimen350
\var@@temp@loop=\dimen351
\flushend@@page@rule=\dimen352
\flushend@@varbox@lastpage=\box112
\flushend@@varbox@a=\box113
\flushend@@varbox@c=\box114
\flushend@@tempbox@a=\box115
\flushend@@tempbox@c=\box116
\flushend@@floatbox=\box117
\@viper=\box118
\hold@viper=\box119
\atColsBreak=\toks92
\atColsEnd=\toks93
\oldbreak@skip=\dimen353
)
\c@Dcounter=\count471
(/usr/share/texlive/texmf-dist/tex/latex/sistyle/sistyle.sty
Package: sistyle 2008/07/16 v2.3a SI units and numbers (DNJ Els)
\ttoks@A=\toks94
\ttoks@B=\toks95
)
\bibitemsep=\skip131
\bibparskip=\skip132
) (/usr/share/texlive/texmf-dist/tex/latex/booktabs/booktabs.sty
Package: booktabs 2020/01/12 v1.61803398 Publication quality tables
\heavyrulewidth=\dimen354
\lightrulewidth=\dimen355
\cmidrulewidth=\dimen356
\belowrulesep=\dimen357
\belowbottomsep=\dimen358
\aboverulesep=\dimen359
\abovetopsep=\dimen360
\cmidrulesep=\dimen361
\cmidrulekern=\dimen362
\defaultaddspace=\dimen363
\@cmidla=\count472
\@cmidlb=\count473
\@aboverulesep=\dimen364
\@belowrulesep=\dimen365
\@thisruleclass=\count474
\@lastruleclass=\count475
\@thisrulewidth=\dimen366
) (/usr/share/texlive/texmf-dist/tex/latex/adjustbox/adjustbox.sty
Package: adjustbox 2022/10/17 v1.3a Adjusting TeX boxes (trim, clip, ...)
(/usr/share/texlive/texmf-dist/tex/latex/adjustbox/adjcalc.sty
Package: adjcalc 2012/05/16 v1.1 Provides advanced setlength with multiple back
-ends (calc, etex, pgfmath)
) (/usr/share/texlive/texmf-dist/tex/latex/adjustbox/trimclip.sty
Package: trimclip 2020/08/19 v1.2 Trim and clip general TeX material
(/usr/share/texlive/texmf-dist/tex/latex/collectbox/collectbox.sty
Package: collectbox 2022/10/17 v0.4c Collect macro arguments as boxes
\collectedbox=\box120
)
\tc@llx=\dimen367
\tc@lly=\dimen368
\tc@urx=\dimen369
\tc@ury=\dimen370
Package trimclip Info: Using driver 'tc-pdftex.def'.
(/usr/share/texlive/texmf-dist/tex/latex/adjustbox/tc-pdftex.def
File: tc-pdftex.def 2019/01/04 v2.2 Clipping driver for pdftex
))
\adjbox@Width=\dimen371
\adjbox@Height=\dimen372
\adjbox@Depth=\dimen373
\adjbox@Totalheight=\dimen374
\adjbox@pwidth=\dimen375
\adjbox@pheight=\dimen376
\adjbox@pdepth=\dimen377
\adjbox@ptotalheight=\dimen378
(/usr/share/texlive/texmf-dist/tex/latex/varwidth/varwidth.sty
Package: varwidth 2009/03/30 ver 0.92;  Variable-width minipages
\@vwid@box=\box121
\sift@deathcycles=\count476
\@vwid@loff=\dimen379
\@vwid@roff=\dimen380
))
\c@theorem=\count477
\c@corollary=\count478
\c@proposition=\count479
\c@remark=\count480
(./empirical_figures_data.tex
PGFPlots: reading {../zebra_comp/RESULTS/032_REPEATED_SPLITS_03_TARGET_LOGIC/au
c_distribution_summary.csv}
PGFPlots: reading {../zebra_comp/RESULTS/032_REPEATED_SPLITS_03_TARGET_LOGIC/pa
ired_auc_delta_summary.csv}
PGFPlots: reading {../zebra_comp/RESULTS/033_INCREMENTAL_LOGISTIC_32_COHORT/pai
red_incremental_summary.csv}
PGFPlots: reading {../zebra_comp/RESULTS/MUC5B_STRATIFIED_BY_FILD/MUC5B_ZEBRA_S
TRATIFIED_SUMMARY.csv}
PGFPlots: reading {../zebra_comp/RESULTS/LOCAL_ZEBRA_MUC5B_INFORMATION_CURVES/F
PR_DEFINED_LOCAL_INFORMATION_BANDS.csv}
PGFPlots: reading {../zebra_comp/RESULTS/LOCAL_ZEBRA_MUC5B_INFORMATION_CURVES/L
OCAL_ZEBRA_MUC5B_INFORMATION_WINDOWS.csv}
PGFPlots: reading {../zebra_comp/RESULTS/MUC5B_ZEBRA_RESCUE_RULE/REPEATED_SPLIT
_MUC5B_RESCUE_SUMMARY.csv}
PGFPlots: reading {../zebra_comp/RESULTS/MUC5B_ZEBRA_RESCUE_RULE/REPEATED_SPLIT
_ADJUDICATED_MATCHED_FPR_SUMMARY.csv}
PGFPlots: reading {../zebra_comp/RESULTS/032_REPEATED_SPLITS_03_TARGET_LOGIC/ze
dstat_operating_points_summary.csv}
PGFPlots: reading {../zebra_comp/RESULTS/EMPIRICAL_ZEBRA_MUC5B_LIKELIHOOD_RATIO
S/EMPIRICAL_LR_MOVING_WINDOWS.csv}
PGFPlots: reading {../zebra_comp/RESULTS/EMPIRICAL_ZEBRA_MUC5B_LR_ROBUSTNESS/LR
_ESTIMATOR_SENSITIVITY_GRID.csv}
PGFPlots: reading {../zebra_comp/RESULTS/EMPIRICAL_ZEBRA_MUC5B_LR_ROBUSTNESS/CL
INICAL_TAIL_ROBUSTNESS.csv}
PGFPlots: reading {../zebra_comp/RESULTS/EMPIRICAL_ZEBRA_MUC5B_LR_ROBUSTNESS/RO
BUSTNESS_RANGE_SUMMARY.csv}
)
LaTeX Font Info:    Trying to load font information for OT1+phv on input line 4
2.
(/usr/share/texlive/texmf-dist/tex/latex/psnfss/ot1phv.fd
File: ot1phv.fd 2020/03/25 scalable font definitions for OT1/phv.
) (/usr/share/texlive/texmf-dist/tex/latex/l3backend/l3backend-pdftex.def
File: l3backend-pdftex.def 2023-01-16 L3 backend support: PDF output (pdfTeX)
\l__color_backend_stack_int=\count481
\l__pdf_internal_box=\box122
)
No file ./Figures/External/fig1a.aux.
LaTeX Font Info:    Checking defaults for OML/ntxmi/m/it on input line 42.
LaTeX Font Info:    Trying to load font information for OML+ntxmi on input line
 42.
(/usr/share/texlive/texmf-dist/tex/latex/newtx/omlntxmi.fd
File: omlntxmi.fd 2015/08/25 Fontinst v1.933 font definitions for OML/ntxmi.
)
LaTeX Font Info:    ... okay on input line 42.
LaTeX Font Info:    Checking defaults for OMS/cmsy/m/n on input line 42.
LaTeX Font Info:    ... okay on input line 42.
LaTeX Font Info:    Checking defaults for OT1/cmr/m/n on input line 42.
LaTeX Font Info:    ... okay on input line 42.
LaTeX Font Info:    Checking defaults for T1/cmr/m/n on input line 42.
LaTeX Font Info:    ... okay on input line 42.
LaTeX Font Info:    Checking defaults for TS1/cmr/m/n on input line 42.
LaTeX Font Info:    ... okay on input line 42.
LaTeX Font Info:    Checking defaults for OMX/cmex/m/n on input line 42.
LaTeX Font Info:    ... okay on input line 42.
LaTeX Font Info:    Checking defaults for U/ntxexa/m/n on input line 42.
LaTeX Font Info:    Trying to load font information for U+ntxexa on input line 
42.
(/usr/share/texlive/texmf-dist/tex/latex/newtx/untxexa.fd
File: untxexa.fd 2012/04/16 Fontinst v1.933 font definitions for U/ntxexa.
)
LaTeX Font Info:    ... okay on input line 42.
LaTeX Font Info:    Checking defaults for PD1/pdf/m/n on input line 42.
LaTeX Font Info:    ... okay on input line 42.
LaTeX Font Info:    Checking defaults for PU/pdf/m/n on input line 42.
LaTeX Font Info:    ... okay on input line 42.
LaTeX Font Info:    Checking defaults for LMS/ntxsy/m/n on input line 42.
LaTeX Font Info:    Trying to load font information for LMS+ntxsy on input line
 42.
(/usr/share/texlive/texmf-dist/tex/latex/newtx/lmsntxsy.fd
File: lmsntxsy.fd 2016/07/02 Fontinst v1.933 font definitions for LMS/ntxsy.
)
LaTeX Font Info:    ... okay on input line 42.
LaTeX Font Info:    Checking defaults for LMX/ntxexx/m/n on input line 42.
LaTeX Font Info:    Trying to load font information for LMX+ntxexx on input lin
e 42.
(/usr/share/texlive/texmf-dist/tex/latex/newtx/lmxntxexx.fd
File: lmxntxexx.fd 2016/07/03 Fontinst v1.933 font definitions for LMX/ntxexx.
)
LaTeX Font Info:    ... okay on input line 42.
LaTeX Font Info:    Font shape `OT1/phv/m/it' in size <5> not available
(Font)              Font shape `OT1/phv/m/sl' tried instead on input line 42.
LaTeX Font Info:    Font shape `OT1/phv/b/it' in size <5> not available
(Font)              Font shape `OT1/phv/b/sl' tried instead on input line 42.
LaTeX Font Info:    Font shape `OT1/phv/m/it' in size <7> not available
(Font)              Font shape `OT1/phv/m/sl' tried instead on input line 42.
LaTeX Font Info:    Font shape `OT1/phv/b/it' in size <7> not available
(Font)              Font shape `OT1/phv/b/sl' tried instead on input line 42.
LaTeX Font Info:    Font shape `OT1/phv/m/it' in size <8> not available
(Font)              Font shape `OT1/phv/m/sl' tried instead on input line 42.
LaTeX Font Info:    Font shape `OT1/phv/b/it' in size <8> not available
(Font)              Font shape `OT1/phv/b/sl' tried instead on input line 42.
LaTeX Font Info:    Font shape `OT1/phv/m/it' in size <9> not available
(Font)              Font shape `OT1/phv/m/sl' tried instead on input line 42.
LaTeX Font Info:    Font shape `OT1/phv/b/it' in size <9> not available
(Font)              Font shape `OT1/phv/b/sl' tried instead on input line 42.
LaTeX Font Info:    Font shape `OT1/phv/m/it' in size <10> not available
(Font)              Font shape `OT1/phv/m/sl' tried instead on input line 42.
LaTeX Font Info:    Font shape `OT1/phv/b/it' in size <10> not available
(Font)              Font shape `OT1/phv/b/sl' tried instead on input line 42.
LaTeX Font Info:    Font shape `OT1/phv/m/it' in size <11> not available
(Font)              Font shape `OT1/phv/m/sl' tried instead on input line 42.
LaTeX Font Info:    Font shape `OT1/phv/b/it' in size <11> not available
(Font)              Font shape `OT1/phv/b/sl' tried instead on input line 42.
LaTeX Font Info:    Font shape `OT1/phv/m/it' in size <12> not available
(Font)              Font shape `OT1/phv/m/sl' tried instead on input line 42.
LaTeX Font Info:    Font shape `OT1/phv/b/it' in size <12> not available
(Font)              Font shape `OT1/phv/b/sl' tried instead on input line 42.
LaTeX Font Info:    Font shape `OT1/phv/m/it' in size <17> not available
(Font)              Font shape `OT1/phv/m/sl' tried instead on input line 42.
LaTeX Font Info:    Font shape `OT1/phv/b/it' in size <17> not available
(Font)              Font shape `OT1/phv/b/sl' tried instead on input line 42.
LaTeX Font Info:    Font shape `OT1/phv/m/it' in size <20> not available
(Font)              Font shape `OT1/phv/m/sl' tried instead on input line 42.
LaTeX Font Info:    Font shape `OT1/phv/b/it' in size <20> not available
(Font)              Font shape `OT1/phv/b/sl' tried instead on input line 42.
LaTeX Font Info:    Font shape `OT1/phv/m/it' in size <24> not available
(Font)              Font shape `OT1/phv/m/sl' tried instead on input line 42.
LaTeX Font Info:    Font shape `OT1/phv/b/it' in size <24> not available
(Font)              Font shape `OT1/phv/b/sl' tried instead on input line 42.
-- Lines per column: 58 (approximate, difference = 7.07925pt).
LaTeX Info: Command `\dddot' is already robust on input line 42.
LaTeX Info: Command `\ddddot' is already robust on input line 42.
(/usr/share/texlive/texmf-dist/tex/context/base/mkii/supp-pdf.mkii
[Loading MPS to PDF converter (version 2006.09.02).]
\scratchcounter=\count482
\scratchdimen=\dimen381
\scratchbox=\box123
\nofMPsegments=\count483
\nofMParguments=\count484
\everyMPshowfont=\toks96
\MPscratchCnt=\count485
\MPscratchDim=\dimen382
\MPnumerator=\count486
\makeMPintoPDFobject=\count487
\everyMPtoPDFconversion=\toks97
) (/usr/share/texlive/texmf-dist/tex/latex/epstopdf-pkg/epstopdf-base.sty
Package: epstopdf-base 2020-01-24 v2.11 Base part for package epstopdf
Package epstopdf-base Info: Redefining graphics rule for `.eps' on input line 4
85.
(/usr/share/texlive/texmf-dist/tex/latex/latexconfig/epstopdf-sys.cfg
File: epstopdf-sys.cfg 2010/07/13 v1.3 Configuration of (r)epstopdf for TeX Liv
e
))
\providecommand\hyper@newdestlabel[2]{}
Package hyperref Info: Link coloring ON on input line 42.
(/usr/share/texlive/texmf-dist/tex/latex/pdflscape/pdflscape.sty
Package: pdflscape 2022-10-27 v0.13 Display of landscape pages in PDF
(/usr/share/texlive/texmf-dist/tex/latex/pdflscape/pdflscape-nometadata.sty
Package: pdflscape-nometadata 2022-10-28 v0.13 Display of landscape pages in PD
F (HO)
(/usr/share/texlive/texmf-dist/tex/latex/graphics/lscape.sty
Package: lscape 2020/05/28 v3.02 Landscape Pages (DPC)
)
Package pdflscape Info: Auto-detected driver: pdftex on input line 81.
))

Package pgfplots Warning: running in backwards compatibility mode (unsuitable t
ick labels; missing features). Consider writing \pgfplotsset{compat=1.18} into 
your preamble.
 on input line 42.

*geometry* driver: auto-detecting
*geometry* detected driver: pdftex
*geometry* verbose mode - [ preamble ] result:
* driver: pdftex
* paper: letterpaper
* layout: <same size as paper>
* layoutoffset:(h,v)=(0.0pt,0.0pt)
* modes: 
* h-part:(L,W,R)=(65.04256pt, 484.20988pt, 65.04256pt)
* v-part:(T,H,B)=(57.81621pt, 675.72385pt, 61.42993pt)
* \paperwidth=614.295pt
* \paperheight=794.96999pt
* \textwidth=484.20988pt
* \textheight=675.72385pt
* \oddsidemargin=-7.22743pt
* \evensidemargin=-7.22743pt
* \topmargin=-47.79578pt
* \headheight=12.0pt
* \headsep=21.342pt
* \topskip=12.0pt
* \footskip=25.80774pt
* \marginparwidth=39.74872pt
* \marginparsep=1.42271pt
* \columnsep=12.0pt
* \skip\footins=10.79993pt plus 4.79993pt minus 2.39996pt
* \hoffset=0.0pt
* \voffset=0.0pt
* \mag=1000
* \@twocolumntrue
* \@twosidefalse
* \@mparswitchfalse
* \@reversemarginfalse
* (1in=72.27pt=25.4mm, 1cm=28.453pt)

(/usr/share/texlive/texmf-dist/tex/latex/fmtcount/fc-english.def
File: fc-english.def 2016/01/12
)
Package caption Info: Begin \AtBeginDocument code.
Package caption Info: End \AtBeginDocument code.
LaTeX Font Info:    Trying to load font information for OT1+minntx on input lin
e 42.
(/usr/share/texlive/texmf-dist/tex/latex/newtx/ot1minntx.fd
File: ot1minntx.fd 2022/01/20 v1.0 font definition file for OT1/minntx
)
LaTeX Font Info:    Trying to load font information for U+msa on input line 42.

(/usr/share/texlive/texmf-dist/tex/latex/amsfonts/umsa.fd
File: umsa.fd 2013/01/14 v3.01 AMS symbols A
)
LaTeX Font Info:    Trying to load font information for U+msb on input line 42.

(/usr/share/texlive/texmf-dist/tex/latex/amsfonts/umsb.fd
File: umsb.fd 2013/01/14 v3.01 AMS symbols B
)
LaTeX Font Info:    Trying to load font information for U+rsfs on input line 42
.
(/usr/share/texlive/texmf-dist/tex/latex/jknapltx/ursfs.fd
File: ursfs.fd 1998/03/24 rsfs font definition file (jk)
)
LaTeX Font Info:    Trying to load font information for U+wasy on input line 42
.
(/usr/share/texlive/texmf-dist/tex/latex/wasysym/uwasy.fd
File: uwasy.fd 2020/01/19 v2.4 Wasy-2 symbol font definitions
)
LaTeX Font Info:    Trying to load font information for U+ntxmia on input line 
42.
(/usr/share/texlive/texmf-dist/tex/latex/newtx/untxmia.fd
File: untxmia.fd 2018/04/14 Fontinst v1.933 font definitions for U/ntxmia.
)
LaTeX Font Info:    Trying to load font information for U+ntxsym on input line 
42.
(/usr/share/texlive/texmf-dist/tex/latex/newtx/untxsym.fd
File: untxsym.fd 2015/03/20 Fontinst v1.933 font definitions for U/ntxsym.
)
LaTeX Font Info:    Trying to load font information for U+ntxsyc on input line 
42.
(/usr/share/texlive/texmf-dist/tex/latex/newtx/untxsyc.fd
File: untxsyc.fd 2012/04/12 Fontinst v1.933 font definitions for U/ntxsyc.
)
LaTeX Font Info:    Freeze math alphabet allocation in version normal.
(Font)              Allocated math groups: 14 (local: 2) on input line 42.
LaTeX Font Info:    Trying to load font information for OT1+pcr on input line 4
2.
(/usr/share/texlive/texmf-dist/tex/latex/psnfss/ot1pcr.fd
File: ot1pcr.fd 2001/06/04 font definitions for OT1/pcr.
)
LaTeX Font Info:    Undo math alphabet allocation in version normal on input li
ne 42.
(./manuscript_body_intro.tex
LaTeX Font Info:    No math alphabet change to frozen version normal on input l
ine 2.
LaTeX Font Info:    No math alphabet change to frozen version normal on input l
ine 2.
LaTeX Font Info:    No math alphabet change to frozen version normal on input l
ine 2.
LaTeX Font Info:    No math alphabet change to frozen version normal on input l
ine 2.

Package natbib Warning: Citation `Seibold2011' on page 1 undefined on input lin
e 11.


Package natbib Warning: Citation `Fingerlin2013' on page 1 undefined on input l
ine 11.


Package natbib Warning: Citation `Allen2020' on page 1 undefined on input line 
11.

LaTeX Font Info:    No math alphabet change to frozen version normal on input l
ine 11.

Package natbib Warning: Citation `Hunninghake2013' on page 1 undefined on input
 line 11.


Package natbib Warning: Citation `Araki2016' on page 1 undefined on input line 
11.


Package natbib Warning: Citation `Juge2018' on page 1 undefined on input line 1
1.

LaTeX Font Info:    No math alphabet change to frozen version normal on input l
ine 11.

Package natbib Warning: Citation `Miotto2016' on page 1 undefined on input line
 11.


Package natbib Warning: Citation `Rajkomar2018' on page 1 undefined on input li
ne 11.

LaTeX Font Info:    No math alphabet change to frozen version normal on input l
ine 11.

Package natbib Warning: Citation `Onishchenko2026' on page 1 undefined on input
 line 11.

LaTeX Font Info:    No math alphabet change to frozen version normal on input l
ine 11.

Package natbib Warning: Citation `Moll2023' on page 1 undefined on input line 1
3.

LaTeX Font Info:    No math alphabet change to frozen version normal on input l
ine 13.
LaTeX Font Info:    No math alphabet change to frozen version normal on input l
ine 15.
LaTeX Font Info:    No math alphabet change to frozen version normal on input l
ine 15.
LaTeX Font Info:    No math alphabet change to frozen version normal on input l
ine 15.

LaTeX Warning: Reference `tab:supp-genomic-panel' on page 1 undefined on input 
line 15.


Package natbib Warning: Citation `Pepe2004' on page 1 undefined on input line 1
5.


Package natbib Warning: Citation `Pencina2012' on page 1 undefined on input lin
e 15.


Package natbib Warning: Citation `Steyerberg2012' on page 1 undefined on input 
line 15.

LaTeX Font Info:    No math alphabet change to frozen version normal on input l
ine 15.

Underfull \vbox (badness 10000) has occurred while \output is active []

LaTeX Font Info:    No math alphabet change to frozen version normal on input l
ine 28.
LaTeX Font Info:    No math alphabet change to frozen version normal on input l
ine 29.
LaTeX Font Info:    No math alphabet change to frozen version normal on input l
ine 29.
LaTeX Font Info:    No math alphabet change to frozen version normal on input l
ine 29.
LaTeX Font Info:    No math alphabet change to frozen version normal on input l
ine 29.
LaTeX Font Info:    Undo math alphabet allocation in version normal on input li
ne 31.
LaTeX Font Info:    No math alphabet change to frozen version normal on input l
ine 31.
LaTeX Font Info:    No math alphabet change to frozen version normal on input l
ine 32.
LaTeX Font Info:    No math alphabet change to frozen version normal on input l
ine 32.
LaTeX Font Info:    No math alphabet change to frozen version normal on input l
ine 32.
LaTeX Font Info:    No math alphabet change to frozen version normal on input l
ine 32.
LaTeX Font Info:    No math alphabet change to frozen version normal on input l
ine 32.
LaTeX Font Info:    No math alphabet change to frozen version normal on input l
ine 32.
LaTeX Font Info:    No math alphabet change to frozen version normal on input l
ine 35.
LaTeX Font Info:    No math alphabet change to frozen version normal on input l
ine 35.
LaTeX Font Info:    No math alphabet change to frozen version normal on input l
ine 35.
LaTeX Font Info:    No math alphabet change to frozen version normal on input l
ine 35.
LaTeX Font Info:    No math alphabet change to frozen version normal on input l
ine 38.
LaTeX Font Info:    No math alphabet change to frozen version normal on input l
ine 38.
LaTeX Font Info:    No math alphabet change to frozen version normal on input l
ine 40.
LaTeX Font Info:    No math alphabet change to frozen version normal on input l
ine 40.
LaTeX Font Info:    No math alphabet change to frozen version normal on input l
ine 40.
LaTeX Font Info:    No math alphabet change to frozen version normal on input l
ine 40.
LaTeX Font Info:    No math alphabet change to frozen version normal on input l
ine 44.
LaTeX Font Info:    No math alphabet change to frozen version normal on input l
ine 44.
LaTeX Font Info:    No math alphabet change to frozen version normal on input l
ine 46.
LaTeX Font Info:    No math alphabet change to frozen version normal on input l
ine 46.
LaTeX Font Info:    No math alphabet change to frozen version normal on input l
ine 46.
LaTeX Font Info:    No math alphabet change to frozen version normal on input l
ine 46.
LaTeX Font Info:    No math alphabet change to frozen version normal on input l
ine 49.
LaTeX Font Info:    No math alphabet change to frozen version normal on input l
ine 49.
LaTeX Font Info:    No math alphabet change to frozen version normal on input l
ine 51.
LaTeX Font Info:    No math alphabet change to frozen version normal on input l
ine 51.
LaTeX Font Info:    No math alphabet change to frozen version normal on input l
ine 51.
LaTeX Font Info:    No math alphabet change to frozen version normal on input l
ine 51.
LaTeX Font Info:    No math alphabet change to frozen version normal on input l
ine 55.
LaTeX Font Info:    No math alphabet change to frozen version normal on input l
ine 57.
LaTeX Font Info:    No math alphabet change to frozen version normal on input l
ine 57.
LaTeX Font Info:    No math alphabet change to frozen version normal on input l
ine 58.

Package natbib Warning: Citation `NeymanPearson1933' on page 2 undefined on inp
ut line 58.

LaTeX Font Info:    No math alphabet change to frozen version normal on input l
ine 58.

Package natbib Warning: Citation `DeeksAltman2004' on page 2 undefined on input
 line 58.

LaTeX Font Info:    No math alphabet change to frozen version normal on input l
ine 58.
LaTeX Font Info:    No math alphabet change to frozen version normal on input l
ine 62.
LaTeX Font Info:    No math alphabet change to frozen version normal on input l
ine 62.
LaTeX Font Info:    No math alphabet change to frozen version normal on input l
ine 62.
LaTeX Font Info:    No math alphabet change to frozen version normal on input l
ine 62.
LaTeX Font Info:    No math alphabet change to frozen version normal on input l
ine 62.
LaTeX Font Info:    No math alphabet change to frozen version normal on input l
ine 62.
LaTeX Font Info:    No math alphabet change to frozen version normal on input l
ine 63.
LaTeX Font Info:    No math alphabet change to frozen version normal on input l
ine 63.
LaTeX Font Info:    No math alphabet change to frozen version normal on input l
ine 63.
LaTeX Font Info:    No math alphabet change to frozen version normal on input l
ine 63.
LaTeX Font Info:    No math alphabet change to frozen version normal on input l
ine 67.
LaTeX Font Info:    No math alphabet change to frozen version normal on input l
ine 67.
LaTeX Font Info:    No math alphabet change to frozen version normal on input l
ine 68.
LaTeX Font Info:    No math alphabet change to frozen version normal on input l
ine 68.
LaTeX Font Info:    No math alphabet change to frozen version normal on input l
ine 69.
LaTeX Font Info:    No math alphabet change to frozen version normal on input l
ine 69.
LaTeX Font Info:    No math alphabet change to frozen version normal on input l
ine 69.
LaTeX Font Info:    No math alphabet change to frozen version normal on input l
ine 69.

Overfull \hbox (5.71498pt too wide) detected at line 74
[][][]\OML/ntxmi/m/it/10 Z[]\LMS/ntxsy/m/n/10 ¹\OML/ntxmi/m/it/10 C[]\LMS/ntxsy
/m/n/10 º \U/ntxmia/m/it/10 = \U/ntxsym/m/n/10 P\LMS/ntxsy/m/n/10 ¹\OML/ntxmi/m
/it/10 T \LMS/ntxsy/m/n/10 ^^T \OML/ntxmi/m/it/10 t \LMS/ntxsy/m/n/10 Ï \OML/nt
xmi/m/it/10 h \LMS/ntxsy/m/n/10 j \OML/ntxmi/m/it/10 C[]\LMS/ntxsy/m/n/10 º \U/
ntxmia/m/it/10 = [] \OML/ntxmi/m/it/10 ^^Z[]\LMS/ntxsy/m/n/10 ¹\OML/ntxmi/m/it/
10 b\LMS/ntxsy/m/n/10 º \OML/ntxmi/m/it/10 d\U/ntxsym/m/n/10 P\LMS/ntxsy/m/n/10
 ¹\OML/ntxmi/m/it/10 B[] \U/ntxmia/m/it/10 = \OML/ntxmi/m/it/10 b \LMS/ntxsy/m/
n/10 j \OML/ntxmi/m/it/10 C[]\LMS/ntxsy/m/n/10 º\OML/ntxmi/m/it/10 :
 []

LaTeX Font Info:    No math alphabet change to frozen version normal on input l
ine 74.
LaTeX Font Info:    No math alphabet change to frozen version normal on input l
ine 74.
LaTeX Font Info:    No math alphabet change to frozen version normal on input l
ine 77.
LaTeX Font Info:    No math alphabet change to frozen version normal on input l
ine 77.
LaTeX Font Info:    No math alphabet change to frozen version normal on input l
ine 77.
LaTeX Font Info:    No math alphabet change to frozen version normal on input l
ine 78.
LaTeX Font Info:    No math alphabet change to frozen version normal on input l
ine 78.
LaTeX Font Info:    No math alphabet change to frozen version normal on input l
ine 78.
LaTeX Font Info:    No math alphabet change to frozen version normal on input l
ine 78.
LaTeX Font Info:    No math alphabet change to frozen version normal on input l
ine 82.
LaTeX Font Info:    No math alphabet change to frozen version normal on input l
ine 82.
LaTeX Font Info:    No math alphabet change to frozen version normal on input l
ine 83.

Package natbib Warning: Citation `VanCalster2019' on page 2 undefined on input 
line 83.

LaTeX Font Info:    No math alphabet change to frozen version normal on input l
ine 83.
) (./Figures/fig1.tex
\openout8 = `./Figures/External/fig1a.dpth'.

LaTeX Font Info:    No math alphabet change to frozen version normal on input l
ine 26.
LaTeX Font Info:    No math alphabet change to frozen version normal on input l
ine 26.
LaTeX Font Info:    No math alphabet change to frozen version normal on input l
ine 26.
LaTeX Font Info:    No math alphabet change to frozen version normal on input l
ine 26.
LaTeX Font Info:    No math alphabet change to frozen version normal on input l
ine 36.
LaTeX Font Info:    No math alphabet change to frozen version normal on input l
ine 36.
LaTeX Font Info:    No math alphabet change to frozen version normal on input l
ine 36.
LaTeX Font Info:    No math alphabet change to frozen version normal on input l
ine 36.
LaTeX Font Info:    No math alphabet change to frozen version normal on input l
ine 49.
LaTeX Font Info:    No math alphabet change to frozen version normal on input l
ine 49.
LaTeX Font Info:    No math alphabet change to frozen version normal on input l
ine 49.
LaTeX Font Info:    No math alphabet change to frozen version normal on input l
ine 49.
LaTeX Font Info:    No math alphabet change to frozen version normal on input l
ine 49.
LaTeX Font Info:    No math alphabet change to frozen version normal on input l
ine 49.
LaTeX Font Info:    No math alphabet change to frozen version normal on input l
ine 63.
LaTeX Font Info:    No math alphabet change to frozen version normal on input l
ine 63.
LaTeX Font Info:    No math alphabet change to frozen version normal on input l
ine 63.
LaTeX Font Info:    No math alphabet change to frozen version normal on input l
ine 63.
LaTeX Font Info:    No math alphabet change to frozen version normal on input l
ine 63.
LaTeX Font Info:    No math alphabet change to frozen version normal on input l
ine 63.
LaTeX Font Info:    No math alphabet change to frozen version normal on input l
ine 63.
LaTeX Font Info:    No math alphabet change to frozen version normal on input l
ine 63.
LaTeX Font Info:    No math alphabet change to frozen version normal on input l
ine 75.
LaTeX Font Info:    No math alphabet change to frozen version normal on input l
ine 75.
LaTeX Font Info:    No math alphabet change to frozen version normal on input l
ine 75.
LaTeX Font Info:    No math alphabet change to frozen version normal on input l
ine 75.
LaTeX Font Info:    No math alphabet change to frozen version normal on input l
ine 75.
LaTeX Font Info:    No math alphabet change to frozen version normal on input l
ine 75.
LaTeX Font Info:    No math alphabet change to frozen version normal on input l
ine 75.
LaTeX Font Info:    No math alphabet change to frozen version normal on input l
ine 86.
LaTeX Font Info:    No math alphabet change to frozen version normal on input l
ine 86.
LaTeX Font Info:    No math alphabet change to frozen version normal on input l
ine 86.
LaTeX Font Info:    No math alphabet change to frozen version normal on input l
ine 86.
LaTeX Font Info:    No math alphabet change to frozen version normal on input l
ine 86.
LaTeX Font Info:    No math alphabet change to frozen version normal on input l
ine 86.
LaTeX Font Info:    No math alphabet change to frozen version normal on input l
ine 86.
LaTeX Font Info:    No math alphabet change to frozen version normal on input l
ine 86.
LaTeX Font Info:    No math alphabet change to frozen version normal on input l
ine 94.
LaTeX Font Info:    No math alphabet change to frozen version normal on input l
ine 94.
LaTeX Font Info:    No math alphabet change to frozen version normal on input l
ine 94.
LaTeX Font Info:    No math alphabet change to frozen version normal on input l
ine 94.
LaTeX Font Info:    No math alphabet change to frozen version normal on input l
ine 94.
LaTeX Font Info:    No math alphabet change to frozen version normal on input l
ine 116.
LaTeX Font Info:    No math alphabet change to frozen version normal on input l
ine 116.
LaTeX Font Info:    No math alphabet change to frozen version normal on input l
ine 116.
LaTeX Font Info:    No math alphabet change to frozen version normal on input l
ine 116.
LaTeX Font Info:    No math alphabet change to frozen version normal on input l
ine 119.
LaTeX Font Info:    No math alphabet change to frozen version normal on input l
ine 119.
LaTeX Font Info:    No math alphabet change to frozen version normal on input l
ine 119.
[2

\providecommand \oddpage@label [2]{}
{/usr/share/texlive/texmf-var/fonts/map/pdftex/updmap/pdftex.map}{/usr/share/te
xlive/texmf-dist/fonts/enc/dvips/base/8r.enc}{/usr/share/texlive/texmf-dist/fon
ts/enc/dvips/newtx/ntx-ot1-tlf.enc}])
LaTeX Font Info:    No math alphabet change to frozen version normal on input l
ine 57.
LaTeX Font Info:    No math alphabet change to frozen version normal on input l
ine 57.
(./manuscript_body_theory.tex
LaTeX Font Info:    No math alphabet change to frozen version normal on input l
ine 5.

Underfull \hbox (badness 1694) in paragraph at lines 5--6
 []\OT1/phv/m/sl/10 Notation.: [] \OT1/phv/m/n/10 For se-quen-tial clin-i-cal h
is-to-ries $\OML/ntxmi/m/it/10 C[] \U/ntxmia/m/it/10 =
 []

LaTeX Font Info:    No math alphabet change to frozen version normal on input l
ine 6.
LaTeX Font Info:    No math alphabet change to frozen version normal on input l
ine 6.
LaTeX Font Info:    No math alphabet change to frozen version normal on input l
ine 6.
LaTeX Font Info:    No math alphabet change to frozen version normal on input l
ine 6.
LaTeX Font Info:    No math alphabet change to frozen version normal on input l
ine 8.
LaTeX Font Info:    No math alphabet change to frozen version normal on input l
ine 8.
LaTeX Font Info:    No math alphabet change to frozen version normal on input l
ine 9.
LaTeX Font Info:    No math alphabet change to frozen version normal on input l
ine 9.
LaTeX Font Info:    No math alphabet change to frozen version normal on input l
ine 10.
LaTeX Font Info:    No math alphabet change to frozen version normal on input l
ine 10.
LaTeX Font Info:    No math alphabet change to frozen version normal on input l
ine 10.
LaTeX Font Info:    No math alphabet change to frozen version normal on input l
ine 10.
LaTeX Font Info:    Undo math alphabet allocation in version normal on input li
ne 13.
LaTeX Font Info:    No math alphabet change to frozen version normal on input l
ine 13.
LaTeX Font Info:    No math alphabet change to frozen version normal on input l
ine 14.
LaTeX Font Info:    No math alphabet change to frozen version normal on input l
ine 14.
LaTeX Font Info:    No math alphabet change to frozen version normal on input l
ine 15.
LaTeX Font Info:    No math alphabet change to frozen version normal on input l
ine 15.
LaTeX Font Info:    No math alphabet change to frozen version normal on input l
ine 15.
LaTeX Font Info:    No math alphabet change to frozen version normal on input l
ine 15.
LaTeX Font Info:    No math alphabet change to frozen version normal on input l
ine 17.
LaTeX Font Info:    No math alphabet change to frozen version normal on input l
ine 17.
LaTeX Font Info:    No math alphabet change to frozen version normal on input l
ine 19.
LaTeX Font Info:    No math alphabet change to frozen version normal on input l
ine 19.
LaTeX Font Info:    No math alphabet change to frozen version normal on input l
ine 20.
LaTeX Font Info:    No math alphabet change to frozen version normal on input l
ine 24.
LaTeX Font Info:    No math alphabet change to frozen version normal on input l
ine 26.
LaTeX Font Info:    No math alphabet change to frozen version normal on input l
ine 27.
LaTeX Font Info:    No math alphabet change to frozen version normal on input l
ine 27.
LaTeX Font Info:    No math alphabet change to frozen version normal on input l
ine 27.
LaTeX Font Info:    No math alphabet change to frozen version normal on input l
ine 27.
LaTeX Font Info:    No math alphabet change to frozen version normal on input l
ine 29.
LaTeX Font Info:    No math alphabet change to frozen version normal on input l
ine 29.
LaTeX Font Info:    No math alphabet change to frozen version normal on input l
ine 31.
LaTeX Font Info:    No math alphabet change to frozen version normal on input l
ine 31.
LaTeX Font Info:    No math alphabet change to frozen version normal on input l
ine 31.
LaTeX Font Info:    No math alphabet change to frozen version normal on input l
ine 32.
LaTeX Font Info:    No math alphabet change to frozen version normal on input l
ine 32.
LaTeX Font Info:    No math alphabet change to frozen version normal on input l
ine 32.
LaTeX Font Info:    No math alphabet change to frozen version normal on input l
ine 32.
LaTeX Font Info:    No math alphabet change to frozen version normal on input l
ine 38.
LaTeX Font Info:    No math alphabet change to frozen version normal on input l
ine 38.
LaTeX Font Info:    No math alphabet change to frozen version normal on input l
ine 38.
LaTeX Font Info:    No math alphabet change to frozen version normal on input l
ine 38.
LaTeX Font Info:    No math alphabet change to frozen version normal on input l
ine 38.
LaTeX Font Info:    No math alphabet change to frozen version normal on input l
ine 40.
LaTeX Font Info:    No math alphabet change to frozen version normal on input l
ine 40.
LaTeX Font Info:    No math alphabet change to frozen version normal on input l
ine 41.
LaTeX Font Info:    No math alphabet change to frozen version normal on input l
ine 41.
LaTeX Font Info:    No math alphabet change to frozen version normal on input l
ine 51.
LaTeX Font Info:    No math alphabet change to frozen version normal on input l
ine 51.
LaTeX Font Info:    No math alphabet change to frozen version normal on input l
ine 51.
LaTeX Font Info:    No math alphabet change to frozen version normal on input l
ine 51.
LaTeX Font Info:    No math alphabet change to frozen version normal on input l
ine 51.
LaTeX Font Info:    No math alphabet change to frozen version normal on input l
ine 51.
LaTeX Font Info:    No math alphabet change to frozen version normal on input l
ine 51.
LaTeX Font Info:    No math alphabet change to frozen version normal on input l
ine 51.
LaTeX Font Info:    No math alphabet change to frozen version normal on input l
ine 51.
LaTeX Font Info:    No math alphabet change to frozen version normal on input l
ine 51.
LaTeX Font Info:    No math alphabet change to frozen version normal on input l
ine 51.
LaTeX Font Info:    No math alphabet change to frozen version normal on input l
ine 51.
LaTeX Font Info:    No math alphabet change to frozen version normal on input l
ine 51.
LaTeX Font Info:    No math alphabet change to frozen version normal on input l
ine 51.
LaTeX Font Info:    No math alphabet change to frozen version normal on input l
ine 51.
LaTeX Font Info:    No math alphabet change to frozen version normal on input l
ine 51.
LaTeX Font Info:    No math alphabet change to frozen version normal on input l
ine 52.
LaTeX Font Info:    No math alphabet change to frozen version normal on input l
ine 52.
LaTeX Font Info:    No math alphabet change to frozen version normal on input l
ine 52.
LaTeX Font Info:    No math alphabet change to frozen version normal on input l
ine 52.
LaTeX Font Info:    No math alphabet change to frozen version normal on input l
ine 57.
LaTeX Font Info:    No math alphabet change to frozen version normal on input l
ine 57.
LaTeX Font Info:    No math alphabet change to frozen version normal on input l
ine 57.
LaTeX Font Info:    No math alphabet change to frozen version normal on input l
ine 57.
LaTeX Font Info:    No math alphabet change to frozen version normal on input l
ine 57.
LaTeX Font Info:    No math alphabet change to frozen version normal on input l
ine 57.
LaTeX Font Info:    No math alphabet change to frozen version normal on input l
ine 57.
LaTeX Font Info:    No math alphabet change to frozen version normal on input l
ine 57.

Underfull \vbox (badness 10000) has occurred while \output is active []

LaTeX Font Info:    No math alphabet change to frozen version normal on input l
ine 57.
LaTeX Font Info:    No math alphabet change to frozen version normal on input l
ine 58.
LaTeX Font Info:    No math alphabet change to frozen version normal on input l
ine 58.
LaTeX Font Info:    No math alphabet change to frozen version normal on input l
ine 65.
LaTeX Font Info:    No math alphabet change to frozen version normal on input l
ine 65.
LaTeX Font Info:    No math alphabet change to frozen version normal on input l
ine 66.
LaTeX Font Info:    No math alphabet change to frozen version normal on input l
ine 66.
LaTeX Font Info:    No math alphabet change to frozen version normal on input l
ine 66.
LaTeX Font Info:    No math alphabet change to frozen version normal on input l
ine 66.
LaTeX Font Info:    No math alphabet change to frozen version normal on input l
ine 69.
LaTeX Font Info:    No math alphabet change to frozen version normal on input l
ine 69.
LaTeX Font Info:    No math alphabet change to frozen version normal on input l
ine 70.
LaTeX Font Info:    No math alphabet change to frozen version normal on input l
ine 70.
LaTeX Font Info:    No math alphabet change to frozen version normal on input l
ine 70.
LaTeX Font Info:    No math alphabet change to frozen version normal on input l
ine 71.
LaTeX Font Info:    No math alphabet change to frozen version normal on input l
ine 71.
LaTeX Font Info:    No math alphabet change to frozen version normal on input l
ine 71.
LaTeX Font Info:    No math alphabet change to frozen version normal on input l
ine 71.
LaTeX Font Info:    No math alphabet change to frozen version normal on input l
ine 72.
LaTeX Font Info:    No math alphabet change to frozen version normal on input l
ine 74.
LaTeX Font Info:    No math alphabet change to frozen version normal on input l
ine 74.
LaTeX Font Info:    No math alphabet change to frozen version normal on input l
ine 76.
LaTeX Font Info:    No math alphabet change to frozen version normal on input l
ine 76.
LaTeX Font Info:    No math alphabet change to frozen version normal on input l
ine 76.
LaTeX Font Info:    No math alphabet change to frozen version normal on input l
ine 76.
LaTeX Font Info:    No math alphabet change to frozen version normal on input l
ine 77.
LaTeX Font Info:    No math alphabet change to frozen version normal on input l
ine 79.
LaTeX Font Info:    No math alphabet change to frozen version normal on input l
ine 79.
LaTeX Font Info:    No math alphabet change to frozen version normal on input l
ine 80.
LaTeX Font Info:    No math alphabet change to frozen version normal on input l
ine 86.
LaTeX Font Info:    No math alphabet change to frozen version normal on input l
ine 86.
LaTeX Font Info:    No math alphabet change to frozen version normal on input l
ine 86.
LaTeX Font Info:    No math alphabet change to frozen version normal on input l
ine 86.

LaTeX Warning: Reference `cor:deterministic-band' on page 3 undefined on input 
line 86.

LaTeX Font Info:    No math alphabet change to frozen version normal on input l
ine 87.
LaTeX Font Info:    No math alphabet change to frozen version normal on input l
ine 87.
LaTeX Font Info:    No math alphabet change to frozen version normal on input l
ine 87.
LaTeX Font Info:    No math alphabet change to frozen version normal on input l
ine 87.
LaTeX Font Info:    No math alphabet change to frozen version normal on input l
ine 88.
LaTeX Font Info:    No math alphabet change to frozen version normal on input l
ine 90.
LaTeX Font Info:    No math alphabet change to frozen version normal on input l
ine 90.
LaTeX Font Info:    No math alphabet change to frozen version normal on input l
ine 92.
LaTeX Font Info:    No math alphabet change to frozen version normal on input l
ine 92.
LaTeX Font Info:    No math alphabet change to frozen version normal on input l
ine 92.
LaTeX Font Info:    No math alphabet change to frozen version normal on input l
ine 92.

Underfull \vbox (badness 1460) has occurred while \output is active []

LaTeX Font Info:    No math alphabet change to frozen version normal on input l
ine 94.
LaTeX Font Info:    No math alphabet change to frozen version normal on input l
ine 94.
LaTeX Font Info:    No math alphabet change to frozen version normal on input l
ine 103.
LaTeX Font Info:    No math alphabet change to frozen version normal on input l
ine 103.
LaTeX Font Info:    No math alphabet change to frozen version normal on input l
ine 103.
LaTeX Font Info:    No math alphabet change to frozen version normal on input l
ine 103.
LaTeX Font Info:    No math alphabet change to frozen version normal on input l
ine 109.
LaTeX Font Info:    No math alphabet change to frozen version normal on input l
ine 109.
LaTeX Font Info:    No math alphabet change to frozen version normal on input l
ine 109.
LaTeX Font Info:    No math alphabet change to frozen version normal on input l
ine 109.
LaTeX Font Info:    No math alphabet change to frozen version normal on input l
ine 109.
LaTeX Font Info:    No math alphabet change to frozen version normal on input l
ine 109.
LaTeX Font Info:    No math alphabet change to frozen version normal on input l
ine 109.
LaTeX Font Info:    No math alphabet change to frozen version normal on input l
ine 109.
LaTeX Font Info:    No math alphabet change to frozen version normal on input l
ine 109.
LaTeX Font Info:    No math alphabet change to frozen version normal on input l
ine 109.
LaTeX Font Info:    No math alphabet change to frozen version normal on input l
ine 109.
LaTeX Font Info:    No math alphabet change to frozen version normal on input l
ine 109.
) (./manuscript_body_interpretation.tex

LaTeX Warning: Reference `thm:main' on page 4 undefined on input line 3.

LaTeX Font Info:    No math alphabet change to frozen version normal on input l
ine 3.

Underfull \hbox (badness 1609) in paragraph at lines 3--4
[]\OT1/phv/m/n/10 Theorem [] is the cen-tral re-sult of the pa-per.
 []

LaTeX Font Info:    No math alphabet change to frozen version normal on input l
ine 7.
LaTeX Font Info:    No math alphabet change to frozen version normal on input l
ine 8.
LaTeX Font Info:    No math alphabet change to frozen version normal on input l
ine 8.
LaTeX Font Info:    No math alphabet change to frozen version normal on input l
ine 8.
LaTeX Font Info:    No math alphabet change to frozen version normal on input l
ine 8.
LaTeX Font Info:    No math alphabet change to frozen version normal on input l
ine 14.
LaTeX Font Info:    No math alphabet change to frozen version normal on input l
ine 14.
LaTeX Font Info:    No math alphabet change to frozen version normal on input l
ine 16.
LaTeX Font Info:    No math alphabet change to frozen version normal on input l
ine 16.
LaTeX Font Info:    No math alphabet change to frozen version normal on input l
ine 16.
LaTeX Font Info:    No math alphabet change to frozen version normal on input l
ine 16.
LaTeX Font Info:    No math alphabet change to frozen version normal on input l
ine 23.
LaTeX Font Info:    No math alphabet change to frozen version normal on input l
ine 23.

Package natbib Warning: Citation `Wald1945' on page 4 undefined on input line 2
4.


Package natbib Warning: Citation `CoverThomas2006' on page 4 undefined on input
 line 24.

LaTeX Font Info:    No math alphabet change to frozen version normal on input l
ine 24.

LaTeX Warning: Reference `thm:main' on page 4 undefined on input line 24.


LaTeX Warning: Reference `thm:main' on page 4 undefined on input line 28.


LaTeX Warning: Reference `prop:auc-local' on page 4 undefined on input line 28.



Package natbib Warning: Citation `Pepe2004' on page 4 undefined on input line 2
8.


Package natbib Warning: Citation `Pencina2012' on page 4 undefined on input lin
e 28.


Package natbib Warning: Citation `Steyerberg2012' on page 4 undefined on input 
line 28.

LaTeX Font Info:    No math alphabet change to frozen version normal on input l
ine 28.
LaTeX Font Info:    No math alphabet change to frozen version normal on input l
ine 30.

Underfull \hbox (badness 1394) in paragraph at lines 30--31
\OT1/phv/m/n/10 is ab-sent. The rel-e-vant ob-ject is $\U/ntxmia/m/it/10 ^^C[]$
\OT1/phv/m/n/10 , not the
 []


Underfull \hbox (badness 2922) in paragraph at lines 32--32
 \OT1/phv/m/sl/10 C. Op-er-at-ing thresh-olds and cal-i-brated pos-te-rior
 []


LaTeX Warning: Reference `cor:zebra' on page 4 undefined on input line 34.

LaTeX Font Info:    No math alphabet change to frozen version normal on input l
ine 34.
LaTeX Font Info:    No math alphabet change to frozen version normal on input l
ine 34.

Package natbib Warning: Citation `VanCalster2019' on page 4 undefined on input 
line 34.

LaTeX Font Info:    No math alphabet change to frozen version normal on input l
ine 34.
) (./manuscript_body_empirical_a.tex

LaTeX Warning: Reference `tab:supp-genomic-panel' on page 4 undefined on input 
line 5.


LaTeX Warning: Reference `tab:supp-genomic-inventory' on page 4 undefined on in
put line 5.


Underfull \vbox (badness 3965) has occurred while \output is active []


LaTeX Warning: Reference `fig:integrated-fild' on page 5 undefined on input lin
e 9.


LaTeX Warning: Reference `fig:supp-integrated' on page 5 undefined on input lin
e 9.


LaTeX Warning: Reference `tab:theory-evidence-map' on page 5 undefined on input
 line 9.


Underfull \hbox (badness 10000) in paragraph at lines 22--22
[]|\OT1/phv/m/n/8 Repeated-split SHAP at-tri-bu-tion and
 []


LaTeX Warning: Reference `thm:main' on page 5 undefined on input line 23.


Underfull \hbox (badness 1917) in paragraph at lines 23--23
[]|\OT1/phv/m/n/8 Finite-stage bound-ary lo-cal-
 []

LaTeX Font Info:    No math alphabet change to frozen version normal on input l
ine 23.
LaTeX Font Info:    No math alphabet change to frozen version normal on input l
ine 23.
LaTeX Font Info:    No math alphabet change to frozen version normal on input l
ine 23.

LaTeX Warning: Reference `prop:auc-local' on page 5 undefined on input line 24.



Underfull \hbox (badness 10000) in paragraph at lines 25--25
[]|\OT1/phv/m/n/8 Observed high-score
 []

LaTeX Font Info:    No math alphabet change to frozen version normal on input l
ine 28.
LaTeX Font Info:    No math alphabet change to frozen version normal on input l
ine 33.
LaTeX Font Info:    No math alphabet change to frozen version normal on input l
ine 33.
LaTeX Font Info:    No math alphabet change to frozen version normal on input l
ine 33.

LaTeX Warning: Reference `fig:integrated-fild' on page 5 undefined on input lin
e 33.


Underfull \hbox (badness 2042) in paragraph at lines 33--34
[]\OT1/phv/m/n/10 Across 30 re-peated held-out outer splits, mean
 []

LaTeX Font Info:    No math alphabet change to frozen version normal on input l
ine 35.
LaTeX Font Info:    No math alphabet change to frozen version normal on input l
ine 35.
LaTeX Font Info:    No math alphabet change to frozen version normal on input l
ine 35.

LaTeX Warning: Reference `fig:integrated-fild' on page 5 undefined on input lin
e 37.


LaTeX Warning: Reference `tab:supp-shap' on page 5 undefined on input line 37.


LaTeX Warning: Reference `fig:supp-integrated' on page 6 undefined on input lin
e 40.


Underfull \hbox (badness 2865) in paragraph at lines 40--41
[]\OT1/phv/m/n/10 Among 12,766 sub-jects with called rs35705950
 []


Underfull \hbox (badness 10000) in paragraph at lines 40--41
\OT1/phv/m/n/10 geno-type, Ze-BRA pre-dicts T-carrier sta-tus at
 []


Underfull \hbox (badness 10000) in paragraph at lines 40--41
\OT1/phv/m/n/10 es-sen-tially chance level: pooled AUC 0.5088,
 []


Underfull \hbox (badness 10000) in paragraph at lines 40--41
\OT1/phv/m/n/10 adjudication-documented code-negative sub-set.
 []


Underfull \hbox (badness 2142) in paragraph at lines 40--41
\OT1/phv/m/n/10 is ab-sent within dis-ease strata. This pat-tern is
 []

LaTeX Font Info:    No math alphabet change to frozen version normal on input l
ine 43.

LaTeX Warning: Reference `thm:main' on page 6 undefined on input line 43.


LaTeX Warning: Reference `fig:integrated-fild' on page 6 undefined on input lin
e 45.

LaTeX Font Info:    No math alphabet change to frozen version normal on input l
ine 45.
LaTeX Font Info:    No math alphabet change to frozen version normal on input l
ine 45.
LaTeX Font Info:    No math alphabet change to frozen version normal on input l
ine 45.
LaTeX Font Info:    No math alphabet change to frozen version normal on input l
ine 45.
LaTeX Font Info:    No math alphabet change to frozen version normal on input l
ine 45.
LaTeX Font Info:    No math alphabet change to frozen version normal on input l
ine 45.

LaTeX Warning: Reference `tab:local-info' on page 6 undefined on input line 45.


LaTeX Font Info:    No math alphabet change to frozen version normal on input l
ine 45.
LaTeX Font Info:    No math alphabet change to frozen version normal on input l
ine 45.

LaTeX Warning: Reference `tab:supp-local-fdr' on page 6 undefined on input line
 45.


LaTeX Warning: Reference `tab:supp-multiplicity-rationale' on page 6 undefined 
on input line 45.


Underfull \hbox (badness 2012) in paragraph at lines 45--46
[]\OT1/phv/m/n/10 The FPR-defined anal-y-sis makes the di-rec-tional
 []

LaTeX Font Info:    No math alphabet change to frozen version normal on input l
ine 47.
LaTeX Font Info:    No math alphabet change to frozen version normal on input l
ine 47.
LaTeX Font Info:    No math alphabet change to frozen version normal on input l
ine 47.
LaTeX Font Info:    No math alphabet change to frozen version normal on input l
ine 47.

LaTeX Warning: Reference `tab:supp-local-windows' on page 6 undefined on input 
line 47.


Underfull \vbox (badness 10000) has occurred while \output is active []


LaTeX Warning: Reference `fig:integrated-fild' on page 7 undefined on input lin
e 49.

LaTeX Font Info:    No math alphabet change to frozen version normal on input l
ine 54.

LaTeX Warning: Reference `tab:supp-local-fdr' on page 7 undefined on input line
 54.

LaTeX Font Info:    No math alphabet change to frozen version normal on input l
ine 54.

LaTeX Warning: Reference `tab:supp-local-fdr' on page 7 undefined on input line
 54.

LaTeX Font Info:    No math alphabet change to frozen version normal on input l
ine 62.
LaTeX Font Info:    No math alphabet change to frozen version normal on input l
ine 62.
LaTeX Font Info:    No math alphabet change to frozen version normal on input l
ine 62.
LaTeX Font Info:    No math alphabet change to frozen version normal on input l
ine 62.
LaTeX Font Info:    No math alphabet change to frozen version normal on input l
ine 69.
) (./manuscript_body_empirical_b.tex
Underfull \hbox (badness 10000) in paragraph at lines 1--1
 \OT1/phv/m/sl/10 E. Pri-mary em-pir-i-cal test: di-rect score-level
 []

LaTeX Font Info:    No math alphabet change to frozen version normal on input l
ine 2.
LaTeX Font Info:    No math alphabet change to frozen version normal on input l
ine 2.
LaTeX Font Info:    No math alphabet change to frozen version normal on input l
ine 3.
LaTeX Font Info:    No math alphabet change to frozen version normal on input l
ine 3.
LaTeX Font Info:    No math alphabet change to frozen version normal on input l
ine 3.
LaTeX Font Info:    No math alphabet change to frozen version normal on input l
ine 3.
LaTeX Font Info:    No math alphabet change to frozen version normal on input l
ine 5.
LaTeX Font Info:    No math alphabet change to frozen version normal on input l
ine 5.
LaTeX Font Info:    No math alphabet change to frozen version normal on input l
ine 10.
LaTeX Font Info:    No math alphabet change to frozen version normal on input l
ine 10.
LaTeX Font Info:    No math alphabet change to frozen version normal on input l
ine 10.
LaTeX Font Info:    No math alphabet change to frozen version normal on input l
ine 10.
LaTeX Font Info:    No math alphabet change to frozen version normal on input l
ine 10.
LaTeX Font Info:    No math alphabet change to frozen version normal on input l
ine 10.
LaTeX Font Info:    No math alphabet change to frozen version normal on input l
ine 10.
LaTeX Font Info:    No math alphabet change to frozen version normal on input l
ine 10.
LaTeX Font Info:    No math alphabet change to frozen version normal on input l
ine 10.
LaTeX Font Info:    No math alphabet change to frozen version normal on input l
ine 10.
LaTeX Font Info:    No math alphabet change to frozen version normal on input l
ine 10.
LaTeX Font Info:    No math alphabet change to frozen version normal on input l
ine 10.
LaTeX Font Info:    No math alphabet change to frozen version normal on input l
ine 11.
LaTeX Font Info:    No math alphabet change to frozen version normal on input l
ine 12.
LaTeX Font Info:    No math alphabet change to frozen version normal on input l
ine 12.
LaTeX Font Info:    No math alphabet change to frozen version normal on input l
ine 12.
LaTeX Font Info:    No math alphabet change to frozen version normal on input l
ine 12.
LaTeX Font Info:    No math alphabet change to frozen version normal on input l
ine 15.
LaTeX Font Info:    No math alphabet change to frozen version normal on input l
ine 15.
LaTeX Font Info:    No math alphabet change to frozen version normal on input l
ine 16.
LaTeX Font Info:    No math alphabet change to frozen version normal on input l
ine 16.

LaTeX Warning: Reference `fig:integrated-fild' on page 7 undefined on input lin
e 18.

LaTeX Font Info:    No math alphabet change to frozen version normal on input l
ine 18.
LaTeX Font Info:    No math alphabet change to frozen version normal on input l
ine 18.
LaTeX Font Info:    No math alphabet change to frozen version normal on input l
ine 18.

Underfull \hbox (badness 4341) in paragraph at lines 20--21
[]\OT1/phv/m/n/10 For each con-trol sub-ject, de-fine the state-wise
 []

LaTeX Font Info:    No math alphabet change to frozen version normal on input l
ine 21.
LaTeX Font Info:    No math alphabet change to frozen version normal on input l
ine 21.
LaTeX Font Info:    No math alphabet change to frozen version normal on input l
ine 21.
LaTeX Font Info:    No math alphabet change to frozen version normal on input l
ine 21.
LaTeX Font Info:    No math alphabet change to frozen version normal on input l
ine 23.
LaTeX Font Info:    No math alphabet change to frozen version normal on input l
ine 23.
LaTeX Font Info:    No math alphabet change to frozen version normal on input l
ine 24.
LaTeX Font Info:    No math alphabet change to frozen version normal on input l
ine 25.
LaTeX Font Info:    No math alphabet change to frozen version normal on input l
ine 25.
LaTeX Font Info:    No math alphabet change to frozen version normal on input l
ine 25.
LaTeX Font Info:    No math alphabet change to frozen version normal on input l
ine 25.
LaTeX Font Info:    No math alphabet change to frozen version normal on input l
ine 27.
LaTeX Font Info:    No math alphabet change to frozen version normal on input l
ine 27.
LaTeX Font Info:    No math alphabet change to frozen version normal on input l
ine 28.

LaTeX Warning: Reference `thm:main' on page 7 undefined on input line 28.

LaTeX Font Info:    No math alphabet change to frozen version normal on input l
ine 28.
LaTeX Font Info:    No math alphabet change to frozen version normal on input l
ine 28.
LaTeX Font Info:    No math alphabet change to frozen version normal on input l
ine 28.
LaTeX Font Info:    No math alphabet change to frozen version normal on input l
ine 28.
LaTeX Font Info:    No math alphabet change to frozen version normal on input l
ine 28.
LaTeX Font Info:    No math alphabet change to frozen version normal on input l
ine 28.
LaTeX Font Info:    No math alphabet change to frozen version normal on input l
ine 28.
LaTeX Font Info:    No math alphabet change to frozen version normal on input l
ine 28.
LaTeX Font Info:    No math alphabet change to frozen version normal on input l
ine 28.
LaTeX Font Info:    No math alphabet change to frozen version normal on input l
ine 28.
LaTeX Font Info:    No math alphabet change to frozen version normal on input l
ine 30.
LaTeX Font Info:    No math alphabet change to frozen version normal on input l
ine 30.
LaTeX Font Info:    No math alphabet change to frozen version normal on input l
ine 30.
LaTeX Font Info:    No math alphabet change to frozen version normal on input l
ine 30.

LaTeX Warning: Reference `fig:supp-integrated' on page 7 undefined on input lin
e 30.


LaTeX Warning: Reference `thm:main' on page 7 undefined on input line 30.


Underfull \hbox (badness 2285) in paragraph at lines 30--31
\OT1/phv/m/n/10 side high-probability residual-genomic scales are
 []


LaTeX Warning: Reference `fig:supp-integrated' on page 7 undefined on input lin
e 32.


Underfull \vbox (badness 10000) has occurred while \output is active []


LaTeX Warning: Reference `fig:integrated-fild' on page 8 undefined on input lin
e 34.


LaTeX Warning: Reference `tab:supp-lr-summary' on page 8 undefined on input lin
e 34.

LaTeX Font Info:    No math alphabet change to frozen version normal on input l
ine 37.

LaTeX Warning: Reference `fig:integrated-fild' on page 8 undefined on input lin
e 37.


LaTeX Warning: Reference `fig:supp-integrated' on page 8 undefined on input lin
e 37.


LaTeX Warning: Reference `tab:supp-rescue' on page 8 undefined on input line 37
.

LaTeX Font Info:    No math alphabet change to frozen version normal on input l
ine 39.
LaTeX Font Info:    No math alphabet change to frozen version normal on input l
ine 39.

LaTeX Warning: Reference `fig:integrated-fild' on page 8 undefined on input lin
e 39.


LaTeX Warning: Reference `fig:supp-integrated' on page 8 undefined on input lin
e 39.

LaTeX Font Info:    No math alphabet change to frozen version normal on input l
ine 39.

LaTeX Warning: Reference `tab:supp-calibration' on page 8 undefined on input li
ne 39.


LaTeX Warning: Reference `fig:integrated-fild' on page 8 undefined on input lin
e 39.

) (./manuscript_body_end.tex
LaTeX Font Info:    No math alphabet change to frozen version normal on input l
ine 3.

LaTeX Warning: Reference `thm:main' on page 8 undefined on input line 5.


LaTeX Warning: Reference `tab:supp-genomic-panel' on page 8 undefined on input 
line 5.


LaTeX Warning: Reference `cor:zebra' on page 8 undefined on input line 5.

LaTeX Font Info:    No math alphabet change to frozen version normal on input l
ine 5.
No file ./Figures/External/fig1a.bbl.
(./manuscript_supplementary.tex

LaTeX Warning: Reference `fig:supp-integrated' on page 10 undefined on input li
ne 10.

The command '\includegraphics [width=\textwidth ]{Figures/External/fig2a}' has 
been optimized away. Use '/tikz/external/optimize=false' to disable this.
LaTeX Font Info:    No math alphabet change to frozen version normal on input l
ine 24.

LaTeX Warning: Reference `fig:integrated-fild' on page 10 undefined on input li
ne 24.

LaTeX Font Info:    No math alphabet change to frozen version normal on input l
ine 24.

LaTeX Warning: Reference `fig:integrated-fild' on page 10 undefined on input li
ne 24.


LaTeX Warning: Reference `cor:deterministic-band' on page 10 undefined on input
 line 33.


LaTeX Warning: Reference `eq:boundedconditional' on page 10 undefined on input 
line 33.

LaTeX Font Info:    No math alphabet change to frozen version normal on input l
ine 33.
LaTeX Font Info:    No math alphabet change to frozen version normal on input l
ine 33.
LaTeX Font Info:    No math alphabet change to frozen version normal on input l
ine 33.
LaTeX Font Info:    No math alphabet change to frozen version normal on input l
ine 33.

LaTeX Warning: Reference `eq:boundaryband' on page 10 undefined on input line 3
3.


LaTeX Warning: Reference `eq:logboundaryband' on page 10 undefined on input lin
e 33.


LaTeX Warning: Reference `cor:zebra' on page 10 undefined on input line 38.


LaTeX Warning: Reference `eq:zlr' on page 10 undefined on input line 38.

LaTeX Font Info:    No math alphabet change to frozen version normal on input l
ine 38.
LaTeX Font Info:    No math alphabet change to frozen version normal on input l
ine 38.

LaTeX Warning: Reference `eq:boundaryband' on page 10 undefined on input line 3
8.


LaTeX Warning: Reference `prop:auc-local' on page 10 undefined on input line 43
.

LaTeX Font Info:    No math alphabet change to frozen version normal on input l
ine 43.
LaTeX Font Info:    No math alphabet change to frozen version normal on input l
ine 43.
LaTeX Font Info:    No math alphabet change to frozen version normal on input l
ine 43.
LaTeX Font Info:    No math alphabet change to frozen version normal on input l
ine 47.
LaTeX Font Info:    No math alphabet change to frozen version normal on input l
ine 47.
LaTeX Font Info:    No math alphabet change to frozen version normal on input l
ine 47.
LaTeX Font Info:    No math alphabet change to frozen version normal on input l
ine 47.
LaTeX Font Info:    No math alphabet change to frozen version normal on input l
ine 47.

Underfull \hbox (badness 6316) in paragraph at lines 67--67
[]|\OT1/phv/m/n/7 Categorical geno-type calls, sub-se-
 []


Underfull \hbox (badness 2285) in paragraph at lines 67--68
\OT1/phv/m/n/7 genomic-only and combined-
 []


Underfull \hbox (badness 10000) in paragraph at lines 68--68
[]|\OT1/phv/m/n/7 Matched cat-e-gor-i-cal geno-type
 []


Underfull \hbox (badness 10000) in paragraph at lines 68--68
\OT1/phv/m/n/7 columns, sub-se-quently one-hot
 []


Underfull \hbox (badness 4582) in paragraph at lines 68--69
[]|\OT1/phv/m/n/7 Expands the broader panel
 []


Underfull \hbox (badness 3460) in paragraph at lines 68--69
\OT1/phv/m/n/7 paired in-cre-men-tal anal-y-ses,
 []


Underfull \hbox (badness 3439) in paragraph at lines 69--69
[]|\OT1/phv/m/n/7 Final broader ge-nomic
 []


Underfull \hbox (badness 6859) in paragraph at lines 70--70
[]|\OT1/phv/m/n/7 Focal mech-a-nis-tic ge-
 []

LaTeX Font Info:    No math alphabet change to frozen version normal on input l
ine 70.

Underfull \hbox (badness 10000) in paragraph at lines 70--71
[]|\OT1/phv/m/n/7 ZeBRA-to-genotype
 []


Underfull \hbox (badness 10000) in paragraph at lines 70--71
\OT1/phv/m/n/7 re-con-struc-tion check, lo-cal
 []


Underfull \hbox (badness 10000) in paragraph at lines 70--71
\OT1/phv/m/n/7 conditional-contribution
 []


Underfull \hbox (badness 10000) in paragraph at lines 70--71
\OT1/phv/m/n/7 anal-y-ses, di-rect $\U/ntxmia/m/it/7.3 ^^C[]$
 []


Underfull \hbox (badness 10000) in paragraph at lines 70--71
\OT1/phv/m/n/7 es-ti-ma-tion, and boundary-
 []

LaTeX Font Info:    No math alphabet change to frozen version normal on input l
ine 72.

LaTeX Warning: Reference `tab:supp-shap' on page 10 undefined on input line 77.



Underfull \hbox (badness 3735) in paragraph at lines 77--78
[]\OT1/phv/m/n/10 The non-lin-ear com-bined learner was eval-u-ated
 []

LaTeX Font Info:    No math alphabet change to frozen version normal on input l
ine 99.
LaTeX Font Info:    No math alphabet change to frozen version normal on input l
ine 104.
LaTeX Font Info:    No math alphabet change to frozen version normal on input l
ine 104.
LaTeX Font Info:    No math alphabet change to frozen version normal on input l
ine 104.
LaTeX Font Info:    No math alphabet change to frozen version normal on input l
ine 104.
LaTeX Font Info:    No math alphabet change to frozen version normal on input l
ine 104.
LaTeX Font Info:    No math alphabet change to frozen version normal on input l
ine 104.
LaTeX Font Info:    No math alphabet change to frozen version normal on input l
ine 104.
LaTeX Font Info:    No math alphabet change to frozen version normal on input l
ine 104.
LaTeX Font Info:    No math alphabet change to frozen version normal on input l
ine 107.
LaTeX Font Info:    No math alphabet change to frozen version normal on input l
ine 107.
LaTeX Font Info:    No math alphabet change to frozen version normal on input l
ine 107.
LaTeX Font Info:    No math alphabet change to frozen version normal on input l
ine 107.
LaTeX Font Info:    No math alphabet change to frozen version normal on input l
ine 109.
LaTeX Font Info:    No math alphabet change to frozen version normal on input l
ine 109.
LaTeX Font Info:    No math alphabet change to frozen version normal on input l
ine 111.
LaTeX Font Info:    No math alphabet change to frozen version normal on input l
ine 111.
LaTeX Font Info:    No math alphabet change to frozen version normal on input l
ine 111.
LaTeX Font Info:    No math alphabet change to frozen version normal on input l
ine 111.

Overfull \hbox (16.67792pt too wide) detected at line 115
[][][]\OML/ntxmi/m/it/10 B\LMS/ntxsy/m/n/10 ¹\OML/ntxmi/m/it/10 Z\LMS/ntxsy/m/n
/10 º \U/ntxmia/m/it/10 = [] \LMS/ntxsy/m/n/10 j [] []¹\OML/ntxmi/m/it/10 g\OT1
/minntx/m/n/10 ; \OML/ntxmi/m/it/10 Z\LMS/ntxsy/m/n/10 ºj\OML/ntxmi/m/it/10 ;  
[] \U/ntxmia/m/it/10 = \OML/ntxmi/m/it/10 Q[]\LMS/ntxsy/m/n/10 »\OML/ntxmi/m/it
/10 B\LMS/ntxsy/m/n/10 ¹\OML/ntxmi/m/it/10 Z\LMS/ntxsy/m/n/10 º j \OML/ntxmi/m/
it/10 Y \U/ntxmia/m/it/10 = \OT1/minntx/m/n/10 0\LMS/ntxsy/m/n/10 ¼\OML/ntxmi/m
/it/10 :
 []

LaTeX Font Info:    No math alphabet change to frozen version normal on input l
ine 115.
LaTeX Font Info:    No math alphabet change to frozen version normal on input l
ine 115.
LaTeX Font Info:    No math alphabet change to frozen version normal on input l
ine 116.
LaTeX Font Info:    No math alphabet change to frozen version normal on input l
ine 116.

Underfull \hbox (badness 6236) in paragraph at lines 115--117
\OT1/phv/m/n/10 rs35705950 geno-type, in-clud-ing 252 FILD/FILA
 []

LaTeX Font Info:    No math alphabet change to frozen version normal on input l
ine 119.
LaTeX Font Info:    No math alphabet change to frozen version normal on input l
ine 119.
LaTeX Font Info:    No math alphabet change to frozen version normal on input l
ine 129.
LaTeX Font Info:    No math alphabet change to frozen version normal on input l
ine 130.
LaTeX Font Info:    No math alphabet change to frozen version normal on input l
ine 131.
LaTeX Font Info:    No math alphabet change to frozen version normal on input l
ine 132.
LaTeX Font Info:    No math alphabet change to frozen version normal on input l
ine 134.
LaTeX Font Info:    No math alphabet change to frozen version normal on input l
ine 135.
LaTeX Font Info:    No math alphabet change to frozen version normal on input l
ine 137.
LaTeX Font Info:    No math alphabet change to frozen version normal on input l
ine 138.
LaTeX Font Info:    No math alphabet change to frozen version normal on input l
ine 140.
LaTeX Font Info:    No math alphabet change to frozen version normal on input l
ine 142.

LaTeX Warning: Reference `fig:supp-integrated' on page 11 undefined on input li
ne 146.


LaTeX Warning: Reference `fig:integrated-fild' on page 11 undefined on input li
ne 146.


Underfull \vbox (badness 10000) has occurred while \output is active []

LaTeX Font Info:    No math alphabet change to frozen version normal on input l
ine 149.
LaTeX Font Info:    No math alphabet change to frozen version normal on input l
ine 149.
LaTeX Font Info:    No math alphabet change to frozen version normal on input l
ine 149.
LaTeX Font Info:    No math alphabet change to frozen version normal on input l
ine 149.
LaTeX Font Info:    No math alphabet change to frozen version normal on input l
ine 149.
LaTeX Font Info:    No math alphabet change to frozen version normal on input l
ine 149.
LaTeX Font Info:    No math alphabet change to frozen version normal on input l
ine 152.
LaTeX Font Info:    No math alphabet change to frozen version normal on input l
ine 152.
LaTeX Font Info:    No math alphabet change to frozen version normal on input l
ine 163.
LaTeX Font Info:    No math alphabet change to frozen version normal on input l
ine 163.
LaTeX Font Info:    No math alphabet change to frozen version normal on input l
ine 165.
LaTeX Font Info:    No math alphabet change to frozen version normal on input l
ine 165.
LaTeX Font Info:    No math alphabet change to frozen version normal on input l
ine 167.

LaTeX Warning: Reference `fig:integrated-fild' on page 12 undefined on input li
ne 171.

LaTeX Font Info:    No math alphabet change to frozen version normal on input l
ine 182.
LaTeX Font Info:    No math alphabet change to frozen version normal on input l
ine 182.
LaTeX Font Info:    No math alphabet change to frozen version normal on input l
ine 191.

LaTeX Warning: Reference `fig:integrated-fild' on page 12 undefined on input li
ne 196.


LaTeX Warning: Reference `fig:supp-integrated' on page 12 undefined on input li
ne 196.

LaTeX Font Info:    No math alphabet change to frozen version normal on input l
ine 199.
LaTeX Font Info:    No math alphabet change to frozen version normal on input l
ine 199.
LaTeX Font Info:    No math alphabet change to frozen version normal on input l
ine 207.
LaTeX Font Info:    No math alphabet change to frozen version normal on input l
ine 207.
LaTeX Font Info:    No math alphabet change to frozen version normal on input l
ine 209.
LaTeX Font Info:    No math alphabet change to frozen version normal on input l
ine 210.
LaTeX Font Info:    No math alphabet change to frozen version normal on input l
ine 211.
LaTeX Font Info:    No math alphabet change to frozen version normal on input l
ine 212.
LaTeX Font Info:    No math alphabet change to frozen version normal on input l
ine 213.
LaTeX Font Info:    No math alphabet change to frozen version normal on input l
ine 214.
LaTeX Font Info:    No math alphabet change to frozen version normal on input l
ine 216.

LaTeX Warning: Reference `fig:supp-integrated' on page 12 undefined on input li
ne 220.


LaTeX Warning: Reference `tab:supp-adjudicated' on page 12 undefined on input l
ine 220.


Underfull \hbox (badness 1859) in paragraph at lines 220--221
[]\OT1/phv/m/n/10 The ex-plic-itly adjudicated-negative di-ag-nos-tic ap-
 []

LaTeX Font Info:    No math alphabet change to frozen version normal on input l
ine 223.
LaTeX Font Info:    No math alphabet change to frozen version normal on input l
ine 223.
LaTeX Font Info:    No math alphabet change to frozen version normal on input l
ine 231.
LaTeX Font Info:    No math alphabet change to frozen version normal on input l
ine 231.
LaTeX Font Info:    No math alphabet change to frozen version normal on input l
ine 240.
LaTeX Font Info:    No math alphabet change to frozen version normal on input l
ine 246.

LaTeX Warning: Reference `fig:integrated-fild' on page 12 undefined on input li
ne 246.

LaTeX Font Info:    No math alphabet change to frozen version normal on input l
ine 246.

LaTeX Warning: Reference `fig:supp-integrated' on page 12 undefined on input li
ne 246.

LaTeX Font Info:    No math alphabet change to frozen version normal on input l
ine 249.
LaTeX Font Info:    No math alphabet change to frozen version normal on input l
ine 266.

LaTeX Warning: Reference `fig:integrated-fild' on page 12 undefined on input li
ne 271.


LaTeX Warning: Reference `thm:main' on page 13 undefined on input line 274.

) (./supplementary_genomic_panel_and_multiplicity.tex

LaTeX Warning: Reference `tab:supp-genomic-inventory' on page 13 undefined on i
nput line 3.


Underfull \hbox (badness 10000) in paragraph at lines 3--4
\OT1/phv/m/n/10 con-tains 513 one-hot genotype-state pre-dic-tor
 []


Underfull \hbox (badness 1509) in paragraph at lines 3--4
\OT1/phv/m/n/10 This count is ob-tained di-rectly from the header
 []


Underfull \hbox (badness 4108) in paragraph at lines 3--4
\OT1/phv/m/n/10 re-tained lo-cus is rep-re-sented by ex-actly three
 []


Underfull \hbox (badness 1831) in paragraph at lines 3--4
\OT1/phv/m/n/10 com-plete retained-locus in-ven-tory is ren-dered in
 []


Underfull \hbox (badness 3000) in paragraph at lines 3--4
\OT1/phv/m/n/10 Sup-ple-men-tary Ta-ble []. It lists all 171 rsIDs
 []


Underfull \hbox (badness 3417) in paragraph at lines 3--4
\OT1/phv/m/n/10 in ma-trix or-der, the pro-cessed al-lele tag, and
 []


Underfull \vbox (badness 10000) has occurred while \output is active []


LaTeX Warning: Reference `tab:supp-multiplicity-rationale' on page 14 undefined
 on input line 7.


Underfull \hbox (badness 10000) in paragraph at lines 18--18
[]|\OT1/phv/m/n/7 Formal p-value
 []


Underfull \hbox (badness 10000) in paragraph at lines 21--21
[]|\OT1/phv/m/n/7 Feature-attribution and sta-bil-ity sum-mary
 []


Underfull \hbox (badness 3179) in paragraph at lines 21--22
\OT1/phv/m/n/7 scrip-tive model-attribution quan-ti-ties,
 []


Underfull \hbox (badness 2582) in paragraph at lines 22--22
[]|\OT1/phv/m/n/7 Distribution of held-out per-for-mance dif-fer-
 []


Underfull \hbox (badness 4144) in paragraph at lines 22--23
[]|\OT1/phv/m/n/7 None. Split-wise val-ues sum-ma-rize
 []


Underfull \hbox (badness 10000) in paragraph at lines 24--24
[]|\OT1/phv/m/n/7 Prespecified estimator-sensitivity/robustness
 []

LaTeX Font Info:    No math alphabet change to frozen version normal on input l
ine 25.

Underfull \hbox (badness 1622) in paragraph at lines 25--26
[]|\OT1/phv/m/n/7 None. These are per-for-mance es-ti-
 []

LaTeX Font Info:    No math alphabet change to frozen version normal on input l
ine 26.
LaTeX Font Info:    No math alphabet change to frozen version normal on input l
ine 26.

Underfull \hbox (badness 2418) in paragraph at lines 26--27
[]|\OT1/phv/m/n/7 Benjamini--Hochberg FDR cor-rec-tion
 []

LaTeX Font Info:    No math alphabet change to frozen version normal on input l
ine 28.
LaTeX Font Info:    No math alphabet change to frozen version normal on input l
ine 34.
) (./supplementary_genomic_panel_table.tex
LaTeX Font Info:    No math alphabet change to frozen version normal on input l
ine 57.
LaTeX Font Info:    No math alphabet change to frozen version normal on input l
ine 60.
LaTeX Font Info:    No math alphabet change to frozen version normal on input l
ine 70.
LaTeX Font Info:    No math alphabet change to frozen version normal on input l
ine 73.
LaTeX Font Info:    No math alphabet change to frozen version normal on input l
ine 73.
LaTeX Font Info:    No math alphabet change to frozen version normal on input l
ine 73.
))
Underfull \vbox (badness 2837) has occurred while \output is active []


Package natbib Warning: There were undefined citations.

[leftcolumn badness]: 1000000 on 19.62921pt
[rightcolumn badness]: 1000000 on 19.62921pt
[leftcolumn badness]: 1000000 on 19.62921pt
[rightcolumn badness]: 1000000 on 19.62921pt
[leftcolumn badness]: 1000000 on 19.62921pt
[rightcolumn badness]: 1000000 on 19.62921pt
[leftcolumn badness]: 1000000 on 19.62921pt
[rightcolumn badness]: 1000000 on 19.62921pt
- LAST -
Extra skip:9.49603pt
Left:419.82361pt/2.22498pt
Right:412.38763pt/0.16492pt
Split: 419.86566pt
Output:419.86566pt
Pageshrink: 0.0pt
Pagestretch: 0.0pt
@colht:675.72385pt
FLUSHEND [output]: 419.86566pt
FLUSHEND [leftcolumn badness]: 0
FUSHEND [rightcolumn badness]: 10000

LaTeX Warning: There were undefined references.

 ) 
Here is how much of TeX's memory you used:
 61337 strings out of 476041
 1398741 string characters out of 5793163
 2543657 words of memory out of 12000000
 80680 multiletter control sequences out of 15000+600000
 602228 words of font info for 217 fonts, out of 8000000 for 9000
 1137 hyphenation exceptions out of 8191
 118i,21n,123p,5498b,3037s stack positions out of 5000i,500n,10000p,200000b,80000s
</usr/share/texlive/texmf-dist/fonts/type1/public/newtx/NewTXMI5.pfb></usr/sh
are/texlive/texmf-dist/fonts/type1/public/newtx/NewTXMI7.pfb></usr/share/texliv
e/texmf-dist/fonts/type1/public/newtx/txexs.pfb></usr/share/texlive/texmf-dist/
fonts/type1/public/newtx/txmiaX.pfb></usr/share/texlive/texmf-dist/fonts/type1/
public/newtx/txsys.pfb></usr/share/texlive/texmf-dist/fonts/type1/urw/helvetic/
uhvb8a.pfb></usr/share/texlive/texmf-dist/fonts/type1/urw/helvetic/uhvr8a.pfb><
/usr/share/texlive/texmf-dist/fonts/type1/urw/helvetic/uhvro8a.pfb></usr/share/
texlive/texmf-dist/fonts/type1/public/newtx/ztmr.pfb>
Output written on ./Figures/External/fig1a.pdf (1 page, 91894 bytes).
PDF statistics:
 87 PDF objects out of 1000 (max. 8388607)
 49 compressed objects within 1 object stream
 2 named destinations out of 1000 (max. 500000)
 109 words of extra memory for PDF output out of 10000 (max. 10000000)

