target_name,repeat,split_seed,model,bin,n,cases,mean_pred,obs_rate,obs_rate_lo,obs_rate_hi,prob_min,prob_max
NON FIBROTIC ILA ADJUDICATED,1,954079809,zebra,0,770,0,0.2327231681240093,0.0,0.0,0.004964141914221508,0.11052533634471677,0.2612672167631389
NON FIBROTIC ILA ADJUDICATED,1,954079809,zebra,1,769,1,0.28684217199473133,0.0013003901170351106,0.0002295876800841234,0.007328830355107483,0.26147615659140916,0.3125969254244962
NON FIBROTIC ILA ADJUDICATED,1,954079809,zebra,2,770,0,0.3440761334154511,0.0,0.0,0.004964141914221508,0.3126900694309642,0.3773876632671498
NON FIBROTIC ILA ADJUDICATED,1,954079809,zebra,3,769,0,0.41203317165620373,0.0,0.0,0.004970565148712315,0.37747676379221107,0.44868642390728164
NON FIBROTIC ILA ADJUDICATED,1,954079809,zebra,4,770,4,0.49603405997628014,0.005194805194805195,0.0020219574690050306,0.013280219334419372,0.4489316582898533,0.5483943674379196
NON FIBROTIC ILA ADJUDICATED,1,954079809,zebra,5,769,3,0.6089349624118076,0.0039011703511053317,0.001327618000260774,0.011406505807889416,0.5485451096435581,0.6711936920522155
NON FIBROTIC ILA ADJUDICATED,1,954079809,zebra,6,769,5,0.7365004452845854,0.006501950585175552,0.002780348414515579,0.015129481166593194,0.6712585506692749,0.7973095972616728
NON FIBROTIC ILA ADJUDICATED,1,954079809,zebra,7,770,3,0.852939544774561,0.003896103896103896,0.0013258926936253902,0.011391775387498288,0.797723185961675,0.9086342865970354
NON FIBROTIC ILA ADJUDICATED,1,954079809,zebra,8,769,8,0.954900181752379,0.010403120936280884,0.005280654829476248,0.0203927334110704,0.9087665593638278,0.9864755416882522
NON FIBROTIC ILA ADJUDICATED,1,954079809,zebra,9,770,20,0.9968328162435124,0.025974025974025976,0.016876091691355087,0.03977822466888089,0.9865055123197096,1.0
NON FIBROTIC ILA ADJUDICATED,1,954079809,genomic,0,770,8,0.0031179740490501376,0.01038961038961039,0.005273784940225151,0.020366426752402144,0.0005800826223816942,0.00472856111257479
NON FIBROTIC ILA ADJUDICATED,1,954079809,genomic,1,769,4,0.006301313267479508,0.005201560468140442,0.0020245891497467933,0.013297387544882687,0.004740047593397914,0.00776267199305361
NON FIBROTIC ILA ADJUDICATED,1,954079809,genomic,2,770,5,0.009431035362144145,0.006493506493506494,0.0027767335367897463,0.01510995198893538,0.0077626950423598205,0.01117807937662734
NON FIBROTIC ILA ADJUDICATED,1,954079809,genomic,3,769,1,0.013176255874428527,0.0013003901170351106,0.0002295876800841234,0.007328830355107483,0.011178085938920564,0.015468877665312655
NON FIBROTIC ILA ADJUDICATED,1,954079809,genomic,4,770,5,0.01809667492158631,0.006493506493506494,0.0027767335367897463,0.01510995198893538,0.015475361935745934,0.020803602838039337
NON FIBROTIC ILA ADJUDICATED,1,954079809,genomic,5,769,2,0.024331049122683968,0.002600780234070221,0.0007135177289523901,0.009432753192718508,0.020828144243579472,0.028212916368835307
NON FIBROTIC ILA ADJUDICATED,1,954079809,genomic,6,769,7,0.03358659881141408,0.009102730819245773,0.004416223152723785,0.01866931220134357,0.028225833343437104,0.0397822058782885
NON FIBROTIC ILA ADJUDICATED,1,954079809,genomic,7,770,2,0.0486983470122649,0.0025974025974025974,0.0007125907061236786,0.009420568652699277,0.0397966790143233,0.0593020666020821
NON FIBROTIC ILA ADJUDICATED,1,954079809,genomic,8,769,2,0.07882294079663088,0.002600780234070221,0.0007135177289523901,0.009432753192718508,0.05937117046257437,0.10470344334309667
NON FIBROTIC ILA ADJUDICATED,1,954079809,genomic,9,770,8,0.1981552432841054,0.01038961038961039,0.005273784940225151,0.020366426752402144,0.10476135120385001,0.7366971729445905
NON FIBROTIC ILA ADJUDICATED,1,954079809,combined,0,770,0,0.001349961788993395,0.0,0.0,0.004964141914221508,0.0003766663641711636,0.0018885563821779278
NON FIBROTIC ILA ADJUDICATED,1,954079809,combined,1,769,1,0.0023094489086255094,0.0013003901170351106,0.0002295876800841234,0.007328830355107483,0.0018887833455083127,0.0027586376003725247
NON FIBROTIC ILA ADJUDICATED,1,954079809,combined,2,770,3,0.0032834337521629163,0.003896103896103896,0.0013258926936253902,0.011391775387498288,0.0027596184340385787,0.0038291962238800963
NON FIBROTIC ILA ADJUDICATED,1,954079809,combined,3,769,3,0.004511605131100174,0.0039011703511053317,0.001327618000260774,0.011406505807889416,0.0038293861494764605,0.005299780399208594
NON FIBROTIC ILA ADJUDICATED,1,954079809,combined,4,770,2,0.0064011016864394445,0.0025974025974025974,0.0007125907061236786,0.009420568652699277,0.005303245233041782,0.00759154206155021
NON FIBROTIC ILA ADJUDICATED,1,954079809,combined,5,769,5,0.009352208315827382,0.006501950585175552,0.002780348414515579,0.015129481166593194,0.007593005963671857,0.011628403132382106
NON FIBROTIC ILA ADJUDICATED,1,954079809,combined,6,769,3,0.015197055268183336,0.0039011703511053317,0.001327618000260774,0.011406505807889416,0.011633297174753605,0.019450544090167898
NON FIBROTIC ILA ADJUDICATED,1,954079809,combined,7,770,7,0.027986662699534145,0.00909090909090909,0.004410478976495486,0.01864522399383109,0.01946386774943184,0.04012535423445554
NON FIBROTIC ILA ADJUDICATED,1,954079809,combined,8,769,8,0.06380198809268711,0.010403120936280884,0.005280654829476248,0.0203927334110704,0.040256864735837054,0.09990306821608845
NON FIBROTIC ILA ADJUDICATED,1,954079809,combined,9,770,12,0.23847684808149752,0.015584415584415584,0.008937040176158829,0.027041206405671363,0.1001803340313679,0.8870728981076511
NON FIBROTIC ILA ADJUDICATED,2,982195154,zebra,0,770,0,0.23182741017428318,0.0,0.0,0.004964141914221508,0.11052533634471677,0.2610548534071459
NON FIBROTIC ILA ADJUDICATED,2,982195154,zebra,1,769,1,0.2862231758761769,0.0013003901170351106,0.0002295876800841234,0.007328830355107483,0.26115603578262536,0.31149522918890044
NON FIBROTIC ILA ADJUDICATED,2,982195154,zebra,2,770,0,0.34171549893954123,0.0,0.0,0.004964141914221508,0.3114993106107179,0.37442960866501057
NON FIBROTIC ILA ADJUDICATED,2,982195154,zebra,3,769,0,0.4092209029968285,0.0,0.0,0.004970565148712315,0.3746139423417925,0.44506558543115116
NON FIBROTIC ILA ADJUDICATED,2,982195154,zebra,4,770,3,0.4908701471245393,0.003896103896103896,0.0013258926936253902,0.011391775387498288,0.4452217382542253,0.541323502105738
NON FIBROTIC ILA ADJUDICATED,2,982195154,zebra,5,769,2,0.6036089913296282,0.002600780234070221,0.0007135177289523901,0.009432753192718508,0.5414675277818876,0.6655225574187223
NON FIBROTIC ILA ADJUDICATED,2,982195154,zebra,6,769,6,0.7333270187999064,0.007802340702210663,0.003580646807040671,0.016917035660547395,0.6659008684423973,0.7940705398672191
NON FIBROTIC ILA ADJUDICATED,2,982195154,zebra,7,770,2,0.8498177625390451,0.0025974025974025974,0.0007125907061236786,0.009420568652699277,0.7942411356369743,0.9025689321917897
NON FIBROTIC ILA ADJUDICATED,2,982195154,zebra,8,769,11,0.9526995295653341,0.014304291287386216,0.008005744470847457,0.025431202429137063,0.9026265878413079,0.9865616860169348
NON FIBROTIC ILA ADJUDICATED,2,982195154,zebra,9,770,19,0.9967582682927738,0.024675324675324677,0.015852913748522608,0.03821689388941264,0.9865848577878713,1.0
NON FIBROTIC ILA ADJUDICATED,2,982195154,genomic,0,770,2,8.312468699017139e-05,0.0025974025974025974,0.0007125907061236786,0.009420568652699277,1.110797289749366e-06,0.0002246925971419997
NON FIBROTIC ILA ADJUDICATED,2,982195154,genomic,1,769,5,0.0005089016375292363,0.006501950585175552,0.002780348414515579,0.015129481166593194,0.0002254220104450383,0.0009154407714477751
NON FIBROTIC ILA ADJUDICATED,2,982195154,genomic,2,770,2,0.0015976117177055878,0.0025974025974025974,0.0007125907061236786,0.009420568652699277,0.0009202371615898769,0.002485225901759723
NON FIBROTIC ILA ADJUDICATED,2,982195154,genomic,3,769,8,0.004122971862338107,0.010403120936280884,0.005280654829476248,0.0203927334110704,0.0024890804811302175,0.006294763936347722
NON FIBROTIC ILA ADJUDICATED,2,982195154,genomic,4,770,4,0.010103283599962033,0.005194805194805195,0.0020219574690050306,0.013280219334419372,0.0062968859564550795,0.014798487652786043
NON FIBROTIC ILA ADJUDICATED,2,982195154,genomic,5,769,7,0.02194882716330905,0.009102730819245773,0.004416223152723785,0.01866931220134357,0.01482314579416789,0.03100104752679402
NON FIBROTIC ILA ADJUDICATED,2,982195154,genomic,6,769,7,0.04491723614631294,0.009102730819245773,0.004416223152723785,0.01866931220134357,0.031003448084143556,0.06119507721128351
NON FIBROTIC ILA ADJUDICATED,2,982195154,genomic,7,770,2,0.08686879994282976,0.0025974025974025974,0.0007125907061236786,0.009420568652699277,0.06127482362183387,0.11958242666594278
NON FIBROTIC ILA ADJUDICATED,2,982195154,genomic,8,769,2,0.1762939531860549,0.002600780234070221,0.0007135177289523901,0.009432753192718508,0.1196172974740763,0.2647192529277698
NON FIBROTIC ILA ADJUDICATED,2,982195154,genomic,9,770,5,0.4826477679331402,0.006493506493506494,0.0027767335367897463,0.01510995198893538,0.2650520001891849,0.9863359656920184
NON FIBROTIC ILA ADJUDICATED,2,982195154,combined,0,770,0,0.0038365560005983192,0.0,0.0,0.004964141914221508,0.002374728525845993,0.004481640121092134
NON FIBROTIC ILA ADJUDICATED,2,982195154,combined,1,769,1,0.005023840796201362,0.0013003901170351106,0.0002295876800841234,0.007328830355107483,0.004486185314745579,0.005599701464126406
NON FIBROTIC ILA ADJUDICATED,2,982195154,combined,2,770,0,0.006202833916734578,0.0,0.0,0.004964141914221508,0.005600291322128211,0.00693747268177969
NON FIBROTIC ILA ADJUDICATED,2,982195154,combined,3,769,1,0.008006117037882995,0.0013003901170351106,0.0002295876800841234,0.007328830355107483,0.006940506061619231,0.009413252766206645
NON FIBROTIC ILA ADJUDICATED,2,982195154,combined,4,770,3,0.011965510487540321,0.003896103896103896,0.0013258926936253902,0.011391775387498288,0.009413800316795645,0.015308282934588592
NON FIBROTIC ILA ADJUDICATED,2,982195154,combined,5,769,6,0.01997505994383504,0.007802340702210663,0.003580646807040671,0.016917035660547395,0.015311836504324185,0.025403085913392118
NON FIBROTIC ILA ADJUDICATED,2,982195154,combined,6,769,11,0.03345315949892787,0.014304291287386216,0.008005744470847457,0.025431202429137063,0.025474720443036333,0.043514778419568946
NON FIBROTIC ILA ADJUDICATED,2,982195154,combined,7,770,4,0.05800320315955686,0.005194805194805195,0.0020219574690050306,0.013280219334419372,0.043535099021716026,0.07499811271565594
NON FIBROTIC ILA ADJUDICATED,2,982195154,combined,8,769,10,0.10030723047547309,0.013003901170351105,0.007078545900378475,0.023770548113126753,0.0751062205096649,0.13017512371007894
NON FIBROTIC ILA ADJUDICATED,2,982195154,combined,9,770,8,0.21084010552161417,0.01038961038961039,0.005273784940225151,0.020366426752402144,0.13019770691105068,0.593026399906322
NON FIBROTIC ILA ADJUDICATED,3,795106483,zebra,0,770,0,0.23157204066995346,0.0,0.0,0.004964141914221508,0.11052533634471677,0.260739023049146
NON FIBROTIC ILA ADJUDICATED,3,795106483,zebra,1,769,0,0.2874015149711731,0.0,0.0,0.004970565148712315,0.2607572849048813,0.3130345111677269
NON FIBROTIC ILA ADJUDICATED,3,795106483,zebra,2,770,0,0.34284472730133136,0.0,0.0,0.004964141914221508,0.3130825244935966,0.37442960866501057
NON FIBROTIC ILA ADJUDICATED,3,795106483,zebra,3,769,0,0.40904197487253985,0.0,0.0,0.004970565148712315,0.374745314783611,0.44482017852215894
NON FIBROTIC ILA ADJUDICATED,3,795106483,zebra,4,770,4,0.4902087471812923,0.005194805194805195,0.0020219574690050306,0.013280219334419372,0.44483311363301814,0.5407863218214698
NON FIBROTIC ILA ADJUDICATED,3,795106483,zebra,5,769,2,0.601252200334968,0.002600780234070221,0.0007135177289523901,0.009432753192718508,0.5408992193248753,0.6612997108028855
NON FIBROTIC ILA ADJUDICATED,3,795106483,zebra,6,769,3,0.7271383397261055,0.0039011703511053317,0.001327618000260774,0.011406505807889416,0.6614092468583902,0.7870703427693205
NON FIBROTIC ILA ADJUDICATED,3,795106483,zebra,7,770,2,0.8430634039716521,0.0025974025974025974,0.0007125907061236786,0.009420568652699277,0.7871340958773702,0.8988858359934823
NON FIBROTIC ILA ADJUDICATED,3,795106483,zebra,8,769,9,0.9509406110318188,0.011703511053315995,0.006169270449727107,0.022091970677298834,0.8989333182452957,0.9859038413093151
NON FIBROTIC ILA ADJUDICATED,3,795106483,zebra,9,770,24,0.9966662623964282,0.03116883116883117,0.021033415527337528,0.04595893572210135,0.9859102920779055,1.0
NON FIBROTIC ILA ADJUDICATED,3,795106483,genomic,0,770,7,4.230976756240882e-41,0.00909090909090909,0.004410478976495486,0.01864522399383109,4.332778000018646e-85,2.1429427262946036e-39
NON FIBROTIC ILA ADJUDICATED,3,795106483,genomic,1,769,5,5.499897373056148e-29,0.006501950585175552,0.002780348414515579,0.015129481166593194,2.17009697345815e-39,1.1352427604438289e-27
NON FIBROTIC ILA ADJUDICATED,3,795106483,genomic,2,770,3,1.2550917727963933e-22,0.003896103896103896,0.0013258926936253902,0.011391775387498288,1.158201175577149e-27,1.4814567717823117e-21
NON FIBROTIC ILA ADJUDICATED,3,795106483,genomic,3,769,1,7.439669376861117e-19,0.0013003901170351106,0.0002295876800841234,0.007328830355107483,1.491100969817452e-21,5.2975203745988115e-18
NON FIBROTIC ILA ADJUDICATED,3,795106483,genomic,4,770,3,2.3464663433424113e-16,0.003896103896103896,0.0013258926936253902,0.011391775387498288,5.339865040741134e-18,1.0883432530019177e-15
NON FIBROTIC ILA ADJUDICATED,3,795106483,genomic,5,769,6,3.605985315621372e-14,0.007802340702210663,0.003580646807040671,0.016917035660547395,1.1039801988187039e-15,1.718325568556254e-13
NON FIBROTIC ILA ADJUDICATED,3,795106483,genomic,6,769,4,2.329984681819204e-12,0.005201560468140442,0.0020245891497467933,0.013297387544882687,1.7281252262424453e-13,8.782735707397604e-12
NON FIBROTIC ILA ADJUDICATED,3,795106483,genomic,7,770,4,1.333428199370253e-10,0.005194805194805195,0.0020219574690050306,0.013280219334419372,8.849048798034854e-12,6.060678411076905e-10
NON FIBROTIC ILA ADJUDICATED,3,795106483,genomic,8,769,3,4.609830390733278e-08,0.0039011703511053317,0.001327618000260774,0.011406505807889416,6.083625630181425e-10,3.982172555765179e-07
NON FIBROTIC ILA ADJUDICATED,3,795106483,genomic,9,770,8,0.2012691217979916,0.01038961038961039,0.005273784940225151,0.020366426752402144,3.9955991798170274e-07,1.0
NON FIBROTIC ILA ADJUDICATED,3,795106483,combined,0,770,3,0.0003133817018749726,0.003896103896103896,0.0013258926936253902,0.011391775387498288,4.4702874467545725e-05,0.000491546509587069
NON FIBROTIC ILA ADJUDICATED,3,795106483,combined,1,769,2,0.0006726817722048571,0.002600780234070221,0.0007135177289523901,0.009432753192718508,0.000492316624879801,0.000867894218606057
NON FIBROTIC ILA ADJUDICATED,3,795106483,combined,2,770,2,0.0010892080566254573,0.0025974025974025974,0.0007125907061236786,0.009420568652699277,0.0008679423164959893,0.001344703406215616
NON FIBROTIC ILA ADJUDICATED,3,795106483,combined,3,769,0,0.0016504723282670794,0.0,0.0,0.004970565148712315,0.0013457432946994477,0.002020427913226608
NON FIBROTIC ILA ADJUDICATED,3,795106483,combined,4,770,0,0.0025625656253978057,0.0,0.0,0.004964141914221508,0.0020231241648809542,0.0031858574348710648
NON FIBROTIC ILA ADJUDICATED,3,795106483,combined,5,769,4,0.003982717977103705,0.005201560468140442,0.0020245891497467933,0.013297387544882687,0.003186932850553417,0.004884781066608083
NON FIBROTIC ILA ADJUDICATED,3,795106483,combined,6,769,5,0.006372515831402473,0.006501950585175552,0.002780348414515579,0.015129481166593194,0.004885289670097475,0.008304469223313526
NON FIBROTIC ILA ADJUDICATED,3,795106483,combined,7,770,3,0.011682395679080226,0.003896103896103896,0.0013258926936253902,0.011391775387498288,0.008309013208523812,0.01622457945296475
NON FIBROTIC ILA ADJUDICATED,3,795106483,combined,8,769,9,0.026238591858468427,0.011703511053315995,0.006169270449727107,0.022091970677298834,0.01624178556320665,0.04243273602768697
NON FIBROTIC ILA ADJUDICATED,3,795106483,combined,9,770,16,0.13202139965432336,0.02077922077922078,0.012830175613871217,0.033486105857161864,0.042434687789765994,0.876785889239375
NON FIBROTIC ILA ADJUDICATED,4,341467629,zebra,0,770,0,0.2316732394877581,0.0,0.0,0.004964141914221508,0.11052533634471677,0.2608829204776901
NON FIBROTIC ILA ADJUDICATED,4,341467629,zebra,1,769,1,0.28663596590056695,0.0013003901170351106,0.0002295876800841234,0.007328830355107483,0.2608962737897288,0.31390333165654505
NON FIBROTIC ILA ADJUDICATED,4,341467629,zebra,2,770,0,0.3441836120104788,0.0,0.0,0.004964141914221508,0.3139253255714429,0.37683945180767486
NON FIBROTIC ILA ADJUDICATED,4,341467629,zebra,3,769,0,0.41158196601753133,0.0,0.0,0.004970565148712315,0.3768651181988039,0.44754198002079515
NON FIBROTIC ILA ADJUDICATED,4,341467629,zebra,4,770,3,0.49171884231033175,0.003896103896103896,0.0013258926936253902,0.011391775387498288,0.4476054105974062,0.5427023175767623
NON FIBROTIC ILA ADJUDICATED,4,341467629,zebra,5,769,3,0.605422676116142,0.0039011703511053317,0.001327618000260774,0.011406505807889416,0.5428851516742825,0.6669227467367701
NON FIBROTIC ILA ADJUDICATED,4,341467629,zebra,6,769,4,0.7310881313945375,0.005201560468140442,0.0020245891497467933,0.013297387544882687,0.6671378515740566,0.7898982149974688
NON FIBROTIC ILA ADJUDICATED,4,341467629,zebra,7,770,2,0.8431343394797817,0.0025974025974025974,0.0007125907061236786,0.009420568652699277,0.7904204327474805,0.898678320073587
NON FIBROTIC ILA ADJUDICATED,4,341467629,zebra,8,769,9,0.9491318272588896,0.011703511053315995,0.006169270449727107,0.022091970677298834,0.898799002791246,0.9853504544758104
NON FIBROTIC ILA ADJUDICATED,4,341467629,zebra,9,770,22,0.9964410118458205,0.02857142857142857,0.018942666074440347,0.04288066773039707,0.9853533817341006,1.0
NON FIBROTIC ILA ADJUDICATED,4,341467629,genomic,0,770,5,1.2725842135730583e-05,0.006493506493506494,0.0027767335367897463,0.01510995198893538,4.877035941029111e-06,2.1604594761614076e-05
NON FIBROTIC ILA ADJUDICATED,4,341467629,genomic,1,769,0,5.7496629945887595e-05,0.0,0.0,0.004970565148712315,2.1620874002864463e-05,0.0002770456299318702
NON FIBROTIC ILA ADJUDICATED,4,341467629,genomic,2,770,10,0.0004203163957037292,0.012987012987012988,0.007069333631553706,0.02373989550567504,0.00027716216020264343,0.0006510615906654983
NON FIBROTIC ILA ADJUDICATED,4,341467629,genomic,3,769,2,0.001978037406418288,0.002600780234070221,0.0007135177289523901,0.009432753192718508,0.0006513277626012358,0.004712021968625308
NON FIBROTIC ILA ADJUDICATED,4,341467629,genomic,4,770,4,0.014836967016535875,0.005194805194805195,0.0020219574690050306,0.013280219334419372,0.004748006642870986,0.01944004832950995
NON FIBROTIC ILA ADJUDICATED,4,341467629,genomic,5,769,5,0.023263179991999634,0.006501950585175552,0.002780348414515579,0.015129481166593194,0.01944023240329205,0.027230280004841866
NON FIBROTIC ILA ADJUDICATED,4,341467629,genomic,6,769,3,0.03180602191602599,0.0039011703511053317,0.001327618000260774,0.011406505807889416,0.027238940563681403,0.037036163512640344
NON FIBROTIC ILA ADJUDICATED,4,341467629,genomic,7,770,5,0.04435230770394162,0.006493506493506494,0.0027767335367897463,0.01510995198893538,0.03704579240158583,0.05297169502590488
NON FIBROTIC ILA ADJUDICATED,4,341467629,genomic,8,769,4,0.06887125567493144,0.005201560468140442,0.0020245891497467933,0.013297387544882687,0.05309722822155418,0.0918149881176738
NON FIBROTIC ILA ADJUDICATED,4,341467629,genomic,9,770,6,0.18032492651046184,0.007792207792207792,0.0035759904186376326,0.016895203829388215,0.0918180700035934,0.8258345444550746
NON FIBROTIC ILA ADJUDICATED,4,341467629,combined,0,770,0,0.004952569974983131,0.0,0.0,0.004964141914221508,0.004015171756994781,0.005351411093120078
NON FIBROTIC ILA ADJUDICATED,4,341467629,combined,1,769,0,0.005607346139201901,0.0,0.0,0.004970565148712315,0.005351459784002811,0.005858218881005853
NON FIBROTIC ILA ADJUDICATED,4,341467629,combined,2,770,0,0.0061319577690493255,0.0,0.0,0.004964141914221508,0.005858281039808124,0.006425374831197097
NON FIBROTIC ILA ADJUDICATED,4,341467629,combined,3,769,1,0.006879527903347643,0.0013003901170351106,0.0002295876800841234,0.007328830355107483,0.006426066989646031,0.0075886153640928765
NON FIBROTIC ILA ADJUDICATED,4,341467629,combined,4,770,4,0.01755298348743291,0.005194805194805195,0.0020219574690050306,0.013280219334419372,0.007589861170469166,0.02661623103130703
NON FIBROTIC ILA ADJUDICATED,4,341467629,combined,5,769,7,0.03387779190409052,0.009102730819245773,0.004416223152723785,0.01866931220134357,0.02663914457625989,0.04165858541726172
NON FIBROTIC ILA ADJUDICATED,4,341467629,combined,6,769,7,0.05246402729104028,0.009102730819245773,0.004416223152723785,0.01866931220134357,0.041671727278641886,0.06486656601014501
NON FIBROTIC ILA ADJUDICATED,4,341467629,combined,7,770,5,0.08027564057609202,0.006493506493506494,0.0027767335367897463,0.01510995198893538,0.06491295001200793,0.09830822216001332
NON FIBROTIC ILA ADJUDICATED,4,341467629,combined,8,769,8,0.11915749126880743,0.010403120936280884,0.005280654829476248,0.0203927334110704,0.09831474868013225,0.14305577510198672
NON FIBROTIC ILA ADJUDICATED,4,341467629,combined,9,770,12,0.19026984171911004,0.015584415584415584,0.008937040176158829,0.027041206405671363,0.1431051180143749,0.3396814335033431
NON FIBROTIC ILA ADJUDICATED,5,1440575860,zebra,0,770,0,0.2326259222077201,0.0,0.0,0.004964141914221508,0.11052533634471677,0.2614461530736853
NON FIBROTIC ILA ADJUDICATED,5,1440575860,zebra,1,769,1,0.2870517597886437,0.0013003901170351106,0.0002295876800841234,0.007328830355107483,0.2615284007497962,0.3120190426459585
NON FIBROTIC ILA ADJUDICATED,5,1440575860,zebra,2,770,0,0.34371678193295757,0.0,0.0,0.004964141914221508,0.31213148847501915,0.37718670117353315
NON FIBROTIC ILA ADJUDICATED,5,1440575860,zebra,3,769,0,0.4108917591433829,0.0,0.0,0.004970565148712315,0.37722891098823874,0.4477151358421824
NON FIBROTIC ILA ADJUDICATED,5,1440575860,zebra,4,770,3,0.4936668013631604,0.003896103896103896,0.0013258926936253902,0.011391775387498288,0.44772454697228964,0.5464075588624596
NON FIBROTIC ILA ADJUDICATED,5,1440575860,zebra,5,769,3,0.6042789191524681,0.0039011703511053317,0.001327618000260774,0.011406505807889416,0.5464326863847097,0.6651417341531
NON FIBROTIC ILA ADJUDICATED,5,1440575860,zebra,6,769,3,0.7336646778660888,0.0039011703511053317,0.001327618000260774,0.011406505807889416,0.6653217800268115,0.7923845014767011
NON FIBROTIC ILA ADJUDICATED,5,1440575860,zebra,7,770,4,0.8466567237357151,0.005194805194805195,0.0020219574690050306,0.013280219334419372,0.7924123854559428,0.8991102436771582
NON FIBROTIC ILA ADJUDICATED,5,1440575860,zebra,8,769,6,0.9500494880353217,0.007802340702210663,0.003580646807040671,0.016917035660547395,0.8994346917346799,0.9862464078157572
NON FIBROTIC ILA ADJUDICATED,5,1440575860,zebra,9,770,24,0.9968236903451418,0.03116883116883117,0.021033415527337528,0.04595893572210135,0.9862881300854072,1.0
NON FIBROTIC ILA ADJUDICATED,5,1440575860,genomic,0,770,8,0.00016262557808470127,0.01038961038961039,0.005273784940225151,0.020366426752402144,2.218683308880933e-05,0.00023656145477104806
NON FIBROTIC ILA ADJUDICATED,5,1440575860,genomic,1,769,3,0.0002958593834777146,0.0039011703511053317,0.001327618000260774,0.011406505807889416,0.00023690552980319102,0.00035653199494181464
NON FIBROTIC ILA ADJUDICATED,5,1440575860,genomic,2,770,6,0.00042386219132900266,0.007792207792207792,0.0035759904186376326,0.016895203829388215,0.0003565359497985756,0.0004978569912466045
NON FIBROTIC ILA ADJUDICATED,5,1440575860,genomic,3,769,2,0.0005864837261406124,0.002600780234070221,0.0007135177289523901,0.009432753192718508,0.0004981396481660755,0.0006851003148332459
NON FIBROTIC ILA ADJUDICATED,5,1440575860,genomic,4,770,4,0.0008333965318202127,0.005194805194805195,0.0020219574690050306,0.013280219334419372,0.0006861235606150539,0.0009955590363584347
NON FIBROTIC ILA ADJUDICATED,5,1440575860,genomic,5,769,3,0.0012627983658233537,0.0039011703511053317,0.001327618000260774,0.011406505807889416,0.0009961649159713306,0.0016188632618614365
NON FIBROTIC ILA ADJUDICATED,5,1440575860,genomic,6,769,4,0.0027548855421833172,0.005201560468140442,0.0020245891497467933,0.013297387544882687,0.001619249132346881,0.005774334089539586
NON FIBROTIC ILA ADJUDICATED,5,1440575860,genomic,7,770,6,0.0679426944841035,0.007792207792207792,0.0035759904186376326,0.016895203829388215,0.005793030621541441,0.14746072309583272
NON FIBROTIC ILA ADJUDICATED,5,1440575860,genomic,8,769,4,0.22663914634050258,0.005201560468140442,0.0020245891497467933,0.013297387544882687,0.14746957137532352,0.322293068523351
NON FIBROTIC ILA ADJUDICATED,5,1440575860,genomic,9,770,4,0.5067278708983982,0.005194805194805195,0.0020219574690050306,0.013280219334419372,0.3228286422273772,0.9576069914311036
NON FIBROTIC ILA ADJUDICATED,5,1440575860,combined,0,770,0,0.004045647195942821,0.0,0.0,0.004964141914221508,0.0036240716552069087,0.0043420804841933286
NON FIBROTIC ILA ADJUDICATED,5,1440575860,combined,1,769,0,0.004601917420524424,0.0,0.0,0.004970565148712315,0.004342983075620969,0.004863598094489469
NON FIBROTIC ILA ADJUDICATED,5,1440575860,combined,2,770,1,0.005184731275419211,0.0012987012987012987,0.00022928946639889794,0.007319361170123334,0.004865916722286452,0.0055741951490889865
NON FIBROTIC ILA ADJUDICATED,5,1440575860,combined,3,769,2,0.0063111969576998776,0.002600780234070221,0.0007135177289523901,0.009432753192718508,0.005574452764731087,0.00768695886302235
NON FIBROTIC ILA ADJUDICATED,5,1440575860,combined,4,770,5,0.009973486758523924,0.006493506493506494,0.0027767335367897463,0.01510995198893538,0.0076882660752894,0.011806909391954582
NON FIBROTIC ILA ADJUDICATED,5,1440575860,combined,5,769,8,0.013523191497631816,0.010403120936280884,0.005280654829476248,0.0203927334110704,0.011807035550476153,0.015360361626733583
NON FIBROTIC ILA ADJUDICATED,5,1440575860,combined,6,769,3,0.0175751631869821,0.0039011703511053317,0.001327618000260774,0.011406505807889416,0.015363408963711104,0.0200592574640953
NON FIBROTIC ILA ADJUDICATED,5,1440575860,combined,7,770,8,0.023976357892718743,0.01038961038961039,0.005273784940225151,0.020366426752402144,0.020059784670493713,0.02943337995833613
NON FIBROTIC ILA ADJUDICATED,5,1440575860,combined,8,769,5,0.04247492830082669,0.006501950585175552,0.002780348414515579,0.015129481166593194,0.029437188139089604,0.0625351136939143
NON FIBROTIC ILA ADJUDICATED,5,1440575860,combined,9,770,12,0.11166724103196697,0.015584415584415584,0.008937040176158829,0.027041206405671363,0.06259004381296417,0.43516641390428296
NON FIBROTIC ILA ADJUDICATED,6,128169765,zebra,0,770,0,0.23252744473337786,0.0,0.0,0.004964141914221508,0.11052533634471677,0.26099906075218154
NON FIBROTIC ILA ADJUDICATED,6,128169765,zebra,1,769,0,0.28795746305480346,0.0,0.0,0.004970565148712315,0.2610548534071459,0.3134172517546153
NON FIBROTIC ILA ADJUDICATED,6,128169765,zebra,2,770,0,0.34403389412343016,0.0,0.0,0.004964141914221508,0.3134570424472098,0.37606160153816026
NON FIBROTIC ILA ADJUDICATED,6,128169765,zebra,3,769,0,0.41083497007700287,0.0,0.0,0.004970565148712315,0.3761338732577787,0.44772454697228964
NON FIBROTIC ILA ADJUDICATED,6,128169765,zebra,4,770,5,0.4919026545557863,0.006493506493506494,0.0027767335367897463,0.01510995198893538,0.44782601534663025,0.5418736368405029
NON FIBROTIC ILA ADJUDICATED,6,128169765,zebra,5,769,1,0.601882698402956,0.0013003901170351106,0.0002295876800841234,0.007328830355107483,0.5421931634455274,0.6644593682619329
NON FIBROTIC ILA ADJUDICATED,6,128169765,zebra,6,769,5,0.7308279601466781,0.006501950585175552,0.002780348414515579,0.015129481166593194,0.6647868754304452,0.7913670010332758
NON FIBROTIC ILA ADJUDICATED,6,128169765,zebra,7,770,2,0.8448348727288297,0.0025974025974025974,0.0007125907061236786,0.009420568652699277,0.7914864280637494,0.8977007318534571
NON FIBROTIC ILA ADJUDICATED,6,128169765,zebra,8,769,8,0.9464835170641275,0.010403120936280884,0.005280654829476248,0.0203927334110704,0.8977089528063704,0.9835839766390332
NON FIBROTIC ILA ADJUDICATED,6,128169765,zebra,9,770,23,0.9958342561402451,0.02987012987012987,0.01998520545069876,0.044422637076439384,0.9836043583075597,1.0
NON FIBROTIC ILA ADJUDICATED,6,128169765,genomic,0,770,2,0.0,0.0025974025974025974,0.0007125907061236786,0.009420568652699277,0.0,0.0
NON FIBROTIC ILA ADJUDICATED,6,128169765,genomic,1,769,7,0.0,0.009102730819245773,0.004416223152723785,0.01866931220134357,0.0,0.0
NON FIBROTIC ILA ADJUDICATED,6,128169765,genomic,2,770,6,0.0,0.007792207792207792,0.0035759904186376326,0.016895203829388215,0.0,0.0
NON FIBROTIC ILA ADJUDICATED,6,128169765,genomic,3,769,5,0.0,0.006501950585175552,0.002780348414515579,0.015129481166593194,0.0,0.0
NON FIBROTIC ILA ADJUDICATED,6,128169765,genomic,4,770,1,0.0,0.0012987012987012987,0.00022928946639889794,0.007319361170123334,0.0,0.0
NON FIBROTIC ILA ADJUDICATED,6,128169765,genomic,5,769,7,7.022581084633e-306,0.009102730819245773,0.004416223152723785,0.01866931220134357,0.0,1.0714352752448525e-303
NON FIBROTIC ILA ADJUDICATED,6,128169765,genomic,6,769,4,2.1076333427535977e-218,0.005201560468140442,0.0020245891497467933,0.013297387544882687,1.625280502591789e-303,3.8854857613770054e-216
NON FIBROTIC ILA ADJUDICATED,6,128169765,genomic,7,770,2,7.385407594879678e-135,0.0025974025974025974,0.0007125907061236786,0.009420568652699277,4.4630152185922607e-216,2.1352374049420063e-132
NON FIBROTIC ILA ADJUDICATED,6,128169765,genomic,8,769,5,3.551280332316272e-11,0.006501950585175552,0.002780348414515579,0.015129481166593194,2.5435635254719065e-132,1.2294414633679192e-08
NON FIBROTIC ILA ADJUDICATED,6,128169765,genomic,9,770,5,0.958347671874662,0.006493506493506494,0.0027767335367897463,0.01510995198893538,1.8160248924506867e-08,1.0
NON FIBROTIC ILA ADJUDICATED,6,128169765,combined,0,770,0,0.00483328064265928,0.0,0.0,0.004964141914221508,0.0028016110161484817,0.0057919506760260335
NON FIBROTIC ILA ADJUDICATED,6,128169765,combined,1,769,1,0.006548821985930352,0.0013003901170351106,0.0002295876800841234,0.007328830355107483,0.005795805283120316,0.007244866512446397
NON FIBROTIC ILA ADJUDICATED,6,128169765,combined,2,770,0,0.00807668703607791,0.0,0.0,0.004964141914221508,0.0072470152823263375,0.0089409529983027
NON FIBROTIC ILA ADJUDICATED,6,128169765,combined,3,769,2,0.009990355907888574,0.002600780234070221,0.0007135177289523901,0.009432753192718508,0.008941851631390121,0.011203803978280689
NON FIBROTIC ILA ADJUDICATED,6,128169765,combined,4,770,2,0.012868600908277253,0.0025974025974025974,0.0007125907061236786,0.009420568652699277,0.011211454196213803,0.014748401837968068
NON FIBROTIC ILA ADJUDICATED,6,128169765,combined,5,769,3,0.01771339309585202,0.0039011703511053317,0.001327618000260774,0.011406505807889416,0.014759737910343866,0.02156652762365925
NON FIBROTIC ILA ADJUDICATED,6,128169765,combined,6,769,3,0.02783519938957952,0.0039011703511053317,0.001327618000260774,0.011406505807889416,0.021574679546625487,0.03618434616808909
NON FIBROTIC ILA ADJUDICATED,6,128169765,combined,7,770,6,0.04809480095447423,0.007792207792207792,0.0035759904186376326,0.016895203829388215,0.03619410407661566,0.06144495978238454
NON FIBROTIC ILA ADJUDICATED,6,128169765,combined,8,769,10,0.08092768464094613,0.013003901170351105,0.007078545900378475,0.023770548113126753,0.06149101125770353,0.10479444785507173
NON FIBROTIC ILA ADJUDICATED,6,128169765,combined,9,770,17,0.16982574808102288,0.02207792207792208,0.01382933715277743,0.03507145304055638,0.10489417656483763,0.5635967599032103
NON FIBROTIC ILA ADJUDICATED,7,1110569852,zebra,0,770,0,0.2320949503855534,0.0,0.0,0.004964141914221508,0.11052533634471677,0.26127235839391816
NON FIBROTIC ILA ADJUDICATED,7,1110569852,zebra,1,769,1,0.28724027925078155,0.0013003901170351106,0.0002295876800841234,0.007328830355107483,0.2612877049881964,0.31321930129365705
NON FIBROTIC ILA ADJUDICATED,7,1110569852,zebra,2,770,0,0.3433899248256555,0.0,0.0,0.004964141914221508,0.3132952944842823,0.3766087127018751
NON FIBROTIC ILA ADJUDICATED,7,1110569852,zebra,3,769,0,0.4111057827019832,0.0,0.0,0.004970565148712315,0.3767025563913176,0.4462515041290735
NON FIBROTIC ILA ADJUDICATED,7,1110569852,zebra,4,770,5,0.4908449056849086,0.006493506493506494,0.0027767335367897463,0.01510995198893538,0.44631748077308125,0.5414675277818876
NON FIBROTIC ILA ADJUDICATED,7,1110569852,zebra,5,769,2,0.5999690977287582,0.002600780234070221,0.0007135177289523901,0.009432753192718508,0.5414991255093249,0.6639428631930064
NON FIBROTIC ILA ADJUDICATED,7,1110569852,zebra,6,769,6,0.7285396135284364,0.007802340702210663,0.003580646807040671,0.016917035660547395,0.6640242739721478,0.7881814628982727
NON FIBROTIC ILA ADJUDICATED,7,1110569852,zebra,7,770,3,0.844625979338506,0.003896103896103896,0.0013258926936253902,0.011391775387498288,0.7883002137996314,0.8996621190560748
NON FIBROTIC ILA ADJUDICATED,7,1110569852,zebra,8,769,9,0.9497297114123902,0.011703511053315995,0.006169270449727107,0.022091970677298834,0.8996813766473817,0.9842955966421711
NON FIBROTIC ILA ADJUDICATED,7,1110569852,zebra,9,770,18,0.9962436446859464,0.023376623376623377,0.014837136266102694,0.036648162649531836,0.9844770975162783,1.0
NON FIBROTIC ILA ADJUDICATED,7,1110569852,genomic,0,770,5,1.2124896451597771e-05,0.006493506493506494,0.0027767335367897463,0.01510995198893538,2.9065278733991946e-06,2.1161930944173383e-05
NON FIBROTIC ILA ADJUDICATED,7,1110569852,genomic,1,769,4,4.043161297711212e-05,0.005201560468140442,0.0020245891497467933,0.013297387544882687,2.1220271400770716e-05,7.892454766382731e-05
NON FIBROTIC ILA ADJUDICATED,7,1110569852,genomic,2,770,3,0.00022969854436095542,0.003896103896103896,0.0013258926936253902,0.011391775387498288,7.94511290241567e-05,0.0005129951382740177
NON FIBROTIC ILA ADJUDICATED,7,1110569852,genomic,3,769,9,0.0015899664602280004,0.011703511053315995,0.006169270449727107,0.022091970677298834,0.0005142868358474646,0.0041264492399987595
NON FIBROTIC ILA ADJUDICATED,7,1110569852,genomic,4,770,2,0.011948927035147312,0.0025974025974025974,0.0007125907061236786,0.009420568652699277,0.00413608923242969,0.018502917888816972
NON FIBROTIC ILA ADJUDICATED,7,1110569852,genomic,5,769,3,0.024355412645779922,0.0039011703511053317,0.001327618000260774,0.011406505807889416,0.01852276848777483,0.030421735318957102
NON FIBROTIC ILA ADJUDICATED,7,1110569852,genomic,6,769,7,0.03772549756839945,0.009102730819245773,0.004416223152723785,0.01866931220134357,0.03045976268129688,0.04617482730133624
NON FIBROTIC ILA ADJUDICATED,7,1110569852,genomic,7,770,6,0.05772947354388643,0.007792207792207792,0.0035759904186376326,0.016895203829388215,0.0461790033847643,0.07350702530833295
NON FIBROTIC ILA ADJUDICATED,7,1110569852,genomic,8,769,3,0.09979992042770687,0.0039011703511053317,0.001327618000260774,0.011406505807889416,0.073549600238111,0.13712851689412692
NON FIBROTIC ILA ADJUDICATED,7,1110569852,genomic,9,770,2,0.2817288395011004,0.0025974025974025974,0.0007125907061236786,0.009420568652699277,0.13723407627278827,0.9208698418486171
NON FIBROTIC ILA ADJUDICATED,7,1110569852,combined,0,770,1,0.003021665360598051,0.0012987012987012987,0.00022928946639889794,0.007319361170123334,0.0020793683784355904,0.003349889506432135
NON FIBROTIC ILA ADJUDICATED,7,1110569852,combined,1,769,0,0.003616804986192467,0.0,0.0,0.004970565148712315,0.0033511698893386337,0.003876839099426105
NON FIBROTIC ILA ADJUDICATED,7,1110569852,combined,2,770,2,0.004191369767409014,0.0025974025974025974,0.0007125907061236786,0.009420568652699277,0.0038789180733887364,0.004549751144219191
NON FIBROTIC ILA ADJUDICATED,7,1110569852,combined,3,769,0,0.005218198632710247,0.0,0.0,0.004970565148712315,0.00455019730383316,0.006192766788841901
NON FIBROTIC ILA ADJUDICATED,7,1110569852,combined,4,770,6,0.008072065057756489,0.007792207792207792,0.0035759904186376326,0.016895203829388215,0.006198625956170437,0.0102609341787231
NON FIBROTIC ILA ADJUDICATED,7,1110569852,combined,5,769,4,0.012443883476038831,0.005201560468140442,0.0020245891497467933,0.013297387544882687,0.010262669599380055,0.01461950862646822
NON FIBROTIC ILA ADJUDICATED,7,1110569852,combined,6,769,3,0.016970574187214378,0.0039011703511053317,0.001327618000260774,0.011406505807889416,0.014619913056829508,0.019849759809679766
NON FIBROTIC ILA ADJUDICATED,7,1110569852,combined,7,770,9,0.02466972977677533,0.011688311688311689,0.006161243000312308,0.022063477414615715,0.019857041570328797,0.0317677094681338
NON FIBROTIC ILA ADJUDICATED,7,1110569852,combined,8,769,9,0.04331418321257583,0.011703511053315995,0.006169270449727107,0.022091970677298834,0.03178341083328933,0.05940480975826514
NON FIBROTIC ILA ADJUDICATED,7,1110569852,combined,9,770,10,0.12113295885326304,0.012987012987012988,0.007069333631553706,0.02373989550567504,0.05949913924084065,0.6918521587844159
NON FIBROTIC ILA ADJUDICATED,8,576281321,zebra,0,770,0,0.2307395971165983,0.0,0.0,0.004964141914221508,0.11052533634471677,0.2601982884591711
NON FIBROTIC ILA ADJUDICATED,8,576281321,zebra,1,769,0,0.2847884806860568,0.0,0.0,0.004970565148712315,0.2603686869559921,0.31090527380487964
NON FIBROTIC ILA ADJUDICATED,8,576281321,zebra,2,770,0,0.3416656971515918,0.0,0.0,0.004964141914221508,0.3109067396753655,0.37432903714209376
NON FIBROTIC ILA ADJUDICATED,8,576281321,zebra,3,769,0,0.40911000984698137,0.0,0.0,0.004970565148712315,0.37435254947958724,0.44715602283742534
NON FIBROTIC ILA ADJUDICATED,8,576281321,zebra,4,770,4,0.49243528446368345,0.005194805194805195,0.0020219574690050306,0.013280219334419372,0.44729874340067893,0.5422765918315045
NON FIBROTIC ILA ADJUDICATED,8,576281321,zebra,5,769,2,0.6030246279951356,0.002600780234070221,0.0007135177289523901,0.009432753192718508,0.5425099846580176,0.6659285197485536
NON FIBROTIC ILA ADJUDICATED,8,576281321,zebra,6,769,5,0.7310893725373785,0.006501950585175552,0.002780348414515579,0.015129481166593194,0.6660719586266501,0.7898361713635328
NON FIBROTIC ILA ADJUDICATED,8,576281321,zebra,7,770,3,0.8448390528089672,0.003896103896103896,0.0013258926936253902,0.011391775387498288,0.789896992430299,0.898712194658097
NON FIBROTIC ILA ADJUDICATED,8,576281321,zebra,8,769,8,0.9483327667344374,0.010403120936280884,0.005280654829476248,0.0203927334110704,0.898799002791246,0.9842627882401059
NON FIBROTIC ILA ADJUDICATED,8,576281321,zebra,9,770,22,0.9960798021046409,0.02857142857142857,0.018942666074440347,0.04288066773039707,0.9842955966421711,1.0
NON FIBROTIC ILA ADJUDICATED,8,576281321,genomic,0,770,4,2.7282184097789066e-15,0.005194805194805195,0.0020219574690050306,0.013280219334419372,9.162271405995853e-24,1.6060826131622353e-14
NON FIBROTIC ILA ADJUDICATED,8,576281321,genomic,1,769,8,2.5788106039754783e-11,0.010403120936280884,0.005280654829476248,0.0203927334110704,1.610704643312525e-14,2.011029847476256e-10
NON FIBROTIC ILA ADJUDICATED,8,576281321,genomic,2,770,5,2.3912145191259194e-09,0.006493506493506494,0.0027767335367897463,0.01510995198893538,2.0143675671899626e-10,8.066570934536014e-09
NON FIBROTIC ILA ADJUDICATED,8,576281321,genomic,3,769,5,6.209979886808937e-08,0.006501950585175552,0.002780348414515579,0.015129481166593194,8.070764433939774e-09,2.3176543378963074e-07
NON FIBROTIC ILA ADJUDICATED,8,576281321,genomic,4,770,3,2.9300227734936036e-06,0.003896103896103896,0.0013258926936253902,0.011391775387498288,2.3290374951528224e-07,9.05928568671499e-06
NON FIBROTIC ILA ADJUDICATED,8,576281321,genomic,5,769,4,2.6096777947890242e-05,0.005201560468140442,0.0020245891497467933,0.013297387544882687,9.087918325391819e-06,5.135623591239033e-05
NON FIBROTIC ILA ADJUDICATED,8,576281321,genomic,6,769,6,0.00010082360660663482,0.007802340702210663,0.003580646807040671,0.016917035660547395,5.142393802902438e-05,0.00017562471473590892
NON FIBROTIC ILA ADJUDICATED,8,576281321,genomic,7,770,2,0.00034199916426652416,0.0025974025974025974,0.0007125907061236786,0.009420568652699277,0.00017599352708906415,0.0006336463241577641
NON FIBROTIC ILA ADJUDICATED,8,576281321,genomic,8,769,2,0.0015881647489966256,0.002600780234070221,0.0007135177289523901,0.009432753192718508,0.000634113107376085,0.0034889820471081384
NON FIBROTIC ILA ADJUDICATED,8,576281321,genomic,9,770,5,0.1054529919394259,0.006493506493506494,0.0027767335367897463,0.01510995198893538,0.0034912739928217055,0.9999620582764813
NON FIBROTIC ILA ADJUDICATED,8,576281321,combined,0,770,0,0.008203492636684132,0.0,0.0,0.004964141914221508,0.004568170835105778,0.009974721644853921
NON FIBROTIC ILA ADJUDICATED,8,576281321,combined,1,769,0,0.011586449977118817,0.0,0.0,0.004970565148712315,0.00997969144931885,0.013266002704259656
NON FIBROTIC ILA ADJUDICATED,8,576281321,combined,2,770,0,0.015035647606953903,0.0,0.0,0.004964141914221508,0.013266807170376203,0.01693511282907204
NON FIBROTIC ILA ADJUDICATED,8,576281321,combined,3,769,2,0.019124618665944004,0.002600780234070221,0.0007135177289523901,0.009432753192718508,0.01695158120766001,0.021496843705922176
NON FIBROTIC ILA ADJUDICATED,8,576281321,combined,4,770,4,0.0245220127232891,0.005194805194805195,0.0020219574690050306,0.013280219334419372,0.021507736974904292,0.027966646131465413
NON FIBROTIC ILA ADJUDICATED,8,576281321,combined,5,769,1,0.03192420109833624,0.0013003901170351106,0.0002295876800841234,0.007328830355107483,0.027966816298665476,0.03647231842907143
NON FIBROTIC ILA ADJUDICATED,8,576281321,combined,6,769,2,0.04229249902069269,0.002600780234070221,0.0007135177289523901,0.009432753192718508,0.036484059816944935,0.049249182270680654
NON FIBROTIC ILA ADJUDICATED,8,576281321,combined,7,770,5,0.05949691464124295,0.006493506493506494,0.0027767335367897463,0.01510995198893538,0.04926253308695849,0.07297128408625551
NON FIBROTIC ILA ADJUDICATED,8,576281321,combined,8,769,19,0.0952237822987479,0.0247074122236671,0.01587360135768905,0.03826616863412981,0.07299950390655398,0.12193720422581686
NON FIBROTIC ILA ADJUDICATED,8,576281321,combined,9,770,11,0.17630855420945302,0.014285714285714285,0.007995323688185082,0.025398414171344384,0.12196059181155182,0.3922711409717259
NON FIBROTIC ILA ADJUDICATED,9,471706405,zebra,0,770,0,0.23098831893077607,0.0,0.0,0.004964141914221508,0.11893743948205666,0.2603686869559921
NON FIBROTIC ILA ADJUDICATED,9,471706405,zebra,1,769,0,0.2854764417405479,0.0,0.0,0.004970565148712315,0.2603712147413345,0.31090527380487964
NON FIBROTIC ILA ADJUDICATED,9,471706405,zebra,2,770,0,0.3405629896804605,0.0,0.0,0.004964141914221508,0.3109067396753655,0.3738414017884197
NON FIBROTIC ILA ADJUDICATED,9,471706405,zebra,3,769,0,0.40815505026600024,0.0,0.0,0.004970565148712315,0.37386805041072013,0.4434837707211694
NON FIBROTIC ILA ADJUDICATED,9,471706405,zebra,4,770,4,0.4873101519798424,0.005194805194805195,0.0020219574690050306,0.013280219334419372,0.4436878011693051,0.5387979003574817
NON FIBROTIC ILA ADJUDICATED,9,471706405,zebra,5,769,2,0.6000111476685488,0.002600780234070221,0.0007135177289523901,0.009432753192718508,0.538853101911673,0.6645632245328221
NON FIBROTIC ILA ADJUDICATED,9,471706405,zebra,6,769,5,0.7314414365838671,0.006501950585175552,0.002780348414515579,0.015129481166593194,0.6647868754304452,0.7913408419573393
NON FIBROTIC ILA ADJUDICATED,9,471706405,zebra,7,770,2,0.8461614878904481,0.0025974025974025974,0.0007125907061236786,0.009420568652699277,0.7914027917352122,0.9025689321917897
NON FIBROTIC ILA ADJUDICATED,9,471706405,zebra,8,769,6,0.951207419604964,0.007802340702210663,0.003580646807040671,0.016917035660547395,0.9026412280438324,0.9852651300912427
NON FIBROTIC ILA ADJUDICATED,9,471706405,zebra,9,770,25,0.9962834067756322,0.032467532467532464,0.022086969431753586,0.04748989053998599,0.9852882260270938,1.0
NON FIBROTIC ILA ADJUDICATED,9,471706405,genomic,0,770,6,0.0,0.007792207792207792,0.0035759904186376326,0.016895203829388215,0.0,0.0
NON FIBROTIC ILA ADJUDICATED,9,471706405,genomic,1,769,6,0.0,0.007802340702210663,0.003580646807040671,0.016917035660547395,0.0,0.0
NON FIBROTIC ILA ADJUDICATED,9,471706405,genomic,2,770,6,0.0,0.007792207792207792,0.0035759904186376326,0.016895203829388215,0.0,0.0
NON FIBROTIC ILA ADJUDICATED,9,471706405,genomic,3,769,6,0.0,0.007802340702210663,0.003580646807040671,0.016917035660547395,0.0,0.0
NON FIBROTIC ILA ADJUDICATED,9,471706405,genomic,4,770,2,0.0,0.0025974025974025974,0.0007125907061236786,0.009420568652699277,0.0,0.0
NON FIBROTIC ILA ADJUDICATED,9,471706405,genomic,5,769,3,0.0,0.0039011703511053317,0.001327618000260774,0.011406505807889416,0.0,0.0
NON FIBROTIC ILA ADJUDICATED,9,471706405,genomic,6,769,3,0.0,0.0039011703511053317,0.001327618000260774,0.011406505807889416,0.0,0.0
NON FIBROTIC ILA ADJUDICATED,9,471706405,genomic,7,770,4,0.0,0.005194805194805195,0.0020219574690050306,0.013280219334419372,0.0,0.0
NON FIBROTIC ILA ADJUDICATED,9,471706405,genomic,8,769,4,5.998221477219828e-134,0.005201560468140442,0.0020245891497467933,0.013297387544882687,0.0,2.887914287814896e-131
NON FIBROTIC ILA ADJUDICATED,9,471706405,genomic,9,770,4,0.7899611719900016,0.005194805194805195,0.0020219574690050306,0.013280219334419372,1.1278496573337775e-129,1.0
NON FIBROTIC ILA ADJUDICATED,9,471706405,combined,0,770,1,0.004788092120893434,0.0012987012987012987,0.00022928946639889794,0.007319361170123334,0.0024852648021755036,0.0058888085905465576
NON FIBROTIC ILA ADJUDICATED,9,471706405,combined,1,769,0,0.006769963485199671,0.0,0.0,0.004970565148712315,0.005889124277651601,0.007664805818614356
NON FIBROTIC ILA ADJUDICATED,9,471706405,combined,2,770,2,0.008677333292508594,0.0025974025974025974,0.0007125907061236786,0.009420568652699277,0.007667773677495382,0.009755004632351258
NON FIBROTIC ILA ADJUDICATED,9,471706405,combined,3,769,1,0.01126355655001048,0.0013003901170351106,0.0002295876800841234,0.007328830355107483,0.009755764256663397,0.013008701009943821
NON FIBROTIC ILA ADJUDICATED,9,471706405,combined,4,770,1,0.015663968301850222,0.0012987012987012987,0.00022928946639889794,0.007319361170123334,0.013009324781152413,0.018928712407036943
NON FIBROTIC ILA ADJUDICATED,9,471706405,combined,5,769,7,0.024272109328205338,0.009102730819245773,0.004416223152723785,0.01866931220134357,0.018942669473784226,0.03066507327895936
NON FIBROTIC ILA ADJUDICATED,9,471706405,combined,6,769,4,0.04127223919109606,0.005201560468140442,0.0020245891497467933,0.013297387544882687,0.030670304505984406,0.05397994788516117
NON FIBROTIC ILA ADJUDICATED,9,471706405,combined,7,770,7,0.07119567890623815,0.00909090909090909,0.004410478976495486,0.01864522399383109,0.05401632211867041,0.09070592885686074
NON FIBROTIC ILA ADJUDICATED,9,471706405,combined,8,769,10,0.11569286691519018,0.013003901170351105,0.007078545900378475,0.023770548113126753,0.09071307110730291,0.1467486939141628
NON FIBROTIC ILA ADJUDICATED,9,471706405,combined,9,770,11,0.2233954960409955,0.014285714285714285,0.007995323688185082,0.025398414171344384,0.14689774515005932,0.6284359876030304
NON FIBROTIC ILA ADJUDICATED,10,1958691181,zebra,0,770,0,0.23150857707647854,0.0,0.0,0.004964141914221508,0.11693488945217027,0.26119474251243924
NON FIBROTIC ILA ADJUDICATED,10,1958691181,zebra,1,769,1,0.2871712570038565,0.0013003901170351106,0.0002295876800841234,0.007328830355107483,0.26122351629499085,0.31282001579730256
NON FIBROTIC ILA ADJUDICATED,10,1958691181,zebra,2,770,0,0.3445378314624747,0.0,0.0,0.004964141914221508,0.31284944483864957,0.3766087127018751
NON FIBROTIC ILA ADJUDICATED,10,1958691181,zebra,3,769,0,0.41195898851463275,0.0,0.0,0.004970565148712315,0.3766736141998482,0.44770346856430193
NON FIBROTIC ILA ADJUDICATED,10,1958691181,zebra,4,770,4,0.4915158931894678,0.005194805194805195,0.0020219574690050306,0.013280219334419372,0.4477058143755784,0.5405732793825522
NON FIBROTIC ILA ADJUDICATED,10,1958691181,zebra,5,769,2,0.6008139712858963,0.002600780234070221,0.0007135177289523901,0.009432753192718508,0.5406148926383858,0.6607442672405176
NON FIBROTIC ILA ADJUDICATED,10,1958691181,zebra,6,769,5,0.7282369642028306,0.006501950585175552,0.002780348414515579,0.015129481166593194,0.6608807876532565,0.7875477040043433
NON FIBROTIC ILA ADJUDICATED,10,1958691181,zebra,7,770,2,0.8452806182559858,0.0025974025974025974,0.0007125907061236786,0.009420568652699277,0.7875787267949781,0.8989748388716692
NON FIBROTIC ILA ADJUDICATED,10,1958691181,zebra,8,769,6,0.9487440524497309,0.007802340702210663,0.003580646807040671,0.016917035660547395,0.8994346917346799,0.9842261953251087
NON FIBROTIC ILA ADJUDICATED,10,1958691181,zebra,9,770,24,0.9962192473812544,0.03116883116883117,0.021033415527337528,0.04595893572210135,0.9842627882401059,1.0
NON FIBROTIC ILA ADJUDICATED,10,1958691181,genomic,0,770,4,1.4753954479530823e-32,0.005194805194805195,0.0020219574690050306,0.013280219334419372,8.769282444438391e-60,3.0503324968042733e-31
NON FIBROTIC ILA ADJUDICATED,10,1958691181,genomic,1,769,4,6.854762416025934e-27,0.005201560468140442,0.0020245891497467933,0.013297387544882687,3.0918660740471246e-31,6.811944152184852e-26
NON FIBROTIC ILA ADJUDICATED,10,1958691181,genomic,2,770,3,2.0337679587769087e-23,0.003896103896103896,0.0013258926936253902,0.011391775387498288,6.865913741965011e-26,1.3969340653443864e-22
NON FIBROTIC ILA ADJUDICATED,10,1958691181,genomic,3,769,5,8.426376770304925e-21,0.006501950585175552,0.002780348414515579,0.015129481166593194,1.3988063899597923e-22,4.42145778697875e-20
NON FIBROTIC ILA ADJUDICATED,10,1958691181,genomic,4,770,3,1.4174613174153103e-18,0.003896103896103896,0.0013258926936253902,0.011391775387498288,4.488417557488166e-20,6.809930699398413e-18
NON FIBROTIC ILA ADJUDICATED,10,1958691181,genomic,5,769,5,1.4222244876778028e-16,0.006501950585175552,0.002780348414515579,0.015129481166593194,6.8201658829047095e-18,6.570178164904721e-16
NON FIBROTIC ILA ADJUDICATED,10,1958691181,genomic,6,769,3,1.601197495728481e-14,0.0039011703511053317,0.001327618000260774,0.011406505807889416,6.570225044529626e-16,7.284765719507761e-14
NON FIBROTIC ILA ADJUDICATED,10,1958691181,genomic,7,770,4,2.823852171548554e-12,0.005194805194805195,0.0020219574690050306,0.013280219334419372,7.328616746223751e-14,1.850615509719209e-11
NON FIBROTIC ILA ADJUDICATED,10,1958691181,genomic,8,769,6,4.57614213597841e-09,0.007802340702210663,0.003580646807040671,0.016917035660547395,1.8565062401054103e-11,4.3203192246813167e-08
NON FIBROTIC ILA ADJUDICATED,10,1958691181,genomic,9,770,7,0.20000770272178164,0.00909090909090909,0.004410478976495486,0.01864522399383109,4.4116111615630496e-08,1.0
NON FIBROTIC ILA ADJUDICATED,10,1958691181,combined,0,770,0,0.008680133021683885,0.0,0.0,0.004964141914221508,0.005329127797010263,0.00997270330580831
NON FIBROTIC ILA ADJUDICATED,10,1958691181,combined,1,769,0,0.010922768552983755,0.0,0.0,0.004970565148712315,0.00997577836542399,0.011858925681731738
NON FIBROTIC ILA ADJUDICATED,10,1958691181,combined,2,770,1,0.012849551802556885,0.0012987012987012987,0.00022928946639889794,0.007319361170123334,0.011859286592810762,0.013929618642274806
NON FIBROTIC ILA ADJUDICATED,10,1958691181,combined,3,769,3,0.01540889125376327,0.0039011703511053317,0.001327618000260774,0.011406505807889416,0.01392969312808485,0.017222166984739714
NON FIBROTIC ILA ADJUDICATED,10,1958691181,combined,4,770,2,0.02114684980311069,0.0025974025974025974,0.0007125907061236786,0.009420568652699277,0.01726257332403725,0.026381170430563962
NON FIBROTIC ILA ADJUDICATED,10,1958691181,combined,5,769,3,0.03446455488017583,0.0039011703511053317,0.001327618000260774,0.011406505807889416,0.02638335752345101,0.043482823211773124
NON FIBROTIC ILA ADJUDICATED,10,1958691181,combined,6,769,6,0.056857714341202854,0.007802340702210663,0.003580646807040671,0.016917035660547395,0.043513791186221035,0.0748488007793991
NON FIBROTIC ILA ADJUDICATED,10,1958691181,combined,7,770,8,0.0954931478707582,0.01038961038961039,0.005273784940225151,0.020366426752402144,0.07499885615399204,0.11631323345892133
NON FIBROTIC ILA ADJUDICATED,10,1958691181,combined,8,769,12,0.14008189830017398,0.015604681404421327,0.008948690331271528,0.027076109455192295,0.1163504953280843,0.16698428517649003
NON FIBROTIC ILA ADJUDICATED,10,1958691181,combined,9,770,9,0.2188773636399494,0.011688311688311689,0.006161243000312308,0.022063477414615715,0.16710623375415168,0.6270337456152256
NON FIBROTIC ILA ADJUDICATED,11,311969396,zebra,0,770,0,0.23189024211806114,0.0,0.0,0.004964141914221508,0.11052533634471677,0.26079868222778724
NON FIBROTIC ILA ADJUDICATED,11,311969396,zebra,1,769,0,0.284914488178359,0.0,0.0,0.004970565148712315,0.260816983501809,0.3094015720802739
NON FIBROTIC ILA ADJUDICATED,11,311969396,zebra,2,770,0,0.33974586718861244,0.0,0.0,0.004964141914221508,0.30949990577912817,0.3724696988576875
NON FIBROTIC ILA ADJUDICATED,11,311969396,zebra,3,769,0,0.4075654428722707,0.0,0.0,0.004970565148712315,0.37247377897948036,0.44448296297374135
NON FIBROTIC ILA ADJUDICATED,11,311969396,zebra,4,770,3,0.4908201670407205,0.003896103896103896,0.0013258926936253902,0.011391775387498288,0.4445051068049796,0.5425677717168197
NON FIBROTIC ILA ADJUDICATED,11,311969396,zebra,5,769,3,0.6033915577834216,0.0039011703511053317,0.001327618000260774,0.011406505807889416,0.54256875758474,0.6660719586266501
NON FIBROTIC ILA ADJUDICATED,11,311969396,zebra,6,769,7,0.7316368724258584,0.009102730819245773,0.004416223152723785,0.01866931220134357,0.6662717204623677,0.7905015192149166
NON FIBROTIC ILA ADJUDICATED,11,311969396,zebra,7,770,2,0.8462629913951836,0.0025974025974025974,0.0007125907061236786,0.009420568652699277,0.7906546756562879,0.8995976361619833
NON FIBROTIC ILA ADJUDICATED,11,311969396,zebra,8,769,9,0.9494057379266854,0.011703511053315995,0.006169270449727107,0.022091970677298834,0.8996621190560748,0.986141626383502
NON FIBROTIC ILA ADJUDICATED,11,311969396,zebra,9,770,20,0.9966561022262113,0.025974025974025976,0.016876091691355087,0.03977822466888089,0.9861695889495969,1.0
NON FIBROTIC ILA ADJUDICATED,11,311969396,genomic,0,770,5,0.0066015461876193565,0.006493506493506494,0.0027767335367897463,0.01510995198893538,0.0038663309487172596,0.008093531572546815
NON FIBROTIC ILA ADJUDICATED,11,311969396,genomic,1,769,6,0.009330128980754035,0.007802340702210663,0.003580646807040671,0.016917035660547395,0.008093964862361344,0.010553493352546881
NON FIBROTIC ILA ADJUDICATED,11,311969396,genomic,2,770,6,0.011729132277630127,0.007792207792207792,0.0035759904186376326,0.016895203829388215,0.010555318519051945,0.01300905540580928
NON FIBROTIC ILA ADJUDICATED,11,311969396,genomic,3,769,4,0.014516976401769039,0.005201560468140442,0.0020245891497467933,0.013297387544882687,0.013010189429192501,0.016164207548769346
NON FIBROTIC ILA ADJUDICATED,11,311969396,genomic,4,770,4,0.018163995902389277,0.005194805194805195,0.0020219574690050306,0.013280219334419372,0.016164836680616884,0.02037232247856489
NON FIBROTIC ILA ADJUDICATED,11,311969396,genomic,5,769,4,0.02346074513759933,0.005201560468140442,0.0020245891497467933,0.013297387544882687,0.02038064404346519,0.02714425084710947
NON FIBROTIC ILA ADJUDICATED,11,311969396,genomic,6,769,6,0.03258067143160151,0.007802340702210663,0.003580646807040671,0.016917035660547395,0.02714638971859707,0.03975828600771937
NON FIBROTIC ILA ADJUDICATED,11,311969396,genomic,7,770,3,0.05042688145836562,0.003896103896103896,0.0013258926936253902,0.011391775387498288,0.039760142464164816,0.06299247158784434
NON FIBROTIC ILA ADJUDICATED,11,311969396,genomic,8,769,1,0.08001096232494392,0.0013003901170351106,0.0002295876800841234,0.007328830355107483,0.06299578118539198,0.09999114881187268
NON FIBROTIC ILA ADJUDICATED,11,311969396,genomic,9,770,5,0.16228363591773112,0.006493506493506494,0.0027767335367897463,0.01510995198893538,0.09999568014055447,0.5460234432271749
NON FIBROTIC ILA ADJUDICATED,11,311969396,combined,0,770,2,0.002809953525018968,0.0025974025974025974,0.0007125907061236786,0.009420568652699277,0.0009432325729099738,0.003998670895357018
NON FIBROTIC ILA ADJUDICATED,11,311969396,combined,1,769,0,0.0052911899713639085,0.0,0.0,0.004970565148712315,0.004000115841041244,0.006625853404525809
NON FIBROTIC ILA ADJUDICATED,11,311969396,combined,2,770,5,0.00849834400161681,0.006493506493506494,0.0027767335367897463,0.01510995198893538,0.0066274034492502685,0.010543887242409768
NON FIBROTIC ILA ADJUDICATED,11,311969396,combined,3,769,0,0.013160946890487846,0.0,0.0,0.004970565148712315,0.010551207494802846,0.016080090104784717
NON FIBROTIC ILA ADJUDICATED,11,311969396,combined,4,770,1,0.019834470746599577,0.0012987012987012987,0.00022928946639889794,0.007319361170123334,0.01608361792826842,0.024380115417880387
NON FIBROTIC ILA ADJUDICATED,11,311969396,combined,5,769,1,0.030449794634283087,0.0013003901170351106,0.0002295876800841234,0.007328830355107483,0.024385462203685992,0.03785893276987293
NON FIBROTIC ILA ADJUDICATED,11,311969396,combined,6,769,4,0.047579608508566115,0.005201560468140442,0.0020245891497467933,0.013297387544882687,0.03786938111958014,0.059087519190191395
NON FIBROTIC ILA ADJUDICATED,11,311969396,combined,7,770,13,0.07847274079983257,0.016883116883116882,0.009892721428977881,0.028670033875153024,0.05911291671325563,0.10695664350240254
NON FIBROTIC ILA ADJUDICATED,11,311969396,combined,8,769,10,0.15916913357405674,0.013003901170351105,0.007078545900378475,0.023770548113126753,0.10708808686710056,0.22941588075365432
NON FIBROTIC ILA ADJUDICATED,11,311969396,combined,9,770,8,0.40324910919774754,0.01038961038961039,0.005273784940225151,0.020366426752402144,0.22970587633534822,0.8215054304301156
NON FIBROTIC ILA ADJUDICATED,12,425883930,zebra,0,770,0,0.23268490433833483,0.0,0.0,0.004964141914221508,0.11693488945217027,0.26204427209140113
NON FIBROTIC ILA ADJUDICATED,12,425883930,zebra,1,769,1,0.28703974826024253,0.0013003901170351106,0.0002295876800841234,0.007328830355107483,0.2620496868382658,0.3124457080547297
NON FIBROTIC ILA ADJUDICATED,12,425883930,zebra,2,770,0,0.34200996201959244,0.0,0.0,0.004964141914221508,0.31251658157875567,0.3743705076767218
NON FIBROTIC ILA ADJUDICATED,12,425883930,zebra,3,769,0,0.4094542374088984,0.0,0.0,0.004970565148712315,0.37442960866501057,0.4476054105974062
NON FIBROTIC ILA ADJUDICATED,12,425883930,zebra,4,770,5,0.4909761115345632,0.006493506493506494,0.0027767335367897463,0.01510995198893538,0.44767399523801377,0.541323502105738
NON FIBROTIC ILA ADJUDICATED,12,425883930,zebra,5,769,3,0.6012839953909688,0.0039011703511053317,0.001327618000260774,0.011406505807889416,0.5414675277818876,0.6624211874553052
NON FIBROTIC ILA ADJUDICATED,12,425883930,zebra,6,769,6,0.7296198902015181,0.007802340702210663,0.003580646807040671,0.016917035660547395,0.6627623675653367,0.7896104572464939
NON FIBROTIC ILA ADJUDICATED,12,425883930,zebra,7,770,2,0.8441028809114074,0.0025974025974025974,0.0007125907061236786,0.009420568652699277,0.7896947460373092,0.8994346917346799
NON FIBROTIC ILA ADJUDICATED,12,425883930,zebra,8,769,9,0.9504377691604116,0.011703511053315995,0.006169270449727107,0.022091970677298834,0.8995130441101881,0.985485854363619
NON FIBROTIC ILA ADJUDICATED,12,425883930,zebra,9,770,18,0.9963770323077358,0.023376623376623377,0.014837136266102694,0.036648162649531836,0.9855166302275155,1.0
NON FIBROTIC ILA ADJUDICATED,12,425883930,genomic,0,770,5,0.0,0.006493506493506494,0.0027767335367897463,0.01510995198893538,0.0,0.0
NON FIBROTIC ILA ADJUDICATED,12,425883930,genomic,1,769,4,0.0,0.005201560468140442,0.0020245891497467933,0.013297387544882687,0.0,0.0
NON FIBROTIC ILA ADJUDICATED,12,425883930,genomic,2,770,4,0.0,0.005194805194805195,0.0020219574690050306,0.013280219334419372,0.0,0.0
NON FIBROTIC ILA ADJUDICATED,12,425883930,genomic,3,769,5,0.0,0.006501950585175552,0.002780348414515579,0.015129481166593194,0.0,0.0
NON FIBROTIC ILA ADJUDICATED,12,425883930,genomic,4,770,5,0.0,0.006493506493506494,0.0027767335367897463,0.01510995198893538,0.0,0.0
NON FIBROTIC ILA ADJUDICATED,12,425883930,genomic,5,769,4,0.0,0.005201560468140442,0.0020245891497467933,0.013297387544882687,0.0,0.0
NON FIBROTIC ILA ADJUDICATED,12,425883930,genomic,6,769,4,0.0,0.005201560468140442,0.0020245891497467933,0.013297387544882687,0.0,0.0
NON FIBROTIC ILA ADJUDICATED,12,425883930,genomic,7,770,5,1.2304503431534048e-226,0.006493506493506494,0.0027767335367897463,0.01510995198893538,0.0,2.537033903061162e-224
NON FIBROTIC ILA ADJUDICATED,12,425883930,genomic,8,769,4,0.15656435589156606,0.005201560468140442,0.0020245891497467933,0.013297387544882687,4.686267339698561e-224,1.0
NON FIBROTIC ILA ADJUDICATED,12,425883930,genomic,9,770,4,1.0,0.005194805194805195,0.0020219574690050306,0.013280219334419372,1.0,1.0
NON FIBROTIC ILA ADJUDICATED,12,425883930,combined,0,770,1,0.0059490845220753095,0.0012987012987012987,0.00022928946639889794,0.007319361170123334,0.003178382464182255,0.007193649842476462
NON FIBROTIC ILA ADJUDICATED,12,425883930,combined,1,769,4,0.008123946839773947,0.005201560468140442,0.0020245891497467933,0.013297387544882687,0.007198882129217573,0.00901036537251747
NON FIBROTIC ILA ADJUDICATED,12,425883930,combined,2,770,0,0.01003441166870527,0.0,0.0,0.004964141914221508,0.00901712668893209,0.01110427374232866
NON FIBROTIC ILA ADJUDICATED,12,425883930,combined,3,769,0,0.012326423716822866,0.0,0.0,0.004970565148712315,0.011105194492801413,0.013873009530116267
NON FIBROTIC ILA ADJUDICATED,12,425883930,combined,4,770,0,0.016640726999568298,0.0,0.0,0.004964141914221508,0.013877692008433504,0.02105264877366209
NON FIBROTIC ILA ADJUDICATED,12,425883930,combined,5,769,5,0.029784477005309874,0.006501950585175552,0.002780348414515579,0.015129481166593194,0.021064721890524586,0.04020587333419229
NON FIBROTIC ILA ADJUDICATED,12,425883930,combined,6,769,6,0.0587773883627365,0.007802340702210663,0.003580646807040671,0.016917035660547395,0.04021120431247357,0.08483973394594202
NON FIBROTIC ILA ADJUDICATED,12,425883930,combined,7,770,6,0.12206656509476096,0.007792207792207792,0.0035759904186376326,0.016895203829388215,0.08492421336923371,0.1645046338593194
NON FIBROTIC ILA ADJUDICATED,12,425883930,combined,8,769,6,0.2202053744757027,0.007802340702210663,0.003580646807040671,0.016917035660547395,0.16459984982021147,0.2918998619257163
NON FIBROTIC ILA ADJUDICATED,12,425883930,combined,9,770,16,0.4227178183617725,0.02077922077922078,0.012830175613871217,0.033486105857161864,0.29224375460434665,0.5968242101611944
NON FIBROTIC ILA ADJUDICATED,13,1669951454,zebra,0,770,0,0.2320583518886535,0.0,0.0,0.004964141914221508,0.11693488945217027,0.2606748348571001
NON FIBROTIC ILA ADJUDICATED,13,1669951454,zebra,1,769,0,0.2862726436415673,0.0,0.0,0.004970565148712315,0.260739023049146,0.31340420890218285
NON FIBROTIC ILA ADJUDICATED,13,1669951454,zebra,2,770,0,0.34519480263131536,0.0,0.0,0.004964141914221508,0.3134172517546153,0.377684433290741
NON FIBROTIC ILA ADJUDICATED,13,1669951454,zebra,3,769,0,0.4138996615763979,0.0,0.0,0.004970565148712315,0.3777576836933187,0.4510924821872229
NON FIBROTIC ILA ADJUDICATED,13,1669951454,zebra,4,770,2,0.49637181471228126,0.0025974025974025974,0.0007125907061236786,0.009420568652699277,0.4511252383076932,0.5463347825588131
NON FIBROTIC ILA ADJUDICATED,13,1669951454,zebra,5,769,3,0.6078755610829653,0.0039011703511053317,0.001327618000260774,0.011406505807889416,0.5465039430341929,0.670885500186124
NON FIBROTIC ILA ADJUDICATED,13,1669951454,zebra,6,769,5,0.7370485488172045,0.006501950585175552,0.002780348414515579,0.015129481166593194,0.6710941022044679,0.79652570780293
NON FIBROTIC ILA ADJUDICATED,13,1669951454,zebra,7,770,3,0.8485819412139926,0.003896103896103896,0.0013258926936253902,0.011391775387498288,0.7965488582068666,0.898678320073587
NON FIBROTIC ILA ADJUDICATED,13,1669951454,zebra,8,769,8,0.9491976873424204,0.010403120936280884,0.005280654829476248,0.0203927334110704,0.8988500780327903,0.9849777659955009
NON FIBROTIC ILA ADJUDICATED,13,1669951454,zebra,9,770,23,0.9964537015358574,0.02987012987012987,0.01998520545069876,0.044422637076439384,0.9850493943061087,1.0
NON FIBROTIC ILA ADJUDICATED,13,1669951454,genomic,0,770,6,4.457002618525259e-07,0.007792207792207792,0.0035759904186376326,0.016895203829388215,5.095878927712124e-10,1.2328509685663077e-06
NON FIBROTIC ILA ADJUDICATED,13,1669951454,genomic,1,769,7,3.6609509901481436e-06,0.009102730819245773,0.004416223152723785,0.01866931220134357,1.2330937534719759e-06,7.978642244484803e-06
NON FIBROTIC ILA ADJUDICATED,13,1669951454,genomic,2,770,4,3.2526767555633384e-05,0.005194805194805195,0.0020219574690050306,0.013280219334419372,8.049598029065745e-06,9.670395222962044e-05
NON FIBROTIC ILA ADJUDICATED,13,1669951454,genomic,3,769,1,0.00034221166505721815,0.0013003901170351106,0.0002295876800841234,0.007328830355107483,9.678766344935484e-05,0.000682810326026042
NON FIBROTIC ILA ADJUDICATED,13,1669951454,genomic,4,770,2,0.001279881422173391,0.0025974025974025974,0.0007125907061236786,0.009420568652699277,0.0006848168038875487,0.0020212670204928077
NON FIBROTIC ILA ADJUDICATED,13,1669951454,genomic,5,769,1,0.0031623226521291024,0.0013003901170351106,0.0002295876800841234,0.007328830355107483,0.002023451804247628,0.00469614394885753
NON FIBROTIC ILA ADJUDICATED,13,1669951454,genomic,6,769,5,0.006960260781425588,0.006501950585175552,0.002780348414515579,0.015129481166593194,0.0046974320989777866,0.01005635627207859
NON FIBROTIC ILA ADJUDICATED,13,1669951454,genomic,7,770,10,0.01538769136832021,0.012987012987012988,0.007069333631553706,0.02373989550567504,0.010068357850209498,0.022672298588433504
NON FIBROTIC ILA ADJUDICATED,13,1669951454,genomic,8,769,3,0.0374775812335642,0.0039011703511053317,0.001327618000260774,0.011406505807889416,0.022749125151051406,0.06041563693592592
NON FIBROTIC ILA ADJUDICATED,13,1669951454,genomic,9,770,5,0.1868569261499707,0.006493506493506494,0.0027767335367897463,0.01510995198893538,0.060778430721919664,0.8887979760250638
NON FIBROTIC ILA ADJUDICATED,13,1669951454,combined,0,770,0,0.0010504559007558651,0.0,0.0,0.004964141914221508,0.0008150265641051979,0.001175401456802107
NON FIBROTIC ILA ADJUDICATED,13,1669951454,combined,1,769,0,0.0012987822915610373,0.0,0.0,0.004970565148712315,0.001175656913044686,0.0014331892988321084
NON FIBROTIC ILA ADJUDICATED,13,1669951454,combined,2,770,0,0.001589315595637616,0.0,0.0,0.004964141914221508,0.00143335391279705,0.0017834536203174224
NON FIBROTIC ILA ADJUDICATED,13,1669951454,combined,3,769,0,0.0023092822160508323,0.0,0.0,0.004970565148712315,0.0017850829499629424,0.0031099531333493888
NON FIBROTIC ILA ADJUDICATED,13,1669951454,combined,4,770,4,0.004170141513512965,0.005194805194805195,0.0020219574690050306,0.013280219334419372,0.003113491383879532,0.005164842293194957
NON FIBROTIC ILA ADJUDICATED,13,1669951454,combined,5,769,5,0.006372574370916407,0.006501950585175552,0.002780348414515579,0.015129481166593194,0.005169581001555127,0.007743098357051758
NON FIBROTIC ILA ADJUDICATED,13,1669951454,combined,6,769,4,0.009607766476973423,0.005201560468140442,0.0020245891497467933,0.013297387544882687,0.007750286985885382,0.011789574300904155
NON FIBROTIC ILA ADJUDICATED,13,1669951454,combined,7,770,4,0.01547514126301569,0.005194805194805195,0.0020219574690050306,0.013280219334419372,0.01179878225965594,0.020477747543902716
NON FIBROTIC ILA ADJUDICATED,13,1669951454,combined,8,769,8,0.029712702981833,0.010403120936280884,0.005280654829476248,0.0203927334110704,0.020496655214672317,0.043859472579109375
NON FIBROTIC ILA ADJUDICATED,13,1669951454,combined,9,770,19,0.10870249178702235,0.024675324675324677,0.015852913748522608,0.03821689388941264,0.04389072721749299,0.5304097017559838
NON FIBROTIC ILA ADJUDICATED,14,921838163,zebra,0,770,0,0.23256956214210617,0.0,0.0,0.004964141914221508,0.11893743948205666,0.2612387411577535
NON FIBROTIC ILA ADJUDICATED,14,921838163,zebra,1,769,1,0.2879002089163159,0.0013003901170351106,0.0002295876800841234,0.007328830355107483,0.2612672167631389,0.31356746728511165
NON FIBROTIC ILA ADJUDICATED,14,921838163,zebra,2,770,0,0.34366769085611926,0.0,0.0,0.004964141914221508,0.3136785307331101,0.37642268181506194
NON FIBROTIC ILA ADJUDICATED,14,921838163,zebra,3,769,0,0.412050993697013,0.0,0.0,0.004970565148712315,0.3764296412545548,0.44919589166398927
NON FIBROTIC ILA ADJUDICATED,14,921838163,zebra,4,770,0,0.49550467961626987,0.0,0.0,0.004964141914221508,0.4492273624574113,0.5489087371452143
NON FIBROTIC ILA ADJUDICATED,14,921838163,zebra,5,769,2,0.6109262221964615,0.002600780234070221,0.0007135177289523901,0.009432753192718508,0.5492421374480195,0.6725739313602688
NON FIBROTIC ILA ADJUDICATED,14,921838163,zebra,6,769,6,0.7378812634093884,0.007802340702210663,0.003580646807040671,0.016917035660547395,0.6726708815268825,0.7931774164190927
NON FIBROTIC ILA ADJUDICATED,14,921838163,zebra,7,770,3,0.8469520266631039,0.003896103896103896,0.0013258926936253902,0.011391775387498288,0.7932433714207565,0.9005135956656438
NON FIBROTIC ILA ADJUDICATED,14,921838163,zebra,8,769,10,0.952769133744534,0.013003901170351105,0.007078545900378475,0.023770548113126753,0.900531782719916,0.9866507123571717
NON FIBROTIC ILA ADJUDICATED,14,921838163,zebra,9,770,22,0.9967110100372585,0.02857142857142857,0.018942666074440347,0.04288066773039707,0.9866710311229844,1.0
NON FIBROTIC ILA ADJUDICATED,14,921838163,genomic,0,770,8,6.908590361000888e-07,0.01038961038961039,0.005273784940225151,0.020366426752402144,2.2537210036245585e-09,1.6153528881815903e-06
NON FIBROTIC ILA ADJUDICATED,14,921838163,genomic,1,769,1,3.3454537845253896e-06,0.0013003901170351106,0.0002295876800841234,0.007328830355107483,1.6158904425396846e-06,5.668848856729125e-06
NON FIBROTIC ILA ADJUDICATED,14,921838163,genomic,2,770,4,9.565319066512315e-06,0.005194805194805195,0.0020219574690050306,0.013280219334419372,5.671624440983796e-06,1.4846531241034004e-05
NON FIBROTIC ILA ADJUDICATED,14,921838163,genomic,3,769,4,2.4111411693481836e-05,0.005201560468140442,0.0020245891497467933,0.013297387544882687,1.4915876887073875e-05,3.719499625227036e-05
NON FIBROTIC ILA ADJUDICATED,14,921838163,genomic,4,770,3,5.903411968934509e-05,0.003896103896103896,0.0013258926936253902,0.011391775387498288,3.72015458366656e-05,8.756379739333081e-05
NON FIBROTIC ILA ADJUDICATED,14,921838163,genomic,5,769,3,0.0001476119190974848,0.0039011703511053317,0.001327618000260774,0.011406505807889416,8.759564633997756e-05,0.000233015840485579
NON FIBROTIC ILA ADJUDICATED,14,921838163,genomic,6,769,5,0.0004320465861259181,0.006501950585175552,0.002780348414515579,0.015129481166593194,0.00023332190188096464,0.0007256147300741308
NON FIBROTIC ILA ADJUDICATED,14,921838163,genomic,7,770,5,0.0013461618795182146,0.006493506493506494,0.0027767335367897463,0.01510995198893538,0.0007262284638691899,0.0022948803265151717
NON FIBROTIC ILA ADJUDICATED,14,921838163,genomic,8,769,6,0.004970580329984179,0.007802340702210663,0.003580646807040671,0.016917035660547395,0.0022981608916759675,0.009565314220771044
NON FIBROTIC ILA ADJUDICATED,14,921838163,genomic,9,770,5,0.05988969515367682,0.006493506493506494,0.0027767335367897463,0.01510995198893538,0.009578244975194793,0.8249855421850951
NON FIBROTIC ILA ADJUDICATED,14,921838163,combined,0,770,0,0.0062924081933205585,0.0,0.0,0.004964141914221508,0.001962971640165353,0.008885440565934414
NON FIBROTIC ILA ADJUDICATED,14,921838163,combined,1,769,0,0.011210389312621973,0.0,0.0,0.004970565148712315,0.008898692577566697,0.01379063529070463
NON FIBROTIC ILA ADJUDICATED,14,921838163,combined,2,770,1,0.017283679183308018,0.0012987012987012987,0.00022928946639889794,0.007319361170123334,0.013799789266500205,0.021449060191021288
NON FIBROTIC ILA ADJUDICATED,14,921838163,combined,3,769,1,0.026998294447697427,0.0013003901170351106,0.0002295876800841234,0.007328830355107483,0.021455176923881263,0.03415285043214422
NON FIBROTIC ILA ADJUDICATED,14,921838163,combined,4,770,4,0.04498629322778194,0.005194805194805195,0.0020219574690050306,0.013280219334419372,0.034198980200501494,0.05739971304108483
NON FIBROTIC ILA ADJUDICATED,14,921838163,combined,5,769,1,0.07266375565863208,0.0013003901170351106,0.0002295876800841234,0.007328830355107483,0.05744953095855023,0.0880879311808872
NON FIBROTIC ILA ADJUDICATED,14,921838163,combined,6,769,4,0.10830887561301208,0.005201560468140442,0.0020245891497467933,0.013297387544882687,0.0881069146256688,0.1297508211492608
NON FIBROTIC ILA ADJUDICATED,14,921838163,combined,7,770,12,0.156147902853919,0.015584415584415584,0.008937040176158829,0.027041206405671363,0.12998246366444857,0.18709958934069706
NON FIBROTIC ILA ADJUDICATED,14,921838163,combined,8,769,7,0.22857352464355746,0.009102730819245773,0.004416223152723785,0.01866931220134357,0.1871106446032332,0.2812126807819499
NON FIBROTIC ILA ADJUDICATED,14,921838163,combined,9,770,14,0.383184873553229,0.01818181818181818,0.010860915582275707,0.030286348444155925,0.28123146102067603,0.7275520203151166
NON FIBROTIC ILA ADJUDICATED,15,1097924242,zebra,0,770,0,0.2322118228668816,0.0,0.0,0.004964141914221508,0.11693488945217027,0.2595342312515357
NON FIBROTIC ILA ADJUDICATED,15,1097924242,zebra,1,769,1,0.284935554404856,0.0013003901170351106,0.0002295876800841234,0.007328830355107483,0.2595377195273793,0.3103973802089924
NON FIBROTIC ILA ADJUDICATED,15,1097924242,zebra,2,770,0,0.3403666176984862,0.0,0.0,0.004964141914221508,0.31044486610500327,0.3729807235971536
NON FIBROTIC ILA ADJUDICATED,15,1097924242,zebra,3,769,0,0.4097596075531738,0.0,0.0,0.004970565148712315,0.37318045080654094,0.4467701350760617
NON FIBROTIC ILA ADJUDICATED,15,1097924242,zebra,4,770,4,0.49072570149608424,0.005194805194805195,0.0020219574690050306,0.013280219334419372,0.4469084238668026,0.5404581129876334
NON FIBROTIC ILA ADJUDICATED,15,1097924242,zebra,5,769,2,0.6008356713938291,0.002600780234070221,0.0007135177289523901,0.009432753192718508,0.5405732793825522,0.6623843890260755
NON FIBROTIC ILA ADJUDICATED,15,1097924242,zebra,6,769,3,0.7267595550242125,0.0039011703511053317,0.001327618000260774,0.011406505807889416,0.6624211874553052,0.7878936645699718
NON FIBROTIC ILA ADJUDICATED,15,1097924242,zebra,7,770,5,0.843444698041433,0.006493506493506494,0.0027767335367897463,0.01510995198893538,0.7878968031994966,0.8981981904698892
NON FIBROTIC ILA ADJUDICATED,15,1097924242,zebra,8,769,10,0.9501430057999971,0.013003901170351105,0.007078545900378475,0.023770548113126753,0.8982626651812129,0.9859988523659691
NON FIBROTIC ILA ADJUDICATED,15,1097924242,zebra,9,770,19,0.9964316202727231,0.024675324675324677,0.015852913748522608,0.03821689388941264,0.9860089016090301,1.0
NON FIBROTIC ILA ADJUDICATED,15,1097924242,genomic,0,770,7,1.447428648035406e-06,0.00909090909090909,0.004410478976495486,0.01864522399383109,3.192022541983608e-08,3.477292520539492e-06
NON FIBROTIC ILA ADJUDICATED,15,1097924242,genomic,1,769,4,7.613087816625071e-06,0.005201560468140442,0.0020245891497467933,0.013297387544882687,3.4875147426654206e-06,1.3365308929193057e-05
NON FIBROTIC ILA ADJUDICATED,15,1097924242,genomic,2,770,6,2.2798026028068875e-05,0.007792207792207792,0.0035759904186376326,0.016895203829388215,1.3375955523534585e-05,3.6226133188567205e-05
NON FIBROTIC ILA ADJUDICATED,15,1097924242,genomic,3,769,5,5.9389541980486095e-05,0.006501950585175552,0.002780348414515579,0.015129481166593194,3.622663438441763e-05,8.991304276185422e-05
NON FIBROTIC ILA ADJUDICATED,15,1097924242,genomic,4,770,5,0.0001410441363003633,0.006493506493506494,0.0027767335367897463,0.01510995198893538,9.013394226761742e-05,0.00021132608424675556
NON FIBROTIC ILA ADJUDICATED,15,1097924242,genomic,5,769,3,0.0003342325128123469,0.0039011703511053317,0.001327618000260774,0.011406505807889416,0.00021134932586124318,0.0004976296641978617
NON FIBROTIC ILA ADJUDICATED,15,1097924242,genomic,6,769,4,0.0008438046504097028,0.005201560468140442,0.0020245891497467933,0.013297387544882687,0.0004984630553852102,0.001285792105685693
NON FIBROTIC ILA ADJUDICATED,15,1097924242,genomic,7,770,1,0.002223700346108451,0.0012987012987012987,0.00022928946639889794,0.007319361170123334,0.0012882840153623518,0.0035948911747756655
NON FIBROTIC ILA ADJUDICATED,15,1097924242,genomic,8,769,5,0.0074169817511534585,0.006501950585175552,0.002780348414515579,0.015129481166593194,0.0036036971858143395,0.013930619460460916
NON FIBROTIC ILA ADJUDICATED,15,1097924242,genomic,9,770,4,0.10507520429979085,0.005194805194805195,0.0020219574690050306,0.013280219334419372,0.013936647153598452,0.9921014074826998
NON FIBROTIC ILA ADJUDICATED,15,1097924242,combined,0,770,0,0.005541709037387828,0.0,0.0,0.004964141914221508,0.0026847557249007952,0.006746733009909073
NON FIBROTIC ILA ADJUDICATED,15,1097924242,combined,1,769,2,0.007769256395923312,0.002600780234070221,0.0007135177289523901,0.009432753192718508,0.0067477726578620756,0.008750860550173404
NON FIBROTIC ILA ADJUDICATED,15,1097924242,combined,2,770,1,0.009831926739354784,0.0012987012987012987,0.00022928946639889794,0.007319361170123334,0.008752894363381745,0.010928737130759794
NON FIBROTIC ILA ADJUDICATED,15,1097924242,combined,3,769,0,0.01235884331709168,0.0,0.0,0.004970565148712315,0.010928855596535295,0.014007700175225108
NON FIBROTIC ILA ADJUDICATED,15,1097924242,combined,4,770,3,0.016208716358685715,0.003896103896103896,0.0013258926936253902,0.011391775387498288,0.014011366722380387,0.01880111399484294
NON FIBROTIC ILA ADJUDICATED,15,1097924242,combined,5,769,3,0.022942823714721033,0.0039011703511053317,0.001327618000260774,0.011406505807889416,0.018804040008222018,0.02818909514686785
NON FIBROTIC ILA ADJUDICATED,15,1097924242,combined,6,769,7,0.03683333097187846,0.009102730819245773,0.004416223152723785,0.01866931220134357,0.028201798565186512,0.04661314652532462
NON FIBROTIC ILA ADJUDICATED,15,1097924242,combined,7,770,6,0.058727531465078996,0.007792207792207792,0.0035759904186376326,0.016895203829388215,0.046630477941737414,0.0735484161173677
NON FIBROTIC ILA ADJUDICATED,15,1097924242,combined,8,769,6,0.09281216986956119,0.007802340702210663,0.003580646807040671,0.016917035660547395,0.07365858291437871,0.11732281038864663
NON FIBROTIC ILA ADJUDICATED,15,1097924242,combined,9,770,16,0.18846254902564338,0.02077922077922078,0.012830175613871217,0.033486105857161864,0.117431548134188,0.6017358941946694
NON FIBROTIC ILA ADJUDICATED,16,1277463552,zebra,0,770,0,0.23232233220246348,0.0,0.0,0.004964141914221508,0.11052533634471677,0.26325889448435086
NON FIBROTIC ILA ADJUDICATED,16,1277463552,zebra,1,769,1,0.28796758563894215,0.0013003901170351106,0.0002295876800841234,0.007328830355107483,0.2632649879309582,0.31291398691300093
NON FIBROTIC ILA ADJUDICATED,16,1277463552,zebra,2,770,0,0.342994200060135,0.0,0.0,0.004964141914221508,0.3130216655048263,0.37623856999212185
NON FIBROTIC ILA ADJUDICATED,16,1277463552,zebra,3,769,0,0.4124540592705203,0.0,0.0,0.004970565148712315,0.3762924089016528,0.4490266141978036
NON FIBROTIC ILA ADJUDICATED,16,1277463552,zebra,4,770,3,0.4933415142386981,0.003896103896103896,0.0013258926936253902,0.011391775387498288,0.44907869130306804,0.5425099846580176
NON FIBROTIC ILA ADJUDICATED,16,1277463552,zebra,5,769,3,0.6033440391185994,0.0039011703511053317,0.001327618000260774,0.011406505807889416,0.5425467058335705,0.6652446793833273
NON FIBROTIC ILA ADJUDICATED,16,1277463552,zebra,6,769,3,0.7319706034821195,0.0039011703511053317,0.001327618000260774,0.011406505807889416,0.6653217800268115,0.7921103357490558
NON FIBROTIC ILA ADJUDICATED,16,1277463552,zebra,7,770,4,0.8482522847870212,0.005194805194805195,0.0020219574690050306,0.013280219334419372,0.7921354450694238,0.9001264789018816
NON FIBROTIC ILA ADJUDICATED,16,1277463552,zebra,8,769,9,0.9509866533574708,0.011703511053315995,0.006169270449727107,0.022091970677298834,0.9001362981113881,0.9862464078157572
NON FIBROTIC ILA ADJUDICATED,16,1277463552,zebra,9,770,21,0.9967232118063246,0.02727272727272727,0.017906160074157684,0.04133266500837901,0.9863920183099711,1.0
NON FIBROTIC ILA ADJUDICATED,16,1277463552,genomic,0,770,5,0.00015328231305911,0.006493506493506494,0.0027767335367897463,0.01510995198893538,0.00012980809641898304,0.00016926993339225346
NON FIBROTIC ILA ADJUDICATED,16,1277463552,genomic,1,769,7,0.0001803042437825129,0.009102730819245773,0.004416223152723785,0.01866931220134357,0.00016927696143780046,0.00019262307836670364
NON FIBROTIC ILA ADJUDICATED,16,1277463552,genomic,2,770,5,0.00020738005324282373,0.006493506493506494,0.0027767335367897463,0.01510995198893538,0.0001926278726485566,0.00022323611098386584
NON FIBROTIC ILA ADJUDICATED,16,1277463552,genomic,3,769,5,0.0002420370918999582,0.006501950585175552,0.002780348414515579,0.015129481166593194,0.00022324349166325812,0.0002623078679276046
NON FIBROTIC ILA ADJUDICATED,16,1277463552,genomic,4,770,3,0.0002914448056057838,0.003896103896103896,0.0013258926936253902,0.011391775387498288,0.0002623195873855883,0.00032692281256269107
NON FIBROTIC ILA ADJUDICATED,16,1277463552,genomic,5,769,5,0.0004013403694410468,0.006501950585175552,0.002780348414515579,0.015129481166593194,0.00032696072216637883,0.0005308153924594828
NON FIBROTIC ILA ADJUDICATED,16,1277463552,genomic,6,769,0,0.04232975112831959,0.0,0.0,0.004970565148712315,0.0005309030860235121,0.06622384207132498
NON FIBROTIC ILA ADJUDICATED,16,1277463552,genomic,7,770,5,0.07440575869114664,0.006493506493506494,0.0027767335367897463,0.01510995198893538,0.06623519377535701,0.08266820171230059
NON FIBROTIC ILA ADJUDICATED,16,1277463552,genomic,8,769,5,0.09470085612258827,0.006501950585175552,0.002780348414515579,0.015129481166593194,0.0826793251830316,0.10983625774292703
NON FIBROTIC ILA ADJUDICATED,16,1277463552,genomic,9,770,4,0.15830090647649078,0.005194805194805195,0.0020219574690050306,0.013280219334419372,0.1098875681733642,0.4630119907684357
NON FIBROTIC ILA ADJUDICATED,16,1277463552,combined,0,770,0,0.007589310463572776,0.0,0.0,0.004964141914221508,0.00461605104227365,0.00875026482413437
NON FIBROTIC ILA ADJUDICATED,16,1277463552,combined,1,769,0,0.009605418120912326,0.0,0.0,0.004970565148712315,0.008750377701399397,0.010467768674237498
NON FIBROTIC ILA ADJUDICATED,16,1277463552,combined,2,770,1,0.011376435988056918,0.0012987012987012987,0.00022928946639889794,0.007319361170123334,0.010468030330903393,0.012474254189384219
NON FIBROTIC ILA ADJUDICATED,16,1277463552,combined,3,769,0,0.014025902529396735,0.0,0.0,0.004970565148712315,0.012474286898990277,0.016421000459405286
NON FIBROTIC ILA ADJUDICATED,16,1277463552,combined,4,770,2,0.025362009764626034,0.0025974025974025974,0.0007125907061236786,0.009420568652699277,0.016463067897962327,0.036517584286903035
NON FIBROTIC ILA ADJUDICATED,16,1277463552,combined,5,769,4,0.04569508914424427,0.005201560468140442,0.0020245891497467933,0.013297387544882687,0.03652861392848496,0.055138908207388114
NON FIBROTIC ILA ADJUDICATED,16,1277463552,combined,6,769,8,0.06549238457772122,0.010403120936280884,0.005280654829476248,0.0203927334110704,0.05516244522914486,0.07778637421333422
NON FIBROTIC ILA ADJUDICATED,16,1277463552,combined,7,770,7,0.09336700192179634,0.00909090909090909,0.004410478976495486,0.01864522399383109,0.07779784428903916,0.10967837403934053
NON FIBROTIC ILA ADJUDICATED,16,1277463552,combined,8,769,10,0.13184601948983726,0.013003901170351105,0.007078545900378475,0.023770548113126753,0.1096824507664732,0.15716070109989855
NON FIBROTIC ILA ADJUDICATED,16,1277463552,combined,9,770,12,0.20926935413985853,0.015584415584415584,0.008937040176158829,0.027041206405671363,0.15716083380827867,0.41802499450560326
NON FIBROTIC ILA ADJUDICATED,17,1489146622,zebra,0,770,0,0.2323870358168017,0.0,0.0,0.004964141914221508,0.11693488945217027,0.26192651739885753
NON FIBROTIC ILA ADJUDICATED,17,1489146622,zebra,1,769,1,0.28733795585006033,0.0013003901170351106,0.0002295876800841234,0.007328830355107483,0.2620496868382658,0.31382641006507933
NON FIBROTIC ILA ADJUDICATED,17,1489146622,zebra,2,770,0,0.3445441677225617,0.0,0.0,0.004964141914221508,0.3138532163788822,0.37661447713663365
NON FIBROTIC ILA ADJUDICATED,17,1489146622,zebra,3,769,0,0.4104947637426974,0.0,0.0,0.004970565148712315,0.3767025563913176,0.44672905390816225
NON FIBROTIC ILA ADJUDICATED,17,1489146622,zebra,4,770,3,0.49154358764570416,0.003896103896103896,0.0013258926936253902,0.011391775387498288,0.4467701350760617,0.5418524641444505
NON FIBROTIC ILA ADJUDICATED,17,1489146622,zebra,5,769,3,0.6018147580259593,0.0039011703511053317,0.001327618000260774,0.011406505807889416,0.5418736368405029,0.6609998749213049
NON FIBROTIC ILA ADJUDICATED,17,1489146622,zebra,6,769,5,0.7272403754631872,0.006501950585175552,0.002780348414515579,0.015129481166593194,0.6610983369942656,0.7883002137996314
NON FIBROTIC ILA ADJUDICATED,17,1489146622,zebra,7,770,1,0.8437398600127569,0.0012987012987012987,0.00022928946639889794,0.007319361170123334,0.7886569174016548,0.8976926765875893
NON FIBROTIC ILA ADJUDICATED,17,1489146622,zebra,8,769,10,0.9490950302632382,0.013003901170351105,0.007078545900378475,0.023770548113126753,0.8977089528063704,0.9856611905222097
NON FIBROTIC ILA ADJUDICATED,17,1489146622,zebra,9,770,21,0.9964957784524971,0.02727272727272727,0.017906160074157684,0.04133266500837901,0.9856793662718599,1.0
NON FIBROTIC ILA ADJUDICATED,17,1489146622,genomic,0,770,6,4.554542002838766e-26,0.007792207792207792,0.0035759904186376326,0.016895203829388215,2.910235207711188e-63,6.989453790530802e-25
NON FIBROTIC ILA ADJUDICATED,17,1489146622,genomic,1,769,5,3.776208055580293e-21,0.006501950585175552,0.002780348414515579,0.015129481166593194,7.151320849086178e-25,3.440056687314638e-20
NON FIBROTIC ILA ADJUDICATED,17,1489146622,genomic,2,770,2,2.8679879496590568e-18,0.0025974025974025974,0.0007125907061236786,0.009420568652699277,3.469781918287497e-20,1.600386661470713e-17
NON FIBROTIC ILA ADJUDICATED,17,1489146622,genomic,3,769,5,3.450614228852264e-16,0.006501950585175552,0.002780348414515579,0.015129481166593194,1.606999311560658e-17,1.496851268495476e-15
NON FIBROTIC ILA ADJUDICATED,17,1489146622,genomic,4,770,4,1.9873549057372837e-14,0.005194805194805195,0.0020219574690050306,0.013280219334419372,1.5050871667476068e-15,7.636051947188233e-14
NON FIBROTIC ILA ADJUDICATED,17,1489146622,genomic,5,769,4,7.985195601298022e-13,0.005201560468140442,0.0020245891497467933,0.013297387544882687,7.649368609094893e-14,2.8259239376989862e-12
NON FIBROTIC ILA ADJUDICATED,17,1489146622,genomic,6,769,3,2.1489782201288914e-11,0.0039011703511053317,0.001327618000260774,0.011406505807889416,2.854225559458452e-12,7.404474340155387e-11
NON FIBROTIC ILA ADJUDICATED,17,1489146622,genomic,7,770,3,7.069525784466992e-10,0.003896103896103896,0.0013258926936253902,0.011391775387498288,7.417014277361565e-11,2.6684601349102674e-09
NON FIBROTIC ILA ADJUDICATED,17,1489146622,genomic,8,769,6,7.942802969263437e-08,0.007802340702210663,0.003580646807040671,0.016917035660547395,2.675945219648029e-09,5.319533024389266e-07
NON FIBROTIC ILA ADJUDICATED,17,1489146622,genomic,9,770,6,0.26084644835391785,0.007792207792207792,0.0035759904186376326,0.016895203829388215,5.362589985142598e-07,1.0
NON FIBROTIC ILA ADJUDICATED,17,1489146622,combined,0,770,0,0.006169643650972332,0.0,0.0,0.004964141914221508,0.0040487892629608516,0.0069554249134842925
NON FIBROTIC ILA ADJUDICATED,17,1489146622,combined,1,769,1,0.007562540261874188,0.0013003901170351106,0.0002295876800841234,0.007328830355107483,0.006955714398396733,0.008205541244968797
NON FIBROTIC ILA ADJUDICATED,17,1489146622,combined,2,770,2,0.00894416660476027,0.0025974025974025974,0.0007125907061236786,0.009420568652699277,0.0082068440946836,0.009781176027749711
NON FIBROTIC ILA ADJUDICATED,17,1489146622,combined,3,769,0,0.011280601146966189,0.0,0.0,0.004970565148712315,0.009787371892996987,0.013680692989929223
NON FIBROTIC ILA ADJUDICATED,17,1489146622,combined,4,770,3,0.017505333312594424,0.003896103896103896,0.0013258926936253902,0.011391775387498288,0.013689843307487112,0.021667736910564495
NON FIBROTIC ILA ADJUDICATED,17,1489146622,combined,5,769,3,0.02612981358718379,0.0039011703511053317,0.001327618000260774,0.011406505807889416,0.02167404846353442,0.031544435972999336
NON FIBROTIC ILA ADJUDICATED,17,1489146622,combined,6,769,9,0.04066135761631815,0.011703511053315995,0.006169270449727107,0.022091970677298834,0.03154949759935573,0.052273950740013536
NON FIBROTIC ILA ADJUDICATED,17,1489146622,combined,7,770,10,0.06788534003151575,0.012987012987012988,0.007069333631553706,0.02373989550567504,0.05227871134075064,0.08526962423875015
NON FIBROTIC ILA ADJUDICATED,17,1489146622,combined,8,769,8,0.10714309723618523,0.010403120936280884,0.005280654829476248,0.0203927334110704,0.08546487414462917,0.13459484893598567
NON FIBROTIC ILA ADJUDICATED,17,1489146622,combined,9,770,8,0.19712183063905858,0.01038961038961039,0.005273784940225151,0.020366426752402144,0.1346264950475463,0.43190440263156243
NON FIBROTIC ILA ADJUDICATED,18,1118144485,zebra,0,770,0,0.23213460631553903,0.0,0.0,0.004964141914221508,0.11893743948205666,0.26115603578262536
NON FIBROTIC ILA ADJUDICATED,18,1118144485,zebra,1,769,0,0.2861169046857836,0.0,0.0,0.004970565148712315,0.2611638888339737,0.31121606017594466
NON FIBROTIC ILA ADJUDICATED,18,1118144485,zebra,2,770,0,0.3416170310885779,0.0,0.0,0.004964141914221508,0.31149522918890044,0.37474196822514005
NON FIBROTIC ILA ADJUDICATED,18,1118144485,zebra,3,769,0,0.41216004164660036,0.0,0.0,0.004970565148712315,0.3747569958824861,0.4490266141978036
NON FIBROTIC ILA ADJUDICATED,18,1118144485,zebra,4,770,2,0.4930848346190913,0.0025974025974025974,0.0007125907061236786,0.009420568652699277,0.44907869130306804,0.5418524641444505
NON FIBROTIC ILA ADJUDICATED,18,1118144485,zebra,5,769,2,0.6026953339859406,0.002600780234070221,0.0007135177289523901,0.009432753192718508,0.5421931634455274,0.6644660370297129
NON FIBROTIC ILA ADJUDICATED,18,1118144485,zebra,6,769,6,0.7314456652183443,0.007802340702210663,0.003580646807040671,0.016917035660547395,0.6645452526215558,0.7955217259992097
NON FIBROTIC ILA ADJUDICATED,18,1118144485,zebra,7,770,4,0.8499723581343009,0.005194805194805195,0.0020219574690050306,0.013280219334419372,0.7956201096020127,0.9025379816417298
NON FIBROTIC ILA ADJUDICATED,18,1118144485,zebra,8,769,9,0.9525367396220348,0.011703511053315995,0.006169270449727107,0.022091970677298834,0.9025689321917897,0.9859988523659691
NON FIBROTIC ILA ADJUDICATED,18,1118144485,zebra,9,770,21,0.9965666641306846,0.02727272727272727,0.017906160074157684,0.04133266500837901,0.9860089016090301,1.0
NON FIBROTIC ILA ADJUDICATED,18,1118144485,genomic,0,770,9,3.0641450083511216e-06,0.011688311688311689,0.006161243000312308,0.022063477414615715,4.552468373367501e-07,4.885340858848107e-06
NON FIBROTIC ILA ADJUDICATED,18,1118144485,genomic,1,769,3,6.726319788367266e-06,0.0039011703511053317,0.001327618000260774,0.011406505807889416,4.890238388110386e-06,8.619583573733054e-06
NON FIBROTIC ILA ADJUDICATED,18,1118144485,genomic,2,770,5,1.130465112487134e-05,0.006493506493506494,0.0027767335367897463,0.01510995198893538,8.643428935442395e-06,1.4275489651736856e-05
NON FIBROTIC ILA ADJUDICATED,18,1118144485,genomic,3,769,2,1.8132007692507173e-05,0.002600780234070221,0.0007135177289523901,0.009432753192718508,1.4292211105262667e-05,2.2591179816462377e-05
NON FIBROTIC ILA ADJUDICATED,18,1118144485,genomic,4,770,5,3.059446736868844e-05,0.006493506493506494,0.0027767335367897463,0.01510995198893538,2.2599340811020554e-05,4.1416008981499997e-05
NON FIBROTIC ILA ADJUDICATED,18,1118144485,genomic,5,769,2,6.0104097247967457e-05,0.002600780234070221,0.0007135177289523901,0.009432753192718508,4.144413581026974e-05,8.77619187198005e-05
NON FIBROTIC ILA ADJUDICATED,18,1118144485,genomic,6,769,5,0.00018817119920129123,0.006501950585175552,0.002780348414515579,0.015129481166593194,8.792022643143648e-05,0.00044417515012770003
NON FIBROTIC ILA ADJUDICATED,18,1118144485,genomic,7,770,6,0.002148302971321947,0.007792207792207792,0.0035759904186376326,0.016895203829388215,0.00044514602023721864,0.004640303635287172
NON FIBROTIC ILA ADJUDICATED,18,1118144485,genomic,8,769,6,0.009893527284340162,0.007802340702210663,0.003580646807040671,0.016917035660547395,0.004648146076032891,0.018368086302206727
NON FIBROTIC ILA ADJUDICATED,18,1118144485,genomic,9,770,1,0.0815421777845936,0.0012987012987012987,0.00022928946639889794,0.007319361170123334,0.018389589495350696,0.9759880588794536
NON FIBROTIC ILA ADJUDICATED,18,1118144485,combined,0,770,0,0.00761747201911299,0.0,0.0,0.004964141914221508,0.0029692416757858887,0.010221461663238209
NON FIBROTIC ILA ADJUDICATED,18,1118144485,combined,1,769,0,0.012674136597437642,0.0,0.0,0.004970565148712315,0.010231115515415463,0.015371353226497495
NON FIBROTIC ILA ADJUDICATED,18,1118144485,combined,2,770,0,0.018621667280859792,0.0,0.0,0.004964141914221508,0.015381223958542087,0.021951983776900358
NON FIBROTIC ILA ADJUDICATED,18,1118144485,combined,3,769,3,0.025369147443181563,0.0039011703511053317,0.001327618000260774,0.011406505807889416,0.0219537116620899,0.029145387797439918
NON FIBROTIC ILA ADJUDICATED,18,1118144485,combined,4,770,1,0.03433661033400462,0.0012987012987012987,0.00022928946639889794,0.007319361170123334,0.02914935689416744,0.04207998489581205
NON FIBROTIC ILA ADJUDICATED,18,1118144485,combined,5,769,7,0.052219670134348216,0.009102730819245773,0.004416223152723785,0.01866931220134357,0.042141576858816435,0.06455868757992968
NON FIBROTIC ILA ADJUDICATED,18,1118144485,combined,6,769,3,0.08166598264134763,0.0039011703511053317,0.001327618000260774,0.011406505807889416,0.0645854266900757,0.10040259843314037
NON FIBROTIC ILA ADJUDICATED,18,1118144485,combined,7,770,8,0.12429818282207244,0.01038961038961039,0.005273784940225151,0.020366426752402144,0.10057266293237384,0.15182412719741792
NON FIBROTIC ILA ADJUDICATED,18,1118144485,combined,8,769,8,0.18538069164406826,0.010403120936280884,0.005280654829476248,0.0203927334110704,0.15183659860876267,0.23143405953664148
NON FIBROTIC ILA ADJUDICATED,18,1118144485,combined,9,770,14,0.3706039418667635,0.01818181818181818,0.010860915582275707,0.030286348444155925,0.23164112747836776,0.7824392472458164
NON FIBROTIC ILA ADJUDICATED,19,1830295150,zebra,0,770,0,0.2312239718270975,0.0,0.0,0.004964141914221508,0.11052533634471677,0.26004792933185844
NON FIBROTIC ILA ADJUDICATED,19,1830295150,zebra,1,769,1,0.28602788235846005,0.0013003901170351106,0.0002295876800841234,0.007328830355107483,0.2601716094949649,0.3124457080547297
NON FIBROTIC ILA ADJUDICATED,19,1830295150,zebra,2,770,0,0.343701314548098,0.0,0.0,0.004964141914221508,0.31251658157875567,0.3770942218096785
NON FIBROTIC ILA ADJUDICATED,19,1830295150,zebra,3,769,0,0.4122555931941602,0.0,0.0,0.004970565148712315,0.3771495928919676,0.44870746992347377
NON FIBROTIC ILA ADJUDICATED,19,1830295150,zebra,4,770,4,0.4963274981090494,0.005194805194805195,0.0020219574690050306,0.013280219334419372,0.4488211359125135,0.5467035283462399
NON FIBROTIC ILA ADJUDICATED,19,1830295150,zebra,5,769,3,0.6076184857276206,0.0039011703511053317,0.001327618000260774,0.011406505807889416,0.5469272394072229,0.6705597758755064
NON FIBROTIC ILA ADJUDICATED,19,1830295150,zebra,6,769,7,0.7394007111917681,0.009102730819245773,0.004416223152723785,0.01866931220134357,0.6707551341419131,0.8018329527616621
NON FIBROTIC ILA ADJUDICATED,19,1830295150,zebra,7,770,3,0.8545443219978605,0.003896103896103896,0.0013258926936253902,0.011391775387498288,0.8021052968796806,0.9080599729972352
NON FIBROTIC ILA ADJUDICATED,19,1830295150,zebra,8,769,7,0.9536481883598165,0.009102730819245773,0.004416223152723785,0.01866931220134357,0.9080829364546333,0.9860235587738928
NON FIBROTIC ILA ADJUDICATED,19,1830295150,zebra,9,770,19,0.9966563297213339,0.024675324675324677,0.015852913748522608,0.03821689388941264,0.9860584996624647,1.0
NON FIBROTIC ILA ADJUDICATED,19,1830295150,genomic,0,770,6,0.0,0.007792207792207792,0.0035759904186376326,0.016895203829388215,0.0,0.0
NON FIBROTIC ILA ADJUDICATED,19,1830295150,genomic,1,769,3,0.0,0.0039011703511053317,0.001327618000260774,0.011406505807889416,0.0,0.0
NON FIBROTIC ILA ADJUDICATED,19,1830295150,genomic,2,770,5,3.0039391409736806e-277,0.006493506493506494,0.0027767335367897463,0.01510995198893538,0.0,4.912177825227179e-275
NON FIBROTIC ILA ADJUDICATED,19,1830295150,genomic,3,769,4,1.1929007460055458e-196,0.005201560468140442,0.0020245891497467933,0.013297387544882687,1.0349344428207067e-274,1.2132495832119488e-194
NON FIBROTIC ILA ADJUDICATED,19,1830295150,genomic,4,770,6,3.5633824066055504e-132,0.007792207792207792,0.0035759904186376326,0.016895203829388215,1.382162827046579e-194,3.798199647553942e-130
NON FIBROTIC ILA ADJUDICATED,19,1830295150,genomic,5,769,4,6.51373458919646e-69,0.005201560468140442,0.0020245891497467933,0.013297387544882687,5.311308597551774e-130,8.960761792972119e-67
NON FIBROTIC ILA ADJUDICATED,19,1830295150,genomic,6,769,4,0.12483837515405281,0.005201560468140442,0.0020245891497467933,0.013297387544882687,1.0566700841480866e-66,0.9999999999944185
NON FIBROTIC ILA ADJUDICATED,19,1830295150,genomic,7,770,4,0.9999999999999764,0.005194805194805195,0.0020219574690050306,0.013280219334419372,0.9999999999948694,1.0
NON FIBROTIC ILA ADJUDICATED,19,1830295150,genomic,8,769,1,1.0,0.0013003901170351106,0.0002295876800841234,0.007328830355107483,1.0,1.0
NON FIBROTIC ILA ADJUDICATED,19,1830295150,genomic,9,770,7,1.0,0.00909090909090909,0.004410478976495486,0.01864522399383109,1.0,1.0
NON FIBROTIC ILA ADJUDICATED,19,1830295150,combined,0,770,0,0.004183783280979129,0.0,0.0,0.004964141914221508,0.0036787105828757385,0.004640040216324729
NON FIBROTIC ILA ADJUDICATED,19,1830295150,combined,1,769,1,0.005167386579576287,0.0013003901170351106,0.0002295876800841234,0.007328830355107483,0.004643251131663314,0.005688563674449794
NON FIBROTIC ILA ADJUDICATED,19,1830295150,combined,2,770,2,0.006190807003762472,0.0025974025974025974,0.0007125907061236786,0.009420568652699277,0.005690898527469621,0.006715313212934442
NON FIBROTIC ILA ADJUDICATED,19,1830295150,combined,3,769,3,0.00732090035459965,0.0039011703511053317,0.001327618000260774,0.011406505807889416,0.006715361638531805,0.008039294431293541
NON FIBROTIC ILA ADJUDICATED,19,1830295150,combined,4,770,1,0.008926001158804328,0.0012987012987012987,0.00022928946639889794,0.007319361170123334,0.00804234194016365,0.009997250410503653
NON FIBROTIC ILA ADJUDICATED,19,1830295150,combined,5,769,2,0.011808701903368204,0.002600780234070221,0.0007135177289523901,0.009432753192718508,0.010009659721167753,0.014925585437509884
NON FIBROTIC ILA ADJUDICATED,19,1830295150,combined,6,769,5,0.0215197515126721,0.006501950585175552,0.002780348414515579,0.015129481166593194,0.014932806906135264,0.029842342295243057
NON FIBROTIC ILA ADJUDICATED,19,1830295150,combined,7,770,6,0.040714078136753325,0.007792207792207792,0.0035759904186376326,0.016895203829388215,0.029867631319998134,0.05491410079051665
NON FIBROTIC ILA ADJUDICATED,19,1830295150,combined,8,769,9,0.07614567316409672,0.011703511053315995,0.006169270449727107,0.022091970677298834,0.05491902532557866,0.10451644012602304
NON FIBROTIC ILA ADJUDICATED,19,1830295150,combined,9,770,15,0.17272937848493805,0.01948051948051948,0.011840409174050253,0.0318913635746821,0.10452009114215492,0.4238323587374143
NON FIBROTIC ILA ADJUDICATED,20,655458393,zebra,0,770,0,0.23113283224926157,0.0,0.0,0.004964141914221508,0.11052533634471677,0.2603278428050794
NON FIBROTIC ILA ADJUDICATED,20,655458393,zebra,1,769,0,0.28591420626061637,0.0,0.0,0.004970565148712315,0.2603664779857897,0.3119538397677216
NON FIBROTIC ILA ADJUDICATED,20,655458393,zebra,2,770,0,0.34227176583619534,0.0,0.0,0.004964141914221508,0.31197732063783695,0.37631015251636496
NON FIBROTIC ILA ADJUDICATED,20,655458393,zebra,3,769,0,0.41043825536954065,0.0,0.0,0.004970565148712315,0.37642268181506194,0.4476054105974062
NON FIBROTIC ILA ADJUDICATED,20,655458393,zebra,4,770,3,0.49266145859812643,0.003896103896103896,0.0013258926936253902,0.011391775387498288,0.44767399523801377,0.544643072869618
NON FIBROTIC ILA ADJUDICATED,20,655458393,zebra,5,769,3,0.6047881153083456,0.0039011703511053317,0.001327618000260774,0.011406505807889416,0.5450560435157227,0.6684634110766353
NON FIBROTIC ILA ADJUDICATED,20,655458393,zebra,6,769,4,0.7356299316635813,0.005201560468140442,0.0020245891497467933,0.013297387544882687,0.6687315969512554,0.7950351556109139
NON FIBROTIC ILA ADJUDICATED,20,655458393,zebra,7,770,1,0.8508715679816925,0.0012987012987012987,0.00022928946639889794,0.007319361170123334,0.7951987360641392,0.9049526949194308
NON FIBROTIC ILA ADJUDICATED,20,655458393,zebra,8,769,11,0.9541726657830717,0.014304291287386216,0.008005744470847457,0.025431202429137063,0.9052206564950446,0.9861404313023397
NON FIBROTIC ILA ADJUDICATED,20,655458393,zebra,9,770,22,0.996840710783601,0.02857142857142857,0.018942666074440347,0.04288066773039707,0.986141626383502,1.0
NON FIBROTIC ILA ADJUDICATED,20,655458393,genomic,0,770,3,2.682504516988704e-07,0.003896103896103896,0.0013258926936253902,0.011391775387498288,5.444254227675161e-08,4.2710084993377004e-07
NON FIBROTIC ILA ADJUDICATED,20,655458393,genomic,1,769,7,6.337377494045105e-07,0.009102730819245773,0.004416223152723785,0.01866931220134357,4.273001035352007e-07,8.909007888553279e-07
NON FIBROTIC ILA ADJUDICATED,20,655458393,genomic,2,770,5,1.449555126897595e-06,0.006493506493506494,0.0027767335367897463,0.01510995198893538,8.909540976906869e-07,2.4121417889483954e-06
NON FIBROTIC ILA ADJUDICATED,20,655458393,genomic,3,769,4,0.0002090127987738981,0.005201560468140442,0.0020245891497467933,0.013297387544882687,2.415838656617626e-06,0.0007104168712635111
NON FIBROTIC ILA ADJUDICATED,20,655458393,genomic,4,770,4,0.0010503545271071234,0.005194805194805195,0.0020219574690050306,0.013280219334419372,0.0007106409626170253,0.0013785986722123754
NON FIBROTIC ILA ADJUDICATED,20,655458393,genomic,5,769,6,0.0017206643867754055,0.007802340702210663,0.003580646807040671,0.016917035660547395,0.0013789613430459813,0.002079894456315824
NON FIBROTIC ILA ADJUDICATED,20,655458393,genomic,6,769,4,0.00256479724924813,0.005201560468140442,0.0020245891497467933,0.013297387544882687,0.002080098126675862,0.0031285897467026383
NON FIBROTIC ILA ADJUDICATED,20,655458393,genomic,7,770,5,0.003941399423130115,0.006493506493506494,0.0027767335367897463,0.01510995198893538,0.003130797464729577,0.004998367616934614
NON FIBROTIC ILA ADJUDICATED,20,655458393,genomic,8,769,4,0.006933611997733688,0.005201560468140442,0.0020245891497467933,0.013297387544882687,0.004998756406221778,0.00968823988659537
NON FIBROTIC ILA ADJUDICATED,20,655458393,genomic,9,770,2,0.023798812655449537,0.0025974025974025974,0.0007125907061236786,0.009420568652699277,0.009690553279689821,0.20150009764633706
NON FIBROTIC ILA ADJUDICATED,20,655458393,combined,0,770,3,4.316624737006102e-08,0.003896103896103896,0.0013258926936253902,0.011391775387498288,4.836087646690617e-11,1.7596492674643582e-07
NON FIBROTIC ILA ADJUDICATED,20,655458393,combined,1,769,1,1.7370945850177354e-06,0.0013003901170351106,0.0002295876800841234,0.007328830355107483,1.7616557334296436e-07,5.853982184198577e-06
NON FIBROTIC ILA ADJUDICATED,20,655458393,combined,2,770,4,1.5352740543259382e-05,0.005194805194805195,0.0020219574690050306,0.013280219334419372,5.889047606302844e-06,2.6814463918274694e-05
NON FIBROTIC ILA ADJUDICATED,20,655458393,combined,3,769,3,4.547657420565946e-05,0.0039011703511053317,0.001327618000260774,0.011406505807889416,2.6843582287358166e-05,6.773029362747442e-05
NON FIBROTIC ILA ADJUDICATED,20,655458393,combined,4,770,2,0.00010570799997625708,0.0025974025974025974,0.0007125907061236786,0.009420568652699277,6.775425217681802e-05,0.00015940060544008676
NON FIBROTIC ILA ADJUDICATED,20,655458393,combined,5,769,4,0.0002557922503990632,0.005201560468140442,0.0020245891497467933,0.013297387544882687,0.00015956630730250228,0.0004004576909328059
NON FIBROTIC ILA ADJUDICATED,20,655458393,combined,6,769,2,0.000889795933414056,0.002600780234070221,0.0007135177289523901,0.009432753192718508,0.00040087924941528994,0.0019303295800443684
NON FIBROTIC ILA ADJUDICATED,20,655458393,combined,7,770,5,0.01146294129529522,0.006493506493506494,0.0027767335367897463,0.01510995198893538,0.0019315225048832318,0.029150332282761694
NON FIBROTIC ILA ADJUDICATED,20,655458393,combined,8,769,10,0.07057045442142794,0.013003901170351105,0.007078545900378475,0.023770548113126753,0.029194893680842948,0.137795201901459
NON FIBROTIC ILA ADJUDICATED,20,655458393,combined,9,770,10,0.4985248665108463,0.012987012987012988,0.007069333631553706,0.02373989550567504,0.13780194159758144,0.9999999999994245
NON FIBROTIC ILA ADJUDICATED,21,505410369,zebra,0,770,0,0.23086897518625638,0.0,0.0,0.004964141914221508,0.11052533634471677,0.25960526802058226
NON FIBROTIC ILA ADJUDICATED,21,505410369,zebra,1,769,0,0.28547453839513737,0.0,0.0,0.004970565148712315,0.2596588124990275,0.31213148847501915
NON FIBROTIC ILA ADJUDICATED,21,505410369,zebra,2,770,0,0.34214204596063286,0.0,0.0,0.004964141914221508,0.3123174521796162,0.37488456575389256
NON FIBROTIC ILA ADJUDICATED,21,505410369,zebra,3,769,0,0.4098327535707241,0.0,0.0,0.004970565148712315,0.3750647308513072,0.44715602283742534
NON FIBROTIC ILA ADJUDICATED,21,505410369,zebra,4,770,4,0.4911072701782981,0.005194805194805195,0.0020219574690050306,0.013280219334419372,0.44729874340067893,0.5389318981564682
NON FIBROTIC ILA ADJUDICATED,21,505410369,zebra,5,769,1,0.6015000982088956,0.0013003901170351106,0.0002295876800841234,0.007328830355107483,0.5390876296067859,0.6659008684423973
NON FIBROTIC ILA ADJUDICATED,21,505410369,zebra,6,769,7,0.7321824004727373,0.009102730819245773,0.004416223152723785,0.01866931220134357,0.6659730227085255,0.792178099230255
NON FIBROTIC ILA ADJUDICATED,21,505410369,zebra,7,770,1,0.8502364549268824,0.0012987012987012987,0.00022928946639889794,0.007319361170123334,0.7922254832044645,0.9052206564950446
NON FIBROTIC ILA ADJUDICATED,21,505410369,zebra,8,769,9,0.9532112462515778,0.011703511053315995,0.006169270449727107,0.022091970677298834,0.9053840156617747,0.9861373515718582
NON FIBROTIC ILA ADJUDICATED,21,505410369,zebra,9,770,22,0.9967281573703834,0.02857142857142857,0.018942666074440347,0.04288066773039707,0.9861384169293421,1.0
NON FIBROTIC ILA ADJUDICATED,21,505410369,genomic,0,770,6,0.0004368858633181118,0.007792207792207792,0.0035759904186376326,0.016895203829388215,0.0001729830634148104,0.0005872711650584374
NON FIBROTIC ILA ADJUDICATED,21,505410369,genomic,1,769,3,0.0007076231117917793,0.0039011703511053317,0.001327618000260774,0.011406505807889416,0.0005877946923168797,0.000835375268138836
NON FIBROTIC ILA ADJUDICATED,21,505410369,genomic,2,770,6,0.0009793946699349796,0.007792207792207792,0.0035759904186376326,0.016895203829388215,0.000835880918000561,0.0011310391099812252
NON FIBROTIC ILA ADJUDICATED,21,505410369,genomic,3,769,4,0.0013302135733378791,0.005201560468140442,0.0020245891497467933,0.013297387544882687,0.0011312130807182416,0.001556717883813713
NON FIBROTIC ILA ADJUDICATED,21,505410369,genomic,4,770,3,0.0018578819524354404,0.003896103896103896,0.0013258926936253902,0.011391775387498288,0.001558175594917082,0.002184143320530885
NON FIBROTIC ILA ADJUDICATED,21,505410369,genomic,5,769,5,0.002653102613208916,0.006501950585175552,0.002780348414515579,0.015129481166593194,0.0021849739026844183,0.0032289963675766428
NON FIBROTIC ILA ADJUDICATED,21,505410369,genomic,6,769,6,0.004537680815265276,0.007802340702210663,0.003580646807040671,0.016917035660547395,0.0032301478823362787,0.006946322564828853
NON FIBROTIC ILA ADJUDICATED,21,505410369,genomic,7,770,2,0.01648086810325802,0.0025974025974025974,0.0007125907061236786,0.009420568652699277,0.006955840249800977,0.029636707879693445
NON FIBROTIC ILA ADJUDICATED,21,505410369,genomic,8,769,5,0.04829642268868244,0.006501950585175552,0.002780348414515579,0.015129481166593194,0.02964242348202408,0.07335846408263422
NON FIBROTIC ILA ADJUDICATED,21,505410369,genomic,9,770,4,0.16830224639144817,0.005194805194805195,0.0020219574690050306,0.013280219334419372,0.07339166376043253,0.9402146731693057
NON FIBROTIC ILA ADJUDICATED,21,505410369,combined,0,770,0,0.008111128400984205,0.0,0.0,0.004964141914221508,0.0031704079455569115,0.010230389979280592
NON FIBROTIC ILA ADJUDICATED,21,505410369,combined,1,769,3,0.011800105152861522,0.0039011703511053317,0.001327618000260774,0.011406505807889416,0.010234500676993545,0.01341359181489436
NON FIBROTIC ILA ADJUDICATED,21,505410369,combined,2,770,1,0.015010715835324763,0.0012987012987012987,0.00022928946639889794,0.007319361170123334,0.01341467861977756,0.016590570653166332
NON FIBROTIC ILA ADJUDICATED,21,505410369,combined,3,769,1,0.018551534004309672,0.0013003901170351106,0.0002295876800841234,0.007328830355107483,0.01659257813419294,0.020510711694005635
NON FIBROTIC ILA ADJUDICATED,21,505410369,combined,4,770,1,0.023014039025338773,0.0012987012987012987,0.00022928946639889794,0.007319361170123334,0.02051935151778512,0.025851160923938233
NON FIBROTIC ILA ADJUDICATED,21,505410369,combined,5,769,1,0.029701862059608414,0.0013003901170351106,0.0002295876800841234,0.007328830355107483,0.025857723944399905,0.03418556990346171
NON FIBROTIC ILA ADJUDICATED,21,505410369,combined,6,769,6,0.04150928345536646,0.007802340702210663,0.003580646807040671,0.016917035660547395,0.03419209021007766,0.050243411802176875
NON FIBROTIC ILA ADJUDICATED,21,505410369,combined,7,770,11,0.06524789737180214,0.014285714285714285,0.007995323688185082,0.025398414171344384,0.050377790241379464,0.08478920531421737
NON FIBROTIC ILA ADJUDICATED,21,505410369,combined,8,769,8,0.11759612702215727,0.010403120936280884,0.005280654829476248,0.0203927334110704,0.0847937742020385,0.15599319504409132
NON FIBROTIC ILA ADJUDICATED,21,505410369,combined,9,770,12,0.2459087083808615,0.015584415584415584,0.008937040176158829,0.027041206405671363,0.1561552721111281,0.6628155302174012
NON FIBROTIC ILA ADJUDICATED,22,1530250669,zebra,0,770,0,0.23272281922019414,0.0,0.0,0.004964141914221508,0.1267879796421734,0.2611260600445289
NON FIBROTIC ILA ADJUDICATED,22,1530250669,zebra,1,769,1,0.2860036272856615,0.0013003901170351106,0.0002295876800841234,0.007328830355107483,0.2611361694817833,0.3116554808373551
NON FIBROTIC ILA ADJUDICATED,22,1530250669,zebra,2,770,0,0.34115945560645944,0.0,0.0,0.004964141914221508,0.3117249521863337,0.3732913446163414
NON FIBROTIC ILA ADJUDICATED,22,1530250669,zebra,3,769,0,0.40690982254334934,0.0,0.0,0.004970565148712315,0.37342875421311394,0.4434837707211694
NON FIBROTIC ILA ADJUDICATED,22,1530250669,zebra,4,770,5,0.4883493726460684,0.006493506493506494,0.0027767335367897463,0.01510995198893538,0.4437147234603458,0.5385058706401249
NON FIBROTIC ILA ADJUDICATED,22,1530250669,zebra,5,769,0,0.6001048072140343,0.0,0.0,0.004970565148712315,0.5386969913392451,0.6640242739721478
NON FIBROTIC ILA ADJUDICATED,22,1530250669,zebra,6,769,3,0.7332472873438569,0.0039011703511053317,0.001327618000260774,0.011406505807889416,0.6642661211891435,0.7956201096020127
NON FIBROTIC ILA ADJUDICATED,22,1530250669,zebra,7,770,4,0.8487671062472515,0.005194805194805195,0.0020219574690050306,0.013280219334419372,0.7957256523521344,0.8998170492352966
NON FIBROTIC ILA ADJUDICATED,22,1530250669,zebra,8,769,11,0.9510487388951311,0.014304291287386216,0.008005744470847457,0.025431202429137063,0.8998307879232259,0.9855111624726878
NON FIBROTIC ILA ADJUDICATED,22,1530250669,zebra,9,770,20,0.9966192270824807,0.025974025974025976,0.016876091691355087,0.03977822466888089,0.9856611905222097,1.0
NON FIBROTIC ILA ADJUDICATED,22,1530250669,genomic,0,770,9,2.8495134419586445e-11,0.011688311688311689,0.006161243000312308,0.022063477414615715,1.9047274002117607e-20,1.003621124860584e-10
NON FIBROTIC ILA ADJUDICATED,22,1530250669,genomic,1,769,3,3.0461056704667317e-10,0.0039011703511053317,0.001327618000260774,0.011406505807889416,1.017147625453676e-10,5.760651079549815e-10
NON FIBROTIC ILA ADJUDICATED,22,1530250669,genomic,2,770,6,9.9570487213214e-10,0.007792207792207792,0.0035759904186376326,0.016895203829388215,5.769904951653973e-10,1.4847504168190187e-09
NON FIBROTIC ILA ADJUDICATED,22,1530250669,genomic,3,769,6,2.2782215296574658e-09,0.007802340702210663,0.003580646807040671,0.016917035660547395,1.4861986856863834e-09,3.3316405528094342e-09
NON FIBROTIC ILA ADJUDICATED,22,1530250669,genomic,4,770,3,4.970270395409009e-09,0.003896103896103896,0.0013258926936253902,0.011391775387498288,3.33211727810302e-09,6.899491236126174e-09
NON FIBROTIC ILA ADJUDICATED,22,1530250669,genomic,5,769,6,1.027043510149725e-08,0.007802340702210663,0.003580646807040671,0.016917035660547395,6.909205889637596e-09,1.465585840961599e-08
NON FIBROTIC ILA ADJUDICATED,22,1530250669,genomic,6,769,2,2.316407289877473e-08,0.002600780234070221,0.0007135177289523901,0.009432753192718508,1.465781553425067e-08,3.5235855089580195e-08
NON FIBROTIC ILA ADJUDICATED,22,1530250669,genomic,7,770,3,6.574425859462124e-08,0.003896103896103896,0.0013258926936253902,0.011391775387498288,3.528450073125103e-08,1.2021109479961886e-07
NON FIBROTIC ILA ADJUDICATED,22,1530250669,genomic,8,769,2,5.316399536534543e-07,0.002600780234070221,0.0007135177289523901,0.009432753192718508,1.204445652319658e-07,2.0835842498312716e-06
NON FIBROTIC ILA ADJUDICATED,22,1530250669,genomic,9,770,4,0.014489400873231173,0.005194805194805195,0.0020219574690050306,0.013280219334419372,2.1142109556658306e-06,0.9856802247100839
NON FIBROTIC ILA ADJUDICATED,22,1530250669,combined,0,770,2,3.946960679742294e-05,0.0025974025974025974,0.0007125907061236786,0.009420568652699277,9.673959059731215e-06,5.930175492545586e-05
NON FIBROTIC ILA ADJUDICATED,22,1530250669,combined,1,769,0,8.352012859705702e-05,0.0,0.0,0.004970565148712315,5.933892950678335e-05,0.00010847382585927905
NON FIBROTIC ILA ADJUDICATED,22,1530250669,combined,2,770,3,0.0001427560635813936,0.003896103896103896,0.0013258926936253902,0.011391775387498288,0.00010848077962554705,0.0001831445569163191
NON FIBROTIC ILA ADJUDICATED,22,1530250669,combined,3,769,1,0.00023789844167888027,0.0013003901170351106,0.0002295876800841234,0.007328830355107483,0.0001831462714969323,0.0003039194770166086
NON FIBROTIC ILA ADJUDICATED,22,1530250669,combined,4,770,2,0.00039832578064901423,0.0025974025974025974,0.0007125907061236786,0.009420568652699277,0.00030432074001327257,0.0005187235933381463
NON FIBROTIC ILA ADJUDICATED,22,1530250669,combined,5,769,4,0.0006994260220429503,0.005201560468140442,0.0020245891497467933,0.013297387544882687,0.0005188474294877742,0.0009304118630921031
NON FIBROTIC ILA ADJUDICATED,22,1530250669,combined,6,769,8,0.0013058930704908875,0.010403120936280884,0.005280654829476248,0.0203927334110704,0.0009306559663964669,0.0018199651335542113
NON FIBROTIC ILA ADJUDICATED,22,1530250669,combined,7,770,2,0.0027200185997219694,0.0025974025974025974,0.0007125907061236786,0.009420568652699277,0.0018206530356378204,0.0040385557084593095
NON FIBROTIC ILA ADJUDICATED,22,1530250669,combined,8,769,6,0.007100107832396739,0.007802340702210663,0.003580646807040671,0.016917035660547395,0.004040145973655022,0.012513127863327386
NON FIBROTIC ILA ADJUDICATED,22,1530250669,combined,9,770,16,0.06651268359551764,0.02077922077922078,0.012830175613871217,0.033486105857161864,0.012516157894734299,0.7224535516732081
NON FIBROTIC ILA ADJUDICATED,23,148120449,zebra,0,770,0,0.23103436000833635,0.0,0.0,0.004964141914221508,0.11052533634471677,0.2608962737897288
NON FIBROTIC ILA ADJUDICATED,23,148120449,zebra,1,769,1,0.28667307145361887,0.0013003901170351106,0.0002295876800841234,0.007328830355107483,0.26099906075218154,0.3119538397677216
NON FIBROTIC ILA ADJUDICATED,23,148120449,zebra,2,770,0,0.34404152672635147,0.0,0.0,0.004964141914221508,0.31197732063783695,0.3766087127018751
NON FIBROTIC ILA ADJUDICATED,23,148120449,zebra,3,769,0,0.411517350659833,0.0,0.0,0.004970565148712315,0.37661447713663365,0.4479285752187333
NON FIBROTIC ILA ADJUDICATED,23,148120449,zebra,4,770,4,0.4910061229234446,0.005194805194805195,0.0020219574690050306,0.013280219334419372,0.447934860440336,0.538853101911673
NON FIBROTIC ILA ADJUDICATED,23,148120449,zebra,5,769,1,0.5992713417978586,0.0013003901170351106,0.0002295876800841234,0.007328830355107483,0.5389318981564682,0.662980433012624
NON FIBROTIC ILA ADJUDICATED,23,148120449,zebra,6,769,7,0.729028809799585,0.009102730819245773,0.004416223152723785,0.01866931220134357,0.6635610066940673,0.7921103357490558
NON FIBROTIC ILA ADJUDICATED,23,148120449,zebra,7,770,1,0.8473349161302356,0.0012987012987012987,0.00022928946639889794,0.007319361170123334,0.7921354450694238,0.9004332446160401
NON FIBROTIC ILA ADJUDICATED,23,148120449,zebra,8,769,11,0.9501408089925495,0.014304291287386216,0.008005744470847457,0.025431202429137063,0.9005135956656438,0.9853504544758104
NON FIBROTIC ILA ADJUDICATED,23,148120449,zebra,9,770,19,0.9963802987403106,0.024675324675324677,0.015852913748522608,0.03821689388941264,0.9853734854622751,1.0
NON FIBROTIC ILA ADJUDICATED,23,148120449,genomic,0,770,6,2.4149685186025724e-05,0.007792207792207792,0.0035759904186376326,0.016895203829388215,7.624651692907391e-06,3.5436253606536065e-05
NON FIBROTIC ILA ADJUDICATED,23,148120449,genomic,1,769,5,4.644837712913924e-05,0.006501950585175552,0.002780348414515579,0.015129481166593194,3.546936174068574e-05,5.844028586999199e-05
NON FIBROTIC ILA ADJUDICATED,23,148120449,genomic,2,770,4,7.136123900594143e-05,0.005194805194805195,0.0020219574690050306,0.013280219334419372,5.8477971752131354e-05,8.594428533634546e-05
NON FIBROTIC ILA ADJUDICATED,23,148120449,genomic,3,769,2,0.0001049158744163438,0.002600780234070221,0.0007135177289523901,0.009432753192718508,8.600500318941599e-05,0.0001263462945867549
NON FIBROTIC ILA ADJUDICATED,23,148120449,genomic,4,770,4,0.0001554594648695999,0.005194805194805195,0.0020219574690050306,0.013280219334419372,0.00012635042963429343,0.00018643409196051431
NON FIBROTIC ILA ADJUDICATED,23,148120449,genomic,5,769,3,0.00023250531740183394,0.0039011703511053317,0.001327618000260774,0.011406505807889416,0.00018652127631053005,0.0002857287574849738
NON FIBROTIC ILA ADJUDICATED,23,148120449,genomic,6,769,4,0.0003666297745751564,0.005201560468140442,0.0020245891497467933,0.013297387544882687,0.0002858461396631917,0.0004682013467024905
NON FIBROTIC ILA ADJUDICATED,23,148120449,genomic,7,770,8,0.0006563868187167439,0.01038961038961039,0.005273784940225151,0.020366426752402144,0.00046869844383096653,0.0009404516625547458
NON FIBROTIC ILA ADJUDICATED,23,148120449,genomic,8,769,5,0.0016963820054383127,0.006501950585175552,0.002780348414515579,0.015129481166593194,0.0009422645819620451,0.0031674386147680636
NON FIBROTIC ILA ADJUDICATED,23,148120449,genomic,9,770,3,0.03897269026136818,0.003896103896103896,0.0013258926936253902,0.011391775387498288,0.003190244598034142,0.8254377180193331
NON FIBROTIC ILA ADJUDICATED,23,148120449,combined,0,770,0,0.004883121586663014,0.0,0.0,0.004964141914221508,0.0030385368700552137,0.005849941488157564
NON FIBROTIC ILA ADJUDICATED,23,148120449,combined,1,769,0,0.006606859044779387,0.0,0.0,0.004970565148712315,0.005851968361778045,0.007356791331335003
NON FIBROTIC ILA ADJUDICATED,23,148120449,combined,2,770,1,0.008128658982478408,0.0012987012987012987,0.00022928946639889794,0.007319361170123334,0.0073573755086243624,0.009043354042114017
NON FIBROTIC ILA ADJUDICATED,23,148120449,combined,3,769,4,0.010218007415780044,0.005201560468140442,0.0020245891497467933,0.013297387544882687,0.009051163369849546,0.011553932898986131
NON FIBROTIC ILA ADJUDICATED,23,148120449,combined,4,770,1,0.013481130265528999,0.0012987012987012987,0.00022928946639889794,0.007319361170123334,0.011556105405296328,0.015939410701684933
NON FIBROTIC ILA ADJUDICATED,23,148120449,combined,5,769,4,0.019410574033399706,0.005201560468140442,0.0020245891497467933,0.013297387544882687,0.015947666681975545,0.023496092589761604
NON FIBROTIC ILA ADJUDICATED,23,148120449,combined,6,769,5,0.02934894801685034,0.006501950585175552,0.002780348414515579,0.015129481166593194,0.023499745923500927,0.03614262953475746
NON FIBROTIC ILA ADJUDICATED,23,148120449,combined,7,770,5,0.047289096066735016,0.006493506493506494,0.0027767335367897463,0.01510995198893538,0.03616609772176051,0.06223111528822429
NON FIBROTIC ILA ADJUDICATED,23,148120449,combined,8,769,8,0.08762279547833395,0.010403120936280884,0.005280654829476248,0.0203927334110704,0.0622970251464463,0.12388942687648442
NON FIBROTIC ILA ADJUDICATED,23,148120449,combined,9,770,16,0.21656667064788468,0.02077922077922078,0.012830175613871217,0.033486105857161864,0.12392495083903055,0.5872077384069017
NON FIBROTIC ILA ADJUDICATED,24,82231652,zebra,0,770,0,0.23302942484270922,0.0,0.0,0.004964141914221508,0.13585441235518822,0.26099906075218154
NON FIBROTIC ILA ADJUDICATED,24,82231652,zebra,1,769,1,0.28682957876476406,0.0013003901170351106,0.0002295876800841234,0.007328830355107483,0.2611361694817833,0.31282001579730256
NON FIBROTIC ILA ADJUDICATED,24,82231652,zebra,2,770,0,0.34502186298622506,0.0,0.0,0.004964141914221508,0.31284944483864957,0.3767025563913176
NON FIBROTIC ILA ADJUDICATED,24,82231652,zebra,3,769,0,0.4116500487477901,0.0,0.0,0.004970565148712315,0.37675257434166515,0.44868642390728164
NON FIBROTIC ILA ADJUDICATED,24,82231652,zebra,4,770,3,0.4943553291603277,0.003896103896103896,0.0013258926936253902,0.011391775387498288,0.44870746992347377,0.5450020407769885
NON FIBROTIC ILA ADJUDICATED,24,82231652,zebra,5,769,1,0.6047080485057076,0.0013003901170351106,0.0002295876800841234,0.007328830355107483,0.5450560435157227,0.6659008684423973
NON FIBROTIC ILA ADJUDICATED,24,82231652,zebra,6,769,6,0.7314195608050273,0.007802340702210663,0.003580646807040671,0.016917035660547395,0.6659730227085255,0.788082102395069
NON FIBROTIC ILA ADJUDICATED,24,82231652,zebra,7,770,3,0.8451825786179477,0.003896103896103896,0.0013258926936253902,0.011391775387498288,0.7881395459198441,0.898912828622922
NON FIBROTIC ILA ADJUDICATED,24,82231652,zebra,8,769,7,0.9499543269101096,0.009102730819245773,0.004416223152723785,0.01866931220134357,0.8991102436771582,0.9851117929724045
NON FIBROTIC ILA ADJUDICATED,24,82231652,zebra,9,770,23,0.996367356102461,0.02987012987012987,0.01998520545069876,0.044422637076439384,0.9851800129514333,1.0
NON FIBROTIC ILA ADJUDICATED,24,82231652,genomic,0,770,7,7.444437747621761e-08,0.00909090909090909,0.004410478976495486,0.01864522399383109,7.411880482405728e-10,1.7412571383185462e-07
NON FIBROTIC ILA ADJUDICATED,24,82231652,genomic,1,769,3,3.0944336687607064e-07,0.0039011703511053317,0.001327618000260774,0.011406505807889416,1.7574720988715797e-07,4.705368859598988e-07
NON FIBROTIC ILA ADJUDICATED,24,82231652,genomic,2,770,5,6.944853707721753e-07,0.006493506493506494,0.0027767335367897463,0.01510995198893538,4.7100850962747716e-07,9.66832203315116e-07
NON FIBROTIC ILA ADJUDICATED,24,82231652,genomic,3,769,4,1.4478074650067197e-06,0.005201560468140442,0.0020245891497467933,0.013297387544882687,9.669719958508096e-07,2.069909948761194e-06
NON FIBROTIC ILA ADJUDICATED,24,82231652,genomic,4,770,7,3.3323912516272865e-06,0.00909090909090909,0.004410478976495486,0.01864522399383109,2.070319130513182e-06,5.319763733856258e-06
NON FIBROTIC ILA ADJUDICATED,24,82231652,genomic,5,769,5,1.3521235692426113e-05,0.006501950585175552,0.002780348414515579,0.015129481166593194,5.320795587729619e-06,3.657532785655999e-05
NON FIBROTIC ILA ADJUDICATED,24,82231652,genomic,6,769,2,0.0001739957768153089,0.002600780234070221,0.0007135177289523901,0.009432753192718508,3.680380062235273e-05,0.00036580646911339867
NON FIBROTIC ILA ADJUDICATED,24,82231652,genomic,7,770,4,0.0007454736641261394,0.005194805194805195,0.0020219574690050306,0.013280219334419372,0.00036674209820703477,0.0013881916392355143
NON FIBROTIC ILA ADJUDICATED,24,82231652,genomic,8,769,1,0.0031056907583389562,0.0013003901170351106,0.0002295876800841234,0.007328830355107483,0.0013890076455365876,0.0061589860110112474
NON FIBROTIC ILA ADJUDICATED,24,82231652,genomic,9,770,6,0.05013816037801679,0.007792207792207792,0.0035759904186376326,0.016895203829388215,0.006162331865468293,0.920258492595495
NON FIBROTIC ILA ADJUDICATED,24,82231652,combined,0,770,1,0.0007571340644764058,0.0012987012987012987,0.00022928946639889794,0.007319361170123334,0.00022938558236338977,0.0010841925586987588
NON FIBROTIC ILA ADJUDICATED,24,82231652,combined,1,769,1,0.0014010287389899926,0.0013003901170351106,0.0002295876800841234,0.007328830355107483,0.0010848387569823924,0.001724420952068856
NON FIBROTIC ILA ADJUDICATED,24,82231652,combined,2,770,1,0.0021344028898944273,0.0012987012987012987,0.00022928946639889794,0.007319361170123334,0.0017253268643882152,0.0025910823163561537
NON FIBROTIC ILA ADJUDICATED,24,82231652,combined,3,769,1,0.00316414071978996,0.0013003901170351106,0.0002295876800841234,0.007328830355107483,0.002591596483481189,0.0038070859718952036
NON FIBROTIC ILA ADJUDICATED,24,82231652,combined,4,770,5,0.0046510328391426705,0.006493506493506494,0.0027767335367897463,0.01510995198893538,0.0038073011860775365,0.005601150522132553
NON FIBROTIC ILA ADJUDICATED,24,82231652,combined,5,769,3,0.007013286041955855,0.0039011703511053317,0.001327618000260774,0.011406505807889416,0.005602543728733178,0.00859484407681035
NON FIBROTIC ILA ADJUDICATED,24,82231652,combined,6,769,2,0.011087115835493029,0.002600780234070221,0.0007135177289523901,0.009432753192718508,0.008595469560568326,0.014054438124350276
NON FIBROTIC ILA ADJUDICATED,24,82231652,combined,7,770,8,0.019748496447732435,0.01038961038961039,0.005273784940225151,0.020366426752402144,0.014060053772947261,0.027818003308172037
NON FIBROTIC ILA ADJUDICATED,24,82231652,combined,8,769,9,0.04341034827075374,0.011703511053315995,0.006169270449727107,0.022091970677298834,0.027827630005927716,0.06743593290798708
NON FIBROTIC ILA ADJUDICATED,24,82231652,combined,9,770,13,0.16766959720321845,0.016883116883116882,0.009892721428977881,0.028670033875153024,0.06752017262346235,0.749474619181552
NON FIBROTIC ILA ADJUDICATED,25,1472792031,zebra,0,770,0,0.2319524323432674,0.0,0.0,0.004964141914221508,0.11052533634471677,0.2615897480367035
NON FIBROTIC ILA ADJUDICATED,25,1472792031,zebra,1,769,1,0.28587870662209697,0.0013003901170351106,0.0002295876800841234,0.007328830355107483,0.2615951007755146,0.3116554808373551
NON FIBROTIC ILA ADJUDICATED,25,1472792031,zebra,2,770,0,0.34055320928457455,0.0,0.0,0.004964141914221508,0.3116896678000052,0.3724356674691519
NON FIBROTIC ILA ADJUDICATED,25,1472792031,zebra,3,769,0,0.4073792202088198,0.0,0.0,0.004970565148712315,0.3724470460812173,0.4434399625291291
NON FIBROTIC ILA ADJUDICATED,25,1472792031,zebra,4,770,2,0.4874241590330794,0.0025974025974025974,0.0007125907061236786,0.009420568652699277,0.4434837707211694,0.5373902336197242
NON FIBROTIC ILA ADJUDICATED,25,1472792031,zebra,5,769,2,0.5976196398405393,0.002600780234070221,0.0007135177289523901,0.009432753192718508,0.5374405249829425,0.6587472622664945
NON FIBROTIC ILA ADJUDICATED,25,1472792031,zebra,6,769,4,0.7267980160869221,0.005201560468140442,0.0020245891497467933,0.013297387544882687,0.6588226261916774,0.7878968031994966
NON FIBROTIC ILA ADJUDICATED,25,1472792031,zebra,7,770,3,0.8438320021247464,0.003896103896103896,0.0013258926936253902,0.011391775387498288,0.7879530148699121,0.8988500780327903
NON FIBROTIC ILA ADJUDICATED,25,1472792031,zebra,8,769,10,0.9507309838909391,0.013003901170351105,0.007078545900378475,0.023770548113126753,0.8988858359934823,0.9859988523659691
NON FIBROTIC ILA ADJUDICATED,25,1472792031,zebra,9,770,22,0.9966340163028808,0.02857142857142857,0.018942666074440347,0.04288066773039707,0.9860122135494251,1.0
NON FIBROTIC ILA ADJUDICATED,25,1472792031,genomic,0,770,6,0.0,0.007792207792207792,0.0035759904186376326,0.016895203829388215,0.0,0.0
NON FIBROTIC ILA ADJUDICATED,25,1472792031,genomic,1,769,6,0.0,0.007802340702210663,0.003580646807040671,0.016917035660547395,0.0,0.0
NON FIBROTIC ILA ADJUDICATED,25,1472792031,genomic,2,770,6,0.0,0.007792207792207792,0.0035759904186376326,0.016895203829388215,0.0,0.0
NON FIBROTIC ILA ADJUDICATED,25,1472792031,genomic,3,769,6,0.0,0.007802340702210663,0.003580646807040671,0.016917035660547395,0.0,0.0
NON FIBROTIC ILA ADJUDICATED,25,1472792031,genomic,4,770,1,0.0,0.0012987012987012987,0.00022928946639889794,0.007319361170123334,0.0,0.0
NON FIBROTIC ILA ADJUDICATED,25,1472792031,genomic,5,769,2,0.0,0.002600780234070221,0.0007135177289523901,0.009432753192718508,0.0,0.0
NON FIBROTIC ILA ADJUDICATED,25,1472792031,genomic,6,769,5,0.0,0.006501950585175552,0.002780348414515579,0.015129481166593194,0.0,0.0
NON FIBROTIC ILA ADJUDICATED,25,1472792031,genomic,7,770,1,1.804841255601549e-220,0.0012987012987012987,0.00022928946639889794,0.007319361170123334,0.0,5.662388711094959e-218
NON FIBROTIC ILA ADJUDICATED,25,1472792031,genomic,8,769,5,0.09797398547297914,0.006501950585175552,0.002780348414515579,0.015129481166593194,1.9800459599540334e-217,1.0
NON FIBROTIC ILA ADJUDICATED,25,1472792031,genomic,9,770,6,1.0,0.007792207792207792,0.0035759904186376326,0.016895203829388215,1.0,1.0
NON FIBROTIC ILA ADJUDICATED,25,1472792031,combined,0,770,1,0.0013990361470216375,0.0012987012987012987,0.00022928946639889794,0.007319361170123334,0.0009501081662907123,0.0016044017421637912
NON FIBROTIC ILA ADJUDICATED,25,1472792031,combined,1,769,0,0.0017867961231718237,0.0,0.0,0.004970565148712315,0.0016055058081465145,0.001976028824543011
NON FIBROTIC ILA ADJUDICATED,25,1472792031,combined,2,770,0,0.002201876580366509,0.0,0.0,0.004964141914221508,0.0019762403099762597,0.002495264823195322
NON FIBROTIC ILA ADJUDICATED,25,1472792031,combined,3,769,2,0.003041226633215104,0.002600780234070221,0.0007135177289523901,0.009432753192718508,0.0024973179114724567,0.0037853310424260907
NON FIBROTIC ILA ADJUDICATED,25,1472792031,combined,4,770,4,0.004787095992555969,0.005194805194805195,0.0020219574690050306,0.013280219334419372,0.0037883338285390087,0.00591130395232443
NON FIBROTIC ILA ADJUDICATED,25,1472792031,combined,5,769,2,0.007038866240787318,0.002600780234070221,0.0007135177289523901,0.009432753192718508,0.005914369058471379,0.00821364575647649
NON FIBROTIC ILA ADJUDICATED,25,1472792031,combined,6,769,6,0.009519066217133408,0.007802340702210663,0.003580646807040671,0.016917035660547395,0.008215607974273868,0.011025321809300034
NON FIBROTIC ILA ADJUDICATED,25,1472792031,combined,7,770,7,0.013325044347118828,0.00909090909090909,0.004410478976495486,0.01864522399383109,0.011025888858178626,0.01643753518545431
NON FIBROTIC ILA ADJUDICATED,25,1472792031,combined,8,769,4,0.022062246602980014,0.005201560468140442,0.0020245891497467933,0.013297387544882687,0.016493214370901337,0.030654209028326322
NON FIBROTIC ILA ADJUDICATED,25,1472792031,combined,9,770,18,0.07923604714294243,0.023376623376623377,0.014837136266102694,0.036648162649531836,0.030655777904242988,0.8322898435145509
NON FIBROTIC ILA ADJUDICATED,26,1129969800,zebra,0,770,0,0.2306490199268909,0.0,0.0,0.004964141914221508,0.11052533634471677,0.2606494295469696
NON FIBROTIC ILA ADJUDICATED,26,1129969800,zebra,1,769,1,0.28536046152689193,0.0013003901170351106,0.0002295876800841234,0.007328830355107483,0.2606748348571001,0.3117260491343149
NON FIBROTIC ILA ADJUDICATED,26,1129969800,zebra,2,770,0,0.34262716826418477,0.0,0.0,0.004964141914221508,0.3117422769040575,0.3762924089016528
NON FIBROTIC ILA ADJUDICATED,26,1129969800,zebra,3,769,0,0.4132101765236653,0.0,0.0,0.004970565148712315,0.37631015251636496,0.4510924821872229
NON FIBROTIC ILA ADJUDICATED,26,1129969800,zebra,4,770,3,0.4980432425037076,0.003896103896103896,0.0013258926936253902,0.011391775387498288,0.4511252383076932,0.5511058319143884
NON FIBROTIC ILA ADJUDICATED,26,1129969800,zebra,5,769,2,0.6124626294020784,0.002600780234070221,0.0007135177289523901,0.009432753192718508,0.5513841905924007,0.6737715444669334
NON FIBROTIC ILA ADJUDICATED,26,1129969800,zebra,6,769,8,0.7382836193119539,0.010403120936280884,0.005280654829476248,0.0203927334110704,0.6738995368002056,0.7949992771625009
NON FIBROTIC ILA ADJUDICATED,26,1129969800,zebra,7,770,2,0.8502517454409749,0.0025974025974025974,0.0007125907061236786,0.009420568652699277,0.7950351556109139,0.9038396687962066
NON FIBROTIC ILA ADJUDICATED,26,1129969800,zebra,8,769,7,0.952680802706426,0.009102730819245773,0.004416223152723785,0.01866931220134357,0.9041726185512803,0.9861695889495969
NON FIBROTIC ILA ADJUDICATED,26,1129969800,zebra,9,770,21,0.9967916577051775,0.02727272727272727,0.017906160074157684,0.04133266500837901,0.9861733406921771,1.0
NON FIBROTIC ILA ADJUDICATED,26,1129969800,genomic,0,770,4,1.036500248980609e-08,0.005194805194805195,0.0020219574690050306,0.013280219334419372,2.12837310574587e-10,2.2165541195237452e-08
NON FIBROTIC ILA ADJUDICATED,26,1129969800,genomic,1,769,4,3.975845656432984e-08,0.005201560468140442,0.0020245891497467933,0.013297387544882687,2.2167697801689242e-08,5.996950343788836e-08
NON FIBROTIC ILA ADJUDICATED,26,1129969800,genomic,2,770,3,9.26722242149061e-08,0.003896103896103896,0.0013258926936253902,0.011391775387498288,6.008671531988423e-08,1.3347562285226012e-07
NON FIBROTIC ILA ADJUDICATED,26,1129969800,genomic,3,769,5,2.005520076912505e-07,0.006501950585175552,0.002780348414515579,0.015129481166593194,1.3348103208575262e-07,2.7400115623238037e-07
NON FIBROTIC ILA ADJUDICATED,26,1129969800,genomic,4,770,10,4.084680067667117e-07,0.012987012987012988,0.007069333631553706,0.02373989550567504,2.7412906648040954e-07,5.836395174308337e-07
NON FIBROTIC ILA ADJUDICATED,26,1129969800,genomic,5,769,3,9.287052258937471e-07,0.0039011703511053317,0.001327618000260774,0.011406505807889416,5.836955118156126e-07,1.4204394219323458e-06
NON FIBROTIC ILA ADJUDICATED,26,1129969800,genomic,6,769,1,2.6962385176196825e-06,0.0013003901170351106,0.0002295876800841234,0.007328830355107483,1.421223774536594e-06,4.921995150155099e-06
NON FIBROTIC ILA ADJUDICATED,26,1129969800,genomic,7,770,3,0.00012238855409229746,0.003896103896103896,0.0013258926936253902,0.011391775387498288,4.923010412391283e-06,0.0006370837899501366
NON FIBROTIC ILA ADJUDICATED,26,1129969800,genomic,8,769,10,0.0030848573622449292,0.013003901170351105,0.007078545900378475,0.023770548113126753,0.0006375171170383301,0.008100011236150714
NON FIBROTIC ILA ADJUDICATED,26,1129969800,genomic,9,770,1,0.11541212685714689,0.0012987012987012987,0.00022928946639889794,0.007319361170123334,0.008131802468255301,0.9819444013138808
NON FIBROTIC ILA ADJUDICATED,26,1129969800,combined,0,770,2,0.004357014311438839,0.0025974025974025974,0.0007125907061236786,0.009420568652699277,0.001442651729230277,0.00581774278326574
NON FIBROTIC ILA ADJUDICATED,26,1129969800,combined,1,769,1,0.007005033041947906,0.0013003901170351106,0.0002295876800841234,0.007328830355107483,0.005819930921435169,0.008253850053795395
NON FIBROTIC ILA ADJUDICATED,26,1129969800,combined,2,770,1,0.009599960094665488,0.0012987012987012987,0.00022928946639889794,0.007319361170123334,0.00826017103188195,0.011118827483194768
NON FIBROTIC ILA ADJUDICATED,26,1129969800,combined,3,769,5,0.013044636969732994,0.006501950585175552,0.002780348414515579,0.015129481166593194,0.011118965303471583,0.015053155146792407
NON FIBROTIC ILA ADJUDICATED,26,1129969800,combined,4,770,3,0.017628329931380797,0.003896103896103896,0.0013258926936253902,0.011391775387498288,0.015054574869582562,0.020583673100106566
NON FIBROTIC ILA ADJUDICATED,26,1129969800,combined,5,769,1,0.025033233231865192,0.0013003901170351106,0.0002295876800841234,0.007328830355107483,0.020586912169848717,0.030120491886252196
NON FIBROTIC ILA ADJUDICATED,26,1129969800,combined,6,769,4,0.03714273083162963,0.005201560468140442,0.0020245891497467933,0.013297387544882687,0.030125309245608876,0.04581884192455728
NON FIBROTIC ILA ADJUDICATED,26,1129969800,combined,7,770,2,0.0635241298798445,0.0025974025974025974,0.0007125907061236786,0.009420568652699277,0.04586676451912989,0.087095264743008
NON FIBROTIC ILA ADJUDICATED,26,1129969800,combined,8,769,14,0.12892999979714184,0.018205461638491547,0.010875078260352153,0.030325427299070243,0.08712888482919223,0.1884807727295731
NON FIBROTIC ILA ADJUDICATED,26,1129969800,combined,9,770,11,0.33145661488172196,0.014285714285714285,0.007995323688185082,0.025398414171344384,0.1889575697988107,0.8004677057169068
NON FIBROTIC ILA ADJUDICATED,27,1470371538,zebra,0,770,0,0.2321125392860285,0.0,0.0,0.004964141914221508,0.11893743948205666,0.25972117591276184
NON FIBROTIC ILA ADJUDICATED,27,1470371538,zebra,1,769,1,0.28493771848317234,0.0013003901170351106,0.0002295876800841234,0.007328830355107483,0.2597474148447815,0.3099549946571794
NON FIBROTIC ILA ADJUDICATED,27,1470371538,zebra,2,770,0,0.3406322253506755,0.0,0.0,0.004964141914221508,0.3100218704405147,0.3743705076767218
NON FIBROTIC ILA ADJUDICATED,27,1470371538,zebra,3,769,0,0.4098049881777864,0.0,0.0,0.004970565148712315,0.37442960866501057,0.4465391774652037
NON FIBROTIC ILA ADJUDICATED,27,1470371538,zebra,4,770,3,0.4895848567171106,0.003896103896103896,0.0013258926936253902,0.011391775387498288,0.44672848628970596,0.5405732793825522
NON FIBROTIC ILA ADJUDICATED,27,1470371538,zebra,5,769,1,0.5999090425640033,0.0013003901170351106,0.0002295876800841234,0.007328830355107483,0.5406148926383858,0.6591844146637666
NON FIBROTIC ILA ADJUDICATED,27,1470371538,zebra,6,769,3,0.7265859734874816,0.0039011703511053317,0.001327618000260774,0.011406505807889416,0.6593820271538514,0.7892800059753806
NON FIBROTIC ILA ADJUDICATED,27,1470371538,zebra,7,770,3,0.8452467100349111,0.003896103896103896,0.0013258926936253902,0.011391775387498288,0.7893712027603661,0.8988500780327903
NON FIBROTIC ILA ADJUDICATED,27,1470371538,zebra,8,769,11,0.9493572960532174,0.014304291287386216,0.008005744470847457,0.025431202429137063,0.8988858359934823,0.9854116329818159
NON FIBROTIC ILA ADJUDICATED,27,1470371538,zebra,9,770,22,0.9965417899409992,0.02857142857142857,0.018942666074440347,0.04288066773039707,0.985485854363619,1.0
NON FIBROTIC ILA ADJUDICATED,27,1470371538,genomic,0,770,5,1.8482178498799678e-05,0.006493506493506494,0.0027767335367897463,0.01510995198893538,5.515405499082193e-06,2.6017156605020078e-05
NON FIBROTIC ILA ADJUDICATED,27,1470371538,genomic,1,769,5,3.3267322999445365e-05,0.006501950585175552,0.002780348414515579,0.015129481166593194,2.601932618013185e-05,4.092660567444681e-05
NON FIBROTIC ILA ADJUDICATED,27,1470371538,genomic,2,770,5,5.063881574914382e-05,0.006493506493506494,0.0027767335367897463,0.01510995198893538,4.096472929900852e-05,6.186890213687276e-05
NON FIBROTIC ILA ADJUDICATED,27,1470371538,genomic,3,769,3,7.807880067227816e-05,0.0039011703511053317,0.001327618000260774,0.011406505807889416,6.187239399645431e-05,9.7071871515513e-05
NON FIBROTIC ILA ADJUDICATED,27,1470371538,genomic,4,770,6,0.00012889083540714046,0.007792207792207792,0.0035759904186376326,0.016895203829388215,9.707948158616912e-05,0.0001697612860676627
NON FIBROTIC ILA ADJUDICATED,27,1470371538,genomic,5,769,2,0.0002679244192059965,0.002600780234070221,0.0007135177289523901,0.009432753192718508,0.00016996760818086614,0.00044844688696343523
NON FIBROTIC ILA ADJUDICATED,27,1470371538,genomic,6,769,4,0.0021754404646262887,0.005201560468140442,0.0020245891497467933,0.013297387544882687,0.0004514533402619052,0.006135795826822252
NON FIBROTIC ILA ADJUDICATED,27,1470371538,genomic,7,770,5,0.01385777681870261,0.006493506493506494,0.0027767335367897463,0.01510995198893538,0.006136153581646223,0.022528820110743735
NON FIBROTIC ILA ADJUDICATED,27,1470371538,genomic,8,769,4,0.03737488580973267,0.005201560468140442,0.0020245891497467933,0.013297387544882687,0.022537829751265306,0.05928473457267693
NON FIBROTIC ILA ADJUDICATED,27,1470371538,genomic,9,770,5,0.1519904365765384,0.006493506493506494,0.0027767335367897463,0.01510995198893538,0.059424439212150994,0.7459114629164545
NON FIBROTIC ILA ADJUDICATED,27,1470371538,combined,0,770,4,6.177615547058096e-06,0.005194805194805195,0.0020219574690050306,0.013280219334419372,3.16014361137797e-07,1.2156642668772627e-05
NON FIBROTIC ILA ADJUDICATED,27,1470371538,combined,1,769,3,2.001660026423037e-05,0.0039011703511053317,0.001327618000260774,0.011406505807889416,1.216031112134417e-05,2.9640871129718095e-05
NON FIBROTIC ILA ADJUDICATED,27,1470371538,combined,2,770,4,4.30624855844449e-05,0.005194805194805195,0.0020219574690050306,0.013280219334419372,2.9660188519488168e-05,6.0248271113076206e-05
NON FIBROTIC ILA ADJUDICATED,27,1470371538,combined,3,769,3,8.458382947324484e-05,0.0039011703511053317,0.001327618000260774,0.011406505807889416,6.0250442364294285e-05,0.00011398259385813378
NON FIBROTIC ILA ADJUDICATED,27,1470371538,combined,4,770,1,0.00016617313331032077,0.0012987012987012987,0.00022928946639889794,0.007319361170123334,0.00011399607383226877,0.0002316327859287595
NON FIBROTIC ILA ADJUDICATED,27,1470371538,combined,5,769,3,0.00033726210087065255,0.0039011703511053317,0.001327618000260774,0.011406505807889416,0.00023169706179133103,0.0004755566288946678
NON FIBROTIC ILA ADJUDICATED,27,1470371538,combined,6,769,4,0.0007764972881946563,0.005201560468140442,0.0020245891497467933,0.013297387544882687,0.00047608116799434955,0.0011931972412906639
NON FIBROTIC ILA ADJUDICATED,27,1470371538,combined,7,770,9,0.0021044150473844745,0.011688311688311689,0.006161243000312308,0.022063477414615715,0.0011961780171634215,0.0035954367026512697
NON FIBROTIC ILA ADJUDICATED,27,1470371538,combined,8,769,5,0.008220440512901085,0.006501950585175552,0.002780348414515579,0.015129481166593194,0.003602824073437693,0.016878108764093385
NON FIBROTIC ILA ADJUDICATED,27,1470371538,combined,9,770,8,0.1167809368299655,0.01038961038961039,0.005273784940225151,0.020366426752402144,0.0169259327765721,0.9334651075695581
NON FIBROTIC ILA ADJUDICATED,28,486400377,zebra,0,770,0,0.2333112919260107,0.0,0.0,0.004964141914221508,0.11052533634471677,0.26192651739885753
NON FIBROTIC ILA ADJUDICATED,28,486400377,zebra,1,769,1,0.2862741685661693,0.0013003901170351106,0.0002295876800841234,0.007328830355107483,0.261929049148748,0.3124139229420949
NON FIBROTIC ILA ADJUDICATED,28,486400377,zebra,2,770,0,0.3437645943342927,0.0,0.0,0.004964141914221508,0.3124190638873576,0.37661447713663365
NON FIBROTIC ILA ADJUDICATED,28,486400377,zebra,3,769,0,0.41075430224413484,0.0,0.0,0.004970565148712315,0.3766736141998482,0.44638399663992084
NON FIBROTIC ILA ADJUDICATED,28,486400377,zebra,4,770,4,0.4909820814724031,0.005194805194805195,0.0020219574690050306,0.013280219334419372,0.4465391774652037,0.539826777222261
NON FIBROTIC ILA ADJUDICATED,28,486400377,zebra,5,769,2,0.5991987385122703,0.002600780234070221,0.0007135177289523901,0.009432753192718508,0.5398734294247949,0.662980433012624
NON FIBROTIC ILA ADJUDICATED,28,486400377,zebra,6,769,4,0.72758718703221,0.005201560468140442,0.0020245891497467933,0.013297387544882687,0.663606189031817,0.7914864280637494
NON FIBROTIC ILA ADJUDICATED,28,486400377,zebra,7,770,3,0.8473207490149144,0.003896103896103896,0.0013258926936253902,0.011391775387498288,0.7915402246159229,0.9029687037824873
NON FIBROTIC ILA ADJUDICATED,28,486400377,zebra,8,769,11,0.9528216679191022,0.014304291287386216,0.008005744470847457,0.025431202429137063,0.903207882210036,0.9855166302275155
NON FIBROTIC ILA ADJUDICATED,28,486400377,zebra,9,770,19,0.9964018555408907,0.024675324675324677,0.015852913748522608,0.03821689388941264,0.9855998280659356,1.0
NON FIBROTIC ILA ADJUDICATED,28,486400377,genomic,0,770,5,0.0,0.006493506493506494,0.0027767335367897463,0.01510995198893538,0.0,0.0
NON FIBROTIC ILA ADJUDICATED,28,486400377,genomic,1,769,4,0.0,0.005201560468140442,0.0020245891497467933,0.013297387544882687,0.0,0.0
NON FIBROTIC ILA ADJUDICATED,28,486400377,genomic,2,770,5,0.0,0.006493506493506494,0.0027767335367897463,0.01510995198893538,0.0,0.0
NON FIBROTIC ILA ADJUDICATED,28,486400377,genomic,3,769,2,1.5445725779697302e-266,0.002600780234070221,0.0007135177289523901,0.009432753192718508,0.0,7.538498867210702e-265
NON FIBROTIC ILA ADJUDICATED,28,486400377,genomic,4,770,5,1.309856161754189e-230,0.006493506493506494,0.0027767335367897463,0.01510995198893538,8.230841060714785e-265,8.759374834070563e-229
NON FIBROTIC ILA ADJUDICATED,28,486400377,genomic,5,769,2,9.637700143798838e-196,0.002600780234070221,0.0007135177289523901,0.009432753192718508,8.902739703906238e-229,8.856633352528771e-194
NON FIBROTIC ILA ADJUDICATED,28,486400377,genomic,6,769,7,1.8414743698347638e-162,0.009102730819245773,0.004416223152723785,0.01866931220134357,9.588891266646886e-194,1.7622661824576194e-160
NON FIBROTIC ILA ADJUDICATED,28,486400377,genomic,7,770,7,6.714088635420677e-124,0.00909090909090909,0.004410478976495486,0.01864522399383109,1.796836099628588e-160,4.898881787075105e-122
NON FIBROTIC ILA ADJUDICATED,28,486400377,genomic,8,769,3,2.845507670924655e-62,0.0039011703511053317,0.001327618000260774,0.011406505807889416,5.238693525861621e-122,1.0039554411886742e-59
NON FIBROTIC ILA ADJUDICATED,28,486400377,genomic,9,770,4,0.6200429551191944,0.005194805194805195,0.0020219574690050306,0.013280219334419372,1.0774653066043795e-59,1.0
NON FIBROTIC ILA ADJUDICATED,28,486400377,combined,0,770,0,0.0008127897634608875,0.0,0.0,0.004964141914221508,0.00026281880828217524,0.0011522549101025494
NON FIBROTIC ILA ADJUDICATED,28,486400377,combined,1,769,0,0.0014995794729548504,0.0,0.0,0.004970565148712315,0.0011531936654179272,0.0018805343407855737
NON FIBROTIC ILA ADJUDICATED,28,486400377,combined,2,770,2,0.002348269780392378,0.0025974025974025974,0.0007125907061236786,0.009420568652699277,0.0018809763130141987,0.002847051607651394
NON FIBROTIC ILA ADJUDICATED,28,486400377,combined,3,769,2,0.003594692172077024,0.002600780234070221,0.0007135177289523901,0.009432753192718508,0.0028483237416791467,0.004490459354767409
NON FIBROTIC ILA ADJUDICATED,28,486400377,combined,4,770,3,0.005785632533965966,0.003896103896103896,0.0013258926936253902,0.011391775387498288,0.004490982309185038,0.007333473126576485
NON FIBROTIC ILA ADJUDICATED,28,486400377,combined,5,769,4,0.00972781318091062,0.005201560468140442,0.0020245891497467933,0.013297387544882687,0.007341247347224738,0.012397504769936875
NON FIBROTIC ILA ADJUDICATED,28,486400377,combined,6,769,4,0.01701413668297716,0.005201560468140442,0.0020245891497467933,0.013297387544882687,0.012400772303433744,0.022830914686410873
NON FIBROTIC ILA ADJUDICATED,28,486400377,combined,7,770,6,0.03294046624851354,0.007792207792207792,0.0035759904186376326,0.016895203829388215,0.02284273241539512,0.0451572850987814
NON FIBROTIC ILA ADJUDICATED,28,486400377,combined,8,769,12,0.06885521083461633,0.015604681404421327,0.008948690331271528,0.027076109455192295,0.04516036052282018,0.10223566347351415
NON FIBROTIC ILA ADJUDICATED,28,486400377,combined,9,770,11,0.24474083224586,0.014285714285714285,0.007995323688185082,0.025398414171344384,0.1023384088740855,0.8452949297489325
NON FIBROTIC ILA ADJUDICATED,29,1705249022,zebra,0,770,0,0.23180483232657034,0.0,0.0,0.004964141914221508,0.11693488945217027,0.2608962737897288
NON FIBROTIC ILA ADJUDICATED,29,1705249022,zebra,1,769,0,0.28650978776538605,0.0,0.0,0.004970565148712315,0.2610548534071459,0.3117422769040575
NON FIBROTIC ILA ADJUDICATED,29,1705249022,zebra,2,770,0,0.3418682964995386,0.0,0.0,0.004964141914221508,0.3117823339439391,0.3744961545744017
NON FIBROTIC ILA ADJUDICATED,29,1705249022,zebra,3,769,0,0.41057634119370073,0.0,0.0,0.004970565148712315,0.3746139423417925,0.44836042476870386
NON FIBROTIC ILA ADJUDICATED,29,1705249022,zebra,4,770,3,0.49675607269498256,0.003896103896103896,0.0013258926936253902,0.011391775387498288,0.4485139057574097,0.5481119570964046
NON FIBROTIC ILA ADJUDICATED,29,1705249022,zebra,5,769,1,0.6054344426692899,0.0013003901170351106,0.0002295876800841234,0.007328830355107483,0.5483671817409786,0.6665285543453549
NON FIBROTIC ILA ADJUDICATED,29,1705249022,zebra,6,769,7,0.7328471702285945,0.009102730819245773,0.004416223152723785,0.01866931220134357,0.6669227467367701,0.7940705398672191
NON FIBROTIC ILA ADJUDICATED,29,1705249022,zebra,7,770,4,0.8494825286684657,0.005194805194805195,0.0020219574690050306,0.013280219334419372,0.7943451895166777,0.9034727606056024
NON FIBROTIC ILA ADJUDICATED,29,1705249022,zebra,8,769,8,0.9516709555162483,0.010403120936280884,0.005280654829476248,0.0203927334110704,0.9035395761421238,0.9860089016090301
NON FIBROTIC ILA ADJUDICATED,29,1705249022,zebra,9,770,21,0.996643094565105,0.02727272727272727,0.017906160074157684,0.04133266500837901,0.9860610484462138,1.0
NON FIBROTIC ILA ADJUDICATED,29,1705249022,genomic,0,770,5,0.0,0.006493506493506494,0.0027767335367897463,0.01510995198893538,0.0,0.0
NON FIBROTIC ILA ADJUDICATED,29,1705249022,genomic,1,769,6,0.0,0.007802340702210663,0.003580646807040671,0.016917035660547395,0.0,0.0
NON FIBROTIC ILA ADJUDICATED,29,1705249022,genomic,2,770,4,0.0,0.005194805194805195,0.0020219574690050306,0.013280219334419372,0.0,0.0
NON FIBROTIC ILA ADJUDICATED,29,1705249022,genomic,3,769,7,0.0,0.009102730819245773,0.004416223152723785,0.01866931220134357,0.0,0.0
NON FIBROTIC ILA ADJUDICATED,29,1705249022,genomic,4,770,4,0.0,0.005194805194805195,0.0020219574690050306,0.013280219334419372,0.0,0.0
NON FIBROTIC ILA ADJUDICATED,29,1705249022,genomic,5,769,7,0.0,0.009102730819245773,0.004416223152723785,0.01866931220134357,0.0,0.0
NON FIBROTIC ILA ADJUDICATED,29,1705249022,genomic,6,769,1,5.134400674505469e-56,0.0013003901170351106,0.0002295876800841234,0.007328830355107483,0.0,3.1108607059322876e-53
NON FIBROTIC ILA ADJUDICATED,29,1705249022,genomic,7,770,4,0.9598846754682887,0.005194805194805195,0.0020219574690050306,0.013280219334419372,7.18744937772429e-50,1.0
NON FIBROTIC ILA ADJUDICATED,29,1705249022,genomic,8,769,0,1.0,0.0,0.0,0.004970565148712315,1.0,1.0
NON FIBROTIC ILA ADJUDICATED,29,1705249022,genomic,9,770,6,1.0,0.007792207792207792,0.0035759904186376326,0.016895203829388215,1.0,1.0
NON FIBROTIC ILA ADJUDICATED,29,1705249022,combined,0,770,0,0.001849958509538033,0.0,0.0,0.004964141914221508,0.0008808159574810019,0.002420694021778631
NON FIBROTIC ILA ADJUDICATED,29,1705249022,combined,1,769,1,0.002946188760114863,0.0013003901170351106,0.0002295876800841234,0.007328830355107483,0.002423306668741844,0.003560476176793457
NON FIBROTIC ILA ADJUDICATED,29,1705249022,combined,2,770,2,0.004291275780544493,0.0025974025974025974,0.0007125907061236786,0.009420568652699277,0.0035607454342901405,0.00513242995856925
NON FIBROTIC ILA ADJUDICATED,29,1705249022,combined,3,769,1,0.006165507776911562,0.0013003901170351106,0.0002295876800841234,0.007328830355107483,0.005133042695454906,0.007404465669707322
NON FIBROTIC ILA ADJUDICATED,29,1705249022,combined,4,770,3,0.009076255520656305,0.003896103896103896,0.0013258926936253902,0.011391775387498288,0.00740562001531881,0.010904941371383318
NON FIBROTIC ILA ADJUDICATED,29,1705249022,combined,5,769,2,0.013497266115474856,0.002600780234070221,0.0007135177289523901,0.009432753192718508,0.01090652099087188,0.01650883645738378
NON FIBROTIC ILA ADJUDICATED,29,1705249022,combined,6,769,6,0.021352296420801525,0.007802340702210663,0.003580646807040671,0.016917035660547395,0.016513688688079443,0.026814360916009045
NON FIBROTIC ILA ADJUDICATED,29,1705249022,combined,7,770,8,0.03475793567053974,0.01038961038961039,0.005273784940225151,0.020366426752402144,0.02682604587290989,0.04524464322736456
NON FIBROTIC ILA ADJUDICATED,29,1705249022,combined,8,769,11,0.06302856322087419,0.014304291287386216,0.008005744470847457,0.025431202429137063,0.04526785392246993,0.08980340937278335
NON FIBROTIC ILA ADJUDICATED,29,1705249022,combined,9,770,10,0.19188908093201426,0.012987012987012988,0.007069333631553706,0.02373989550567504,0.08986101469864471,0.7567585083057642
NON FIBROTIC ILA ADJUDICATED,30,62697972,zebra,0,770,0,0.23175129008844703,0.0,0.0,0.004964141914221508,0.11052533634471677,0.2603278428050794
NON FIBROTIC ILA ADJUDICATED,30,62697972,zebra,1,769,0,0.2860618989965781,0.0,0.0,0.004970565148712315,0.2603712147413345,0.31213148847501915
NON FIBROTIC ILA ADJUDICATED,30,62697972,zebra,2,770,0,0.34328505678092225,0.0,0.0,0.004964141914221508,0.3124139229420949,0.3756791677534288
NON FIBROTIC ILA ADJUDICATED,30,62697972,zebra,3,769,0,0.4115264757268096,0.0,0.0,0.004970565148712315,0.37570357674586347,0.44782601534663025
NON FIBROTIC ILA ADJUDICATED,30,62697972,zebra,4,770,1,0.4928069550759962,0.0012987012987012987,0.00022928946639889794,0.007319361170123334,0.447934860440336,0.5430503347508041
NON FIBROTIC ILA ADJUDICATED,30,62697972,zebra,5,769,2,0.6033940328868628,0.002600780234070221,0.0007135177289523901,0.009432753192718508,0.5430661623395054,0.6703025118052282
NON FIBROTIC ILA ADJUDICATED,30,62697972,zebra,6,769,7,0.735019661473407,0.009102730819245773,0.004416223152723785,0.01866931220134357,0.6704488006158001,0.7924123854559428
NON FIBROTIC ILA ADJUDICATED,30,62697972,zebra,7,770,3,0.8494230418757324,0.003896103896103896,0.0013258926936253902,0.011391775387498288,0.7927303182113955,0.9047106988493917
NON FIBROTIC ILA ADJUDICATED,30,62697972,zebra,8,769,10,0.9520865895144532,0.013003901170351105,0.007078545900378475,0.023770548113126753,0.9049526949194308,0.9860610484462138
NON FIBROTIC ILA ADJUDICATED,30,62697972,zebra,9,770,21,0.9966044391225757,0.02727272727272727,0.017906160074157684,0.04133266500837901,0.9860843461239837,1.0
NON FIBROTIC ILA ADJUDICATED,30,62697972,genomic,0,770,4,0.005134889965034133,0.005194805194805195,0.0020219574690050306,0.013280219334419372,0.0016428291063305435,0.007092051710306538
NON FIBROTIC ILA ADJUDICATED,30,62697972,genomic,1,769,4,0.00887436626156245,0.005201560468140442,0.0020245891497467933,0.013297387544882687,0.007096556564504135,0.010897779225417225
NON FIBROTIC ILA ADJUDICATED,30,62697972,genomic,2,770,4,0.014198104314630292,0.005194805194805195,0.0020219574690050306,0.013280219334419372,0.010910735622841025,0.018597994156462065
NON FIBROTIC ILA ADJUDICATED,30,62697972,genomic,3,769,3,0.02912175776018753,0.0039011703511053317,0.001327618000260774,0.011406505807889416,0.018621389005989857,0.04692699155365597
NON FIBROTIC ILA ADJUDICATED,30,62697972,genomic,4,770,5,0.07595559299268254,0.006493506493506494,0.0027767335367897463,0.01510995198893538,0.046951558911534186,0.10768153069165497
NON FIBROTIC ILA ADJUDICATED,30,62697972,genomic,5,769,5,0.1407327252428063,0.006501950585175552,0.002780348414515579,0.015129481166593194,0.10778770978459795,0.1778549538452762
NON FIBROTIC ILA ADJUDICATED,30,62697972,genomic,6,769,6,0.21947743299380115,0.007802340702210663,0.003580646807040671,0.016917035660547395,0.17798168006756326,0.25930288303753973
NON FIBROTIC ILA ADJUDICATED,30,62697972,genomic,7,770,5,0.29995446260803454,0.006493506493506494,0.0027767335367897463,0.01510995198893538,0.25936924414383616,0.34391565578060934
NON FIBROTIC ILA ADJUDICATED,30,62697972,genomic,8,769,4,0.38654240736965473,0.005201560468140442,0.0020245891497467933,0.013297387544882687,0.34399101215093525,0.43185465476621776
NON FIBROTIC ILA ADJUDICATED,30,62697972,genomic,9,770,4,0.5129979985783956,0.005194805194805195,0.0020219574690050306,0.013280219334419372,0.4320841355342707,0.8290871947184304
NON FIBROTIC ILA ADJUDICATED,30,62697972,combined,0,770,3,0.001117751569983906,0.003896103896103896,0.0013258926936253902,0.011391775387498288,0.0008066435925564361,0.001328830990301095
NON FIBROTIC ILA ADJUDICATED,30,62697972,combined,1,769,2,0.00159423957227009,0.002600780234070221,0.0007135177289523901,0.009432753192718508,0.0013291098461969365,0.001980251304281168
NON FIBROTIC ILA ADJUDICATED,30,62697972,combined,2,770,1,0.002781005723841918,0.0012987012987012987,0.00022928946639889794,0.007319361170123334,0.0019823309616465675,0.0035211546562515937
NON FIBROTIC ILA ADJUDICATED,30,62697972,combined,3,769,1,0.004281163817514597,0.0013003901170351106,0.0002295876800841234,0.007328830355107483,0.0035219942343887203,0.005065301495110346
NON FIBROTIC ILA ADJUDICATED,30,62697972,combined,4,770,0,0.006054051588205151,0.0,0.0,0.004964141914221508,0.005065504137805509,0.007222573568210479
NON FIBROTIC ILA ADJUDICATED,30,62697972,combined,5,769,2,0.008721163608541659,0.002600780234070221,0.0007135177289523901,0.009432753192718508,0.007225012326767938,0.010416143493361089
NON FIBROTIC ILA ADJUDICATED,30,62697972,combined,6,769,7,0.0130163871874316,0.009102730819245773,0.004416223152723785,0.01866931220134357,0.01042544943760085,0.01618428330708003
NON FIBROTIC ILA ADJUDICATED,30,62697972,combined,7,770,4,0.030151647281072384,0.005194805194805195,0.0020219574690050306,0.013280219334419372,0.016191767203805735,0.06195172385635296
NON FIBROTIC ILA ADJUDICATED,30,62697972,combined,8,769,13,0.12036381918533677,0.016905071521456438,0.009905619514842359,0.028707033158100748,0.0620765401572937,0.20895776709898936
NON FIBROTIC ILA ADJUDICATED,30,62697972,combined,9,770,11,0.44482120303139305,0.014285714285714285,0.007995323688185082,0.025398414171344384,0.20895886807383834,0.9383644849961258
